ChargingTime,VoltageSlope,VoltageStd,VoltageKurtosis,VoltageSkewness,VoltageEntropy,VoltageCurvature,Capacity
2682.0030000000006,1.1833172964157232e-05,0.009296557613739142,-0.7076716751700607,0.18871586747192154,4.465379116216802,9.98706433751635e-10,1.039
2682.0030000000006,1.1833172964160025e-05,0.009296557613739142,-0.7076716751700607,0.18871586747192154,4.465379116216802,9.987064337519363e-10,1.039
2712.018,1.1266219893643103e-05,0.008970394079250474,-0.6751150320767105,0.12668364955749603,4.515604354637299,8.394121337641795e-10,1.04
2712.0179999999964,1.1266219893645652e-05,0.008970394079250474,-0.6751150320767105,0.12668364955749603,4.515604354637299,8.394121337649229e-10,1.04
2519.9969999999885,1.066723679253763e-05,0.008431670866030827,-0.5730868469880752,0.33752869777785893,0.9940302114769565,1.7449312189413374e-09,1.034
2520.001000000004,1.0549596563098266e-05,0.008358835437435604,-0.46992061222285475,0.37924387894076517,0.9760206482366149,1.88217537990435e-09,1.033
2519.9979999999923,1.0690759905754637e-05,0.008458198717287577,-0.5066981912627804,0.35782752394077205,0.9760206482366149,1.7841604612472382e-09,1.033
2519.997000000003,1.0577823428539652e-05,0.008369704179476552,-0.49674566726487646,0.3534163569262893,0.9760206482366149,1.7449228584488557e-09,1.033
2519.9949999999953,1.0427259273240244e-05,0.008238858408710964,-0.5619884065232386,0.3173209339458671,0.9760206482366149,1.5978976988710252e-09,1.033
2519.998999999996,1.0526073428837613e-05,0.008336146711241428,-0.44962331073412676,0.3663463397621854,0.9760206482366149,1.769447973015618e-09,1.032
2520.0,1.0493124347573158e-05,0.008319382261449496,-0.4165250078217868,0.38426352172291406,0.9760206482366149,1.8380605245580578e-09,1.032
2520.0039999999863,1.0455488614446142e-05,0.008261945307234852,-0.5599327543601964,0.3346706300488779,0.9760206482366149,1.6616059461255282e-09,1.032
2520.0009999999893,1.0384899056292543e-05,0.008196319520348943,-0.5190720344554869,0.31655828874889774,0.9760206482366149,1.4655497538161093e-09,1.032
2519.9960000000137,1.0384916122362588e-05,0.008196319520348943,-0.5190720344554869,0.31655828874889774,0.9760206482366149,1.465563124929134e-09,1.031
2519.9959999999846,1.0384905815368921e-05,0.008196319520348943,-0.5190720344554869,0.31655828874889774,0.9760206482366149,1.4655484002522265e-09,1.031
2520.0,1.0384903040335315e-05,0.008196319520348943,-0.5190720344554869,0.31655828874889774,0.9760206482366149,1.4655479807063364e-09,1.031
2520.0040000000154,1.0281380243896391e-05,0.008129498421719766,-0.4289149620992343,0.34108327527127486,0.9760206482366149,1.5096517620276708e-09,1.031
2519.997000000003,1.0323737332238272e-05,0.008176092272503072,-0.4646800183798412,0.38326653899056096,0.9760206482366149,1.7841496863960042e-09,1.031
2520.0020000000077,1.0300203632597961e-05,0.008155018639115953,-0.44635916227038974,0.37161200752005463,0.9760206482366149,1.7008200721993281e-09,1.03
2519.9979999999923,1.0295507290546163e-05,0.008145325060813719,-0.4420109380931696,0.35532751631692283,0.9760206482366149,1.6027991385810095e-09,1.03
2519.9990000000107,1.032373896306299e-05,0.008176092272503072,-0.4646800183798412,0.38326653899056096,0.9760206482366149,1.7841379035795025e-09,1.03
2519.9960000000137,1.0323737913646895e-05,0.008176092272503072,-0.4646800183798412,0.38326653899056096,0.9760206482366149,1.7841491414710776e-09,1.03
2520.0010000000184,1.0422546337793588e-05,0.008248966877461324,-0.5101594338561455,0.40555559120306656,0.9760206482366149,1.911586811421688e-09,1.03
2520.002999999997,1.0333140640894368e-05,0.00817026601483981,-0.5255942071715145,0.3828583388873246,0.9760206482366149,1.789038459888335e-09,1.03
2519.9989999999816,1.0389615190745903e-05,0.008223080178318047,-0.4883949821985327,0.3967876793920911,0.9760206482366149,1.842956776903225e-09,1.03
2519.9980000000214,1.0333149671829766e-05,0.00817026601483981,-0.5255942071715145,0.3828583388873246,0.9760206482366149,1.7890523844482584e-09,1.03
2519.9990000000107,1.0333140637067593e-05,0.00817026601483981,-0.5255942071715145,0.3828583388873246,0.9760206482366149,1.7890581883436296e-09,1.029
2520.003999999957,1.0319020297559597e-05,0.00816668875339356,-0.5098558391342478,0.40160438518115915,0.9760206482366149,1.8821775764495148e-09,1.029
2519.997999999963,1.0267261726710747e-05,0.008133624293993646,-0.4606985855590975,0.4156622044441798,0.9760206482366149,1.906680711300552e-09,1.029
2520.0,1.0267267324921978e-05,0.008133624293993646,-0.4606985855590975,0.4156622044441798,0.9760206482366149,1.9066752229164776e-09,1.029
2519.997000000032,1.031902848913527e-05,0.00816668875339356,-0.5098558391342478,0.40160438518115915,0.9760206482366149,1.882185900488105e-09,1.029
2520.002000000037,1.0267266214401143e-05,0.008133624293993646,-0.4606985855590975,0.4156622044441798,0.9760206482366149,1.9066874900070384e-09,1.029
2520.0040000000154,1.0267273367977528e-05,0.008133624293993646,-0.4606985855590975,0.4156622044441798,0.9760206482366149,1.9066753334514185e-09,1.029
2519.997000000032,1.0286101599393188e-05,0.00815435506300197,-0.4601222196879218,0.4402267987187377,0.9456603046006401,2.0390088900902377e-09,1.029
2520.0009999999893,1.028609093202007e-05,0.00815435506300197,-0.4601222196879218,0.4402267987187377,0.9456603046006401,2.0390239847691733e-09,1.028
2520.002999999968,1.0286082436608932e-05,0.00815435506300197,-0.4601222196879218,0.4402267987187377,0.9456603046006401,2.0390200274346588e-09,1.028
2520.0,1.0286090388281305e-05,0.00815435506300197,-0.4601222196879218,0.4402267987187377,0.9456603046006401,2.0390331247090925e-09,1.028
2520.0,1.0286090203884197e-05,0.00815435506300197,-0.4601222196879218,0.4402267987187377,0.9456603046006401,2.039023812166991e-09,1.028
2519.9990000000107,1.0384910815630209e-05,0.008236887782792732,-0.4104028370683319,0.38839554525649983,0.9760206482366149,1.8674707038587498e-09,1.028
2519.997999999963,1.0215508748972056e-05,0.008102829391999045,-0.41056607816559376,0.4444332802252867,0.9456603046006401,1.9998163909265346e-09,1.028
2520.0009999999893,1.0215510046748829e-05,0.008102829391999045,-0.41056607816559376,0.4444332802252867,0.9456603046006401,1.999806899420447e-09,1.028
2520.0009999999893,1.0215516001172108e-05,0.008102829391999045,-0.41056607816559376,0.4444332802252867,0.9456603046006401,1.9998130703673995e-09,1.028
2520.0009999999893,1.03849059505444e-05,0.008236887782792732,-0.4104028370683319,0.38839554525649983,0.9760206482366149,1.8674697892521783e-09,1.027
2520.005999999994,1.0314317883977396e-05,0.008185617203627892,-0.3613070466796753,0.39176149892652296,0.9760206482366149,1.8282406175290744e-09,1.027
2520.0040000000154,1.0102577298147338e-05,0.008004463040793478,-0.42004823395428126,0.34930345831111176,0.9760206482366149,1.6469072739014802e-09,1.027
2520.0019999999786,1.0135513521396642e-05,0.008038866625549661,-0.37696459760952683,0.4383596538096054,0.9456603046006401,1.9213940329552873e-09,1.027
2519.9990000000107,1.0234336955102344e-05,0.008122039920336053,-0.3271605466329879,0.3848637241396044,0.9760206482366149,1.7498335967803676e-09,1.027
2519.9990000000107,1.0234329436903108e-05,0.008122039920336053,-0.3271605466329879,0.3848637241396044,0.9760206482366149,1.749827375354361e-09,1.027
2520.002000000037,1.0234334526399405e-05,0.008122039920336053,-0.3271605466329879,0.3848637241396044,0.9760206482366149,1.749839256794241e-09,1.027
2520.0010000000475,1.015433783028652e-05,0.008039943571984384,-0.45113868665601276,0.3524459886896569,0.9760206482366149,1.6714155307751174e-09,1.027
2519.997999999963,1.0102577173512244e-05,0.008004463040793478,-0.42004823395428126,0.34930345831111176,0.9760206482366149,1.6469018163579269e-09,1.026
2519.9949999999953,1.0201395253133978e-05,0.008104832613219827,-0.29107558703917036,0.40330540695071365,0.9760206482366149,1.8184588958314111e-09,1.026
2520.0019999999786,1.0253155330384309e-05,0.008140141568910518,-0.32249869766368056,0.4058353634623012,0.9760206482366149,1.842969217785533e-09,1.026
2519.997000000032,1.0154342410030927e-05,0.008039943571984384,-0.45113868665601276,0.3524459886896569,0.9760206482366149,1.6714076542938141e-09,1.026
2519.9959999999264,1.0154339184816853e-05,0.008039943571984384,-0.45113868665601276,0.3524459886896569,0.9760206482366149,1.6714098028194034e-09,1.026
2519.996000000043,1.0093170049597225e-05,0.007997970521796946,-0.39911837770032577,0.36150679353249254,0.9760206482366149,1.6665193189486878e-09,1.026
2520.0,1.0154340456999227e-05,0.008039943571984384,-0.45113868665601276,0.3524459886896569,0.9760206482366149,1.6714158308931237e-09,1.026
2519.9989999999525,1.0154329133597682e-05,0.008039943571984384,-0.45113868665601276,0.3524459886896569,0.9760206482366149,1.6714123870832716e-09,1.026
2520.0,1.00931676330438e-05,0.007997970521796946,-0.39911837770032577,0.36150679353249254,0.9760206482366149,1.6665070848252616e-09,1.026
2520.0,1.0093176232157226e-05,0.007997970521796946,-0.39911837770032577,0.36150679353249254,0.9760206482366149,1.6665167117892529e-09,1.026
2519.996000000043,1.0093171144135517e-05,0.007997970521796946,-0.39911837770032577,0.36150679353249254,0.9760206482366149,1.666512185890413e-09,1.025
2519.999000000069,1.009316604197135e-05,0.007997970521796946,-0.39911837770032577,0.36150679353249254,0.9760206482366149,1.666509050550102e-09,1.025
2519.9970000000903,1.00931799233699e-05,0.007997970521796946,-0.39911837770032577,0.36150679353249254,0.9760206482366149,1.6664959855703226e-09,1.025
2519.996999999974,1.0093163026488208e-05,0.007997970521796946,-0.39911837770032577,0.36150679353249254,0.9760206482366149,1.666506175236284e-09,1.025
2519.996999999974,1.0093179156800203e-05,0.007997970521796946,-0.39911837770032577,0.36150679353249254,0.9760206482366149,1.6664936525954517e-09,1.025
2520.0,1.0093164968614628e-05,0.007997970521796946,-0.39911837770032577,0.36150679353249254,0.9760206482366149,1.6665025216483413e-09,1.025
2520.0010000000475,1.0093171942694511e-05,0.007997970521796946,-0.39911837770032577,0.36150679353249254,0.9760206482366149,1.6665117831312812e-09,1.025
2519.997999999905,1.0050824123752509e-05,0.007973440761412733,-0.3551844063574685,0.3784523948807134,0.9760206482366149,1.715514619370331e-09,1.025
2519.997999999905,1.0093164187264816e-05,0.007997970521796946,-0.39911837770032577,0.36150679353249254,0.9760206482366149,1.6665075813910006e-09,1.025
2520.0,1.015434079485869e-05,0.008039943571984384,-0.45113868665601276,0.3524459886896569,0.9760206482366149,1.671412687526494e-09,1.024
2520.003999999957,1.0093172857843512e-05,0.007997970521796946,-0.39911837770032577,0.36150679353249254,0.9760206482366149,1.6665014245497503e-09,1.024
2519.9970000000903,1.009316037158615e-05,0.007997970521796946,-0.39911837770032577,0.36150679353249254,0.9760206482366149,1.6665092351794333e-09,1.024
2519.996000000043,1.0093172477286566e-05,0.007997970521796946,-0.39911837770032577,0.36150679353249254,0.9760206482366149,1.6665116340550322e-09,1.024
2519.996999999974,1.0050821351720756e-05,0.007973440761412733,-0.3551844063574685,0.3784523948807134,0.9760206482366149,1.7155216386813814e-09,1.024
2520.003000000026,1.0093162604671918e-05,0.007997970521796946,-0.39911837770032577,0.36150679353249254,0.9760206482366149,1.6665126798314198e-09,1.024
2519.996999999974,1.0093169476469132e-05,0.007997970521796946,-0.39911837770032577,0.36150679353249254,0.9760206482366149,1.6665028325406856e-09,1.024
2520.0019999999786,1.0093163097803846e-05,0.007997970521796946,-0.39911837770032577,0.36150679353249254,0.9760206482366149,1.6665131233147726e-09,1.024
2520.0,1.0050820076834682e-05,0.007973440761412733,-0.3551844063574685,0.3784523948807134,0.9760206482366149,1.7155196794879724e-09,1.024
2520.0029999999097,1.0050812391285759e-05,0.007973440761412733,-0.3551844063574685,0.3784523948807134,0.9760206482366149,1.7155206456746067e-09,1.023
2520.003000000026,1.0050808966182814e-05,0.007973440761412733,-0.3551844063574685,0.3784523948807134,0.9760206482366149,1.7155312122105138e-09,1.023
2520.0019999999786,1.0050815916870507e-05,0.007973440761412733,-0.3551844063574685,0.3784523948807134,0.9760206482366149,1.7155381456593622e-09,1.023
2520.0,1.0093171895324182e-05,0.007997970521796946,-0.39911837770032577,0.36150679353249254,0.9760206482366149,1.6665126487455443e-09,1.023
2520.003000000026,1.0050824091868515e-05,0.007973440761412733,-0.3551844063574685,0.3784523948807134,0.9760206482366149,1.7155198337006044e-09,1.023
2519.9989999999525,1.0050822022880254e-05,0.007973440761412733,-0.3551844063574685,0.3784523948807134,0.9760206482366149,1.7155265927005839e-09,1.023
2520.0050000000047,1.0050817845609593e-05,0.007973440761412733,-0.3551844063574685,0.3784523948807134,0.9760206482366149,1.7155226650381482e-09,1.023
2520.002000000095,1.0050808613978085e-05,0.007973440761412733,-0.3551844063574685,0.3784523948807134,0.9760206482366149,1.715530046878964e-09,1.023
2520.003999999957,1.0050816294594585e-05,0.007973440761412733,-0.3551844063574685,0.3784523948807134,0.9760206482366149,1.7155209275587901e-09,1.023
2519.999000000069,1.005081755528488e-05,0.007973440761412733,-0.3551844063574685,0.3784523948807134,0.9760206482366149,1.7155319975001506e-09,1.023
2520.000999999931,1.0050813653338412e-05,0.007973440761412733,-0.3551844063574685,0.3784523948807134,0.9760206482366149,1.7155312759613987e-09,1.022
2519.999000000069,1.0050820183867114e-05,0.007973440761412733,-0.3551844063574685,0.3784523948807134,0.9760206482366149,1.7155265281035652e-09,1.022
2520.0,1.0050823252547796e-05,0.007973440761412733,-0.3551844063574685,0.3784523948807134,0.9760206482366149,1.715525111238443e-09,1.022
2520.0,1.0050817516686186e-05,0.007973440761412733,-0.3551844063574685,0.3784523948807134,0.9760206482366149,1.715517751688661e-09,1.022
2520.003000000026,1.0050813936080367e-05,0.007973440761412733,-0.3551844063574685,0.3784523948807134,0.9760206482366149,1.7155217322057447e-09,1.022
2520.0,1.0050815296509006e-05,0.007973440761412733,-0.3551844063574685,0.3784523948807134,0.9760206482366149,1.7155268712248025e-09,1.022
2519.999000000069,1.0050815442001556e-05,0.007973440761412733,-0.3551844063574685,0.3784523948807134,0.9760206482366149,1.7155305780102465e-09,1.022
2519.9989999999525,1.0050825885313787e-05,0.007973440761412733,-0.3551844063574685,0.3784523948807134,0.9760206482366149,1.7155171846742247e-09,1.022
2519.996999999974,1.0111991745671927e-05,0.008014191957226453,-0.3882070684742338,0.37701795812486616,0.9760206482366149,1.7106252240669205e-09,1.022
2520.0010000000475,1.0111987392355573e-05,0.008014191957226453,-0.3882070684742338,0.37701795812486616,0.9760206482366149,1.7106059605921235e-09,1.021
2519.996999999974,1.0111994351042682e-05,0.008014191957226453,-0.3882070684742338,0.37701795812486616,0.9760206482366149,1.7106372874003067e-09,1.021
2520.000999999931,1.0111986767147927e-05,0.008014191957226453,-0.3882070684742338,0.37701795812486616,0.9760206482366149,1.7106128668874553e-09,1.021
2520.0010000000475,1.0111992563411557e-05,0.008014191957226453,-0.3882070684742338,0.37701795812486616,0.9760206482366149,1.7106231404679884e-09,1.021
2519.996999999974,1.0111988800621308e-05,0.008014191957226453,-0.3882070684742338,0.37701795812486616,0.9760206482366149,1.7106267277744718e-09,1.021
2520.0010000000475,1.0201387191863752e-05,0.00807808215205884,-0.40001035197128587,0.3517988679819342,0.9760206482366149,1.5880816365100547e-09,1.021
2519.9989999999525,1.0111994464335199e-05,0.008014191957226453,-0.3882070684742338,0.37701795812486616,0.9760206482366149,1.710628547607433e-09,1.021
2519.9989999999525,1.0111995784386659e-05,0.008014191957226453,-0.3882070684742338,0.37701795812486616,0.9760206482366149,1.7106188488097254e-09,1.021
2519.996000000043,1.0111991397256924e-05,0.008014191957226453,-0.3882070684742338,0.37701795812486616,0.9760206482366149,1.710613864303896e-09,1.021
2519.996000000043,1.0201391611222879e-05,0.00807808215205884,-0.40001035197128587,0.3517988679819342,0.9760206482366149,1.5880927253472884e-09,1.021
2520.003999999957,1.011198754659197e-05,0.008014191957226453,-0.3882070684742338,0.37701795812486616,0.9760206482366149,1.710615866048952e-09,1.02
2520.0019999999786,1.011198777242223e-05,0.008014191957226453,-0.3882070684742338,0.37701795812486616,0.9760206482366149,1.7106282024640143e-09,1.02
2520.0029999999097,1.0201400017290516e-05,0.00807808215205884,-0.40001035197128587,0.3517988679819342,0.9760206482366149,1.5880754196866998e-09,1.02
2520.002000000095,1.0111992211279064e-05,0.008014191957226453,-0.3882070684742338,0.37701795812486616,0.9760206482366149,1.7106264874509081e-09,1.02
2520.002000000095,1.0111996406495667e-05,0.008014191957226453,-0.3882070684742338,0.37701795812486616,0.9760206482366149,1.7106199675493237e-09,1.02
2520.002000000095,1.0111990407507571e-05,0.008014191957226453,-0.3882070684742338,0.37701795812486616,0.9760206482366149,1.7106172997111907e-09,1.02
2519.998999999836,1.0111990088410682e-05,0.008014191957226453,-0.3882070684742338,0.37701795812486616,0.9760206482366149,1.7106215166006043e-09,1.02
2519.996999999974,1.0111993136875701e-05,0.008014191957226453,-0.3882070684742338,0.37701795812486616,0.9760206482366149,1.7106265326093129e-09,1.02
2520.003000000026,1.0111994717435225e-05,0.008014191957226453,-0.3882070684742338,0.37701795812486616,0.9760206482366149,1.710619977777912e-09,1.02
2520.003000000026,1.0111990538652891e-05,0.008014191957226453,-0.3882070684742338,0.37701795812486616,0.9760206482366149,1.7106246838492873e-09,1.02
2520.0,1.011199054359827e-05,0.008014191957226453,-0.3882070684742338,0.37701795812486616,0.9760206482366149,1.710620822652789e-09,1.019
2520.003999999957,1.0111990704017297e-05,0.008014191957226453,-0.3882070684742338,0.37701795812486616,0.9760206482366149,1.7106180145782899e-09,1.019
2519.999000000069,1.0111984932593633e-05,0.008014191957226453,-0.3882070684742338,0.37701795812486616,0.9760206482366149,1.7106204390746898e-09,1.019
2520.001999999862,1.0111984087903357e-05,0.008014191957226453,-0.3882070684742338,0.37701795812486616,0.9760206482366149,1.7106311059787982e-09,1.019
2520.000999999931,1.011199174554218e-05,0.008014191957226453,-0.3882070684742338,0.37701795812486616,0.9760206482366149,1.71062775559159e-09,1.019
2519.9970000002068,1.0111986439697807e-05,0.008014191957226453,-0.3882070684742338,0.37701795812486616,0.9760206482366149,1.710625879577273e-09,1.019
2520.0,1.0111986476729932e-05,0.008014191957226453,-0.3882070684742338,0.37701795812486616,0.9760206482366149,1.7106169898349651e-09,1.019
2519.998000000138,1.0111995216352014e-05,0.008014191957226453,-0.3882070684742338,0.37701795812486616,0.9760206482366149,1.710625762809812e-09,1.019
2520.001000000164,1.0111981418852745e-05,0.008014191957226453,-0.3882070684742338,0.37701795812486616,0.9760206482366149,1.7106307034090064e-09,1.019
2520.000999999931,1.0111991824905222e-05,0.008014191957226453,-0.3882070684742338,0.37701795812486616,0.9760206482366149,1.710615454200494e-09,1.019
2519.999000000069,1.0111991485784205e-05,0.008014191957226453,-0.3882070684742338,0.37701795812486616,0.9760206482366149,1.7106256443211817e-09,1.019
2519.998999999836,1.0111990560813828e-05,0.008014191957226453,-0.3882070684742338,0.37701795812486616,0.9760206482366149,1.7106234046200069e-09,1.018
2520.003000000026,1.011199057259151e-05,0.008014191957226453,-0.3882070684742338,0.37701795812486616,0.9760206482366149,1.7106215694336164e-09,1.018
2520.001000000164,1.0111989916695108e-05,0.008014191957226453,-0.3882070684742338,0.37701795812486616,0.9760206482366149,1.710623904221256e-09,1.018
2519.996999999974,1.0111989669777265e-05,0.008014191957226453,-0.3882070684742338,0.37701795812486616,0.9760206482366149,1.7106388626729143e-09,1.018
2519.997999999905,1.0112000732543116e-05,0.008014191957226453,-0.3882070684742338,0.37701795812486616,0.9760206482366149,1.7106220119096605e-09,1.018
2520.001000000164,1.011198385819434e-05,0.008014191957226453,-0.3882070684742338,0.37701795812486616,0.9760206482366149,1.7106160846344698e-09,1.018
2520.000999999931,1.011198543628439e-05,0.008014191957226453,-0.3882070684742338,0.37701795812486616,0.9760206482366149,1.7106266688986084e-09,1.018
2520.002000000095,1.011197928079185e-05,0.008014191957226453,-0.3882070684742338,0.37701795812486616,0.9760206482366149,1.7106180786315794e-09,1.018
2520.000999999931,1.0111982712683464e-05,0.008014191957226453,-0.3882070684742338,0.37701795812486616,0.9760206482366149,1.7106224990688992e-09,1.018
2520.003999999957,1.0111985948221734e-05,0.008014191957226453,-0.3882070684742338,0.37701795812486616,0.9760206482366149,1.7106179227949178e-09,1.018
2520.0,1.011198390314482e-05,0.008014191957226453,-0.3882070684742338,0.37701795812486616,0.9760206482366149,1.7106283424473792e-09,1.018
2520.001999999862,1.0111994743789093e-05,0.008014191957226453,-0.3882070684742338,0.37701795812486616,0.9760206482366149,1.7106209135569163e-09,1.017
2519.998999999836,1.0111984804872038e-05,0.008014191957226453,-0.3882070684742338,0.37701795812486616,0.9760206482366149,1.7106229080139753e-09,1.017
2520.002000000095,1.0111987896880777e-05,0.008014191957226453,-0.3882070684742338,0.37701795812486616,0.9760206482366149,1.7106191555968887e-09,1.017
2520.0,1.0111988586416928e-05,0.008014191957226453,-0.3882070684742338,0.37701795812486616,0.9760206482366149,1.710625608860101e-09,1.017
2519.999000000069,1.01119952839299e-05,0.008014191957226453,-0.3882070684742338,0.37701795812486616,0.9760206482366149,1.7106280846699818e-09,1.017
2520.000999999931,1.0111991326457592e-05,0.008014191957226453,-0.3882070684742338,0.37701795812486616,0.9760206482366149,1.7106277762013696e-09,1.017
2519.999000000069,1.0111995681782056e-05,0.008014191957226453,-0.3882070684742338,0.37701795812486616,0.9760206482366149,1.7106112909326024e-09,1.017
2519.997999999905,1.0111991050272799e-05,0.008014191957226453,-0.3882070684742338,0.37701795812486616,0.9760206482366149,1.7106307704081903e-09,1.017
2519.998999999836,1.0111993110837834e-05,0.008014191957226453,-0.3882070684742338,0.37701795812486616,0.9760206482366149,1.710618160038668e-09,1.017
2520.002000000095,1.0111989316422699e-05,0.008014191957226453,-0.3882070684742338,0.37701795812486616,0.9760206482366149,1.7106204984037883e-09,1.017
2519.998000000138,1.0111994205193172e-05,0.008014191957226453,-0.3882070684742338,0.37701795812486616,0.9760206482366149,1.7106213546737353e-09,1.017
2520.0,1.0215502745687374e-05,0.00809427674454712,-0.4135996876570087,0.36592052192738145,0.9760206482366149,1.6812156256961961e-09,1.016
2519.998000000138,1.012611111825294e-05,0.008030784923873064,-0.40182781801737333,0.39092920739090076,0.9760206482366149,1.8037634945845094e-09,1.016
2519.999000000069,1.0130806121365448e-05,0.008041154964317851,-0.40643166643751494,0.40709798430198574,0.9760206482366149,1.9017928235028308e-09,1.016
2520.0,1.0126101397088982e-05,0.008030784923873064,-0.40182781801737333,0.39092920739090076,0.9760206482366149,1.8037508644513623e-09,1.016
2520.0,1.0130817074728312e-05,0.008041154964317851,-0.40643166643751494,0.40709798430198574,0.9760206482366149,1.9017755691479497e-09,1.016
2519.999000000069,1.0220210665579486e-05,0.008104298469309608,-0.4182910037641143,0.38216822715195226,0.9760206482366149,1.779244299916641e-09,1.016
2519.998000000138,1.0154334440960927e-05,0.008063063128426282,-0.4253927731999494,0.41820255577320936,0.9760206482366149,1.985109766546562e-09,1.016
2519.996000000043,1.014963377712659e-05,0.008066954665532587,-0.41961382867820074,0.43602810124718894,0.9760206482366149,2.0831432849588734e-09,1.016
2520.0,1.0130813951788373e-05,0.008041154964317851,-0.40643166643751494,0.40709798430198574,0.9760206482366149,1.901782915892079e-09,1.016
2520.0,1.0130811999257583e-05,0.008041154964317851,-0.40643166643751494,0.40709798430198574,0.9760206482366149,1.9017786594482005e-09,1.016
2519.999000000069,1.0154338368536377e-05,0.008063063128426282,-0.4253927731999494,0.41820255577320936,0.9760206482366149,1.9851137578732096e-09,1.016
2520.0,1.0149627570036886e-05,0.008066954665532587,-0.41961382867820074,0.43602810124718894,0.9760206482366149,2.0831343065200867e-09,1.016
2519.999000000069,1.0239039037674528e-05,0.008129365294202271,-0.43164145564042666,0.4113989590477347,0.9760206482366149,1.9606009629444856e-09,1.015
2520.0,1.0149632648801015e-05,0.008066954665532587,-0.41961382867820074,0.43602810124718894,0.9760206482366149,2.0831311876612926e-09,1.015
2519.996999999974,1.0149632327830307e-05,0.008066954665532587,-0.41961382867820074,0.43602810124718894,0.9760206482366149,2.0831511956090194e-09,1.015
2520.003000000026,1.0130807461846768e-05,0.008041154964317851,-0.40643166643751494,0.40709798430198574,0.9760206482366149,1.9017839457182985e-09,1.015
2520.0,1.0149635394598331e-05,0.008066954665532587,-0.41961382867820074,0.43602810124718894,0.9760206482366149,2.0831398223804326e-09,1.015
2519.999000000069,1.0239035563668968e-05,0.008129365294202271,-0.43164145564042666,0.4113989590477347,0.9760206482366149,1.960596632059937e-09,1.015
2520.0,1.0239035900093675e-05,0.008129365294202271,-0.43164145564042666,0.4113989590477347,0.9760206482366149,1.9605969990768957e-09,1.015
2519.994999999879,1.0097877774718252e-05,0.008035096176323656,-0.36813062617720904,0.4511637546455794,0.9760206482366149,2.10764754689445e-09,1.015
2520.003000000026,1.023903506797478e-05,0.008129365294202271,-0.43164145564042666,0.4113989590477347,0.9760206482366149,1.9605863419297573e-09,1.015
2519.996999999974,1.0149635202844388e-05,0.008066954665532587,-0.41961382867820074,0.43602810124718894,0.9760206482366149,2.0831372881637157e-09,1.015
2520.003000000026,1.009787101886826e-05,0.008035096176323656,-0.36813062617720904,0.4511637546455794,0.9760206482366149,2.1076371988251677e-09,1.015
2519.998000000138,1.0271974739167596e-05,0.008156080248602588,-0.4547178184665852,0.41963240366045457,0.9760206482366149,2.0292241122921345e-09,1.015
2520.0,1.0149630376506171e-05,0.008066954665532587,-0.41961382867820074,0.43602810124718894,0.9760206482366149,2.0831384942862225e-09,1.014
2519.999000000069,1.0130811797681922e-05,0.008062123510455288,-0.39151904602683274,0.45890187563106133,0.9760206482366149,2.1762631994623544e-09,1.014
2520.0,1.022022296692082e-05,0.00812403840463598,-0.4046935520621182,0.43433711816970777,0.9760206482366149,2.053724766473904e-09,1.014
2519.997999999905,1.0220218655006243e-05,0.00812403840463598,-0.4046935520621182,0.43433711816970777,0.9760206482366149,2.053728962283977e-09,1.014
2520.002000000095,1.0149626790540845e-05,0.008066954665532587,-0.41961382867820074,0.43602810124718894,0.9760206482366149,2.0831297785831768e-09,1.014
2520.002000000095,1.0239029833028949e-05,0.008129365294202271,-0.43164145564042666,0.4113989590477347,0.9760206482366149,1.960597177363996e-09,1.014
2520.002000000095,1.02202160891292e-05,0.00812403840463598,-0.4046935520621182,0.43433711816970777,0.9760206482366149,2.053730310394224e-09,1.014
2520.0049999998882,1.0206094029830677e-05,0.008120973860948991,-0.38802866387649493,0.4532021011149136,0.9760206482366149,2.146852287770677e-09,1.014
2519.996999999974,1.0220219504389803e-05,0.00812403840463598,-0.4046935520621182,0.43433711816970777,0.9760206482366149,2.053735554040573e-09,1.014
2520.001000000164,1.022021416850203e-05,0.00812403840463598,-0.4046935520621182,0.43433711816970777,0.9760206482366149,2.0537348413082496e-09,1.014
2519.998000000138,1.0220217737551902e-05,0.00812403840463598,-0.4046935520621182,0.43433711816970777,0.9760206482366149,2.053718311672111e-09,1.014
2520.0,1.0220218586943698e-05,0.00812403840463598,-0.4046935520621182,0.43433711816970777,0.9760206482366149,2.053727234053942e-09,1.014
2520.0,1.0220211546406166e-05,0.00812403840463598,-0.4046935520621182,0.43433711816970777,0.9760206482366149,2.053722251785052e-09,1.013
2520.001000000164,1.02202166603474e-05,0.00812403840463598,-0.4046935520621182,0.43433711816970777,0.9760206482366149,2.053735705825061e-09,1.013
2520.0,1.0116695709516566e-05,0.008041020374181944,-0.4026123335263385,0.43002920439086656,0.9760206482366149,2.0243139021458637e-09,1.013
2520.0,1.0206103298071323e-05,0.008120973860948991,-0.38802866387649493,0.4532021011149136,0.9760206482366149,2.1468616624694908e-09,1.013
2519.996999999974,1.022021994535194e-05,0.00812403840463598,-0.4046935520621182,0.43433711816970777,0.9760206482366149,2.0537363682458938e-09,1.013
2519.998000000138,1.0220218789658166e-05,0.00812403840463598,-0.4046935520621182,0.43433711816970777,0.9760206482366149,2.053731277439385e-09,1.013
2520.001000000164,1.0206094420571498e-05,0.008120973860948991,-0.38802866387649493,0.4532021011149136,0.9760206482366149,2.146843285639001e-09,1.013
2519.999000000069,1.0206095404552448e-05,0.008120973860948991,-0.38802866387649493,0.4532021011149136,0.9760206482366149,2.1468625802700543e-09,1.013
2520.001000000164,1.0116693867896456e-05,0.008041020374181944,-0.4026123335263385,0.43002920439086656,0.9760206482366149,2.0243228365166876e-09,1.013
2520.001000000164,1.0116699215340168e-05,0.008041020374181944,-0.4026123335263385,0.43002920439086656,0.9760206482366149,2.0243172856836053e-09,1.013
2519.999000000069,1.020609846915701e-05,0.008120973860948991,-0.38802866387649493,0.4532021011149136,0.9760206482366149,2.146858420939845e-09,1.013
2520.0,1.0206094947906549e-05,0.008120973860948991,-0.38802866387649493,0.4532021011149136,0.9760206482366149,2.146853227445891e-09,1.013
2519.996000000043,1.0286100184596882e-05,0.008170266014839845,-0.4158115721105271,0.44278904427130994,0.9760206482366149,2.0684395475322413e-09,1.012
2520.001999999862,1.0286085201187046e-05,0.008170266014839845,-0.4158115721105271,0.44278904427130994,0.9760206482366149,2.0684229046950344e-09,1.012
2520.003000000026,1.0206091921965272e-05,0.008120973860948991,-0.38802866387649493,0.4532021011149136,0.9760206482366149,2.146845582382463e-09,1.012
2399.999000000069,9.707789966665596e-06,0.007350413010747888,-0.4765666703546523,0.32337473366082964,0.9852281360342515,1.6190435227837622e-09,1.012
2400.002000000095,9.707792321604187e-06,0.007350413010747888,-0.4765666703546523,0.32337473366082964,0.9852281360342515,1.6190339847879293e-09,1.012
2399.997999999905,9.707790323649109e-06,0.007350413010747888,-0.4765666703546523,0.32337473366082964,0.9852281360342515,1.6190521511296466e-09,1.012
2399.996000000043,9.707796402778525e-06,0.007350413010747888,-0.4765666703546523,0.32337473366082964,0.9852281360342515,1.6190432302870035e-09,1.012
2400.0,9.70779336544804e-06,0.007350413010747888,-0.4765666703546523,0.32337473366082964,0.9852281360342515,1.6190397518379822e-09,1.012
2400.001999999862,9.707786848048088e-06,0.007350413010747888,-0.4765666703546523,0.32337473366082964,0.9852281360342515,1.61903989537238e-09,1.012
2400.002000000095,9.686141504690046e-06,0.007303945443910402,-0.6221764268705332,0.2601949333014599,0.9852281360342515,1.3383570493103109e-09,1.012
2399.999000000069,9.686146957333785e-06,0.007303945443910402,-0.6221764268705332,0.2601949333014599,0.9852281360342515,1.3383664931765825e-09,1.012
2400.000999999931,9.707786706322901e-06,0.007350413010747888,-0.4765666703546523,0.32337473366082964,0.9852281360342515,1.6190389136480017e-09,1.012
2400.003000000026,9.707785200555331e-06,0.007350413010747888,-0.4765666703546523,0.32337473366082964,0.9852281360342515,1.619037591660082e-09,1.012
2399.998999999836,9.707794985063531e-06,0.007350413010747888,-0.4765666703546523,0.32337473366082964,0.9852281360342515,1.6190327005398362e-09,1.011
2399.999000000069,9.794375714451104e-06,0.007402058915631279,-0.5104169128364351,0.31407179347901687,0.9852281360342515,1.5344445523399717e-09,1.011
2400.000999999931,9.707790066687447e-06,0.007350413010747888,-0.4765666703546523,0.32337473366082964,0.9852281360342515,1.6190432461813027e-09,1.011
2400.001000000164,9.599567072527828e-06,0.0072519291357870256,-0.5896278019130241,0.2688609787882764,0.9852281360342515,1.422978036252918e-09,1.011
2400.001999999862,9.707784609986718e-06,0.007350413010747888,-0.4765666703546523,0.32337473366082964,0.9852281360342515,1.6190511577996718e-09,1.011
2400.003000000026,9.794367441378378e-06,0.007402058915631279,-0.5104169128364351,0.31407179347901687,0.9852281360342515,1.5344201916449907e-09,1.011
2400.002000000095,9.707792004430287e-06,0.007350413010747888,-0.4765666703546523,0.32337473366082964,0.9852281360342515,1.6190357287718999e-09,1.011
2399.999000000069,9.870130496870971e-06,0.007446315803645403,-0.5462819629035023,0.312210238574266,0.9852281360342515,1.49625345511048e-09,1.011
2400.0,9.913419677024803e-06,0.007476630257007524,-0.5761310287666053,0.32131001313510177,0.9852281360342515,1.560225245406022e-09,1.011
2400.0,9.729435650610358e-06,0.007331276767904721,-0.6236144478794867,0.27973413097762057,0.9852281360342515,1.3858351010140607e-09,1.011
2400.000999999931,9.707784465230776e-06,0.007350413010747888,-0.4765666703546523,0.32337473366082964,0.9852281360342515,1.619043126073068e-09,1.011
2400.001999999862,9.707787841273679e-06,0.007350413010747888,-0.4765666703546523,0.32337473366082964,0.9852281360342515,1.619042072565337e-09,1.011
2400.0,9.707791124353995e-06,0.007350413010747888,-0.4765666703546523,0.32337473366082964,0.9852281360342515,1.6190470125280135e-09,1.01
2399.997999999905,9.794375160819756e-06,0.007402058915631279,-0.5104169128364351,0.31407179347901687,0.9852281360342515,1.5344290926012427e-09,1.01
2400.0,9.794375809698726e-06,0.007402058915631279,-0.5104169128364351,0.31407179347901687,0.9852281360342515,1.5344232669632198e-09,1.01
2399.9990000003017,9.599573265008857e-06,0.0072519291357870256,-0.5896278019130241,0.2688609787882764,0.9852281360342515,1.4229841164508097e-09,1.01
2399.997999999672,9.70779433806255e-06,0.007350413010747888,-0.4765666703546523,0.32337473366082964,0.9852281360342515,1.6190501805301056e-09,1.01
2400.001000000164,9.707787349818112e-06,0.007350413010747888,-0.4765666703546523,0.32337473366082964,0.9852281360342515,1.6190455255227526e-09,1.01
2400.001000000164,9.70779222276012e-06,0.007350413010747888,-0.4765666703546523,0.32337473366082964,0.9852281360342515,1.6190488593925953e-09,1.01
2399.998999999836,9.707793807474816e-06,0.007350413010747888,-0.4765666703546523,0.32337473366082964,0.9852281360342515,1.6190319433566432e-09,1.01
2399.998999999836,9.70779042555299e-06,0.007350413010747888,-0.4765666703546523,0.32337473366082964,0.9852281360342515,1.6190427783543277e-09,1.01
2400.0,9.653674603866725e-06,0.007286974680894707,-0.5880301848389533,0.2810729233101549,0.9852281360342515,1.4240222041058684e-09,1.01
2399.998999999836,9.686142422562705e-06,0.007329977587180731,-0.4991637579053747,0.3466542042731819,0.9852281360342515,1.7181016317980077e-09,1.01
2399.9990000003017,9.57792565377727e-06,0.007268326590665278,-0.42560855835492806,0.3722043822594448,0.9852281360342515,1.8419281805565817e-09,1.01
2400.0,9.707796750645912e-06,0.007350413010747888,-0.4765666703546523,0.32337473366082964,0.9852281360342515,1.6190463964595909e-09,1.01
2400.001999999862,9.83765707162167e-06,0.007432874211744708,-0.5413605495480023,0.32286597403024553,0.9852281360342515,1.598408071813137e-09,1.01
2400.0,9.783547670797154e-06,0.0073953009533403394,-0.5131292243312857,0.3207504242194363,0.9852281360342515,1.5808676464859848e-09,1.009
2400.003000000026,9.707786205718838e-06,0.007350413010747888,-0.4765666703546523,0.32337473366082964,0.9852281360342515,1.619038057147596e-09,1.009
2400.0039999997243,9.751083543737336e-06,0.00738176646816172,-0.5084181444232025,0.33174270099535946,0.9852281360342515,1.683015979291196e-09,1.009
2400.0009999996983,9.577918681215954e-06,0.007268326590665278,-0.42560855835492806,0.3722043822594448,0.9852281360342515,1.8419222636152387e-09,1.009
2400.001000000164,9.707786914583336e-06,0.007350413010747888,-0.4765666703546523,0.32337473366082964,0.9852281360342515,1.6190407347800098e-09,1.009
2400.00400000019,9.761901412053597e-06,0.007385635994795532,-0.4747492540457787,0.3351364524585179,0.9852281360342515,1.6200729628070371e-09,1.009
2400.0,9.675328635578015e-06,0.007334199083095348,-0.44034267148183126,0.34468310385433915,0.9852281360342515,1.7046857227782966e-09,1.009
2399.998999999836,9.718623623040773e-06,0.00736529829997534,-0.4720076443485781,0.352976764260285,0.9852281360342515,1.7686757105856046e-09,1.009
2400.0039999997243,9.880950031739924e-06,0.007459733175363545,-0.5405402978411749,0.3421355277818055,0.9852281360342515,1.645873751160514e-09,1.009
2400.001000000164,9.718614242588224e-06,0.00736529829997534,-0.4720076443485781,0.352976764260285,0.9852281360342515,1.7686652166835021e-09,1.009
2400.0009999996983,9.675325870676578e-06,0.007334199083095348,-0.44034267148183126,0.34468310385433915,0.9852281360342515,1.7046882351973572e-09,1.009
2400.0009999996983,9.67532758846894e-06,0.007334199083095348,-0.44034267148183126,0.34468310385433915,0.9852281360342515,1.70468971146437e-09,1.009
2399.9990000003017,9.686147302056373e-06,0.007310787854097514,-0.6220029980263697,0.297245913200593,0.9852281360342515,1.5344326456159575e-09,1.009
2399.9990000003017,9.67532331817108e-06,0.007334199083095348,-0.44034267148183126,0.34468310385433915,0.9852281360342515,1.7046983265405079e-09,1.009
2399.998999999836,9.88095293837509e-06,0.007459733175363545,-0.5405402978411749,0.3421355277818055,0.9852281360342515,1.6458682293610886e-09,1.008
2400.001000000164,9.88095302940554e-06,0.007459733175363545,-0.5405402978411749,0.3421355277818055,0.9852281360342515,1.645874941315935e-09,1.008
2640.6740000001155,1.0083878292023474e-05,0.007865889186415441,-0.4426242476707727,0.035824666604123534,4.41737496977144,4.5904474623821285e-10,1.015
2640.681999999564,1.0040271402184386e-05,0.007831596586177183,-0.44371109213354387,0.0379859510067878,4.414165607925279,4.604444086717406e-10,1.015
2650.7400000002235,1.0096140030234054e-05,0.007906770749889219,-0.43348837131893836,0.013819520883014868,4.422634035462234,3.628324792781263e-10,1.015
2650.7400000002235,1.0096140030234054e-05,0.007906770749889219,-0.43348837131893836,0.013819520883014868,4.422634035462234,3.628324792781263e-10,1.015
2650.7400000002235,1.0096140030234054e-05,0.007906770749889219,-0.43348837131893836,0.013819520883014868,4.422634035462234,3.628324792781263e-10,1.015
2651.2259999997914,9.819004828704773e-06,0.007767697588954603,-0.29140390300638197,0.41066864994240243,4.300137549760032,1.934661401875045e-09,1.026
2651.2259999997914,9.819004828704773e-06,0.007767697588954603,-0.29140390300638197,0.41066864994240243,4.300137549760032,1.934661401875045e-09,1.026
2691.2650000001304,9.958941941215785e-06,0.007944111540296369,-0.37145459017928584,0.17717466668369752,4.391812960339816,9.872487284599707e-10,1.027
2691.2650000001304,9.958941941215785e-06,0.007944111540296369,-0.37145459017928584,0.17717466668369752,4.391812960339816,9.872487284599707e-10,1.027
2520.001000000164,9.853188091080138e-06,0.007853639518061235,-0.27005143010153265,0.47369469808002485,0.9456603046006401,2.1125568468594035e-09,1.02
2520.001999999862,9.801436352012272e-06,0.007827828036875316,-0.19828830376612316,0.5095578850255748,0.9456603046006401,2.2252681535061878e-09,1.019
2520.0049999998882,9.801416622036249e-06,0.007827828036875316,-0.19828830376612316,0.5095578850255748,0.9456603046006401,2.225279878165883e-09,1.019
2519.9970000004396,9.80143126734253e-06,0.007827828036875316,-0.19828830376612316,0.5095578850255748,0.9456603046006401,2.2252920364840393e-09,1.019
2520.001999999862,9.86260694421029e-06,0.00786905826144891,-0.25966485051204735,0.4975470227800983,0.9456603046006401,2.230191492870186e-09,1.019
2519.9920000000857,9.933191809551575e-06,0.007912535946725578,-0.2919394595218483,0.49175230355177196,0.9456603046006401,2.190975827333744e-09,1.013
2520.003000000026,1.013552131200113e-05,0.008106434833777713,-0.26608009153304524,0.6041362701076556,0.9456603046006401,2.744837500289166e-09,1.013
2520.0,1.003200673565569e-05,0.007985376244500504,-0.29970326810891823,0.4982886568429854,0.9456603046006401,2.1860699256246786e-09,1.015
2520.0069999997504,1.004140036253836e-05,0.007980495704422835,-0.2821667883937917,0.46849027980878344,0.9456603046006401,1.9851023515507283e-09,1.015
2519.998999999836,1.004141757660357e-05,0.007980495704422835,-0.2821667883937917,0.46849027980878344,0.9456603046006401,1.9851194104391497e-09,1.015
2519.9990000003017,1.0041407108495733e-05,0.007980495704422835,-0.2821667883937917,0.46849027980878344,0.9456603046006401,1.9850964993126715e-09,1.015
2519.998000000138,9.952004726507497e-06,0.007920191741961588,-0.26305176947730935,0.4922777012514153,0.9456603046006401,2.1076477189654473e-09,1.015
2519.9950000001118,1.004141211562318e-05,0.007980495704422835,-0.2821667883937917,0.46849027980878344,0.9456603046006401,1.9851150185986837e-09,1.015
2520.0,1.0093161325974262e-05,0.008016352335189901,-0.31272282304473586,0.46976967107241324,0.9456603046006401,2.0096101977554956e-09,1.015
2520.001999999862,1.0050816080291508e-05,0.007992420652016993,-0.265463077045732,0.48781985456328064,0.9456603046006401,2.0586372873479444e-09,1.015
2399.9990000003017,9.469681639658307e-06,0.007137760086162827,-0.5335504647529472,0.29172808942702405,0.9852281360342515,1.3259599497069165e-09,1.011
2399.996999999974,9.372295004063528e-06,0.007070394344764355,-0.5352170056064378,0.29573026604571934,0.9852281360342515,1.3909931990896335e-09,1.012
2520.002000000328,1.0041406231207524e-05,0.007980495704422835,-0.2821667883937917,0.46849027980878344,0.9456603046006401,1.985102678904783e-09,1.013
2520.005000000354,1.0093158068547017e-05,0.008016352335189901,-0.31272282304473586,0.46976967107241324,0.9456603046006401,2.00962114308619e-09,1.013
2520.003000000026,1.0050808619639059e-05,0.007992420652016993,-0.265463077045732,0.48781985456328064,0.9456603046006401,2.0586312307245637e-09,1.013
2519.9960000002757,1.0050823835372563e-05,0.007992420652016993,-0.265463077045732,0.48781985456328064,0.9456603046006401,2.0586496545551956e-09,1.013
2519.998999999836,1.0050821282180039e-05,0.007992420652016993,-0.265463077045732,0.48781985456328064,0.9456603046006401,2.058625453790925e-09,1.013
2520.001999999862,1.0050813675145406e-05,0.007992420652016993,-0.265463077045732,0.48781985456328064,0.9456603046006401,2.0586396095945714e-09,1.013
2520.002000000328,1.0050823453397194e-05,0.007992420652016993,-0.265463077045732,0.48781985456328064,0.9456603046006401,2.058620913769408e-09,1.013
2519.998999999836,1.0050816413985067e-05,0.007992420652016993,-0.265463077045732,0.48781985456328064,0.9456603046006401,2.0586269306599625e-09,1.013
2520.0039999997243,1.0050818761549386e-05,0.007992420652016993,-0.265463077045732,0.48781985456328064,0.9456603046006401,2.058623106980549e-09,1.013
2519.996999999974,1.0050814134861362e-05,0.007992420652016993,-0.265463077045732,0.48781985456328064,0.9456603046006401,2.0586395533771746e-09,1.012
2520.003000000026,1.0050832306927186e-05,0.007992420652016993,-0.265463077045732,0.48781985456328064,0.9456603046006401,2.058640112795258e-09,1.012
2519.996999999974,1.0050820877371877e-05,0.007992420652016993,-0.265463077045732,0.48781985456328064,0.9456603046006401,2.0586292516711163e-09,1.012
2520.002000000328,1.0050819029076612e-05,0.007992420652016993,-0.265463077045732,0.48781985456328064,0.9456603046006401,2.058611333775074e-09,1.012
2520.001999999862,1.0050830959288768e-05,0.007992420652016993,-0.265463077045732,0.48781985456328064,0.9456603046006401,2.0586166298787214e-09,1.012
2400.00400000019,9.469691347558778e-06,0.007137760086162827,-0.5335504647529472,0.29172808942702405,0.9852281360342515,1.3259803657424844e-09,1.012
2399.998000000138,9.469698831919348e-06,0.007137760086162827,-0.5335504647529472,0.29172808942702405,0.9852281360342515,1.3259834168627053e-09,1.012
2400.003000000026,9.469697476780303e-06,0.007137760086162827,-0.5335504647529472,0.29172808942702405,0.9852281360342515,1.3259942082259423e-09,1.012
2400.001999999862,9.469700039870156e-06,0.007137760086162827,-0.5335504647529472,0.29172808942702405,0.9852281360342515,1.3259906553780135e-09,1.012
2399.99599999981,9.469706506480469e-06,0.007137760086162827,-0.5335504647529472,0.29172808942702405,0.9852281360342515,1.3259861802855184e-09,1.011
2400.0029999995604,9.469692152216037e-06,0.007137760086162827,-0.5335504647529472,0.29172808942702405,0.9852281360342515,1.325979689828513e-09,1.011
2399.998000000138,9.46969637149628e-06,0.007137760086162827,-0.5335504647529472,0.29172808942702405,0.9852281360342515,1.3259849346676142e-09,1.011
2400.001999999862,9.469689300563167e-06,0.007137760086162827,-0.5335504647529472,0.29172808942702405,0.9852281360342515,1.3259969594728614e-09,1.011
2399.993999999948,9.469706670846404e-06,0.007137760086162827,-0.5335504647529472,0.29172808942702405,0.9852281360342515,1.3259945129657998e-09,1.011
2400.001000000164,9.469689119427455e-06,0.007137760086162827,-0.5335504647529472,0.29172808942702405,0.9852281360342515,1.3259885494626896e-09,1.011
2400.0049999998882,9.469700989784335e-06,0.007137760086162827,-0.5335504647529472,0.29172808942702405,0.9852281360342515,1.3259899478103448e-09,1.011
2399.9930000002496,9.4697039261355e-06,0.007137760086162827,-0.5335504647529472,0.29172808942702405,0.9852281360342515,1.3259812784632261e-09,1.011
2399.993999999948,9.469703332753299e-06,0.007137760086162827,-0.5335504647529472,0.29172808942702405,0.9852281360342515,1.3259861552106037e-09,1.01
2400.0009999996983,9.480512511427629e-06,0.007152422167150296,-0.5471057012429226,0.3099413696908759,0.9852281360342515,1.4363912729485154e-09,1.01
2399.998000000138,9.469695636318805e-06,0.007137760086162827,-0.5335504647529472,0.29172808942702405,0.9852281360342515,1.3259942724069017e-09,1.01
2400.006000000052,9.469687978971052e-06,0.007137760086162827,-0.5335504647529472,0.29172808942702405,0.9852281360342515,1.3259775777515473e-09,1.01
2400.00400000019,9.469695503540826e-06,0.007137760086162827,-0.5335504647529472,0.29172808942702405,0.9852281360342515,1.3259976633702145e-09,1.01
2400.0,9.46969659405262e-06,0.007137760086162827,-0.5335504647529472,0.29172808942702405,0.9852281360342515,1.3259846610079044e-09,1.01
2399.993999999948,9.469700948410663e-06,0.007137760086162827,-0.5335504647529472,0.29172808942702405,0.9852281360342515,1.3259955641091531e-09,1.01
2399.993999999948,9.480515629556905e-06,0.007152422167150296,-0.5471057012429226,0.3099413696908759,0.9852281360342515,1.43639260933298e-09,1.01
2399.9990000003017,9.469690579580493e-06,0.007137760086162827,-0.5335504647529472,0.29172808942702405,0.9852281360342515,1.3259740395259737e-09,1.01
2399.996999999974,9.469696926661836e-06,0.007137760086162827,-0.5335504647529472,0.29172808942702405,0.9852281360342515,1.3259778376359202e-09,1.01
2399.998000000138,9.469683772904376e-06,0.007137760086162827,-0.5335504647529472,0.29172808942702405,0.9852281360342515,1.3260097569365221e-09,1.009
2399.99599999981,9.469699509685773e-06,0.007137760086162827,-0.5335504647529472,0.29172808942702405,0.9852281360342515,1.326000880761284e-09,1.009
2400.0,9.469697044982718e-06,0.007137760086162827,-0.5335504647529472,0.29172808942702405,0.9852281360342515,1.325983476655178e-09,1.009
2399.997999999672,9.480524091829016e-06,0.007159741947996792,-0.5486570599671232,0.33048901318327045,0.9852281360342515,1.5499056755014137e-09,1.009
2399.997999999672,9.458875914989522e-06,0.007145761314367063,-0.5263339523847073,0.3342933704000576,0.9852281360342515,1.5499027118144966e-09,1.009
2399.994999999646,9.48053323915308e-06,0.007152422167150296,-0.5471057012429226,0.3099413696908759,0.9852281360342515,1.4364031334788367e-09,1.009
2400.0,9.469692816307742e-06,0.007145428108737991,-0.5363125737643237,0.31228061307947574,0.9852281360342515,1.4394949461614248e-09,1.009
2400.001000000164,9.480517474922342e-06,0.007159741947996792,-0.5486570599671232,0.33048901318327045,0.9852281360342515,1.5499005910494516e-09,1.009
2520.0,1.006963534252e-05,0.00802107613339147,-0.28176373261905097,0.5161412266176744,0.9456603046006401,2.249794484761776e-09,0.981
2399.9990000003017,9.556268782156137e-06,0.0072282514516042295,-0.37092747710145035,0.03415249587297104,0.998363672593813,5.025368050611699e-10,0.979
2399.998999999836,9.502172996122405e-06,0.007194243730729678,-0.3218935273996131,0.045942274997744594,0.998363672593813,5.386451085363564e-10,0.981
2400.001999999862,9.502155232424076e-06,0.007194243730729678,-0.3218935273996131,0.045942274997744594,0.998363672593813,5.386461780348228e-10,0.982
2399.99599999981,9.577929288533247e-06,0.0072361526215182275,-0.37159605726080525,0.050803477777277874,0.998363672593813,5.004526899622853e-10,0.983
2399.99599999981,9.718629730007952e-06,0.007338742593737912,-0.41138592528926754,0.03389932833962703,0.998363672593813,4.272101091812837e-10,0.983
2400.00400000019,9.621210835615662e-06,0.007262755609795696,-0.4119923500955096,0.003632221044257522,0.998363672593813,2.8996284882658467e-10,0.984
2400.002000000328,9.729433254861107e-06,0.007364328437361616,-0.27876099570118296,-0.06703169951945144,0.998363672593813,9.391361804231026e-11,0.985
2399.99599999981,9.664511951707233e-06,0.007311764818558136,-0.2454801575372989,-0.08159226112454046,0.998363672593813,-7.32701907305362e-11,0.985
2399.998999999836,9.55628045194261e-06,0.007220011871774956,-0.31605068680925275,-0.1409411458201212,0.998363672593813,-2.6931784586383446e-10,0.985
2399.998999999836,9.664504742531367e-06,0.007311764818558136,-0.2454801575372989,-0.08159226112454046,0.998363672593813,-7.326515018360194e-11,0.986
2399.993999999948,9.556274205312849e-06,0.007220011871774956,-0.31605068680925275,-0.1409411458201212,0.998363672593813,-2.693244099831857e-10,0.986
2399.998999999836,9.523811610912547e-06,0.007211102550927972,-0.31112971037064696,-0.0769309659791699,0.998363672593813,5.571602180005808e-11,0.986
2520.0,1.0064934081507238e-05,0.007984969646763856,-0.20783497146788532,0.11251406925634472,1.0,6.37186117674003e-10,0.987
2520.00400000019,9.890837644386272e-06,0.007838742720990844,-0.33609985325399094,0.08158498948004624,0.9940302114769565,6.322980225461693e-10,0.987
2520.001999999862,9.928477190186212e-06,0.007865206409336727,-0.363630805495196,0.1098370198811969,0.9940302114769565,7.499335957002307e-10,0.987
2519.9950000001118,9.876726523702873e-06,0.007833908977651537,-0.3258142180399779,0.10066145012261879,0.9940302114769565,7.254323839067274e-10,0.987
2519.996999999974,9.928485390637933e-06,0.007865206409336727,-0.363630805495196,0.1098370198811969,0.9940302114769565,7.499238794888115e-10,0.987
2519.998000000138,9.928481542856682e-06,0.007865206409336727,-0.363630805495196,0.1098370198811969,0.9940302114769565,7.499334688943551e-10,0.987
2519.996999999974,9.904951601270483e-06,0.00785377731934245,-0.3425774758768356,0.12826288560933166,0.9940302114769565,8.332621710703333e-10,0.988
2520.003000000026,9.904942779620948e-06,0.00785377731934245,-0.3425774758768356,0.12826288560933166,0.9940302114769565,8.332604530509203e-10,0.988
2520.001000000164,9.928482514245199e-06,0.007872358348933668,-0.36636719280286467,0.14330702969786727,0.9940302114769565,9.165701581661322e-10,0.988
2520.0009999996983,9.867314744079665e-06,0.007830039834478702,-0.317369319991446,0.14894095265000146,0.9940302114769565,9.116796554432917e-10,0.988
2520.007000000216,9.867315184353845e-06,0.007823402565739995,-0.3154869936563247,0.11529305017478156,0.9940302114769565,7.450232932284285e-10,0.988
2520.00400000019,9.928474163814346e-06,0.007872358348933668,-0.36636719280286467,0.14330702969786727,0.9940302114769565,9.165822493179522e-10,0.988
2519.997999999672,9.928480373191936e-06,0.007872358348933668,-0.36636719280286467,0.14330702969786727,0.9940302114769565,9.165869588430231e-10,0.988
2520.0,9.867298992608157e-06,0.007830039834478702,-0.317369319991446,0.14894095265000146,0.9940302114769565,9.116845273546333e-10,0.988
2520.001999999862,9.867296466863639e-06,0.007830039834478702,-0.317369319991446,0.14894095265000146,0.9940302114769565,9.116849521620802e-10,0.988
2520.001999999862,9.867298819609799e-06,0.007830039834478702,-0.317369319991446,0.14894095265000146,0.9940302114769565,9.116677164498148e-10,0.988
2519.996999999974,9.834366482787715e-06,0.007811635233524691,-0.284921458958308,0.1662040952200394,0.9940302114769565,9.802962326009271e-10,0.988
2519.99599999981,9.867310633865244e-06,0.007830039834478702,-0.317369319991446,0.14894095265000146,0.9940302114769565,9.116821152293265e-10,0.988
2520.0039999997243,9.867314133700405e-06,0.007830039834478702,-0.317369319991446,0.14894095265000146,0.9940302114769565,9.116838420390697e-10,0.989
2519.996999999974,9.834363300998442e-06,0.007811635233524691,-0.284921458958308,0.1662040952200394,0.9940302114769565,9.80305273375878e-10,0.988
2520.0,9.867309577689673e-06,0.007830039834478702,-0.317369319991446,0.14894095265000146,0.9940302114769565,9.116780692426554e-10,0.989
2520.0009999996983,9.867300577115105e-06,0.007830039834478702,-0.317369319991446,0.14894095265000146,0.9940302114769565,9.11691799804306e-10,0.989
2520.005000000354,9.83436606233685e-06,0.007811635233524691,-0.284921458958308,0.1662040952200394,0.9940302114769565,9.802875533570997e-10,0.989
2519.996999999974,9.834370196740226e-06,0.007811635233524691,-0.284921458958308,0.1662040952200394,0.9940302114769565,9.802979018898492e-10,0.989
2519.9950000001118,9.834379864666341e-06,0.007811635233524691,-0.284921458958308,0.1662040952200394,0.9940302114769565,9.803099107966474e-10,0.989
2519.998000000138,9.834360337311599e-06,0.007811635233524691,-0.284921458958308,0.1662040952200394,0.9940302114769565,9.803014325472611e-10,0.989
2519.998000000138,9.867304352958203e-06,0.007830039834478702,-0.317369319991446,0.14894095265000146,0.9940302114769565,9.116850624122941e-10,0.989
2519.996999999974,9.867306862148966e-06,0.007830039834478702,-0.317369319991446,0.14894095265000146,0.9940302114769565,9.116754560225898e-10,0.989
2520.003000000026,9.867294436012076e-06,0.00783556659700517,-0.31481757368610985,0.17869406191650455,0.9940302114769565,1.0489001989183762e-09,0.989
2519.998000000138,9.83437624772056e-06,0.007811635233524691,-0.284921458958308,0.1662040952200394,0.9940302114769565,9.80309920374591e-10,0.989
2520.001000000164,9.867302611462116e-06,0.00783556659700517,-0.31481757368610985,0.17869406191650455,0.9940302114769565,1.0489359578016547e-09,0.989
2520.001999999862,9.867304231125198e-06,0.00783556659700517,-0.31481757368610985,0.17869406191650455,0.9940302114769565,1.0489149983039034e-09,0.989
2520.0,9.834371140242472e-06,0.007811635233524691,-0.284921458958308,0.1662040952200394,0.9940302114769565,9.802935169476153e-10,0.989
2519.99599999981,9.834369189277874e-06,0.007811635233524691,-0.284921458958308,0.1662040952200394,0.9940302114769565,9.802915473126362e-10,0.989
2519.998999999836,9.83436581988552e-06,0.007811635233524691,-0.284921458958308,0.1662040952200394,0.9940302114769565,9.802987112722828e-10,0.989
2519.998000000138,9.834373007836574e-06,0.007811635233524691,-0.284921458958308,0.1662040952200394,0.9940302114769565,9.803021889681485e-10,0.989
2519.998999999836,9.867305576552201e-06,0.00783556659700517,-0.31481757368610985,0.17869406191650455,0.9940302114769565,1.048918862287382e-09,0.989
2519.9990000003017,9.867315417445669e-06,0.00783556659700517,-0.31481757368610985,0.17869406191650455,0.9940302114769565,1.0489279974478188e-09,0.989
2520.0,9.83436549512054e-06,0.007811635233524691,-0.284921458958308,0.1662040952200394,0.9940302114769565,9.803015152653375e-10,0.989
2519.997999999672,9.83436493401008e-06,0.007811635233524691,-0.284921458958308,0.1662040952200394,0.9940302114769565,9.80296451421816e-10,0.989
2519.996999999974,9.867314306543796e-06,0.00783556659700517,-0.31481757368610985,0.17869406191650455,0.9940302114769565,1.0489324512900572e-09,0.989
2519.993999999948,9.867318369685479e-06,0.00783556659700517,-0.31481757368610985,0.17869406191650455,0.9940302114769565,1.0489359387578752e-09,0.989
2520.0,9.867312257767792e-06,0.00783556659700517,-0.31481757368610985,0.17869406191650455,0.9940302114769565,1.048922170795268e-09,0.989
2519.998999999836,9.867301363848919e-06,0.00783556659700517,-0.31481757368610985,0.17869406191650455,0.9940302114769565,1.0489280257826957e-09,0.989
2520.001000000164,9.824950359143291e-06,0.007810526807093637,-0.27354991083816094,0.19407638066067967,0.9940302114769565,1.0979466424687545e-09,0.989
2520.001000000164,9.824950155948527e-06,0.007810526807093637,-0.27354991083816094,0.19407638066067967,0.9940302114769565,1.0979380130243703e-09,0.989
2519.99599999981,9.867312187693982e-06,0.00783556659700517,-0.31481757368610985,0.17869406191650455,0.9940302114769565,1.0489211216762848e-09,0.989
2519.996999999974,9.867312118032512e-06,0.00783556659700517,-0.31481757368610985,0.17869406191650455,0.9940302114769565,1.0489236614664797e-09,0.989
2519.99599999981,9.867313423382798e-06,0.00783556659700517,-0.31481757368610985,0.17869406191650455,0.9940302114769565,1.0489294273829965e-09,0.989
2520.003000000026,9.867304718369185e-06,0.00783556659700517,-0.31481757368610985,0.17869406191650455,0.9940302114769565,1.0489273869361035e-09,0.989
2519.99599999981,9.956717323437538e-06,0.007907473586938983,-0.3148329804458867,0.147731199675834,0.9940302114769565,9.263876446737842e-10,0.989
2519.998000000138,9.824964249719855e-06,0.007810526807093637,-0.27354991083816094,0.19407638066067967,0.9940302114769565,1.0979401147755975e-09,0.989
2520.003000000026,9.86729989415183e-06,0.00783556659700517,-0.31481757368610985,0.17869406191650455,0.9940302114769565,1.048917754020602e-09,0.989
2519.998999999836,9.867305801672181e-06,0.00783556659700517,-0.31481757368610985,0.17869406191650455,0.9940302114769565,1.0489221344739034e-09,0.989
2519.997999999672,9.824961578982056e-06,0.007810526807093637,-0.27354991083816094,0.19407638066067967,0.9940302114769565,1.0979289082160112e-09,0.989
2519.9950000001118,9.867312069709428e-06,0.00783556659700517,-0.31481757368610985,0.17869406191650455,0.9940302114769565,1.0489382894030367e-09,0.989
2519.996999999974,9.867305444475397e-06,0.00783556659700517,-0.31481757368610985,0.17869406191650455,0.9940302114769565,1.0489193901553345e-09,0.989
2520.002000000328,9.956709595108475e-06,0.007907473586938983,-0.3148329804458867,0.147731199675834,0.9940302114769565,9.263812799043769e-10,0.989
2520.003000000026,9.914359962851527e-06,0.007882387622543934,-0.27476856912043957,0.1626595936407771,0.9940302114769565,9.754004059341417e-10,0.989
2519.9990000003017,9.824956550361895e-06,0.007810526807093637,-0.27354991083816094,0.19407638066067967,0.9940302114769565,1.0979403196967037e-09,0.989
2520.0,9.824954686600695e-06,0.007810526807093637,-0.27354991083816094,0.19407638066067967,0.9940302114769565,1.0979330820612801e-09,0.989
2520.001000000164,9.824957669952603e-06,0.007810526807093637,-0.27354991083816094,0.19407638066067967,0.9940302114769565,1.097946850466522e-09,0.989
2520.0,9.824953108745727e-06,0.007810526807093637,-0.27354991083816094,0.19407638066067967,0.9940302114769565,1.0979337751806659e-09,0.989
2519.997999999672,9.8249641543908e-06,0.007810526807093637,-0.27354991083816094,0.19407638066067967,0.9940302114769565,1.097942959109886e-09,0.989
2520.001999999862,9.824965027518846e-06,0.007810526807093637,-0.27354991083816094,0.19407638066067967,0.9940302114769565,1.097937224510731e-09,0.989
2520.003000000026,9.956698943704333e-06,0.007907473586938983,-0.3148329804458867,0.147731199675834,0.9940302114769565,9.263887818381272e-10,0.989
2520.001000000164,1.0013165591505003e-05,0.007977240352174595,-0.17399768605187083,0.09824890155507347,1.0,8.038560408205802e-10,0.989
2519.998999999836,9.8249704703548e-06,0.007810526807093637,-0.27354991083816094,0.19407638066067967,0.9940302114769565,1.097932695353463e-09,0.989
2520.001000000164,9.867307991965565e-06,0.00783556659700517,-0.31481757368610985,0.17869406191650455,0.9940302114769565,1.0489210360637784e-09,0.988
2520.0,9.8249545123875e-06,0.007810526807093637,-0.27354991083816094,0.19407638066067967,0.9940302114769565,1.0979425979990431e-09,0.989
2520.001000000164,9.867305938549866e-06,0.00783556659700517,-0.31481757368610985,0.17869406191650455,0.9940302114769565,1.0489231038043224e-09,0.988
2520.001999999862,9.867309949865087e-06,0.00783556659700517,-0.31481757368610985,0.17869406191650455,0.9940302114769565,1.0489239760869101e-09,0.988
2520.002000000328,9.824961026891355e-06,0.007810526807093637,-0.27354991083816094,0.19407638066067967,0.9940302114769565,1.097943883606683e-09,0.988
2520.0039999997243,9.914365699108247e-06,0.007882387622543934,-0.27476856912043957,0.1626595936407771,0.9940302114769565,9.753875806497465e-10,0.988
2520.003000000026,9.91435607980201e-06,0.007882387622543934,-0.27476856912043957,0.1626595936407771,0.9940302114769565,9.753950670004617e-10,0.988
2520.001000000164,9.824961751475511e-06,0.007810526807093637,-0.27354991083816094,0.19407638066067967,0.9940302114769565,1.0979453102061707e-09,0.988
2520.001999999862,9.82495503974506e-06,0.007810526807093637,-0.27354991083816094,0.19407638066067967,0.9940302114769565,1.0979329191929934e-09,0.988
2519.9960000002757,9.824963460148892e-06,0.007810526807093637,-0.27354991083816094,0.19407638066067967,0.9940302114769565,1.0979408940183252e-09,0.988
2520.001000000164,9.867307598597603e-06,0.00783556659700517,-0.31481757368610985,0.17869406191650455,0.9940302114769565,1.0489238051900942e-09,0.988
2520.0009999996983,9.867305282486157e-06,0.00783556659700517,-0.31481757368610985,0.17869406191650455,0.9940302114769565,1.0489238650689756e-09,0.988
2520.00400000019,9.867302017831409e-06,0.00783556659700517,-0.31481757368610985,0.17869406191650455,0.9940302114769565,1.0489127167917061e-09,0.988
2520.0049999998882,9.82495157139856e-06,0.007810526807093637,-0.27354991083816094,0.19407638066067967,0.9940302114769565,1.0979348319126241e-09,0.988
2520.0,9.824955542859523e-06,0.007810526807093637,-0.27354991083816094,0.19407638066067967,0.9940302114769565,1.097938380001454e-09,0.988
2520.0,9.82496576117586e-06,0.007810526807093637,-0.27354991083816094,0.19407638066067967,0.9940302114769565,1.097932817109036e-09,0.988
2520.0009999996983,9.867300249367062e-06,0.00783556659700517,-0.31481757368610985,0.17869406191650455,0.9940302114769565,1.048923381451625e-09,0.988
2519.9990000003017,9.824965382226217e-06,0.007810526807093637,-0.27354991083816094,0.19407638066067967,0.9940302114769565,1.0979316507632737e-09,0.988
2519.99599999981,9.82496429832908e-06,0.007810526807093637,-0.27354991083816094,0.19407638066067967,0.9940302114769565,1.0979332377146686e-09,0.978
2400.0,9.491344296430214e-06,0.007192588778272604,-0.32304683785399346,0.02442301132100684,0.998363672593813,5.004740109421495e-10,0.976
2400.0009999996983,1.1915596041048547e-05,0.008969790569302184,-0.9629978745747962,0.10264530213102652,0.998363672593813,9.5036102548654e-10,0.977
2400.0069999997504,9.437225714226194e-06,0.007158744236779143,-0.2732935480556189,0.03623295076243987,0.998363672593813,5.365806972920561e-10,0.978
2400.001000000164,9.50217048842365e-06,0.0071942437307296134,-0.3218935273996424,0.04594227499805591,0.998363672593813,5.386534204878817e-10,0.979
2400.0,9.448048238355449e-06,0.007145761314367024,-0.36249281540274003,0.0292041251273796,0.998363672593813,4.65388429049732e-10,0.98
2399.998999999836,9.556267437313238e-06,0.007220341635499891,-0.3615725027274883,0.009037112993167161,0.998363672593813,2.9203370245881393e-10,0.98
2399.997999999672,9.577931752120466e-06,0.0072588205784739086,-0.1914767360962486,-0.07947010436773429,0.998363672593813,1.1356491417062926e-11,0.981
2400.001000000164,9.55627145882631e-06,0.0072627556097957105,-0.20318955265417626,0.005235056339401344,0.998363672593813,4.46815395388778e-10,0.981
2400.003000000026,9.588738380273059e-06,0.007251929135786991,-0.37724480943527183,-0.04194410014712299,0.998363672593813,2.022598180748046e-10,0.981
2400.003000000026,9.577906457869284e-06,0.007249958948980671,-0.37584507401428846,-0.00393692529897215,0.998363672593813,3.890260674513888e-10,0.982
2400.001999999862,9.458875708721683e-06,0.007170375562987338,-0.28730352906652046,0.007176982973128887,0.998363672593813,4.148293542113821e-10,0.982
2399.9909999999218,9.458878749543285e-06,0.007170375562987338,-0.28730352906652046,0.007176982973128887,0.998363672593813,4.1483014577598933e-10,0.982
2400.0059999995865,9.458865984676707e-06,0.007170375562987338,-0.28730352906652046,0.007176982973128887,0.998363672593813,4.148193460589777e-10,0.982
2400.001000000164,9.502172792444325e-06,0.007196560024794931,-0.32845498149130137,-0.008429682773255434,0.998363672593813,3.508536946149194e-10,0.982
2399.99599999981,9.49134748859167e-06,0.007192588778272645,-0.32304683785400146,0.024423011320659976,0.998363672593813,5.004792867622455e-10,0.983
2399.9950000001118,9.49135405293084e-06,0.007192588778272645,-0.32304683785400146,0.024423011320659976,0.998363672593813,5.004663106948969e-10,0.983
2400.001999999862,9.45887748417475e-06,0.007170375562987338,-0.28730352906652046,0.007176982973128887,0.998363672593813,4.1481472912030357e-10,0.983
2399.998999999836,9.491350500055132e-06,0.007192588778272645,-0.32304683785400146,0.024423011320659976,0.998363672593813,5.004766293470525e-10,0.983
2400.0039999997243,9.491341529952424e-06,0.007192588778272645,-0.32304683785400146,0.024423011320659976,0.998363672593813,5.004576891951949e-10,0.983
2400.002000000328,9.491338558550812e-06,0.007192588778272645,-0.32304683785400146,0.024423011320659976,0.998363672593813,5.004639006074209e-10,0.983
2399.9990000003017,9.437226064408388e-06,0.007158744236779196,-0.27329354805557626,0.03623295076194286,0.998363672593813,5.365854939454653e-10,0.983
2520.001000000164,9.824947048732031e-06,0.0078105268070936965,-0.27354991083826974,0.19407638066019253,0.9940302114769565,1.097939620112875e-09,0.978
2400.0,9.285722551118372e-06,0.007024786049953304,-0.45884708842362,0.10266424128860066,0.998363672593813,8.069408391575672e-10,0.977
2400.001999999862,9.50216992178178e-06,0.0071942437307296134,-0.3218935273996424,0.04594227499805591,0.998363672593813,5.386486814260784e-10,0.978
2400.0039999997243,9.448055165448474e-06,0.007145761314367024,-0.36249281540274003,0.0292041251273796,0.998363672593813,4.65374233152861e-10,0.979
2399.997999999672,9.458888178889144e-06,0.007144761650861322,-0.3600595864452867,0.04061309116024224,0.998363672593813,4.292517342243024e-10,0.979
2400.001000000164,9.556274631457412e-06,0.007220341635499891,-0.3615725027274883,0.009037112993167161,0.998363672593813,2.92013216956102e-10,0.98
2400.0,9.54544957068495e-06,0.00725192913578699,-0.18365936547372286,-0.015437179509531943,0.998363672593813,3.363882971985428e-10,0.98
2399.996999999974,9.523806573345557e-06,0.007220011871774979,-0.331390495166489,-0.017637870142924048,0.998363672593813,3.5291575150201833e-10,0.981
2399.998000000138,9.458884443380268e-06,0.007170375562987338,-0.28730352906652046,0.007176982973128887,0.998363672593813,4.1482839850383884e-10,0.981
2399.9970000004396,9.458876288740805e-06,0.007170375562987338,-0.28730352906652046,0.007176982973128887,0.998363672593813,4.1481235722101917e-10,0.981
2399.9949999991804,9.502175145682249e-06,0.007196560024794931,-0.32845498149130137,-0.008429682773255434,0.998363672593813,3.508469394118753e-10,0.981
2399.990999999456,9.45887558812191e-06,0.007170375562987338,-0.28730352906652046,0.007176982973128887,0.998363672593813,4.148377504965196e-10,0.981
2400.0049999998882,9.437222171547272e-06,0.007158744236779143,-0.2732935480556189,0.03623295076243987,0.998363672593813,5.365903225287923e-10,0.982
2399.997999999672,9.545453996506065e-06,0.007221990228264145,-0.3620825957843712,-0.0029102828065819828,0.998363672593813,3.2815088585639344e-10,0.982
2399.9970000004396,9.729442227860601e-06,0.007364328437361663,-0.27876099570118384,-0.06703169951938803,0.998363672593813,9.390942007512801e-11,0.982
2399.9970000004396,9.5779271752537e-06,0.0072588205784739086,-0.1914767360962486,-0.07947010436773429,0.998363672593813,1.1350860385434407e-11,0.982
2399.998999999836,9.577921455541611e-06,0.0072588205784739086,-0.1914767360962486,-0.07947010436773429,0.998363672593813,1.1356940671462776e-11,0.982
2399.9980000006035,9.57792252961793e-06,0.007263739034540327,-0.20259778777118687,-0.0578427794069713,0.998363672593813,1.2486515781115726e-10,0.982
2399.998999999836,9.642860399894157e-06,0.007314369419163892,-0.2550091711066327,0.0025420116123196093,0.998363672593813,3.6218690330276743e-10,0.982
2400.001000000164,9.534627593854251e-06,0.007221330836322288,-0.330985504951959,-0.055766418230968444,0.998363672593813,1.661398221556089e-10,0.982
2400.0,9.556271400216897e-06,0.00723384900509898,-0.3487132979783185,-0.023418218087707842,0.998363672593813,2.878958458193559e-10,0.982
2400.002000000328,9.523804679408975e-06,0.007220011871774979,-0.331390495166489,-0.017637870142924048,0.998363672593813,3.529033473447272e-10,0.982
2400.001000000164,9.42640966716326e-06,0.007150424562819444,-0.25363797901840224,-0.042127689286996214,0.998363672593813,2.1360305051156983e-10,0.982
2399.998999999836,9.502166409092084e-06,0.007203504438152051,-0.30269119749876205,-0.03717761330720991,0.998363672593813,2.5178207672362486e-10,0.982
2400.0009999992326,9.523808106550814e-06,0.007220011871774979,-0.331390495166489,-0.017637870142924048,0.998363672593813,3.5290427686351597e-10,0.982
2399.997999999672,9.523807629849779e-06,0.007220011871774979,-0.331390495166489,-0.017637870142924048,0.998363672593813,3.529117429135503e-10,0.982
2400.0,9.577921212325316e-06,0.007249958948980671,-0.37584507401428846,-0.00393692529897215,0.998363672593813,3.8902842594388196e-10,0.982
2400.001000000164,9.458872454119552e-06,0.007170375562987338,-0.28730352906652046,0.007176982973128887,0.998363672593813,4.1481859508498233e-10,0.982
2400.0,9.458873211670934e-06,0.007170375562987338,-0.28730352906652046,0.007176982973128887,0.998363672593813,4.148259130877697e-10,0.982
2399.997999999672,9.45887740154831e-06,0.007170375562987338,-0.28730352906652046,0.007176982973128887,0.998363672593813,4.1482201190306076e-10,0.982
2399.997999999672,9.458869763934896e-06,0.007170375562987338,-0.28730352906652046,0.007176982973128887,0.998363672593813,4.148247333023517e-10,0.982
2399.998999999836,9.458877888328692e-06,0.007170375562987338,-0.28730352906652046,0.007176982973128887,0.998363672593813,4.148201093998387e-10,0.982
2399.997999999672,9.491344732480886e-06,0.007192588778272645,-0.32304683785400146,0.024423011320659976,0.998363672593813,5.004728635890206e-10,0.982
2400.0009999992326,9.491340923909716e-06,0.007192588778272645,-0.32304683785400146,0.024423011320659976,0.998363672593813,5.004624242083171e-10,0.982
2400.001000000164,9.49134035263673e-06,0.007192588778272645,-0.32304683785400146,0.024423011320659976,0.998363672593813,5.004662248750839e-10,0.982
2400.001000000164,9.43722522204597e-06,0.007158744236779196,-0.27329354805557626,0.03623295076194286,0.998363672593813,5.365837856631654e-10,0.982
2399.9980000006035,9.491343690115235e-06,0.007192588778272645,-0.32304683785400146,0.024423011320659976,0.998363672593813,5.004705034578182e-10,0.982
2400.001000000164,9.49133861385561e-06,0.007192588778272645,-0.32304683785400146,0.024423011320659976,0.998363672593813,5.004688819878058e-10,0.982
2400.0040000006557,9.491337781867802e-06,0.007192588778272645,-0.32304683785400146,0.024423011320659976,0.998363672593813,5.004624247385015e-10,0.982
2400.002000000328,9.599565799441239e-06,0.00728795483755805,-0.23572563315750683,0.08380537621595645,0.998363672593813,6.965324825313787e-10,0.982
2399.9990000007674,9.448051039775815e-06,0.007169379331573916,-0.27899143458889863,-0.053987537707660876,0.998363672593813,2.50758249189431e-10,0.982
2400.006000000052,9.448037327475332e-06,0.007166722037438339,-0.28282865273870383,-0.022348939839364243,0.998363672593813,3.147303592256935e-10,0.982
2400.0029999995604,9.458879853994063e-06,0.007170375562987292,-0.28730352906659506,0.007176982973426586,0.998363672593813,4.1481601902704517e-10,0.982
2399.997999999672,9.491342933470696e-06,0.0071925887782726084,-0.32304683785408184,0.02442301132095459,0.998363672593813,5.004841118030381e-10,0.982
2400.002000000328,9.437215970395714e-06,0.007158744236779143,-0.2732935480556189,0.03623295076243987,0.998363672593813,5.365824323077948e-10,0.982
2400.0009999992326,9.437215929129704e-06,0.007158744236779143,-0.2732935480556189,0.03623295076243987,0.998363672593813,5.365855389190191e-10,0.982
2400.0049999998882,9.437217455913637e-06,0.007158744236779143,-0.2732935480556189,0.03623295076243987,0.998363672593813,5.365846619611646e-10,0.982
2400.0039999997243,9.610389582199704e-06,0.007297749163758873,-0.1793239006286731,-0.09130335914848817,0.998363672593813,6.810985601707628e-11,0.982
2399.9969999995083,9.545456814547274e-06,0.007221990228264145,-0.3620825957843712,-0.0029102828065819828,0.998363672593813,3.2815023813556373e-10,0.982
2399.998999999836,9.502162913857289e-06,0.007219022490218872,-0.13416569660605804,-0.08811769402569633,0.998363672593813,4.9524700911225516e-11,0.982
2400.0,9.502164694907133e-06,0.007219022490218872,-0.13416569660605804,-0.08811769402569633,0.998363672593813,4.9534919268619445e-11,0.982
2399.998999999836,9.502165972465536e-06,0.007219022490218872,-0.13416569660605804,-0.08811769402569633,0.998363672593813,4.952998508898076e-11,0.982
2399.997999999672,9.50216240293182e-06,0.007219022490218872,-0.13416569660605804,-0.08811769402569633,0.998363672593813,4.954808030304404e-11,0.982
2400.006000000052,9.577921147810335e-06,0.0072588205784739086,-0.1914767360962486,-0.07947010436773429,0.998363672593813,1.1358494752928205e-11,0.982
2400.0009999992326,9.664503948734831e-06,0.007322177662026928,-0.22826422647019884,-0.06272665626494807,0.998363672593813,9.596254062811923e-11,0.982
2399.998999999836,9.437231193766539e-06,0.00715874423677919,-0.2580537505813165,-0.07523061270744603,0.9852281360342515,1.403425015353207e-10,0.982
2399.9960000002757,9.567094112899154e-06,0.007261444169624354,-0.19993688219547945,-0.03623061630875917,0.998363672593813,2.3528392811800836e-10,0.982
2400.005999999121,9.545453794987447e-06,0.00725192913578699,-0.18365936547372286,-0.015437179509531943,0.998363672593813,3.363919233104552e-10,0.982
2400.0039999997243,9.5454463700587e-06,0.00725192913578699,-0.18365936547372286,-0.015437179509531943,0.998363672593813,3.3638458928937395e-10,0.982
2400.0040000006557,9.4805136328137e-06,0.007213413431471489,-0.0893973154044354,-0.12050426847989953,0.998363672593813,-1.0110336099597199e-10,0.982
2399.998999999836,9.458876664062397e-06,0.007170375562987292,-0.28730352906659506,0.007176982973426586,0.998363672593813,4.1481466826765716e-10,0.982
2400.0049999998882,9.437213996461537e-06,0.007158744236779143,-0.2732935480556189,0.03623295076243987,0.998363672593813,5.365968544351057e-10,0.982
2399.9969999995083,9.437223356484873e-06,0.007158744236779143,-0.2732935480556189,0.03623295076243987,0.998363672593813,5.365836816676522e-10,0.982
2400.006000000052,9.534623018392493e-06,0.007235823578359465,-0.2734707934144178,0.002768590078165368,0.998363672593813,3.9933410627870893e-10,0.982
2399.9960000002757,9.437242016168985e-06,0.007159741947996785,-0.2695290829444379,-0.02907640117313642,0.998363672593813,2.620929715699913e-10,0.982
2400.0030000004917,9.502147559257468e-06,0.007219022490218872,-0.13416569660605804,-0.08811769402569633,0.998363672593813,4.95331386118472e-11,0.982
2400.001000000164,9.502164885510806e-06,0.007219022490218872,-0.13416569660605804,-0.08811769402569633,0.998363672593813,4.952391868464021e-11,0.982
2561.3250000001863,9.765322130910255e-06,0.00743316524270056,-0.27068923648586596,-0.16635575939258582,4.3210236023661714,-2.358957611818818e-10,0.989
2581.208999999799,9.77816444462806e-06,0.0075019477083457615,-0.25636521206239316,-0.1416485294070883,4.291938077491662,-1.3699459797393276e-10,0.99
2581.208999999799,9.77816444462806e-06,0.0075019477083457615,-0.25636521206239316,-0.1416485294070883,4.291938077491662,-1.3699459797393276e-10,0.99
2531.646999999881,9.739396799893964e-06,0.007348986969216704,-0.18152492154738242,-0.2574427869979787,4.301815680003681,-5.873332297068753e-10,0.974
2531.646999999881,9.739396799893964e-06,0.007348986969216704,-0.18152492154738242,-0.2574427869979787,4.301815680003681,-5.873332297068753e-10,0.974
2399.9970000004396,9.437235734512619e-06,0.007158744236779143,-0.2732935480556189,0.03623295076243987,0.998363672593813,5.365945800127202e-10,0.966
2399.9970000004396,9.350650670817495e-06,0.0071003018044506604,-0.29715900922711125,0.10085440340892775,0.998363672593813,7.92499135679068e-10,0.967
2400.0,9.55627298962121e-06,0.0072627556097957105,-0.20318955265417626,0.005235056339401344,0.998363672593813,4.468025950798097e-10,0.968
2400.0,9.523813595047002e-06,0.00724568837309472,-0.17300584795319995,0.024406529256914875,0.998363672593813,5.324546177609329e-10,0.968
2400.0009999992326,9.523809729862271e-06,0.00724568837309472,-0.17300584795319995,0.024406529256914875,0.998363672593813,5.324525478141235e-10,0.968
2400.0,9.545455997167076e-06,0.007262755609795717,-0.20163587783932524,0.04323468298434034,0.998363672593813,6.335931497241924e-10,0.969
2399.9970000004396,9.512987325231019e-06,0.007236152621518214,-0.1567213442559039,0.054339645894262774,0.998363672593813,5.747750530463934e-10,0.969
2399.9990000007674,9.372294115230071e-06,0.007126743729816333,-0.2099924643150346,-0.019198717701043026,0.998363672593813,4.0038662627084996e-10,0.969
2400.0,9.469699765047045e-06,0.00721044216331262,-0.14680952919729195,0.04085044927910321,0.998363672593813,5.954103664825045e-10,0.969
2400.0049999998882,9.632036030838403e-06,0.0073137183559716205,-0.25265576439138293,0.040355042175807626,0.998363672593813,5.489727513501532e-10,0.969
2399.9980000006035,9.588742660238738e-06,0.00728893486241793,-0.21120815497824585,0.05686122471183199,0.998363672593813,6.129653617527315e-10,0.969
2400.002000000328,9.54544780485936e-06,0.007262755609795717,-0.20163587783932524,0.04323468298434034,0.998363672593813,6.335823112598746e-10,0.969
2400.0049999998882,9.545450246449484e-06,0.007262755609795717,-0.20163587783932524,0.04323468298434034,0.998363672593813,6.335780255620477e-10,0.969
2400.0030000004917,9.686143869059163e-06,0.007343607521414214,-0.29595632693856944,0.0532085106429283,0.998363672593813,5.85079399595943e-10,0.969
2399.997999999672,9.40476289931604e-06,0.007140761597370165,-0.24155854780260988,-0.006720804668923128,0.998363672593813,3.7870598775077644e-10,0.97
2400.001000000164,9.458874207928119e-06,0.007170375562987338,-0.28730352906652046,0.007176982973128887,0.998363672593813,4.148261970149643e-10,0.97
2399.9950000001118,9.45887116425507e-06,0.007170375562987338,-0.28730352906652046,0.007176982973128887,0.998363672593813,4.148152747425372e-10,0.97
2399.998999999836,9.458876779572432e-06,0.007170375562987338,-0.28730352906652046,0.007176982973128887,0.998363672593813,4.148140464827071e-10,0.97
2399.9960000002757,9.458878963760278e-06,0.007170375562987338,-0.28730352906652046,0.007176982973128887,0.998363672593813,4.1482333936231686e-10,0.97
2400.0019999993965,9.458871384247099e-06,0.007170375562987338,-0.28730352906652046,0.007176982973128887,0.998363672593813,4.1482452430400177e-10,0.97
2400.001000000164,9.458873877385737e-06,0.007170375562987338,-0.28730352906652046,0.007176982973128887,0.998363672593813,4.148275419332622e-10,0.97
2400.0040000006557,9.458864640100989e-06,0.007170375562987338,-0.28730352906652046,0.007176982973128887,0.998363672593813,4.148166617844272e-10,0.97
2400.0,9.458881002202114e-06,0.007170375562987338,-0.28730352906652046,0.007176982973128887,0.998363672593813,4.148172016270012e-10,0.97
2399.997999999672,9.491343825356814e-06,0.007192588778272645,-0.32304683785400146,0.024423011320659976,0.998363672593813,5.004668974417695e-10,0.97
2400.0019999993965,9.437228324766996e-06,0.007158744236779196,-0.27329354805557626,0.03623295076194286,0.998363672593813,5.365860420773052e-10,0.97
2399.997999999672,9.437223566471942e-06,0.007158744236779196,-0.27329354805557626,0.03623295076194286,0.998363672593813,5.365868145367994e-10,0.97
2400.0039999997243,9.458865918882208e-06,0.007170375562987338,-0.28730352906652046,0.007176982973128887,0.998363672593813,4.1481859493134677e-10,0.97
2399.997999999672,9.491335276600344e-06,0.007192588778272645,-0.32304683785400146,0.024423011320659976,0.998363672593813,5.004726047945029e-10,0.97
2400.001000000164,9.491342347022387e-06,0.007192588778272645,-0.32304683785400146,0.024423011320659976,0.998363672593813,5.004832488504506e-10,0.97
2399.9970000004396,9.437227884075145e-06,0.007158744236779196,-0.27329354805557626,0.03623295076194286,0.998363672593813,5.365783445781853e-10,0.97
2400.0,9.43723010420819e-06,0.007158744236779196,-0.27329354805557626,0.03623295076194286,0.998363672593813,5.365990357604428e-10,0.97
2399.998999999836,9.43722727227394e-06,0.007158744236779196,-0.27329354805557626,0.03623295076194286,0.998363672593813,5.365893271690523e-10,0.97
2400.0029999995604,9.43722587595507e-06,0.007158744236779196,-0.27329354805557626,0.03623295076194286,0.998363672593813,5.365980507880211e-10,0.97
2399.9980000006035,9.4372398347535e-06,0.007158744236779196,-0.27329354805557626,0.03623295076194286,0.998363672593813,5.365808145221081e-10,0.97
2399.998999999836,9.437239826703711e-06,0.007158744236779196,-0.27329354805557626,0.03623295076194286,0.998363672593813,5.365843829155508e-10,0.97
2399.997999999672,9.437239978645498e-06,0.007158744236779196,-0.27329354805557626,0.03623295076194286,0.998363672593813,5.365864706415332e-10,0.97
2399.9969999995083,9.437230656889111e-06,0.007158744236779196,-0.27329354805557626,0.03623295076194286,0.998363672593813,5.365782572988343e-10,0.97
2400.007000000216,9.437219808348316e-06,0.007158744236779196,-0.27329354805557626,0.03623295076194286,0.998363672593813,5.365752693732712e-10,0.97
2400.0039999997243,9.437227381516208e-06,0.007158744236779196,-0.27329354805557626,0.03623295076194286,0.998363672593813,5.36583731600249e-10,0.97
2399.9980000006035,9.437228107157852e-06,0.007158744236779196,-0.27329354805557626,0.03623295076194286,0.998363672593813,5.365811000699259e-10,0.97
2399.9970000004396,9.437234752342543e-06,0.007158744236779196,-0.27329354805557626,0.03623295076194286,0.998363672593813,5.365845650252989e-10,0.97
2399.9960000002757,9.437239577296386e-06,0.007158744236779196,-0.27329354805557626,0.03623295076194286,0.998363672593813,5.365863530088156e-10,0.97
2400.0009999992326,9.43724032614562e-06,0.007158744236779196,-0.27329354805557626,0.03623295076194286,0.998363672593813,5.365758021801762e-10,0.97
2400.0030000004917,9.437225906259097e-06,0.007158744236779196,-0.27329354805557626,0.03623295076194286,0.998363672593813,5.365813696472006e-10,0.97
2400.006000000052,9.437223334699314e-06,0.007158744236779196,-0.27329354805557626,0.03623295076194286,0.998363672593813,5.365941479457975e-10,0.971
2399.9960000002757,9.437236018186555e-06,0.007158744236779196,-0.27329354805557626,0.03623295076194286,0.998363672593813,5.365841785353679e-10,0.97
2400.001000000164,9.437230023675842e-06,0.007158744236779196,-0.27329354805557626,0.03623295076194286,0.998363672593813,5.365861725779747e-10,0.97
2400.0040000006557,9.437225042751e-06,0.007158744236779196,-0.27329354805557626,0.03623295076194286,0.998363672593813,5.365877964465582e-10,0.97
2399.998999999836,9.437228343350121e-06,0.007158744236779196,-0.27329354805557626,0.03623295076194286,0.998363672593813,5.36584607666493e-10,0.97
2400.002000000328,9.437225125111266e-06,0.007158744236779196,-0.27329354805557626,0.03623295076194286,0.998363672593813,5.365803554284421e-10,0.97
2400.0039999997243,9.437219511466512e-06,0.007158744236779196,-0.27329354805557626,0.03623295076194286,0.998363672593813,5.365752598284051e-10,0.971
2399.9970000004396,9.437231538092748e-06,0.007158744236779196,-0.27329354805557626,0.03623295076194286,0.998363672593813,5.365815939514964e-10,0.971
2399.997999999672,9.437226482372244e-06,0.007158744236779196,-0.27329354805557626,0.03623295076194286,0.998363672593813,5.365843084617276e-10,0.97
2400.001000000164,9.437236455170725e-06,0.007158744236779196,-0.27329354805557626,0.03623295076194286,0.998363672593813,5.365786444910504e-10,0.971
2400.001000000164,9.437230134297459e-06,0.007158744236779196,-0.27329354805557626,0.03623295076194286,0.998363672593813,5.365865394139368e-10,0.971
2400.0029999995604,9.437216220072191e-06,0.007158744236779196,-0.27329354805557626,0.03623295076194286,0.998363672593813,5.365788473275477e-10,0.971
2400.0039999997243,9.437217759398666e-06,0.007158744236779196,-0.27329354805557626,0.03623295076194286,0.998363672593813,5.365713812403868e-10,0.971
2399.9950000001118,9.274893065013305e-06,0.007040021644988385,-0.21479413814968185,0.010187631415354882,0.998363672593813,4.014041336267738e-10,0.971
2400.002000000328,9.274893014484935e-06,0.007040021644988385,-0.21479413814968185,0.010187631415354882,0.998363672593813,4.014107154992629e-10,0.971
2400.0,9.28571958953963e-06,0.007037992137913593,-0.2699031007068191,0.04177933675649001,0.998363672593813,4.932350188392252e-10,0.971
2400.0050000008196,9.188308283667985e-06,0.0069758085382201455,-0.17518397959979115,-0.00628530100608656,0.998363672593813,3.16792709524449e-10,0.97
2399.9949999991804,9.29653272484047e-06,0.007039006964595166,-0.27277740203803713,0.019382333886466582,0.998363672593813,3.8283012660361364e-10,0.971
2399.997999999672,9.372303568474397e-06,0.007102648734635491,-0.30646775479462907,0.05733585944009807,0.998363672593813,5.778659913796069e-10,0.971
2399.998999999836,9.33983095246402e-06,0.007075443785509493,-0.26615207760310655,0.020499559377171402,0.998363672593813,4.0347782327305685e-10,0.971
2400.0029999995604,9.383118096939739e-06,0.007103319143692121,-0.30918898432577535,0.03513607611674794,0.998363672593813,4.67452914414494e-10,0.971
2400.0,9.491340739173777e-06,0.0072223199016593475,-0.14454993241186775,-0.04463552280002045,0.998363672593813,2.7344016215525794e-10,0.971
2400.0030000004917,9.491335524854663e-06,0.0072223199016593475,-0.14454993241186775,-0.04463552280002045,0.998363672593813,2.7346079072416985e-10,0.97
2400.0,9.383106512644894e-06,0.007103319143692121,-0.30918898432577535,0.03513607611674794,0.998363672593813,4.674659748123493e-10,0.971
2400.002000000328,9.38311403615836e-06,0.007119724446246236,-0.2814970507666663,0.0304055583453521,0.998363672593813,4.695030509897333e-10,0.971
2400.0,9.469694780544227e-06,0.0072130833510067925,-0.12866024020175848,-0.023711212851751956,0.998363672593813,3.7457309892046373e-10,0.97
2400.0049999998882,9.199132688103695e-06,0.007001020333800351,-0.21177202366941783,0.07525150974282695,0.998363672593813,7.058222915670399e-10,0.971
2399.9969999995083,9.231616661730823e-06,0.007004080443366077,-0.22160061427361022,0.008665431005458378,0.998363672593813,3.8076830576409027e-10,0.971
2400.0030000004917,9.383124404906352e-06,0.007103319143692121,-0.30918898432577535,0.03513607611674794,0.998363672593813,4.674390883078572e-10,0.971
2400.001000000164,9.41559911223233e-06,0.007145761314367058,-0.26131336371576097,0.057126530060451666,0.998363672593813,6.026265975161468e-10,0.97
2400.001000000164,9.188297720983863e-06,0.0069758085382201455,-0.17518397959979115,-0.00628530100608656,0.998363672593813,3.1679096084178866e-10,0.97
2400.001000000164,9.296548725844407e-06,0.007039006964595166,-0.27277740203803713,0.019382333886466582,0.998363672593813,3.8282621840252536e-10,0.97
2400.0030000004917,9.491340865875843e-06,0.007217373219563759,-0.1335796520311603,-0.06635774394747031,0.998363672593813,1.5994047932868902e-10,0.97
2400.0030000004917,9.46969391728697e-06,0.0072130833510067925,-0.12866024020175848,-0.023711212851751956,0.998363672593813,3.745773125917632e-10,0.97
2399.9980000006035,9.469697928863091e-06,0.0072130833510067925,-0.12866024020175848,-0.023711212851751956,0.998363672593813,3.7457888281125064e-10,0.97
2400.0019999993965,9.285705710046527e-06,0.007043740889206949,-0.27864165870733704,0.06372482270070255,0.998363672593813,6.067697744282742e-10,0.97
2400.002000000328,9.285717443015221e-06,0.007037992137913593,-0.2699031007068191,0.04177933675649001,0.998363672593813,4.93226037147243e-10,0.97
2400.0039999997243,9.25323597751873e-06,0.007011215504970812,-0.2283268284188753,0.004378403503063309,0.998363672593813,3.1884702784290083e-10,0.97
2399.99199999962,9.274895866261969e-06,0.007040021644988385,-0.21479413814968185,0.010187631415354882,0.998363672593813,4.014159434832685e-10,0.97
2399.992999999784,9.383120103278837e-06,0.007103319143692121,-0.30918898432577535,0.03513607611674794,0.998363672593813,4.674590594867694e-10,0.97
2399.9969999995083,9.31818244708542e-06,0.007068373558457768,-0.2597187188602943,0.024763919310837462,0.998363672593813,4.6539519633732845e-10,0.97
2400.0049999998882,9.491343331265893e-06,0.0072223199016593475,-0.14454993241186775,-0.04463552280002045,0.998363672593813,2.7346996896383506e-10,0.97
2399.9980000006035,9.383116379128458e-06,0.007114371772285015,-0.27247901211402636,0.008569313722757113,0.998363672593813,3.5600576372604487e-10,0.97
2399.9980000006035,9.469700317097516e-06,0.0072130833510067925,-0.12866024020175848,-0.023711212851751956,0.998363672593813,3.7457304077145457e-10,0.97
2400.0030000004917,9.48051724513556e-06,0.007224297626100146,-0.1495664656306097,-0.0029679848410292782,0.998363672593813,4.849828424683684e-10,0.97
2400.001000000164,9.448050939053943e-06,0.007207469670253145,-0.11936332830594143,0.016321044943605062,0.998363672593813,5.706138910908421e-10,0.97
2399.9970000004396,9.361483766539517e-06,0.007110689471626845,-0.26397143416160773,0.05195449001368962,0.998363672593813,5.706236982389918e-10,0.97
2399.9950000001118,9.469703604831562e-06,0.0072130833510067925,-0.12866024020175848,-0.023711212851751956,0.998363672593813,3.7457987010425516e-10,0.97
2400.0,9.480521819062108e-06,0.007224297626100146,-0.1495664656306097,-0.0029679848410292782,0.998363672593813,4.850029779722518e-10,0.97
2399.9990000007674,9.491338859453834e-06,0.0072223199016593475,-0.14454993241186775,-0.04463552280002045,0.998363672593813,2.7345224116763215e-10,0.97
2400.0039999997243,9.264066237410198e-06,0.007034946779505614,-0.2602273340788277,0.08566699113430157,0.998363672593813,7.078867844248587e-10,0.97
2400.001000000164,9.361478471998688e-06,0.007110689471626845,-0.26397143416160773,0.05195449001368962,0.998363672593813,5.706412440480353e-10,0.97
2399.997999999672,9.480520427565184e-06,0.007224297626100146,-0.1495664656306097,-0.0029679848410292782,0.998363672593813,4.849930904536055e-10,0.97
2400.002000000328,9.480513162479905e-06,0.007224297626100146,-0.1495664656306097,-0.0029679848410292782,0.998363672593813,4.850017548809596e-10,0.97
2400.0019999993965,9.523806753688827e-06,0.007245688373094727,-0.17300584795321994,0.024406529256695217,0.998363672593813,5.324433560878845e-10,0.97
2399.9990000007674,9.523810528659072e-06,0.007245688373094727,-0.17300584795321994,0.024406529256695217,0.998363672593813,5.324650347184076e-10,0.97
2399.997999999672,9.523797863788259e-06,0.007245688373094727,-0.17300584795321994,0.024406529256695217,0.998363672593813,5.324616411879645e-10,0.97
2400.001000000164,9.44805037929304e-06,0.007207469670253145,-0.11936332830594143,0.016321044943605062,0.998363672593813,5.706327992187763e-10,0.97
2399.9969999995083,9.534636852932898e-06,0.007270291799999714,-0.4070301795396305,0.5864686213190581,0.9182958340544896,2.7025395518294157e-09,0.978
2400.0040000006557,9.43722440977892e-06,0.007158744236779196,-0.27329354805557626,0.03623295076194286,0.998363672593813,5.36588928309933e-10,0.98
2400.0,9.437237329705692e-06,0.007158744236779196,-0.27329354805557626,0.03623295076194286,0.998363672593813,5.365818137480313e-10,0.98
2400.0,9.372296471162974e-06,0.0071173831467150174,-0.21794831290095473,0.04311127099424061,0.998363672593813,5.386547445989828e-10,0.98
2400.0,9.437238369854272e-06,0.007158744236779196,-0.27329354805557626,0.03623295076194286,0.998363672593813,5.365790934053725e-10,0.98
2399.9969999995083,9.274900323798766e-06,0.007040021644988385,-0.21479413814968185,0.010187631415354882,0.998363672593813,4.0140631636664107e-10,0.979
2400.0019999993965,9.18830701740195e-06,0.0069758085382201455,-0.17518397959979115,-0.00628530100608656,0.998363672593813,3.167917109151956e-10,0.979
2400.0009999992326,9.1991357509707e-06,0.007001020333800351,-0.21177202366941783,0.07525150974282695,0.998363672593813,7.058139610875997e-10,0.979
2400.0009999992326,9.26406804639917e-06,0.007034946779505614,-0.2602273340788277,0.08566699113430157,0.998363672593813,7.078670626482372e-10,0.979
2400.0029999995604,9.15585850865855e-06,0.0069737603438413094,-0.16862258093652338,0.060542228334657895,0.998363672593813,6.418362986095024e-10,0.979
2399.998999999836,9.18831582290329e-06,0.0069758085382201455,-0.17518397959979115,-0.00628530100608656,0.998363672593813,3.167808329697673e-10,0.978
2400.001000000164,9.188325044681098e-06,0.0069758085382201455,-0.17518397959979115,-0.00628530100608656,0.998363672593813,3.1678274223813947e-10,0.978
2399.997999999672,9.188307209344832e-06,0.0069758085382201455,-0.17518397959979115,-0.00628530100608656,0.998363672593813,3.1678913430770905e-10,0.978
2399.998999999836,9.188308498109739e-06,0.0069758085382201455,-0.17518397959979115,-0.00628530100608656,0.998363672593813,3.1678799884376625e-10,0.978
2400.0019999993965,9.188312112674534e-06,0.0069758085382201455,-0.17518397959979115,-0.00628530100608656,0.998363672593813,3.167958473425237e-10,0.978
2400.0019999993965,9.177487745672925e-06,0.006975467214254768,-0.17436556432564787,0.016308884863212334,0.998363672593813,4.2718905524315044e-10,0.978
2399.998999999836,9.285716907102917e-06,0.007037992137913593,-0.2699031007068191,0.04177933675649001,0.998363672593813,4.932502258813285e-10,0.978
2399.9960000002757,9.264076679999078e-06,0.007034946779505614,-0.2602273340788277,0.08566699113430157,0.998363672593813,7.078832860138439e-10,0.977
2399.997999999672,9.339823072964575e-06,0.007105665077279977,-0.25097939123592994,0.09264708340009938,0.998363672593813,7.667129659143483e-10,0.977
2399.9960000002757,9.242433251526391e-06,0.0070305455996367465,-0.245889570228496,0.1267860511608725,0.998363672593813,9.039383601091934e-10,0.977
2400.002000000328,9.231590637959968e-06,0.007018682551726135,-0.22821103660378794,0.10626743524974801,0.998363672593813,7.93522238425988e-10,0.977
2400.001000000164,9.264067198623998e-06,0.007034946779505614,-0.2602273340788277,0.08566699113430157,0.998363672593813,7.078916421968327e-10,0.977
2400.0029999995604,9.264066880324607e-06,0.007034946779505614,-0.2602273340788277,0.08566699113430157,0.998363672593813,7.078842104816782e-10,0.977
2400.0039999997243,9.264059615484226e-06,0.007034946779505614,-0.2602273340788277,0.08566699113430157,0.998363672593813,7.078952649286565e-10,0.977
2400.005999999121,9.285713875924335e-06,0.007043740889206949,-0.27864165870733704,0.06372482270070255,0.998363672593813,6.067489690439024e-10,0.977
2400.0029999995604,9.264076270912825e-06,0.007034946779505614,-0.2602273340788277,0.08566699113430157,0.998363672593813,7.07870333342772e-10,0.977
2399.9970000004396,9.242423463946106e-06,0.0070305455996367465,-0.245889570228496,0.1267860511608725,0.998363672593813,9.039412407852493e-10,0.976
2400.0039999997243,9.23160060735108e-06,0.007018682551726135,-0.22821103660378794,0.10626743524974801,0.998363672593813,7.935224028269167e-10,0.976
2399.993999999948,9.448056937300725e-06,0.007207469670253145,-0.11936332830594143,0.016321044943605062,0.998363672593813,5.706307293600988e-10,0.976
2400.0069999992847,9.339833170816288e-06,0.007105665077279977,-0.25097939123592994,0.09264708340009938,0.998363672593813,7.666826978523547e-10,0.976
2400.00800000038,9.339819256478715e-06,0.007105665077279977,-0.25097939123592994,0.09264708340009938,0.998363672593813,7.666956943114757e-10,0.976
2399.998999999836,9.339830010930401e-06,0.007105665077279977,-0.25097939123592994,0.09264708340009938,0.998363672593813,7.667091715205807e-10,0.976
2399.998999999836,9.242422342335362e-06,0.0070305455996367465,-0.245889570228496,0.1267860511608725,0.998363672593813,9.039525425814617e-10,0.976
2400.006000000052,9.242418071451182e-06,0.0070305455996367465,-0.245889570228496,0.1267860511608725,0.998363672593813,9.039369649224538e-10,0.976
2400.0,9.264070685152645e-06,0.007034946779505614,-0.2602273340788277,0.08566699113430157,0.998363672593813,7.078841101576738e-10,0.976
2400.0,9.242423984011068e-06,0.0070305455996367465,-0.245889570228496,0.1267860511608725,0.998363672593813,9.039429099217097e-10,0.976
2399.9980000006035,9.274903004490228e-06,0.007047120316973808,-0.278856293767356,0.10615915464352546,0.998363672593813,8.182836606903158e-10,0.976
2400.001000000164,9.242434384370358e-06,0.0070305455996367465,-0.245889570228496,0.1267860511608725,0.998363672593813,9.039284608387621e-10,0.976
2399.998999999836,9.242418021530401e-06,0.0070305455996367465,-0.245889570228496,0.1267860511608725,0.998363672593813,9.039482265909529e-10,0.976
2400.0,9.242425133470583e-06,0.0070305455996367465,-0.245889570228496,0.1267860511608725,0.998363672593813,9.03936102866429e-10,0.975
2400.006000000052,9.242422733759258e-06,0.0070305455996367465,-0.245889570228496,0.1267860511608725,0.998363672593813,9.0392461919571e-10,0.978
2400.001000000164,9.242424761722283e-06,0.0070305455996367465,-0.245889570228496,0.1267860511608725,0.998363672593813,9.039243202500308e-10,0.975
2399.9959999993443,9.242432466814794e-06,0.0070305455996367465,-0.245889570228496,0.1267860511608725,0.998363672593813,9.039440023828254e-10,0.975
2399.998999999836,9.264077005455428e-06,0.007034946779505614,-0.2602273340788277,0.08566699113430157,0.998363672593813,7.078816452175813e-10,0.975
2400.0009999992326,9.242424297194078e-06,0.0070305455996367465,-0.245889570228496,0.1267860511608725,0.998363672593813,9.039368434749084e-10,0.975
2400.001000000164,9.242421004777758e-06,0.0070305455996367465,-0.245889570228496,0.1267860511608725,0.998363672593813,9.039405569503941e-10,0.975
2399.997999999672,9.242432862671007e-06,0.0070305455996367465,-0.245889570228496,0.1267860511608725,0.998363672593813,9.039327652570156e-10,0.975
2400.0030000004917,9.242418803253137e-06,0.0070305455996367465,-0.245889570228496,0.1267860511608725,0.998363672593813,9.039345379384281e-10,0.975
2399.9969999995083,9.33983285566275e-06,0.007105665077279977,-0.25097939123592994,0.09264708340009938,0.998363672593813,7.666882061746757e-10,0.975
2400.0029999995604,9.242424616722042e-06,0.0070305455996367465,-0.245889570228496,0.1267860511608725,0.998363672593813,9.039452379888518e-10,0.975
2399.9990000007674,9.242425113805282e-06,0.0070305455996367465,-0.245889570228496,0.1267860511608725,0.998363672593813,9.039340889132156e-10,0.975
2400.002000000328,9.242416182895588e-06,0.0070305455996367465,-0.245889570228496,0.1267860511608725,0.998363672593813,9.039468964554186e-10,0.974
2399.998999999836,9.339828072966715e-06,0.007105665077279977,-0.25097939123592994,0.09264708340009938,0.998363672593813,7.666927961500305e-10,0.974
2400.001000000164,9.448050820194602e-06,0.007207469670253145,-0.11936332830594143,0.016321044943605062,0.998363672593813,5.706384697296181e-10,0.974
2400.0,9.242417969767201e-06,0.0070305455996367465,-0.245889570228496,0.1267860511608725,0.998363672593813,9.039316104503399e-10,0.974
2400.0019999993965,9.339822865130477e-06,0.007105665077279977,-0.25097939123592994,0.09264708340009938,0.998363672593813,7.666911318194787e-10,0.974
2400.0039999997243,9.502160002360609e-06,0.0072381265663482505,-0.15929781423258627,0.05995333242510088,0.998363672593813,6.975665851098828e-10,0.974
2399.998999999836,9.339827680067875e-06,0.007105665077279977,-0.25097939123592994,0.09264708340009938,0.998363672593813,7.666994660960388e-10,0.974
2400.0009999992326,9.545452321970075e-06,0.007262755609795717,-0.2016358778393128,0.043234682984527796,0.998363672593813,6.33574408341897e-10,0.974
2400.0030000004917,9.502162859468417e-06,0.0072381265663482505,-0.15929781423258627,0.05995333242510088,0.998363672593813,6.97561606535297e-10,0.974
2400.002000000328,9.448054747049725e-06,0.007207469670253145,-0.11936332830594143,0.016321044943605062,0.998363672593813,5.706407851799043e-10,0.974
2400.001000000164,9.469696076005277e-06,0.007224956747275372,-0.14957517544244459,0.035167474832154426,0.998363672593813,6.717642546439874e-10,0.974
2399.998999999836,9.404760956476508e-06,0.007183313998427185,-0.0770884530598055,0.033098942628845544,0.998363672593813,6.346184149981472e-10,0.974
2400.0,9.339826295253022e-06,0.007105665077279977,-0.25097939123592994,0.09264708340009938,0.998363672593813,7.666958270253152e-10,0.974
2399.998999999836,9.426404135957068e-06,0.007200529081089736,-0.10682968116332336,0.0519781360275326,0.998363672593813,7.357365313614764e-10,0.974
2399.9960000002757,9.448055985836194e-06,0.007207469670253145,-0.11936332830594143,0.016321044943605062,0.998363672593813,5.706308163360112e-10,0.974
2400.0,9.523809304771504e-06,0.007245688373094727,-0.17300584795321994,0.024406529256695217,0.998363672593813,5.324616180404298e-10,0.974
2400.0030000004917,9.33982460369489e-06,0.007105665077279977,-0.25097939123592994,0.09264708340009938,0.998363672593813,7.666999539798451e-10,0.974
2400.001000000164,1.2727271932728204e-05,0.009754364102678294,-1.063572175944656,0.3191542709014759,0.9587118829771318,2.2763680465888278e-09,0.974
2400.0019999993965,9.199122947885779e-06,0.0070010203338002844,-0.2117720236694578,0.07525150974311395,0.998363672593813,7.058113455496912e-10,0.973
2399.993999999948,9.350641737788755e-06,0.007147760221949005,-0.048703462842377476,0.04932817364350071,0.998363672593813,6.97560353679113e-10,0.973
2400.0019999993965,9.404758519666048e-06,0.007136759301905428,-0.23746048772323025,0.018919430615467848,0.998363672593813,4.509334408252326e-10,0.973
2399.998999999836,9.437229980479325e-06,0.007158744236779195,-0.27329354805555317,0.0362329507623541,0.998363672593813,5.365961379166342e-10,0.973
2400.0,9.437228089375083e-06,0.007158744236779195,-0.27329354805555317,0.0362329507623541,0.998363672593813,5.36576074931005e-10,0.973
2399.9969999995083,9.437233145039873e-06,0.007158744236779195,-0.27329354805555317,0.0362329507623541,0.998363672593813,5.365891873059889e-10,0.973
2400.0,9.372297936200604e-06,0.0071173831467150174,-0.21794831290092898,0.04311127099465418,0.998363672593813,5.386433381381137e-10,0.973
2400.0039999997243,9.155844310781194e-06,0.006973760343841275,-0.16862258093650073,0.060542228334844954,0.998363672593813,6.418405316134175e-10,0.973
2400.0,9.242421046919253e-06,0.007030545599636712,-0.2458895702284165,0.12678605116126845,0.998363672593813,9.039443168253508e-10,0.973
2399.9980000006035,9.24242221680468e-06,0.007030545599636712,-0.2458895702284165,0.12678605116126845,0.998363672593813,9.039401921735264e-10,0.973
2400.0039999997243,9.242425559805672e-06,0.007030545599636712,-0.2458895702284165,0.12678605116126845,0.998363672593813,9.039306108022294e-10,0.973
2400.0040000006557,9.242425203055429e-06,0.007030545599636712,-0.2458895702284165,0.12678605116126845,0.998363672593813,9.039292958823502e-10,0.973
2399.997999999672,9.123370662830621e-06,0.006953245216991763,-0.14093515587737793,0.14414651639561804,0.998363672593813,9.297281049968528e-10,0.973
2400.002000000328,9.32900570770225e-06,0.007130751646749351,-0.01843687196841115,0.030221168920244772,0.998363672593813,5.964426309998824e-10,0.973
2400.0,9.350638389808571e-06,0.00714776022194895,-0.04870346284234639,0.049328173643468046,0.998363672593813,6.975679067176343e-10,0.973
2399.9969999995083,9.426415942311084e-06,0.007185302459087657,-0.10280739826762497,0.05744184315341494,0.998363672593813,6.593878491060052e-10,0.973
2400.0039999997243,9.31817449172153e-06,0.007089563086813221,-0.18751839654751867,-0.0045647120507262785,0.998363672593813,4.6331686986076573e-10,0.973
2400.0030000004917,9.404750929333792e-06,0.007136759301905389,-0.23746048772323558,0.018919430615219626,0.998363672593813,4.509326242644507e-10,0.973
2400.0019999993965,9.4372294486618e-06,0.007158744236779155,-0.27329354805557493,0.03623295076190117,0.998363672593813,5.365825794050086e-10,0.973
2400.0029999995604,9.437233571137876e-06,0.007158744236779155,-0.27329354805557493,0.03623295076190117,0.998363672593813,5.365730454722447e-10,0.972
2399.9980000006035,9.437229542422145e-06,0.007158744236779155,-0.27329354805557493,0.03623295076190117,0.998363672593813,5.365994967198684e-10,0.972
2400.0030000004917,9.437228776577848e-06,0.007158744236779155,-0.27329354805557493,0.03623295076190117,0.998363672593813,5.365870951028968e-10,0.972
2399.9980000006035,9.43723380454e-06,0.007158744236779155,-0.27329354805557493,0.03623295076190117,0.998363672593813,5.365835717145719e-10,0.972
2400.0009999992326,9.372286195172891e-06,0.007117383146714996,-0.2179483129009765,0.04311127099420627,0.998363672593813,5.386468380558719e-10,0.972
2400.0,9.372293792946039e-06,0.007117383146714996,-0.2179483129009765,0.04311127099420627,0.998363672593813,5.386513758228076e-10,0.972
2400.001000000164,9.274888629465007e-06,0.007040021644988367,-0.21479413814969517,0.010187631415323634,0.998363672593813,4.01407217481371e-10,0.972
2400.001000000164,9.264072278085655e-06,0.007040021644988365,-0.2140870649746498,0.03257628569131485,0.998363672593813,5.118248355935359e-10,0.972
2399.9990000007674,9.231602902899646e-06,0.007018682551726142,-0.22821103660385056,0.10626743524971101,0.998363672593813,7.935140044925578e-10,0.972
2399.9960000002757,9.242420769555182e-06,0.007030545599636748,-0.24588957022854752,0.126786051160836,0.998363672593813,9.039424883483379e-10,0.972
2399.9980000006035,9.231603873588905e-06,0.007018682551726142,-0.22821103660385056,0.10626743524971101,0.998363672593813,7.935332145188805e-10,0.972
2399.9959999993443,9.242421584053514e-06,0.007030545599636748,-0.24588957022854752,0.126786051160836,0.998363672593813,9.039421470239137e-10,0.972
2400.002000000328,9.242413883246937e-06,0.007030545599636748,-0.24588957022854752,0.126786051160836,0.998363672593813,9.039412196137212e-10,0.972
2400.001000000164,9.242422948358532e-06,0.007030545599636748,-0.24588957022854752,0.126786051160836,0.998363672593813,9.039444675634745e-10,0.972
2399.9950000001118,9.2424365482197e-06,0.007030545599636748,-0.24588957022854752,0.126786051160836,0.998363672593813,9.039422928808758e-10,0.972
2400.0,9.24241008479986e-06,0.007030545599636748,-0.24588957022854752,0.126786051160836,0.998363672593813,9.039403412524148e-10,0.972
2399.993999999948,9.199139687254466e-06,0.007006459604570363,-0.20067775310134772,0.14516138149018334,0.998363672593813,9.67917613854534e-10,0.972
2400.002000000328,9.19913793545786e-06,0.007006459604570363,-0.20067775310134772,0.14516138149018334,0.998363672593813,9.679172660875306e-10,0.972
2399.9970000004396,9.329005881359556e-06,0.007130751646749354,-0.018436871968451563,0.030221168919603036,0.998363672593813,5.96434749710172e-10,0.971
2400.0009999992326,9.426408707162526e-06,0.007185302459087641,-0.1028073982676263,0.05744184315319329,0.998363672593813,6.593864964764765e-10,0.971
2400.001000000164,9.426406768964533e-06,0.007185302459087641,-0.1028073982676263,0.05744184315319329,0.998363672593813,6.593736899105006e-10,0.971
2400.001000000164,9.426411099606123e-06,0.007185302459087641,-0.1028073982676263,0.05744184315319329,0.998363672593813,6.593708432700407e-10,0.971
2400.0,9.42640081282595e-06,0.007185302459087641,-0.1028073982676263,0.05744184315319329,0.998363672593813,6.593838272942447e-10,0.971
2399.997999999672,9.426410112217189e-06,0.007185302459087641,-0.1028073982676263,0.05744184315319329,0.998363672593813,6.593919234178738e-10,0.971
2400.002000000328,9.502165582114854e-06,0.0072381265663482245,-0.15929781423259648,0.05995333242507091,0.998363672593813,6.975662847796082e-10,0.971
2399.998999999836,9.426410664129193e-06,0.007185302459087641,-0.1028073982676263,0.05744184315319329,0.998363672593813,6.593796267345176e-10,0.971
2400.0,9.42640488368593e-06,0.007185302459087641,-0.1028073982676263,0.05744184315319329,0.998363672593813,6.593826149327415e-10,0.971
2400.0009999992326,9.426401820353689e-06,0.007185302459087641,-0.1028073982676263,0.05744184315319329,0.998363672593813,6.593786192974425e-10,0.971
2399.998999999836,9.264072369542194e-06,0.007056236687532234,-0.1358291250896344,0.00732618916538964,0.998363672593813,4.994399277751109e-10,0.971
2400.0019999993965,9.26406704651133e-06,0.007056236687532234,-0.1358291250896344,0.00732618916538964,0.998363672593813,4.994322841913419e-10,0.971
2399.998999999836,9.2640703587174e-06,0.007056236687532234,-0.1358291250896344,0.00732618916538964,0.998363672593813,4.994410806575284e-10,0.971
2399.998999999836,9.31818642849603e-06,0.007089563086813207,-0.18751839654750535,-0.004564712050744041,0.998363672593813,4.6331750271709174e-10,0.971
2400.001000000164,9.318181077365973e-06,0.007089563086813207,-0.18751839654750535,-0.004564712050744041,0.998363672593813,4.633210427381689e-10,0.971
2400.0030000004917,9.372286342918939e-06,0.007152755046966469,-0.04890450553296821,0.07050102476756405,0.998363672593813,6.954968339461393e-10,0.971
2399.998999999836,9.372295077916016e-06,0.007152755046966469,-0.04890450553296821,0.07050102476756405,0.998363672593813,6.955038274008454e-10,0.971
2400.001000000164,9.31817582807217e-06,0.007086203900134793,-0.18379099715360736,0.02101416860618219,0.998363672593813,5.355525006761766e-10,0.97
2400.002000000328,9.404761471841904e-06,0.007136759301905387,-0.2374604877232489,0.018919430614991316,0.998363672593813,4.5093859799803315e-10,0.971
2400.001000000164,9.404758944875524e-06,0.007136759301905387,-0.2374604877232489,0.018919430614991316,0.998363672593813,4.509357761814351e-10,0.971
2399.998999999836,9.437233695862197e-06,0.007158744236779153,-0.2732935480555816,0.03623295076187939,0.998363672593813,5.365891436940234e-10,0.971
2399.997999999672,9.43722872163656e-06,0.007158744236779153,-0.2732935480555816,0.03623295076187939,0.998363672593813,5.365866465775047e-10,0.97
2399.998999999836,9.437230079294671e-06,0.007158744236779153,-0.2732935480555816,0.03623295076187939,0.998363672593813,5.365856790976232e-10,0.97
2399.9980000006035,9.437225825798397e-06,0.007158744236779153,-0.2732935480555816,0.03623295076187939,0.998363672593813,5.365826902207627e-10,0.97
2400.001000000164,9.372294211804228e-06,0.007117383146714993,-0.21794831290096983,0.04311127099439082,0.998363672593813,5.386440149323389e-10,0.97
2400.001000000164,9.437225351989327e-06,0.007158744236779153,-0.2732935480555816,0.03623295076187939,0.998363672593813,5.365783772350717e-10,0.97
2400.002000000328,9.437227891060048e-06,0.007158744236779153,-0.2732935480555816,0.03623295076187939,0.998363672593813,5.365846430958017e-10,0.97
2399.998999999836,9.437228573424858e-06,0.007158744236779153,-0.2732935480555816,0.03623295076187939,0.998363672593813,5.365886885202376e-10,0.97
2400.0,9.372292354180836e-06,0.007117383146714993,-0.21794831290096983,0.04311127099439082,0.998363672593813,5.386442102157653e-10,0.97
2399.998999999836,9.372289240721622e-06,0.007117383146714993,-0.21794831290096983,0.04311127099439082,0.998363672593813,5.386454698933882e-10,0.97
2400.0,9.372293464301873e-06,0.007117383146714993,-0.21794831290096983,0.04311127099439082,0.998363672593813,5.386475711822746e-10,0.97
2400.001000000164,9.372293193964984e-06,0.007117383146714993,-0.21794831290096983,0.04311127099439082,0.998363672593813,5.386488116854801e-10,0.97
2400.001000000164,9.372292270794532e-06,0.007117383146714993,-0.21794831290096983,0.04311127099439082,0.998363672593813,5.386428911001938e-10,0.97
2400.0,9.372286510731843e-06,0.007117383146714993,-0.21794831290096983,0.04311127099439082,0.998363672593813,5.38649096988229e-10,0.97
2399.998999999836,9.372295885543271e-06,0.007117383146714993,-0.21794831290096983,0.04311127099439082,0.998363672593813,5.386442961390729e-10,0.97
2400.0,9.372298628199457e-06,0.007117383146714993,-0.21794831290096983,0.04311127099439082,0.998363672593813,5.386500732904531e-10,0.97
2400.001000000164,9.437233684214524e-06,0.007158744236779153,-0.2732935480555816,0.03623295076187939,0.998363672593813,5.365859655490917e-10,0.97
2400.0,9.437231604211125e-06,0.007158744236779153,-0.2732935480555816,0.03623295076187939,0.998363672593813,5.365883129291641e-10,0.97
2400.0019999993965,9.372293513033735e-06,0.007117383146714993,-0.21794831290096983,0.04311127099439082,0.998363672593813,5.386486078856318e-10,0.97
2400.001000000164,9.264067905065253e-06,0.007040021644988363,-0.2140870649746387,0.032576285691709984,0.998363672593813,5.118181454153077e-10,0.97
2399.998999999836,9.2640677216474e-06,0.007040021644988363,-0.2140870649746387,0.032576285691709984,0.998363672593813,5.118225468017172e-10,0.97
2510.54899999965,9.616321719214204e-06,0.007226033926449808,-0.08230968509867198,-0.3244938294367444,4.313239124855397,-7.842671529742735e-10,0.969
2540.678999999538,9.517643330180881e-06,0.007224984527347487,-0.12983071431146032,-0.2353534296340658,4.282885976749281,-4.366557052019191e-10,0.977
2550.6359999999404,9.586583513759099e-06,0.007303964769085287,-0.1361140844730242,-0.22705843686170635,4.284206859411018,-4.025764639077224e-10,0.978
2550.6359999999404,9.586583513759099e-06,0.007303964769085287,-0.1361140844730242,-0.22705843686170635,4.284206859411018,-4.025764639077224e-10,0.978
2541.0,9.39173035167737e-06,0.007097703638715032,-0.31731091610208395,0.07037484925728717,4.279939814181872,7.142449819144633e-10,0.982
2541.0,9.39173035167737e-06,0.007097703638715032,-0.31731091610208395,0.07037484925728717,4.279939814181872,7.142449819144633e-10,0.982
2560.8700000001118,9.525087075101469e-06,0.007277854715553211,-0.1741666203106318,-0.16477751071583377,4.294009995192047,-1.687717796177047e-10,0.984
2560.8700000001118,9.525087075101469e-06,0.007277854715553211,-0.1741666203106318,-0.16477751071583377,4.294009995192047,-1.687717796177047e-10,0.984
2400.0,9.188303933704595e-06,0.007018682551726162,-0.07974068162180625,-0.0017360643609869106,0.998363672593813,5.376229525663032e-10,0.976
2399.998999999836,9.264067007464388e-06,0.0070562366875322885,-0.13582912508965306,0.007326189165451024,0.998363672593813,4.994351750402067e-10,0.976
2400.002000000328,9.35064264653637e-06,0.007108680140035399,-0.22115716851110356,0.038220649948327516,0.998363672593813,6.211939749170424e-10,0.976
2400.001000000164,9.437226661417794e-06,0.007158744236779195,-0.27329354805555317,0.0362329507623541,0.998363672593813,5.366037663559569e-10,0.976
2399.997999999672,9.372301740951362e-06,0.0071173831467150174,-0.21794831290092898,0.04311127099465418,0.998363672593813,5.386560105404775e-10,0.975
2400.002000000328,9.166664718573533e-06,0.006968295548923188,-0.16078701797379313,0.015799315544102358,0.998363672593813,4.179188536928524e-10,0.975
2399.997999999672,9.155851760672786e-06,0.006973760343841275,-0.16862258093650073,0.060542228334844954,0.998363672593813,6.418461486169472e-10,0.975
2399.9959999993443,9.155846216339859e-06,0.006973760343841275,-0.16862258093650073,0.060542228334844954,0.998363672593813,6.418451572287085e-10,0.975
2399.9990000007674,9.123368173116659e-06,0.006958037490146591,-0.13722405152640427,0.08129498956131616,0.998363672593813,7.274891125411716e-10,0.975
2399.9959999993443,9.177485503097893e-06,0.006997278382478759,-0.19905657460002502,0.11650913905737058,0.998363672593813,9.018808881926038e-10,0.975
2400.001000000164,9.177481962125505e-06,0.006997278382478759,-0.19905657460002502,0.11650913905737058,0.998363672593813,9.018767499703089e-10,0.974
2400.0,9.242426363772393e-06,0.007030545599636712,-0.2458895702284165,0.12678605116126845,0.998363672593813,9.039517106359594e-10,0.974
2400.0,9.242418849405279e-06,0.007030545599636712,-0.2458895702284165,0.12678605116126845,0.998363672593813,9.039355742580087e-10,0.959
2279.9959999993443,8.953636086875884e-06,0.006487842882126362,-0.29269835672490174,0.08118678454304089,0.9927744539878083,6.922263191450031e-10,0.957
2279.998999999836,8.941109998260867e-06,0.006500809666171574,-0.10070310976124519,0.03516401330103846,1.0,5.893910721032123e-10,0.958
2280.0029999995604,8.746864434400063e-06,0.006350300448756235,-0.17413944828722272,-0.030170995118809243,1.0,3.9555929545502987e-10,0.96
2280.002000000328,8.759396986324961e-06,0.006346155072997074,-0.1736977689417123,-0.012190908318346332,1.0,3.7182392875525204e-10,0.961
2400.001000000164,9.220775810034446e-06,0.007010536288160772,-0.21886957919167482,0.16767737029866564,0.998363672593813,9.926886122360504e-10,0.961
2400.001000000164,9.45887705765348e-06,0.007205156883391601,-0.1315925377274838,0.09964476232780646,0.998363672593813,8.172650289188925e-10,0.962
2399.9960000002757,9.458878538603182e-06,0.007205156883391601,-0.1315925377274838,0.09964476232780646,0.998363672593813,8.172640818100117e-10,0.963
2399.9980000006035,9.350647038316005e-06,0.007108680140035359,-0.221157168511112,0.03822064994807849,0.998363672593813,6.211993718368416e-10,0.963
2399.998999999836,9.43722941683283e-06,0.007158744236779155,-0.27329354805557493,0.03623295076190117,0.998363672593813,5.365873742998411e-10,0.963
2399.997999999672,9.437232527628725e-06,0.007158744236779155,-0.27329354805557493,0.03623295076190117,0.998363672593813,5.36587027476875e-10,0.964
2399.9980000006035,9.361473696430709e-06,0.00711771766522841,-0.21679366595280003,0.06524821900213071,0.998363672593813,6.490613595798667e-10,0.964
2400.001000000164,9.361466935077665e-06,0.00711771766522841,-0.21679366595280003,0.06524821900213071,0.998363672593813,6.490528891719913e-10,0.964
2399.998999999836,9.361478133977834e-06,0.00711771766522841,-0.21679366595280003,0.06524821900213071,0.998363672593813,6.490597842261828e-10,0.964
2399.998999999836,9.339824129478587e-06,0.007110689471626824,-0.20139288249712006,0.08716963790088392,0.998363672593813,7.501867358226096e-10,0.964
2400.001000000164,9.339823733378037e-06,0.007110689471626824,-0.20139288249712006,0.08716963790088392,0.998363672593813,7.501813319667732e-10,0.965
2400.002000000328,9.339824337956128e-06,0.007117383146714999,-0.2105031939380524,0.1086321447608443,0.998363672593813,8.636853554132262e-10,0.965
2399.9990000007674,9.383113298938854e-06,0.007144761650861337,-0.2507512699171004,0.12243436225871372,0.998363672593813,9.276750724317947e-10,0.965
2399.9960000002757,9.166662030988484e-06,0.0069850179806838185,-0.1799287563438079,0.09594930621763541,0.998363672593813,7.914712824105993e-10,0.965
2400.0,9.166666604797723e-06,0.0069850179806838185,-0.1799287563438079,0.09594930621763541,0.998363672593813,7.914704845810965e-10,0.965
2400.0049999998882,9.17749323736979e-06,0.006997278382478778,-0.19905657460009074,0.11650913905715321,0.998363672593813,9.01870841667768e-10,0.965
2399.997999999672,9.24242752148871e-06,0.007030545599636748,-0.24588957022854752,0.126786051160836,0.998363672593813,9.039402886486057e-10,0.965
2399.998999999836,9.242428367124352e-06,0.007030545599636748,-0.24588957022854752,0.126786051160836,0.998363672593813,9.039423504402235e-10,0.965
2400.0030000004917,9.242425802048377e-06,0.007030545599636748,-0.24588957022854752,0.126786051160836,0.998363672593813,9.039340388810003e-10,0.965
2399.998999999836,9.242426295848289e-06,0.007030545599636748,-0.24588957022854752,0.126786051160836,0.998363672593813,9.039373434144556e-10,0.965
2400.001000000164,9.145023428826209e-06,0.0069713700231733376,-0.1688116292356705,0.16245782428308952,0.998363672593813,1.0308510392714755e-09,0.965
2400.001000000164,9.199130075071087e-06,0.007006459604570363,-0.20067775310134772,0.14516138149018334,0.998363672593813,9.67917038028814e-10,0.965
2400.0040000006557,9.199131061275534e-06,0.007006459604570363,-0.20067775310134772,0.14516138149018334,0.998363672593813,9.679144840181013e-10,0.965
2399.998999999836,9.199134665270513e-06,0.007006459604570363,-0.20067775310134772,0.14516138149018334,0.998363672593813,9.67923555581264e-10,0.965
2400.0019999993965,9.145014695863807e-06,0.0069713700231733376,-0.1688116292356705,0.16245782428308952,0.998363672593813,1.030867668348342e-09,0.965
2399.9970000004396,9.318179188476162e-06,0.007084523709500579,-0.22737847818711598,0.13378779847226022,0.998363672593813,8.554391734161778e-10,0.965
2400.001000000164,9.145011856716722e-06,0.0069713700231733376,-0.1688116292356705,0.16245782428308952,0.998363672593813,1.030861648664435e-09,0.965
2400.002000000328,9.145011989071079e-06,0.0069713700231733376,-0.1688116292356705,0.16245782428308952,0.998363672593813,1.0308489948373734e-09,0.965
2400.0019999993965,9.145021447032746e-06,0.0069713700231733376,-0.1688116292356705,0.16245782428308952,0.998363672593813,1.030870651947661e-09,0.965
2399.998999999836,9.09091057483627e-06,0.0069388485390314515,-0.1109347435807404,0.1774180747688212,0.998363672593813,1.0669837275065762e-09,0.965
2399.9980000006035,9.372299090817469e-06,0.007152755046966469,-0.04890450553296821,0.07050102476756405,0.998363672593813,6.955077486472706e-10,0.965
2400.0,9.318175428324112e-06,0.007084523709500579,-0.22737847818711598,0.13378779847226022,0.998363672593813,8.554443173647076e-10,0.965
2399.997999999672,9.372292733730982e-06,0.007152755046966469,-0.04890450553296821,0.07050102476756405,0.998363672593813,6.955071260683113e-10,0.965
2399.997999999672,9.264070140768224e-06,0.007056236687532234,-0.1358291250896344,0.00732618916538964,0.998363672593813,4.994339589593282e-10,0.965
2400.0,9.264069035479791e-06,0.007056236687532234,-0.1358291250896344,0.00732618916538964,0.998363672593813,4.994326821796524e-10,0.965
2400.0,9.285709590790998e-06,0.007067362948626519,-0.16413309120195763,0.04521599284478456,0.998363672593813,6.232663875594461e-10,0.956
2280.0,8.847119554900204e-06,0.006398190533679275,-0.269451124061558,0.026042333354931363,1.0,5.300518913680038e-10,0.954
2280.0039999997243,8.84711782076245e-06,0.006398190533679275,-0.269451124061558,0.026042333354931363,1.0,5.300462143909791e-10,0.956
2280.0009999992326,8.765664660657282e-06,0.006345118305893868,-0.20523804436076842,0.02478179054085882,1.0,4.944491638105408e-10,0.957
2280.0009999992326,8.991229845697909e-06,0.006533114031407086,-0.04849615831141918,-0.09927277058973989,0.9927744539878083,1.1470308240431223e-10,0.958
2279.998999999836,9.06641395682163e-06,0.006579673644122291,-0.11202625408225364,-0.07242707429567702,0.9927744539878083,1.4635811927900107e-10,0.958
2280.002000000328,9.028819530625348e-06,0.006568465333858808,-0.0930226247382473,-0.02391122907877424,0.9927744539878083,3.8368670808405156e-10,0.959
2279.9990000007674,9.028827764993877e-06,0.006568465333858808,-0.0930226247382473,-0.02391122907877424,0.9927744539878083,3.836958315563556e-10,0.959
2280.001000000164,8.884709893904387e-06,0.006475866127805833,-0.05364506692019422,-0.015193886401662502,1.0,4.4303054224424874e-10,0.96
2280.0,8.928574111594343e-06,0.00650080966617154,-0.10220780102651306,0.004428628570652793,1.0,5.260888425469549e-10,0.96
2280.0029999995604,8.759391048880335e-06,0.006369334427758641,-0.11120726622039223,-0.1112948150686276,0.9927744539878083,8.70234072816752e-11,0.96
2399.998999999836,9.274896939403476e-06,0.007077462553096001,-0.19575317460906838,0.15013834379049223,0.998363672593813,1.0391159734932086e-09,0.96
2400.0040000006557,9.264064608230198e-06,0.0070650042968342,-0.17759282894665152,0.13004422270633037,0.998363672593813,9.287064908253056e-10,0.961
2400.001000000164,9.123378554511513e-06,0.0069580374901466084,-0.13722405152642203,0.08129498956149614,0.998363672593813,7.274944593676265e-10,0.961
2399.9980000006035,9.177488707180923e-06,0.006997278382478782,-0.19905657460007697,0.11650913905733569,0.998363672593813,9.01874635756918e-10,0.961
2400.0009999992326,9.231599358287195e-06,0.007050835816716027,-0.15609949864757544,0.1361000170358105,0.998363672593813,9.751459406149937e-10,0.961
2399.998999999836,9.177495917150066e-06,0.006997278382478782,-0.19905657460007697,0.11650913905733569,0.998363672593813,9.018916960399776e-10,0.961
2400.001000000164,9.123372534433876e-06,0.0069580374901466084,-0.13722405152642203,0.08129498956149614,0.998363672593813,7.274706491846049e-10,0.961
2400.002000000328,9.177491447361266e-06,0.006997278382478782,-0.19905657460007697,0.11650913905733569,0.998363672593813,9.018652680965614e-10,0.961
2399.998999999836,9.199140891302612e-06,0.007006459604570364,-0.20067775310132419,0.14516138149037297,0.998363672593813,9.679167369997362e-10,0.961
2400.0030000004917,9.199135968871219e-06,0.007006459604570364,-0.20067775310132419,0.14516138149037297,0.998363672593813,9.679202009973134e-10,0.961
2400.0,9.242421760250692e-06,0.007030545599636737,-0.24588957022850932,0.12678605116102246,0.998363672593813,9.039363930015579e-10,0.962
2400.0,9.177481929180728e-06,0.006997278382478782,-0.19905657460007697,0.11650913905733569,0.998363672593813,9.018903595494307e-10,0.962
2399.9969999995083,9.199141130284706e-06,0.007006459604570364,-0.20067775310132419,0.14516138149037297,0.998363672593813,9.679250113591079e-10,0.962
2400.0,9.177490867595205e-06,0.006997278382478782,-0.19905657460007697,0.11650913905733569,0.998363672593813,9.01871946690805e-10,0.962
2400.0,9.177488005874631e-06,0.006997278382478782,-0.19905657460007697,0.11650913905733569,0.998363672593813,9.018714961921213e-10,0.962
2400.0039999997243,9.199130744642968e-06,0.007006459604570364,-0.20067775310132419,0.14516138149037297,0.998363672593813,9.679107524552386e-10,0.962
2399.997999999672,9.199129871666555e-06,0.007006459604570364,-0.20067775310132419,0.14516138149037297,0.998363672593813,9.679206359800071e-10,0.962
2400.0029999995604,9.199130603325144e-06,0.007006459604570364,-0.20067775310132419,0.14516138149037297,0.998363672593813,9.679157296449845e-10,0.962
2399.998999999836,9.199130355795532e-06,0.007006459604570364,-0.20067775310132419,0.14516138149037297,0.998363672593813,9.679177447204008e-10,0.962
2399.997999999672,9.199137450157658e-06,0.007006459604570364,-0.20067775310132419,0.14516138149037297,0.998363672593813,9.679172393448155e-10,0.962
2400.0040000006557,9.14502407771089e-06,0.006971370023173364,-0.16881162923561188,0.162457824283503,0.998363672593813,1.030854387755062e-09,0.962
2399.9980000006035,9.199132143534047e-06,0.007006459604570364,-0.20067775310132419,0.14516138149037297,0.998363672593813,9.679160914194478e-10,0.943
2280.0009999992326,8.966170004177047e-06,0.006499190232960587,-0.1629183021294205,0.09751865453493094,1.0,7.555141274552687e-10,0.941
2280.006000000052,9.060147047665004e-06,0.00656626145334499,-0.21265731138347332,0.11243555488075675,1.0,8.464898823873445e-10,0.942
2279.998999999836,8.966171027930134e-06,0.006499190232960587,-0.1629183021294205,0.09751865453493094,1.0,7.555170028381582e-10,0.943
2279.9970000004396,8.84711863445824e-06,0.006398190533679275,-0.269451124061558,0.026042333354931363,1.0,5.300598554264988e-10,0.944
2279.9960000002757,8.847123098345072e-06,0.006398190533679275,-0.269451124061558,0.026042333354931363,1.0,5.300517438915853e-10,0.945
2280.001000000164,8.847124695089452e-06,0.006398190533679275,-0.269451124061558,0.026042333354931363,1.0,5.300423679365287e-10,0.946
2280.0,8.84711660452199e-06,0.006398190533679275,-0.269451124061558,0.026042333354931363,1.0,5.30055845498685e-10,0.946
2279.998999999836,8.847120104521311e-06,0.006398190533679275,-0.269451124061558,0.026042333354931363,1.0,5.300513696758697e-10,0.947
2280.001000000164,8.847119430992755e-06,0.006398190533679275,-0.269451124061558,0.026042333354931363,1.0,5.300486682890922e-10,0.947
2280.001000000164,8.84712148468914e-06,0.006398190533679275,-0.269451124061558,0.026042333354931363,1.0,5.300554415128152e-10,0.948
2280.001000000164,8.84712034768614e-06,0.006398190533679275,-0.269451124061558,0.026042333354931363,1.0,5.300460233675074e-10,0.948
2279.9990000007674,8.790728273666664e-06,0.006386457711851153,-0.2384891570622738,0.10265325675793932,0.9927744539878083,8.900010075042475e-10,0.948
2280.001000000164,8.847119945999275e-06,0.006398190533679275,-0.269451124061558,0.026042333354931363,1.0,5.300446434362363e-10,0.949
2279.9980000006035,8.828318822680265e-06,0.006394693523786563,-0.2608161827520896,0.051985661739437264,1.0,6.526776239841274e-10,0.949
2280.0,8.847114473898102e-06,0.006398190533679275,-0.269451124061558,0.026042333354931363,1.0,5.300474743839683e-10,0.949
2280.0,8.847122234275268e-06,0.006398190533679275,-0.269451124061558,0.026042333354931363,1.0,5.300526422992275e-10,0.949
2280.0,8.847111836268264e-06,0.006398190533679275,-0.269451124061558,0.026042333354931363,1.0,5.300578708480224e-10,0.949
2280.0,8.822052018499162e-06,0.0063990130818003905,-0.26711110558244844,0.07766836081518952,0.9927744539878083,7.83207165983191e-10,0.95
2280.001000000164,8.79072444239692e-06,0.006386457711851153,-0.2384891570622738,0.10265325675793932,0.9927744539878083,8.900054927778033e-10,0.95
2280.002000000328,8.897240688003663e-06,0.006463663618136455,-0.2512345979609476,0.06673350177486066,0.9927744539878083,7.357455773731848e-10,0.95
2280.001000000164,8.884710937879684e-06,0.006439189226504892,-0.2966284022129426,0.09864387786084951,0.9927744539878083,7.99028769973437e-10,0.95
2280.0030000004917,8.828320380965458e-06,0.006394693523786563,-0.2608161827520896,0.051985661739437264,1.0,6.526701752442777e-10,0.95
2279.9990000007674,8.79072748103126e-06,0.006386457711851153,-0.2384891570622738,0.10265325675793932,0.9927744539878083,8.900046877795777e-10,0.95
2280.0,8.790728033247495e-06,0.006386457711851153,-0.2384891570622738,0.10265325675793932,0.9927744539878083,8.900118107749329e-10,0.95
2279.9990000007674,8.709272085810628e-06,0.006332040495930617,-0.17089413521137775,0.10194008631470432,0.9927744539878083,8.544071634784176e-10,0.951
2279.998999999836,8.803258473311492e-06,0.00638480927465215,-0.2317332643960901,0.09787300653264988,0.9927744539878083,7.634349152266527e-10,0.951
2280.0039999997243,8.991225651268747e-06,0.006515366451704748,-0.3101053861549019,0.06470384104142775,0.9927744539878083,6.447669711876653e-10,0.951
2279.997999999672,8.79071954645994e-06,0.006386457711851153,-0.2384891570622738,0.10265325675793932,0.9927744539878083,8.900072233264422e-10,0.951
2279.998999999836,8.790726013151421e-06,0.006386457711851153,-0.2384891570622738,0.10265325675793932,0.9927744539878083,8.900070138074074e-10,0.951
2279.997999999672,8.709273556046168e-06,0.006332040495930617,-0.17089413521137775,0.10194008631470432,0.9927744539878083,8.544171003307033e-10,0.951
2279.998999999836,8.95990176519931e-06,0.006497772897814977,-0.30861082131931505,0.10541299801795902,0.9927744539878083,8.227550172536555e-10,0.951
2279.998999999836,9.110277231582332e-06,0.006622131951188146,-0.1566087517325503,-0.020927123495913778,0.9927744539878083,4.1928947841426583e-10,0.951
2279.997999999672,8.991232719114706e-06,0.006515366451704748,-0.3101053861549019,0.06470384104142775,0.9927744539878083,6.447639014286463e-10,0.951
2280.001000000164,8.884710134563658e-06,0.006439189226504892,-0.2966284022129426,0.09864387786084951,0.9927744539878083,7.990346515620077e-10,0.951
2280.0,8.790731751937714e-06,0.006386457711851153,-0.2384891570622738,0.10265325675793932,0.9927744539878083,8.90005227343191e-10,0.951
2280.0,8.709270206047769e-06,0.006332040495930617,-0.17089413521137775,0.10194008631470432,0.9927744539878083,8.544075365130298e-10,0.951
2280.002000000328,8.872182323358297e-06,0.006448990129021003,-0.21913767998808842,0.10939315969718129,0.9927744539878083,8.227622132710996e-10,0.951
2279.998999999836,9.035084017047404e-06,0.006580673457777289,-0.11585165653983642,0.03994155441669882,1.0,6.803675975210153e-10,0.951
2280.0,9.035090734496038e-06,0.006580673457777289,-0.11585165653983642,0.03994155441669882,1.0,6.803657988798405e-10,0.951
2280.001000000164,8.90977296623679e-06,0.0064612203507582395,-0.24760017414196733,0.06332308322632588,0.9927744539878083,6.091608958190785e-10,0.951
2280.001000000164,8.865914555126084e-06,0.006438984882401052,-0.20255350975373654,0.08502042875876736,0.9927744539878083,6.922228881956858e-10,0.952
2280.001000000164,8.99122925843911e-06,0.006515366451704748,-0.3101053861549019,0.06470384104142775,0.9927744539878083,6.447595779567809e-10,0.952
2280.0,8.909772755811948e-06,0.00646529195009784,-0.24728063524823085,0.10285503478497224,0.9927744539878083,7.752949693514498e-10,0.952
2279.9990000007674,8.872184549227177e-06,0.006448990129021003,-0.21913767998808842,0.10939315969718129,0.9927744539878083,8.227715943367461e-10,0.952
2280.001000000164,9.035088100711072e-06,0.006580673457777289,-0.11585165653983642,0.03994155441669882,1.0,6.803594948980954e-10,0.952
2280.0,8.99122870661687e-06,0.0065556323714401,-0.06929821001055725,0.021013132718004066,1.0,5.973032817541376e-10,0.952
2280.0,8.991230051245592e-06,0.0065556323714401,-0.06929821001055725,0.021013132718004066,1.0,5.972898447744581e-10,0.952
2279.9969999995083,8.984971061579582e-06,0.006546192143448513,-0.04987284505497058,-0.0034772321810851376,0.9927744539878083,4.667575897536996e-10,0.952
2280.002000000328,8.87217975458914e-06,0.006448990129021003,-0.21913767998808842,0.10939315969718129,0.9927744539878083,8.227662279715852e-10,0.952
2280.001000000164,8.916041252983105e-06,0.006474850130352535,-0.2619816635369059,0.1271568283938707,0.9927744539878083,9.058244566449518e-10,0.952
2279.9990000007674,9.035085534003482e-06,0.006580673457777289,-0.11585165653983642,0.03994155441669882,1.0,6.803637477958301e-10,0.952
2279.998999999836,9.035087059744702e-06,0.006580673457777289,-0.11585165653983642,0.03994155441669882,1.0,6.803631666019993e-10,0.952
2280.0019999993965,8.991226888755844e-06,0.0065556323714401,-0.06929821001055725,0.021013132718004066,1.0,5.972930027584353e-10,0.952
2280.0,9.035091528158176e-06,0.006580673457777289,-0.11585165653983642,0.03994155441669882,1.0,6.803638543478127e-10,0.952
2280.001000000164,9.035087707196876e-06,0.006580673457777289,-0.11585165653983642,0.03994155441669882,1.0,6.803658134583229e-10,0.952
2279.997999999672,9.035093427637906e-06,0.006580673457777289,-0.11585165653983642,0.03994155441669882,1.0,6.803654360042882e-10,0.952
2279.998999999836,9.104008967464952e-06,0.006613184597931281,-0.17055011728622382,0.054310780672372966,1.0,6.922366859511394e-10,0.952
2280.0,9.035086925632112e-06,0.006580673457777289,-0.11585165653983642,0.03994155441669882,1.0,6.803666152421436e-10,0.952
2280.0019999993965,9.035086959710653e-06,0.006580673457777289,-0.11585165653983642,0.03994155441669882,1.0,6.803593407373054e-10,0.952
2279.998999999836,9.035088504141017e-06,0.006580673457777289,-0.11585165653983642,0.03994155441669882,1.0,6.803645313807704e-10,0.952
2280.0,9.035085688993045e-06,0.006580673457777289,-0.11585165653983642,0.03994155441669882,1.0,6.803647212223789e-10,0.952
2279.998999999836,9.035088596484291e-06,0.006580673457777289,-0.11585165653983642,0.03994155441669882,1.0,6.803641579133767e-10,0.952
2280.0,9.104008909796887e-06,0.006613184597931281,-0.17055011728622382,0.054310780672372966,1.0,6.922259972261452e-10,0.952
2280.0,9.03508958249763e-06,0.006580673457777289,-0.11585165653983642,0.03994155441669882,1.0,6.803635618184753e-10,0.952
2280.0,9.035085835186432e-06,0.006580673457777289,-0.11585165653983642,0.03994155441669882,1.0,6.80365049685903e-10,0.952
2279.998999999836,9.03509137205855e-06,0.006580673457777289,-0.11585165653983642,0.03994155441669882,1.0,6.803675203898455e-10,0.952
2280.0,9.03508585277481e-06,0.006580673457777289,-0.11585165653983642,0.03994155441669882,1.0,6.803625178456185e-10,0.952
2279.9989999989048,9.035087349943455e-06,0.006580673457777289,-0.11585165653983642,0.03994155441669882,1.0,6.803648335964245e-10,0.952
2280.001000000164,9.035086288078737e-06,0.006580673457777289,-0.11585165653983642,0.03994155441669882,1.0,6.80366062945729e-10,0.952
2280.0,9.035089808938825e-06,0.006580673457777289,-0.11585165653983642,0.03994155441669882,1.0,6.80359641758005e-10,0.952
2280.0,9.035088751474688e-06,0.006580673457777289,-0.11585165653983642,0.03994155441669882,1.0,6.803647712145413e-10,0.952
2279.998999999836,8.978694638569414e-06,0.0065492064605689225,-0.05740477574506864,0.05641767029957032,1.0,7.317865638046316e-10,0.952
2280.001000000164,9.104009789849288e-06,0.006613184597931281,-0.17055011728622382,0.054310780672372966,1.0,6.922221178731445e-10,0.952
2280.001000000164,9.035088470064768e-06,0.006580673457777289,-0.11585165653983642,0.03994155441669882,1.0,6.803594823160662e-10,0.952
2279.997999999672,9.035089369246547e-06,0.006580673457777289,-0.11585165653983642,0.03994155441669882,1.0,6.803648571250227e-10,0.952
2280.0,9.0350894714755e-06,0.006580673457777289,-0.11585165653983642,0.03994155441669882,1.0,6.803676369309778e-10,0.952
2280.001000000164,8.978696923061144e-06,0.0065492064605689225,-0.05740477574506864,0.05641767029957032,1.0,7.317850632880508e-10,0.952
2280.002000000328,9.047615479152807e-06,0.006581473199344049,-0.11261686221424272,0.07077072314197327,1.0,7.436504552985197e-10,0.952
2280.001000000164,8.978699543964032e-06,0.0065492064605689225,-0.05740477574506864,0.05641767029957032,1.0,7.317806427175032e-10,0.952
2280.0,9.035090513559334e-06,0.006580673457777289,-0.11585165653983642,0.03994155441669882,1.0,6.803620911185587e-10,0.952
2279.998999999836,9.035091512766023e-06,0.006580673457777289,-0.11585165653983642,0.03994155441669882,1.0,6.803611436805679e-10,0.952
2280.001000000164,9.035086284772918e-06,0.006580673457777289,-0.11585165653983642,0.03994155441669882,1.0,6.803636746103962e-10,0.952
2280.001000000164,9.035085188840053e-06,0.006580673457777289,-0.11585165653983642,0.03994155441669882,1.0,6.803608668727478e-10,0.952
2280.0,9.035091267634184e-06,0.006580673457777289,-0.11585165653983642,0.03994155441669882,1.0,6.803588649177875e-10,0.952
2279.998000001535,9.035087166371595e-06,0.006580673457777289,-0.11585165653983642,0.03994155441669882,1.0,6.803676505503361e-10,0.952
2280.0,9.104009437662446e-06,0.006613184597931281,-0.17055011728622382,0.054310780672372966,1.0,6.922312233947672e-10,0.952
2279.998999999836,9.035090209057752e-06,0.006580673457777289,-0.11585165653983642,0.03994155441669882,1.0,6.803549279096798e-10,0.952
2280.001000000164,9.035086260597565e-06,0.006580673457777289,-0.11585165653983642,0.03994155441669882,1.0,6.803560390976718e-10,0.952
2280.002000000328,9.104009000158494e-06,0.006613184597931281,-0.17055011728622382,0.054310780672372966,1.0,6.922225670298508e-10,0.952
2280.0,9.047617997359121e-06,0.006581473199344049,-0.11261686221424272,0.07077072314197327,1.0,7.436490916641274e-10,0.952
2280.001000000164,9.047621019796832e-06,0.006581473199344049,-0.11261686221424272,0.07077072314197327,1.0,7.436421389989502e-10,0.952
2280.001000000164,9.047618353900503e-06,0.006581473199344049,-0.11261686221424272,0.07077072314197327,1.0,7.43645651929599e-10,0.952
2280.0009999983013,9.03508678273553e-06,0.006580673457777289,-0.11585165653983642,0.03994155441669882,1.0,6.803602078965499e-10,0.952
2280.0009999983013,8.978695278441635e-06,0.0065492064605689225,-0.05740477574506864,0.05641767029957032,1.0,7.317853097280793e-10,0.952
2280.001000000164,8.978694318532706e-06,0.0065492064605689225,-0.05740477574506864,0.05641767029957032,1.0,7.317882715934266e-10,0.952
2280.001000000164,8.978699914357211e-06,0.0065492064605689225,-0.05740477574506864,0.05641767029957032,1.0,7.317861997028095e-10,0.952
2280.0009999983013,8.978697106322352e-06,0.0065492064605689225,-0.05740477574506864,0.05641767029957032,1.0,7.317825207011047e-10,0.952
2280.0,8.978696319025581e-06,0.0065492064605689225,-0.05740477574506864,0.05641767029957032,1.0,7.317800891000565e-10,0.952
2280.0,9.035085784623426e-06,0.006580673457777289,-0.11585165653983642,0.03994155441669882,1.0,6.803642245844101e-10,0.952
2280.0,9.047612869956567e-06,0.006581473199344049,-0.11261686221424272,0.07077072314197327,1.0,7.436508889628191e-10,0.952
2280.0030000004917,8.978693382801286e-06,0.0065492064605689225,-0.05740477574506864,0.05641767029957032,1.0,7.317801672702075e-10,0.952
2280.001000000164,8.97869518344073e-06,0.0065492064605689225,-0.05740477574506864,0.05641767029957032,1.0,7.317853258657751e-10,0.952
2280.001000000164,9.035091649058652e-06,0.006580673457777289,-0.11585165653983642,0.03994155441669882,1.0,6.803622449227447e-10,0.952
2279.998999999836,8.978696579664355e-06,0.0065492064605689225,-0.05740477574506864,0.05641767029957032,1.0,7.317870574923135e-10,0.952
2280.001000000164,9.035081554756828e-06,0.006580673457777289,-0.11585165653983642,0.03994155441669882,1.0,6.803575178337681e-10,0.952
2279.998999999836,9.047620184370017e-06,0.006581473199344049,-0.11261686221424272,0.07077072314197327,1.0,7.436536740717864e-10,0.952
2279.998999999836,8.978694618887033e-06,0.0065492064605689225,-0.05740477574506864,0.05641767029957032,1.0,7.317897490219548e-10,0.952
2280.0,8.978695659286814e-06,0.0065492064605689225,-0.05740477574506864,0.05641767029957032,1.0,7.317848092190483e-10,0.952
2279.998999999836,9.035090448680735e-06,0.006580673457777289,-0.11585165653983642,0.03994155441669882,1.0,6.803724552319138e-10,0.952
2279.998999999836,9.5488742425111e-06,0.00695019878549487,-0.24639506999083283,0.1280891116552553,0.9927744539878083,1.0917490308718983e-09,0.952
2280.001000000164,8.959900493207922e-06,0.006516376132079609,-0.13046004516068344,0.05802601192093201,1.0,7.120062099417385e-10,0.952
2279.998999999836,8.959901149316501e-06,0.006516376132079609,-0.13046004516068344,0.05802601192093201,1.0,7.120116672126808e-10,0.952
2280.0030000004917,8.890972134534482e-06,0.006474850130352542,-0.06208146256704472,0.06802659265823796,1.0,7.238799495583073e-10,0.952
2280.0,8.87843976013901e-06,0.006447153594702385,-0.07080031470147663,0.06162062275421445,1.0,5.972962946664644e-10,0.952
2280.002000000328,8.677946289169807e-06,0.006306846739018919,-0.1077854253451469,-0.023340469425299545,1.0,4.074163432660575e-10,0.952
2280.002000000328,8.75940032048581e-06,0.006346155072997047,-0.1736977689416923,-0.012190908318374783,1.0,3.7182324030981096e-10,0.952
2279.997999999672,8.815797011425038e-06,0.006376560696471841,-0.2287374698676934,0.004800849041958943,1.0,4.232515159359856e-10,0.952
2280.001000000164,8.790729395910097e-06,0.0063683014342832845,-0.2168477616441966,0.009099070427362825,1.0,4.786285917768866e-10,0.952
2280.001000000164,8.84711701337811e-06,0.006398190533679275,-0.269451124061558,0.026042333354931363,1.0,5.300494814908111e-10,0.952
2280.002000000328,8.847111411660213e-06,0.006398190533679275,-0.269451124061558,0.026042333354931363,1.0,5.300461962907669e-10,0.952
2280.0009999983013,8.84711990594381e-06,0.006398190533679275,-0.269451124061558,0.026042333354931363,1.0,5.300491939083603e-10,0.952
2280.0040000006557,8.847118472211315e-06,0.006398190533679275,-0.269451124061558,0.026042333354931363,1.0,5.300484654448959e-10,0.952
2280.001000000164,8.847117985577797e-06,0.006398190533679275,-0.269451124061558,0.026042333354931363,1.0,5.300452291821316e-10,0.952
2280.001999998465,8.847115418611763e-06,0.006398190533679275,-0.269451124061558,0.026042333354931363,1.0,5.300528240934299e-10,0.952
2279.997999999672,8.847121406017672e-06,0.006398190533679275,-0.269451124061558,0.026042333354931363,1.0,5.300446290237969e-10,0.952
2280.0,8.847120395178546e-06,0.006398190533679275,-0.269451124061558,0.026042333354931363,1.0,5.300434996992549e-10,0.952
2280.0,8.847118458240184e-06,0.006398190533679275,-0.269451124061558,0.026042333354931363,1.0,5.300495434667088e-10,0.952
2280.002000000328,8.828315630600125e-06,0.006394693523786563,-0.2608161827520896,0.051985661739437264,1.0,6.526751253224303e-10,0.952
2280.001000000164,8.828315982441122e-06,0.006394693523786563,-0.2608161827520896,0.051985661739437264,1.0,6.526754906334748e-10,0.952
2280.0,8.828320099020018e-06,0.006394693523786563,-0.2608161827520896,0.051985661739437264,1.0,6.526748638448173e-10,0.952
2279.998999999836,8.796991442701129e-06,0.006382541978339278,-0.23390000993691507,0.07692171457939469,1.0,7.594821559799155e-10,0.952
2280.001000000164,8.796992794464587e-06,0.006382541978339278,-0.23390000993691507,0.07692171457939469,1.0,7.594786425779229e-10,0.952
2280.001000000164,8.790722518590219e-06,0.006386457711851153,-0.2384891570622738,0.10265325675793932,0.9927744539878083,8.900077380081666e-10,0.952
2279.998999999836,8.709277763162855e-06,0.006332040495930617,-0.17089413521137775,0.10194008631470432,0.9927744539878083,8.544131498846417e-10,0.952
2280.001000000164,8.709268359871889e-06,0.006332040495930617,-0.17089413521137775,0.10194008631470432,0.9927744539878083,8.544090119248221e-10,0.952
2280.002000000328,8.709276156911884e-06,0.006332040495930617,-0.17089413521137775,0.10194008631470432,0.9927744539878083,8.544034496558633e-10,0.952
2280.0,8.665413246875055e-06,0.00631018391591177,-0.122942570792687,0.12463771480305484,0.9927744539878083,9.374746952848018e-10,0.952
2280.0,8.665411699527523e-06,0.00631018391591177,-0.122942570792687,0.12463771480305484,0.9927744539878083,9.37479497255653e-10,0.952
2280.0040000006557,8.66541439239706e-06,0.00631018391591177,-0.122942570792687,0.12463771480305484,0.9927744539878083,9.374666919219844e-10,0.952
2279.997999999672,8.665413916541752e-06,0.00631018391591177,-0.122942570792687,0.12463771480305484,0.9927744539878083,9.374819229564852e-10,0.952
2279.997999999672,8.665416766961326e-06,0.00631018391591177,-0.122942570792687,0.12463771480305484,0.9927744539878083,9.374786217402739e-10,0.952
2280.001000000164,8.665409974993735e-06,0.00631018391591177,-0.122942570792687,0.12463771480305484,0.9927744539878083,9.374723530491472e-10,0.952
2280.0,8.665416225150841e-06,0.00631018391591177,-0.122942570792687,0.12463771480305484,0.9927744539878083,9.374768641394337e-10,0.952
2280.0,8.665413896139624e-06,0.00631018391591177,-0.122942570792687,0.12463771480305484,0.9927744539878083,9.374769389390982e-10,0.952
2280.001000000164,8.665413733298519e-06,0.00631018391591177,-0.122942570792687,0.12463771480305484,0.9927744539878083,9.374752641334417e-10,0.952
2280.0,8.67167974460443e-06,0.00632122573057173,-0.14093431856648087,0.14902873228478283,0.9927744539878083,1.0680055036456308e-09,0.952
2280.002000000328,8.671677867591568e-06,0.00632122573057173,-0.14093431856648087,0.14902873228478283,0.9927744539878083,1.0680071882609024e-09,0.952
2280.002000000328,8.671676278403085e-06,0.00632122573057173,-0.14093431856648087,0.14902873228478283,0.9927744539878083,1.0680076323820119e-09,0.952
2279.998999999836,8.671680256237383e-06,0.00632122573057173,-0.14093431856648087,0.14902873228478283,0.9927744539878083,1.0680133718678574e-09,0.952
2280.0,8.671681221836748e-06,0.00632122573057173,-0.14093431856648087,0.14902873228478283,0.9927744539878083,1.06801090542943e-09,0.952
2279.997000001371,8.778195892948921e-06,0.006397984880125591,-0.15817957535018978,0.11178584004673363,0.9927744539878083,9.137449464704715e-10,0.952
2279.998999999836,8.671682977783394e-06,0.00632122573057173,-0.14093431856648087,0.14902873228478283,0.9927744539878083,1.0680052503256222e-09,0.952
2279.9959999993443,8.76566965458265e-06,0.006373258276002275,-0.20139151654620369,0.14460527065126647,0.9927744539878083,9.770323228614939e-10,0.952
2280.001000000164,8.778197317409392e-06,0.006397984880125591,-0.15817957535018978,0.11178584004673363,0.9927744539878083,9.137424684124499e-10,0.952
2279.998999999836,8.872179460931349e-06,0.006448990129021003,-0.21913767998808842,0.10939315969718129,0.9927744539878083,8.227664585410192e-10,0.952
2280.001000000164,8.872180467134559e-06,0.006448990129021003,-0.21913767998808842,0.10939315969718129,0.9927744539878083,8.227665530646301e-10,0.952
2279.9990000016987,8.671680352819522e-06,0.00632122573057173,-0.14093431856648087,0.14902873228478283,0.9927744539878083,1.068014064358349e-09,0.951
2280.0,8.671674448330828e-06,0.00632122573057173,-0.14093431856648087,0.14902873228478283,0.9927744539878083,1.0680173028380875e-09,0.951
2280.001000000164,8.778192893791095e-06,0.006397984880125591,-0.15817957535018978,0.11178584004673363,0.9927744539878083,9.137441252471147e-10,0.951
2280.001000000164,8.77819114722649e-06,0.006397984880125591,-0.15817957535018978,0.11178584004673363,0.9927744539878083,9.137427023148898e-10,0.951
2280.001000000164,8.872175469671409e-06,0.006448990129021003,-0.21913767998808842,0.10939315969718129,0.9927744539878083,8.22767380223229e-10,0.951
2280.0,8.872180944980412e-06,0.006448990129021003,-0.21913767998808842,0.10939315969718129,0.9927744539878083,8.227639270380862e-10,0.951
2279.998999999836,8.872181046902714e-06,0.006448990129021003,-0.21913767998808842,0.10939315969718129,0.9927744539878083,8.227660418730203e-10,0.951
2280.001000000164,8.822051079347845e-06,0.006424459838035126,-0.2031339303189399,0.1293089969132644,0.9927744539878083,9.968108119574126e-10,0.951
2490.7609999999404,9.481596743535421e-06,0.007095112860696726,0.002412455083007803,-0.30640274881374935,4.173014847373094,-6.455409559887234e-10,0.959
2500.720999998972,9.462413780073048e-06,0.007109508811292694,0.0018951872324435293,-0.3156489382205933,4.293751707799814,-6.919669852173256e-10,0.959
2510.7420000005513,9.520755252154126e-06,0.007177967996729233,-0.012519928875338149,-0.29295749958970996,4.21970502183107,-6.169606823861317e-10,0.96
2510.7420000005513,9.520755252154126e-06,0.007177967996729233,-0.012519928875338149,-0.29295749958970996,4.21970502183107,-6.169606823861317e-10,0.96
2490.517000000924,8.919497617711847e-06,0.006631584399416638,-0.265526812934731,0.13509496942826754,4.227154044992572,9.81848762525154e-10,0.972
2490.517000000924,8.919497617711847e-06,0.006631584399416638,-0.265526812934731,0.13509496942826754,4.227154044992572,9.81848762525154e-10,0.972
2540.5689999982715,9.274400095436455e-06,0.007068134844761167,-0.03884954701481558,-0.25450353566017514,4.274193516642568,-4.396403098176581e-10,0.974
2540.5689999982715,9.274400095436455e-06,0.007068134844761167,-0.03884954701481558,-0.25450353566017514,4.274193516642568,-4.396403098176581e-10,0.974
2400.001000000164,9.004323715564468e-06,0.006888223214125625,-0.034108412207050076,0.14870202156626933,0.998363672593813,9.637901204937008e-10,0.966
2399.996000001207,9.090912722603796e-06,0.006938848539031464,-0.1109347435805379,0.1774180747696588,0.998363672593813,1.0669861243716997e-09,0.966
2400.0,9.090907624867319e-06,0.006938848539031464,-0.1109347435805379,0.1774180747696588,0.998363672593813,1.0669838001588269e-09,0.965
2400.002000000328,9.09089877047245e-06,0.006938848539031464,-0.1109347435805379,0.1774180747696588,0.998363672593813,1.0669746987668428e-09,0.965
2400.0030000004917,9.09090979833942e-06,0.006938848539031464,-0.1109347435805379,0.1774180747696588,0.998363672593813,1.0669762822427372e-09,0.965
2400.0,9.025976131811898e-06,0.0068985850861228255,-0.045491278420378034,0.18784762044049344,0.998363672593813,1.06904029230629e-09,0.965
2400.0,9.025978301619814e-06,0.0068985850861228255,-0.045491278420378034,0.18784762044049344,0.998363672593813,1.0690460762122325e-09,0.965
2399.997999999672,9.025974562705719e-06,0.0068985850861228255,-0.045491278420378034,0.18784762044049344,0.998363672593813,1.0690382989748721e-09,0.965
2400.001000000164,8.917745228943267e-06,0.006799159611935217,-0.15275750703979263,0.12189756325498795,0.998363672593813,8.729849267445836e-10,0.964
2399.997999999672,9.04761719402312e-06,0.006869532457924319,-0.2512846003323226,0.13969075503616,0.998363672593813,8.709257646156247e-10,0.964
2400.0030000004917,9.025970233546688e-06,0.006862250082187028,-0.24266850477751944,0.14399602565040334,0.998363672593813,9.204432774272485e-10,0.964
2399.9990000016987,9.05844225251366e-06,0.006887186169498611,-0.26982856396962873,0.17871330798492513,0.998363672593813,1.057688042961603e-09,0.964
2400.001000000164,9.04761748091304e-06,0.00688822321412559,-0.26535031490617467,0.20149904183195821,0.9852281360342515,1.168101262434411e-09,0.964
2400.0,8.928567945601034e-06,0.0068089576854247005,-0.18799421760826407,0.21163222969359016,0.9852281360342515,1.1691363433905538e-09,0.964
2400.001000000164,9.11255673734935e-06,0.00695427241067707,-0.24970439175846515,0.21097614565255382,0.9852281360342515,1.2300212431844216e-09,0.964
2400.0,9.025970001245961e-06,0.006888914490479763,-0.20634640174637742,0.19862262883298232,0.9852281360342515,1.1454003854663522e-09,0.963
2399.9990000016987,9.134199875051327e-06,0.00698910717099245,-0.08174487795290997,0.11854211637663066,0.998363672593813,9.49340533887905e-10,0.963
2400.0,9.134196135654036e-06,0.00698910717099245,-0.08174487795290997,0.11854211637663066,0.998363672593813,9.493419995873644e-10,0.963
2400.0030000004917,9.13420089483066e-06,0.00698910717099245,-0.08174487795290997,0.11854211637663066,0.998363672593813,9.493369464169491e-10,0.963
2400.0,9.134201825751183e-06,0.00698910717099245,-0.08174487795290997,0.11854211637663066,0.998363672593813,9.493421777584275e-10,0.963
2400.001000000164,9.1341995976849e-06,0.00698910717099245,-0.08174487795290997,0.11854211637663066,0.998363672593813,9.493392324516445e-10,0.963
2399.9990000016987,8.993505887939541e-06,0.006885803200374296,-0.03534958969966029,0.10201608649118679,0.998363672593813,8.760831516478974e-10,0.963
2400.0,8.993503294763152e-06,0.006885803200374296,-0.03534958969966029,0.10201608649118679,0.998363672593813,8.76079741940399e-10,0.963
2400.0,8.993508145201259e-06,0.006885803200374296,-0.03534958969966029,0.10201608649118679,0.998363672593813,8.760759266382464e-10,0.963
2400.001000000164,8.993504995207423e-06,0.006885803200374296,-0.03534958969966029,0.10201608649118679,0.998363672593813,8.760728365688975e-10,0.962
2400.001000000164,9.090915738623139e-06,0.006947078865386814,-0.11258868618497386,0.12037173291014124,0.998363672593813,9.018774419134366e-10,0.962
2399.9969999995083,9.090914122270568e-06,0.006947078865386814,-0.11258868618497386,0.12037173291014124,0.998363672593813,9.01884962494028e-10,0.962
2399.998999999836,9.09091205927234e-06,0.006947078865386814,-0.11258868618497386,0.12037173291014124,0.998363672593813,9.018708909257878e-10,0.962
2400.001000000164,9.090909092842552e-06,0.006947078865386814,-0.11258868618497386,0.12037173291014124,0.998363672593813,9.018759132767654e-10,0.962
2400.002000000328,9.090910198116402e-06,0.006947078865386814,-0.11258868618497386,0.12037173291014124,0.998363672593813,9.018794243622183e-10,0.962
2400.0,9.015146349138509e-06,0.006894096853727172,-0.050274868270323125,0.11899589536623273,0.998363672593813,8.636953656785491e-10,0.962
2399.998999999836,9.058442531659094e-06,0.006920294516165886,-0.09242966197167934,0.13378599824140738,0.998363672593813,9.276686782323325e-10,0.962
2400.002000000328,9.058434718157925e-06,0.006920294516165886,-0.09242966197167934,0.13378599824140738,0.998363672593813,9.276644999172186e-10,0.962
2399.998999999836,9.058443814996244e-06,0.006920294516165886,-0.09242966197167934,0.13378599824140738,0.998363672593813,9.276726390077274e-10,0.962
2399.9959999993443,9.058438222094475e-06,0.006920294516165886,-0.09242966197167934,0.13378599824140738,0.998363672593813,9.276800099038996e-10,0.961
2399.9969999995083,9.004334228483832e-06,0.00688822321412558,-0.034108412207121575,0.14870202156619686,0.998363672593813,9.637979513776467e-10,0.961
2399.998999999836,9.00432915852314e-06,0.00688822321412558,-0.034108412207121575,0.14870202156619686,0.998363672593813,9.63793819887887e-10,0.961
2400.0,9.004325797533854e-06,0.00688822321412558,-0.034108412207121575,0.14870202156619686,0.998363672593813,9.63791727826523e-10,0.961
2399.997999999672,9.058441363203823e-06,0.006920294516165886,-0.09242966197167934,0.13378599824140738,0.998363672593813,9.276743532477986e-10,0.961
2399.998999999836,9.004327854738831e-06,0.00688822321412558,-0.034108412207121575,0.14870202156619686,0.998363672593813,9.637964264157966e-10,0.961
2399.998999999836,9.00433475093719e-06,0.00688822321412558,-0.034108412207121575,0.14870202156619686,0.998363672593813,9.637852555170136e-10,0.961
2400.0,9.004329884946871e-06,0.00688822321412558,-0.034108412207121575,0.14870202156619686,0.998363672593813,9.637890709306043e-10,0.961
2399.998999999836,9.069258492844677e-06,0.006920982589199271,-0.08325574200668617,0.15903063852927882,0.998363672593813,9.658567168034402e-10,0.961
2400.0,9.004327943288936e-06,0.00688822321412558,-0.034108412207121575,0.14870202156619686,0.998363672593813,9.637914208962683e-10,0.961
2400.002000000328,9.090907279334246e-06,0.006938848539031428,-0.11093474358074085,0.1774180747691608,0.998363672593813,1.0669765756356638e-09,0.961
2400.0009999983013,9.004330303164018e-06,0.00688822321412558,-0.034108412207121575,0.14870202156619686,0.998363672593813,9.637898734910182e-10,0.96
2400.0,9.090906015144533e-06,0.006938848539031428,-0.11093474358074085,0.1774180747691608,0.998363672593813,1.0669752567157203e-09,0.96
2399.998999999836,9.090904536609879e-06,0.006938848539031428,-0.11093474358074085,0.1774180747691608,0.998363672593813,1.0669834507852325e-09,0.96
2399.998000001535,9.069263942047882e-06,0.006920982589199271,-0.08325574200668617,0.15903063852927882,0.998363672593813,9.658543749315044e-10,0.96
2400.001000000164,9.090909513322685e-06,0.006938848539031428,-0.11093474358074085,0.1774180747691608,0.998363672593813,1.0669763780858277e-09,0.96
2280.001000000164,8.659143533006098e-06,0.006292016662740998,-0.07503249533821288,-0.04777947697527581,1.0,2.8480099096960096e-10,0.96
2280.0030000004917,8.677937121923415e-06,0.0063068467390189195,-0.10778542534521263,-0.023340469425124553,1.0,4.0742642870545193e-10,0.96
2279.998999999836,8.659148009418272e-06,0.006292016662740998,-0.07503249533821288,-0.04777947697527581,1.0,2.8480736661705126e-10,0.96
2280.0,8.677939416949824e-06,0.0063068467390189195,-0.10778542534521263,-0.023340469425124553,1.0,4.0742780628267356e-10,0.96
2280.003999998793,8.677944519594263e-06,0.0063068467390189195,-0.10778542534521263,-0.023340469425124553,1.0,4.0742162559328255e-10,0.96
2279.9990000016987,8.677943356962406e-06,0.0063068467390189195,-0.10778542534521263,-0.023340469425124553,1.0,4.074323816875063e-10,0.96
2280.0,8.677943778790187e-06,0.0063068467390189195,-0.10778542534521263,-0.023340469425124553,1.0,4.074387223320363e-10,0.96
2280.002000000328,8.6779417834802e-06,0.0063068467390189195,-0.10778542534521263,-0.023340469425124553,1.0,4.074266196032472e-10,0.959
2280.0,8.6779460709058e-06,0.0063068467390189195,-0.10778542534521263,-0.023340469425124553,1.0,4.074252130719931e-10,0.959
2280.0,8.677947085120373e-06,0.0063068467390189195,-0.10778542534521263,-0.023340469425124553,1.0,4.0742185907110165e-10,0.959
2280.0,8.67794459694004e-06,0.0063068467390189195,-0.10778542534521263,-0.023340469425124553,1.0,4.074266886527468e-10,0.959
2279.9990000016987,8.677948959151858e-06,0.0063068467390189195,-0.10778542534521263,-0.023340469425124553,1.0,4.0741750507758564e-10,0.959
2279.998999999836,8.677947484011239e-06,0.0063068467390189195,-0.10778542534521263,-0.023340469425124553,1.0,4.0742524327508184e-10,0.959
2280.001000000164,8.677940187020462e-06,0.0063068467390189195,-0.10778542534521263,-0.023340469425124553,1.0,4.074313528307144e-10,0.959
2280.0040000006557,8.677935700157481e-06,0.0063068467390189195,-0.10778542534521263,-0.023340469425124553,1.0,4.074176329500342e-10,0.959
2279.996000001207,8.677948331408798e-06,0.0063068467390189195,-0.10778542534521263,-0.023340469425124553,1.0,4.074330516098005e-10,0.959
2279.9990000016987,8.677952990026001e-06,0.0063068467390189195,-0.10778542534521263,-0.023340469425124553,1.0,4.074294359339176e-10,0.958
2280.002000000328,8.677949433591403e-06,0.0063068467390189195,-0.10778542534521263,-0.023340469425124553,1.0,4.0741883814570486e-10,0.959
2280.0,8.677944309966338e-06,0.0063068467390189195,-0.10778542534521263,-0.023340469425124553,1.0,4.0742340848564273e-10,0.959
2280.0,8.677946736545148e-06,0.0063068467390189195,-0.10778542534521263,-0.023340469425124553,1.0,4.074230443141476e-10,0.959
2280.001000000164,8.677941279018752e-06,0.0063068467390189195,-0.10778542534521263,-0.023340469425124553,1.0,4.074245762592147e-10,0.959
2279.997999999672,8.677947532123684e-06,0.0063068467390189195,-0.10778542534521263,-0.023340469425124553,1.0,4.074225473107179e-10,0.958
2279.998999999836,8.677941943859e-06,0.0063068467390189195,-0.10778542534521263,-0.023340469425124553,1.0,4.0742966246217557e-10,0.958
2280.0,8.677948349850469e-06,0.0063068467390189195,-0.10778542534521263,-0.023340469425124553,1.0,4.07428174652049e-10,0.958
2279.998999999836,8.677945570545742e-06,0.0063068467390189195,-0.10778542534521263,-0.023340469425124553,1.0,4.0743242094508827e-10,0.958
2279.998999999836,8.677946518646394e-06,0.0063068467390189195,-0.10778542534521263,-0.023340469425124553,1.0,4.0743407103791836e-10,0.958
2280.0,8.6779449271144e-06,0.0063068467390189195,-0.10778542534521263,-0.023340469425124553,1.0,4.0743296467971177e-10,0.958
2280.0009999983013,8.677941939735492e-06,0.0063068467390189195,-0.10778542534521263,-0.023340469425124553,1.0,4.074342938919403e-10,0.958
2280.001000000164,8.677948441537897e-06,0.0063068467390189195,-0.10778542534521263,-0.023340469425124553,1.0,4.0742323954374417e-10,0.958
2280.002000000328,8.677943409966896e-06,0.0063068467390189195,-0.10778542534521263,-0.023340469425124553,1.0,4.0742882467609313e-10,0.958
2280.001000000164,8.677946967573384e-06,0.0063068467390189195,-0.10778542534521263,-0.023340469425124553,1.0,4.074190582269304e-10,0.958
2279.998999999836,8.677945436110595e-06,0.0063068467390189195,-0.10778542534521263,-0.023340469425124553,1.0,4.0742810033854597e-10,0.958
2280.0,8.677945440617456e-06,0.0063068467390189195,-0.10778542534521263,-0.023340469425124553,1.0,4.074256762985416e-10,0.958
2279.998999999836,8.677946679816849e-06,0.0063068467390189195,-0.10778542534521263,-0.023340469425124553,1.0,4.0742707035489004e-10,0.958
2280.001000000164,8.596486472721625e-06,0.006254261704924435,-0.03884815323906743,-0.025357664447682664,1.0,3.7183091255658947e-10,0.958
2280.0,8.671674555720057e-06,0.006307055364306014,-0.12056051112090005,0.09854120050782854,1.0,8.069333597925237e-10,0.957
2279.997999999672,8.715546116089586e-06,0.00632850693291871,-0.1668732874659482,0.07594293388904876,1.0,7.23870266036587e-10,0.957
2280.001000000164,8.67168200078217e-06,0.006307055364306014,-0.12056051112090005,0.09854120050782854,1.0,8.069424091986739e-10,0.957
2280.002000000328,8.665412553719615e-06,0.006310183915911787,-0.12294257079264348,0.12463771480332367,0.9927744539878083,9.374715415351255e-10,0.957
2279.997000001371,8.790725198387654e-06,0.006414416329028337,0.0459112412216407,-0.06788686920605444,0.9927744539878083,2.72941785128729e-10,0.957
2280.001000000164,8.784459521281496e-06,0.0064162622337800125,0.039685346280756484,-0.041948935988817125,0.9927744539878083,4.034665066684441e-10,0.957
2279.998999999836,8.89097895342991e-06,0.006495950155370084,0.02009555655173756,-0.004560179748032164,0.9927744539878083,5.577402506458006e-10,0.957
2280.0,8.728069744245052e-06,0.006384809274652155,0.09950272659205117,-0.026256967525192246,0.9927744539878083,4.549014183553224e-10,0.957
2280.002000000328,8.728071501652447e-06,0.006384809274652155,0.09950272659205117,-0.026256967525192246,0.9927744539878083,4.548907442210413e-10,0.957
2280.0030000004917,8.615285410284124e-06,0.006295152688253175,-0.003022501282897494,-0.07423800479390136,1.0,3.599593181357164e-10,0.957
2279.997000001371,8.70927704361047e-06,0.006345325672866358,-0.07709754669517732,-0.07141619906661105,1.0,2.6898097396134853e-10,0.957
2280.001000000164,8.709275631099033e-06,0.006345325672866358,-0.07709754669517732,-0.07141619906661105,1.0,2.68974562517812e-10,0.957
2279.997999999672,8.709276530896652e-06,0.006345325672866358,-0.07709754669517732,-0.07141619906661105,1.0,2.6898908255056934e-10,0.957
2280.002000000328,8.659143287870182e-06,0.006302881546520877,-0.07958298267784247,-0.07124317175482779,1.0,2.6106306805001683e-10,0.957
2280.002000000328,8.590228844356036e-06,0.006259939464983902,-0.01195396067502541,-0.06475588108570897,1.0,2.72927722656137e-10,0.957
2280.0,8.590219162983732e-06,0.006259939464983902,-0.01195396067502541,-0.06475588108570897,1.0,2.7293155867187475e-10,0.957
2279.998999999836,8.659150843875276e-06,0.006302881546520877,-0.07958298267784247,-0.07124317175482779,1.0,2.610641364385506e-10,0.956
2279.998999999836,8.590223704474349e-06,0.006259939464983902,-0.01195396067502541,-0.06475588108570897,1.0,2.7293458873374125e-10,0.956
2279.997999999672,8.590229220899078e-06,0.006259939464983902,-0.01195396067502541,-0.06475588108570897,1.0,2.729405982481257e-10,0.956
2280.0,8.590225953124611e-06,0.006259939464983902,-0.01195396067502541,-0.06475588108570897,1.0,2.7293640831673354e-10,0.956
2279.996000001207,8.609028825646968e-06,0.00627526472496745,-0.04712458276881337,-0.040211681556943775,1.0,3.9556253375195677e-10,0.956
2280.003999998793,8.659138410950698e-06,0.006292016662741003,-0.07503249533815337,-0.0477794769754526,1.0,2.848031405169673e-10,0.956
2279.998000001535,8.590228052021089e-06,0.006259939464983902,-0.01195396067502541,-0.06475588108570897,1.0,2.729397336608382e-10,0.956
2280.002000000328,8.609018868888162e-06,0.00627526472496745,-0.04712458276881337,-0.040211681556943775,1.0,3.9555327704262187e-10,0.956
2279.997999999672,8.659152313405635e-06,0.006292016662741003,-0.07503249533815337,-0.0477794769754526,1.0,2.8481074639912134e-10,0.956
2279.9969999995083,8.677939907898275e-06,0.006306846739018919,-0.1077854253451469,-0.023340469425299545,1.0,4.0743232726823644e-10,0.956
2279.998000001535,8.677949380200231e-06,0.006306846739018919,-0.1077854253451469,-0.023340469425299545,1.0,4.074253524733964e-10,0.956
2280.002000000328,8.590222746459323e-06,0.006259939464983902,-0.01195396067502541,-0.06475588108570897,1.0,2.729360650724396e-10,0.956
2279.998999999836,8.677940195684955e-06,0.006306846739018919,-0.1077854253451469,-0.023340469425299545,1.0,4.0743036833541e-10,0.956
2280.001000000164,8.67794843289719e-06,0.006306846739018919,-0.1077854253451469,-0.023340469425299545,1.0,4.0741951822606595e-10,0.956
2279.998999999836,8.677949688976748e-06,0.006306846739018919,-0.1077854253451469,-0.023340469425299545,1.0,4.074270129243371e-10,0.956
2280.0030000004917,8.659145438995678e-06,0.006292016662741003,-0.07503249533815337,-0.0477794769754526,1.0,2.8479906970174745e-10,0.956
2279.998999999836,8.677945771162551e-06,0.006306846739018919,-0.1077854253451469,-0.023340469425299545,1.0,4.0742641637561223e-10,0.956
2280.0,8.677942274792384e-06,0.006306846739018919,-0.1077854253451469,-0.023340469425299545,1.0,4.074261441617462e-10,0.955
2280.001000000164,8.677944022986718e-06,0.006306846739018919,-0.1077854253451469,-0.023340469425299545,1.0,4.074288576458692e-10,0.955
2279.998999999836,8.677946684312734e-06,0.006306846739018919,-0.1077854253451469,-0.023340469425299545,1.0,4.0741906797770384e-10,0.955
2280.001000000164,8.677942783387691e-06,0.006306846739018919,-0.1077854253451469,-0.023340469425299545,1.0,4.074228915207833e-10,0.955
2279.997999999672,8.677949105981021e-06,0.006306846739018919,-0.1077854253451469,-0.023340469425299545,1.0,4.074294404576405e-10,0.955
2280.001000000164,8.677946723764369e-06,0.006306846739018919,-0.1077854253451469,-0.023340469425299545,1.0,4.0743075974199976e-10,0.955
2280.0,8.677950271571388e-06,0.006306846739018919,-0.1077854253451469,-0.023340469425299545,1.0,4.074231920098108e-10,0.955
2280.001000000164,8.671676941488005e-06,0.006307055364305957,-0.1205605111208734,0.09854120050796053,1.0,8.069389596175893e-10,0.955
2280.001000000164,8.728069449658308e-06,0.006384809274652192,0.09950272659210935,-0.026256967525136038,0.9927744539878083,4.548948377363734e-10,0.955
2280.001000000164,8.615290317424285e-06,0.006278409117971817,-0.026874584397404533,-0.0926053031344373,1.0,1.780004526614248e-10,0.955
2280.002000000328,8.659145360418112e-06,0.006302881546520901,-0.07958298267791308,-0.07124317175432933,1.0,2.610713051808343e-10,0.955
2280.001000000164,8.590225307539399e-06,0.006259939464983926,-0.01195396067504717,-0.06475588108567934,1.0,2.729311139996941e-10,0.955
2280.001000000164,8.677944875303723e-06,0.00630684673901893,-0.10778542534515667,-0.023340469424795774,1.0,4.074241034368447e-10,0.955
2279.998999999836,8.677952546425007e-06,0.00630684673901893,-0.10778542534515667,-0.023340469424795774,1.0,4.074243037495566e-10,0.955
2280.0,8.67794455749505e-06,0.00630684673901893,-0.10778542534515667,-0.023340469424795774,1.0,4.0742835339405037e-10,0.955
2280.001000000164,8.677946532588989e-06,0.00630684673901893,-0.10778542534515667,-0.023340469424795774,1.0,4.074207971004426e-10,0.955
2280.001999998465,8.677943296915233e-06,0.00630684673901893,-0.10778542534515667,-0.023340469424795774,1.0,4.07425064638625e-10,0.954
2280.002000000328,8.67794107055619e-06,0.00630684673901893,-0.10778542534515667,-0.023340469424795774,1.0,4.074269813265268e-10,0.954
2280.0,8.59648903288326e-06,0.006254261704924435,-0.03884815323906743,-0.025357664447682664,1.0,3.718247435201218e-10,0.954
2280.001000000164,8.596490195880498e-06,0.006254261704924435,-0.03884815323906743,-0.025357664447682664,1.0,3.718224597319231e-10,0.954
2279.998999999836,8.565166576399393e-06,0.00624310145596512,-0.014762685090724315,-7.570303047858784e-05,1.0,4.786257649570606e-10,0.954
2280.002000000328,8.677944415308873e-06,0.006293480335779429,-0.10701788050159422,-0.014009243614833317,1.0,3.362252163293502e-10,0.954
2280.0,8.71554103845228e-06,0.00632850693291871,-0.1668732874659482,0.07594293388904876,1.0,7.238700680258456e-10,0.954
2280.0,8.671682277506831e-06,0.006307055364306014,-0.12056051112090005,0.09854120050782854,1.0,8.069434482770115e-10,0.954
2280.001000000164,8.665412703854707e-06,0.006310183915911787,-0.12294257079264348,0.12463771480332367,0.9927744539878083,9.374761208952026e-10,0.954
2280.0,8.784462094853317e-06,0.0064162622337800125,0.039685346280756484,-0.041948935988817125,0.9927744539878083,4.0347024914050587e-10,0.954
2280.001000000164,8.728070603307758e-06,0.006384809274652155,0.09950272659205117,-0.026256967525192246,0.9927744539878083,4.5489032991968685e-10,0.954
2280.0,8.728068740644233e-06,0.006384809274652155,0.09950272659205117,-0.026256967525192246,0.9927744539878083,4.548916940710391e-10,0.954
2280.0,8.73433287902908e-06,0.006394076205857713,0.07822379175195016,-0.0010200825265656872,1.0,5.854278545433742e-10,0.954
2280.0,8.734337702960823e-06,0.006394076205857713,0.07822379175195016,-0.0010200825265656872,1.0,5.854263803912672e-10,0.954
2280.001000000164,8.709273230449975e-06,0.006345325672866358,-0.07709754669517732,-0.07141619906661105,1.0,2.689769632545176e-10,0.954
2280.001000000164,8.615287573835008e-06,0.006278409117971793,-0.02687458439738455,-0.09260530313446666,1.0,1.780003781378007e-10,0.954
2280.0,8.590226563696388e-06,0.006259939464983902,-0.01195396067502541,-0.06475588108570897,1.0,2.7293716609396686e-10,0.954
2280.0,8.590226181315055e-06,0.006259939464983902,-0.01195396067502541,-0.06475588108570897,1.0,2.7293984762752823e-10,0.954
2280.0,8.590225777622197e-06,0.006259939464983902,-0.01195396067502541,-0.06475588108570897,1.0,2.7293360771683697e-10,0.954
2280.002000000328,8.609022891011591e-06,0.00627526472496745,-0.04712458276881337,-0.040211681556943775,1.0,3.9555492772734627e-10,0.954
2280.0,8.677943948989517e-06,0.006306846739018919,-0.1077854253451469,-0.023340469425299545,1.0,4.0742929511281236e-10,0.954
2280.0,8.677945697178277e-06,0.006306846739018919,-0.1077854253451469,-0.023340469425299545,1.0,4.074234930957326e-10,0.953
2280.002000000328,8.67794759375012e-06,0.006306846739018919,-0.1077854253451469,-0.023340469425299545,1.0,4.0742328043969624e-10,0.953
2280.001000000164,8.677943488091773e-06,0.006306846739018919,-0.1077854253451469,-0.023340469425299545,1.0,4.0742794994054146e-10,0.953
2280.001000000164,8.677940609268608e-06,0.006306846739018919,-0.1077854253451469,-0.023340469425299545,1.0,4.0742807272196653e-10,0.953
2280.002000000328,8.677944775779603e-06,0.006306846739018919,-0.1077854253451469,-0.023340469425299545,1.0,4.074240208999392e-10,0.953
2279.998999999836,8.677948527908575e-06,0.006306846739018919,-0.1077854253451469,-0.023340469425299545,1.0,4.0743024959522106e-10,0.953
2280.002000000328,8.677944419304867e-06,0.006306846739018919,-0.1077854253451469,-0.023340469425299545,1.0,4.074197619122275e-10,0.953
2280.0050000008196,8.596486069319392e-06,0.006254261704924424,-0.03884815323907498,-0.02535766444771813,1.0,3.718201663176741e-10,0.953
2280.0,8.596488313976533e-06,0.006254261704924424,-0.03884815323907498,-0.02535766444771813,1.0,3.7182251419555507e-10,0.953
2280.0,8.596492070071005e-06,0.006254261704924424,-0.03884815323907498,-0.02535766444771813,1.0,3.7182514941773935e-10,0.953
2279.998999999836,8.596487466464865e-06,0.006254261704924424,-0.03884815323907498,-0.02535766444771813,1.0,3.718237412435785e-10,0.953
2280.0,8.596486314458434e-06,0.006254261704924424,-0.03884815323907498,-0.02535766444771813,1.0,3.7183022066989966e-10,0.953
2279.998999999836,8.596495683279003e-06,0.006254261704924424,-0.03884815323907498,-0.02535766444771813,1.0,3.7182319344349903e-10,0.953
2280.0009999983013,8.565164094270702e-06,0.006243101455965108,-0.014762685090730976,-7.570303051411037e-05,1.0,4.786225677550786e-10,0.953
2279.998999999836,8.646619657754965e-06,0.006281970860704207,-0.08239999134716047,0.011096434398289754,1.0,4.4302616671356037e-10,0.953
2279.998999999836,8.659145050743992e-06,0.006299540501204485,-0.11494108017583571,0.058949186067662994,1.0,6.724508905343252e-10,0.953
2279.998999999836,8.659147472375989e-06,0.006299540501204485,-0.11494108017583571,0.058949186067662994,1.0,6.724541745855942e-10,0.953
2280.0,8.61528669126248e-06,0.006278409117971802,-0.06894031213005736,0.08160339472792782,1.0,7.555215601817147e-10,0.953
2280.001000000164,8.67167854307556e-06,0.0063070553643059975,-0.12056051112090449,0.09854120050779426,1.0,8.069417365782469e-10,0.953
2280.001000000164,8.671675994167153e-06,0.0063070553643059975,-0.12056051112090449,0.09854120050779426,1.0,8.069350796131093e-10,0.953
2279.997999999672,8.671682549648839e-06,0.0063070553643059975,-0.12056051112090449,0.09854120050779426,1.0,8.069380002220814e-10,0.952
2280.001000000164,8.671680512741476e-06,0.0063070553643059975,-0.12056051112090449,0.09854120050779426,1.0,8.069404033455728e-10,0.952
2279.997999999672,8.671680283638419e-06,0.0063070553643059975,-0.12056051112090449,0.09854120050779426,1.0,8.069411976618861e-10,0.952
2280.0,8.66541365293752e-06,0.00631018391591177,-0.122942570792687,0.12463771480305484,0.9927744539878083,9.374747686719512e-10,0.952
2280.0,8.665416683570419e-06,0.00631018391591177,-0.122942570792687,0.12463771480305484,0.9927744539878083,9.374737661845909e-10,0.952
2279.9990000016987,8.665419688028461e-06,0.00631018391591177,-0.122942570792687,0.12463771480305484,0.9927744539878083,9.374776635386481e-10,0.952
2280.0,8.66541368729102e-06,0.00631018391591177,-0.122942570792687,0.12463771480305484,0.9927744539878083,9.374773387773606e-10,0.952
2280.002000000328,8.665413507043779e-06,0.00631018391591177,-0.122942570792687,0.12463771480305484,0.9927744539878083,9.37468401330607e-10,0.952
2280.001000000164,8.609023499528761e-06,0.006279456899077219,-0.05966538646356678,0.14352005133453863,0.9927744539878083,9.88893420459017e-10,0.952
2280.001000000164,8.715536638346435e-06,0.006356720438783042,-0.0794287963857494,0.10543936425519917,0.9927744539878083,8.346327535766153e-10,0.952
2280.0,8.728073660848248e-06,0.00638480927465215,0.09950272659201653,-0.02625696752498934,0.9927744539878083,4.5488621772019457e-10,0.952
2280.0,8.728071703376433e-06,0.00638480927465215,0.09950272659201653,-0.02625696752498934,0.9927744539878083,4.5489254609777526e-10,0.952
2280.002000000328,8.609021965066696e-06,0.006275264724967474,-0.06724930079112657,0.06860976175239651,0.9927744539878083,6.803629859146254e-10,0.952
2280.001999998465,8.60901995401307e-06,0.006275264724967474,-0.06724930079112657,0.06860976175239651,0.9927744539878083,6.803598376971446e-10,0.952
2280.001000000164,8.72807241348438e-06,0.00638480927465215,0.09950272659201653,-0.02625696752498934,0.9927744539878083,4.5489023611493346e-10,0.952
2280.002000000328,8.728064002653243e-06,0.00638480927465215,0.09950272659201653,-0.02625696752498934,0.9927744539878083,4.5489628865899295e-10,0.952
2280.0,8.728071581633157e-06,0.00638480927465215,0.09950272659201653,-0.02625696752498934,0.9927744539878083,4.5488317511240274e-10,0.952
2280.002000000328,8.73433322403203e-06,0.006394076205857707,0.07822379175192351,-0.0010200825261315362,1.0,5.854265887487299e-10,0.952
2280.001000000164,8.734335866290134e-06,0.006394076205857707,0.07822379175192351,-0.0010200825261315362,1.0,5.85430032834709e-10,0.952
2280.0009999983013,8.734337662761729e-06,0.006394076205857707,0.07822379175192351,-0.0010200825261315362,1.0,5.85427355087884e-10,0.952
2279.998999999836,8.734336108750855e-06,0.006394076205857707,0.07822379175192351,-0.0010200825261315362,1.0,5.854260031821253e-10,0.952
2279.998999999836,8.734336782895349e-06,0.006394076205857707,0.07822379175192351,-0.0010200825261315362,1.0,5.854218685670354e-10,0.951
2280.001000000164,8.734334019567052e-06,0.006394076205857707,0.07822379175192351,-0.0010200825261315362,1.0,5.854249091030993e-10,0.951
2280.0,8.734333088665112e-06,0.006394076205857707,0.07822379175192351,-0.0010200825261315362,1.0,5.854221915946559e-10,0.951
2280.0,8.7343359030194e-06,0.006394076205857707,0.07822379175192351,-0.0010200825261315362,1.0,5.854197968254552e-10,0.951
2280.0,8.734334874613865e-06,0.006394076205857707,0.07822379175192351,-0.0010200825261315362,1.0,5.854309995740913e-10,0.951
2280.0,8.734336253377022e-06,0.006394076205857707,0.07822379175192351,-0.0010200825261315362,1.0,5.854332931542994e-10,0.951
2280.0,8.828322543704764e-06,0.006443887352408182,0.005477997488914088,0.00041634662670128614,1.0,4.944465267418021e-10,0.951
2280.0,8.640349200845667e-06,0.0063285069329186965,0.1400987408997647,-0.01797254959140847,1.0,4.94448252107212e-10,0.951
2279.998999999836,8.73433873828486e-06,0.006394076205857707,0.07822379175192351,-0.0010200825261315362,1.0,5.854238315749814e-10,0.951
2280.0009999983013,8.734333873361558e-06,0.006378417556597852,0.06407033357864655,-0.01622547974394492,1.0,4.0347292852175243e-10,0.951
2280.0,8.640349725454802e-06,0.0063285069329186965,0.1400987408997647,-0.01797254959140847,1.0,4.944543736259815e-10,0.951
2279.997999999672,8.73434104834241e-06,0.006378417556597852,0.06407033357864655,-0.01622547974394492,1.0,4.034692249943789e-10,0.951
2280.001000000164,8.590222245498659e-06,0.006259939464983919,-0.011953960675110675,-0.06475588108525311,1.0,2.729325597344336e-10,0.951
2280.0,8.709274778261033e-06,0.006361065782927943,0.08511956510174024,0.01275972540193772,1.0,4.98401575406111e-10,0.951
2280.001000000164,8.734331482438371e-06,0.006378417556597852,0.06407033357864655,-0.01622547974394492,1.0,4.034760456324324e-10,0.951
2279.998999999836,8.590224430775382e-06,0.006259939464983919,-0.011953960675110675,-0.06475588108525311,1.0,2.7293403989283535e-10,0.951
2279.998999999836,8.590230243168863e-06,0.006259939464983919,-0.011953960675110675,-0.06475588108525311,1.0,2.729365415306758e-10,0.951
2280.001000000164,8.590224978940685e-06,0.006259939464983919,-0.011953960675110675,-0.06475588108525311,1.0,2.7293377866176905e-10,0.951
2280.0,8.546367459519458e-06,0.006235720529843819,0.04149393816971747,-0.08630438180128516,1.0,1.8986844127618843e-10,0.951
2280.0,8.590226188021101e-06,0.006259939464983919,-0.011953960675110675,-0.06475588108525311,1.0,2.729283009647418e-10,0.951
2280.001000000164,8.590223451009756e-06,0.006259939464983919,-0.011953960675110675,-0.06475588108525311,1.0,2.729370468012413e-10,0.951
2280.0,8.590225935400111e-06,0.006259939464983919,-0.011953960675110675,-0.06475588108525311,1.0,2.7293875315164954e-10,0.951
2280.0,8.590222867350233e-06,0.006259939464983919,-0.011953960675110675,-0.06475588108525311,1.0,2.729362808701472e-10,0.95
2280.0,8.59022843597399e-06,0.006259939464983919,-0.011953960675110675,-0.06475588108525311,1.0,2.7293623836759757e-10,0.95
2280.001000000164,8.590227367797112e-06,0.006259939464983919,-0.011953960675110675,-0.06475588108525311,1.0,2.729334212851418e-10,0.95
2280.002000000328,8.59022514001871e-06,0.006259939464983919,-0.011953960675110675,-0.06475588108525311,1.0,2.729348546444735e-10,0.95
2279.9990000016987,8.590227997806848e-06,0.006259939464983919,-0.011953960675110675,-0.06475588108525311,1.0,2.7293830173428033e-10,0.95
2280.001000000164,8.590220063670065e-06,0.006259939464983919,-0.011953960675110675,-0.06475588108525311,1.0,2.729421256317387e-10,0.95
2280.001000000164,8.590225822963216e-06,0.006259939464983919,-0.011953960675110675,-0.06475588108525311,1.0,2.729379850036799e-10,0.95
2280.0,8.59022648501852e-06,0.006259939464983919,-0.011953960675110675,-0.06475588108525311,1.0,2.7293829603942135e-10,0.95
2279.9990000016987,8.590227827421875e-06,0.006259939464983919,-0.011953960675110675,-0.06475588108525311,1.0,2.7293753901173133e-10,0.95
2279.998000001535,8.590225993354209e-06,0.006259939464983919,-0.011953960675110675,-0.06475588108525311,1.0,2.729344814093757e-10,0.95
2280.0,8.59022382824637e-06,0.006259939464983919,-0.011953960675110675,-0.06475588108525311,1.0,2.729351774120914e-10,0.95
2280.001000000164,8.590223431686805e-06,0.006259939464983919,-0.011953960675110675,-0.06475588108525311,1.0,2.7293651612977173e-10,0.95
2280.0,8.590229391129722e-06,0.006259939464983919,-0.011953960675110675,-0.06475588108525311,1.0,2.729351738723968e-10,0.95
2280.001000000164,8.59022629131702e-06,0.006259939464983919,-0.011953960675110675,-0.06475588108525311,1.0,2.7293922863156427e-10,0.95
2279.998999999836,8.60902305024751e-06,0.006275264724967467,-0.04712458276886666,-0.040211681556725005,1.0,3.9556234713360535e-10,0.95
2280.0,8.590223604074524e-06,0.006259939464983919,-0.011953960675110675,-0.06475588108525311,1.0,2.729389640224013e-10,0.95
2279.998999999836,8.590226698317927e-06,0.006259939464983919,-0.011953960675110675,-0.06475588108525311,1.0,2.7293687507420423e-10,0.95
2280.001000000164,8.590225553026916e-06,0.006259939464983919,-0.011953960675110675,-0.06475588108525311,1.0,2.729377211602472e-10,0.95
2279.997999999672,8.590225132862455e-06,0.006259939464983919,-0.011953960675110675,-0.06475588108525311,1.0,2.7293392422307435e-10,0.95
2280.0,8.609017219175547e-06,0.006275264724967467,-0.04712458276886666,-0.040211681556725005,1.0,3.9555862264711225e-10,0.95
2280.0,8.609023259020444e-06,0.006275264724967467,-0.04712458276886666,-0.040211681556725005,1.0,3.955632405612038e-10,0.95
2280.002999998629,8.609018103044554e-06,0.006275264724967467,-0.04712458276886666,-0.040211681556725005,1.0,3.955629452461053e-10,0.95
2279.997999999672,8.609023084560391e-06,0.006275264724967467,-0.04712458276886666,-0.040211681556725005,1.0,3.9556514299772784e-10,0.95
2279.9969999995083,8.590229786970848e-06,0.006259939464983919,-0.011953960675110675,-0.06475588108525311,1.0,2.729386182582877e-10,0.949
2279.997000001371,8.677946771078979e-06,0.006306846739018923,-0.10778542534518198,-0.02334046942460916,1.0,4.0742151389417766e-10,0.949
2279.997999999672,8.609023829600038e-06,0.006275264724967467,-0.04712458276886666,-0.040211681556725005,1.0,3.9556140255749083e-10,0.949
2280.0,8.67794727143662e-06,0.006306846739018923,-0.10778542534518198,-0.02334046942460916,1.0,4.07426863701535e-10,0.949
2280.0030000004917,8.67793939598072e-06,0.006306846739018923,-0.10778542534518198,-0.02334046942460916,1.0,4.074232248965687e-10,0.949
2280.002000000328,8.677946588917988e-06,0.006306846739018923,-0.10778542534518198,-0.02334046942460916,1.0,4.074228478784939e-10,0.949
2279.997999999672,8.677942443422785e-06,0.006306846739018923,-0.10778542534518198,-0.02334046942460916,1.0,4.074337578018898e-10,0.949
2280.001000000164,8.677940409427278e-06,0.006306846739018923,-0.10778542534518198,-0.02334046942460916,1.0,4.0742548443398885e-10,0.949
2480.497000001371,9.308309774393685e-06,0.00697390477730984,0.14286507412039162,-0.41364308416614426,4.124963734011739,-1.0117318437648382e-09,0.957
2500.5319999996573,9.279694447155488e-06,0.007013757681353773,0.16342305555201353,-0.4259098533320036,4.1366741144617025,-1.0538430717998428e-09,0.957
2490.5109999999404,9.219747695475842e-06,0.0069370375492597254,0.14945763437731596,-0.40340503726243265,4.129977519893304,-9.529319824620823e-10,0.958
2490.5109999999404,9.219747695475842e-06,0.0069370375492597254,0.14945763437731596,-0.40340503726243265,4.129977519893304,-9.529319824620823e-10,0.958
2490.768999999389,8.91782406194472e-06,0.006658069959254633,-0.12108783787907429,0.017098601218623798,4.238869778326031,5.845933706780159e-10,0.965
2490.768999999389,8.91782406194472e-06,0.006658069959254633,-0.12108783787907429,0.017098601218623798,4.238869778326031,5.845933706780159e-10,0.965
2520.7560000009835,9.101171657562711e-06,0.006914021193528284,0.08259573621071459,-0.3024881260662267,4.144846153293853,-5.535837263280612e-10,0.967
2520.7560000009835,9.101171657562711e-06,0.006914021193528284,0.08259573621071459,-0.3024881260662267,4.144846153293853,-5.535837263280612e-10,0.967
2280.002000000328,8.502503379593872e-06,0.006197410325034307,-0.04724292629256199,0.10677948925940246,0.9927744539878083,8.346310880552673e-10,0.959
2280.0,8.452384414891385e-06,0.0061855093820791344,0.12138872775638587,-0.08950183116746681,1.0,2.8084574313017506e-10,0.959
2280.001000000164,8.596490674042262e-06,0.006254261704924391,-0.03884815323908031,-0.025357664447763197,1.0,3.7182482859829553e-10,0.958
2280.0,8.5338359791911e-06,0.006240782676960657,-0.004816740428842614,0.07073494852996766,1.0,7.9111537665558e-10,0.958
2280.001000000164,8.5025048289935e-06,0.006197410325034303,-0.04724292629252558,0.10677948925962719,0.9927744539878083,8.346302737931191e-10,0.958
2280.002000000328,8.295738233733195e-06,0.006038473142669157,-0.11942511084832397,0.038947081958653235,1.0,6.487193710822736e-10,0.958
2280.0,8.22681745375766e-06,0.005995392968113535,-0.045249876985805404,0.047978367819859945,1.0,6.605794305776501e-10,0.957
2280.001999998465,8.377188276877373e-06,0.006099827435005184,-0.11701107624381502,0.029578368495264,1.0,5.89379699398245e-10,0.957
2280.001000000164,8.609020844712063e-06,0.0062752647249674645,-0.04712458276891418,-0.04021168155677144,1.0,3.9555893324830333e-10,0.957
2280.001000000164,8.677941179106524e-06,0.0063068467390189195,-0.10778542534523039,-0.0233404694246549,1.0,4.074268630130646e-10,0.957
2280.001000000164,8.596490588302113e-06,0.006254261704924402,-0.03884815323911095,-0.025357664447553337,1.0,3.7182429301779724e-10,0.957
2279.998999999836,8.596491265435726e-06,0.006254261704924402,-0.03884815323911095,-0.025357664447553337,1.0,3.7182691139663427e-10,0.957
2280.001000000164,8.521301619718454e-06,0.006223047146653583,0.028641735095088272,0.022625432023821387,1.0,5.616983725006057e-10,0.956
2280.0,8.502507179867268e-06,0.006219451659701846,0.03829312539156815,0.04928550064838075,1.0,6.843161858586339e-10,0.956
2280.001000000164,8.533835233130562e-06,0.006240782676960657,-0.004816740428817745,0.07073494853017928,1.0,7.911198126018891e-10,0.956
2280.001000000164,8.502507065822508e-06,0.006197410325034299,-0.04724292629252291,0.10677948925960107,0.9927744539878083,8.34628235558038e-10,0.956
2280.001000000164,8.226815200749577e-06,0.005995392968113489,-0.04524987698587468,0.04797836781953655,1.0,6.605843565100072e-10,0.956
2280.001000000164,8.502506161230416e-06,0.006197410325034299,-0.04724292629252291,0.10677948925960107,0.9927744539878083,8.346320739106327e-10,0.956
2280.0,8.414788739817367e-06,0.006141103963843684,-0.004657952012213418,0.11722018989119967,0.9927744539878083,8.741878278612517e-10,0.956
2280.0,8.295739616110003e-06,0.0060384731426691126,-0.11942511084837681,0.03894708195857859,1.0,6.487194258808503e-10,0.955
2279.9990000016987,8.226815789934292e-06,0.005995392968113489,-0.04524987698587468,0.04797836781953655,1.0,6.605827574649778e-10,0.955
2279.998000001535,8.226818311789321e-06,0.005995392968113489,-0.04524987698587468,0.04797836781953655,1.0,6.605839149082038e-10,0.955
2279.998000001535,8.452379312109584e-06,0.006185509382079187,0.12138872775634013,-0.08950183116715103,1.0,2.8085015752295927e-10,0.955
2280.002000000328,8.496238172966397e-06,0.006210347901094731,0.06506629439021028,-0.06802985753733128,1.0,3.6391473396360286e-10,0.955
2279.998999999836,8.496245797756595e-06,0.006210347901094731,0.06506629439021028,-0.06802985753733128,1.0,3.6391383876147863e-10,0.955
2279.998999999836,8.590226611901913e-06,0.006259939464983926,-0.01195396067504717,-0.06475588108567934,1.0,2.7293333509509974e-10,0.955
2279.998999999836,8.590229534200404e-06,0.006259939464983926,-0.01195396067504717,-0.06475588108567934,1.0,2.7293772576193373e-10,0.954
2280.0,8.527568318745625e-06,0.0062228357049279774,0.023614825339028478,-0.04249981437212023,1.0,3.599570347212108e-10,0.954
2280.001000000164,8.609022758249173e-06,0.006275264724967476,-0.047124582768836465,-0.040211681556914416,1.0,3.9556236161321715e-10,0.954
2279.997999999672,8.609022479514996e-06,0.006275264724967476,-0.047124582768836465,-0.040211681556914416,1.0,3.9556036262280984e-10,0.954
2280.0,8.596489386835556e-06,0.006254261704924435,-0.03884815323906743,-0.025357664447682664,1.0,3.7183003064455627e-10,0.954
2279.997999999672,8.596492547146905e-06,0.006254261704924435,-0.03884815323906743,-0.025357664447682664,1.0,3.718318665173238e-10,0.954
2280.0,8.56516354898285e-06,0.00624310145596512,-0.014762685090724315,-7.570303047858784e-05,1.0,4.786306891234402e-10,0.954
2279.998999999836,8.502507103666458e-06,0.006219451659701887,0.03829312539157925,0.049285500648251525,1.0,6.843190964491201e-10,0.954
2280.001000000164,8.50250426557773e-06,0.006219451659701887,0.03829312539157925,0.049285500648251525,1.0,6.843179207618969e-10,0.954
2279.998999999836,8.502509110753229e-06,0.006219451659701887,0.03829312539157925,0.049285500648251525,1.0,6.843141229447059e-10,0.954
2280.001000000164,8.533832511869024e-06,0.006240782676960699,-0.0048167404288097515,0.07073494853005138,1.0,7.911187078233437e-10,0.953
2280.002000000328,8.502506903798703e-06,0.006219451659701887,0.03829312539157925,0.049285500648251525,1.0,6.84318973537827e-10,0.953
2280.001000000164,8.533835999286393e-06,0.006240782676960699,-0.0048167404288097515,0.07073494853005138,1.0,7.911226095368871e-10,0.953
2279.997999999672,8.533827022742674e-06,0.006240782676960699,-0.0048167404288097515,0.07073494853005138,1.0,7.911276594775847e-10,0.953
2280.0,8.477443647178829e-06,0.006210983480051583,0.05803637134011508,0.08956199142951189,1.0,8.425410721678517e-10,0.953
2280.001000000164,8.609021223956784e-06,0.0062794568990772225,-0.05966538646353836,0.1435200513345686,0.9927744539878083,9.888984675414467e-10,0.953
2280.001000000164,8.502504172744178e-06,0.006197410325034346,-0.04724292629254112,0.10677948925945992,0.9927744539878083,8.346336942093029e-10,0.953
2280.0,8.502506720074154e-06,0.006197410325034346,-0.04724292629254112,0.10677948925945992,0.9927744539878083,8.346283091175203e-10,0.953
2280.0,8.502510008334909e-06,0.006197410325034346,-0.04724292629254112,0.10677948925945992,0.9927744539878083,8.346337100462219e-10,0.953
2280.0,8.508773695747613e-06,0.006207804934537116,-0.06541730277874525,0.13188556154481565,0.9927744539878083,9.651650267119133e-10,0.953
2280.001000000164,8.41478799260489e-06,0.006141103963843698,-0.00465795201224628,0.11722018989079817,0.9927744539878083,8.741852899387765e-10,0.952
2280.0,8.502507854723562e-06,0.006197410325034346,-0.04724292629254112,0.10677948925945992,0.9927744539878083,8.346269458376024e-10,0.952
2279.997999999672,8.414791255226153e-06,0.006141103963843698,-0.00465795201224628,0.11722018989079817,0.9927744539878083,8.741872454238081e-10,0.952
2280.0,8.508773005418756e-06,0.006207804934537116,-0.06541730277874525,0.13188556154481565,0.9927744539878083,9.651628467016344e-10,0.952
2280.0,8.34586681835567e-06,0.0060991802727907605,0.07411601477216578,0.1287279347542418,0.9927744539878083,8.860560186901553e-10,0.952
2280.001000000164,8.34586855390197e-06,0.0060991802727907605,0.07411601477216578,0.1287279347542418,0.9927744539878083,8.860477997929239e-10,0.952
2280.002000000328,8.452380612233523e-06,0.006185509382079164,0.12138872775639431,-0.0895018311674208,1.0,2.808423574451763e-10,0.952
2280.001000000164,8.49624215675808e-06,0.006210347901094706,0.06506629439027956,-0.0680298575378378,1.0,3.6391305744244556e-10,0.952
2280.001999998465,8.496237250387255e-06,0.006210347901094706,0.06506629439027956,-0.0680298575378378,1.0,3.6391510107608485e-10,0.952
2280.001000000164,8.496241391051248e-06,0.006210347901094706,0.06506629439027956,-0.0680298575378378,1.0,3.639113635416557e-10,0.952
2280.0,8.49624077061672e-06,0.006210347901094706,0.06506629439027956,-0.0680298575378378,1.0,3.639153219589775e-10,0.951
2280.0,8.452381732587765e-06,0.006185509382079164,0.12138872775639431,-0.0895018311674208,1.0,2.808504994332134e-10,0.951
2279.998999999836,8.496240623950715e-06,0.006210347901094706,0.06506629439027956,-0.0680298575378378,1.0,3.639182575079995e-10,0.951
2280.0,8.496239011519628e-06,0.006210347901094706,0.06506629439027956,-0.0680298575378378,1.0,3.6391460644852087e-10,0.951
2280.0,8.496242003493515e-06,0.006210347901094706,0.06506629439027956,-0.0680298575378378,1.0,3.6391339351985776e-10,0.951
2280.0,8.496241620799511e-06,0.006210347901094706,0.06506629439027956,-0.0680298575378378,1.0,3.6391029276088976e-10,0.951
2280.0,8.609024184983308e-06,0.00627526472496745,-0.04712458276881337,-0.040211681556943775,1.0,3.955560576900315e-10,0.951
2279.998999999836,8.677946497268667e-06,0.006306846739018919,-0.1077854253451469,-0.023340469425299545,1.0,4.074249001607191e-10,0.951
2280.0,8.677946614838043e-06,0.006306846739018919,-0.1077854253451469,-0.023340469425299545,1.0,4.074237159961804e-10,0.951
2279.997999999672,8.677944018084734e-06,0.006306846739018919,-0.1077854253451469,-0.023340469425299545,1.0,4.0742709353053643e-10,0.951
2280.001000000164,8.677940557047814e-06,0.006306846739018919,-0.1077854253451469,-0.023340469425299545,1.0,4.074288929035643e-10,0.951
2279.998999999836,8.609023259180569e-06,0.00627526472496745,-0.04712458276881337,-0.040211681556943775,1.0,3.955582859333703e-10,0.951
2280.002000000328,8.677941953281757e-06,0.006306846739018919,-0.1077854253451469,-0.023340469425299545,1.0,4.074196264463915e-10,0.95
2280.002000000328,8.677946841362481e-06,0.006306846739018919,-0.1077854253451469,-0.023340469425299545,1.0,4.07423438580926e-10,0.95
2280.001000000164,8.677942396902292e-06,0.006306846739018919,-0.1077854253451469,-0.023340469425299545,1.0,4.0742469495115876e-10,0.95
2280.0,8.609021394249731e-06,0.00627526472496745,-0.04712458276881337,-0.040211681556943775,1.0,3.95558411662205e-10,0.95
2280.001000000164,8.596487974315339e-06,0.006254261704924424,-0.03884815323907498,-0.02535766444771813,1.0,3.7182796156636943e-10,0.95
2280.0,8.596489726498105e-06,0.006254261704924424,-0.03884815323907498,-0.02535766444771813,1.0,3.718248680784791e-10,0.95
2280.0,8.596489418712626e-06,0.006254261704924424,-0.03884815323907498,-0.02535766444771813,1.0,3.718313826508833e-10,0.95
2280.0,8.596493989352337e-06,0.006254261704924424,-0.03884815323907498,-0.02535766444771813,1.0,3.718253375295306e-10,0.95
2280.0,8.596492117343062e-06,0.006254261704924424,-0.03884815323907498,-0.02535766444771813,1.0,3.7182519206816445e-10,0.95
2280.0,8.596493342996685e-06,0.006254261704924424,-0.03884815323907498,-0.02535766444771813,1.0,3.7182267589141366e-10,0.95
2280.0,8.59649222726596e-06,0.006254261704924424,-0.03884815323907498,-0.02535766444771813,1.0,3.7182560600558027e-10,0.95
2279.998999999836,8.596491184087388e-06,0.006254261704924424,-0.03884815323907498,-0.02535766444771813,1.0,3.7182821498593763e-10,0.95
2280.001000000164,8.596487816021442e-06,0.006254261704924424,-0.03884815323907498,-0.02535766444771813,1.0,3.718282757557123e-10,0.95
2280.001000000164,8.596490057368455e-06,0.006254261704924424,-0.03884815323907498,-0.02535766444771813,1.0,3.718259083339171e-10,0.95
2280.001999998465,8.59649170951969e-06,0.006254261704924424,-0.03884815323907498,-0.02535766444771813,1.0,3.7182260819733166e-10,0.949
2280.0,8.546369484160736e-06,0.006239939270959542,-0.007117927702928739,0.026485817503251158,1.0,6.012446271951234e-10,0.949
2279.998999999836,8.54636469956704e-06,0.006239939270959542,-0.007117927702928739,0.026485817503251158,1.0,6.012520428090864e-10,0.949
2279.997999999672,8.565163892451236e-06,0.006243101455965108,-0.014762685090730976,-7.570303051411037e-05,1.0,4.786235136479421e-10,0.949
2280.001000000164,8.502506758429737e-06,0.006219451659701874,0.03829312539157259,0.04928550064821571,1.0,6.843194507071159e-10,0.949
2280.002000000328,8.502506752224326e-06,0.006219451659701874,0.03829312539157259,0.04928550064821571,1.0,6.843138868660733e-10,0.949
2279.998999999836,8.502505094922289e-06,0.006219451659701874,0.03829312539157259,0.04928550064821571,1.0,6.843229467681242e-10,0.949
2280.002000000328,8.502504718866354e-06,0.006219451659701874,0.03829312539157259,0.04928550064821571,1.0,6.843153987707547e-10,0.949
2280.0,8.502501927736991e-06,0.006219451659701874,0.03829312539157259,0.04928550064821571,1.0,6.84321697911287e-10,0.949
2280.001000000164,8.502505511185802e-06,0.006219451659701874,0.03829312539157259,0.04928550064821571,1.0,6.843160864509309e-10,0.949
2279.997999999672,8.502507503078686e-06,0.006219451659701874,0.03829312539157259,0.04928550064821571,1.0,6.843201165163858e-10,0.949
2280.001000000164,8.502509132158908e-06,0.006219451659701874,0.03829312539157259,0.04928550064821571,1.0,6.843137287366337e-10,0.949
2280.0,8.533833171112649e-06,0.006240782676960684,-0.004816740428815081,0.07073494853001591,1.0,7.911205377993434e-10,0.949
2280.001000000164,8.53383325794882e-06,0.006240782676960684,-0.004816740428815081,0.07073494853001591,1.0,7.911142562673843e-10,0.948
2280.001000000164,8.53383544951974e-06,0.006240782676960684,-0.004816740428815081,0.07073494853001591,1.0,7.911160922626148e-10,0.948
2280.0009999983013,8.533833026478467e-06,0.006240782676960684,-0.004816740428815081,0.07073494853001591,1.0,7.911123509380185e-10,0.948
2280.001000000164,8.533833914666497e-06,0.006240782676960684,-0.004816740428815081,0.07073494853001591,1.0,7.911150262181287e-10,0.948
2280.0,8.583959000481673e-06,0.006273587070954077,-0.06308815209828378,0.11376873677876376,0.9927744539878083,9.730754835226531e-10,0.948
2280.001000000164,8.52756563647577e-06,0.006244787299904822,-0.010515080838717772,0.09704834813673892,0.9927744539878083,9.21650771293551e-10,0.948
2279.998999999836,8.60902206227421e-06,0.006281970860704205,-0.07304849474338093,0.1077939341575323,0.9927744539878083,8.860521994965343e-10,0.948
2280.0,8.533837444794213e-06,0.006240782676960684,-0.004816740428815081,0.07073494853001591,1.0,7.911202788168307e-10,0.948
2280.001000000164,8.609019592048382e-06,0.006279456899077219,-0.05966538646356678,0.14352005133453863,0.9927744539878083,9.889002284443561e-10,0.948
2280.0,8.609022379249057e-06,0.006279456899077219,-0.05966538646356678,0.14352005133453863,0.9927744539878083,9.888977301908e-10,0.948
2280.002000000328,8.609021593292914e-06,0.006279456899077219,-0.05966538646356678,0.14352005133453863,0.9927744539878083,9.888929491956001e-10,0.948
2280.0009999983013,8.609018847395658e-06,0.006279456899077219,-0.05966538646356678,0.14352005133453863,0.9927744539878083,9.88901480745771e-10,0.948
2280.001000000164,8.609021749388564e-06,0.006279456899077219,-0.05966538646356678,0.14352005133453863,0.9927744539878083,9.88897709545921e-10,0.948
2280.0,8.5526348258187e-06,0.0062515261294637785,-0.00955090952664106,0.1266711993833026,0.9927744539878083,9.374743660186657e-10,0.947
2280.0,8.60902448067876e-06,0.006279456899077219,-0.05966538646356678,0.14352005133453863,0.9927744539878083,9.888965418023348e-10,0.947
2279.998999999836,8.60902367305872e-06,0.006279456899077219,-0.05966538646356678,0.14352005133453863,0.9927744539878083,9.888990769978392e-10,0.947
2280.001000000164,8.609020232286068e-06,0.006279456899077219,-0.05966538646356678,0.14352005133453863,0.9927744539878083,9.888966032040441e-10,0.947
2279.998999999836,8.60902609499519e-06,0.006279456899077219,-0.05966538646356678,0.14352005133453863,0.9927744539878083,9.888952374267783e-10,0.947
2280.001000000164,8.502507674095844e-06,0.006197410325034342,-0.047242926292534015,0.1067794892596677,0.9927744539878083,8.346360300152724e-10,0.947
2280.0,8.60901668660305e-06,0.006279456899077219,-0.05966538646356678,0.14352005133453863,0.9927744539878083,9.889003448757008e-10,0.947
2280.0,8.502505911419266e-06,0.006197410325034342,-0.047242926292534015,0.1067794892596677,0.9927744539878083,8.346319849479335e-10,0.947
2280.001000000164,8.609023931047307e-06,0.006279456899077219,-0.05966538646356678,0.14352005133453863,0.9927744539878083,9.888963295381281e-10,0.947
2280.0,8.609023913299765e-06,0.006279456899077219,-0.05966538646356678,0.14352005133453863,0.9927744539878083,9.888999516417183e-10,0.947
2279.998999999836,8.609027096549783e-06,0.006279456899077219,-0.05966538646356678,0.14352005133453863,0.9927744539878083,9.889010619024758e-10,0.947
2280.001000000164,8.609020608052826e-06,0.006279456899077219,-0.05966538646356678,0.14352005133453863,0.9927744539878083,9.889017221919149e-10,0.947
2280.0,8.609018468146566e-06,0.006279456899077219,-0.05966538646356678,0.14352005133453863,0.9927744539878083,9.888984953580902e-10,0.947
2279.997999999672,8.609021512103346e-06,0.006279456899077219,-0.05966538646356678,0.14352005133453863,0.9927744539878083,9.889001599547287e-10,0.947
2280.001000000164,8.609021224259937e-06,0.006279456899077219,-0.05966538646356678,0.14352005133453863,0.9927744539878083,9.888924110235254e-10,0.947
2280.002000000328,8.502510620713034e-06,0.006197410325034342,-0.047242926292534015,0.1067794892596677,0.9927744539878083,8.346225488747992e-10,0.947
2279.998999999836,8.50250262605821e-06,0.006197410325034342,-0.047242926292534015,0.1067794892596677,0.9927744539878083,8.3464033662187e-10,0.947
2280.001000000164,8.502505876170319e-06,0.006197410325034342,-0.047242926292534015,0.1067794892596677,0.9927744539878083,8.346344660189949e-10,0.947
2280.0040000006557,8.502504560759663e-06,0.006197410325034342,-0.047242926292534015,0.1067794892596677,0.9927744539878083,8.346239138699597e-10,0.947
2280.001000000164,8.502502916705276e-06,0.006197410325034342,-0.047242926292534015,0.1067794892596677,0.9927744539878083,8.346310611893761e-10,0.946
2280.002000000328,8.609026335242501e-06,0.006279456899077219,-0.05966538646356678,0.14352005133453863,0.9927744539878083,9.888943025911195e-10,0.946
2279.998000001535,8.609021744981592e-06,0.006279456899077219,-0.05966538646356678,0.14352005133453863,0.9927744539878083,9.889087429887078e-10,0.946
2279.997999999672,8.609020638514955e-06,0.006279456899077219,-0.05966538646356678,0.14352005133453863,0.9927744539878083,9.88905190502406e-10,0.946
2279.9969999995083,8.609026216207899e-06,0.006279456899077219,-0.05966538646356678,0.14352005133453863,0.9927744539878083,9.889033904688391e-10,0.946
2280.0,8.433587620899961e-06,0.006156725035105493,0.028417806723629813,0.11895758653913895,0.9927744539878083,8.464976392549473e-10,0.946
2280.0,8.508773127408423e-06,0.006207804934537112,-0.06541730277877589,0.13188556154478456,0.9927744539878083,9.651651086495534e-10,0.946
2279.998999999836,8.502507047525622e-06,0.006197410325034342,-0.047242926292534015,0.1067794892596677,0.9927744539878083,8.346334629613113e-10,0.946
2280.001999998465,8.508774268986769e-06,0.006207804934537112,-0.06541730277877589,0.13188556154478456,0.9927744539878083,9.651682826608714e-10,0.946
2280.0,8.414789921635299e-06,0.006141103963843724,-0.00465795201225605,0.11722018989102863,0.9927744539878083,8.741862920047135e-10,0.946
2280.0030000004917,8.50876927460229e-06,0.006207804934537112,-0.06541730277877589,0.13188556154478456,0.9927744539878083,9.651638741179783e-10,0.946
2280.001000000164,8.50250635736248e-06,0.006197410325034342,-0.047242926292534015,0.1067794892596677,0.9927744539878083,8.346302969592818e-10,0.946
2280.0,8.502509528476322e-06,0.006197410325034342,-0.047242926292534015,0.1067794892596677,0.9927744539878083,8.346285106604124e-10,0.946
2280.001000000164,8.609028113345787e-06,0.006279456899077219,-0.05966538646356678,0.14352005133453863,0.9927744539878083,9.888932863789638e-10,0.946
2280.001000000164,8.502507178729842e-06,0.006197410325034342,-0.047242926292534015,0.1067794892596677,0.9927744539878083,8.346297444935143e-10,0.946
2280.001000000164,8.508773004315992e-06,0.006207804934537112,-0.06541730277877589,0.13188556154478456,0.9927744539878083,9.651651892121834e-10,0.945
2280.0,8.345861750076624e-06,0.006099180272790769,0.0741160147722395,0.1287279347547111,0.9927744539878083,8.860513944779762e-10,0.945
2280.001000000164,8.439848054490907e-06,0.00616676149761129,0.010892530251928267,0.1442653623350192,0.9927744539878083,9.770370949057773e-10,0.945
2279.998999999836,8.508773638582893e-06,0.006207804934537112,-0.06541730277877589,0.13188556154478456,0.9927744539878083,9.651680610772637e-10,0.945
2280.0,8.50877259485852e-06,0.006207804934537112,-0.06541730277877589,0.13188556154478456,0.9927744539878083,9.651631592190346e-10,0.945
2279.9990000016987,8.502506258633159e-06,0.006197410325034342,-0.047242926292534015,0.1067794892596677,0.9927744539878083,8.346348390481237e-10,0.945
2280.0,8.508772988933147e-06,0.006207804934537112,-0.06541730277877589,0.13188556154478456,0.9927744539878083,9.651635898243297e-10,0.945
2280.0,8.50877302850526e-06,0.006207804934537112,-0.06541730277877589,0.13188556154478456,0.9927744539878083,9.651592339678879e-10,0.944
2280.0,8.502505593909513e-06,0.006197410325034342,-0.047242926292534015,0.1067794892596677,0.9927744539878083,8.346322334680319e-10,0.945
2280.001000000164,8.508772055679767e-06,0.006207804934537112,-0.06541730277877589,0.13188556154478456,0.9927744539878083,9.651693499199977e-10,0.945
2280.0,8.508775871134947e-06,0.006207804934537112,-0.06541730277877589,0.13188556154478456,0.9927744539878083,9.651634106600704e-10,0.945
2279.997999999672,8.508772851522878e-06,0.006207804934537112,-0.06541730277877589,0.13188556154478456,0.9927744539878083,9.651641475069894e-10,0.945
2279.998999999836,8.508775701858907e-06,0.006207804934537112,-0.06541730277877589,0.13188556154478456,0.9927744539878083,9.651698034927342e-10,0.945
2280.001000000164,8.508769217985654e-06,0.006207804934537112,-0.06541730277877589,0.13188556154478456,0.9927744539878083,9.651681297046465e-10,0.945
2280.0,8.345864471792795e-06,0.006099180272790769,0.0741160147722395,0.1287279347547111,0.9927744539878083,8.860511259612238e-10,0.945
2280.001000000164,8.439848200462817e-06,0.00616676149761129,0.010892530251928267,0.1442653623350192,0.9927744539878083,9.770323175895782e-10,0.945
2280.0,8.439847522891679e-06,0.00616676149761129,0.010892530251928267,0.1442653623350192,0.9927744539878083,9.770371140005878e-10,0.944
2279.998999999836,8.439851068297657e-06,0.00616676149761129,0.010892530251928267,0.1442653623350192,0.9927744539878083,9.770243288902692e-10,0.944
2280.0,8.439850765460285e-06,0.00616676149761129,0.010892530251928267,0.1442653623350192,0.9927744539878083,9.77033907318998e-10,0.944
2279.997999999672,8.508773629239569e-06,0.006207804934537112,-0.06541730277877589,0.13188556154478456,0.9927744539878083,9.65161961412596e-10,0.944
2280.0,8.439850226087664e-06,0.00616676149761129,0.010892530251928267,0.1442653623350192,0.9927744539878083,9.770315752940195e-10,0.944
2280.0,8.439848788393922e-06,0.00616676149761129,0.010892530251928267,0.1442653623350192,0.9927744539878083,9.770379710815116e-10,0.944
2280.001000000164,8.345868324630444e-06,0.006099180272790769,0.0741160147722395,0.1287279347547111,0.9927744539878083,8.860501315644829e-10,0.944
2279.998999999836,8.34586623403218e-06,0.006099180272790769,0.0741160147722395,0.1287279347547111,0.9927744539878083,8.860596519291461e-10,0.944
2280.001000000164,8.345864722424308e-06,0.006099180272790769,0.0741160147722395,0.1287279347547111,0.9927744539878083,8.860499758410835e-10,0.944
2280.002000000328,8.345861162927835e-06,0.006099180272790769,0.0741160147722395,0.1287279347547111,0.9927744539878083,8.860570538785735e-10,0.944
2280.0,8.345866379599633e-06,0.006099180272790769,0.0741160147722395,0.1287279347547111,0.9927744539878083,8.860534659188049e-10,0.944
2279.998999999836,8.345868913357562e-06,0.006099180272790769,0.0741160147722395,0.1287279347547111,0.9927744539878083,8.860543619517438e-10,0.944
2279.998999999836,8.34586541603631e-06,0.006099180272790769,0.0741160147722395,0.1287279347547111,0.9927744539878083,8.86052887821787e-10,0.944
2280.001000000164,8.345863780844585e-06,0.006099180272790769,0.0741160147722395,0.1287279347547111,0.9927744539878083,8.860530032612638e-10,0.944
2280.0,8.345865602598231e-06,0.006099180272790769,0.0741160147722395,0.1287279347547111,0.9927744539878083,8.860500344576308e-10,0.944
2280.001000000164,8.345862670617382e-06,0.006099180272790769,0.0741160147722395,0.1287279347547111,0.9927744539878083,8.860555327049637e-10,0.944
2279.9990000016987,8.345868663038465e-06,0.006099180272790769,0.0741160147722395,0.1287279347547111,0.9927744539878083,8.860568371303781e-10,0.944
2279.998999999836,8.345867930003115e-06,0.006099180272790769,0.0741160147722395,0.1287279347547111,0.9927744539878083,8.860549574653037e-10,0.944
2280.001000000164,8.345865309265942e-06,0.006099180272790769,0.0741160147722395,0.1287279347547111,0.9927744539878083,8.860530405656502e-10,0.944
2280.0,8.345867299502211e-06,0.006099180272790769,0.0741160147722395,0.1287279347547111,0.9927744539878083,8.860550799453573e-10,0.943
2280.001000000164,8.345865750208238e-06,0.006099180272790769,0.0741160147722395,0.1287279347547111,0.9927744539878083,8.86053357835868e-10,0.943
2280.0,8.34586673590767e-06,0.006099180272790769,0.0741160147722395,0.1287279347547111,0.9927744539878083,8.86054450596123e-10,0.943
2279.997999999672,8.34586508469502e-06,0.006099180272790769,0.0741160147722395,0.1287279347547111,0.9927744539878083,8.860616861188368e-10,0.943
2279.998999999836,8.345864265146374e-06,0.006099180272790769,0.0741160147722395,0.1287279347547111,0.9927744539878083,8.860544856215523e-10,0.943
2280.0,8.345863761533463e-06,0.006099180272790769,0.0741160147722395,0.1287279347547111,0.9927744539878083,8.860556286396883e-10,0.943
2279.998999999836,8.345862881514427e-06,0.006099180272790769,0.0741160147722395,0.1287279347547111,0.9927744539878083,8.860525381246339e-10,0.943
2279.998999999836,8.389723980841547e-06,0.006125657859407959,0.023694642516952413,0.1468760552668756,0.9927744539878083,9.691238058970387e-10,0.943
2280.0,8.345867553115353e-06,0.006099180272790769,0.0741160147722395,0.1287279347547111,0.9927744539878083,8.860545910593116e-10,0.943
2279.998999999836,8.345863449180843e-06,0.006099180272790769,0.0741160147722395,0.1287279347547111,0.9927744539878083,8.860564195543381e-10,0.943
2280.0,8.345863885272151e-06,0.006099180272790769,0.0741160147722395,0.1287279347547111,0.9927744539878083,8.860511593713506e-10,0.943
2279.998999999836,8.34586548010893e-06,0.006099180272790769,0.0741160147722395,0.1287279347547111,0.9927744539878083,8.860571689200982e-10,0.943
2280.0,8.345866482615475e-06,0.006099180272790769,0.0741160147722395,0.1287279347547111,0.9927744539878083,8.860529943688876e-10,0.943
2280.001000000164,8.345866021725903e-06,0.006099180272790769,0.0741160147722395,0.1287279347547111,0.9927744539878083,8.860532988580535e-10,0.943
2280.0,8.345862567284298e-06,0.006099180272790769,0.0741160147722395,0.1287279347547111,0.9927744539878083,8.860528783838793e-10,0.943
2279.998999999836,8.34586617216397e-06,0.006099180272790769,0.0741160147722395,0.1287279347547111,0.9927744539878083,8.860581181301982e-10,0.943
2280.0009999983013,8.34586491148963e-06,0.006099180272790769,0.0741160147722395,0.1287279347547111,0.9927744539878083,8.860495061181297e-10,0.943
2280.0,8.38972396643235e-06,0.006125657859407959,0.023694642516952413,0.1468760552668756,0.9927744539878083,9.691219063440016e-10,0.943
2280.001000000164,8.345863446360864e-06,0.006099180272790769,0.0741160147722395,0.1287279347547111,0.9927744539878083,8.860534454825048e-10,0.942
2280.002000000328,8.389724108944864e-06,0.006125657859407959,0.023694642516952413,0.1468760552668756,0.9927744539878083,9.691167904191577e-10,0.942
2279.998999999836,8.345865772507848e-06,0.006099180272790769,0.0741160147722395,0.1287279347547111,0.9927744539878083,8.860530203099329e-10,0.942
2280.002000000328,8.34586026123598e-06,0.006099180272790769,0.0741160147722395,0.1287279347547111,0.9927744539878083,8.860501047710543e-10,0.942
2280.001000000164,8.345865310829308e-06,0.006099180272790769,0.0741160147722395,0.1287279347547111,0.9927744539878083,8.860535387031792e-10,0.942
2279.997999999672,8.345863386213998e-06,0.006099180272790769,0.0741160147722395,0.1287279347547111,0.9927744539878083,8.860540756180691e-10,0.942
2280.001000000164,8.345863633703291e-06,0.006099180272790769,0.0741160147722395,0.1287279347547111,0.9927744539878083,8.860498756990575e-10,0.942
2279.997999999672,8.345866234032347e-06,0.006099180272790769,0.0741160147722395,0.1287279347547111,0.9927744539878083,8.860532343641658e-10,0.942
2279.998999999836,8.345867489680015e-06,0.006099180272790769,0.0741160147722395,0.1287279347547111,0.9927744539878083,8.860546434565859e-10,0.942
2280.0,8.389723952617447e-06,0.006125657859407959,0.023694642516952413,0.1468760552668756,0.9927744539878083,9.691259469467216e-10,0.942
2280.001000000164,8.34586574847815e-06,0.006099180272790769,0.0741160147722395,0.1287279347547111,0.9927744539878083,8.860494597660668e-10,0.942
2280.0,8.389724193344626e-06,0.006125657859407959,0.023694642516952413,0.1468760552668756,0.9927744539878083,9.691165163676122e-10,0.942
2280.002000000328,8.345861056616166e-06,0.006099180272790769,0.0741160147722395,0.1287279347547111,0.9927744539878083,8.860486837812719e-10,0.942
2279.998999999836,8.389725532887535e-06,0.006125657859407959,0.023694642516952413,0.1468760552668756,0.9927744539878083,9.691256362813533e-10,0.942
2280.001000000164,8.389723115465544e-06,0.006125657859407959,0.023694642516952413,0.1468760552668756,0.9927744539878083,9.691197391504052e-10,0.942
2280.001000000164,8.389721322097044e-06,0.006125657859407959,0.023694642516952413,0.1468760552668756,0.9927744539878083,9.691190381398426e-10,0.941
2280.0,8.345868599755553e-06,0.006099180272790769,0.0741160147722395,0.1287279347547111,0.9927744539878083,8.860555101525201e-10,0.942
2280.001000000164,8.345860974961524e-06,0.006099180272790769,0.0741160147722395,0.1287279347547111,0.9927744539878083,8.860502763124007e-10,0.942
2279.998999999836,8.345867489835817e-06,0.006099180272790769,0.0741160147722395,0.1287279347547111,0.9927744539878083,8.860565533405782e-10,0.942
2279.998999999836,8.389727083245313e-06,0.006125657859407959,0.023694642516952413,0.1468760552668756,0.9927744539878083,9.691222818472404e-10,0.941
2280.0,8.38972632795157e-06,0.006125657859407959,0.023694642516952413,0.1468760552668756,0.9927744539878083,9.691189616989363e-10,0.941
2280.0,8.389723605997364e-06,0.006125657859407959,0.023694642516952413,0.1468760552668756,0.9927744539878083,9.691162382680745e-10,0.941
2279.998999999836,8.389727147316247e-06,0.006125657859407959,0.023694642516952413,0.1468760552668756,0.9927744539878083,9.691232672725243e-10,0.941
2280.0,8.38972368306579e-06,0.006125657859407959,0.023694642516952413,0.1468760552668756,0.9927744539878083,9.691204428379075e-10,0.941
2280.001000000164,8.38972691867532e-06,0.006125657859407959,0.023694642516952413,0.1468760552668756,0.9927744539878083,9.69120211020007e-10,0.941
2280.0,8.389720808988505e-06,0.006125657859407959,0.023694642516952413,0.1468760552668756,0.9927744539878083,9.691190171902176e-10,0.941
2280.002000000328,8.389722522190139e-06,0.006125657859407959,0.023694642516952413,0.1468760552668756,0.9927744539878083,9.691194815679585e-10,0.941
2280.0,8.389722811207388e-06,0.006125657859407959,0.023694642516952413,0.1468760552668756,0.9927744539878083,9.691185841641684e-10,0.941
2280.0,8.38972677867853e-06,0.006125657859407959,0.023694642516952413,0.1468760552668756,0.9927744539878083,9.691148347174838e-10,0.941
2279.9990000016987,8.408520509676882e-06,0.006143031996112613,-0.008317854782048606,0.16952151719176636,0.9927744539878083,1.0917435184543836e-09,0.941
2279.997999999672,8.38972423995028e-06,0.006125657859407959,0.023694642516952413,0.1468760552668756,0.9927744539878083,9.691252782528436e-10,0.941
2280.0,8.408519389630778e-06,0.006143031996112613,-0.008317854782048606,0.16952151719176636,0.9927744539878083,1.0917435783759395e-09,0.941
2279.998999999836,8.408518546669924e-06,0.006143031996112613,-0.008317854782048606,0.16952151719176636,0.9927744539878083,1.0917462201318362e-09,0.941
2280.0,8.408522472685567e-06,0.006143031996112613,-0.008317854782048606,0.16952151719176636,0.9927744539878083,1.0917452605146873e-09,0.941
2280.0,8.408519235816803e-06,0.006143031996112613,-0.008317854782048606,0.16952151719176636,0.9927744539878083,1.091747737501622e-09,0.941
2280.0,8.408523892827252e-06,0.006143031996112613,-0.008317854782048606,0.16952151719176636,0.9927744539878083,1.091738986216308e-09,0.941
2279.998999999836,8.38972389615443e-06,0.006125657859407959,0.023694642516952413,0.1468760552668756,0.9927744539878083,9.691218234608984e-10,0.941
2280.0,8.389724325730514e-06,0.006125657859407959,0.023694642516952413,0.1468760552668756,0.9927744539878083,9.691214271727232e-10,0.941
2280.001000000164,8.389724041493938e-06,0.006125657859407959,0.023694642516952413,0.1468760552668756,0.9927744539878083,9.691177828294986e-10,0.94
2280.001000000164,8.38972132181789e-06,0.006125657859407959,0.023694642516952413,0.1468760552668756,0.9927744539878083,9.691233507961008e-10,0.94
2280.0,8.408518696721916e-06,0.006143031996112613,-0.008317854782048606,0.16952151719176636,0.9927744539878083,1.0917419787847825e-09,0.94
2280.0,8.389726926016852e-06,0.006125657859407959,0.023694642516952413,0.1468760552668756,0.9927744539878083,9.691176494897273e-10,0.94
2280.0,8.389723604032225e-06,0.006125657859407959,0.023694642516952413,0.1468760552668756,0.9927744539878083,9.69122962784161e-10,0.94
2280.002000000328,8.38972100343175e-06,0.006125657859407959,0.023694642516952413,0.1468760552668756,0.9927744539878083,9.691171177242632e-10,0.94
2279.9990000016987,8.389724415197198e-06,0.006125657859407959,0.023694642516952413,0.1468760552668756,0.9927744539878083,9.691173009801538e-10,0.94
2279.998999999836,8.408522472685043e-06,0.006143031996112613,-0.008317854782048606,0.16952151719176636,0.9927744539878083,1.0917437858067803e-09,0.94
2280.001000000164,8.389725502106815e-06,0.006125657859407959,0.023694642516952413,0.1468760552668756,0.9927744539878083,9.69120474931577e-10,0.94
2280.001000000164,8.389724731579942e-06,0.006125657859407959,0.023694642516952413,0.1468760552668756,0.9927744539878083,9.691182652516594e-10,0.94
2280.0,8.408520179437053e-06,0.006143031996112613,-0.008317854782048606,0.16952151719176636,0.9927744539878083,1.0917417114103371e-09,0.94
2280.001000000164,8.408525058488238e-06,0.006143031996112613,-0.008317854782048606,0.16952151719176636,0.9927744539878083,1.0917417837670002e-09,0.94
2280.0,8.40852082296157e-06,0.006143031996112613,-0.008317854782048606,0.16952151719176636,0.9927744539878083,1.0917427140337143e-09,0.94
2279.998999999836,8.38972346376094e-06,0.006125657859407959,0.023694642516952413,0.1468760552668756,0.9927744539878083,9.691220700309028e-10,0.94
2280.002000000328,8.408521871009758e-06,0.006143031996112613,-0.008317854782048606,0.16952151719176636,0.9927744539878083,1.091742932125081e-09,0.94
2280.0,8.389724856346197e-06,0.006125657859407959,0.023694642516952413,0.1468760552668756,0.9927744539878083,9.691216023030387e-10,0.94
2450.5619999989867,9.126567834466442e-06,0.006788448009765147,0.25662634514576466,-0.47825162169898305,4.143585966138737,-1.2115827735541651e-09,0.948
2460.589999999851,9.070193045446329e-06,0.006777596561291125,0.2857124151907864,-0.48267104868283534,4.0637249392216885,-1.2085946960305913e-09,0.948
2470.552999999374,9.081147282926418e-06,0.006816901180184802,0.300282561028383,-0.47412735313080656,4.07341306743712,-1.1666033165005036e-09,0.949
2470.552999999374,9.081147282926418e-06,0.006816901180184802,0.300282561028383,-0.47412735313080656,4.07341306743712,-1.1666033165005036e-09,0.949
2460.6860000006855,8.680874471164317e-06,0.006428288977668043,-0.0035272305699565187,-0.03657864608728412,4.06219106812026,3.9342200131355293e-10,0.955
2460.6860000006855,8.680874471164317e-06,0.006428288977668043,-0.0035272305699565187,-0.03657864608728412,4.06219106812026,3.9342200131355293e-10,0.955
2490.7309999987483,8.93046442385502e-06,0.006737348995409368,0.20784818326405352,-0.38064180926440055,4.136929215196304,-7.970562500195772e-10,0.957
2490.7309999987483,8.93046442385502e-06,0.006737348995409368,0.20784818326405352,-0.38064180926440055,4.136929215196304,-7.970562500195772e-10,0.957
2280.001000000164,8.521303115308192e-06,0.006223047146653613,0.028641735095114917,0.022625432024132048,1.0,5.616969886605134e-10,0.949
2279.998000001535,8.446116046050863e-06,0.006189974917048068,0.10085276714235336,0.06805284785333111,1.0,7.357364574753375e-10,0.948
2280.001000000164,8.471175531770399e-06,0.006214583866324352,0.05382598382948567,0.116016735069996,0.9927744539878083,9.73070424134968e-10,0.947
2280.001000000164,8.471176739051707e-06,0.006214583866324352,0.05382598382948567,0.116016735069996,0.9927744539878083,9.730727933280994e-10,0.948
2279.998999999836,8.471178560737933e-06,0.006214583866324352,0.05382598382948567,0.116016735069996,0.9927744539878083,9.730783648294324e-10,0.947
2280.001999998465,8.439849081537188e-06,0.006194012388886887,0.0946561629303857,0.09458209212451096,0.9927744539878083,8.662727153859014e-10,0.947
2280.002000000328,8.471176626076014e-06,0.006214583866324352,0.05382598382948567,0.116016735069996,0.9927744539878083,9.730711936507206e-10,0.947
2280.0050000008196,8.471177846142478e-06,0.006214583866324352,0.05382598382948567,0.116016735069996,0.9927744539878083,9.730668918312255e-10,0.947
2280.001000000164,8.471178739993457e-06,0.006214583866324352,0.05382598382948567,0.116016735069996,0.9927744539878083,9.730754561527184e-10,0.946
2280.0,8.527565486780203e-06,0.006243101455965119,0.00098667890504478,0.13273625175884765,0.9927744539878083,1.0245000533166627e-09,0.946
2279.997999999672,8.527572040371745e-06,0.006243101455965119,0.00098667890504478,0.13273625175884765,0.9927744539878083,1.024497743349652e-09,0.946
2280.001000000164,8.527564207976676e-06,0.006243101455965119,0.00098667890504478,0.13273625175884765,0.9927744539878083,1.0244979836559253e-09,0.946
2280.0,8.502507019290684e-06,0.006197410325034342,-0.047242926292534015,0.1067794892596677,0.9927744539878083,8.346329949555321e-10,0.946
2279.998999999836,8.540099592958078e-06,0.006239728401646636,0.015473857129133073,0.15697759821573537,0.9927744539878083,1.0007661503163681e-09,0.945
2280.002000000328,8.540095602757535e-06,0.006239728401646636,0.015473857129133073,0.15697759821573537,0.9927744539878083,1.0007670762476023e-09,0.945
2280.0,8.540100952513088e-06,0.006239728401646636,0.015473857129133073,0.15697759821573537,0.9927744539878083,1.0007704107930187e-09,0.945
2279.998999999836,8.43985315850186e-06,0.00616676149761129,0.010892530251928267,0.1442653623350192,0.9927744539878083,9.77036852647989e-10,0.945
2280.0,8.345867426708365e-06,0.006099180272790769,0.0741160147722395,0.1287279347547111,0.9927744539878083,8.860555363673266e-10,0.945
2279.998999999836,8.345865751308915e-06,0.006099180272790769,0.0741160147722395,0.1287279347547111,0.9927744539878083,8.86051363642554e-10,0.945
2280.0009999983013,8.345864158507851e-06,0.006099180272790769,0.0741160147722395,0.1287279347547111,0.9927744539878083,8.860531510535473e-10,0.945
2280.0,8.345867029256446e-06,0.006099180272790769,0.0741160147722395,0.1287279347547111,0.9927744539878083,8.860544275547359e-10,0.944
2279.997999999672,8.345868956053768e-06,0.006099180272790769,0.0741160147722395,0.1287279347547111,0.9927744539878083,8.860575996083995e-10,0.944
2279.997999999672,8.3458669881112e-06,0.006099180272790769,0.0741160147722395,0.1287279347547111,0.9927744539878083,8.86052265292758e-10,0.944
2279.998999999836,8.345861584093974e-06,0.006099180272790769,0.0741160147722395,0.1287279347547111,0.9927744539878083,8.860559281426683e-10,0.944
2279.998999999836,8.38972455970746e-06,0.006125657859407959,0.023694642516952413,0.1468760552668756,0.9927744539878083,9.691179813290091e-10,0.944
2280.0,8.389728635573066e-06,0.006125657859407959,0.023694642516952413,0.1468760552668756,0.9927744539878083,9.691196237061118e-10,0.944
2280.0,8.389723690404514e-06,0.006125657859407959,0.023694642516952413,0.1468760552668756,0.9927744539878083,9.691226656948597e-10,0.944
2279.998999999836,8.389726040061717e-06,0.006125657859407959,0.023694642516952413,0.1468760552668756,0.9927744539878083,9.691199913479173e-10,0.943
2280.0,8.408519288973697e-06,0.006143031996112613,-0.008317854782048606,0.16952151719176636,0.9927744539878083,1.091746359793101e-09,0.943
2280.0,8.408521246327007e-06,0.006143031996112613,-0.008317854782048606,0.16952151719176636,0.9927744539878083,1.0917421379837254e-09,0.943
2280.001000000164,8.408520130047715e-06,0.006143031996112613,-0.008317854782048606,0.16952151719176636,0.9927744539878083,1.091743438010935e-09,0.943
2280.0,8.327063930217389e-06,0.0060911929520371935,0.07424108639971205,0.17323839706140315,0.9927744539878083,1.0561438552016544e-09,0.943
2280.0,8.408522846667125e-06,0.006143031996112613,-0.008317854782048606,0.16952151719176636,0.9927744539878083,1.091745253573663e-09,0.943
2280.001000000164,8.395986065235966e-06,0.006125013426408499,0.014884250321395953,0.1856199692052476,0.9927744539878083,1.0680015441880217e-09,0.943
2280.001000000164,8.395988902383492e-06,0.006125013426408499,0.014884250321395953,0.1856199692052476,0.9927744539878083,1.0680083875708276e-09,0.943
2280.001000000164,8.395990050606956e-06,0.006125013426408499,0.014884250321395953,0.1856199692052476,0.9927744539878083,1.068007047393702e-09,0.942
2280.0,8.395990567576197e-06,0.006125013426408499,0.014884250321395953,0.1856199692052476,0.9927744539878083,1.0680090754346359e-09,0.942
2280.0,8.364666744670733e-06,0.006115338782197823,0.04514175184892011,0.21276470206133236,0.9927744539878083,1.174809292805552e-09,0.942
2279.998999999836,8.33959703702872e-06,0.00606000694805926,-0.1555153114314214,0.13017230905815,1.0,8.583637485284226e-10,0.942
2279.997999999672,8.245612685744371e-06,0.006009641376462034,-0.0891015338133272,0.13253097250864973,1.0,9.493458304026929e-10,0.942
2279.997999999672,8.245609543023364e-06,0.006009641376462034,-0.0891015338133272,0.13253097250864973,1.0,9.49340535901479e-10,0.942
2279.998999999836,8.226815194923841e-06,0.006007670535503606,-0.078562966275598,0.16030464286521157,1.0,1.0719659544743785e-09,0.942
2280.0,8.20175388221587e-06,0.005990123450094223,-0.04049995082697189,0.15763633264715,1.0,1.0324025158739961e-09,0.942
2280.0,8.2769435082241e-06,0.006037383539249451,-0.09443999978491835,0.18263939344050373,1.0,1.064058331518226e-09,0.942
2280.0030000004917,8.276936162597672e-06,0.006037383539249451,-0.09443999978491835,0.18263939344050373,1.0,1.0640473600723838e-09,0.941
2280.001000000164,8.276944252164489e-06,0.006037383539249451,-0.09443999978491835,0.18263939344050373,1.0,1.0640637496505186e-09,0.93
2279.998999999836,8.740600702113334e-06,0.006452049857868534,0.4292568984842524,-0.45120603385794883,0.9709505944546686,-9.9285115602448e-10,0.929
2280.0,8.64662136534653e-06,0.0063899592289285235,0.4919086553059149,-0.47678888104767325,0.9709505944546686,-1.0838328919282695e-09,0.93
2280.0,8.558895545074724e-06,0.0063461550729970945,0.5584014610656935,-0.4449681536147611,0.9709505944546686,-9.256082889087432e-10,0.931
2280.001000000164,8.640351389962236e-06,0.006381511122808351,0.46546220702487595,-0.4240339522724084,0.9709505944546686,-9.61208582142215e-10,0.932
2280.002000000328,8.55889949543186e-06,0.0063461550729970945,0.5584014610656935,-0.4449681536147611,0.9709505944546686,-9.25612837837707e-10,0.933
2279.997999999672,8.759400810895816e-06,0.006505867796802659,0.7202509324111173,-0.5227809879112161,0.8812908992306927,-1.186673093812257e-09,0.933
2280.0,8.759393207147183e-06,0.006508294303182851,0.6763042665536556,-0.4724052940250789,0.8812908992306927,-9.414322602380033e-10,0.934
2399.998999999836,9.047619609341882e-06,0.007036638808002422,0.5722250190585552,-0.214652508014759,0.9587118829771318,-1.4239801726426896e-10,0.934
2400.0,8.961035404113924e-06,0.0069542724106771234,0.48356948736584116,-0.26468931279536795,0.9852281360342515,-2.373361310440352e-10,0.934
2400.0040000006557,9.004319921375023e-06,0.006973418919624122,0.4337000484284772,-0.24345204784428062,0.9852281360342515,-1.7336891748459464e-10,0.934
2280.0,8.408520619743852e-06,0.00613788923087787,-0.14382291292205762,0.22830691087123622,0.9927744539878083,1.2499652040473804e-09,0.935
2279.997999999672,8.527574246444026e-06,0.006243101455965116,0.0009866789050416713,0.13273625175883375,0.9927744539878083,1.0245006824497868e-09,0.935
2280.001000000164,8.52756774373702e-06,0.006243101455965116,0.0009866789050416713,0.13273625175883375,0.9927744539878083,1.0244942716843625e-09,0.935
2279.998999999836,8.527573692322643e-06,0.006243101455965116,0.0009866789050416713,0.13273625175883375,0.9927744539878083,1.024498625515756e-09,0.935
2280.002000000328,8.60902455745359e-06,0.006279456899077216,-0.059665386463569,0.14352005133452492,0.9927744539878083,9.88894644458102e-10,0.935
2280.0030000004917,8.527561930149776e-06,0.006243101455965116,0.0009866789050416713,0.13273625175883375,0.9927744539878083,1.0244968164859929e-09,0.935
2279.9969999995083,8.52756940881516e-06,0.006243101455965116,0.0009866789050416713,0.13273625175883375,0.9927744539878083,1.024506187083076e-09,0.935
2280.001000000164,8.52756469175326e-06,0.006243101455965116,0.0009866789050416713,0.13273625175883375,0.9927744539878083,1.0245055678444814e-09,0.935
2280.001000000164,8.609021101914326e-06,0.006279456899077216,-0.059665386463569,0.14352005133452492,0.9927744539878083,9.889050242203766e-10,0.935
2279.997999999672,8.609022531553929e-06,0.006279456899077216,-0.059665386463569,0.14352005133452492,0.9927744539878083,9.889004961775334e-10,0.935
2280.001000000164,8.609019178095173e-06,0.006279456899077216,-0.059665386463569,0.14352005133452492,0.9927744539878083,9.888975815058942e-10,0.935
2279.997999999672,8.609031484254438e-06,0.006279456899077216,-0.059665386463569,0.14352005133452492,0.9927744539878083,9.888960321574641e-10,0.935
2280.002000000328,8.609027946728204e-06,0.006279456899077216,-0.059665386463569,0.14352005133452492,0.9927744539878083,9.888903968650103e-10,0.935
2280.001000000164,8.609021307466872e-06,0.006279456899077216,-0.059665386463569,0.14352005133452492,0.9927744539878083,9.88900146524141e-10,0.935
2280.0,8.609019678725851e-06,0.006279456899077216,-0.059665386463569,0.14352005133452492,0.9927744539878083,9.888998081925536e-10,0.935
2280.001000000164,8.609027448633361e-06,0.006279456899077216,-0.059665386463569,0.14352005133452492,0.9927744539878083,9.88896005679365e-10,0.935
2280.002000000328,8.609027145845288e-06,0.006279456899077216,-0.059665386463569,0.14352005133452492,0.9927744539878083,9.888960818563609e-10,0.935
2279.997999999672,8.615288464725556e-06,0.006290134296951394,-0.07668601073344217,0.16803745550868263,0.9927744539878083,1.1194363194657203e-09,0.935
2280.001000000164,8.609019397327056e-06,0.006279456899077216,-0.059665386463569,0.14352005133452492,0.9927744539878083,9.888966035388053e-10,0.935
2280.002000000328,8.60902081046627e-06,0.006279456899077216,-0.059665386463569,0.14352005133452492,0.9927744539878083,9.888914396909505e-10,0.935
2279.997999999672,8.546367454417262e-06,0.006250052631357348,-0.0008716197296321226,0.1816853468775617,0.9927744539878083,1.1313041234153479e-09,0.935
2279.996000001207,8.546365846216175e-06,0.006250052631357348,-0.0008716197296321226,0.1816853468775617,0.9927744539878083,1.131306606344098e-09,0.935
2280.002000000328,8.540100707782431e-06,0.0062397284016466525,0.015473857129209456,0.15697759821620336,0.9927744539878083,1.0007598801614413e-09,0.935
2279.997999999672,8.61529023449348e-06,0.006290134296951394,-0.07668601073344217,0.16803745550868263,0.9927744539878083,1.1194324634436967e-09,0.935
2279.998999999836,8.546366359649289e-06,0.006250052631357348,-0.0008716197296321226,0.1816853468775617,0.9927744539878083,1.131307535575162e-09,0.935
2280.0,8.546365070646416e-06,0.006250052631357348,-0.0008716197296321226,0.1816853468775617,0.9927744539878083,1.1312995617535465e-09,0.935
2280.001000000164,8.54636933262768e-06,0.006250052631357348,-0.0008716197296321226,0.1816853468775617,0.9927744539878083,1.1312975145334433e-09,0.935
2280.002000000328,8.615288463138363e-06,0.006290134296951394,-0.07668601073344217,0.16803745550868263,0.9927744539878083,1.1194256335701517e-09,0.935
2280.0009999983013,8.546360324913352e-06,0.006250052631357348,-0.0008716197296321226,0.1816853468775617,0.9927744539878083,1.1312988787839942e-09,0.935
2279.998999999836,8.54636597500057e-06,0.006250052631357348,-0.0008716197296321226,0.1816853468775617,0.9927744539878083,1.1313002487007746e-09,0.935
2280.002000000328,8.546366112955061e-06,0.006250052631357348,-0.0008716197296321226,0.1816853468775617,0.9927744539878083,1.1313020589501323e-09,0.935
2280.001000000164,8.546361757200553e-06,0.006250052631357348,-0.0008716197296321226,0.1816853468775617,0.9927744539878083,1.1313027211886136e-09,0.935
2279.998999999836,8.546365857454095e-06,0.006250052631357348,-0.0008716197296321226,0.1816853468775617,0.9927744539878083,1.1313014240466688e-09,0.935
2279.9969999995083,8.546370905248939e-06,0.006250052631357348,-0.0008716197296321226,0.1816853468775617,0.9927744539878083,1.131306219323373e-09,0.935
2280.001000000164,8.546365007975011e-06,0.006250052631357348,-0.0008716197296321226,0.1816853468775617,0.9927744539878083,1.1313030395187078e-09,0.935
2280.002000000328,8.546371267676103e-06,0.006250052631357348,-0.0008716197296321226,0.1816853468775617,0.9927744539878083,1.1312904670540096e-09,0.935
2280.001000000164,8.546364651508912e-06,0.006250052631357348,-0.0008716197296321226,0.1816853468775617,0.9927744539878083,1.1312948773049618e-09,0.935
2279.997999999672,8.546368508354309e-06,0.006250052631357348,-0.0008716197296321226,0.1816853468775617,0.9927744539878083,1.1313063746456596e-09,0.935
2279.998999999836,8.54636594193563e-06,0.006250052631357348,-0.0008716197296321226,0.1816853468775617,0.9927744539878083,1.131307234336326e-09,0.934
2279.997000001371,8.546367530181203e-06,0.006250052631357348,-0.0008716197296321226,0.1816853468775617,0.9927744539878083,1.1313016166906995e-09,0.934
2279.998999999836,8.546370368102094e-06,0.006250052631357348,-0.0008716197296321226,0.1816853468775617,0.9927744539878083,1.1312974296102988e-09,0.934
2279.997999999672,8.546365302248268e-06,0.006250052631357348,-0.0008716197296321226,0.1816853468775617,0.9927744539878083,1.1313115815381646e-09,0.934
2280.002000000328,8.546366057597038e-06,0.006250052631357348,-0.0008716197296321226,0.1816853468775617,0.9927744539878083,1.1312974200018606e-09,0.934
2280.002000000328,8.546362552350025e-06,0.006250052631357348,-0.0008716197296321226,0.1816853468775617,0.9927744539878083,1.1312958212840461e-09,0.934
2399.998999999836,9.188309042013369e-06,0.007098624950684198,0.3208361447774073,-0.22927543334887218,0.9852281360342515,-2.775747627588717e-10,0.934
2400.0,9.101731010702501e-06,0.007037653829833602,0.3765332338599503,-0.24802877546690497,0.9852281360342515,-3.6219159288295715e-10,0.934
2400.0,9.101731761708646e-06,0.007037653829833602,0.3765332338599503,-0.24802877546690497,0.9852281360342515,-3.621951368203678e-10,0.934
2400.001000000164,9.004323591263343e-06,0.00696145852260175,0.4004084292272947,-0.2892855846801857,0.9852281360342515,-4.994304784913256e-10,0.934
2400.001000000164,9.188302326757137e-06,0.007098624950684198,0.3208361447774073,-0.22927543334887218,0.9852281360342515,-2.775816861249522e-10,0.934
2399.998000001535,9.188309460679454e-06,0.007098624950684198,0.3208361447774073,-0.22927543334887218,0.9852281360342515,-2.7757031740372e-10,0.934
2400.0,9.188309253687953e-06,0.007098624950684198,0.3208361447774073,-0.22927543334887218,0.9852281360342515,-2.775833692727475e-10,0.934
2399.998999999836,9.004331960602321e-06,0.00696145852260175,0.4004084292272947,-0.2892855846801857,0.9852281360342515,-4.994373615775463e-10,0.934
2400.002000000328,9.004329270741116e-06,0.00696145852260175,0.4004084292272947,-0.2892855846801857,0.9852281360342515,-4.994341119425833e-10,0.934
2400.001000000164,9.004333259208526e-06,0.00696145852260175,0.4004084292272947,-0.2892855846801857,0.9852281360342515,-4.994463509611026e-10,0.934
2399.998999999836,9.00432962790241e-06,0.00696145852260175,0.4004084292272947,-0.2892855846801857,0.9852281360342515,-4.994338324644462e-10,0.934
2400.0,9.004331501836783e-06,0.00696145852260175,0.4004084292272947,-0.2892855846801857,0.9852281360342515,-4.994352019763622e-10,0.934
2400.003999998793,9.004326614538965e-06,0.00696145852260175,0.4004084292272947,-0.2892855846801857,0.9852281360342515,-4.994349093211374e-10,0.934
2400.0,9.004328958081502e-06,0.00696145852260175,0.4004084292272947,-0.2892855846801857,0.9852281360342515,-4.994448830101622e-10,0.934
2399.998999999836,9.004327719986142e-06,0.00696145852260175,0.4004084292272947,-0.2892855846801857,0.9852281360342515,-4.994349808981196e-10,0.933
2400.002000000328,9.004326503723942e-06,0.00696145852260175,0.4004084292272947,-0.2892855846801857,0.9852281360342515,-4.994395560676975e-10,0.933
2399.998999999836,9.00433204928423e-06,0.00696145852260175,0.4004084292272947,-0.2892855846801857,0.9852281360342515,-4.994379983553676e-10,0.933
2400.001000000164,9.036793448528176e-06,0.0069778561313970896,0.35596756167286614,-0.2672660466953323,0.9852281360342515,-4.137939956497949e-10,0.933
2399.9969999995083,9.004328092038948e-06,0.00696145852260175,0.4004084292272947,-0.2892855846801857,0.9852281360342515,-4.99438411299025e-10,0.933
2400.001000000164,9.004327312530589e-06,0.00696145852260175,0.4004084292272947,-0.2892855846801857,0.9852281360342515,-4.994401551631322e-10,0.933
2279.998999999836,8.690479350141925e-06,0.006434078676939884,0.5498058499553489,-0.5486730778570043,0.8112781244591328,-1.3646832734500427e-09,0.933
2279.998999999836,8.690475760812582e-06,0.006434078676939884,0.5498058499553489,-0.5486730778570043,0.8112781244591328,-1.3646812866723891e-09,0.933
2280.0,8.690474697126215e-06,0.006434078676939884,0.5498058499553489,-0.5486730778570043,0.8112781244591328,-1.364676430531461e-09,0.933
2280.0,8.690477595742408e-06,0.006434078676939884,0.5498058499553489,-0.5486730778570043,0.8112781244591328,-1.3646765297721222e-09,0.933
2279.998999999836,8.690472948731444e-06,0.006434078676939884,0.5498058499553489,-0.5486730778570043,0.8112781244591328,-1.3646821407468003e-09,0.933
2279.997999999672,8.690479978946879e-06,0.006434078676939884,0.5498058499553489,-0.5486730778570043,0.8112781244591328,-1.3646793835916945e-09,0.933
2280.0,8.721798588643713e-06,0.006447357679905112,0.4965726505562822,-0.5212756938845259,0.8112781244591328,-1.2578745853283222e-09,0.933
2279.997999999672,8.690478025403525e-06,0.006434078676939884,0.5498058499553489,-0.5486730778570043,0.8112781244591328,-1.3646792034823303e-09,0.933
2279.997999999672,8.721806478335494e-06,0.006447357679905112,0.4965726505562822,-0.5212756938845259,0.8112781244591328,-1.2578662389515882e-09,0.933
2280.0,8.72180137590269e-06,0.006447357679905112,0.4965726505562822,-0.5212756938845259,0.8112781244591328,-1.2578856689629563e-09,0.933
2279.998999999836,8.721806303020204e-06,0.006447357679905112,0.4965726505562822,-0.5212756938845259,0.8112781244591328,-1.2578854495968817e-09,0.933
2279.997999999672,8.69047223860295e-06,0.006434078676939884,0.5498058499553489,-0.5486730778570043,0.8112781244591328,-1.3646833828449848e-09,0.933
2280.0040000006557,8.721802733463289e-06,0.006447357679905112,0.4965726505562822,-0.5212756938845259,0.8112781244591328,-1.2578759610841929e-09,0.933
2280.0,8.690476553715272e-06,0.006434078676939884,0.5498058499553489,-0.5486730778570043,0.8112781244591328,-1.3646866270927489e-09,0.932
2280.001000000164,8.721797488682706e-06,0.006447357679905112,0.4965726505562822,-0.5212756938845259,0.8112781244591328,-1.2578784176516735e-09,0.932
2280.001000000164,8.690485005650946e-06,0.006434078676939884,0.5498058499553489,-0.5486730778570043,0.8112781244591328,-1.3646796679033021e-09,0.932
2279.998999999836,8.690482111517376e-06,0.006434078676939884,0.5498058499553489,-0.5486730778570043,0.8112781244591328,-1.3646804351863533e-09,0.932
2279.9969999995083,8.721807452978139e-06,0.006447357679905112,0.4965726505562822,-0.5212756938845259,0.8112781244591328,-1.2578860135470548e-09,0.932
2280.0,8.72180236302932e-06,0.006447357679905112,0.4965726505562822,-0.5212756938845259,0.8112781244591328,-1.2578844462072915e-09,0.932
2279.9990000016987,8.721810187494106e-06,0.006447357679905112,0.4965726505562822,-0.5212756938845259,0.8112781244591328,-1.257878314402543e-09,0.932
2280.0,8.69047607185895e-06,0.006434078676939884,0.5498058499553489,-0.5486730778570043,0.8112781244591328,-1.3646835296274762e-09,0.932
2279.998999999836,8.690481444672462e-06,0.006434078676939884,0.5498058499553489,-0.5486730778570043,0.8112781244591328,-1.3646889974472504e-09,0.932
2280.0,8.809526745424329e-06,0.006526061115574292,0.5747871759182033,-0.46997140612781135,0.934068055375491,-1.139207467615172e-09,0.932
2280.002000000328,8.690473499941677e-06,0.006434078676939884,0.5498058499553489,-0.5486730778570043,0.8112781244591328,-1.3646795569074678e-09,0.932
2280.001000000164,8.690472889797065e-06,0.006434078676939884,0.5498058499553489,-0.5486730778570043,0.8112781244591328,-1.3646829512200066e-09,0.932
2280.001000000164,8.840850873183152e-06,0.0065395557550711695,0.5245434031832161,-0.44344673054328143,0.9709505944546686,-1.0324141060444106e-09,0.932
2279.998999999836,8.72181231774435e-06,0.006447357679905112,0.4965726505562822,-0.5212756938845259,0.8112781244591328,-1.2578884904702288e-09,0.932
2280.0,8.721799405851833e-06,0.006447357679905112,0.4965726505562822,-0.5212756938845259,0.8112781244591328,-1.2578736173064401e-09,0.932
2280.0030000004917,8.809515696962963e-06,0.006526061115574292,0.5747871759182033,-0.46997140612781135,0.934068055375491,-1.1392175711228926e-09,0.932
2280.002000000328,8.809519357897834e-06,0.006526061115574292,0.5747871759182033,-0.46997140612781135,0.934068055375491,-1.13921655952004e-09,0.932
2280.0,8.690477054968511e-06,0.006434078676939884,0.5498058499553489,-0.5486730778570043,0.8112781244591328,-1.3646750341887643e-09,0.932
2280.003999998793,8.80952453153931e-06,0.006526061115574292,0.5747871759182033,-0.46997140612781135,0.934068055375491,-1.1392168471200869e-09,0.932
2279.9990000016987,8.809524847805545e-06,0.006526061115574292,0.5747871759182033,-0.46997140612781135,0.934068055375491,-1.1392160799919032e-09,0.931
2280.0030000004917,8.840847149736318e-06,0.0065395557550711695,0.5245434031832161,-0.44344673054328143,0.9709505944546686,-1.0324053320365987e-09,0.931
2280.0,8.809527225772878e-06,0.006526061115574292,0.5747871759182033,-0.46997140612781135,0.934068055375491,-1.1392116444184091e-09,0.931
2279.998999999836,8.809523561860173e-06,0.006526061115574292,0.5747871759182033,-0.46997140612781135,0.934068055375491,-1.1392096365335928e-09,0.931
2280.001000000164,8.916041290551076e-06,0.0066004385819189585,0.5307746455409705,-0.42669432369968047,0.934068055375491,-9.849372791363062e-10,0.931
2280.001000000164,8.809520420071468e-06,0.006526061115574292,0.5747871759182033,-0.46997140612781135,0.934068055375491,-1.1392129573347353e-09,0.931
2280.0,8.916039711922269e-06,0.0066004385819189585,0.5307746455409705,-0.42669432369968047,0.934068055375491,-9.849445062613107e-10,0.931
2279.9990000016987,8.809522037212827e-06,0.006526061115574292,0.5747871759182033,-0.46997140612781135,0.934068055375491,-1.1392123500704753e-09,0.931
2280.002000000328,8.916043761208288e-06,0.0066004385819189585,0.5307746455409705,-0.42669432369968047,0.934068055375491,-9.849460529644068e-10,0.931
2280.001000000164,8.809527452535873e-06,0.006526061115574292,0.5747871759182033,-0.46997140612781135,0.934068055375491,-1.1392206295949185e-09,0.931
2279.998999999836,8.809521953682659e-06,0.006526061115574292,0.5747871759182033,-0.46997140612781135,0.934068055375491,-1.1392156117800284e-09,0.931
2279.997999999672,8.916040215054247e-06,0.0066004385819189585,0.5307746455409705,-0.42669432369968047,0.934068055375491,-9.849472124648315e-10,0.931
2280.0040000006557,8.916035652420197e-06,0.0066004385819189585,0.5307746455409705,-0.42669432369968047,0.934068055375491,-9.849445899203108e-10,0.931
2280.0,8.916043880050764e-06,0.0066004385819189585,0.5307746455409705,-0.42669432369968047,0.934068055375491,-9.849439992492498e-10,0.931
2280.001000000164,8.91603752133337e-06,0.0066004385819189585,0.5307746455409705,-0.42669432369968047,0.934068055375491,-9.849438667419605e-10,0.931
2280.001000000164,8.916034309488377e-06,0.0066004385819189585,0.5307746455409705,-0.42669432369968047,0.934068055375491,-9.849394813532527e-10,0.931
2279.4719999991357,8.916514330360974e-06,0.0066004385819189585,0.5307746455409705,-0.42669432369968047,0.934068055375491,-9.84938587237475e-10,0.931
2280.0,8.916039139573985e-06,0.0066004385819189585,0.5307746455409705,-0.42669432369968047,0.934068055375491,-9.849385343905663e-10,0.931
2280.001000000164,8.916041441001219e-06,0.0066004385819189585,0.5307746455409705,-0.42669432369968047,0.934068055375491,-9.849451498961116e-10,0.93
2280.0,8.916039252405616e-06,0.0066004385819189585,0.5307746455409705,-0.42669432369968047,0.934068055375491,-9.849445551125708e-10,0.93
2280.0,8.916041286364283e-06,0.0066004385819189585,0.5307746455409705,-0.42669432369968047,0.934068055375491,-9.84942237094932e-10,0.93
2280.002000000328,8.916039634714033e-06,0.0066004385819189585,0.5307746455409705,-0.42669432369968047,0.934068055375491,-9.849434092760675e-10,0.93
2280.001000000164,8.916038490211077e-06,0.0066004385819189585,0.5307746455409705,-0.42669432369968047,0.934068055375491,-9.849462580834561e-10,0.93
2279.997999999672,8.916041937739877e-06,0.0066004385819189585,0.5307746455409705,-0.42669432369968047,0.934068055375491,-9.849383176271715e-10,0.93
2280.0,8.9160398099678e-06,0.0066004385819189585,0.5307746455409705,-0.42669432369968047,0.934068055375491,-9.849419656577987e-10,0.93
2279.997999999672,8.916047381987627e-06,0.0066004385819189585,0.5307746455409705,-0.42669432369968047,0.934068055375491,-9.84938581474614e-10,0.93
2279.998999999836,8.916048269817e-06,0.0066004385819189585,0.5307746455409705,-0.42669432369968047,0.934068055375491,-9.849520516989027e-10,0.93
2279.997999999672,8.916036846551332e-06,0.0066004385819189585,0.5307746455409705,-0.42669432369968047,0.934068055375491,-9.849458876502302e-10,0.93
2279.997000001371,8.916040028997373e-06,0.0066004385819189585,0.5307746455409705,-0.42669432369968047,0.934068055375491,-9.849333779487608e-10,0.93
2279.9959999993443,8.916039809729842e-06,0.0066004385819189585,0.5307746455409705,-0.42669432369968047,0.934068055375491,-9.849453777694958e-10,0.93
2280.001000000164,8.916041710261756e-06,0.0066004385819189585,0.5307746455409705,-0.42669432369968047,0.934068055375491,-9.849333308055585e-10,0.93
2280.0,8.916039791147684e-06,0.0066004385819189585,0.5307746455409705,-0.42669432369968047,0.934068055375491,-9.849378514960222e-10,0.93
2280.002000000328,8.916037316663335e-06,0.0066004385819189585,0.5307746455409705,-0.42669432369968047,0.934068055375491,-9.849466004437379e-10,0.93
2280.002000000328,8.916036665114218e-06,0.0066004385819189585,0.5307746455409705,-0.42669432369968047,0.934068055375491,-9.84943363757575e-10,0.93
2279.997000001371,8.916040208655718e-06,0.0066004385819189585,0.5307746455409705,-0.42669432369968047,0.934068055375491,-9.849454760840864e-10,0.93
2280.002000000328,8.9160402694723e-06,0.0066004385819189585,0.5307746455409705,-0.42669432369968047,0.934068055375491,-9.849451365942049e-10,0.93
2279.998999999836,8.916041373768033e-06,0.0066004385819189585,0.5307746455409705,-0.42669432369968047,0.934068055375491,-9.849441016616563e-10,0.93
2280.001000000164,8.916044155920549e-06,0.0066004385819189585,0.5307746455409705,-0.42669432369968047,0.934068055375491,-9.84942228305525e-10,0.929
2279.998999999836,8.916045139386165e-06,0.0066004385819189585,0.5307746455409705,-0.42669432369968047,0.934068055375491,-9.849465020749827e-10,0.929
2280.0,8.947361625540015e-06,0.006614179345999983,0.4824942238815728,-0.4007489762344003,0.9709505944546686,-8.781427528240492e-10,0.929
2280.0,8.809515804380936e-06,0.006526061115574292,0.5747871759182033,-0.46997140612781135,0.934068055375491,-1.1392135731631823e-09,0.929
2280.002000000328,8.809522935298803e-06,0.006526061115574292,0.5747871759182033,-0.46997140612781135,0.934068055375491,-1.1392077502984235e-09,0.929
2280.002999998629,8.809516988896776e-06,0.006526061115574292,0.5747871759182033,-0.46997140612781135,0.934068055375491,-1.1392132352333916e-09,0.929
2280.0,8.840855939800196e-06,0.0065395557550711695,0.5245434031832161,-0.44344673054328143,0.9709505944546686,-1.032415469514581e-09,0.929
2280.0,8.916037249662746e-06,0.0066004385819189585,0.5307746455409705,-0.42669432369968047,0.934068055375491,-9.84933654230863e-10,0.929
2279.998999999836,8.809523952715651e-06,0.006526061115574292,0.5747871759182033,-0.46997140612781135,0.934068055375491,-1.1392179367457253e-09,0.929
2280.0,8.840855009456791e-06,0.0065395557550711695,0.5245434031832161,-0.44344673054328143,0.9709505944546686,-1.0324042449038062e-09,0.929
2280.001000000164,8.840854099055263e-06,0.0065395557550711695,0.5245434031832161,-0.44344673054328143,0.9709505944546686,-1.0324106992377673e-09,0.929
2280.0,8.947372370601643e-06,0.006614179345999983,0.4824942238815728,-0.4007489762344003,0.9709505944546686,-8.781474418800418e-10,0.929
2280.0030000004917,8.840853071690672e-06,0.0065395557550711695,0.5245434031832161,-0.44344673054328143,0.9709505944546686,-1.0324112594748017e-09,0.929
2280.001000000164,8.840845935532622e-06,0.0065395557550711695,0.5245434031832161,-0.44344673054328143,0.9709505944546686,-1.032414591225633e-09,0.929
2279.9959999993443,8.809524143668524e-06,0.006526061115574292,0.5747871759182033,-0.46997140612781135,0.934068055375491,-1.1392185339967202e-09,0.929
2280.001000000164,8.840850231438841e-06,0.0065395557550711695,0.5245434031832161,-0.44344673054328143,0.9709505944546686,-1.0324148740847384e-09,0.928
2279.9969999995083,8.840851407279927e-06,0.0065395557550711695,0.5245434031832161,-0.44344673054328143,0.9709505944546686,-1.0324094779187653e-09,0.929
2280.003999998793,8.84084685127798e-06,0.0065395557550711695,0.5245434031832161,-0.44344673054328143,0.9709505944546686,-1.0324113080483472e-09,0.929
2280.001000000164,8.840851250476655e-06,0.0065395557550711695,0.5245434031832161,-0.44344673054328143,0.9709505944546686,-1.0324125273996937e-09,0.929
2280.001000000164,8.840854392397228e-06,0.0065395557550711695,0.5245434031832161,-0.44344673054328143,0.9709505944546686,-1.0324105506901829e-09,0.929
2280.001000000164,8.840851240791666e-06,0.0065395557550711695,0.5245434031832161,-0.44344673054328143,0.9709505944546686,-1.032406753923882e-09,0.929
2279.998999999836,8.840857670996686e-06,0.0065395557550711695,0.5245434031832161,-0.44344673054328143,0.9709505944546686,-1.0324136046607937e-09,0.928
2280.0,8.840848336213047e-06,0.0065395557550711695,0.5245434031832161,-0.44344673054328143,0.9709505944546686,-1.0324124904557028e-09,0.928
2279.998999999836,8.840856856851411e-06,0.0065395557550711695,0.5245434031832161,-0.44344673054328143,0.9709505944546686,-1.032412110306038e-09,0.928
2280.0,8.840850889343624e-06,0.0065395557550711695,0.5245434031832161,-0.44344673054328143,0.9709505944546686,-1.0324105463992763e-09,0.928
2280.0,8.84085872571994e-06,0.0065395557550711695,0.5245434031832161,-0.44344673054328143,0.9709505944546686,-1.0324153446993977e-09,0.928
2279.998000001535,8.84085532898671e-06,0.0065395557550711695,0.5245434031832161,-0.44344673054328143,0.9709505944546686,-1.0324096032928795e-09,0.928
2280.001000000164,8.840851310656299e-06,0.0065395557550711695,0.5245434031832161,-0.44344673054328143,0.9709505944546686,-1.0324180258652514e-09,0.928
2280.002000000328,8.84084863356473e-06,0.0065395557550711695,0.5245434031832161,-0.44344673054328143,0.9709505944546686,-1.0324129093550066e-09,0.928
2280.002000000328,8.840853080598624e-06,0.0065395557550711695,0.5245434031832161,-0.44344673054328143,0.9709505944546686,-1.0324115036626733e-09,0.928
2279.997999999672,8.840851546459324e-06,0.0065395557550711695,0.5245434031832161,-0.44344673054328143,0.9709505944546686,-1.032406989673754e-09,0.927
2279.998999999836,8.840850575875782e-06,0.0065395557550711695,0.5245434031832161,-0.44344673054328143,0.9709505944546686,-1.0324107945055835e-09,0.928
2280.001000000164,8.840852297399682e-06,0.0065395557550711695,0.5245434031832161,-0.44344673054328143,0.9709505944546686,-1.0324076840959932e-09,0.928
2280.0,8.840852316952552e-06,0.0065395557550711695,0.5245434031832161,-0.44344673054328143,0.9709505944546686,-1.0324086790932436e-09,0.928
2279.998999999836,8.840854200608933e-06,0.0065395557550711695,0.5245434031832161,-0.44344673054328143,0.9709505944546686,-1.0324127971253805e-09,0.928
2280.0,8.84085239727399e-06,0.0065395557550711695,0.5245434031832161,-0.44344673054328143,0.9709505944546686,-1.0324091345083577e-09,0.928
2280.0,8.840852841560256e-06,0.0065395557550711695,0.5245434031832161,-0.44344673054328143,0.9709505944546686,-1.0324057771846045e-09,0.928
2279.998999999836,8.840850916871558e-06,0.0065395557550711695,0.5245434031832161,-0.44344673054328143,0.9709505944546686,-1.0324063576372461e-09,0.928
2280.0,8.840850863717642e-06,0.0065395557550711695,0.5245434031832161,-0.44344673054328143,0.9709505944546686,-1.0324091705310419e-09,0.928
2280.002000000328,8.840851400098772e-06,0.0065395557550711695,0.5245434031832161,-0.44344673054328143,0.9709505944546686,-1.0324069389480421e-09,0.928
2280.0,8.84085161271922e-06,0.0065395557550711695,0.5245434031832161,-0.44344673054328143,0.9709505944546686,-1.0324091270121415e-09,0.928
2280.0009999983013,8.84084944274759e-06,0.0065395557550711695,0.5245434031832161,-0.44344673054328143,0.9709505944546686,-1.0324037779629906e-09,0.928
2280.0,8.840854583958522e-06,0.0065395557550711695,0.5245434031832161,-0.44344673054328143,0.9709505944546686,-1.0324147774682902e-09,0.927
2279.997999999672,8.840847367097578e-06,0.0065395557550711695,0.5245434031832161,-0.44344673054328143,0.9709505944546686,-1.0324066458078819e-09,0.927
2280.001999998465,8.84085049860201e-06,0.0065395557550711695,0.5245434031832161,-0.44344673054328143,0.9709505944546686,-1.0324049026036742e-09,0.927
2279.997999999672,8.840851775994938e-06,0.0065395557550711695,0.5245434031832161,-0.44344673054328143,0.9709505944546686,-1.0324162305127355e-09,0.927
2280.001000000164,8.84084854580548e-06,0.0065395557550711695,0.5245434031832161,-0.44344673054328143,0.9709505944546686,-1.0324081694336057e-09,0.927
2280.002999998629,8.947360202013732e-06,0.006614179345999983,0.4824942238815728,-0.4007489762344003,0.9709505944546686,-8.781476069623538e-10,0.927
2279.998999999836,8.840853723638856e-06,0.0065395557550711695,0.5245434031832161,-0.44344673054328143,0.9709505944546686,-1.032408239432805e-09,0.927
2280.001000000164,8.840854360850287e-06,0.0065395557550711695,0.5245434031832161,-0.44344673054328143,0.9709505944546686,-1.0324172916552907e-09,0.927
2280.0,8.840856475011376e-06,0.0065395557550711695,0.5245434031832161,-0.44344673054328143,0.9709505944546686,-1.0324108170921232e-09,0.927
2279.9969999995083,8.840855974155378e-06,0.0065395557550711695,0.5245434031832161,-0.44344673054328143,0.9709505944546686,-1.0324133321201616e-09,0.927
2280.001000000164,8.840849641345466e-06,0.0065395557550711695,0.5245434031832161,-0.44344673054328143,0.9709505944546686,-1.0324058637305723e-09,0.927
2279.997999999672,8.840851314226767e-06,0.0065395557550711695,0.5245434031832161,-0.44344673054328143,0.9709505944546686,-1.0323979749491731e-09,0.927
2280.0,8.84085142760493e-06,0.0065395557550711695,0.5245434031832161,-0.44344673054328143,0.9709505944546686,-1.0324047381360396e-09,0.927
2279.998999999836,8.840854282606103e-06,0.0065395557550711695,0.5245434031832161,-0.44344673054328143,0.9709505944546686,-1.0324108220829629e-09,0.927
2280.001000000164,8.847120080169834e-06,0.006544583939974236,0.4959050725382137,-0.4172751295008349,0.9709505944546686,-9.01867617842632e-10,0.927
2280.0,8.840847909387983e-06,0.0065395557550711695,0.5245434031832161,-0.44344673054328143,0.9709505944546686,-1.0324130194839189e-09,0.927
2280.0,8.84085328090303e-06,0.0065395557550711695,0.5245434031832161,-0.44344673054328143,0.9709505944546686,-1.0324105688117176e-09,0.927
2280.001000000164,8.840850633417854e-06,0.0065395557550711695,0.5245434031832161,-0.44344673054328143,0.9709505944546686,-1.0324069741212958e-09,0.927
2410.4969999995083,9.034037726975713e-06,0.0066342679472916315,0.3565339380473187,-0.5432824428010826,4.066937806424364,-1.4557018501549037e-09,0.935
2430.574999999255,9.048416707646796e-06,0.006721591193090956,0.4244608851182732,-0.604680625234626,4.08992210680913,-1.6811026336852305e-09,0.936
2440.570000000298,9.059960290806467e-06,0.006755021179896475,0.4158862976932096,-0.5885467857491213,4.09178406437566,-1.6046341445290104e-09,0.936
2440.570000000298,9.059960290806467e-06,0.006755021179896475,0.4158862976932096,-0.5885467857491213,4.09178406437566,-1.6046341445290104e-09,0.936
2430.6059999987483,8.80076240979887e-06,0.006490554842658172,0.2523085401932419,-0.3564792546710366,4.138373938780154,-6.920887465233834e-10,0.939
2430.6059999987483,8.80076240979887e-06,0.006490554842658172,0.2523085401932419,-0.3564792546710366,4.138373938780154,-6.920887465233834e-10,0.939
2450.610999999568,9.01517048929671e-06,0.006732712500969184,0.35868132709996736,-0.5296120122609509,4.044337718137148,-1.3889805447052453e-09,0.94
2450.610999999568,9.01517048929671e-06,0.006732712500969184,0.35868132709996736,-0.5296120122609509,4.044337718137148,-1.3889805447052453e-09,0.94
2279.997999999672,8.721805836470142e-06,0.006447357679905163,0.4965726505566188,-0.5212756938849198,0.8112781244591328,-1.2578815083200252e-09,0.932
2280.001000000164,8.72806706623331e-06,0.006452049857868548,0.4654731265453642,-0.49459669351193725,0.8112781244591328,-1.1273413770748115e-09,0.931
2280.002000000328,8.64661228122807e-06,0.006389959228928547,0.4919086553055454,-0.47678888104718853,0.8812908992306927,-1.0838383111715332e-09,0.931
2280.001000000164,8.558891764485908e-06,0.006346155072997112,0.5584014610656682,-0.44496815361474257,0.8812908992306927,-9.256103288295194e-10,0.93
2280.001000000164,8.489976828790794e-06,0.006306846739018985,0.6244915218140568,-0.4424199092123068,0.8812908992306927,-9.137526128105191e-10,0.93
2280.002000000328,8.690482075711979e-06,0.0064683439676791335,0.7433114448184872,-0.471064165411481,0.8812908992306927,-9.295691326024575e-10,0.93
2280.002000000328,8.734336166837109e-06,0.006484800041554708,0.6840722244432538,-0.4445426398431519,0.934068055375491,-8.464993687221867e-10,0.93
2279.998999999836,8.721804210533576e-06,0.0064595909924293204,0.6842150075437177,-0.4275590689303208,0.934068055375491,-8.702293152743292e-10,0.93
2280.002000000328,8.721797759573679e-06,0.0064595909924293204,0.6842150075437177,-0.4275590689303208,0.934068055375491,-8.702281548503761e-10,0.929
2279.997999999672,8.80952734065821e-06,0.006513952636254633,0.5659938599681569,-0.3960990339598906,0.934068055375491,-8.306806161145243e-10,0.929
2280.001999998465,8.916035637639545e-06,0.006600438581918959,0.5307746455412543,-0.426694323700126,0.934068055375491,-9.84940434860065e-10,0.929
2280.002000000328,8.91604187750422e-06,0.006600438581918959,0.5307746455412543,-0.426694323700126,0.934068055375491,-9.849433127259547e-10,0.929
2280.0,8.840846667276685e-06,0.006539555755071176,0.524543403183499,-0.44344673054373,0.9709505944546686,-1.03240370539931e-09,0.928
2279.998999999836,8.840847634255839e-06,0.006539555755071176,0.524543403183499,-0.44344673054373,0.9709505944546686,-1.032408609900332e-09,0.929
2280.0009999983013,8.84712005183222e-06,0.006544583939974238,0.4959050725384908,-0.41727512950128376,0.9709505944546686,-9.018768822171434e-10,0.929
2280.0,8.728073686394648e-06,0.006452049857868542,0.4654731265453651,-0.49459669351195384,0.9709505944546686,-1.1273472529011867e-09,0.928
2279.997999999672,8.784463577616772e-06,0.006472614374586644,0.39928532206789713,-0.4684082227341458,0.9709505944546686,-1.075924120755466e-09,0.928
2279.998999999836,8.740608174626265e-06,0.006452049857868534,0.4292568984842524,-0.45120603385794883,0.9709505944546686,-9.928517884237946e-10,0.928
2279.997999999672,8.590224659380918e-06,0.006360031446463171,0.5413025264023785,-0.4662402459987594,0.9709505944546686,-1.0324092485968843e-09,0.928
2280.002000000328,8.558894319428539e-06,0.0063461550729970945,0.5584014610656935,-0.4449681536147611,0.9709505944546686,-9.256108559360805e-10,0.928
2280.001000000164,8.558899485854337e-06,0.0063461550729970945,0.5584014610656935,-0.4449681536147611,0.9709505944546686,-9.256124482798055e-10,0.928
2280.002000000328,8.558900292530323e-06,0.0063461550729970945,0.5584014610656935,-0.4449681536147611,0.9709505944546686,-9.256173220713656e-10,0.928
2280.001000000164,8.571429460530152e-06,0.006342006987664029,0.5298992237185178,-0.42130210574370497,0.9709505944546686,-9.493408864818172e-10,0.928
2279.998999999836,8.489976752659209e-06,0.006310183915911811,0.5833468804483664,-0.39048914703929666,0.9927744539878083,-6.684903751774182e-10,0.928
2280.002999998629,8.734332021608129e-06,0.0064848000415546865,0.6840722244434416,-0.44454263984339987,0.934068055375491,-8.464986976682374e-10,0.927
2280.002000000328,8.734330092533485e-06,0.0064848000415546865,0.6840722244434416,-0.44454263984339987,0.934068055375491,-8.465000559477582e-10,0.927
2279.9959999993443,8.734337630148325e-06,0.0064848000415546865,0.6840722244434416,-0.44454263984339987,0.934068055375491,-8.464868481456754e-10,0.927
2279.997999999672,8.734339761993833e-06,0.0064848000415546865,0.6840722244434416,-0.44454263984339987,0.934068055375491,-8.464997925582359e-10,0.927
2280.002000000328,8.734333833157423e-06,0.0064848000415546865,0.6840722244434416,-0.44454263984339987,0.934068055375491,-8.465068722116491e-10,0.927
2280.002000000328,8.71553400574225e-06,0.006458572434736423,0.6710037308969068,-0.4020161270576737,0.934068055375491,-7.396917769286267e-10,0.927
2280.0,8.80952517602314e-06,0.006513952636254633,0.5659938599681555,-0.3960990339598937,0.934068055375491,-8.30678289894809e-10,0.927
2280.0,8.91604332670748e-06,0.0066004385819189585,0.5307746455409705,-0.42669432369968047,0.934068055375491,-9.849451491751765e-10,0.927
2279.998999999836,8.809521288326387e-06,0.006513952636254633,0.5659938599681555,-0.3960990339598937,0.934068055375491,-8.306704503411769e-10,0.927
2280.0,8.80952409444983e-06,0.006513952636254633,0.5659938599681555,-0.3960990339598937,0.934068055375491,-8.306714078983817e-10,0.92
2280.0,8.596489494560925e-06,0.00633619510598065,0.4292469361701432,-0.29992243561114745,0.9927744539878083,-5.142228252996892e-10,0.924
2279.997999999672,8.715535965682287e-06,0.006458572434736423,0.6710037308969068,-0.4020161270576737,0.934068055375491,-7.396929191207974e-10,0.924
2279.998999999836,8.840855345501873e-06,0.006528278567327824,0.5165892410635031,-0.37006219487813363,0.9709505944546686,-7.238707176683315e-10,0.925
2279.9969999995083,8.916044688073695e-06,0.0066004385819189585,0.5307746455409705,-0.42669432369968047,0.934068055375491,-9.849446574267172e-10,0.925
2279.9969999995083,8.947368534257684e-06,0.006614179345999983,0.4824942238815728,-0.4007489762344003,0.9709505944546686,-8.781445651823223e-10,0.925
2279.998999999836,8.947369878640087e-06,0.006614179345999983,0.4824942238815728,-0.4007489762344003,0.9709505944546686,-8.781437144093882e-10,0.925
2280.001000000164,8.947369918204794e-06,0.006614179345999983,0.4824942238815728,-0.4007489762344003,0.9709505944546686,-8.781423932804281e-10,0.925
2279.998999999836,8.9473698181775e-06,0.006614179345999983,0.4824942238815728,-0.4007489762344003,0.9709505944546686,-8.781431275008683e-10,0.925
2279.997999999672,8.847120782047912e-06,0.006544583939974236,0.4959050725382137,-0.4172751295008349,0.9709505944546686,-9.018729855792892e-10,0.925
2280.0,8.84712149585081e-06,0.006544583939974236,0.4959050725382137,-0.4172751295008349,0.9709505944546686,-9.018749105852163e-10,0.925
2279.997999999672,8.847119461069138e-06,0.006544583939974236,0.4959050725382137,-0.4172751295008349,0.9709505944546686,-9.018803903745565e-10,0.925
2279.998999999836,8.84085231353332e-06,0.0065395557550711695,0.5245434031832161,-0.44344673054328143,0.9709505944546686,-1.0324138855443682e-09,0.925
2279.998999999836,8.847121749378008e-06,0.006544583939974236,0.4959050725382137,-0.4172751295008349,0.9709505944546686,-9.018850304850561e-10,0.925
2280.0,8.903510973146374e-06,0.006565259444907536,0.4329126998263573,-0.3922012289578773,0.9709505944546686,-8.504517408584044e-10,0.925
2280.001000000164,8.903509134940097e-06,0.006565259444907536,0.4329126998263573,-0.3922012289578773,0.9709505944546686,-8.504520520231263e-10,0.925
2280.002000000328,8.903505923245115e-06,0.006565259444907536,0.4329126998263573,-0.3922012289578773,0.9709505944546686,-8.504552730064315e-10,0.925
2280.001000000164,8.903512600849257e-06,0.006565259444907536,0.4329126998263573,-0.3922012289578773,0.9709505944546686,-8.504514732094002e-10,0.925
2279.998999999836,8.784464577009467e-06,0.006472614374586601,0.3992853220679029,-0.46840822273419297,0.8812908992306927,-1.0759230524992039e-09,0.923
2280.001000000164,8.903511748911384e-06,0.006565259444907536,0.4329126998263573,-0.3922012289578773,0.9709505944546686,-8.504457338562313e-10,0.924
2280.0009999983013,8.903503880552764e-06,0.006565259444907536,0.4329126998263573,-0.3922012289578773,0.9709505944546686,-8.504508639486203e-10,0.924
2279.998999999836,8.859647606928542e-06,0.006545388091103397,0.4643554129750598,-0.37412792255049204,0.9709505944546686,-7.673922152410043e-10,0.924
2279.998999999836,8.740606682966366e-06,0.0064520498578685,0.42925689848408055,-0.45120603385776203,0.8812908992306927,-9.928539595921834e-10,0.924
2280.0030000004917,8.652885388286927e-06,0.006409491317364288,0.49294088119515056,-0.4183516424799062,0.8812908992306927,-8.34629345332813e-10,0.924
2280.0,8.558898882356164e-06,0.00634615507299702,0.5584014610657411,-0.4449681536148343,0.8812908992306927,-9.256119228737213e-10,0.924
2280.002000000328,8.558893062198915e-06,0.00634615507299702,0.5584014610657411,-0.4449681536148343,0.8812908992306927,-9.256106678537823e-10,0.924
2279.998999999836,8.590220961459024e-06,0.006360031446463099,0.5413025264022657,-0.4662402459985991,0.8812908992306927,-1.0324094649043452e-09,0.924
2279.998999999836,8.558895297274809e-06,0.00634615507299702,0.5584014610657411,-0.4449681536148343,0.8812908992306927,-9.256096503434685e-10,0.924
2280.0,8.558894091391044e-06,0.00634615507299702,0.5584014610657411,-0.4449681536148343,0.8812908992306927,-9.255999532842576e-10,0.924
2279.998999999836,8.558896173368516e-06,0.00634615507299702,0.5584014610657411,-0.4449681536148343,0.8812908992306927,-9.256100984737152e-10,0.924
2279.998999999836,8.48997890597362e-06,0.006306846739018893,0.6244915218142864,-0.44241990921263585,0.8812908992306927,-9.137434436260163e-10,0.924
2279.996000001207,8.489976432878106e-06,0.006306846739018893,0.6244915218142864,-0.44241990921263585,0.8812908992306927,-9.137377777121048e-10,0.924
2280.001999998465,8.55889274501867e-06,0.00634615507299702,0.5584014610657411,-0.4449681536148343,0.8812908992306927,-9.256054541497529e-10,0.924
2279.998999999836,8.489976177507363e-06,0.006306846739018893,0.6244915218142864,-0.44241990921263585,0.8812908992306927,-9.137497686169607e-10,0.924
2280.0,8.48997484860483e-06,0.006306846739018893,0.6244915218142864,-0.44241990921263585,0.8812908992306927,-9.137427017115085e-10,0.924
2279.998999999836,8.489977890946453e-06,0.006306846739018893,0.6244915218142864,-0.44241990921263585,0.8812908992306927,-9.137470562023947e-10,0.924
2279.998999999836,8.690480295971619e-06,0.0064683439676790555,0.7433114448183757,-0.471064165411348,0.8812908992306927,-9.295696606981905e-10,0.924
2280.001000000164,8.571429394899577e-06,0.006344496164310217,0.49290484278107716,-0.3698062460530034,0.8812908992306927,-7.040927258832275e-10,0.924
2280.0,8.73433509939797e-06,0.006484800041554624,0.684072224443466,-0.4445426398434755,0.934068055375491,-8.464998212623157e-10,0.924
2280.0,8.734335364639918e-06,0.006484800041554624,0.684072224443466,-0.4445426398434755,0.934068055375491,-8.464960039517452e-10,0.924
2280.0,8.615288091856096e-06,0.006361686304084681,0.43737060441954423,-0.34367926847497815,0.934068055375491,-6.210261476881429e-10,0.923
2280.001000000164,8.734336436000317e-06,0.006484800041554624,0.684072224443466,-0.4445426398434755,0.934068055375491,-8.464969338248208e-10,0.923
2280.0,8.734337442282995e-06,0.006484800041554624,0.684072224443466,-0.4445426398434755,0.934068055375491,-8.464985560278266e-10,0.923
2280.002000000328,8.690477914259699e-06,0.0064683439676790555,0.7433114448183757,-0.471064165411348,0.8812908992306927,-9.295671224784682e-10,0.923
2280.002000000328,8.734336139750325e-06,0.006484800041554624,0.684072224443466,-0.4445426398434755,0.934068055375491,-8.465068489837962e-10,0.923
2280.0,8.7343354188037e-06,0.006484800041554624,0.684072224443466,-0.4445426398434755,0.934068055375491,-8.464967171607398e-10,0.923
2280.0030000004917,8.73433795435321e-06,0.006484800041554624,0.684072224443466,-0.4445426398434755,0.934068055375491,-8.464975551882524e-10,0.923
2280.001000000164,8.734338476501364e-06,0.006484800041554624,0.684072224443466,-0.4445426398434755,0.934068055375491,-8.464981977448082e-10,0.923
2279.998000001535,8.734335448095848e-06,0.006484800041554624,0.684072224443466,-0.4445426398434755,0.934068055375491,-8.464951007426639e-10,0.923
2279.998999999836,8.734335118628693e-06,0.006484800041554624,0.684072224443466,-0.4445426398434755,0.934068055375491,-8.464918491592877e-10,0.923
2280.0,8.803257515441215e-06,0.00650890078843453,0.6099152395703702,-0.41979526625177743,0.934068055375491,-8.346292385275241e-10,0.923
2280.0,8.7343333372433e-06,0.006484800041554624,0.684072224443466,-0.4445426398434755,0.934068055375491,-8.464925528036936e-10,0.923
2279.998999999836,8.734336805658387e-06,0.006484800041554624,0.684072224443466,-0.4445426398434755,0.934068055375491,-8.464984207483284e-10,0.923
2280.001000000164,8.803256481806652e-06,0.00650890078843453,0.6099152395703702,-0.41979526625177743,0.934068055375491,-8.346264339194896e-10,0.923
2280.0,8.803256901090428e-06,0.00650890078843453,0.6099152395703702,-0.41979526625177743,0.934068055375491,-8.34635209384278e-10,0.923
2280.001000000164,8.803258753699797e-06,0.00650890078843453,0.6099152395703702,-0.41979526625177743,0.934068055375491,-8.346289335048612e-10,0.923
2280.0,8.803256953732867e-06,0.00650890078843453,0.6099152395703702,-0.41979526625177743,0.934068055375491,-8.346306164857604e-10,0.923
2279.997999999672,8.803260963843654e-06,0.00650890078843453,0.6099152395703702,-0.41979526625177743,0.934068055375491,-8.346304612916027e-10,0.923
2280.0,8.803258829468385e-06,0.00650890078843453,0.6099152395703702,-0.41979526625177743,0.934068055375491,-8.346330275790567e-10,0.923
2279.9980000033975,8.803256730241387e-06,0.00650890078843453,0.6099152395703702,-0.41979526625177743,0.934068055375491,-8.346305208620073e-10,0.922
2279.9989999979734,8.803258861046622e-06,0.00650890078843453,0.6099152395703702,-0.41979526625177743,0.934068055375491,-8.346305821080273e-10,0.922
2280.0009999983013,8.803253773996587e-06,0.00650890078843453,0.6099152395703702,-0.41979526625177743,0.934068055375491,-8.346281017265458e-10,0.922
2279.997999995947,8.803259662030957e-06,0.00650890078843453,0.6099152395703702,-0.41979526625177743,0.934068055375491,-8.346278400984157e-10,0.922
2280.0,8.796986367870638e-06,0.006508294303182788,0.5960038505953165,-0.3943583799457893,0.934068055375491,-7.040995753665085e-10,0.922
2280.0009999983013,8.803256464031187e-06,0.00650890078843453,0.6099152395703702,-0.41979526625177743,0.934068055375491,-8.346333371295707e-10,0.922
2279.9989999979734,8.803255156910947e-06,0.00650890078843453,0.6099152395703702,-0.41979526625177743,0.934068055375491,-8.346320220287354e-10,0.922
2279.9999999962747,8.803254721435537e-06,0.00650890078843453,0.6099152395703702,-0.41979526625177743,0.934068055375491,-8.346279606097324e-10,0.922
2280.0009999983013,8.796994233386048e-06,0.006508294303182788,0.5960038505953165,-0.3943583799457893,0.934068055375491,-7.040944750338775e-10,0.922
2280.0,8.796993473331931e-06,0.006508294303182788,0.5960038505953165,-0.3943583799457893,0.934068055375491,-7.040962563280698e-10,0.922
2279.997999999672,8.71553988497199e-06,0.006458572434736359,0.671003730896929,-0.4020161270577513,0.934068055375491,-7.396969289255266e-10,0.922
2279.997999999672,8.715540694754873e-06,0.006458572434736359,0.671003730896929,-0.4020161270577513,0.934068055375491,-7.396945881937826e-10,0.922
2279.9980000033975,8.715538098745384e-06,0.006458572434736359,0.671003730896929,-0.4020161270577513,0.934068055375491,-7.396958140416223e-10,0.922
2280.0010000020266,8.71554014942273e-06,0.006458572434736359,0.671003730896929,-0.4020161270577513,0.934068055375491,-7.396996246614526e-10,0.922
2279.9989999979734,8.715537575662567e-06,0.006458572434736359,0.671003730896929,-0.4020161270577513,0.934068055375491,-7.396908703319732e-10,0.922
2279.997999999672,8.715538784953278e-06,0.006458572434736359,0.671003730896929,-0.4020161270577513,0.934068055375491,-7.39696742369253e-10,0.922
2280.0010000020266,8.715543347735317e-06,0.006458572434736359,0.671003730896929,-0.4020161270577513,0.934068055375491,-7.396964909836001e-10,0.922
2279.9960000030696,8.715546731419109e-06,0.006458572434736359,0.671003730896929,-0.4020161270577513,0.934068055375491,-7.396998189688047e-10,0.922
2279.9990000016987,8.715542214656572e-06,0.006458572434736359,0.671003730896929,-0.4020161270577513,0.934068055375491,-7.396954425828705e-10,0.922
2279.997000001371,8.715543252964663e-06,0.006458572434736359,0.671003730896929,-0.4020161270577513,0.934068055375491,-7.397047630359784e-10,0.922
2280.0,8.715541436979998e-06,0.006458572434736359,0.671003730896929,-0.4020161270577513,0.934068055375491,-7.3970225430264e-10,0.922
2280.0,8.715537002096179e-06,0.006458572434736359,0.671003730896929,-0.4020161270577513,0.934068055375491,-7.396949131172807e-10,0.922
2280.002000000328,8.715535581714661e-06,0.006458572434736359,0.671003730896929,-0.4020161270577513,0.934068055375491,-7.39695120468054e-10,0.921
2280.0,8.715535080982562e-06,0.006458572434736359,0.671003730896929,-0.4020161270577513,0.934068055375491,-7.397010667339974e-10,0.921
2280.0009999983013,8.715538025487298e-06,0.006458572434736359,0.671003730896929,-0.4020161270577513,0.934068055375491,-7.396982614984612e-10,0.921
2279.9989999979734,8.715536786335073e-06,0.006458572434736359,0.671003730896929,-0.4020161270577513,0.934068055375491,-7.396902863564336e-10,0.921
2279.9990000016987,8.809512235934638e-06,0.006513952636254567,0.5659938599681746,-0.3960990339599699,0.934068055375491,-8.306632702971176e-10,0.921
2279.997999999672,8.715536408667088e-06,0.006458572434736359,0.671003730896929,-0.4020161270577513,0.934068055375491,-7.396881948357173e-10,0.921
2279.997999999672,8.715536651003531e-06,0.006458572434736359,0.671003730896929,-0.4020161270577513,0.934068055375491,-7.39691586876002e-10,0.921
2280.0010000020266,8.715541555816129e-06,0.006458572434736359,0.671003730896929,-0.4020161270577513,0.934068055375491,-7.396979245444444e-10,0.921
2280.0009999983013,8.715536005649276e-06,0.006458572434736359,0.671003730896929,-0.4020161270577513,0.934068055375491,-7.396922454809269e-10,0.921
2279.997000001371,8.7155439687693e-06,0.006458572434736359,0.671003730896929,-0.4020161270577513,0.934068055375491,-7.396936541834671e-10,0.921
2280.002000000328,8.715536280171846e-06,0.006458572434736359,0.671003730896929,-0.4020161270577513,0.934068055375491,-7.396966801460068e-10,0.921
2279.9989999979734,8.796990742808889e-06,0.006508294303182788,0.5960038505953165,-0.3943583799457893,0.934068055375491,-7.040917634220235e-10,0.921
2280.0009999983013,8.796991024692079e-06,0.006508294303182788,0.5960038505953165,-0.3943583799457893,0.934068055375491,-7.040999575286715e-10,0.921
2280.0,8.715546358879073e-06,0.006458572434736359,0.671003730896929,-0.4020161270577513,0.934068055375491,-7.39701150933875e-10,0.921
2280.002000000328,8.715546508531242e-06,0.006458572434736359,0.671003730896929,-0.4020161270577513,0.934068055375491,-7.396984928890918e-10,0.921
2280.0,8.796991452763176e-06,0.006508294303182788,0.5960038505953165,-0.3943583799457893,0.934068055375491,-7.040987555258619e-10,0.92
2279.997999999672,8.715541176854457e-06,0.006458572434736359,0.671003730896929,-0.4020161270577513,0.934068055375491,-7.39695194864081e-10,0.921
2280.0,8.715540956267367e-06,0.006458572434736359,0.671003730896929,-0.4020161270577513,0.934068055375491,-7.396909528054044e-10,0.921
2280.0,8.715541117224935e-06,0.006458572434736359,0.671003730896929,-0.4020161270577513,0.934068055375491,-7.396952694291467e-10,0.921
2280.0,8.715541217329068e-06,0.006458572434736359,0.671003730896929,-0.4020161270577513,0.934068055375491,-7.396978218854107e-10,0.921
2280.0,8.796996135371328e-06,0.006508294303182788,0.5960038505953165,-0.3943583799457893,0.934068055375491,-7.040984739299943e-10,0.92
2280.0010000020266,8.71553554133177e-06,0.006458572434736359,0.671003730896929,-0.4020161270577513,0.934068055375491,-7.397007235807492e-10,0.92
2279.997000001371,8.715543730308337e-06,0.006458572434736359,0.671003730896929,-0.4020161270577513,0.934068055375491,-7.396981401419308e-10,0.92
2280.0,8.715538713066879e-06,0.006458572434736359,0.671003730896929,-0.4020161270577513,0.934068055375491,-7.396952417058698e-10,0.92
2280.0,8.715540145531218e-06,0.006458572434736359,0.671003730896929,-0.4020161270577513,0.934068055375491,-7.396980171944091e-10,0.92
2279.9990000016987,8.715535637977986e-06,0.006458572434736359,0.671003730896929,-0.4020161270577513,0.934068055375491,-7.397000454841875e-10,0.92
2280.0,8.715530590806384e-06,0.006458572434736359,0.671003730896929,-0.4020161270577513,0.934068055375491,-7.396958403580344e-10,0.92
2280.0,8.71553623020477e-06,0.006458572434736359,0.671003730896929,-0.4020161270577513,0.934068055375491,-7.396988633716608e-10,0.92
2279.9959999993443,8.71554544128297e-06,0.006458572434736359,0.671003730896929,-0.4020161270577513,0.934068055375491,-7.396971804619654e-10,0.92
2280.0,8.715540994499035e-06,0.006458572434736359,0.671003730896929,-0.4020161270577513,0.934068055375491,-7.396994362874303e-10,0.92
2280.002000000328,8.715536094800837e-06,0.006458572434736359,0.671003730896929,-0.4020161270577513,0.934068055375491,-7.396983360664397e-10,0.919
2280.0,8.715531830100731e-06,0.006458572434736359,0.671003730896929,-0.4020161270577513,0.934068055375491,-7.396863121423274e-10,0.92
2279.9969999976456,8.715547079580756e-06,0.006458572434736359,0.671003730896929,-0.4020161270577513,0.934068055375491,-7.397031237749996e-10,0.92
2280.0,8.71554178684811e-06,0.006458572434736359,0.671003730896929,-0.4020161270577513,0.934068055375491,-7.396927609463636e-10,0.92
2280.0,8.715539731692794e-06,0.006458572434736359,0.671003730896929,-0.4020161270577513,0.934068055375491,-7.396993370049387e-10,0.92
2279.997999999672,8.715540982757586e-06,0.006458572434736359,0.671003730896929,-0.4020161270577513,0.934068055375491,-7.396974622721353e-10,0.92
2280.0030000023544,8.715542657064197e-06,0.006458572434736359,0.671003730896929,-0.4020161270577513,0.934068055375491,-7.396985789019011e-10,0.92
2279.997999999672,8.715542809107804e-06,0.006458572434736359,0.671003730896929,-0.4020161270577513,0.934068055375491,-7.397039118560303e-10,0.92
2280.002000000328,8.715535773237125e-06,0.006458572434736359,0.671003730896929,-0.4020161270577513,0.934068055375491,-7.396923877938775e-10,0.92
2279.997000001371,8.715546727466902e-06,0.006458572434736359,0.671003730896929,-0.4020161270577513,0.934068055375491,-7.39699458855435e-10,0.92
2279.9989999979734,8.715537681391891e-06,0.006458572434736359,0.671003730896929,-0.4020161270577513,0.934068055375491,-7.396936911302974e-10,0.92
2280.002999998629,8.715538215196615e-06,0.006458572434736359,0.671003730896929,-0.4020161270577513,0.934068055375491,-7.397003588599159e-10,0.919
2279.9990000016987,8.71554362192049e-06,0.006458572434736359,0.671003730896929,-0.4020161270577513,0.934068055375491,-7.396927363525121e-10,0.919
2280.002000000328,8.715536597420198e-06,0.006458572434736359,0.671003730896929,-0.4020161270577513,0.934068055375491,-7.397020465025462e-10,0.919
2279.997999999672,8.715542107631116e-06,0.006458572434736359,0.671003730896929,-0.4020161270577513,0.934068055375491,-7.396951885561673e-10,0.919
2280.0,8.715537772271933e-06,0.006458572434736359,0.671003730896929,-0.4020161270577513,0.934068055375491,-7.396996111956258e-10,0.919
2280.002000000328,8.715536954199276e-06,0.006458572434736359,0.671003730896929,-0.4020161270577513,0.934068055375491,-7.396978695246012e-10,0.919
2280.0010000020266,8.715535891196048e-06,0.006458572434736359,0.671003730896929,-0.4020161270577513,0.934068055375491,-7.39692204954047e-10,0.919
2280.0009999983013,8.715542203267517e-06,0.006458572434736359,0.671003730896929,-0.4020161270577513,0.934068055375491,-7.396977931736332e-10,0.919
2279.9989999979734,8.715538428090262e-06,0.006458572434736359,0.671003730896929,-0.4020161270577513,0.934068055375491,-7.396978723848825e-10,0.919
2279.9980000033975,8.715534258164956e-06,0.006458572434736359,0.671003730896929,-0.4020161270577513,0.934068055375491,-7.396969169571242e-10,0.919
2280.0,8.715535695383854e-06,0.006458572434736359,0.671003730896929,-0.4020161270577513,0.934068055375491,-7.396971729664372e-10,0.919
2279.9969999976456,8.715540320093728e-06,0.006458572434736359,0.671003730896929,-0.4020161270577513,0.934068055375491,-7.396861494824515e-10,0.919
2280.0010000020266,8.715534476164861e-06,0.006458572434736359,0.671003730896929,-0.4020161270577513,0.934068055375491,-7.397022624998066e-10,0.919
2280.0,8.715540482281908e-06,0.006458572434736359,0.671003730896929,-0.4020161270577513,0.934068055375491,-7.39697858315135e-10,0.919
2280.002999998629,8.715537941076008e-06,0.006458572434736359,0.671003730896929,-0.4020161270577513,0.934068055375491,-7.397043104574184e-10,0.919
2280.0009999983013,8.71553941497439e-06,0.006458572434736359,0.671003730896929,-0.4020161270577513,0.934068055375491,-7.396921765978444e-10,0.919
2280.0,8.715534379513286e-06,0.006458572434736359,0.671003730896929,-0.4020161270577513,0.934068055375491,-7.397012721673576e-10,0.919
2280.0009999983013,8.715535615725509e-06,0.006458572434736359,0.671003730896929,-0.4020161270577513,0.934068055375491,-7.396994583365774e-10,0.919
2280.002000000328,8.715534614004933e-06,0.006458572434736359,0.671003730896929,-0.4020161270577513,0.934068055375491,-7.396949900837555e-10,0.919
2280.002999998629,8.715544553820255e-06,0.006458572434736359,0.671003730896929,-0.4020161270577513,0.934068055375491,-7.397132944787261e-10,0.919
2280.0,8.715538999328382e-06,0.006458572434736359,0.671003730896929,-0.4020161270577513,0.934068055375491,-7.396949168532092e-10,0.919
2280.0,8.715537471593292e-06,0.006458572434736359,0.671003730896929,-0.4020161270577513,0.934068055375491,-7.397022967889434e-10,0.919
2279.9969999976456,8.715545171077905e-06,0.006458572434736359,0.671003730896929,-0.4020161270577513,0.934068055375491,-7.396951215835442e-10,0.918
2279.997000001371,8.715541067669618e-06,0.006458572434736359,0.671003730896929,-0.4020161270577513,0.934068055375491,-7.396954527392193e-10,0.918
2279.9990000016987,8.71553727455241e-06,0.006458572434736359,0.671003730896929,-0.4020161270577513,0.934068055375491,-7.396901628756292e-10,0.918
2279.9959999993443,8.715547398139267e-06,0.006458572434736359,0.671003730896929,-0.4020161270577513,0.934068055375491,-7.39694169778597e-10,0.918
2279.9989999979734,8.715537741013006e-06,0.006458572434736359,0.671003730896929,-0.4020161270577513,0.934068055375491,-7.397013739319672e-10,0.918
2280.0,8.715542828194746e-06,0.006458572434736359,0.671003730896929,-0.4020161270577513,0.934068055375491,-7.396945616072221e-10,0.918
2280.0,8.715539060702713e-06,0.006458572434736359,0.671003730896929,-0.4020161270577513,0.934068055375491,-7.396996162675501e-10,0.918
2279.997999999672,8.71554041972574e-06,0.006458572434736359,0.671003730896929,-0.4020161270577513,0.934068055375491,-7.396917952259245e-10,0.918
2280.0010000020266,8.715537201387022e-06,0.006458572434736359,0.671003730896929,-0.4020161270577513,0.934068055375491,-7.396972598216385e-10,0.918
2280.0010000020266,8.715540910092705e-06,0.006458572434736359,0.671003730896929,-0.4020161270577513,0.934068055375491,-7.396942846644877e-10,0.918
2279.9969999976456,8.715542380954636e-06,0.006458572434736359,0.671003730896929,-0.4020161270577513,0.934068055375491,-7.396917764207138e-10,0.918
2279.997999999672,8.715540896271488e-06,0.006458572434736359,0.671003730896929,-0.4020161270577513,0.934068055375491,-7.397064482714686e-10,0.918
2280.0,8.715543453891001e-06,0.006458572434736359,0.671003730896929,-0.4020161270577513,0.934068055375491,-7.397044876885915e-10,0.918
2280.0,8.715535765036269e-06,0.006458572434736359,0.671003730896929,-0.4020161270577513,0.934068055375491,-7.396999313873635e-10,0.918
2279.997999999672,8.715542930450242e-06,0.006458572434736359,0.671003730896929,-0.4020161270577513,0.934068055375491,-7.396879818655092e-10,0.918
2280.002000000328,8.71553946321772e-06,0.006458572434736359,0.671003730896929,-0.4020161270577513,0.934068055375491,-7.396927790071411e-10,0.918
2279.997999999672,8.715540360586382e-06,0.006458572434736359,0.671003730896929,-0.4020161270577513,0.934068055375491,-7.396945900297932e-10,0.918
2279.997999999672,8.715534836486602e-06,0.006458572434736359,0.671003730896929,-0.4020161270577513,0.934068055375491,-7.396864120059026e-10,0.918
2279.9959999993443,8.746866906115518e-06,0.006473427466025569,0.6187757689710258,-0.37577537514411236,0.9709505944546686,-6.3290061696712e-10,0.918
2279.9989999979734,8.715540144747074e-06,0.006458572434736359,0.671003730896929,-0.4020161270577513,0.934068055375491,-7.39696043504937e-10,0.918
2280.0,8.715531900969012e-06,0.006458572434736359,0.671003730896929,-0.4020161270577513,0.934068055375491,-7.396956902595234e-10,0.918
2280.0,8.71554178476663e-06,0.006458572434736359,0.671003730896929,-0.4020161270577513,0.934068055375491,-7.397015298394502e-10,0.918
2280.002000000328,8.71553873956077e-06,0.006458572434736359,0.671003730896929,-0.4020161270577513,0.934068055375491,-7.396873965595444e-10,0.918
2279.997999999672,8.715542642369724e-06,0.006458572434736359,0.671003730896929,-0.4020161270577513,0.934068055375491,-7.396992815109659e-10,0.918
2280.002000000328,8.71554111232104e-06,0.006458572434736359,0.671003730896929,-0.4020161270577513,0.934068055375491,-7.397002048023092e-10,0.917
2279.9990000016987,8.746867966323075e-06,0.006473427466025569,0.6187757689710258,-0.37577537514411236,0.9709505944546686,-6.328873078347811e-10,0.917
2279.9989999979734,8.746871670622645e-06,0.006473427466025569,0.6187757689710258,-0.37577537514411236,0.9709505944546686,-6.328996782303712e-10,0.917
2279.9990000016987,8.74686914024629e-06,0.006473427466025569,0.6187757689710258,-0.37577537514411236,0.9709505944546686,-6.328897065902606e-10,0.917
2280.0,8.74687282491444e-06,0.006473427466025569,0.6187757689710258,-0.37577537514411236,0.9709505944546686,-6.328927912685284e-10,0.917
2279.997000001371,8.746864976015337e-06,0.006473427466025569,0.6187757689710258,-0.37577537514411236,0.9709505944546686,-6.328966803054059e-10,0.917
2279.997999999672,8.715540024166466e-06,0.006458572434736359,0.671003730896929,-0.4020161270577513,0.934068055375491,-7.396927406911395e-10,0.917
2279.9989999979734,8.715545058784339e-06,0.006458572434736359,0.671003730896929,-0.4020161270577513,0.934068055375491,-7.396994506309215e-10,0.917
2280.002999998629,8.71553663479142e-06,0.006458572434736359,0.671003730896929,-0.4020161270577513,0.934068055375491,-7.397039377046116e-10,0.917
2279.997999999672,8.715537512586156e-06,0.006458572434736359,0.671003730896929,-0.4020161270577513,0.934068055375491,-7.396890483708879e-10,0.917
2280.0,8.715539897488548e-06,0.006458572434736359,0.671003730896929,-0.4020161270577513,0.934068055375491,-7.396951277499259e-10,0.917
2279.9989999979734,8.715535935650441e-06,0.006458572434736359,0.671003730896929,-0.4020161270577513,0.934068055375491,-7.396949246608387e-10,0.917
2280.002000000328,8.746874729639192e-06,0.006473427466025569,0.6187757689710258,-0.37577537514411236,0.9709505944546686,-6.328964723120591e-10,0.917
2279.997000001371,8.746863456300655e-06,0.006473427466025569,0.6187757689710258,-0.37577537514411236,0.9709505944546686,-6.328900434104259e-10,0.917
2280.0,8.746868316440562e-06,0.006473427466025569,0.6187757689710258,-0.37577537514411236,0.9709505944546686,-6.329041932331697e-10,0.917
2280.0,8.746867543063992e-06,0.006473427466025569,0.6187757689710258,-0.37577537514411236,0.9709505944546686,-6.328928977610065e-10,0.917
2280.0,8.746861788611595e-06,0.006473427466025569,0.6187757689710258,-0.37577537514411236,0.9709505944546686,-6.328963263810318e-10,0.917
2280.0,8.715539182132533e-06,0.006458572434736359,0.671003730896929,-0.4020161270577513,0.934068055375491,-7.397003004296555e-10,0.917
2280.0009999983013,8.715536508629241e-06,0.006458572434736359,0.671003730896929,-0.4020161270577513,0.934068055375491,-7.396952460388016e-10,0.917
2279.997999999672,8.71553549963012e-06,0.006458572434736359,0.671003730896929,-0.4020161270577513,0.934068055375491,-7.39689110094743e-10,0.917
2280.0,8.74686884832596e-06,0.006473427466025569,0.6187757689710258,-0.37577537514411236,0.9709505944546686,-6.328988275048736e-10,0.917
2280.0010000020266,8.74686986072972e-06,0.006473427466025569,0.6187757689710258,-0.37577537514411236,0.9709505944546686,-6.328930708400667e-10,0.917
2280.0,8.74686995525615e-06,0.006473427466025569,0.6187757689710258,-0.37577537514411236,0.9709505944546686,-6.329034330039859e-10,0.917
2280.0010000020266,8.746864799519231e-06,0.006473427466025569,0.6187757689710258,-0.37577537514411236,0.9709505944546686,-6.329014889578773e-10,0.916
2279.9990000016987,8.715537216658869e-06,0.006458572434736359,0.671003730896929,-0.4020161270577513,0.934068055375491,-7.397000717492434e-10,0.916
2279.9989999979734,8.746867731035375e-06,0.006473427466025569,0.6187757689710258,-0.37577537514411236,0.9709505944546686,-6.328965606229762e-10,0.916
2280.002000000328,8.746863808318649e-06,0.006473427466025569,0.6187757689710258,-0.37577537514411236,0.9709505944546686,-6.328927300248834e-10,0.916
2279.9990000016987,8.746869014635919e-06,0.006473427466025569,0.6187757689710258,-0.37577537514411236,0.9709505944546686,-6.328971083422581e-10,0.916
2279.997999999672,8.746867834838855e-06,0.006473427466025569,0.6187757689710258,-0.37577537514411236,0.9709505944546686,-6.328952374243557e-10,0.916
2280.0,8.74686361431473e-06,0.006473427466025569,0.6187757689710258,-0.37577537514411236,0.9709505944546686,-6.328943752981037e-10,0.916
2279.9990000016987,8.74687133167726e-06,0.006473427466025569,0.6187757689710258,-0.37577537514411236,0.9709505944546686,-6.328986693534201e-10,0.916
2280.0,8.746868858373565e-06,0.006473427466025569,0.6187757689710258,-0.37577537514411236,0.9709505944546686,-6.328981363797076e-10,0.916
2279.9989999979734,8.746869139946436e-06,0.006473427466025569,0.6187757689710258,-0.37577537514411236,0.9709505944546686,-6.328953280014479e-10,0.916
2280.0009999983013,8.746867058846375e-06,0.006473427466025569,0.6187757689710258,-0.37577537514411236,0.9709505944546686,-6.328971231086577e-10,0.916
2280.0009999983013,8.746866573359842e-06,0.006473427466025569,0.6187757689710258,-0.37577537514411236,0.9709505944546686,-6.328895853324606e-10,0.915
2280.0009999983013,8.74686196065007e-06,0.006473427466025569,0.6187757689710258,-0.37577537514411236,0.9709505944546686,-6.328961106616561e-10,0.916
2280.0,8.746866046601254e-06,0.006473427466025569,0.6187757689710258,-0.37577537514411236,0.9709505944546686,-6.328915508882674e-10,0.916
2280.002000000328,8.74686098491059e-06,0.006473427466025569,0.6187757689710258,-0.37577537514411236,0.9709505944546686,-6.328872633737577e-10,0.916
2280.0,8.7468708418679e-06,0.006473427466025569,0.6187757689710258,-0.37577537514411236,0.9709505944546686,-6.328993076937826e-10,0.916
2280.0010000020266,8.746875996840755e-06,0.006473427466025569,0.6187757689710258,-0.37577537514411236,0.9709505944546686,-6.329095666307235e-10,0.916
2279.997999999672,8.847121071154297e-06,0.006534120969350404,0.48871161094718607,-0.3439689175190621,0.9709505944546686,-5.933387615381818e-10,0.916
2280.002999998629,8.840851499031055e-06,0.006528278567327759,0.5165892410632726,-0.370062194877756,0.9709505944546686,-7.238807152178119e-10,0.916
2280.0,8.746865493213689e-06,0.006473427466025569,0.6187757689710258,-0.37577537514411236,0.9709505944546686,-6.328934431881884e-10,0.916
2279.9989999979734,8.74686756952983e-06,0.006473427466025569,0.6187757689710258,-0.37577537514411236,0.9709505944546686,-6.328914930138665e-10,0.916
2279.9989999979734,8.746868790312904e-06,0.006473427466025569,0.6187757689710258,-0.37577537514411236,0.9709505944546686,-6.328934740172871e-10,0.915
2280.0009999983013,8.746871076573413e-06,0.006473427466025569,0.6187757689710258,-0.37577537514411236,0.9709505944546686,-6.328937412793109e-10,0.915
2279.997999999672,8.715541679930394e-06,0.006458572434736359,0.671003730896929,-0.4020161270577513,0.934068055375491,-7.396936311099603e-10,0.915
2280.0,8.746867376929957e-06,0.006473427466025569,0.6187757689710258,-0.37577537514411236,0.9709505944546686,-6.328977573131691e-10,0.915
2390.3319999985397,9.04465637617748e-06,0.006619957094923888,0.4683408083201539,-0.6255240973189478,4.057667213980115,-1.7843214217018722e-09,0.924
2410.309999998659,9.074835105507743e-06,0.0067044289321051,0.5061385944027981,-0.6399633904554723,4.083767168554912,-1.8214453862819043e-09,0.924
2410.337000001222,9.099541425764677e-06,0.00672963883272873,0.502906466625574,-0.6518145304331533,4.084046605635053,-1.895369051179601e-09,0.925
2410.337000001222,9.099541425764677e-06,0.00672963883272873,0.502906466625574,-0.6518145304331533,4.084046605635053,-1.895369051179601e-09,0.925
2400.68900000304,8.831395236372031e-06,0.006440240238468132,0.29554568619682575,-0.3877657740626533,4.120924688582718,-8.224298596366842e-10,0.928
2400.68900000304,8.831395236372031e-06,0.006440240238468132,0.29554568619682575,-0.3877657740626533,4.120924688582718,-8.224298596366842e-10,0.928
2440.5380000025034,9.128730454633831e-06,0.006818617381182708,0.45406735564710754,-0.5966967121076228,4.09242175624979,-1.6635645123457957e-09,0.929
2440.5380000025034,9.128730454633831e-06,0.006818617381182708,0.45406735564710754,-0.5966967121076228,4.09242175624979,-1.6635645123457957e-09,0.929
2279.9969999976456,8.715540887995516e-06,0.006458572434736359,0.671003730896929,-0.4020161270577513,0.934068055375491,-7.396848224580361e-10,0.92
2280.0,8.596496141653803e-06,0.006336195105980586,0.4292469361701512,-0.29992243561122545,0.934068055375491,-5.142311183774736e-10,0.92
2280.0,8.596493616698269e-06,0.006336195105980586,0.4292469361701512,-0.29992243561122545,0.934068055375491,-5.142258951253795e-10,0.919
2280.0,8.596492625186412e-06,0.006336195105980586,0.4292469361701512,-0.29992243561122545,0.934068055375491,-5.142210745249989e-10,0.919
2280.002000000328,8.596489426407939e-06,0.006336195105980586,0.4292469361701512,-0.29992243561122545,0.934068055375491,-5.142278433854989e-10,0.919
2280.0,8.596487499449238e-06,0.006336195105980586,0.4292469361701512,-0.29992243561122545,0.934068055375491,-5.142260280179836e-10,0.919
2280.0009999983013,8.596488104020869e-06,0.006336195105980586,0.4292469361701512,-0.29992243561122545,0.934068055375491,-5.14221640493962e-10,0.918
2280.0,8.596490829040782e-06,0.006336195105980586,0.4292469361701512,-0.29992243561122545,0.934068055375491,-5.142276051864964e-10,0.918
2280.0010000020266,8.596489948550105e-06,0.006336195105980586,0.4292469361701512,-0.29992243561122545,0.934068055375491,-5.142234423471447e-10,0.918
2279.9989999979734,8.596490337681691e-06,0.006336195105980586,0.4292469361701512,-0.29992243561122545,0.934068055375491,-5.142267185357038e-10,0.918
2279.9990000016987,8.596492050294919e-06,0.006336195105980586,0.4292469361701512,-0.29992243561122545,0.934068055375491,-5.142278674899401e-10,0.917
2280.002000000328,8.596492363566314e-06,0.006336195105980586,0.4292469361701512,-0.29992243561122545,0.934068055375491,-5.142272743343698e-10,0.917
2279.9989999979734,8.596491038998161e-06,0.006336195105980586,0.4292469361701512,-0.29992243561122545,0.934068055375491,-5.142278654304413e-10,0.917
2280.0009999983013,8.596492295413487e-06,0.006336195105980586,0.4292469361701512,-0.29992243561122545,0.934068055375491,-5.142291996092649e-10,0.917
2279.997999999672,8.59649259331391e-06,0.006336195105980586,0.4292469361701512,-0.29992243561122545,0.934068055375491,-5.14224705078504e-10,0.917
2279.997999999672,8.596495973479982e-06,0.006336195105980586,0.4292469361701512,-0.29992243561122545,0.934068055375491,-5.142296463202884e-10,0.917
2279.9990000016987,8.5902292067185e-06,0.0063979848801256475,0.6724224413814341,-0.33167319282836105,0.9709505944546686,-5.65653371819557e-10,0.917
2280.002999998629,8.68420595345414e-06,0.006386663736585107,0.36770782069326824,-0.3198870078260975,0.934068055375491,-6.09162895075443e-10,0.917
2279.9990000016987,8.715538660069342e-06,0.006458572434736423,0.6710037308969077,-0.4020161270576705,0.934068055375491,-7.396937358137939e-10,0.917
2280.0009999983013,8.746860504394466e-06,0.006473427466025639,0.6187757689709912,-0.3757753751440316,0.9709505944546686,-6.328889240650542e-10,0.917
2279.997999999672,8.753134692081037e-06,0.006479725465269615,0.5889372725796256,-0.34942537609223606,0.9709505944546686,-5.023672396947214e-10,0.916
2279.9989999979734,8.903509848067647e-06,0.0065556323714401465,0.4267581732690955,-0.3197614081056742,0.9709505944546686,-5.419160421158024e-10,0.916
2279.9990000016987,8.753136647112375e-06,0.0064602020499606744,0.49987991289649214,-0.34312863770935625,0.9709505944546686,-6.131185628330046e-10,0.916
2280.0009999983013,8.771929224351038e-06,0.006504249622969201,0.5312113838475581,-0.3393701896838981,0.9709505944546686,-6.091620324063381e-10,0.916
2280.002999998629,8.771929576647422e-06,0.006504249622969201,0.5312113838475581,-0.3393701896838981,0.9709505944546686,-6.091704118349863e-10,0.916
2280.0010000020266,8.677945846076095e-06,0.00644225361026308,0.6018581020751763,-0.3613456450848075,0.9709505944546686,-7.001401753398511e-10,0.916
2279.997999999672,8.609016647487757e-06,0.006403946151849642,0.6701123563829388,-0.3563425701847611,0.9709505944546686,-6.882706315531983e-10,0.916
2279.997000001371,8.652887427548799e-06,0.006425893343587201,0.5786169907838996,-0.27998313422688614,0.9927744539878083,-3.599577956002335e-10,0.916
2279.997999999672,8.652884039138278e-06,0.006425893343587201,0.5786169907838996,-0.27998313422688614,0.9927744539878083,-3.599584614949085e-10,0.916
2279.997999999672,8.652883645249696e-06,0.006425893343587201,0.5786169907838996,-0.27998313422688614,0.9927744539878083,-3.599442510853015e-10,0.916
2279.9990000016987,8.615290635633991e-06,0.0063616863040847444,0.43737060441965037,-0.3436792684751346,0.9927744539878083,-6.210276442570977e-10,0.915
2280.0,8.615289926595926e-06,0.0063616863040847444,0.43737060441965037,-0.3436792684751346,0.9927744539878083,-6.21028055670994e-10,0.915
2280.0010000020266,8.68421061311949e-06,0.006386663736585085,0.36770782069340946,-0.3198870078263485,0.9927744539878083,-6.091621386025212e-10,0.915
2280.0009999983013,8.68420961556907e-06,0.006386663736585085,0.36770782069340946,-0.3198870078263485,0.9927744539878083,-6.091605827516669e-10,0.904
2159.997000001371,8.245614006848972e-06,0.005821416398857693,0.748034209652753,-0.5287561860550414,-0.0,-1.156897188895306e-09,0.903
2160.0,8.245614156888882e-06,0.005821416398857693,0.748034209652753,-0.5287561860550414,-0.0,-1.1569024310504853e-09,0.905
2159.9990000016987,8.362572921553495e-06,0.005911135294326846,0.6847515810091513,-0.5566570302691902,-0.0,-1.330940772437405e-09,0.906
2159.997000001371,8.435672951471496e-06,0.0059372941638682775,0.5735391903827556,-0.5008775397239281,-0.0,-1.2132001368582095e-09,0.907
2160.0,8.43567524277422e-06,0.0059372941638682775,0.5735391903827556,-0.5008775397239281,-0.0,-1.2132160773892666e-09,0.907
2160.0009999983013,8.435671651081125e-06,0.0059372941638682775,0.5735391903827556,-0.5008775397239281,-0.0,-1.2132006955128557e-09,0.908
2280.002000000328,8.796992608753494e-06,0.0064848000415546865,0.4193667567293713,-0.21294300114071954,0.9927744539878083,-2.5315674915689087e-10,0.908
2280.0010000020266,8.796995533138553e-06,0.0064848000415546865,0.4193667567293713,-0.21294300114071954,0.9927744539878083,-2.5316257730974116e-10,0.908
2279.9990000016987,8.796991378792749e-06,0.0064848000415546865,0.4193667567293713,-0.21294300114071954,0.9927744539878083,-2.5316150115476646e-10,0.909
2279.997999999672,8.677944116179568e-06,0.006386457711851193,0.3563386483222075,-0.2938766446057018,0.9927744539878083,-4.786265164850926e-10,0.909
2280.0010000020266,8.596491838129718e-06,0.00633619510598065,0.4292469361701432,-0.29992243561114745,0.9927744539878083,-5.14222885863133e-10,0.909
2280.0009999983013,8.596482524289986e-06,0.00633619510598065,0.4292469361701432,-0.29992243561114745,0.9927744539878083,-5.142256037288975e-10,0.909
2280.0,8.596487005873056e-06,0.00633619510598065,0.4292469361701432,-0.29992243561114745,0.9927744539878083,-5.142246673272544e-10,0.91
2280.0009999983013,8.596490537737117e-06,0.00633619510598065,0.4292469361701432,-0.29992243561114745,0.9927744539878083,-5.142272954289285e-10,0.91
2280.0039999969304,8.627814648203578e-06,0.006351750691117037,0.38064769470377513,-0.27401272334164695,0.9927744539878083,-4.0743207420922934e-10,0.91
2280.002000000328,8.596491123622031e-06,0.00633619510598065,0.4292469361701432,-0.29992243561114745,0.9927744539878083,-5.142251760340907e-10,0.91
2280.002000000328,8.596492779080122e-06,0.00633619510598065,0.4292469361701432,-0.29992243561114745,0.9927744539878083,-5.14227268616878e-10,0.91
2280.002000000328,8.596490692710674e-06,0.00633619510598065,0.4292469361701432,-0.29992243561114745,0.9927744539878083,-5.142278588315339e-10,0.91
2279.9990000016987,8.596492683447249e-06,0.00633619510598065,0.4292469361701432,-0.29992243561114745,0.9927744539878083,-5.142211970484991e-10,0.91
2279.997999999672,8.627815912100461e-06,0.006351750691117037,0.38064769470377513,-0.27401272334164695,0.9927744539878083,-4.074179221257277e-10,0.91
2279.9990000016987,8.627820471578257e-06,0.006351750691117037,0.38064769470377513,-0.27401272334164695,0.9927744539878083,-4.074333327139813e-10,0.909
2279.9989999979734,8.627821135048485e-06,0.006351750691117037,0.38064769470377513,-0.27401272334164695,0.9927744539878083,-4.074253310936585e-10,0.91
2280.0009999983013,8.627815434363176e-06,0.006351750691117037,0.38064769470377513,-0.27401272334164695,0.9927744539878083,-4.074246912999581e-10,0.91
2279.9990000016987,8.627815872538177e-06,0.006351750691117037,0.38064769470377513,-0.27401272334164695,0.9927744539878083,-4.074156720847212e-10,0.91
2280.0,8.627822441389608e-06,0.006351750691117037,0.38064769470377513,-0.27401272334164695,0.9927744539878083,-4.074327843627183e-10,0.91
2279.997999999672,8.6278172996066e-06,0.006351750691117037,0.38064769470377513,-0.27401272334164695,0.9927744539878083,-4.074169710744751e-10,0.91
2280.0009999983013,8.62781901765447e-06,0.006351750691117037,0.38064769470377513,-0.27401272334164695,0.9927744539878083,-4.0742894165714737e-10,0.91
2280.0,8.62781571909371e-06,0.006351750691117037,0.38064769470377513,-0.27401272334164695,0.9927744539878083,-4.0742742555108087e-10,0.91
2279.9990000016987,8.62781707933155e-06,0.006351750691117037,0.38064769470377513,-0.27401272334164695,0.9927744539878083,-4.074206732281329e-10,0.91
2279.997000001371,8.627824196368408e-06,0.006351750691117037,0.38064769470377513,-0.27401272334164695,0.9927744539878083,-4.0742713048630413e-10,0.91
2280.0030000023544,8.627817719952962e-06,0.006351750691117037,0.38064769470377513,-0.27401272334164695,0.9927744539878083,-4.074311115580305e-10,0.91
2280.0009999983013,8.627816308374858e-06,0.006351750691117037,0.38064769470377513,-0.27401272334164695,0.9927744539878083,-4.074224617164206e-10,0.91
2280.0009999983013,8.746868733680638e-06,0.006473427466025634,0.6187757689710045,-0.3757753751440353,0.9709505944546686,-6.3290024618412e-10,0.91
2280.0019999966025,8.627820213851401e-06,0.006351750691117037,0.38064769470377513,-0.27401272334164695,0.9927744539878083,-4.0743095006442243e-10,0.91
2279.9989999979734,8.746870261553136e-06,0.006473427466025634,0.6187757689710045,-0.3757753751440353,0.9709505944546686,-6.328941219123477e-10,0.91
2280.0010000020266,8.627818778724636e-06,0.006351750691117037,0.38064769470377513,-0.27401272334164695,0.9927744539878083,-4.074235881425823e-10,0.91
2279.9990000016987,8.627820615714016e-06,0.006351750691117037,0.38064769470377513,-0.27401272334164695,0.9927744539878083,-4.074287968264478e-10,0.91
2279.9989999979734,8.634086082913818e-06,0.006358583092747074,0.3538486675288852,-0.24746842686671788,1.0,-2.768931725125089e-10,0.91
2280.0010000020266,8.74686965218611e-06,0.006473427466025634,0.6187757689710045,-0.3757753751440353,0.9709505944546686,-6.328961485924778e-10,0.91
2280.0,8.803257481876119e-06,0.006495950155370108,0.5512361864697879,-0.35129384690866094,0.9709505944546686,-5.814729812058142e-10,0.91
2280.0,8.753133615664107e-06,0.006479725465269614,0.5889372725798627,-0.3494253760926963,0.9709505944546686,-5.023659014679475e-10,0.91
2279.9989999979734,8.809526649939169e-06,0.006501821607098017,0.5237381366651346,-0.32512085839724664,0.9709505944546686,-4.5093498970639055e-10,0.91
2280.0009999983013,8.753135506279512e-06,0.006479725465269614,0.5889372725798627,-0.3494253760926963,0.9709505944546686,-5.023623440338332e-10,0.91
2280.0,8.75313410684047e-06,0.006479725465269614,0.5889372725798627,-0.3494253760926963,0.9709505944546686,-5.023648563340315e-10,0.91
2279.9990000016987,8.753136374841606e-06,0.006479725465269614,0.5889372725798627,-0.3494253760926963,0.9709505944546686,-5.023573644449229e-10,0.91
2279.9989999979734,8.803256493153702e-06,0.006495950155370108,0.5512361864697879,-0.35129384690866094,0.9709505944546686,-5.814681286430853e-10,0.91
2280.0,8.80952362153952e-06,0.006501821607098017,0.5237381366651346,-0.32512085839724664,0.9709505944546686,-4.5093736971405945e-10,0.91
2280.0009999983013,8.809525253603173e-06,0.006501821607098017,0.5237381366651346,-0.32512085839724664,0.9709505944546686,-4.5094006575922687e-10,0.91
2280.0009999983013,8.809523442522301e-06,0.006501821607098017,0.5237381366651346,-0.32512085839724664,0.9709505944546686,-4.5093711735390825e-10,0.91
2280.0,8.809521706042067e-06,0.006501821607098017,0.5237381366651346,-0.32512085839724664,0.9709505944546686,-4.509389560983706e-10,0.91
2279.9990000016987,8.809524098929262e-06,0.006501821607098017,0.5237381366651346,-0.32512085839724664,0.9709505944546686,-4.509370065547827e-10,0.909
2280.0,8.809522914426432e-06,0.006501821607098017,0.5237381366651346,-0.32512085839724664,0.9709505944546686,-4.5093361511692926e-10,0.909
2280.0010000020266,8.809524436080207e-06,0.006501821607098017,0.5237381366651346,-0.32512085839724664,0.9709505944546686,-4.509386496184511e-10,0.909
2279.9990000016987,8.809521535975927e-06,0.006501821607098017,0.5237381366651346,-0.32512085839724664,0.9709505944546686,-4.509323209998981e-10,0.899
2159.997999999672,8.421050536046555e-06,0.00590866149832216,0.4948066893735472,-0.43568958899826066,-0.0,-9.521294946672896e-10,0.898
2160.002000000328,8.421049218968696e-06,0.00590866149832216,0.4948066893735472,-0.43568958899826066,-0.0,-9.521322548161028e-10,0.9
2159.997999999672,8.421050991305983e-06,0.00590866149832216,0.4948066893735472,-0.43568958899826066,-0.0,-9.521353043128433e-10,0.901
2160.0,8.421052903413947e-06,0.00590866149832216,0.4948066893735472,-0.43568958899826066,-0.0,-9.521421064291844e-10,0.902
2160.0010000020266,8.421052491771026e-06,0.00590866149832216,0.4948066893735472,-0.43568958899826066,-0.0,-9.52129375932706e-10,0.902
2160.0,8.421053880641437e-06,0.00590866149832216,0.4948066893735472,-0.43568958899826066,-0.0,-9.52143736277041e-10,0.903
2159.9989999979734,8.42104995253404e-06,0.00590866149832216,0.4948066893735472,-0.43568958899826066,-0.0,-9.52140781020937e-10,0.904
2159.997999999672,8.421056708460401e-06,0.00590866149832216,0.4948066893735472,-0.43568958899826066,-0.0,-9.521364090291908e-10,0.904
2159.997999999672,8.421057870336801e-06,0.00590866149832216,0.4948066893735472,-0.43568958899826066,-0.0,-9.521334599787872e-10,0.904
2159.9989999979734,8.421052237849007e-06,0.00590866149832216,0.4948066893735472,-0.43568958899826066,-0.0,-9.52132652319777e-10,0.904
2160.002000000328,8.552630116932875e-06,0.00603982881907615,0.7874512942977625,-0.5476021411834524,-0.0,-1.2132141921179406e-09,0.905
2160.0,8.494148362282714e-06,0.006012657214878119,0.8367492994838206,-0.5330924091686146,-0.0,-1.1415334517529698e-09,0.905
2160.0,8.362568957095674e-06,0.005881381068665262,0.545070333024416,-0.4193845901047229,-0.0,-8.804652459109179e-10,0.905
2160.0,8.49415275336599e-06,0.006012657214878119,0.8367492994838206,-0.5330924091686146,-0.0,-1.1415270106629493e-09,0.905
2160.0010000020266,8.494149144594993e-06,0.006012657214878119,0.8367492994838206,-0.5330924091686146,-0.0,-1.141541311581045e-09,0.905
2160.0010000020266,8.552626173419726e-06,0.00603982881907615,0.7874512942977625,-0.5476021411834524,-0.0,-1.2132046976649597e-09,0.905
2159.9990000016987,8.49415372718933e-06,0.006012657214878119,0.8367492994838206,-0.5330924091686146,-0.0,-1.1415361145610317e-09,0.906
2159.9990000016987,8.494157889560696e-06,0.006012657214878119,0.8367492994838206,-0.5330924091686146,-0.0,-1.1415478360093541e-09,0.906
2159.997999999672,8.377196798984496e-06,0.005956469773594317,0.9404120816994559,-0.506559565661366,-0.0,-1.008454026323129e-09,0.906
2160.0009999983013,8.377186391942756e-06,0.005956469773594317,0.9404120816994559,-0.506559565661366,-0.0,-1.0084535854284666e-09,0.906
2160.0009999983013,8.494148096381679e-06,0.006012657214878119,0.8367492994838206,-0.5330924091686146,-0.0,-1.1415368306356024e-09,0.906
2160.0,8.494152154067678e-06,0.006012657214878119,0.8367492994838206,-0.5330924091686146,-0.0,-1.1415382605836984e-09,0.906
2160.0,8.377192329657403e-06,0.005956469773594317,0.9404120816994559,-0.506559565661366,-0.0,-1.0084416636955843e-09,0.906
2159.9990000016987,8.479535880674627e-06,0.00601119812716039,0.8057135340610682,-0.4936285651064013,-0.0,-1.1057165433579782e-09,0.906
2159.9989999979734,8.45029783692862e-06,0.0059941491941228565,0.8663782933180157,-0.5120457288012715,-0.0,-1.0340383474563085e-09,0.906
2160.0,8.49415279101243e-06,0.006012657214878119,0.8367492994838206,-0.5330924091686146,-0.0,-1.1415451220223944e-09,0.906
2159.9989999979734,8.494149050973265e-06,0.006012657214878119,0.8367492994838206,-0.5330924091686146,-0.0,-1.1415386651848795e-09,0.906
2159.9989999979734,8.421053311254748e-06,0.005975583849230241,0.9078239188189108,-0.5274009957509366,-0.0,-1.115936609129377e-09,0.906
2159.997000001371,8.377195167708149e-06,0.005956469773594317,0.9404120816994559,-0.506559565661366,-0.0,-1.0084409750714229e-09,0.906
2160.0,8.494158245244194e-06,0.006012657214878119,0.8367492994838206,-0.5330924091686146,-0.0,-1.1415355172421855e-09,0.906
2160.0,8.421059767074508e-06,0.005975583849230241,0.9078239188189108,-0.5274009957509366,-0.0,-1.1159457861671769e-09,0.906
2160.002000000328,8.494147416712062e-06,0.006012657214878119,0.8367492994838206,-0.5330924091686146,-0.0,-1.1415431210153437e-09,0.906
2159.9990000016987,8.494148192154767e-06,0.006012657214878119,0.8367492994838206,-0.5330924091686146,-0.0,-1.141529565638024e-09,0.906
2160.002000000328,8.377194686811431e-06,0.005956469773594317,0.9404120816994559,-0.506559565661366,-0.0,-1.0084517234755038e-09,0.906
2160.0009999983013,8.377189778885686e-06,0.005956469773594317,0.9404120816994559,-0.506559565661366,-0.0,-1.0084477586455835e-09,0.906
2159.9990000016987,8.377196489916827e-06,0.005956469773594317,0.9404120816994559,-0.506559565661366,-0.0,-1.0084517368923168e-09,0.906
2160.0,8.479525443700565e-06,0.00601119812716039,0.8057135340610682,-0.4936285651064013,-0.0,-1.1057004646508625e-09,0.906
2160.0030000023544,8.42104333895736e-06,0.005975583849230241,0.9078239188189108,-0.5274009957509366,-0.0,-1.1159420213055692e-09,0.906
2159.9990000016987,8.347956387420193e-06,0.005916574004710536,0.8020593415321127,-0.5802611033902907,-0.0,-1.3667772580060757e-09,0.906
2160.0,8.377198322544593e-06,0.005956469773594317,0.9404120816994559,-0.506559565661366,-0.0,-1.0084430860001824e-09,0.906
2159.9990000016987,8.479532755784048e-06,0.00601119812716039,0.8057135340610682,-0.4936285651064013,-0.0,-1.105705988762555e-09,0.906
2160.0009999983013,8.479530250734969e-06,0.00601119812716039,0.8057135340610682,-0.4936285651064013,-0.0,-1.1056976232356513e-09,0.906
2159.997999999672,8.479534756376944e-06,0.00601119812716039,0.8057135340610682,-0.4936285651064013,-0.0,-1.105712014776439e-09,0.906
2160.0009999983013,8.377189726315975e-06,0.005956469773594317,0.9404120816994559,-0.506559565661366,-0.0,-1.008441759579469e-09,0.906
2159.9990000016987,8.347955375133978e-06,0.005916574004710536,0.8020593415321127,-0.5802611033902907,-0.0,-1.3667721342856813e-09,0.906
2160.0,8.479533035764685e-06,0.00601119812716039,0.8057135340610682,-0.4936285651064013,-0.0,-1.1057097666003585e-09,0.906
2160.0010000020266,8.479536945083e-06,0.00601119812716039,0.8057135340610682,-0.4936285651064013,-0.0,-1.105712996102136e-09,0.906
2159.9990000016987,8.347955706870066e-06,0.005916574004710536,0.8020593415321127,-0.5802611033902907,-0.0,-1.3667716432652865e-09,0.906
2159.9989999979734,8.4795330101417e-06,0.00601119812716039,0.8057135340610682,-0.4936285651064013,-0.0,-1.1057044958328949e-09,0.906
2159.9969999976456,8.479536968604587e-06,0.00601119812716039,0.8057135340610682,-0.4936285651064013,-0.0,-1.1057135250259679e-09,0.906
2159.997999999672,8.479537656872179e-06,0.00601119812716039,0.8057135340610682,-0.4936285651064013,-0.0,-1.1057006040112629e-09,0.906
2159.9969999976456,8.479529404317405e-06,0.00601119812716039,0.8057135340610682,-0.4936285651064013,-0.0,-1.1057035116651919e-09,0.906
2160.0010000020266,8.479529979281113e-06,0.00601119812716039,0.8057135340610682,-0.4936285651064013,-0.0,-1.105704070767035e-09,0.906
2160.0,8.479533166147389e-06,0.00601119812716039,0.8057135340610682,-0.4936285651064013,-0.0,-1.1057068515659027e-09,0.906
2159.9959999993443,8.47953695365031e-06,0.00601119812716039,0.8057135340610682,-0.4936285651064013,-0.0,-1.1057063445097756e-09,0.906
2160.0030000023544,8.479534070276423e-06,0.00601119812716039,0.8057135340610682,-0.4936285651064013,-0.0,-1.105708903575368e-09,0.906
2159.9989999979734,8.479531826016824e-06,0.00601119812716039,0.8057135340610682,-0.4936285651064013,-0.0,-1.1057036349804074e-09,0.906
2160.0,8.347954058506246e-06,0.005916574004710536,0.8020593415321127,-0.5802611033902907,-0.0,-1.3667778281831325e-09,0.906
2160.0010000020266,8.34795178985179e-06,0.005916574004710536,0.8020593415321127,-0.5802611033902907,-0.0,-1.3667701270884026e-09,0.906
2160.0009999983013,8.34795451249515e-06,0.005916574004710536,0.8020593415321127,-0.5802611033902907,-0.0,-1.3667796920298505e-09,0.906
2159.997000001371,8.347955302467023e-06,0.005916574004710536,0.8020593415321127,-0.5802611033902907,-0.0,-1.3667737634873883e-09,0.905
2159.9989999979734,8.347951282866927e-06,0.005916574004710536,0.8020593415321127,-0.5802611033902907,-0.0,-1.366770148771218e-09,0.905
2159.9989999979734,8.347952209218374e-06,0.005916574004710536,0.8020593415321127,-0.5802611033902907,-0.0,-1.3667734315149817e-09,0.905
2160.0,8.34795523493394e-06,0.005916574004710536,0.8020593415321127,-0.5802611033902907,-0.0,-1.3667812149754593e-09,0.905
2159.9989999979734,8.347950163716141e-06,0.005916574004710536,0.8020593415321127,-0.5802611033902907,-0.0,-1.3667653270639579e-09,0.905
2160.0009999983013,8.347952147231927e-06,0.005916574004710536,0.8020593415321127,-0.5802611033902907,-0.0,-1.3667749961491572e-09,0.905
2159.9959999993443,8.347958350856741e-06,0.005916574004710536,0.8020593415321127,-0.5802611033902907,-0.0,-1.3667764599303188e-09,0.905
2160.0,8.347951698380022e-06,0.005916574004710536,0.8020593415321127,-0.5802611033902907,-0.0,-1.3667728512004813e-09,0.905
2159.997999999672,8.347952593517735e-06,0.005916574004710536,0.8020593415321127,-0.5802611033902907,-0.0,-1.366773426405759e-09,0.905
2159.9990000016987,8.479534658083223e-06,0.00601119812716039,0.8057135340610682,-0.4936285651064013,-0.0,-1.1057024929688407e-09,0.905
2159.9989999979734,8.47953036402428e-06,0.00601119812716039,0.8057135340610682,-0.4936285651064013,-0.0,-1.1057008244918095e-09,0.905
2160.0,8.347954850202368e-06,0.005916574004710536,0.8020593415321127,-0.5802611033902907,-0.0,-1.3667769016809492e-09,0.905
2160.0009999983013,8.347952061742184e-06,0.005916574004710536,0.8020593415321127,-0.5802611033902907,-0.0,-1.3667723861956085e-09,0.905
2160.0010000020266,8.47953441015124e-06,0.00601119812716039,0.8057135340610682,-0.4936285651064013,-0.0,-1.1057067529973362e-09,0.905
2160.0,8.479535440379944e-06,0.00601119812716039,0.8057135340610682,-0.4936285651064013,-0.0,-1.1057107521688648e-09,0.905
2159.9989999979734,8.347952364385963e-06,0.005916574004710536,0.8020593415321127,-0.5802611033902907,-0.0,-1.3667729516703663e-09,0.905
2160.002000000328,8.479531676402128e-06,0.00601119812716039,0.8057135340610682,-0.4936285651064013,-0.0,-1.105709126334761e-09,0.905
2160.0040000006557,8.552623621357994e-06,0.006049020025992138,0.7348846515528447,-0.4991652439803369,-0.0,-1.1313064058478453e-09,0.905
2159.997999999672,8.479530800034607e-06,0.00601119812716039,0.8057135340610682,-0.4936285651064013,-0.0,-1.105693681768367e-09,0.905
2159.9990000016987,8.479535472418077e-06,0.00601119812716039,0.8057135340610682,-0.4936285651064013,-0.0,-1.1056960479888582e-09,0.905
2160.002999998629,8.479526420498067e-06,0.00601119812716039,0.8057135340610682,-0.4936285651064013,-0.0,-1.1057021798089291e-09,0.905
2159.997000001371,8.479532251331362e-06,0.00601119812716039,0.8057135340610682,-0.4936285651064013,-0.0,-1.1057155889262869e-09,0.905
2160.0,8.479530058358731e-06,0.00601119812716039,0.8057135340610682,-0.4936285651064013,-0.0,-1.1057027433245464e-09,0.905
2159.9990000016987,8.47953666296782e-06,0.00601119812716039,0.8057135340610682,-0.4936285651064013,-0.0,-1.1057006398938287e-09,0.905
2160.0,8.479533458991288e-06,0.00601119812716039,0.8057135340610682,-0.4936285651064013,-0.0,-1.1057076726050896e-09,0.905
2160.0040000006557,8.479530274253753e-06,0.00601119812716039,0.8057135340610682,-0.4936285651064013,-0.0,-1.1057057672142442e-09,0.905
2160.0009999983013,8.479535344185953e-06,0.00601119812716039,0.8057135340610682,-0.4936285651064013,-0.0,-1.1057138744185473e-09,0.905
2160.002000000328,8.479532913954537e-06,0.00601119812716039,0.8057135340610682,-0.4936285651064013,-0.0,-1.1057003701054126e-09,0.905
2159.9989999979734,8.347946504898762e-06,0.005916574004710536,0.8020593415321127,-0.5802611033902907,-0.0,-1.3667722905598457e-09,0.905
2160.002000000328,8.479530919749036e-06,0.00601119812716039,0.8057135340610682,-0.4936285651064013,-0.0,-1.105706765515368e-09,0.905
2160.0,8.479530312721474e-06,0.00601119812716039,0.8057135340610682,-0.4936285651064013,-0.0,-1.1056979657506403e-09,0.905
2159.9989999979734,8.479528829352458e-06,0.00601119812716039,0.8057135340610682,-0.4936285651064013,-0.0,-1.1056986889150674e-09,0.905
2160.0,8.479538221136582e-06,0.00601119812716039,0.8057135340610682,-0.4936285651064013,-0.0,-1.1057045788821042e-09,0.904
2160.002000000328,8.479529633031237e-06,0.00601119812716039,0.8057135340610682,-0.4936285651064013,-0.0,-1.1057048577344124e-09,0.904
2160.0010000020266,8.479534117311387e-06,0.00601119812716039,0.8057135340610682,-0.4936285651064013,-0.0,-1.1057082936424608e-09,0.904
2160.0009999983013,8.479531909350691e-06,0.00601119812716039,0.8057135340610682,-0.4936285651064013,-0.0,-1.1056997720152291e-09,0.904
2160.0009999983013,8.34795277090983e-06,0.005916574004710536,0.8020593415321127,-0.5802611033902907,-0.0,-1.366778380853987e-09,0.904
2159.9990000016987,8.114037966787624e-06,0.0057760343748470755,0.9588773926522065,-0.6242985691121549,-0.0,-1.4384401279154616e-09,0.904
2160.0,8.114036421439809e-06,0.0057760343748470755,0.9588773926522065,-0.6242985691121549,-0.0,-1.43843900568658e-09,0.904
2159.997000001371,8.201758099908581e-06,0.005826938851083713,0.8709041952207941,-0.6114177368461832,-0.0,-1.4077234856681068e-09,0.904
2159.997999999672,8.245620116429718e-06,0.005861959834339993,0.8522195683384259,-0.5332919903015959,-0.0,-1.1159487515785442e-09,0.904
2160.002000000328,8.230995154906997e-06,0.005867942445015239,0.8881519206913167,-0.6514158010590019,-0.0,-1.612496230101471e-09,0.904
2160.0,8.333333006288405e-06,0.005912124522899455,0.7656440991432647,-0.5238819230560113,-0.0,-1.085232169580019e-09,0.904
2160.0,8.114035728907416e-06,0.0057760343748470755,0.9588773926522065,-0.6242985691121549,-0.0,-1.4384280583740431e-09,0.904
2159.997000001371,8.114040486796508e-06,0.0057760343748470755,0.9588773926522065,-0.6242985691121549,-0.0,-1.4384419742917922e-09,0.904
2160.0,8.11403902481074e-06,0.0057760343748470755,0.9588773926522065,-0.6242985691121549,-0.0,-1.4384516810739193e-09,0.904
2159.9990000016987,8.231000394565602e-06,0.005867942445015239,0.8881519206913167,-0.6514158010590019,-0.0,-1.612484344308665e-09,0.904
2160.0009999983013,8.318713509682007e-06,0.005905196442900089,0.8099768243124155,-0.5550806927083409,-0.0,-1.2336904576832589e-09,0.904
2160.002000000328,8.24561098156821e-06,0.005873421151542901,0.8431747545865242,-0.6199615251173517,-0.0,-1.4640306998592647e-09,0.904
2160.002999998629,8.172516515732289e-06,0.005797256862905314,0.8407776883803013,-0.5597805896050798,-0.0,-1.1824865110692117e-09,0.904
2160.0009999983013,8.157894463656485e-06,0.0057917061086628545,0.8838232623057865,-0.5914893044120881,-0.0,-1.3309418272888207e-09,0.904
2160.0009999983013,8.128652684154538e-06,0.00578210589128317,0.9123430273940878,-0.5923103493810544,-0.0,-1.2899961737541112e-09,0.904
2160.0,8.28947199776458e-06,0.005887840577551874,0.7741961799512049,-0.5877209469651136,-0.0,-1.3565370668650497e-09,0.904
2160.0010000020266,8.128658338434485e-06,0.00578210589128317,0.9123430273940878,-0.5923103493810544,-0.0,-1.2900026029028285e-09,0.904
2160.0030000023544,8.23099306834565e-06,0.005838969708044543,0.863039624700884,-0.6362360755380813,-0.0,-1.5408249201836362e-09,0.904
2159.9989999979734,8.201751163154356e-06,0.005826938851083713,0.8709041952207941,-0.6114177368461832,-0.0,-1.4077184437256792e-09,0.903
2160.002000000328,8.20175178514408e-06,0.005826938851083713,0.8709041952207941,-0.6114177368461832,-0.0,-1.4077230015119384e-09,0.904
2160.0,8.479537148167716e-06,0.00601119812716039,0.8057135340610682,-0.4936285651064013,-0.0,-1.1057020225903135e-09,0.904
2159.9990000016987,8.128654804436882e-06,0.00578210589128317,0.9123430273940878,-0.5923103493810544,-0.0,-1.2899884947772047e-09,0.904
2160.0,8.11403819123335e-06,0.0057760343748470755,0.9588773926522065,-0.6242985691121549,-0.0,-1.4384410958010155e-09,0.904
2160.0,8.157894803497775e-06,0.005795239021959084,0.899977603324845,-0.6168029264102194,-0.0,-1.4230810368837152e-09,0.904
2160.0030000023544,8.114027457151132e-06,0.0057760343748470755,0.9588773926522065,-0.6242985691121549,-0.0,-1.4384394093789132e-09,0.903
2160.0,8.11403814633955e-06,0.0057760343748470755,0.9588773926522065,-0.6242985691121549,-0.0,-1.4384459710383234e-09,0.903
2160.002000000328,8.11403313198068e-06,0.0057760343748470755,0.9588773926522065,-0.6242985691121549,-0.0,-1.4384420701750682e-09,0.903
2159.9990000016987,8.230990886063433e-06,0.005855471774981286,0.8964518885414936,-0.5647263446820152,-0.0,-1.264389542821778e-09,0.903
2159.997999999672,8.157897327358509e-06,0.0057917061086628545,0.8838232623057865,-0.5914893044120881,-0.0,-1.3309455902755484e-09,0.903
2160.0,8.274860183879616e-06,0.005886847268295114,0.8320029773275897,-0.6437184360635022,-0.0,-1.597131818106693e-09,0.903
2160.0010000020266,8.128653941355665e-06,0.00578210589128317,0.9123430273940878,-0.5923103493810544,-0.0,-1.289991772883325e-09,0.903
2159.997000001371,8.12865219254962e-06,0.00578210589128317,0.9123430273940878,-0.5923103493810544,-0.0,-1.2899843652523586e-09,0.903
2159.997999999672,8.17251677093838e-06,0.005797256862905314,0.8407776883803013,-0.5597805896050798,-0.0,-1.1824954891852887e-09,0.903
2160.002999998629,8.245609994092682e-06,0.005873421151542901,0.8431747545865242,-0.6199615251173517,-0.0,-1.464032842328864e-09,0.903
2159.9990000016987,8.172509023269745e-06,0.005797256862905314,0.8407776883803013,-0.5597805896050798,-0.0,-1.1824869980653414e-09,0.903
2159.9989999979734,8.289475365481666e-06,0.005887840577551874,0.7741961799512049,-0.5877209469651136,-0.0,-1.3565341545242277e-09,0.903
2159.997999999672,8.157896370668547e-06,0.0057917061086628545,0.8838232623057865,-0.5914893044120881,-0.0,-1.3309361955869947e-09,0.903
2159.9990000016987,8.172515706946569e-06,0.005797256862905314,0.8407776883803013,-0.5597805896050798,-0.0,-1.18248283949719e-09,0.903
2159.9990000016987,8.172512575208627e-06,0.005797256862905314,0.8407776883803013,-0.5597805896050798,-0.0,-1.182489880888617e-09,0.903
2159.997999999672,8.289478244560678e-06,0.005887840577551874,0.7741961799512049,-0.5877209469651136,-0.0,-1.3565373654254427e-09,0.903
2159.9959999993443,8.172516063893246e-06,0.005797256862905314,0.8407776883803013,-0.5597805896050798,-0.0,-1.182489477079423e-09,0.903
2160.0,8.157894709884851e-06,0.0057917061086628545,0.8838232623057865,-0.5914893044120881,-0.0,-1.3309425515540827e-09,0.903
2160.0009999983013,8.128651322185307e-06,0.00578210589128317,0.9123430273940878,-0.5923103493810544,-0.0,-1.2899861571299691e-09,0.903
2160.0,8.172513761475952e-06,0.005797256862905314,0.8407776883803013,-0.5597805896050798,-0.0,-1.1824870104502801e-09,0.903
2160.0010000020266,8.172516681609526e-06,0.005797256862905314,0.8407776883803013,-0.5597805896050798,-0.0,-1.1824917064701818e-09,0.903
2160.0009999983013,8.172516948352737e-06,0.005797256862905314,0.8407776883803013,-0.5597805896050798,-0.0,-1.182500220537963e-09,0.903
2160.0,8.172510108652978e-06,0.005797256862905314,0.8407776883803013,-0.5597805896050798,-0.0,-1.1824919727489507e-09,0.903
2160.0,8.172516248557552e-06,0.005797256862905314,0.8407776883803013,-0.5597805896050798,-0.0,-1.1824953939071565e-09,0.903
2160.0010000020266,8.172508436320417e-06,0.005797256862905314,0.8407776883803013,-0.5597805896050798,-0.0,-1.1824909745232497e-09,0.903
2160.002000000328,8.17251325021926e-06,0.005797256862905314,0.8407776883803013,-0.5597805896050798,-0.0,-1.1824888880362667e-09,0.903
2160.0010000020266,8.172516584998078e-06,0.005797256862905314,0.8407776883803013,-0.5597805896050798,-0.0,-1.182492290355413e-09,0.903
2160.0,8.172515965136082e-06,0.005797256862905314,0.8407776883803013,-0.5597805896050798,-0.0,-1.1824908654901777e-09,0.903
2159.997000001371,8.260234292149779e-06,0.0058808838894877985,0.9320930970007897,-0.4939363411972723,-0.0,-1.028911169859694e-09,0.902
2160.002000000328,8.11403392706847e-06,0.0057760343748470755,0.9588773926522065,-0.6242985691121549,-0.0,-1.438436382707166e-09,0.902
2159.9989999979734,8.128652042899914e-06,0.00578210589128317,0.9123430273940878,-0.5923103493810544,-0.0,-1.2899827044214116e-09,0.902
2160.0,8.260236737370308e-06,0.005867444127113225,0.8865018072785698,-0.5897433872056546,-0.0,-1.3974917018501015e-09,0.902
2160.0,8.245612383285228e-06,0.0058744167310316245,0.974701583879483,-0.5251365540282632,-0.0,-1.1773710252575836e-09,0.902
2159.9989999979734,8.318715647519534e-06,0.005905196442900089,0.8099768243124155,-0.5550806927083409,-0.0,-1.2336786941092695e-09,0.902
2159.997999999672,8.40643380227616e-06,0.005940248286696644,0.68602103660875,-0.5175987575736082,-0.0,-1.110818201712629e-09,0.902
2160.0009999983013,8.362572025567602e-06,0.005952050116119265,0.9037151674440036,-0.4737283866468401,-0.0,-1.0033235002241203e-09,0.902
2159.997999999672,8.362574065071139e-06,0.005952050116119265,0.9037151674440036,-0.4737283866468401,-0.0,-1.0033259455711681e-09,0.902
2160.002999998629,8.377185337789762e-06,0.005958923722437181,0.8630289194739249,-0.4430617026608394,-0.0,-8.548734092304116e-10,0.902
2159.9990000016987,8.245622274784317e-06,0.005861959834339993,0.8522195683384259,-0.5332919903015959,-0.0,-1.1159430524518108e-09,0.902
2160.0,8.11403514540828e-06,0.0057760343748470755,0.9588773926522065,-0.6242985691121549,-0.0,-1.4384395447887563e-09,0.902
2350.522999998182,9.132991479732632e-06,0.006621746729615386,0.641036188371634,-0.7631156384342732,3.993882886432116,-2.3809814937350302e-09,0.911
2380.4990000016987,9.155241038988292e-06,0.006737825927658455,0.6788709522655241,-0.7911392211827252,4.0195747118031,-2.4743752689122295e-09,0.912
2370.545000001788,9.096815668232486e-06,0.006658597037863193,0.6429628259253719,-0.7690263367455088,4.053811706288326,-2.3763919383286525e-09,0.912
2370.545000001788,9.096815668232486e-06,0.006658597037863193,0.6429628259253719,-0.7690263367455088,4.053811706288326,-2.3763919383286525e-09,0.912
2360.4640000015497,8.53538438081956e-06,0.006098402828317078,0.18925111995806088,-0.2221493855767523,4.053977314838986,-2.3584792775867493e-10,0.921
2360.4640000015497,8.53538438081956e-06,0.006098402828317078,0.18925111995806088,-0.2221493855767523,4.053977314838986,-2.3584792775867493e-10,0.921
2410.460000000894,8.939282994394691e-06,0.0066207010182077865,0.5472445198382663,-0.6509417451319961,4.0322880538041375,-1.8132564158599629e-09,0.922
2410.460000000894,8.939282994394691e-06,0.0066207010182077865,0.5472445198382663,-0.6509417451319961,4.0322880538041375,-1.8132564158599629e-09,0.922
2280.0,8.408520205898003e-06,0.0062651920624149674,0.8268726481618076,-0.3296394256498023,0.9709505944546686,-4.430242428285636e-10,0.913
2279.9990000016987,8.408524934987215e-06,0.0062651920624149674,0.8268726481618076,-0.3296394256498023,0.9709505944546686,-4.4302810248864317e-10,0.912
2279.997000001371,8.408519691214448e-06,0.0062651920624149674,0.8268726481618076,-0.3296394256498023,0.9709505944546686,-4.4302369220685003e-10,0.912
2279.9969999976456,8.558905370141442e-06,0.00632372308724939,0.40229065143083353,-0.1632546092005741,1.0,1.5826723272033735e-11,0.912
2280.002000000328,8.558889956612978e-06,0.00632372308724939,0.40229065143083353,-0.1632546092005741,1.0,1.5828359648716022e-11,0.912
2280.0,8.558902438233414e-06,0.00632372308724939,0.40229065143083353,-0.1632546092005741,1.0,1.5821464834305716e-11,0.911
2280.002999998629,8.558891300670102e-06,0.00632372308724939,0.40229065143083353,-0.1632546092005741,1.0,1.5827946853726456e-11,0.911
2279.9960000030696,8.558893814372478e-06,0.00632372308724939,0.40229065143083353,-0.1632546092005741,1.0,1.5832594495741678e-11,0.911
2280.0009999983013,8.464910789296422e-06,0.006261620775553425,0.476825021514689,-0.18073382770167534,1.0,-7.515058127291825e-11,0.91
2280.0,8.452379899127415e-06,0.006244787299904872,0.43842730852999745,-0.20654876692346216,1.0,-1.3844930999941185e-10,0.91
2280.0,8.45238214283577e-06,0.006244787299904872,0.43842730852999745,-0.20654876692346216,1.0,-1.3845041427244524e-10,0.91
2280.0010000020266,8.558892364885358e-06,0.00632372308724939,0.40229065143083353,-0.1632546092005741,1.0,1.582498165803538e-11,0.91
2280.002999998629,8.358385486265464e-06,0.006181466356439203,0.5121054090647918,-0.2272856627653514,1.0,-2.294267183802978e-10,0.91
2279.9990000016987,8.558898658428153e-06,0.00632372308724939,0.40229065143083353,-0.1632546092005741,1.0,1.583058664603149e-11,0.909
2280.0,8.50250713074685e-06,0.006328506932918729,0.7456118757255052,-0.3061424647038891,0.9709505944546686,-3.5204748510040463e-10,0.909
2279.997999999672,8.558899376389086e-06,0.00632372308724939,0.40229065143083353,-0.1632546092005741,1.0,1.5827798988719203e-11,0.909
2280.0,8.571426688725393e-06,0.006366028258614162,0.6738870754912698,-0.3128075953238633,0.9709505944546686,-3.6390832687128497e-10,0.909
2279.997999999672,8.477443901402114e-06,0.006303507795372027,0.7523257677706412,-0.3352257292694478,0.9709505944546686,-4.548980569205098e-10,0.909
2279.9989999979734,8.571432826076329e-06,0.006366028258614162,0.6738870754912698,-0.3128075953238633,0.9709505944546686,-3.639133213439128e-10,0.909
2280.002000000328,8.558899058617405e-06,0.00632372308724939,0.40229065143083353,-0.1632546092005741,1.0,1.5811849098272982e-11,0.908
2280.0040000006557,8.558896866332957e-06,0.00632372308724939,0.40229065143083353,-0.1632546092005741,1.0,1.5814853174324063e-11,0.908
2280.0,8.558899023318032e-06,0.00632372308724939,0.40229065143083353,-0.1632546092005741,1.0,1.5822535419283105e-11,0.908
2280.0,8.558900300308657e-06,0.00632372308724939,0.40229065143083353,-0.1632546092005741,1.0,1.582061440508406e-11,0.908
2280.0,8.558896851683405e-06,0.00632372308724939,0.40229065143083353,-0.1632546092005741,1.0,1.582541871634059e-11,0.908
2280.0009999983013,8.558899178838189e-06,0.00632372308724939,0.40229065143083353,-0.1632546092005741,1.0,1.5825268882791248e-11,0.908
2280.0019999966025,8.558900253582449e-06,0.00632372308724939,0.40229065143083353,-0.1632546092005741,1.0,1.582362359223151e-11,0.908
2279.9989999979734,8.558896654364615e-06,0.00632372308724939,0.40229065143083353,-0.1632546092005741,1.0,1.5827599927047325e-11,0.907
2279.997999999672,8.558894020037327e-06,0.00632372308724939,0.40229065143083353,-0.1632546092005741,1.0,1.5819447629316503e-11,0.907
2280.0019999966025,8.558896822149008e-06,0.00632372308724939,0.40229065143083353,-0.1632546092005741,1.0,1.581511082037002e-11,0.907
2159.9989999979734,8.245618005525327e-06,0.00582493129241914,0.6505915479704414,-0.3892234667707008,-0.0,-7.473773830281842e-10,0.907
2159.9989999979734,8.245611736925538e-06,0.00582493129241914,0.6505915479704414,-0.3892234667707008,-0.0,-7.473727304761364e-10,0.907
2160.002000000328,8.245611652285097e-06,0.00582493129241914,0.6505915479704414,-0.3892234667707008,-0.0,-7.473832967558404e-10,0.907
2159.9989999979734,8.245608896312167e-06,0.00582493129241914,0.6505915479704414,-0.3892234667707008,-0.0,-7.473709984963622e-10,0.907
2159.997000001371,8.245619854807522e-06,0.00582493129241914,0.6505915479704414,-0.3892234667707008,-0.0,-7.473794501158446e-10,0.907
2160.0009999983013,8.245615749690753e-06,0.00582493129241914,0.6505915479704414,-0.3892234667707008,-0.0,-7.473670835719862e-10,0.907
2160.0,8.245618786514863e-06,0.00582493129241914,0.6505915479704414,-0.3892234667707008,-0.0,-7.473828012915724e-10,0.906
2159.9989999979734,8.245610731476798e-06,0.00582493129241914,0.6505915479704414,-0.3892234667707008,-0.0,-7.473715238769604e-10,0.906
2160.0010000020266,8.245617986279703e-06,0.00582493129241914,0.6505915479704414,-0.3892234667707008,-0.0,-7.473741505317962e-10,0.906
2160.0010000020266,8.245613438721687e-06,0.00582493129241914,0.6505915479704414,-0.3892234667707008,-0.0,-7.473775304639041e-10,0.906
2160.0,8.377194494434155e-06,0.005956469773594317,0.9404120816994559,-0.506559565661366,-0.0,-1.0084451636630572e-09,0.906
2160.0,8.2456174027683e-06,0.00582493129241914,0.6505915479704414,-0.3892234667707008,-0.0,-7.473802786605047e-10,0.906
2159.997999999672,8.245612251177023e-06,0.00582493129241914,0.6505915479704414,-0.3892234667707008,-0.0,-7.473707498095763e-10,0.906
2160.0,8.245616707674387e-06,0.00582493129241914,0.6505915479704414,-0.3892234667707008,-0.0,-7.473806911616635e-10,0.906
2160.0,8.24561654865599e-06,0.00582493129241914,0.6505915479704414,-0.3892234667707008,-0.0,-7.473761363481845e-10,0.906
2160.002000000328,8.24561429668623e-06,0.00582493129241914,0.6505915479704414,-0.3892234667707008,-0.0,-7.473755063157132e-10,0.905
2159.997999999672,9.210527309659518e-06,0.006420908827840367,0.27967991904771283,-0.20304051431714418,-0.0,-2.1500152043702897e-10,0.901
2160.0,8.91812873189423e-06,0.006202244453204767,0.07788180682827495,0.1896529333692687,-0.0,1.0954716374822541e-09,0.899
2154.657999999821,7.706543569185806e-06,0.005313689313240573,0.18807725694444688,-0.33051424283007624,-0.0,-3.9123295956166935e-10,0.9
2159.9990000016987,8.245620035633345e-06,0.005824931292419152,0.6505915479702669,-0.38922346677043795,-0.0,-7.473767392805965e-10,0.902
2160.0009999983013,8.435672625746526e-06,0.005937294163868244,0.5735391903826015,-0.5008775397237121,-0.0,-1.2132087577646445e-09,0.902
2159.9989999979734,8.377194917650255e-06,0.005956469773594281,0.9404120816994945,-0.5065595656614038,-0.0,-1.0084427240144976e-09,0.902
2160.0,8.435675330851186e-06,0.005937294163868241,0.573539190382609,-0.5008775397237256,-0.0,-1.2132055199500582e-09,0.902
2159.9989999979734,8.42104976784812e-06,0.00590866149832212,0.4948066893735863,-0.43568958899831056,-0.0,-9.521345468241245e-10,0.902
2160.0,8.362572308555367e-06,0.005952050116119216,0.9037151674440671,-0.4737283866468951,-0.0,-1.003319964289536e-09,0.902
2160.0030000023544,8.362571954588557e-06,0.005911135294326748,0.6847515810092433,-0.5566570302693091,-0.0,-1.330940663268422e-09,0.902
2159.997999999672,8.333336289355513e-06,0.0058744167310315785,0.6522689799315451,-0.5279008325299988,-0.0,-1.310460866889541e-09,0.902
2160.0,8.421053392048591e-06,0.005908661498322071,0.4948066893735832,-0.43568958899838234,-0.0,-9.52134076883685e-10,0.902
2159.997999999672,8.37719550757256e-06,0.005956469773594293,0.9404120816996455,-0.5065595656615495,-0.0,-1.0084438912940246e-09,0.902
2160.0,8.37718728068554e-06,0.005958923722437183,0.8630289194740435,-0.4430617026610273,-0.0,-8.548654882685142e-10,0.902
2159.997000001371,8.289477054445805e-06,0.005887840577551958,0.7741961799512866,-0.587720946965284,-0.0,-1.3565356312106573e-09,0.902
2159.9980000033975,8.435675811326839e-06,0.005937294163868313,0.5735391903827001,-0.5008775397238946,-0.0,-1.2132141926905396e-09,0.902
2159.9969999976456,8.333335013320844e-06,0.005874416731031682,0.6522689799316566,-0.5279008325301218,-0.0,-1.310468050505628e-09,0.902
2160.002000000328,8.36257031605672e-06,0.005886350550809727,0.5958833520268199,-0.4963108115958615,-0.0,-1.1773646492854036e-09,0.902
2159.997999999672,8.421054221792949e-06,0.005908661498322169,0.494806689373692,-0.43568958899850574,-0.0,-9.52128715943393e-10,0.902
2159.997999999672,8.494150808329505e-06,0.006012657214878115,0.8367492994840271,-0.5330924091688634,-0.0,-1.1415457899564393e-09,0.902
2159.9990000016987,8.377197986540034e-06,0.005956469773594327,0.9404120816996171,-0.5065595656616081,-0.0,-1.0084458337102043e-09,0.902
2160.0,8.377193951959337e-06,0.005956469773594327,0.9404120816996171,-0.5065595656616081,-0.0,-1.0084437394674996e-09,0.902
2159.9989999979734,8.377191693589768e-06,0.005958923722437196,0.8630289194740519,-0.4430617026610803,-0.0,-8.548730337691546e-10,0.902
2160.0009999983013,8.172508604343898e-06,0.005797256862905364,0.840777688380216,-0.5597805896050319,-0.0,-1.1824877823081521e-09,0.902
2159.9990000016987,8.362571673733788e-06,0.005911135294326846,0.6847515810091513,-0.5566570302691902,-0.0,-1.3309435982895488e-09,0.902
2160.0,8.362573320402616e-06,0.005911135294326846,0.6847515810091513,-0.5566570302691902,-0.0,-1.3309387439196703e-09,0.902
2160.0,8.36257879260951e-06,0.005911135294326846,0.6847515810091513,-0.5566570302691902,-0.0,-1.3309450550883795e-09,0.902
2159.9969999976456,8.435675798519448e-06,0.0059372941638682775,0.5735391903827556,-0.5008775397239281,-0.0,-1.2132002351499038e-09,0.901
2160.002000000328,8.435671746842162e-06,0.0059372941638682775,0.5735391903827556,-0.5008775397239281,-0.0,-1.2132043432160398e-09,0.901
2160.0,8.333331133912169e-06,0.005874416731031675,0.6522689799314718,-0.5279008325298747,-0.0,-1.3104647491780413e-09,0.901
2159.9989999979734,8.362578149245772e-06,0.005886350550809717,0.5958833520270312,-0.49631081159612156,-0.0,-1.1773753292122635e-09,0.901
2159.9989999979734,8.362571842172995e-06,0.005886350550809717,0.5958833520270312,-0.49631081159612156,-0.0,-1.177367272901019e-09,0.901
2160.0,8.362578800276342e-06,0.005886350550809717,0.5958833520270312,-0.49631081159612156,-0.0,-1.1773631791553138e-09,0.901
2160.0,8.421057666455437e-06,0.00590866149832216,0.4948066893735472,-0.43568958899826066,-0.0,-9.521409143370996e-10,0.901
2159.9989999979734,8.421047828787286e-06,0.00590866149832216,0.4948066893735472,-0.43568958899826066,-0.0,-9.521243198397127e-10,0.901
2160.0010000020266,8.36257172760558e-06,0.005881381068665262,0.545070333024416,-0.4193845901047229,-0.0,-8.804657281305076e-10,0.901
2160.002000000328,8.36257082690051e-06,0.005881381068665262,0.545070333024416,-0.4193845901047229,-0.0,-8.80472767918854e-10,0.901
2159.997000001371,8.36257147752455e-06,0.005881381068665262,0.545070333024416,-0.4193845901047229,-0.0,-8.804672749744422e-10,0.901
2160.0010000020266,8.289475597593414e-06,0.005843975255220193,0.6160084155578205,-0.41171867192854394,-0.0,-8.548819367669172e-10,0.901
2159.997999999672,8.24560982864169e-06,0.00582493129241914,0.6505915479702917,-0.38922346677044534,-0.0,-7.473749229700076e-10,0.901
2159.9989999979734,8.377195363924717e-06,0.005956469773594317,0.9404120816994559,-0.506559565661366,-0.0,-1.0084409624349249e-09,0.9
2160.0,8.377185403178903e-06,0.005956469773594317,0.9404120816994559,-0.506559565661366,-0.0,-1.008443755364216e-09,0.901
2160.0,8.377194952279102e-06,0.005956469773594317,0.9404120816994559,-0.506559565661366,-0.0,-1.008442889682607e-09,0.901
2160.002000000328,8.377191753834095e-06,0.005956469773594317,0.9404120816994559,-0.506559565661366,-0.0,-1.0084433696761602e-09,0.9
2160.002000000328,8.391816965028178e-06,0.005963338285622572,0.8918285636150367,-0.49921973591798974,-0.0,-1.1364266381778455e-09,0.9
2160.0010000020266,8.406435886237156e-06,0.005968239526102792,0.8365917101655289,-0.443111601361131,-0.0,-8.958223078845848e-10,0.9
2160.0,8.30409602737585e-06,0.005896276950020643,0.8651840073111003,-0.4627213534919991,-0.0,-9.214133690883263e-10,0.9
2159.9989999979734,8.304091551229717e-06,0.005896276950020643,0.8651840073111003,-0.4627213534919991,-0.0,-9.214148101455236e-10,0.9
2159.997999999672,8.3040970648853e-06,0.005896276950020643,0.8651840073111003,-0.4627213534919991,-0.0,-9.214221833548208e-10,0.9
2159.997999999672,8.172520194229676e-06,0.005797256862905314,0.8407776883803013,-0.5597805896050798,-0.0,-1.1825005585262928e-09,0.9
2159.9990000016987,8.304088354942207e-06,0.005896276950020643,0.8651840073111003,-0.4627213534919991,-0.0,-9.214269422635803e-10,0.9
2159.9989999979734,8.245616405032932e-06,0.005821416398857642,0.7480342096528356,-0.5287561860550888,-0.0,-1.1568918168540077e-09,0.9
2159.997999999672,8.24561782083721e-06,0.005821416398857642,0.7480342096528356,-0.5287561860550888,-0.0,-1.1568972522227325e-09,0.9
2160.002000000328,8.24561404019993e-06,0.005821416398857642,0.7480342096528356,-0.5287561860550888,-0.0,-1.156891566197516e-09,0.9
2160.002000000328,8.24561203060034e-06,0.005821416398857642,0.7480342096528356,-0.5287561860550888,-0.0,-1.1568937165386505e-09,0.9
2160.0010000020266,8.450297287183473e-06,0.005943200941151191,0.5799382589643698,-0.5286212610718259,-0.0,-1.3616511179979725e-09,0.9
2160.0009999983013,8.362572000768425e-06,0.005911135294326796,0.68475158100923,-0.5566570302692372,-0.0,-1.3309391677378093e-09,0.9
2159.9989999979734,8.36257071831648e-06,0.005911135294326796,0.68475158100923,-0.5566570302692372,-0.0,-1.3309370867509568e-09,0.9
2160.0,8.450287859067943e-06,0.005943200941151191,0.5799382589643698,-0.5286212610718259,-0.0,-1.3616525944773013e-09,0.9
2159.9990000016987,8.347950676685447e-06,0.005905691575290382,0.6761724775210745,-0.5286670651010429,-0.0,-1.1824863267145206e-09,0.9
2160.0009999983013,8.435667871289024e-06,0.005937294163868241,0.5735391903827964,-0.5008775397239764,-0.0,-1.2131979405156154e-09,0.9
2159.9989999979734,8.435670589647057e-06,0.005937294163868241,0.5735391903827964,-0.5008775397239764,-0.0,-1.2132018206731329e-09,0.9
2160.0,8.435669559416383e-06,0.005937294163868241,0.5735391903827964,-0.5008775397239764,-0.0,-1.2132005189729779e-09,0.899
2160.0040000006557,8.435673245151258e-06,0.005937294163868241,0.5735391903827964,-0.5008775397239764,-0.0,-1.2132141430697837e-09,0.899
2160.0,8.33333578920114e-06,0.0058744167310316375,0.6522689799315158,-0.5279008325299259,-0.0,-1.3104696100639552e-09,0.899
2160.0030000023544,8.333330345207569e-06,0.0058744167310316375,0.6522689799315158,-0.5279008325299259,-0.0,-1.3104654262992504e-09,0.899
2159.9969999976456,8.435672828797413e-06,0.005937294163868241,0.5735391903827964,-0.5008775397239764,-0.0,-1.213204488862774e-09,0.899
2159.9989999979734,7.543864312092256e-06,0.005421960975395664,0.9790618927021835,-0.36680702021194106,-0.0,-4.197620325836344e-10,0.899
2160.0,8.289473644412983e-06,0.005843975255220157,0.6160084155580079,-0.4117186719288358,-0.0,-8.548648876045055e-10,0.899
2160.0040000006557,8.333331383993147e-06,0.0058744167310316375,0.6522689799315158,-0.5279008325299259,-0.0,-1.3104669309636328e-09,0.899
2159.9989999979734,8.24561928540594e-06,0.005821416398857596,0.7480342096526442,-0.5287561860549067,-0.0,-1.1569030929882604e-09,0.899
2159.9989999979734,8.421054642431868e-06,0.005908661498322071,0.4948066893735832,-0.43568958899838234,-0.0,-9.52134761983693e-10,0.898
2160.0010000020266,8.377194881741398e-06,0.005956469773594293,0.9404120816996455,-0.5065595656615495,-0.0,-1.0084493983686751e-09,0.899
2160.0,8.24561475580393e-06,0.0058214163988576885,0.7480342096527228,-0.5287561860549834,-0.0,-1.1568976575171164e-09,0.899
2160.002000000328,8.435666404166977e-06,0.005937294163868313,0.5735391903827001,-0.5008775397238946,-0.0,-1.2132005230846472e-09,0.899
2160.0,8.333328671623676e-06,0.005874416731031682,0.6522689799316566,-0.5279008325301218,-0.0,-1.310462373754229e-09,0.899
2160.0009999983013,7.938592146274892e-06,0.005610141193457289,0.6641778801877543,-0.4541313217634393,-0.0,-8.241614737114127e-10,0.898
2159.9980000033975,8.318712589734363e-06,0.005848976518655953,0.6334391460726416,-0.47275935579861167,-0.0,-1.0391519246836262e-09,0.899
2160.0010000020266,8.421045378056897e-06,0.005908661498322071,0.4948066893735832,-0.43568958899838234,-0.0,-9.52130175993555e-10,0.898
2159.9989999979734,8.347953850727353e-06,0.0059461521294193785,0.9495170168106521,-0.48062740641801055,-0.0,-8.753559820844025e-10,0.898
2159.9990000016987,8.245608746259902e-06,0.0058214163988576885,0.7480342096527228,-0.5287561860549834,-0.0,-1.156891262212756e-09,0.898
2160.002000000328,8.435671045770882e-06,0.005937294163868313,0.5735391903827001,-0.5008775397238946,-0.0,-1.213204479868835e-09,0.898
2160.0,8.333328819107591e-06,0.005874416731031682,0.6522689799316566,-0.5279008325301218,-0.0,-1.3104658965034048e-09,0.898
2159.997999999672,8.42105345488449e-06,0.005908661498322169,0.494806689373692,-0.43568958899850574,-0.0,-9.52130225484775e-10,0.898
2160.0009999983013,8.42104843155874e-06,0.005908661498322169,0.494806689373692,-0.43568958899850574,-0.0,-9.521376672760586e-10,0.898
2160.0010000020266,8.245614919935483e-06,0.005824931292419152,0.6505915479704147,-0.38922346677069347,-0.0,-7.47374518916493e-10,0.898
2159.9990000016987,8.377190503453256e-06,0.005956469773594327,0.9404120816996171,-0.5065595656616081,-0.0,-1.0084454932489147e-09,0.898
2160.0009999983013,8.362578857583271e-06,0.005881381068665256,0.5450703330244315,-0.41938459010472345,-0.0,-8.804723282902918e-10,0.898
2160.0,8.245608194809795e-06,0.005824931292419152,0.6505915479704147,-0.38922346677069347,-0.0,-7.473732765578612e-10,0.898
2160.0,8.377200078198119e-06,0.005956469773594327,0.9404120816996171,-0.5065595656616081,-0.0,-1.0084450865444807e-09,0.898
2160.0,8.421050546292669e-06,0.005974605127767754,0.7991303525240303,-0.41267292649819276,-0.0,-7.473808948114047e-10,0.898
2159.9990000016987,8.17252108895749e-06,0.005797256862905364,0.840777688380216,-0.5597805896050319,-0.0,-1.1824921337893426e-09,0.898
2160.0010000020266,8.245617392522357e-06,0.005821416398857693,0.7480342096525514,-0.5287561860547855,-0.0,-1.1569020981148004e-09,0.898
2160.0,8.318717097124994e-06,0.005848976518656046,0.6334391460725719,-0.47275935579849193,-0.0,-1.039157398831768e-09,0.898
2160.002000000328,8.435663393422079e-06,0.0059372941638682775,0.5735391903827556,-0.5008775397239281,-0.0,-1.2132035520216617e-09,0.898
2159.997999999672,8.435676396139427e-06,0.0059372941638682775,0.5735391903827556,-0.5008775397239281,-0.0,-1.213209354561046e-09,0.898
2160.0,8.3333405534775e-06,0.005874416731031675,0.6522689799314718,-0.5279008325298747,-0.0,-1.3104707522011317e-09,0.897
2160.002000000328,8.333331185191198e-06,0.005874416731031675,0.6522689799314718,-0.5279008325298747,-0.0,-1.3104684690155741e-09,0.897
2160.0030000023544,8.421045251087096e-06,0.005908661498322125,0.4948066893737413,-0.4356895889985484,-0.0,-9.521281635209418e-10,0.897
2159.997999999672,8.304098924017927e-06,0.005896276950020643,0.8651840073112775,-0.46272135349225185,-0.0,-9.214289018206623e-10,0.897
2160.0,8.362573077595195e-06,0.005886350550809677,0.5958833520268874,-0.49631081159591944,-0.0,-1.1773691223550134e-09,0.897
2160.0,8.362570161727206e-06,0.005881381068665221,0.545070333024456,-0.4193845901047736,-0.0,-8.804681299552298e-10,0.883
2040.0,8.316137120240478e-06,0.005627023964122587,0.9338939011303742,-0.6477778365771776,-0.0,-1.7110266800241956e-09,0.882
2040.0020000003278,8.023740343173127e-06,0.0054042466961585905,0.8538954960656846,-0.6115812503547512,-0.0,-1.5318660137585985e-09,0.884
2160.0,8.26023389673487e-06,0.005817396777181153,0.5673999718959539,-0.2771978287721941,-0.0,-3.634499375350674e-10,0.885
2159.997000001371,8.31872646882885e-06,0.005848976518655953,0.6334391460726416,-0.47275935579861167,-0.0,-1.0391582880239253e-09,0.886
2160.0,8.304092446371473e-06,0.005819909366067407,0.578859644814206,-0.43760984060321373,-0.0,-9.316629324106002e-10,0.887
2160.0010000020266,8.421062104977653e-06,0.005908661498322071,0.4948066893735832,-0.43568958899838234,-0.0,-9.521247002597654e-10,0.887
2159.997999999672,8.245611481713639e-06,0.005824931292419057,0.6505915479703077,-0.3892234667705638,-0.0,-7.473754202241291e-10,0.888
2160.0009999983013,8.187139901999116e-06,0.005791201230824727,0.6502859534565859,-0.30432340397966035,-0.0,-3.890470435053118e-10,0.888
2159.9989999979734,8.260235392913231e-06,0.005817396777181118,0.5673999718957985,-0.27719782877199745,-0.0,-3.634434659786392e-10,0.888
2160.0030000023544,8.377193615956275e-06,0.005920526292395597,0.7776144807588765,-0.43341857452147886,-0.0,-8.958344378917546e-10,0.889
2159.9969999976456,8.991228916562305e-06,0.006257159641852331,0.30783263735572675,-0.4512730575493378,-0.0,-1.2643850837044287e-09,0.889
2160.0,8.143271869521128e-06,0.0057374322353270744,0.6236742832873325,-0.3260465081296028,-0.0,-5.375052296723422e-10,0.89
2159.997999999672,8.245613184812233e-06,0.005800786395568865,0.6306841480265102,-0.4372306602926523,-0.0,-8.497590574244926e-10,0.89
2159.9989999979734,8.187129447930451e-06,0.005791201230824727,0.6502859534565859,-0.30432340397966035,-0.0,-3.8904375289560063e-10,0.89
2160.0,8.362576901841164e-06,0.0059160797830996315,0.7719887955182201,-0.40482178587843815,-0.0,-7.47369814469646e-10,0.89
2160.0,8.3187108622662e-06,0.005848976518656043,0.633439146072722,-0.47275935579868883,-0.0,-1.0391595147722532e-09,0.89
2159.9990000016987,8.362573635006919e-06,0.005886350550809727,0.5958833520268199,-0.4963108115958615,-0.0,-1.1773589062234183e-09,0.89
2159.9990000016987,8.421054423121557e-06,0.005908661498322169,0.494806689373692,-0.43568958899850574,-0.0,-9.521406004163884e-10,0.89
2160.0,8.421055801763146e-06,0.005908661498322169,0.494806689373692,-0.43568958899850574,-0.0,-9.521341183436093e-10,0.891
2160.0009999983013,8.362573270800607e-06,0.005881381068665256,0.5450703330244315,-0.41938459010472345,-0.0,-8.804688511795165e-10,0.891
2160.0009999983013,8.245608455158729e-06,0.005824931292419152,0.6505915479704147,-0.38922346677069347,-0.0,-7.473741521518402e-10,0.891
2160.002000000328,9.385963452829672e-06,0.006540919333778302,0.26565549574752767,-0.43573184300668744,-0.0,-1.4947477392256434e-09,0.891
2160.002000000328,8.245613469511139e-06,0.005824931292419057,0.6505915479703077,-0.3892234667705638,-0.0,-7.473758290037867e-10,0.891
2160.0,8.070177245544772e-06,0.005711381885405244,0.710715517883449,-0.35428070343735274,-0.0,-5.630912711516968e-10,0.891
2159.9990000016987,8.230995041197081e-06,0.0058163914377150966,0.7396068019938782,-0.5001022564649849,-0.0,-1.008448481944391e-09,0.891
2160.0,8.216374707157342e-06,0.00578564466680476,0.7169484358557496,-0.4999968816141229,-0.0,-1.1364161536466178e-09,0.891
2159.9990000016987,8.421053681895256e-06,0.005907176723453064,0.5189750932051806,-0.4658020179345407,-0.0,-1.1057097281734286e-09,0.891
2159.9990000016987,8.421053816551143e-06,0.005908661498322169,0.494806689373692,-0.43568958899850574,-0.0,-9.521378645273935e-10,0.891
2160.0,8.362574528057179e-06,0.005881381068665256,0.5450703330244315,-0.41938459010472345,-0.0,-8.804720021549038e-10,0.891
2160.0010000020266,8.24561898403892e-06,0.005824931292419152,0.6505915479704147,-0.38922346677069347,-0.0,-7.473755641044261e-10,0.891
2160.0010000020266,8.24561185619817e-06,0.005824931292419152,0.6505915479704147,-0.38922346677069347,-0.0,-7.473726411639786e-10,0.891
2160.002000000328,8.245612024203877e-06,0.005824931292419152,0.6505915479704147,-0.38922346677069347,-0.0,-7.473674833163664e-10,0.891
2159.997999999672,8.362573045544699e-06,0.005881381068665256,0.5450703330244315,-0.41938459010472345,-0.0,-8.804682663619414e-10,0.891
2160.0,8.245617778525994e-06,0.005824931292419152,0.6505915479704147,-0.38922346677069347,-0.0,-7.47375249665707e-10,0.891
2160.0010000020266,8.362570007828082e-06,0.005886350550809727,0.5958833520268199,-0.4963108115958615,-0.0,-1.1773711705545378e-09,0.891
2160.0,8.24561642552275e-06,0.0058214163988576885,0.7480342096527228,-0.5287561860549834,-0.0,-1.1569018535477747e-09,0.891
2159.9990000016987,8.318712965064717e-06,0.005848976518656043,0.633439146072722,-0.47275935579868883,-0.0,-1.0391525827107997e-09,0.891
2160.0,8.362573641442899e-06,0.005886350550809727,0.5958833520268199,-0.4963108115958615,-0.0,-1.1773696564870981e-09,0.891
2159.9989999979734,8.421056487865976e-06,0.005908661498322169,0.494806689373692,-0.43568958899850574,-0.0,-9.521320234597576e-10,0.891
2160.0,8.421050746363374e-06,0.005908661498322169,0.494806689373692,-0.43568958899850574,-0.0,-9.521464427114667e-10,0.891
2159.9990000016987,8.28947216319805e-06,0.005843975255220204,0.6160084155577947,-0.4117186719285364,-0.0,-8.548700876539806e-10,0.891
2160.0010000020266,8.318707321459262e-06,0.005862957360057147,0.5766118909960296,-0.3967385642608136,-0.0,-7.72963814651738e-10,0.891
2160.0,8.742694456823499e-06,0.0062097828874101806,0.7109906155654975,-0.08604314752950667,-0.0,1.2285178154621645e-10,0.891
2159.997999999672,8.421054188439339e-06,0.005908661498322071,0.4948066893735832,-0.43568958899838234,-0.0,-9.521406737921058e-10,0.891
2159.9990000016987,8.172517134324106e-06,0.005783622774495258,0.6868580199879908,-0.3353932696955775,-0.0,-5.374964569512722e-10,0.891
2160.0,8.24561534699767e-06,0.005824931292419057,0.6505915479703077,-0.3892234667705638,-0.0,-7.473693752457231e-10,0.891
2159.997999999672,8.274859973542745e-06,0.00586794244501526,0.9098582183456196,-0.4467483092982057,-0.0,-7.985579479109993e-10,0.891
2160.0,8.318714038908838e-06,0.005848976518656043,0.633439146072722,-0.47275935579868883,-0.0,-1.0391603079236084e-09,0.891
2160.0009999983013,8.362565875805365e-06,0.005886350550809727,0.5958833520268199,-0.4963108115958615,-0.0,-1.1773733118827066e-09,0.891
2160.0,8.42105314455096e-06,0.005907176723453064,0.5189750932051806,-0.4658020179345407,-0.0,-1.1057066713043962e-09,0.891
2159.9989999979734,8.42105407175071e-06,0.005908661498322169,0.494806689373692,-0.43568958899850574,-0.0,-9.521333738878269e-10,0.891
2160.0010000020266,8.362567672511764e-06,0.005881381068665256,0.5450703330244315,-0.41938459010472345,-0.0,-8.804682943428264e-10,0.891
2159.9989999979734,8.318709980407614e-06,0.005862957360057147,0.5766118909960296,-0.3967385642608136,-0.0,-7.729725395213465e-10,0.891
2159.997999999672,8.245615908713011e-06,0.005824931292419152,0.6505915479704147,-0.38922346677069347,-0.0,-7.473764097224489e-10,0.891
2160.0010000020266,8.245614014538463e-06,0.005824931292419152,0.6505915479704147,-0.38922346677069347,-0.0,-7.473841246613672e-10,0.891
2160.0010000020266,8.21636526920194e-06,0.005814883102614906,0.6624332972817069,-0.3619726028681406,-0.0,-6.142772260824916e-10,0.891
2160.002000000328,8.23098727213751e-06,0.005823425169241446,0.6222665259851583,-0.33095640155118755,-0.0,-4.658287067745537e-10,0.891
2159.997000001371,8.18713538136285e-06,0.005791201230824814,0.6502859534565752,-0.3043234039795366,-0.0,-3.890434862364152e-10,0.891
2159.997999999672,8.31871834280578e-06,0.005921513952139299,0.9301988885276238,-0.42488154564600705,-0.0,-6.501141292837397e-10,0.891
2159.997000001371,8.494148726496712e-06,0.005999025261954429,0.7155174085123481,-0.3844035755643364,-0.0,-7.217815270347892e-10,0.891
2159.997999999672,8.37719208343865e-06,0.005920526292395602,0.7776144807585768,-0.4334185745210306,-0.0,-8.958257192369407e-10,0.891
2160.002999998629,8.377198026290315e-06,0.005920526292395602,0.7776144807585768,-0.4334185745210306,-0.0,-8.958356665928744e-10,0.891
2160.0009999983013,8.245609020716321e-06,0.005821416398857693,0.7480342096525514,-0.5287561860547855,-0.0,-1.15689863257718e-09,0.891
2159.9990000016987,8.230995318623714e-06,0.005816391437715099,0.7396068019939102,-0.5001022564650432,-0.0,-1.0084477416842721e-09,0.89
2159.9989999979734,8.23099463166373e-06,0.005816391437715099,0.7396068019939102,-0.5001022564650432,-0.0,-1.008453226327171e-09,0.89
2160.0010000020266,8.318707317156118e-06,0.005848976518656046,0.6334391460725719,-0.47275935579849193,-0.0,-1.039152435989e-09,0.89
2160.0,8.318712286238284e-06,0.005848976518656046,0.6334391460725719,-0.47275935579849193,-0.0,-1.039152345982346e-09,0.89
2160.0010000020266,8.318711957500008e-06,0.005848976518656046,0.6334391460725719,-0.47275935579849193,-0.0,-1.0391545094249462e-09,0.89
2159.9980000033975,8.318715690703132e-06,0.005848976518656046,0.6334391460725719,-0.47275935579849193,-0.0,-1.0391549529746972e-09,0.89
2159.9969999976456,8.318713205321541e-06,0.005848976518656046,0.6334391460725719,-0.47275935579849193,-0.0,-1.0391528429039405e-09,0.89
2160.0010000020266,8.318714123537889e-06,0.005848976518656046,0.6334391460725719,-0.47275935579849193,-0.0,-1.039161259378115e-09,0.89
2159.9989999979734,8.318716739734706e-06,0.005848976518656046,0.6334391460725719,-0.47275935579849193,-0.0,-1.0391611852850574e-09,0.89
2160.0,8.318708002010679e-06,0.005848976518656046,0.6334391460725719,-0.47275935579849193,-0.0,-1.0391555012538317e-09,0.89
2160.002999998629,8.362574631470083e-06,0.005886350550809717,0.5958833520270312,-0.49631081159612156,-0.0,-1.1773741272497378e-09,0.89
2160.0010000020266,8.333336020036058e-06,0.005874416731031675,0.6522689799314718,-0.5279008325298747,-0.0,-1.310468998328302e-09,0.89
2160.0,8.362569417485195e-06,0.005886350550809717,0.5958833520270312,-0.49631081159612156,-0.0,-1.1773614564465295e-09,0.89
2159.9990000016987,8.362577873087509e-06,0.005886350550809717,0.5958833520270312,-0.49631081159612156,-0.0,-1.1773732390299703e-09,0.89
2160.002000000328,8.36257654829614e-06,0.005886350550809717,0.5958833520270312,-0.49631081159612156,-0.0,-1.1773758842316653e-09,0.89
2160.0,8.36257042120826e-06,0.005886350550809717,0.5958833520270312,-0.49631081159612156,-0.0,-1.1773700160669757e-09,0.89
2160.0,8.362572662511411e-06,0.005886350550809717,0.5958833520270312,-0.49631081159612156,-0.0,-1.1773670399948354e-09,0.89
2159.9969999976456,8.362570481916368e-06,0.005886350550809717,0.5958833520270312,-0.49631081159612156,-0.0,-1.1773678350045814e-09,0.89
2160.002000000328,8.362572709520167e-06,0.005886350550809717,0.5958833520270312,-0.49631081159612156,-0.0,-1.1773659634534247e-09,0.89
2160.0,8.421053233020156e-06,0.00590866149832216,0.4948066893735472,-0.43568958899826066,-0.0,-9.521403439374478e-10,0.89
2160.0,8.42105207626541e-06,0.00590866149832216,0.4948066893735472,-0.43568958899826066,-0.0,-9.521350318340676e-10,0.89
2160.0,8.42105174665519e-06,0.00590866149832216,0.4948066893735472,-0.43568958899826066,-0.0,-9.521321752088964e-10,0.89
2160.0009999983013,8.421054156372095e-06,0.00590866149832216,0.4948066893735472,-0.43568958899826066,-0.0,-9.521324644459596e-10,0.89
2160.0,8.421046092368623e-06,0.00590866149832216,0.4948066893735472,-0.43568958899826066,-0.0,-9.521355285117421e-10,0.889
2159.9990000016987,8.421058827064567e-06,0.00590866149832216,0.4948066893735472,-0.43568958899826066,-0.0,-9.521361662341543e-10,0.89
2159.9980000033975,8.421048602125806e-06,0.00590866149832216,0.4948066893735472,-0.43568958899826066,-0.0,-9.521346646989837e-10,0.89
2160.0009999983013,8.421044833023957e-06,0.00590866149832216,0.4948066893735472,-0.43568958899826066,-0.0,-9.521340182999685e-10,0.89
2159.997999999672,8.421057207340125e-06,0.00590866149832216,0.4948066893735472,-0.43568958899826066,-0.0,-9.521420243309068e-10,0.889
2159.9990000016987,8.421050675837295e-06,0.00590866149832216,0.4948066893735472,-0.43568958899826066,-0.0,-9.521331055492225e-10,0.889
2160.0009999983013,8.362569331158373e-06,0.005881381068665262,0.545070333024416,-0.4193845901047229,-0.0,-8.80471760186405e-10,0.889
2159.9989999979734,8.421054332095351e-06,0.00590866149832216,0.4948066893735472,-0.43568958899826066,-0.0,-9.521365705424392e-10,0.889
2160.0,8.289471371944485e-06,0.005843975255220193,0.6160084155578205,-0.41171867192854394,-0.0,-8.548685747253831e-10,0.889
2160.0,8.36257551511183e-06,0.005881381068665262,0.545070333024416,-0.4193845901047229,-0.0,-8.804720303041258e-10,0.889
2160.0019999966025,8.362569364074605e-06,0.005881381068665262,0.545070333024416,-0.4193845901047229,-0.0,-8.804650986665039e-10,0.889
2159.997999999672,8.362570340002305e-06,0.005881381068665262,0.545070333024416,-0.4193845901047229,-0.0,-8.80469062536668e-10,0.889
2160.0009999983013,8.289471029541832e-06,0.005843975255220193,0.6160084155578205,-0.41171867192854394,-0.0,-8.548742315739688e-10,0.889
2160.0,8.421053538244465e-06,0.005907176723453053,0.5189750932052068,-0.46580201793454784,-0.0,-1.1057077643582395e-09,0.889
2159.9980000033975,8.421055505527952e-06,0.00590866149832216,0.4948066893735472,-0.43568958899826066,-0.0,-9.521330039141678e-10,0.889
2160.0,8.421055573497069e-06,0.00590866149832216,0.4948066893735472,-0.43568958899826066,-0.0,-9.521385607766506e-10,0.889
2320.64999999851,9.242911753309888e-06,0.006664842074324385,0.764801980338798,-0.8904656445972955,3.988840345139913,-3.0235124225561114e-09,0.898
2340.6410000026226,9.136665404540844e-06,0.006648893384114022,0.7800033218433855,-0.88157347525373,3.998171416232532,-2.8944454318239764e-09,0.899
2350.6359999999404,9.192462588478252e-06,0.006715360693149048,0.758917640846807,-0.8780302067862548,4.010473285198206,-2.917451115671708e-09,0.9
2350.6359999999404,9.192462588478252e-06,0.006715360693149048,0.758917640846807,-0.8780302067862548,4.010473285198206,-2.917451115671708e-09,0.9
2330.4539999999106,8.286835944877476e-06,0.005863223426061154,0.2715629519210414,-0.2284537824903146,3.9923577183742327,-2.1607955010640813e-10,0.911
2330.4539999999106,8.286835944877476e-06,0.005863223426061154,0.2715629519210414,-0.2284537824903146,3.9923577183742327,-2.1607955010640813e-10,0.911
2380.478000000119,8.904809652088307e-06,0.006538765836824494,0.6331552140570782,-0.7246676335429899,4.03862663595962,-2.1186572570706246e-09,0.912
2380.478000000119,8.904809652088307e-06,0.006538765836824494,0.6331552140570782,-0.7246676335429899,4.03862663595962,-2.1186572570706246e-09,0.912
2159.9989999979734,8.216375503992547e-06,0.00578564466680476,0.7169484358557496,-0.4999968816141229,-0.0,-1.1364164108581772e-09,0.903
2160.0010000020266,8.245614740414955e-06,0.005798265520044401,0.6585348833531772,-0.4681039000130202,-0.0,-1.0033236883265711e-09,0.902
2159.9989999979734,8.304090809122622e-06,0.005821918656431514,0.5540689338117524,-0.40697623506053504,-0.0,-7.780819514613289e-10,0.902
2160.0,8.24561329638147e-06,0.005824931292419152,0.6505915479704147,-0.38922346677069347,-0.0,-7.473757959469409e-10,0.902
2159.9990000016987,8.245617675937504e-06,0.005824931292419152,0.6505915479704147,-0.38922346677069347,-0.0,-7.473771454610843e-10,0.901
2159.9990000016987,8.245613454132527e-06,0.005824931292419152,0.6505915479704147,-0.38922346677069347,-0.0,-7.473720670721635e-10,0.901
2159.997999999672,7.93859769926993e-06,0.005610141193457222,0.6641778801878093,-0.4541313217635186,-0.0,-8.241541877466347e-10,0.901
2159.9990000016987,7.89473412328799e-06,0.005567764362829953,0.6515680153433485,-0.4208966755274014,-0.0,-7.473694770806722e-10,0.9
2159.9959999993443,8.245619880454785e-06,0.005794734451933152,0.607327920997371,-0.3899462360492733,-0.0,-7.064194180016454e-10,0.9
2160.002000000328,8.070174956384066e-06,0.005711381885405283,0.7107155178833655,-0.35428070343701,-0.0,-5.630883051355765e-10,0.9
2160.0009999983013,8.114032901114168e-06,0.005669246058974062,0.366339821180131,-0.3512910420628396,-0.0,-7.42257833892489e-10,0.899
2159.9990000016987,8.245615988234328e-06,0.005824931292419105,0.6505915479703228,-0.3892234667704831,-0.0,-7.473725630872681e-10,0.899
2159.997999999672,7.938599897396831e-06,0.0056101411934572675,0.6641778801881619,-0.45413132176398624,-0.0,-8.241596206403664e-10,0.899
2160.0009999983013,7.997073475587071e-06,0.0056319888357145905,0.565029481009943,-0.3938538764529731,-0.0,-6.501136629923121e-10,0.899
2160.0,8.245612355072502e-06,0.005798265520044367,0.6585348833532665,-0.46810390001311947,-0.0,-1.0033219659728636e-09,0.899
2160.0009999983013,8.1725138764749e-06,0.005757273558761049,0.6824325327422391,-0.38164365956109736,-0.0,-6.808263005988879e-10,0.898
2159.9989999979734,8.245621882367078e-06,0.0058249312924190935,0.6505915479704867,-0.3892234667707586,-0.0,-7.47380008084581e-10,0.898
2160.0,8.24560986970138e-06,0.0058249312924190935,0.6505915479704867,-0.3892234667707586,-0.0,-7.473748474548566e-10,0.898
2159.9989999979734,8.070175232118442e-06,0.00571138188540527,0.710715517883393,-0.35428070343702767,-0.0,-5.63088889304134e-10,0.898
2160.0,7.997079240178492e-06,0.00563198883571457,0.565029481009721,-0.3938538764527678,-0.0,-6.501129003294464e-10,0.898
2159.9990000016987,8.245615622746616e-06,0.005798265520044305,0.6585348833531137,-0.46810390001294244,-0.0,-1.0033224481634077e-09,0.897
2159.9989999979734,8.30409185474737e-06,0.005821918656431427,0.5540689338118225,-0.4069762350607123,-0.0,-7.780848557630745e-10,0.897
2159.9990000016987,8.245616590982715e-06,0.005824931292419029,0.6505915479703561,-0.3892234667705873,-0.0,-7.473731941603239e-10,0.897
2160.0,8.187135836659088e-06,0.005791201230824697,0.6502859534566339,-0.3043234039796842,-0.0,-3.890502693583193e-10,0.897
2160.0,8.07017609134939e-06,0.005711381885405214,0.7107155178832216,-0.35428070343685725,-0.0,-5.630870898321709e-10,0.897
2159.9990000016987,8.143272855723596e-06,0.005737432235327045,0.6236742832873783,-0.3260465081296283,-0.0,-5.374929488344976e-10,0.897
2160.0,7.997078795594578e-06,0.005631988835714549,0.5650294810098937,-0.3938538764530648,-0.0,-6.50116291256925e-10,0.897
2160.002999998629,8.026313028351321e-06,0.005700620670014073,0.9696855709406407,-0.5445303824059657,-0.0,-1.008444862228377e-09,0.896
2160.0009999983013,8.245619108437009e-06,0.0057982655200444,0.6585348833529983,-0.4681039000127634,-0.0,-1.0033276331048672e-09,0.889
2160.0,8.304097127308477e-06,0.005821918656431514,0.5540689338117524,-0.40697623506053504,-0.0,-7.780920719211471e-10,0.896
2159.9990000016987,8.289473217389875e-06,0.005843975255220204,0.6160084155577947,-0.4117186719285364,-0.0,-8.54874825726009e-10,0.896
2160.0,8.245606444281563e-06,0.005824931292419152,0.6505915479702669,-0.38922346677043795,-0.0,-7.473770953821169e-10,0.896
2160.0009999983013,8.12865152180829e-06,0.005765900973402866,0.7536665551413422,-0.3658172208760121,-0.0,-6.449908747334842e-10,0.896
2160.0,8.18713231419614e-06,0.005791201230824814,0.6502859534566925,-0.3043234039797936,-0.0,-3.89044294119275e-10,0.896
2160.0,8.143278907180503e-06,0.0057374322353271265,0.6236742832873539,-0.3260465081295106,-0.0,-5.374913978398777e-10,0.896
2160.0,7.997077287441546e-06,0.005631988835714629,0.5650294810098551,-0.39385387645294656,-0.0,-6.501173619287415e-10,0.895
2159.9990000016987,7.997079188025467e-06,0.005631988835714629,0.5650294810098551,-0.39385387645294656,-0.0,-6.501129475802247e-10,0.895
2159.9989999979734,8.216377139964702e-06,0.005785644666804757,0.7169484358553908,-0.4999968816136756,-0.0,-1.1364144421521318e-09,0.895
2160.0,8.245615158492823e-06,0.0057982655200443925,0.6585348833532114,-0.46810390001308805,-0.0,-1.0033219916556322e-09,0.895
2159.9989999979734,8.304096158213283e-06,0.005819909366067459,0.5788596448142025,-0.43760984060312547,-0.0,-9.31658978392205e-10,0.895
2159.997999999672,8.304095537938613e-06,0.005821918656431506,0.5540689338116227,-0.40697623506034614,-0.0,-7.780902243812597e-10,0.895
2159.997000001371,8.421051528650968e-06,0.005908661498322125,0.4948066893737413,-0.4356895889985484,-0.0,-9.52134410105331e-10,0.895
2160.0,8.2894695188227e-06,0.005843975255220157,0.6160084155580079,-0.4117186719288358,-0.0,-8.548774858587486e-10,0.895
2160.0009999983013,8.245612588468865e-06,0.005824931292419105,0.6505915479704725,-0.38922346677073844,-0.0,-7.473739058901318e-10,0.895
2159.9990000016987,8.245608411546243e-06,0.005824931292419105,0.6505915479704725,-0.38922346677073844,-0.0,-7.47378572159067e-10,0.894
2160.0010000020266,8.128652311815692e-06,0.005765900973402818,0.7536665551412636,-0.36581722087580115,-0.0,-6.449910767062242e-10,0.894
2160.0030000023544,8.187129137994113e-06,0.005791201230824763,0.650285953456637,-0.30432340397958313,-0.0,-3.8904244519654185e-10,0.894
2159.9989999979734,8.187133149901447e-06,0.005791201230824763,0.650285953456637,-0.30432340397958313,-0.0,-3.8904827101726213e-10,0.894
2159.9990000016987,8.1432725402301e-06,0.005737432235327112,0.6236742832873916,-0.3260465081295196,-0.0,-5.374934269600289e-10,0.894
2159.9990000016987,8.14327771448496e-06,0.005737432235327112,0.6236742832873916,-0.3260465081295196,-0.0,-5.374952129231499e-10,0.894
2159.9969999976456,8.128664380057035e-06,0.005733863704558735,0.6198018900306388,-0.2960758131761786,-0.0,-3.890452377590533e-10,0.894
2159.9990000016987,7.997079209391567e-06,0.005631988835714612,0.5650294810098946,-0.3938538764529573,-0.0,-6.501129788944602e-10,0.894
2159.9989999979734,8.084793630503464e-06,0.005666666666666678,0.4605801851876321,-0.36853007028164875,-0.0,-6.808256800706984e-10,0.893
2159.9989999979734,8.216375472330637e-06,0.005785644666804754,0.7169484358555884,-0.49999688161394773,-0.0,-1.1364102528433714e-09,0.894
2160.0,8.245611344486617e-06,0.005798265520044389,0.65853488335304,-0.46810390001284585,-0.0,-1.0033246355044109e-09,0.893
2159.9990000016987,8.245609351587944e-06,0.005798265520044389,0.65853488335304,-0.46810390001284585,-0.0,-1.0033269221678284e-09,0.893
2160.0010000020266,8.245611424006084e-06,0.005798265520044389,0.65853488335304,-0.46810390001284585,-0.0,-1.0033258582691513e-09,0.893
2159.997999999672,8.30409358518736e-06,0.005819909366067454,0.5788596448142123,-0.4376098406031404,-0.0,-9.3165943383924e-10,0.893
2159.9989999979734,8.304096389009174e-06,0.005821918656431503,0.554068933811783,-0.4069762350606165,-0.0,-7.780926763585866e-10,0.893
2160.0009999983013,8.304086910049392e-06,0.005821918656431503,0.554068933811783,-0.4069762350606165,-0.0,-7.780887563569675e-10,0.893
2160.0,8.304094170843494e-06,0.005821918656431503,0.554068933811783,-0.4069762350606165,-0.0,-7.780876614672377e-10,0.893
2159.9959999993443,8.421052885477726e-06,0.00590866149832212,0.4948066893735863,-0.43568958899831056,-0.0,-9.521421939015643e-10,0.893
2159.9959999993443,8.421058290986917e-06,0.00590866149832212,0.4948066893735863,-0.43568958899831056,-0.0,-9.521278002972989e-10,0.893
2160.0009999983013,8.362569812044551e-06,0.005881381068665221,0.545070333024456,-0.4193845901047736,-0.0,-8.804731365199773e-10,0.893
2159.9990000016987,8.245608066574668e-06,0.005824931292419117,0.6505915479702908,-0.3892234667704856,-0.0,-7.473723611171455e-10,0.893
2159.997000001371,8.245621179565593e-06,0.005824931292419117,0.6505915479702908,-0.3892234667704856,-0.0,-7.473743660294792e-10,0.892
2159.997999999672,8.245617125769034e-06,0.005824931292419117,0.6505915479702908,-0.3892234667704856,-0.0,-7.473737465207209e-10,0.892
2160.002000000328,8.245618054249923e-06,0.005824931292419117,0.6505915479702908,-0.3892234667704856,-0.0,-7.473686052630207e-10,0.892
2159.997999999672,8.245616178025355e-06,0.005824931292419117,0.6505915479702908,-0.3892234667704856,-0.0,-7.473747844761403e-10,0.892
2160.0009999983013,8.245617633623317e-06,0.005824931292419117,0.6505915479702908,-0.3892234667704856,-0.0,-7.473760233021814e-10,0.892
2160.0,8.245614303100982e-06,0.005824931292419117,0.6505915479702908,-0.3892234667704856,-0.0,-7.473769915230808e-10,0.892
2160.0,8.260229382511772e-06,0.005832957381368851,0.5965473556056038,-0.3319053442434518,-0.0,-5.067902475398245e-10,0.892
2159.997999999672,8.245615457295047e-06,0.005824931292419117,0.6505915479702908,-0.3892234667704856,-0.0,-7.473707402710991e-10,0.892
2159.9990000016987,8.187132324872517e-06,0.00579120123082475,0.6502859534566645,-0.3043234039795997,-0.0,-3.890416094680397e-10,0.892
2160.0,8.27485934857193e-06,0.0058409724416681975,0.5596913130906938,-0.3011103314939568,-0.0,-3.5833868215700847e-10,0.892
2159.997999999672,8.187131185645683e-06,0.00579120123082475,0.6502859534566645,-0.3043234039795997,-0.0,-3.8903975474840436e-10,0.892
2159.9990000016987,8.187136082448867e-06,0.00579120123082475,0.6502859534566645,-0.3043234039795997,-0.0,-3.890424685120507e-10,0.875
2159.997999999672,8.888887339666492e-06,0.00642819083622293,1.1875056801973427,-0.9161190158128236,-0.0,-2.8154558619442002e-09,0.874
2040.0,7.903337058230444e-06,0.0053164561394177705,0.9125930000511793,-0.5507803911284112,-0.0,-1.1556164920002134e-09,0.876
2039.9979999996722,7.86033800967426e-06,0.005297674912367131,0.9461164168155052,-0.5250851302494546,-0.0,-1.0167541252350075e-09,0.877
2040.0,7.989339689236979e-06,0.0053885014347606975,0.8431436313881893,-0.5512321326874361,-0.0,-1.2138444010139414e-09,0.878
2039.9979999996722,8.066739538708553e-06,0.0054124040543051385,0.7417432783341753,-0.5156050107498092,-0.0,-1.1690598587880632e-09,0.879
2040.0009999983013,7.954940489920126e-06,0.0053483245192675385,0.8427322484554263,-0.5435673681529444,-0.0,-1.2720775012174006e-09,0.879
2039.9990000016987,7.954938189335904e-06,0.0053483245192675385,0.8427322484554263,-0.5435673681529444,-0.0,-1.2720715910655567e-09,0.88
2039.9990000016987,7.95493751003672e-06,0.0053483245192675385,0.8427322484554263,-0.5435673681529444,-0.0,-1.2720671245606993e-09,0.881
2040.0,7.954943212079006e-06,0.0053483245192675385,0.8427322484554263,-0.5435673681529444,-0.0,-1.272072369075824e-09,0.881
2040.0,7.954938785801423e-06,0.0053483245192675385,0.8427322484554263,-0.5435673681529444,-0.0,-1.272076491624077e-09,0.881
2039.9990000016987,7.954940214816576e-06,0.0053483245192675385,0.8427322484554263,-0.5435673681529444,-0.0,-1.2720824753117015e-09,0.882
2040.0009999983013,7.954935750934006e-06,0.0053483245192675385,0.8427322484554263,-0.5435673681529444,-0.0,-1.272076465811796e-09,0.882
2040.0,7.954941614919726e-06,0.0053483245192675385,0.8427322484554263,-0.5435673681529444,-0.0,-1.2720772027992222e-09,0.882
2040.0039999969304,7.954931324432854e-06,0.0053483245192675385,0.8427322484554263,-0.5435673681529444,-0.0,-1.2720639092292698e-09,0.882
2040.0040000006557,7.92913418017506e-06,0.005338233043446443,0.84817628461394,-0.512670496938088,-0.0,-1.1063399059532827e-09,0.882
2039.9979999996722,7.929138247437845e-06,0.005338233043446443,0.84817628461394,-0.512670496938088,-0.0,-1.1063415129636209e-09,0.882
2159.997999999672,8.12865509044043e-06,0.0057338637045587365,0.6198018900305113,-0.2960758131759377,-0.0,-3.8904547910478946e-10,0.883
2160.0,8.128655685075073e-06,0.0057338637045587365,0.6198018900305113,-0.2960758131759377,-0.0,-3.890445654850088e-10,0.883
2159.997999999672,8.128653140680958e-06,0.0057338637045587365,0.6198018900305113,-0.2960758131759377,-0.0,-3.8904388308389403e-10,0.883
2160.002000000328,8.128652505447918e-06,0.0057338637045587365,0.6198018900305113,-0.2960758131759377,-0.0,-3.890442713025471e-10,0.883
2160.0010000020266,8.128649365167211e-06,0.0057338637045587365,0.6198018900305113,-0.2960758131759377,-0.0,-3.890447536525755e-10,0.883
2160.0,8.128656660561783e-06,0.0057338637045587365,0.6198018900305113,-0.2960758131759377,-0.0,-3.890337235171286e-10,0.883
2159.997000001371,8.128653401019455e-06,0.0057338637045587365,0.6198018900305113,-0.2960758131759377,-0.0,-3.890391715673818e-10,0.883
2159.997999999672,8.128655387525475e-06,0.0057338637045587365,0.6198018900305113,-0.2960758131759377,-0.0,-3.890412442763316e-10,0.883
2160.0010000020266,8.128657157729588e-06,0.0057338637045587365,0.6198018900305113,-0.2960758131759377,-0.0,-3.890530579512397e-10,0.883
2159.997999999672,8.21637658465551e-06,0.005768435992638685,0.5204188565385492,-0.2728857270671826,-0.0,-4.1975302119815647e-10,0.883
2160.0,8.216372933106275e-06,0.005768435992638685,0.5204188565385492,-0.2728857270671826,-0.0,-4.197600306533194e-10,0.883
2159.997000001371,8.216381289092424e-06,0.005768435992638685,0.5204188565385492,-0.2728857270671826,-0.0,-4.1976160299548606e-10,0.883
2160.0,8.216374313438608e-06,0.005768435992638685,0.5204188565385492,-0.2728857270671826,-0.0,-4.197582616869711e-10,0.883
2160.0009999983013,8.21637309937247e-06,0.005768435992638685,0.5204188565385492,-0.2728857270671826,-0.0,-4.1976195303828284e-10,0.883
2160.0030000023544,8.216375442426023e-06,0.005768435992638685,0.5204188565385492,-0.2728857270671826,-0.0,-4.1975599476386734e-10,0.883
2159.997999999672,8.245618925040111e-06,0.00578311719096581,0.46841321709873096,-0.24269900214708362,-0.0,-2.866607305743595e-10,0.883
2160.0,8.216371589518604e-06,0.005768435992638685,0.5204188565385492,-0.2728857270671826,-0.0,-4.1976869740268885e-10,0.883
2159.9990000016987,8.216371477504057e-06,0.005768435992638685,0.5204188565385492,-0.2728857270671826,-0.0,-4.197522602704943e-10,0.883
2159.9989999979734,8.245611538134048e-06,0.00578311719096581,0.46841321709873096,-0.24269900214708362,-0.0,-2.866748490269156e-10,0.883
2160.0,8.318714784435968e-06,0.005821416398857642,0.40742368433544307,-0.2643780930276713,-0.0,-5.170168622243149e-10,0.883
2160.0,8.479530485851537e-06,0.00596186712776479,0.6182511044935857,-0.349252358570581,-0.0,-6.449865244217048e-10,0.883
2159.9959999993443,8.216371747252251e-06,0.005733863704558691,0.2912388103211536,-0.3264421421401005,-0.0,-6.449984959389888e-10,0.883
2159.9990000016987,8.479536669368113e-06,0.00596186712776479,0.6182511044935857,-0.349252358570581,-0.0,-6.449984576571776e-10,0.883
2159.997999999672,8.347948718799226e-06,0.005861959834339912,0.5766056484980511,-0.44139579818321717,-0.0,-9.060507376253777e-10,0.883
2159.9990000016987,8.479529804011222e-06,0.00596186712776479,0.6182511044935857,-0.349252358570581,-0.0,-6.449905908415296e-10,0.883
2159.9959999993443,8.21637434977124e-06,0.005733863704558691,0.2912388103211536,-0.3264421421401005,-0.0,-6.449885106999093e-10,0.883
2160.0030000023544,8.347947818957466e-06,0.005835463270293724,0.3589814426950433,-0.23441884163598667,-0.0,-3.8392376726307374e-10,0.883
2160.0009999983013,8.377188302790027e-06,0.005899747244065572,0.7061558062818061,-0.37014036232463343,-0.0,-7.422606235931731e-10,0.883
2159.9990000016987,8.347952471252512e-06,0.005835463270293724,0.3589814426950433,-0.23441884163598667,-0.0,-3.839238442611976e-10,0.883
2160.0,8.377189737835613e-06,0.005899747244065572,0.7061558062818061,-0.37014036232463343,-0.0,-7.422500498504666e-10,0.883
2159.9989999979734,8.435670575971016e-06,0.005921513952139255,0.6311391353997635,-0.34126708413351475,-0.0,-6.70582720970493e-10,0.883
2159.9969999976456,8.304099885847474e-06,0.005819909366067407,0.578859644814206,-0.43760984060321373,-0.0,-9.316629471779114e-10,0.883
2160.0010000020266,8.30409157387248e-06,0.005821918656431454,0.5540689338116209,-0.40697623506043396,-0.0,-7.780838843579827e-10,0.883
2159.9990000016987,8.304094016502539e-06,0.005821918656431454,0.5540689338116209,-0.40697623506043396,-0.0,-7.780872645042262e-10,0.883
2159.997999999672,8.304098765841883e-06,0.005821918656431454,0.5540689338116209,-0.40697623506043396,-0.0,-7.780879457091615e-10,0.883
2160.0009999983013,8.304092665236638e-06,0.005819909366067407,0.578859644814206,-0.43760984060321373,-0.0,-9.31662550974519e-10,0.883
2160.0009999983013,8.30409476332747e-06,0.005819909366067407,0.578859644814206,-0.43760984060321373,-0.0,-9.31659068330384e-10,0.882
2160.0,8.304092129617127e-06,0.005819909366067407,0.578859644814206,-0.43760984060321373,-0.0,-9.316625316472818e-10,0.883
2160.0,8.30408811126641e-06,0.005819909366067407,0.578859644814206,-0.43760984060321373,-0.0,-9.3165441538437e-10,0.883
2160.0,8.435673811573511e-06,0.005921513952139255,0.6311391353997635,-0.34126708413351475,-0.0,-6.705928291731506e-10,0.883
2159.9990000016987,8.304091953051151e-06,0.005821918656431454,0.5540689338116209,-0.40697623506043396,-0.0,-7.78087692579007e-10,0.883
2159.9990000016987,8.304099037299714e-06,0.005821918656431454,0.5540689338116209,-0.40697623506043396,-0.0,-7.780966400802729e-10,0.883
2159.9989999979734,8.304096215031744e-06,0.005819909366067407,0.578859644814206,-0.43760984060321373,-0.0,-9.316592398223756e-10,0.883
2160.0009999983013,8.304088704628594e-06,0.005821918656431454,0.5540689338116209,-0.40697623506043396,-0.0,-7.78081822206265e-10,0.882
2160.0009999983013,8.304091200694687e-06,0.005821918656431454,0.5540689338116209,-0.40697623506043396,-0.0,-7.780903965786025e-10,0.882
2160.0,8.30408766455629e-06,0.005821918656431454,0.5540689338116209,-0.40697623506043396,-0.0,-7.78085669548664e-10,0.882
2159.997000001371,8.304093796355367e-06,0.005821918656431454,0.5540689338116209,-0.40697623506043396,-0.0,-7.780853718369957e-10,0.882
2160.002000000328,8.304095821762926e-06,0.005819909366067407,0.578859644814206,-0.43760984060321373,-0.0,-9.316645114880027e-10,0.882
2160.0010000020266,8.304095173706163e-06,0.005821918656431454,0.5540689338116209,-0.40697623506043396,-0.0,-7.780922683406936e-10,0.882
2039.9989999979734,8.083939822526928e-06,0.005411196332756155,0.8141983916612312,-0.6398357355387749,-0.0,-1.5945687623333405e-09,0.882
2040.0010000020266,8.083932570970983e-06,0.005411196332756155,0.8141983916612312,-0.6398357355387749,-0.0,-1.5945650090899922e-09,0.882
2040.0009999983013,8.08393093977505e-06,0.005411196332756155,0.8141983916612312,-0.6398357355387749,-0.0,-1.5945642715168765e-09,0.882
2039.9990000016987,8.083925512882679e-06,0.005411196332756155,0.8141983916612312,-0.6398357355387749,-0.0,-1.5945664176550778e-09,0.882
2040.0,8.08393571440485e-06,0.005411196332756155,0.8141983916612312,-0.6398357355387749,-0.0,-1.5945683434372318e-09,0.882
2040.0,8.083935614551124e-06,0.005411196332756155,0.8141983916612312,-0.6398357355387749,-0.0,-1.5945676779836273e-09,0.882
2040.0009999983013,8.0839319351645e-06,0.005411196332756155,0.8141983916612312,-0.6398357355387749,-0.0,-1.5945759679480905e-09,0.882
2039.9979999996722,8.083937390798381e-06,0.005411196332756155,0.8141983916612312,-0.6398357355387749,-0.0,-1.5945578493539499e-09,0.882
2039.9989999979734,8.083940926293774e-06,0.005411196332756155,0.8141983916612312,-0.6398357355387749,-0.0,-1.5945758114581313e-09,0.882
2039.9989999979734,8.083929600843675e-06,0.005411196332756155,0.8141983916612312,-0.6398357355387749,-0.0,-1.5945662427206504e-09,0.875
2040.0,8.083934560412438e-06,0.005411196332756155,0.8141983916612312,-0.6398357355387749,-0.0,-1.5945687418199115e-09,0.882
2040.0010000020266,8.083939884397777e-06,0.005411196332756155,0.8141983916612312,-0.6398357355387749,-0.0,-1.5945703467171159e-09,0.882
2040.0010000020266,8.083929634555676e-06,0.005411196332756155,0.8141983916612312,-0.6398357355387749,-0.0,-1.5945658310180358e-09,0.882
2040.0,8.083934045892218e-06,0.005411196332756155,0.8141983916612312,-0.6398357355387749,-0.0,-1.5945733721170841e-09,0.882
2039.9989999979734,8.083939183682075e-06,0.005411196332756155,0.8141983916612312,-0.6398357355387749,-0.0,-1.5945683761017555e-09,0.882
2040.0020000003278,8.08394094956857e-06,0.005411196332756155,0.8141983916612312,-0.6398357355387749,-0.0,-1.5945764068684923e-09,0.882
2039.9990000016987,8.083939863551058e-06,0.005411196332756155,0.8141983916612312,-0.6398357355387749,-0.0,-1.594581682174309e-09,0.882
2040.0010000020266,8.083932908449024e-06,0.005411196332756155,0.8141983916612312,-0.6398357355387749,-0.0,-1.5945704266639312e-09,0.882
2040.0,8.08393332866191e-06,0.005411196332756155,0.8141983916612312,-0.6398357355387749,-0.0,-1.5945703310923235e-09,0.881
2040.0030000023544,8.083934044081557e-06,0.005411196332756155,0.8141983916612312,-0.6398357355387749,-0.0,-1.5945704794676163e-09,0.881
2039.9989999979734,8.083940275150772e-06,0.005411196332756155,0.8141983916612312,-0.6398357355387749,-0.0,-1.5945629657236234e-09,0.881
2040.0020000003278,8.083935339542284e-06,0.005411196332756155,0.8141983916612312,-0.6398357355387749,-0.0,-1.5945720616603325e-09,0.881
2040.002999998629,8.08393063789202e-06,0.005411196332756155,0.8141983916612312,-0.6398357355387749,-0.0,-1.5945679416210078e-09,0.881
2040.0,8.08394058144614e-06,0.005411196332756155,0.8141983916612312,-0.6398357355387749,-0.0,-1.5945700653897075e-09,0.881
2039.997000001371,8.083938874910014e-06,0.005411196332756155,0.8141983916612312,-0.6398357355387749,-0.0,-1.594565827196117e-09,0.881
2039.9990000016987,8.083935996132846e-06,0.005411196332756155,0.8141983916612312,-0.6398357355387749,-0.0,-1.5945657625067985e-09,0.881
2040.0010000020266,8.083935962463653e-06,0.005411196332756155,0.8141983916612312,-0.6398357355387749,-0.0,-1.5945705551744808e-09,0.881
2039.9969999976456,8.006542213570483e-06,0.005373926401367995,0.8882191466897913,-0.6331467200130756,-0.0,-1.5497824284149382e-09,0.881
2039.9969999976456,8.006534245969655e-06,0.005373926401367995,0.8882191466897913,-0.6331467200130756,-0.0,-1.5497809899218116e-09,0.881
2040.0020000003278,8.083930624355657e-06,0.005411196332756155,0.8141983916612312,-0.6398357355387749,-0.0,-1.5945678562202218e-09,0.881
2040.0010000020266,8.083930380616578e-06,0.005411196332756155,0.8141983916612312,-0.6398357355387749,-0.0,-1.5945631752629079e-09,0.881
2040.0,8.08393375130576e-06,0.005411196332756155,0.8141983916612312,-0.6398357355387749,-0.0,-1.5945667479453237e-09,0.881
2039.9979999996722,8.083935691690232e-06,0.005411196332756155,0.8141983916612312,-0.6398357355387749,-0.0,-1.594564548391493e-09,0.881
2040.0,8.00653411670328e-06,0.005373926401367995,0.8882191466897913,-0.6331467200130756,-0.0,-1.5497754312987907e-09,0.881
2040.0020000003278,8.006534678785792e-06,0.005373926401367995,0.8882191466897913,-0.6331467200130756,-0.0,-1.54978605806576e-09,0.881
2040.0,8.083931103973818e-06,0.005411196332756155,0.8141983916612312,-0.6398357355387749,-0.0,-1.594568069179004e-09,0.881
2040.0,8.083937894367349e-06,0.005411196332756155,0.8141983916612312,-0.6398357355387749,-0.0,-1.5945746356093598e-09,0.881
2039.9979999996722,8.08393443054276e-06,0.005411196332756155,0.8141983916612312,-0.6398357355387749,-0.0,-1.594573499677309e-09,0.881
2039.9989999979734,8.006535283025733e-06,0.005373926401367995,0.8882191466897913,-0.6331467200130756,-0.0,-1.5497788254298116e-09,0.881
2040.0020000003278,8.00653293866229e-06,0.005373926401367995,0.8882191466897913,-0.6331467200130756,-0.0,-1.5497789394625128e-09,0.881
2039.9990000016987,8.006533809892276e-06,0.005373926401367995,0.8882191466897913,-0.6331467200130756,-0.0,-1.5497755335269903e-09,0.88
2040.0,8.083927726573344e-06,0.005411196332756155,0.8141983916612312,-0.6398357355387749,-0.0,-1.5945682588368214e-09,0.881
2040.0020000003278,8.083936336706358e-06,0.005411196332756155,0.8141983916612312,-0.6398357355387749,-0.0,-1.5945747828993789e-09,0.88
2039.9979999996722,8.006536313971765e-06,0.005373926401367995,0.8882191466897913,-0.6331467200130756,-0.0,-1.549776599336995e-09,0.88
2040.0,8.006536516332195e-06,0.005373926401367995,0.8882191466897913,-0.6331467200130756,-0.0,-1.54978649706385e-09,0.88
2039.997000001371,8.00653829253739e-06,0.005373926401367995,0.8882191466897913,-0.6331467200130756,-0.0,-1.5497826103094448e-09,0.88
2040.0,8.006534779948355e-06,0.005373926401367995,0.8882191466897913,-0.6331467200130756,-0.0,-1.5497831564020725e-09,0.88
2039.9979999996722,8.083940491368417e-06,0.005411196332756155,0.8141983916612312,-0.6398357355387749,-0.0,-1.5945778416061858e-09,0.88
2040.0,8.00654138307555e-06,0.005373926401367995,0.8882191466897913,-0.6331467200130756,-0.0,-1.5497901175412257e-09,0.88
2039.9979999996722,8.006539864971833e-06,0.005373926401367995,0.8882191466897913,-0.6331467200130756,-0.0,-1.5497749273629033e-09,0.88
2039.9990000016987,8.006536624543207e-06,0.005373926401367995,0.8882191466897913,-0.6331467200130756,-0.0,-1.5497771083723966e-09,0.879
2040.0,8.00653745782689e-06,0.005373926401367995,0.8882191466897913,-0.6331467200130756,-0.0,-1.5497838654530207e-09,0.88
2039.9990000016987,8.00653858246176e-06,0.005373926401367995,0.8882191466897913,-0.6331467200130756,-0.0,-1.549784289849984e-09,0.88
2040.0,8.006535346714571e-06,0.005373926401367995,0.8882191466897913,-0.6331467200130756,-0.0,-1.5497771773070945e-09,0.88
2040.0009999983013,8.00653818713912e-06,0.005373926401367995,0.8882191466897913,-0.6331467200130756,-0.0,-1.549789691155903e-09,0.88
2040.0020000003278,8.006528228373676e-06,0.005373926401367995,0.8882191466897913,-0.6331467200130756,-0.0,-1.5497757118322678e-09,0.88
2039.997000001371,8.006541824786871e-06,0.005373926401367995,0.8882191466897913,-0.6331467200130756,-0.0,-1.5497821131565163e-09,0.88
2039.9979999996722,8.006531023813854e-06,0.005373926401367995,0.8882191466897913,-0.6331467200130756,-0.0,-1.5497795455380536e-09,0.88
2040.0010000020266,7.946335222280498e-06,0.005346796732074004,0.9406873952141401,-0.6156334028785619,-0.0,-1.4512335985896904e-09,0.88
2039.9989999979734,8.006528545946889e-06,0.005373926401367995,0.8882191466897913,-0.6331467200130756,-0.0,-1.5497704538448894e-09,0.88
2040.0009999983013,7.946340229583135e-06,0.005346796732074004,0.9406873952141401,-0.6156334028785619,-0.0,-1.4512360206523464e-09,0.88
2040.0,7.851736256700993e-06,0.00529674952735687,1.0417760657833943,-0.6250138174931413,-0.0,-1.4736365984156007e-09,0.88
2040.0039999969304,8.006533714791926e-06,0.005373926401367995,0.8882191466897913,-0.6331467200130756,-0.0,-1.5497817232812479e-09,0.88
2040.0,8.00653307122525e-06,0.005373926401367995,0.8882191466897913,-0.6331467200130756,-0.0,-1.549779322331137e-09,0.879
2040.0,8.006541255676064e-06,0.005373926401367995,0.8882191466897913,-0.6331467200130756,-0.0,-1.5497832590417252e-09,0.879
2040.0,8.006537671424545e-06,0.005373926401367995,0.8882191466897913,-0.6331467200130756,-0.0,-1.5497752499808242e-09,0.879
2039.9989999979734,7.946332635652453e-06,0.005346796732074004,0.9406873952141401,-0.6156334028785619,-0.0,-1.4512344181261522e-09,0.879
2040.0010000020266,8.006529103336047e-06,0.005373926401367995,0.8882191466897913,-0.6331467200130756,-0.0,-1.5497676753319232e-09,0.879
2039.9989999979734,8.006537294811384e-06,0.005373926401367995,0.8882191466897913,-0.6331467200130756,-0.0,-1.5497758352106241e-09,0.879
2040.0009999983013,7.946335689093677e-06,0.005346796732074004,0.9406873952141401,-0.6156334028785619,-0.0,-1.4512318768162853e-09,0.879
2040.0,8.006531983566778e-06,0.005373926401367995,0.8882191466897913,-0.6331467200130756,-0.0,-1.5497765749886626e-09,0.879
2040.0009999983013,7.851739296532977e-06,0.00529674952735687,1.0417760657833943,-0.6250138174931413,-0.0,-1.4736413946305646e-09,0.879
2040.002999998629,7.946341122841301e-06,0.005346796732074004,0.9406873952141401,-0.6156334028785619,-0.0,-1.4512316105161194e-09,0.879
2040.0020000003278,7.851731288619871e-06,0.00529674952735687,1.0417760657833943,-0.6250138174931413,-0.0,-1.4736363535068675e-09,0.879
2039.9990000016987,7.94634027307849e-06,0.005346796732074004,0.9406873952141401,-0.6156334028785619,-0.0,-1.4512299145680853e-09,0.879
2039.9959999993443,7.911941398918786e-06,0.00532474799182744,0.9848737108520376,-0.6417228483633922,-0.0,-1.5721748924469064e-09,0.879
2040.0009999983013,7.946334012164948e-06,0.005346796732074004,0.9406873952141401,-0.6156334028785619,-0.0,-1.4512357753709923e-09,0.879
2040.0009999983013,7.851730632764747e-06,0.00529674952735687,1.0417760657833943,-0.6250138174931413,-0.0,-1.4736366746970195e-09,0.879
2039.9990000016987,7.8517408798043e-06,0.00529674952735687,1.0417760657833943,-0.6250138174931413,-0.0,-1.4736300773127414e-09,0.879
2040.0,7.85174108523e-06,0.00529674952735687,1.0417760657833943,-0.6250138174931413,-0.0,-1.473637754453505e-09,0.879
2040.0009999983013,7.980738081903546e-06,0.005389411065597657,0.9351955042487123,-0.6490771480923428,-0.0,-1.670712474805631e-09,0.879
2040.0020000003278,7.980730986347194e-06,0.005389411065597657,0.9351955042487123,-0.6490771480923428,-0.0,-1.6707175942676808e-09,0.879
2040.0,7.85174066805064e-06,0.00529674952735687,1.0417760657833943,-0.6250138174931413,-0.0,-1.4736329631650114e-09,0.879
2040.0009999983013,7.851732506553994e-06,0.00529674952735687,1.0417760657833943,-0.6250138174931413,-0.0,-1.4736340550424927e-09,0.878
2040.0009999983013,7.851741135904434e-06,0.00529674952735687,1.0417760657833943,-0.6250138174931413,-0.0,-1.4736444085111368e-09,0.878
2039.9969999976456,7.851736116152823e-06,0.00529674952735687,1.0417760657833943,-0.6250138174931413,-0.0,-1.47363173579605e-09,0.878
2040.0,7.946334798940094e-06,0.005346796732074004,0.9406873952141401,-0.6156334028785619,-0.0,-1.4512373084098144e-09,0.878
2039.9989999979734,7.980734616827747e-06,0.005389411065597657,0.9351955042487123,-0.6490771480923428,-0.0,-1.6707155673499043e-09,0.878
2039.9979999996722,7.851744476061834e-06,0.00529674952735687,1.0417760657833943,-0.6250138174931413,-0.0,-1.4736495729325481e-09,0.878
2039.9989999979734,7.85173934237878e-06,0.00529674952735687,1.0417760657833943,-0.6250138174931413,-0.0,-1.4736310195877109e-09,0.878
2040.0,7.851735060354905e-06,0.00529674952735687,1.0417760657833943,-0.6250138174931413,-0.0,-1.4736355893050317e-09,0.878
2039.997000001371,7.851733039689186e-06,0.00529674952735687,1.0417760657833943,-0.6250138174931413,-0.0,-1.4736413070069937e-09,0.878
2040.0,7.851740475362399e-06,0.00529674952735687,1.0417760657833943,-0.6250138174931413,-0.0,-1.4736363897731345e-09,0.878
2040.0,7.851742134102166e-06,0.00529674952735687,1.0417760657833943,-0.6250138174931413,-0.0,-1.4736437832954786e-09,0.878
2039.9990000016987,7.851739486020298e-06,0.00529674952735687,1.0417760657833943,-0.6250138174931413,-0.0,-1.473632703637182e-09,0.878
2039.9990000016987,7.851742891158518e-06,0.00529674952735687,1.0417760657833943,-0.6250138174931413,-0.0,-1.473639197497338e-09,0.878
2039.9990000016987,7.851737816690698e-06,0.00529674952735687,1.0417760657833943,-0.6250138174931413,-0.0,-1.4736343974588945e-09,0.878
2040.0,7.851735122765764e-06,0.00529674952735687,1.0417760657833943,-0.6250138174931413,-0.0,-1.473633690853452e-09,0.878
2040.0020000003278,7.851734503256595e-06,0.00529674952735687,1.0417760657833943,-0.6250138174931413,-0.0,-1.4736325526278726e-09,0.878
2039.9990000016987,7.851739308286741e-06,0.00529674952735687,1.0417760657833943,-0.6250138174931413,-0.0,-1.4736318419904105e-09,0.878
2039.9979999996722,7.85173740391886e-06,0.00529674952735687,1.0417760657833943,-0.6250138174931413,-0.0,-1.47363569344002e-09,0.878
2040.0,7.851737376239376e-06,0.00529674952735687,1.0417760657833943,-0.6250138174931413,-0.0,-1.473637110248907e-09,0.878
2039.9979999996722,7.851741401850365e-06,0.00529674952735687,1.0417760657833943,-0.6250138174931413,-0.0,-1.4736281521706866e-09,0.878
2039.9979999996722,7.851736402839984e-06,0.00529674952735687,1.0417760657833943,-0.6250138174931413,-0.0,-1.4736370605037834e-09,0.878
2040.0,7.851735935639667e-06,0.00529674952735687,1.0417760657833943,-0.6250138174931413,-0.0,-1.4736319458422881e-09,0.878
2040.0020000003278,7.85173013019544e-06,0.00529674952735687,1.0417760657833943,-0.6250138174931413,-0.0,-1.4736259345496053e-09,0.877
2039.9990000016987,7.851736378357415e-06,0.00529674952735687,1.0417760657833943,-0.6250138174931413,-0.0,-1.4736386172426668e-09,0.877
2290.592000000179,9.28249567108318e-06,0.006639623652012561,0.8501879570919049,-0.9578489236406353,3.9287841899696976,-3.3752129691842024e-09,0.886
2310.6409999988973,9.209573190727576e-06,0.0066409064369425085,0.8266776558461171,-0.9392549668710045,3.969108806293663,-3.252112683694654e-09,0.887
2310.640000000596,9.228367125097736e-06,0.006658378562036283,0.8347539402228605,-0.9441404022127287,3.961862669858247,-3.2723203180626163e-09,0.888
2310.640000000596,9.228367125097736e-06,0.006658378562036283,0.8347539402228605,-0.9441404022127287,3.961862669858247,-3.2723203180626163e-09,0.888
2300.699999999255,8.485401866319853e-06,0.005940054392730225,0.3295722134100192,-0.33198913216674647,4.002492115415177,-6.324783404224534e-10,0.899
2300.699999999255,8.485401866319853e-06,0.005940054392730225,0.3295722134100192,-0.33198913216674647,4.002492115415177,-6.324783404224534e-10,0.899
2340.687999997288,8.984655698781264e-06,0.006519775616246114,0.7488601270483781,-0.8199140063526802,3.984927564983336,-2.5525842143205606e-09,0.9
2340.687999997288,8.984655698781264e-06,0.006519775616246114,0.7488601270483781,-0.8199140063526802,3.984927564983336,-2.5525842143205606e-09,0.9
2159.9989999979734,8.216375630082164e-06,0.005768435992638685,0.5204188565385492,-0.2728857270671826,-0.0,-4.1976203600269027e-10,0.89
2160.002000000328,8.128652478087914e-06,0.0057338637045587365,0.6198018900305113,-0.2960758131759377,-0.0,-3.890434537958176e-10,0.89
2159.9989999979734,8.216372811278706e-06,0.005768435992638685,0.5204188565385492,-0.2728857270671826,-0.0,-4.197584592372347e-10,0.889
2160.0,8.245610210815859e-06,0.00578311719096581,0.46841321709873096,-0.24269900214708362,-0.0,-2.866610491329526e-10,0.889
2159.9990000016987,8.245617734916459e-06,0.00578311719096581,0.46841321709873096,-0.24269900214708362,-0.0,-2.866646618278516e-10,0.888
2159.9990000016987,8.216375235098971e-06,0.005768435992638685,0.5204188565385492,-0.2728857270671826,-0.0,-4.197555786323811e-10,0.888
2159.997999999672,8.216371632704376e-06,0.005768435992638685,0.5204188565385492,-0.2728857270671826,-0.0,-4.1975764224146816e-10,0.888
2160.002000000328,8.216373972744384e-06,0.005768435992638685,0.5204188565385492,-0.2728857270671826,-0.0,-4.197571183490421e-10,0.887
2159.9990000016987,8.245610900754989e-06,0.00578311719096581,0.46841321709873096,-0.24269900214708362,-0.0,-2.8665769385742787e-10,0.887
2160.0,8.304097494930732e-06,0.005806832031806496,0.3967762572614948,-0.21537172133164983,-0.0,-2.149967154128871e-10,0.887
2159.997000001371,8.201754478274715e-06,0.005747107078007322,0.4625076743731409,-0.20323143777819802,-0.0,-1.5869482337010635e-10,0.886
2160.0009999983013,8.201750184657292e-06,0.005743544558333926,0.48251871060972373,-0.2341387936125824,-0.0,-3.1225639950962924e-10,0.886
2159.9990000016987,8.20175699442708e-06,0.005747107078007322,0.4625076743731409,-0.20323143777819802,-0.0,-1.5868361948708659e-10,0.886
2160.0030000023544,8.201750807920742e-06,0.005747107078007322,0.4625076743731409,-0.20323143777819802,-0.0,-1.5869029573795524e-10,0.886
2160.0,8.201751411946518e-06,0.005747107078007322,0.4625076743731409,-0.20323143777819802,-0.0,-1.586866874427016e-10,0.886
2159.997999999672,8.20175166330907e-06,0.005747107078007322,0.4625076743731409,-0.20323143777819802,-0.0,-1.5868290490519903e-10,0.885
2160.0010000020266,8.201754838645043e-06,0.005747107078007322,0.4625076743731409,-0.20323143777819802,-0.0,-1.5869326917492046e-10,0.885
2159.997000001371,8.201756428881543e-06,0.005747107078007322,0.4625076743731409,-0.20323143777819802,-0.0,-1.5869138888801972e-10,0.885
2159.997000001371,8.201761562498443e-06,0.005743544558333926,0.48251871060972373,-0.2341387936125824,-0.0,-3.122562978280389e-10,0.885
2159.9990000016987,8.201756357064111e-06,0.005747107078007322,0.4625076743731409,-0.20323143777819802,-0.0,-1.5869451662692207e-10,0.885
2159.9959999993443,8.201756426313491e-06,0.005747107078007322,0.4625076743731409,-0.20323143777819802,-0.0,-1.5868311898180131e-10,0.884
2159.9990000016987,8.304090827065069e-06,0.0057982655200443855,0.35464968038873224,-0.1948130037386563,-0.0,-2.559476649445707e-10,0.884
2159.9990000016987,8.201759474687214e-06,0.005747107078007322,0.4625076743731409,-0.20323143777819802,-0.0,-1.586980845365246e-10,0.884
2160.0,8.304095438744063e-06,0.0057982655200443855,0.35464968038873224,-0.1948130037386563,-0.0,-2.559509954291935e-10,0.884
2159.997999999672,8.304094350364592e-06,0.0057982655200443855,0.35464968038873224,-0.1948130037386563,-0.0,-2.559426947872563e-10,0.884
2160.0,8.304097830520918e-06,0.0057982655200443855,0.35464968038873224,-0.1948130037386563,-0.0,-2.5595434300784577e-10,0.884
2160.0,8.201752037782523e-06,0.005747107078007322,0.4625076743731409,-0.20323143777819802,-0.0,-1.5868463415209245e-10,0.884
2160.0030000023544,8.304090677018273e-06,0.0057982655200443855,0.35464968038873224,-0.1948130037386563,-0.0,-2.559528827498713e-10,0.883
2159.9990000016987,8.304091254539843e-06,0.0057982655200443855,0.35464968038873224,-0.1948130037386563,-0.0,-2.5594558514653976e-10,0.883
2160.0,8.304091067740223e-06,0.0057982655200443855,0.35464968038873224,-0.1948130037386563,-0.0,-2.5595562055955805e-10,0.883
2159.9969999976456,8.304100572387719e-06,0.0057982655200443855,0.35464968038873224,-0.1948130037386563,-0.0,-2.559447742447258e-10,0.883
2160.0009999983013,8.304091650401107e-06,0.0057982655200443855,0.35464968038873224,-0.1948130037386563,-0.0,-2.559475624172067e-10,0.883
2160.0,8.304097026845999e-06,0.0057982655200443855,0.35464968038873224,-0.1948130037386563,-0.0,-2.559535527407147e-10,0.883
2159.9969999976456,8.304093665120111e-06,0.0057982655200443855,0.35464968038873224,-0.1948130037386563,-0.0,-2.559496905455803e-10,0.883
2160.0010000020266,8.172512212706027e-06,0.0056944622735421516,0.271306994454787,-0.29047754190733666,-0.0,-5.170183110985422e-10,0.883
2159.9989999979734,8.304095130531703e-06,0.0057982655200443855,0.35464968038873224,-0.1948130037386563,-0.0,-2.5594788581908646e-10,0.882
2159.9959999993443,8.304097616756262e-06,0.0057982655200443855,0.35464968038873224,-0.1948130037386563,-0.0,-2.559530784813323e-10,0.882
2159.9989999979734,8.30409464062771e-06,0.0057982655200443855,0.35464968038873224,-0.1948130037386563,-0.0,-2.559486720042521e-10,0.882
2040.0009999983013,7.93773436458864e-06,0.00527201267516104,0.45499330925775405,-0.51183729339755,-0.0,-1.2899813601751627e-09,0.882
2039.9989999979734,7.937735398905951e-06,0.00527201267516104,0.45499330925775405,-0.51183729339755,-0.0,-1.2899882342886864e-09,0.882
2040.0009999983013,7.937732531093113e-06,0.00527201267516104,0.45499330925775405,-0.51183729339755,-0.0,-1.2899892913346331e-09,0.882
2040.0009999983013,7.937733063875944e-06,0.00527201267516104,0.45499330925775405,-0.51183729339755,-0.0,-1.289992083684065e-09,0.882
2040.0009999983013,7.937737166670473e-06,0.00527201267516104,0.45499330925775405,-0.51183729339755,-0.0,-1.2899931475586984e-09,0.882
2039.9979999996722,7.937741604792774e-06,0.00527201267516104,0.45499330925775405,-0.51183729339755,-0.0,-1.2899859220530693e-09,0.881
2039.9990000016987,7.860337488938665e-06,0.005234376066968955,0.528339478413919,-0.5026317763181056,-0.0,-1.2452056473035936e-09,0.881
2039.9990000016987,7.86033943797602e-06,0.005234376066968955,0.528339478413919,-0.5026317763181056,-0.0,-1.2451998559713734e-09,0.881
2039.9990000016987,7.937736781574277e-06,0.00527201267516104,0.45499330925775405,-0.51183729339755,-0.0,-1.289986810703413e-09,0.881
2040.0,7.937734681970686e-06,0.00527201267516104,0.45499330925775405,-0.51183729339755,-0.0,-1.2899862035698276e-09,0.881
2039.9989999979734,7.937739211861245e-06,0.00527201267516104,0.45499330925775405,-0.51183729339755,-0.0,-1.2899898683379514e-09,0.881
2039.9979999996722,7.93774047553899e-06,0.00527201267516104,0.45499330925775405,-0.51183729339755,-0.0,-1.289990637758434e-09,0.881
2040.0020000003278,7.937736350989344e-06,0.00527201267516104,0.45499330925775405,-0.51183729339755,-0.0,-1.2899937689736616e-09,0.881
2040.0,7.93773561754206e-06,0.00527201267516104,0.45499330925775405,-0.51183729339755,-0.0,-1.2899925147961322e-09,0.881
2040.0009999983013,7.937728926639952e-06,0.00527201267516104,0.45499330925775405,-0.51183729339755,-0.0,-1.2899863380094728e-09,0.88
2040.0009999983013,7.93773284209934e-06,0.00527201267516104,0.45499330925775405,-0.51183729339755,-0.0,-1.289989541316153e-09,0.88
2040.0,7.937735934898198e-06,0.00527201267516104,0.45499330925775405,-0.51183729339755,-0.0,-1.289988032459289e-09,0.88
2040.0010000020266,7.937735183784465e-06,0.00527201267516104,0.45499330925775405,-0.51183729339755,-0.0,-1.2899883322187213e-09,0.88
2040.0,7.937737518798473e-06,0.00527201267516104,0.45499330925775405,-0.51183729339755,-0.0,-1.2899929799402836e-09,0.88
2040.0,7.937734828772243e-06,0.00527201267516104,0.45499330925775405,-0.51183729339755,-0.0,-1.2899898435631815e-09,0.88
2040.0,7.937734716134818e-06,0.00527201267516104,0.45499330925775405,-0.51183729339755,-0.0,-1.2899962270007788e-09,0.88
2040.0020000003278,7.937731909989201e-06,0.00527201267516104,0.45499330925775405,-0.51183729339755,-0.0,-1.2899889788845374e-09,0.88
2040.0009999983013,7.937735187250117e-06,0.00527201267516104,0.45499330925775405,-0.51183729339755,-0.0,-1.2899854291347458e-09,0.88
2040.0009999983013,7.937734722793316e-06,0.00527201267516104,0.45499330925775405,-0.51183729339755,-0.0,-1.2899901577748952e-09,0.88
2040.0,7.937737709601531e-06,0.00527201267516104,0.45499330925775405,-0.51183729339755,-0.0,-1.2899875297834166e-09,0.879
2040.0009999983013,7.93773660031408e-06,0.00527201267516104,0.45499330925775405,-0.51183729339755,-0.0,-1.2899895921243622e-09,0.879
2039.9989999979734,7.937735815610504e-06,0.00527201267516104,0.45499330925775405,-0.51183729339755,-0.0,-1.2899899131305581e-09,0.879
2040.0009999983013,7.93773328917268e-06,0.00527201267516104,0.45499330925775405,-0.51183729339755,-0.0,-1.2899950508974796e-09,0.879
2040.0009999983013,7.937736549053389e-06,0.00527201267516104,0.45499330925775405,-0.51183729339755,-0.0,-1.2899893830667886e-09,0.879
2040.0009999983013,7.937732916787558e-06,0.00527201267516104,0.45499330925775405,-0.51183729339755,-0.0,-1.2899883981445488e-09,0.879
2040.0,7.937738221849986e-06,0.00527201267516104,0.45499330925775405,-0.51183729339755,-0.0,-1.2899919709587837e-09,0.879
2040.0010000020266,8.06673374033704e-06,0.0053529052645494846,0.3994113569084128,-0.4542948782152064,-0.0,-1.0929001219750053e-09,0.879
2040.0,7.954936348986344e-06,0.005300450098041665,0.5395681538756625,-0.4734520813659268,-0.0,-9.8988402609993e-10,0.879
2040.0010000020266,7.954932435095605e-06,0.005300450098041665,0.5395681538756625,-0.4734520813659268,-0.0,-9.898860103589407e-10,0.879
2040.0019999966025,7.954933544155007e-06,0.005300450098041665,0.5395681538756625,-0.4734520813659268,-0.0,-9.898963483063222e-10,0.879
2040.0,7.954932778185689e-06,0.005300450098041665,0.5395681538756625,-0.4734520813659268,-0.0,-9.89885806901449e-10,0.879
2040.0010000020266,7.937740894783857e-06,0.00527201267516104,0.45499330925775405,-0.51183729339755,-0.0,-1.289990287515984e-09,0.878
2039.9990000016987,7.95493713080976e-06,0.005300450098041665,0.5395681538756625,-0.4734520813659268,-0.0,-9.898847172330375e-10,0.878
2040.0009999983013,7.954938125406854e-06,0.005300450098041665,0.5395681538756625,-0.4734520813659268,-0.0,-9.898742949919183e-10,0.878
2040.0009999983013,8.066730822831836e-06,0.0053529052645494846,0.3994113569084128,-0.4542948782152064,-0.0,-1.0929011197507945e-09,0.878
2040.0010000020266,8.066735766490954e-06,0.0053529052645494846,0.3994113569084128,-0.4542948782152064,-0.0,-1.0928970699477276e-09,0.878
2039.9989999979734,8.06673819467509e-06,0.0053529052645494846,0.3994113569084128,-0.4542948782152064,-0.0,-1.0929121846010547e-09,0.878
2040.002999998629,8.066735309987673e-06,0.0053529052645494846,0.3994113569084128,-0.4542948782152064,-0.0,-1.0929136192197543e-09,0.878
2040.0,7.825940658553153e-06,0.005219370657977779,0.6029154470953841,-0.5328822501915008,-0.0,-1.1869710701149825e-09,0.878
2039.9979999996722,7.954938019976665e-06,0.005300450098041665,0.5395681538756625,-0.4734520813659268,-0.0,-9.898880927720803e-10,0.878
2039.9979999996722,8.066737148892585e-06,0.0053529052645494846,0.3994113569084128,-0.4542948782152064,-0.0,-1.0929099607833385e-09,0.878
2040.0030000023544,7.954932572598313e-06,0.005300450098041665,0.5395681538756625,-0.4734520813659268,-0.0,-9.898961727267456e-10,0.878
2039.9990000016987,7.954932456978517e-06,0.005300450098041665,0.5395681538756625,-0.4734520813659268,-0.0,-9.898922134693788e-10,0.878
2039.9979999996722,7.937737996860836e-06,0.00527201267516104,0.45499330925775405,-0.51183729339755,-0.0,-1.2899951884260324e-09,0.877
2040.0020000003278,8.066734182150837e-06,0.0053529052645494846,0.3994113569084128,-0.4542948782152064,-0.0,-1.0929117773098874e-09,0.877
2039.9980000033975,7.937737580454445e-06,0.00527201267516104,0.45499330925775405,-0.51183729339755,-0.0,-1.289989456858648e-09,0.877
2040.0009999983013,8.066737264958135e-06,0.0053529052645494846,0.3994113569084128,-0.4542948782152064,-0.0,-1.09290431557026e-09,0.877
2040.0,8.066735107054157e-06,0.0053529052645494846,0.3994113569084128,-0.4542948782152064,-0.0,-1.0929087365451719e-09,0.877
2040.0020000003278,7.954934585064043e-06,0.005300450098041665,0.5395681538756625,-0.4734520813659268,-0.0,-9.89885481949454e-10,0.876
2040.0020000003278,7.95493922727242e-06,0.005300450098041665,0.5395681538756625,-0.4734520813659268,-0.0,-9.8988776684002e-10,0.877
2039.9990000016987,7.954934397253164e-06,0.005300450098041665,0.5395681538756625,-0.4734520813659268,-0.0,-9.8988475187275e-10,0.877
2039.997000001371,7.963532402482176e-06,0.005302607571640896,0.5588741443602165,-0.5080590295446171,-0.0,-1.169052876858128e-09,0.877
2039.9979999996722,7.95494326567571e-06,0.005300450098041665,0.5395681538756625,-0.4734520813659268,-0.0,-9.8988705947153e-10,0.877
2040.0030000023544,7.954936345846816e-06,0.005300450098041665,0.5395681538756625,-0.4734520813659268,-0.0,-9.898981324219865e-10,0.873
2160.0009999983013,9.078945320323856e-06,0.006535105380878015,1.3073918492580097,-0.8998004765531219,-0.0,-2.6874707376295196e-09,0.872
2040.0009999983013,8.109729110808415e-06,0.005403037151224859,0.5816269002286112,-0.4090876337801612,-0.0,-8.644642042458072e-10,0.873
2040.0020000003278,8.101136066993582e-06,0.0054015248391759705,0.5658766096515522,-0.3748381505093043,-0.0,-6.853146083623628e-10,0.874
2040.0010000020266,8.10973418689913e-06,0.005403037151224859,0.5816269002286112,-0.4090876337801612,-0.0,-8.644814056345171e-10,0.874
2039.9969999976456,8.109736035837825e-06,0.005403037151224859,0.5816269002286112,-0.4090876337801612,-0.0,-8.64466633410722e-10,0.874
2039.9979999996722,8.101142145108339e-06,0.0054015248391759705,0.5658766096515522,-0.3748381505093043,-0.0,-6.853066254888431e-10,0.875
2040.0,8.101139912132609e-06,0.0054015248391759705,0.5658766096515522,-0.3748381505093043,-0.0,-6.853129682380785e-10,0.875
2040.0010000020266,8.101132989722395e-06,0.0054015248391759705,0.5658766096515522,-0.3748381505093043,-0.0,-6.853054802954095e-10,0.875
2039.997000001371,8.109732105825434e-06,0.005403037151224859,0.5816269002286112,-0.4090876337801612,-0.0,-8.644636973986334e-10,0.875
2040.0040000006557,8.101128893585181e-06,0.0054015248391759705,0.5658766096515522,-0.3748381505093043,-0.0,-6.853036471242713e-10,0.875
2040.0,8.101133502995337e-06,0.0054015248391759705,0.5658766096515522,-0.3748381505093043,-0.0,-6.85312064203049e-10,0.875
2040.0,7.954940013672703e-06,0.005300450098041665,0.5395681538756625,-0.4734520813659268,-0.0,-9.898839498376088e-10,0.875
2040.002999998629,8.101130215237352e-06,0.0054015248391759705,0.5658766096515522,-0.3748381505093043,-0.0,-6.853013741801606e-10,0.875
2040.002999998629,8.10113549766848e-06,0.0054015248391759705,0.5658766096515522,-0.3748381505093043,-0.0,-6.853105421263736e-10,0.875
2039.997000001371,8.109738874974127e-06,0.005403037151224859,0.5816269002286112,-0.4090876337801612,-0.0,-8.644690598242391e-10,0.875
2039.9969999976456,8.109737250858134e-06,0.005403037151224859,0.5816269002286112,-0.4090876337801612,-0.0,-8.644768828518799e-10,0.875
2039.9959999993443,8.10114058455329e-06,0.0054015248391759705,0.5658766096515522,-0.3748381505093043,-0.0,-6.853147880056221e-10,0.875
2039.9979999996722,8.101132380313342e-06,0.0054015248391759705,0.5658766096515522,-0.3748381505093043,-0.0,-6.853001174390796e-10,0.875
2039.9989999979734,8.109733287377735e-06,0.005403037151224859,0.5816269002286112,-0.4090876337801612,-0.0,-8.644655116558137e-10,0.874
2039.9979999996722,8.109736184130605e-06,0.005403037151224859,0.5816269002286112,-0.4090876337801612,-0.0,-8.644779711435639e-10,0.874
2040.0,8.10113127772055e-06,0.0054015248391759705,0.5658766096515522,-0.3748381505093043,-0.0,-6.853084066828215e-10,0.874
2040.0030000023544,8.101133347989278e-06,0.0054015248391759705,0.5658766096515522,-0.3748381505093043,-0.0,-6.853049211912404e-10,0.874
2040.0,8.109730736012954e-06,0.005403037151224859,0.5816269002286112,-0.4090876337801612,-0.0,-8.644688113461698e-10,0.874
2040.0009999983013,8.109734052906772e-06,0.005403037151224859,0.5816269002286112,-0.4090876337801612,-0.0,-8.644660511869391e-10,0.874
2039.9980000033975,8.101134637369823e-06,0.0054015248391759705,0.5658766096515522,-0.3748381505093043,-0.0,-6.852961975057221e-10,0.874
2039.9990000016987,8.109736066909719e-06,0.005403037151224859,0.5816269002286112,-0.4090876337801612,-0.0,-8.644736585840477e-10,0.874
2039.997000001371,8.109739420568966e-06,0.005403037151224859,0.5816269002286112,-0.4090876337801612,-0.0,-8.644701168848395e-10,0.874
2040.0,8.109736418367878e-06,0.005403037151224859,0.5816269002286112,-0.4090876337801612,-0.0,-8.644784454855476e-10,0.874
2040.0009999983013,8.101135119297994e-06,0.0054015248391759705,0.5658766096515522,-0.3748381505093043,-0.0,-6.853084534759664e-10,0.874
2040.0020000003278,8.109736074605288e-06,0.005403037151224859,0.5816269002286112,-0.4090876337801612,-0.0,-8.644724881894254e-10,0.874
2040.0009999983013,8.101127281155783e-06,0.0054015248391759705,0.5658766096515522,-0.3748381505093043,-0.0,-6.852982135843938e-10,0.874
2040.0,8.101129558032938e-06,0.0054015248391759705,0.5658766096515522,-0.3748381505093043,-0.0,-6.853024071453694e-10,0.874
2040.0009999983013,8.109731850255907e-06,0.005403037151224859,0.5816269002286112,-0.4090876337801612,-0.0,-8.644720422752455e-10,0.874
2040.0010000020266,8.109737928840398e-06,0.005403037151224859,0.5816269002286112,-0.4090876337801612,-0.0,-8.644755250622073e-10,0.874
2039.9979999996722,8.101140926994257e-06,0.0054015248391759705,0.5658766096515522,-0.3748381505093043,-0.0,-6.853118708121383e-10,0.874
2040.0010000020266,8.101135214853888e-06,0.0054015248391759705,0.5658766096515522,-0.3748381505093043,-0.0,-6.853066583607629e-10,0.873
2040.0020000003278,8.101130155182719e-06,0.0054015248391759705,0.5658766096515522,-0.3748381505093043,-0.0,-6.853054972510056e-10,0.873
2040.0,8.101135174916747e-06,0.0054015248391759705,0.5658766096515522,-0.3748381505093043,-0.0,-6.853089540126187e-10,0.873
2040.0010000020266,8.109741390691658e-06,0.005403037151224859,0.5816269002286112,-0.4090876337801612,-0.0,-8.644768609377208e-10,0.873
2040.002999998629,8.10973087607171e-06,0.005403037151224859,0.5816269002286112,-0.4090876337801612,-0.0,-8.644780719797778e-10,0.873
2040.0020000003278,8.10973650710498e-06,0.005403037151224859,0.5816269002286112,-0.4090876337801612,-0.0,-8.644776749202778e-10,0.873
2039.9989999979734,8.10113673529212e-06,0.0054015248391759705,0.5658766096515522,-0.3748381505093043,-0.0,-6.853115272589544e-10,0.873
2040.002999998629,8.101134323205098e-06,0.0054015248391759705,0.5658766096515522,-0.3748381505093043,-0.0,-6.85300304966706e-10,0.873
2040.0,8.109732241800622e-06,0.005403037151224859,0.5816269002286112,-0.4090876337801612,-0.0,-8.644739893310618e-10,0.873
2040.0009999983013,8.109738613101165e-06,0.005403037151224859,0.5816269002286112,-0.4090876337801612,-0.0,-8.644745296991916e-10,0.873
2040.0010000020266,8.101131902836483e-06,0.0054015248391759705,0.5658766096515522,-0.3748381505093043,-0.0,-6.853078719549183e-10,0.873
2039.9990000016987,8.101136257382546e-06,0.0054015248391759705,0.5658766096515522,-0.3748381505093043,-0.0,-6.853069383915687e-10,0.873
2040.0,8.101133323877948e-06,0.0054015248391759705,0.5658766096515522,-0.3748381505093043,-0.0,-6.853005061882952e-10,0.873
2039.9989999979734,8.109733762658957e-06,0.005403037151224859,0.5816269002286112,-0.4090876337801612,-0.0,-8.644667088280199e-10,0.873
2040.0,8.109734097632766e-06,0.005403037151224859,0.5816269002286112,-0.4090876337801612,-0.0,-8.644691455050976e-10,0.873
2040.0,8.101133841439619e-06,0.0054015248391759705,0.5658766096515522,-0.3748381505093043,-0.0,-6.853068648933044e-10,0.873
2039.9990000016987,8.109738754176864e-06,0.005403037151224859,0.5816269002286112,-0.4090876337801612,-0.0,-8.644701609071238e-10,0.872
2039.9989999979734,8.10112712555117e-06,0.0054015248391759705,0.5658766096515522,-0.3748381505093043,-0.0,-6.853002893850996e-10,0.872
2039.9990000016987,8.101131460853714e-06,0.0054015248391759705,0.5658766096515522,-0.3748381505093043,-0.0,-6.853036696638423e-10,0.872
2040.0009999983013,8.101138105017767e-06,0.0054015248391759705,0.5658766096515522,-0.3748381505093043,-0.0,-6.853092001918564e-10,0.872
2040.0009999983013,8.109739230313926e-06,0.005403037151224859,0.5816269002286112,-0.4090876337801612,-0.0,-8.644716475058591e-10,0.872
2040.0009999983013,8.101135987271747e-06,0.0054015248391759705,0.5658766096515522,-0.3748381505093043,-0.0,-6.853053751611122e-10,0.872
2039.9990000016987,8.101135851634466e-06,0.0054015248391759705,0.5658766096515522,-0.3748381505093043,-0.0,-6.853083453828152e-10,0.872
2039.9990000016987,8.10113594734974e-06,0.0054015248391759705,0.5658766096515522,-0.3748381505093043,-0.0,-6.85308316161358e-10,0.872
2040.0020000003278,8.101125175258308e-06,0.0054015248391759705,0.5658766096515522,-0.3748381505093043,-0.0,-6.853095573976335e-10,0.872
2039.9979999996722,8.101138960723224e-06,0.0054015248391759705,0.5658766096515522,-0.3748381505093043,-0.0,-6.853123453273398e-10,0.872
2039.9969999976456,8.109738019390434e-06,0.005403037151224859,0.5816269002286112,-0.4090876337801612,-0.0,-8.644673253291072e-10,0.868
2160.002000000328,8.947365759949178e-06,0.006397185053458032,1.010847186702387,-0.8040404656413173,-0.0,-2.426402765776316e-09,0.867
2160.002000000328,9.181281717430673e-06,0.006594344555523201,1.1558955089039147,-0.8811303086365758,-0.0,-2.7847404266420583e-09,0.868
2160.0010000020266,9.18128466876134e-06,0.006594344555523201,1.1558955089039147,-0.8811303086365758,-0.0,-2.7847322786013124e-09,0.869
2160.002999998629,9.181288867062048e-06,0.006594344555523201,1.1558955089039147,-0.8811303086365758,-0.0,-2.7847401730239173e-09,0.869
2159.9990000016987,9.166669062240664e-06,0.006585470450365032,1.1463713840585923,-0.8586409403671463,-0.0,-2.6362806376719174e-09,0.87
2160.0,9.166665394465448e-06,0.006585470450365032,1.1463713840585923,-0.8586409403671463,-0.0,-2.636290512670821e-09,0.87
2160.0009999983013,9.181282698925593e-06,0.006594344555523201,1.1558955089039147,-0.8811303086365758,-0.0,-2.7847309127274257e-09,0.87
2159.997000001371,9.181282657027037e-06,0.006594344555523201,1.1558955089039147,-0.8811303086365758,-0.0,-2.784735108529864e-09,0.87
2160.002999998629,9.166666560197778e-06,0.006585470450365032,1.1463713840585923,-0.8586409403671463,-0.0,-2.636290480302452e-09,0.87
2159.9959999993443,9.166675116699383e-06,0.006585470450365032,1.1463713840585923,-0.8586409403671463,-0.0,-2.636294766799226e-09,0.87
2159.9990000016987,9.18128970664598e-06,0.006594344555523201,1.1558955089039147,-0.8811303086365758,-0.0,-2.7847415782869574e-09,0.87
2160.0,9.166664040196675e-06,0.006585470450365032,1.1463713840585923,-0.8586409403671463,-0.0,-2.636289084512691e-09,0.87
2160.002000000328,9.166659215644466e-06,0.006585470450365032,1.1463713840585923,-0.8586409403671463,-0.0,-2.636287992974709e-09,0.87
2159.9989999979734,9.166666889792221e-06,0.006585470450365032,1.1463713840585923,-0.8586409403671463,-0.0,-2.6362981895818603e-09,0.87
2160.0,9.166667827255224e-06,0.006585470450365032,1.1463713840585923,-0.8586409403671463,-0.0,-2.636288657479881e-09,0.87
2160.002000000328,9.166667452787094e-06,0.006585470450365032,1.1463713840585923,-0.8586409403671463,-0.0,-2.636289069523556e-09,0.87
2160.0010000020266,9.166664085085559e-06,0.006585470450365032,1.1463713840585923,-0.8586409403671463,-0.0,-2.6362860582506793e-09,0.87
2159.997999999672,9.181293130774586e-06,0.006594344555523201,1.1558955089039147,-0.8811303086365758,-0.0,-2.7847407435486284e-09,0.87
2160.002000000328,9.166661656114347e-06,0.006585470450365032,1.1463713840585923,-0.8586409403671463,-0.0,-2.6362776097805273e-09,0.87
2159.9989999979734,9.166662148579324e-06,0.006585470450365032,1.1463713840585923,-0.8586409403671463,-0.0,-2.6362845972176814e-09,0.87
2160.0,9.166663324602101e-06,0.006585470450365032,1.1463713840585923,-0.8586409403671463,-0.0,-2.6362902580957497e-09,0.87
2159.997999999672,9.166669417478083e-06,0.006585470450365032,1.1463713840585923,-0.8586409403671463,-0.0,-2.636302371459207e-09,0.87
2159.9990000016987,9.181282011101533e-06,0.006594344555523201,1.1558955089039147,-0.8811303086365758,-0.0,-2.7847405450241027e-09,0.87
2159.9989999979734,9.181283373929696e-06,0.006594344555523201,1.1558955089039147,-0.8811303086365758,-0.0,-2.7847405042072327e-09,0.87
2160.0,9.181290036648499e-06,0.006594344555523201,1.1558955089039147,-0.8811303086365758,-0.0,-2.7847408253431214e-09,0.87
2160.0,9.18128182600793e-06,0.006594344555523201,1.1558955089039147,-0.8811303086365758,-0.0,-2.7847362103218323e-09,0.87
2160.0,9.16666294626559e-06,0.006585470450365032,1.1463713840585923,-0.8586409403671463,-0.0,-2.6362971506846983e-09,0.87
2160.0030000023544,9.181285787469982e-06,0.006594344555523201,1.1558955089039147,-0.8811303086365758,-0.0,-2.7847310780174458e-09,0.87
2160.002000000328,9.16666366314202e-06,0.006585470450365032,1.1463713840585923,-0.8586409403671463,-0.0,-2.6362976618839605e-09,0.87
2160.002000000328,9.166667187308305e-06,0.006585470450365032,1.1463713840585923,-0.8586409403671463,-0.0,-2.6362919602542566e-09,0.87
2160.002000000328,9.166659437490582e-06,0.006585470450365032,1.1463713840585923,-0.8586409403671463,-0.0,-2.636281659134003e-09,0.869
2160.0,9.166666821814666e-06,0.006585470450365032,1.1463713840585923,-0.8586409403671463,-0.0,-2.636286397200836e-09,0.869
2160.0009999983013,9.181288565260319e-06,0.006594344555523201,1.1558955089039147,-0.8811303086365758,-0.0,-2.7847414294151246e-09,0.869
2160.002000000328,9.166668497968404e-06,0.006585470450365032,1.1463713840585923,-0.8586409403671463,-0.0,-2.6362871887258307e-09,0.869
2160.0,9.166670437035861e-06,0.006585470450365032,1.1463713840585923,-0.8586409403671463,-0.0,-2.636289343486005e-09,0.869
2160.0,9.181282395000966e-06,0.006594344555523201,1.1558955089039147,-0.8811303086365758,-0.0,-2.7847407408855932e-09,0.869
2039.9980000033975,8.109739188813683e-06,0.005403037151224859,0.5816269002286112,-0.4090876337801612,-0.0,-8.644807277855619e-10,0.859
2160.0030000023544,8.961980343919402e-06,0.006433192435508253,1.1523362314485155,-0.7731879355250961,-0.0,-2.3086664913741897e-09,0.859
2160.0010000020266,8.830412625236468e-06,0.00634117704498065,1.1702223384074752,-0.8609197302063959,-0.0,-2.569740973437083e-09,0.86
2160.0,8.830408483360774e-06,0.00634117704498065,1.1702223384074752,-0.8609197302063959,-0.0,-2.5697393382463174e-09,0.861
2160.002000000328,8.830411986138256e-06,0.00634117704498065,1.1702223384074752,-0.8609197302063959,-0.0,-2.5697379910232474e-09,0.862
2159.997999999672,8.83040920365639e-06,0.00634117704498065,1.1702223384074752,-0.8609197302063959,-0.0,-2.5697427157464313e-09,0.863
2160.0009999983013,8.830402686715287e-06,0.00634117704498065,1.1702223384074752,-0.8609197302063959,-0.0,-2.5697398643804545e-09,0.863
2160.0010000020266,8.947367614373615e-06,0.006440006538081016,1.116485812998687,-0.8850976784828043,-0.0,-2.743778532459777e-09,0.864
2160.0010000020266,8.918129567592827e-06,0.006425461050197277,1.1221770816760577,-0.8656457377482998,-0.0,-2.610691821743897e-09,0.864
2159.9990000016987,8.81579042653484e-06,0.006366946811141597,1.202238936188242,-0.8945744410857356,-0.0,-2.7079577324281807e-09,0.864
2159.9989999979734,8.815789072271681e-06,0.006366946811141597,1.202238936188242,-0.8945744410857356,-0.0,-2.707952136722282e-09,0.865
2160.0,8.815788547740889e-06,0.006366946811141597,1.202238936188242,-0.8945744410857356,-0.0,-2.7079489244144298e-09,0.865
2159.9989999979734,8.815790761252364e-06,0.006366946811141597,1.202238936188242,-0.8945744410857356,-0.0,-2.7079558298172043e-09,0.865
2159.9990000016987,8.918125515106069e-06,0.006425461050197277,1.1221770816760577,-0.8656457377482998,-0.0,-2.610689656493038e-09,0.865
2160.0,8.815788264314132e-06,0.006366946811141597,1.202238936188242,-0.8945744410857356,-0.0,-2.7079507464449144e-09,0.865
2159.9980000033975,8.815797436368633e-06,0.006366946811141597,1.202238936188242,-0.8945744410857356,-0.0,-2.7079592891164158e-09,0.865
2160.0010000020266,8.815786018740936e-06,0.006366946811141597,1.202238936188242,-0.8945744410857356,-0.0,-2.707962088184476e-09,0.866
2160.0,8.947369013496937e-06,0.006506856482707237,1.5060381324547958,-0.9892916937127434,-0.0,-2.969022252763032e-09,0.866
2159.997999999672,8.947375128242088e-06,0.006506856482707237,1.5060381324547958,-0.9892916937127434,-0.0,-2.969021037419332e-09,0.866
2159.9969999976456,9.020473389653847e-06,0.0065252545826519695,1.4117234218607662,-0.9571568082043589,-0.0,-2.9434275195175264e-09,0.866
2159.997999999672,9.020468794226142e-06,0.0065252545826519695,1.4117234218607662,-0.9571568082043589,-0.0,-2.943431226698011e-09,0.866
2159.997999999672,8.947371043644954e-06,0.006506856482707237,1.5060381324547958,-0.9892916937127434,-0.0,-2.969023724744378e-09,0.866
2160.0009999983013,8.947366574327131e-06,0.006506856482707237,1.5060381324547958,-0.9892916937127434,-0.0,-2.9690198455658343e-09,0.866
2159.997999999672,8.947371580989056e-06,0.006440006538081016,1.116485812998687,-0.8850976784828043,-0.0,-2.743785768434253e-09,0.866
2160.0010000020266,8.918127780759972e-06,0.006425461050197277,1.1221770816760577,-0.8656457377482998,-0.0,-2.610690847392027e-09,0.866
2160.0009999983013,8.947367295046073e-06,0.006440006538081016,1.116485812998687,-0.8850976784828043,-0.0,-2.7437826192527237e-09,0.866
2159.9990000016987,8.947366211377206e-06,0.006440006538081016,1.116485812998687,-0.8850976784828043,-0.0,-2.743786936010377e-09,0.866
2160.0,8.947368532610312e-06,0.006440006538081016,1.116485812998687,-0.8850976784828043,-0.0,-2.743790129745576e-09,0.866
2160.0019999966025,8.947362415356336e-06,0.006440006538081016,1.116485812998687,-0.8850976784828043,-0.0,-2.743788941562698e-09,0.866
2159.9990000016987,8.947367816998487e-06,0.006440006538081016,1.116485812998687,-0.8850976784828043,-0.0,-2.7437852381526447e-09,0.866
2159.9989999979734,8.947367212975113e-06,0.006440006538081016,1.116485812998687,-0.8850976784828043,-0.0,-2.7437936998517225e-09,0.866
2160.0,8.91813088214192e-06,0.006425461050197277,1.1221770816760577,-0.8656457377482998,-0.0,-2.6106946773253214e-09,0.866
2159.9989999979734,8.947373404628467e-06,0.006440006538081016,1.116485812998687,-0.8850976784828043,-0.0,-2.7437940299911414e-09,0.866
2159.997999999672,8.947372800596436e-06,0.006506856482707237,1.5060381324547958,-0.9892916937127434,-0.0,-2.969028286590172e-09,0.866
2160.0,9.078949403645978e-06,0.006579251454960667,1.4160300556286298,-0.9779917018595662,-0.0,-3.0048592509273626e-09,0.866
2159.997999999672,8.94737080510742e-06,0.006440006538081016,1.116485812998687,-0.8850976784828043,-0.0,-2.7437908257982867e-09,0.866
2160.002000000328,8.918120870498192e-06,0.006425461050197277,1.1221770816760577,-0.8656457377482998,-0.0,-2.6106896516485078e-09,0.866
2160.0009999983013,8.918126134941147e-06,0.006425461050197277,1.1221770816760577,-0.8656457377482998,-0.0,-2.610694981383497e-09,0.866
2159.9990000016987,8.947358647512416e-06,0.006440006538081016,1.116485812998687,-0.8850976784828043,-0.0,-2.743788545249909e-09,0.866
2159.997999999672,8.918133342268769e-06,0.006425461050197277,1.1221770816760577,-0.8656457377482998,-0.0,-2.6106888683618105e-09,0.865
2160.002000000328,8.918136182909821e-06,0.006425461050197277,1.1221770816760577,-0.8656457377482998,-0.0,-2.6106935418600792e-09,0.865
2159.997000001371,8.918131640911898e-06,0.006425461050197277,1.1221770816760577,-0.8656457377482998,-0.0,-2.6107026560377213e-09,0.865
2159.997999999672,9.049705552091075e-06,0.006564569083455649,1.420901027362893,-0.9596671394594148,-0.0,-2.871759053342086e-09,0.865
2159.9989999979734,8.91813186320681e-06,0.006425461050197277,1.1221770816760577,-0.8656457377482998,-0.0,-2.6106901196269543e-09,0.865
2160.002000000328,8.918122276899433e-06,0.006425461050197277,1.1221770816760577,-0.8656457377482998,-0.0,-2.610691197605338e-09,0.865
2160.0040000006557,8.9181272934134e-06,0.006425461050197277,1.1221770816760577,-0.8656457377482998,-0.0,-2.610686839110824e-09,0.865
2160.0009999983013,9.049704160654132e-06,0.006564569083455649,1.420901027362893,-0.9596671394594148,-0.0,-2.8717642695718602e-09,0.865
2159.997999999672,8.976607285553144e-06,0.006522117117616479,1.4998597619320329,-1.007151836260641,-0.0,-3.102115707949471e-09,0.865
2160.002999998629,8.91812257830135e-06,0.006425461050197277,1.1221770816760577,-0.8656457377482998,-0.0,-2.6106897155224178e-09,0.865
2159.997000001371,9.049711810455509e-06,0.006564569083455649,1.420901027362893,-0.9596671394594148,-0.0,-2.871764929675942e-09,0.865
2159.997000001371,8.815797000341522e-06,0.006366946811141597,1.202238936188242,-0.8945744410857356,-0.0,-2.7079592501559823e-09,0.865
2159.9990000016987,8.947367619508527e-06,0.006440006538081016,1.116485812998687,-0.8850976784828043,-0.0,-2.743784362548669e-09,0.865
2159.997999999672,8.947374703712962e-06,0.006440006538081016,1.116485812998687,-0.8850976784828043,-0.0,-2.7437881032945263e-09,0.865
2160.002999998629,8.918125371879534e-06,0.006425461050197277,1.1221770816760577,-0.8656457377482998,-0.0,-2.6106890653419805e-09,0.865
2250.47500000149,9.398693010985693e-06,0.0066442351232965866,0.953607261729343,-1.0316490726510754,3.884554043866192,-3.838296964553687e-09,0.874
2280.494999997318,9.43205261894604e-06,0.0067529882214882216,0.9574733345556758,-1.028659343585832,3.8489457520326424,-3.793372021156975e-09,0.875
2280.4809999987483,9.43285184112692e-06,0.0067615763836482564,0.9545475899005149,-1.0341074845957476,3.8587789190008923,-3.829099055666882e-09,0.876
2280.4809999987483,9.43285184112692e-06,0.0067615763836482564,0.9545475899005149,-1.0341074845957476,3.8587789190008923,-3.829099055666882e-09,0.876
2280.537000000477,8.605748926013317e-06,0.006011346813146694,0.5004072798993446,-0.5171603006028407,3.9482615028469232,-1.2922282323407875e-09,0.885
2280.537000000477,8.605748926013317e-06,0.006011346813146694,0.5004072798993446,-0.5171603006028407,3.9482615028469232,-1.2922282323407875e-09,0.885
2310.7290000021458,9.124862971825299e-06,0.006571172403932413,0.8387142531624581,-0.9050257467618001,3.946117122443407,-3.0034347996820555e-09,0.886
2310.7290000021458,9.124862971825299e-06,0.006571172403932413,0.8387142531624581,-0.9050257467618001,3.946117122443407,-3.0034347996820555e-09,0.886
2040.0,7.714141648527413e-06,0.005159229308610249,0.598257196056263,-0.386798103190814,-0.0,-7.121848753209116e-10,0.876
2040.0,8.101136842999694e-06,0.005401524839175919,0.5658766096513097,-0.37483815050880653,-0.0,-6.853090697225106e-10,0.875
2040.0020000003278,7.825937520337083e-06,0.00526053254094859,0.8884942819551518,-0.44874769759026656,-0.0,-7.435417280374012e-10,0.875
2039.9989999979734,8.101139135709328e-06,0.005401524839176014,0.5658766096515975,-0.3748381505092112,-0.0,-6.853042120566236e-10,0.874
2039.9990000016987,7.593734122427509e-06,0.005104464277037857,0.8387537683821176,-0.5109171045332751,-0.0,-1.0660353792365914e-09,0.874
2039.9990000016987,7.688336264007755e-06,0.005155110415761508,0.7351041920463475,-0.5036334951239131,-0.0,-1.0436327376681833e-09,0.874
2040.0,7.653935091958063e-06,0.00511054273622902,0.6111293726159559,-0.3447430958427847,-0.0,-6.046813107576458e-10,0.873
2040.0,7.800140025104614e-06,0.005248404675135716,0.9547097153601585,-0.4859478227007503,-0.0,-9.092673345132772e-10,0.873
2040.0,7.980737880201164e-06,0.00531614878539872,0.6750044285236263,-0.3824004673113425,-0.0,-6.673967281518167e-10,0.873
2040.0009999983013,7.972134045258589e-06,0.005315226616704848,0.6586412777506148,-0.3474364180257718,-0.0,-4.882272706313229e-10,0.872
2039.9990000016987,8.10113238431274e-06,0.005401524839175949,0.565876609651462,-0.37483815050902547,-0.0,-6.85309932383367e-10,0.872
2040.0,7.79153622419971e-06,0.005185449728701321,0.4997699851747557,-0.35267056182395734,-0.0,-6.673917690548078e-10,0.872
2040.0009999983013,7.800137233576963e-06,0.00524840467513573,0.954709715360115,-0.4859478227007582,-0.0,-9.092665434142733e-10,0.872
2040.0,7.980738794832677e-06,0.005316148785398731,0.6750044285235912,-0.38240046731135074,-0.0,-6.673912878156477e-10,0.872
2040.0,7.972137346276306e-06,0.005315226616704858,0.6586412777505815,-0.3474364180257803,-0.0,-4.882339970078635e-10,0.871
2040.0,8.10113598714794e-06,0.0054015248391759575,0.5658766096514336,-0.3748381505090336,-0.0,-6.853103964992044e-10,0.871
2160.0,8.815782077780429e-06,0.006350852961085805,1.2170817647462302,-0.906098263543348,-0.0,-2.7489144819923847e-09,0.871
2160.0010000020266,8.87427416939368e-06,0.006363731297233629,1.1423910063915317,-0.8745635390105825,-0.0,-2.6772439634221335e-09,0.871
2160.0,8.830400533907633e-06,0.00634117704498057,1.1702223384073296,-0.8609197302062406,-0.0,-2.569737613063007e-09,0.871
2160.0010000020266,8.830404259425653e-06,0.00634117704498057,1.1702223384073296,-0.8609197302062406,-0.0,-2.569738353660186e-09,0.87
2159.9989999979734,8.830411277822046e-06,0.00634117704498057,1.1702223384073296,-0.8609197302062406,-0.0,-2.569737983930665e-09,0.87
2160.002000000328,8.698826395293214e-06,0.006267898348537689,1.2613316476840524,-0.8702340062247687,-0.0,-2.5339077829592354e-09,0.87
2159.9989999979734,8.947370629404643e-06,0.006397185053457975,1.0108471867027715,-0.8040404656416043,-0.0,-2.426407647008555e-09,0.87
2160.002000000328,9.078947422271573e-06,0.0065351053808780195,1.307391849257975,-0.8998004765530035,-0.0,-2.6874742225895325e-09,0.87
2159.997999999672,9.078946933648442e-06,0.0065351053808780195,1.307391849257975,-0.8998004765530035,-0.0,-2.6874827898436336e-09,0.87
2160.0,9.06432372994199e-06,0.006526598748817774,1.2967833224744512,-0.8769751756016533,-0.0,-2.539020297702954e-09,0.87
2160.0,9.166671318085589e-06,0.006585470450365034,1.1463713840591438,-0.8586409403674811,-0.0,-2.636286560396691e-09,0.87
2160.0,9.166669245652977e-06,0.006585470450365034,1.1463713840591438,-0.8586409403674811,-0.0,-2.636287761381759e-09,0.87
2159.9989999979734,9.16667028828375e-06,0.006585470450365034,1.1463713840591438,-0.8586409403674811,-0.0,-2.636292107050899e-09,0.869
2160.002000000328,8.815788737549324e-06,0.006350852961085864,1.2170817647460783,-0.9060982635431846,-0.0,-2.7489058049772095e-09,0.869
2159.9990000016987,8.830413279729644e-06,0.006341177044980627,1.1702223384077977,-0.8609197302065481,-0.0,-2.5697407301270558e-09,0.869
2159.9990000016987,8.947368462078598e-06,0.006440006538081035,1.1164858129986879,-0.8850976784827442,-0.0,-2.7437871608209415e-09,0.869
2159.9990000016987,8.815790725332065e-06,0.006366946811141639,1.202238936188511,-0.8945744410858861,-0.0,-2.7079618395721385e-09,0.869
2160.0,8.903508851432076e-06,0.006387579321671355,1.0720083253323978,-0.8344095088995883,-0.0,-2.533903967072631e-09,0.869
2159.9990000016987,8.90351083665721e-06,0.006387579321671355,1.0720083253323978,-0.8344095088995883,-0.0,-2.5339131566143564e-09,0.869
2160.0,8.947367171936074e-06,0.00639718505345807,1.010847186702649,-0.8040404656414679,-0.0,-2.4264054242503476e-09,0.869
2160.0,9.078942080872875e-06,0.006535105380878054,1.3073918492576722,-0.8998004765528135,-0.0,-2.687474430629324e-09,0.868
2160.0,9.078945429356695e-06,0.006535105380878054,1.3073918492576722,-0.8998004765528135,-0.0,-2.687473508239514e-09,0.868
2159.9990000016987,9.078947105504207e-06,0.006535105380878054,1.3073918492576722,-0.8998004765528135,-0.0,-2.687475478903369e-09,0.868
2160.0009999983013,8.947372161932564e-06,0.00639718505345807,1.010847186702649,-0.8040404656414679,-0.0,-2.4264133242708187e-09,0.868
2160.0,9.078951906981325e-06,0.006535105380878054,1.3073918492576722,-0.8998004765528135,-0.0,-2.687479968607608e-09,0.868
2160.0009999983013,8.947371482245626e-06,0.00639718505345807,1.010847186702649,-0.8040404656414679,-0.0,-2.426409484319789e-09,0.868
2160.0,9.07895194417493e-06,0.006535105380878054,1.3073918492576722,-0.8998004765528135,-0.0,-2.6874809002102497e-09,0.868
2160.002999998629,9.078949056097645e-06,0.006535105380878054,1.3073918492576722,-0.8998004765528135,-0.0,-2.6874846083728704e-09,0.868
2160.0010000020266,8.94737034598784e-06,0.00639718505345807,1.010847186702649,-0.8040404656414679,-0.0,-2.426404923974535e-09,0.868
2160.0009999983013,8.903507395852967e-06,0.006387579321671355,1.0720083253323978,-0.8344095088995883,-0.0,-2.53391225939274e-09,0.868
2159.9989999979734,8.903509879955348e-06,0.006387579321671355,1.0720083253323978,-0.8344095088995883,-0.0,-2.5339068970749027e-09,0.867
2160.0010000020266,8.947362220393576e-06,0.00639718505345807,1.010847186702649,-0.8040404656414679,-0.0,-2.426404435554187e-09,0.867
2160.0,9.078945996194699e-06,0.006535105380878054,1.3073918492576722,-0.8998004765528135,-0.0,-2.6874796591586693e-09,0.867
2159.9990000016987,9.078948125045321e-06,0.006535105380878054,1.3073918492576722,-0.8998004765528135,-0.0,-2.687480215399653e-09,0.867
2160.0009999983013,9.064323379402956e-06,0.006526598748817805,1.2967833224747611,-0.8769751756019207,-0.0,-2.539023186531759e-09,0.867
2159.9990000016987,9.06432777605301e-06,0.006526598748817805,1.2967833224747611,-0.8769751756019207,-0.0,-2.5390292773804854e-09,0.867
2160.0,9.078948491829396e-06,0.006535105380878054,1.3073918492576722,-0.8998004765528135,-0.0,-2.6874763630855866e-09,0.867
2160.0,9.064329105526797e-06,0.006526598748817805,1.2967833224747611,-0.8769751756019207,-0.0,-2.5390272141594263e-09,0.867
2160.0,9.166667700309066e-06,0.006585470450365092,1.1463713840588197,-0.8586409403672987,-0.0,-2.6362831121770123e-09,0.866
2160.0,9.166666629458798e-06,0.006585470450365092,1.1463713840588197,-0.8586409403672987,-0.0,-2.636286837720751e-09,0.866
2160.0009999983013,9.166667030871916e-06,0.006585470450365092,1.1463713840588197,-0.8586409403672987,-0.0,-2.6362823459673876e-09,0.866
2160.0009999983013,9.166664197946534e-06,0.006585470450365092,1.1463713840588197,-0.8586409403672987,-0.0,-2.6362831158543082e-09,0.866
2160.0,9.166666693585162e-06,0.006585470450365092,1.1463713840588197,-0.8586409403672987,-0.0,-2.636284469301546e-09,0.866
2159.9989999979734,9.16666783111956e-06,0.006585470450365092,1.1463713840588197,-0.8586409403672987,-0.0,-2.636290171171643e-09,0.866
2160.0009999983013,9.166669983064472e-06,0.006585470450365092,1.1463713840588197,-0.8586409403672987,-0.0,-2.6362866391424033e-09,0.866
2160.002999998629,9.166662534612311e-06,0.006585470450365092,1.1463713840588197,-0.8586409403672987,-0.0,-2.6362856736149986e-09,0.866
2160.0,9.166671341156686e-06,0.006585470450365092,1.1463713840588197,-0.8586409403672987,-0.0,-2.6362877780345856e-09,0.866
2160.002000000328,9.166666203696159e-06,0.006585470450365092,1.1463713840588197,-0.8586409403672987,-0.0,-2.6362872949718683e-09,0.866
2160.002000000328,9.181291606811532e-06,0.006583250054991831,1.0832307934624383,-0.826902284391642,-0.0,-2.641411761745157e-09,0.866
2159.9990000016987,9.152047750155688e-06,0.0065623416160224685,1.0720717111533347,-0.7882753158987965,-0.0,-2.4366481691342825e-09,0.866
2160.0010000020266,9.035083489778798e-06,0.006488406214524392,1.119546788786498,-0.8081598609160978,-0.0,-2.45712390433865e-09,0.865
2159.9990000016987,9.093569812925967e-06,0.006501911549780568,1.0494341428073781,-0.777795171911857,-0.0,-2.3854532020715837e-09,0.865
2160.0010000020266,9.005849894841262e-06,0.006454972243679062,1.123538823529124,-0.7881566674039623,-0.0,-2.4161726832768883e-09,0.865
2159.9989999979734,8.830408296130636e-06,0.006341177044980652,1.17022233840747,-0.86091973020639,-0.0,-2.569749418244788e-09,0.865
2159.997999999672,8.830410141563515e-06,0.006341177044980652,1.17022233840747,-0.86091973020639,-0.0,-2.569747479224853e-09,0.865
2160.002000000328,8.830402849993725e-06,0.006341177044980652,1.17022233840747,-0.86091973020639,-0.0,-2.5697342017397367e-09,0.865
2159.9969999976456,8.830411079461454e-06,0.006341177044980652,1.17022233840747,-0.86091973020639,-0.0,-2.5697413026371377e-09,0.865
2159.9989999979734,8.830401057552128e-06,0.006341177044980652,1.17022233840747,-0.86091973020639,-0.0,-2.5697455214608465e-09,0.865
2160.0,8.830408570147583e-06,0.006341177044980652,1.17022233840747,-0.86091973020639,-0.0,-2.569735723096167e-09,0.865
2160.0009999983013,8.830407184251266e-06,0.006341177044980652,1.17022233840747,-0.86091973020639,-0.0,-2.5697362830612807e-09,0.865
2160.0,8.830409090823684e-06,0.006341177044980652,1.17022233840747,-0.86091973020639,-0.0,-2.5697424177663455e-09,0.865
2160.0,8.830409552499121e-06,0.006341177044980652,1.17022233840747,-0.86091973020639,-0.0,-2.5697365762347313e-09,0.865
2160.002000000328,8.80117173872774e-06,0.006326866504525117,1.176854245398978,-0.8408384798674287,-0.0,-2.43664527316323e-09,0.865
2159.9990000016987,8.918130820145732e-06,0.006425461050197272,1.1221770816757743,-0.8656457377480664,-0.0,-2.6107024773844855e-09,0.864
2160.0009999983013,8.991228031689235e-06,0.006444998967874736,1.0331406740645779,-0.8341205043469202,-0.0,-2.5850983914137366e-09,0.864
2159.997999999672,8.801175113699656e-06,0.006326866504525117,1.176854245398978,-0.8408384798674287,-0.0,-2.4366463541143735e-09,0.864
2160.002000000328,8.888887729974707e-06,0.00638620589481688,1.1109716485894712,-0.8625097390888481,-0.0,-2.6823607477769323e-09,0.864
2159.9989999979734,8.903513941460728e-06,0.0063875793216713155,1.0720083253327122,-0.8344095088999008,-0.0,-2.5339145759346345e-09,0.864
2159.9990000016987,8.947368474895867e-06,0.006397185053458029,1.0108471867023967,-0.8040404656413149,-0.0,-2.42640911076259e-09,0.864
2160.0,8.947371666906845e-06,0.006397185053458029,1.0108471867023967,-0.8040404656413149,-0.0,-2.4264100462129857e-09,0.864
2159.997999999672,8.947371933652077e-06,0.006397185053458029,1.0108471867023967,-0.8040404656413149,-0.0,-2.426408921030075e-09,0.864
2159.9989999979734,9.064328113759988e-06,0.006526598748817769,1.2967833224744831,-0.8769751756017681,-0.0,-2.539042235044328e-09,0.864
2160.0,9.166667952946121e-06,0.006585470450365031,1.1463713840588863,-0.85864094036737,-0.0,-2.6362841389449706e-09,0.864
2160.0019999966025,9.166667005223047e-06,0.006585470450365031,1.1463713840588863,-0.85864094036737,-0.0,-2.636283607535208e-09,0.864
2159.997999999672,9.16666649736887e-06,0.006585470450365031,1.1463713840588863,-0.85864094036737,-0.0,-2.6362904280359046e-09,0.864
2160.0010000020266,9.166669498297455e-06,0.006585470450365031,1.1463713840588863,-0.85864094036737,-0.0,-2.6362917402749128e-09,0.864
2159.9989999979734,9.166670746121187e-06,0.006585470450365031,1.1463713840588863,-0.85864094036737,-0.0,-2.6362944756503703e-09,0.863
2160.0,9.166662757766255e-06,0.006585470450365031,1.1463713840588863,-0.85864094036737,-0.0,-2.63628066054101e-09,0.863
2160.0009999983013,9.166662292242478e-06,0.006585470450365031,1.1463713840588863,-0.85864094036737,-0.0,-2.6362877550609333e-09,0.863
2160.0,9.254388687539338e-06,0.006618245204783715,1.029980454056239,-0.8292156598002332,-0.0,-2.667005973233935e-09,0.863
2160.0,9.122804411602812e-06,0.006556100681071815,1.1219519317931308,-0.8170574164212062,-0.0,-2.5697335101430937e-09,0.863
2160.0,9.210527758522012e-06,0.006589908996700539,1.0321542519537346,-0.7981060354180007,-0.0,-2.508310537582931e-09,0.863
2160.0,9.152048506352494e-06,0.006562341616022403,1.0720717111536686,-0.7882753158990964,-0.0,-2.436648141827243e-09,0.863
2160.0,9.152045262201872e-06,0.006562341616022403,1.0720717111536686,-0.7882753158990964,-0.0,-2.436648170045438e-09,0.863
2159.9990000016987,9.210527130130015e-06,0.006573471405261375,0.9807646250412603,-0.7326645702748915,-0.0,-2.21140848918965e-09,0.863
2160.002000000328,9.210524520352482e-06,0.006573471405261375,0.9807646250412603,-0.7326645702748915,-0.0,-2.211409855088682e-09,0.863
2160.002000000328,9.210523661120983e-06,0.006573471405261375,0.9807646250412603,-0.7326645702748915,-0.0,-2.2114089013669184e-09,0.863
2160.002000000328,8.961987272137103e-06,0.006433192435508226,1.1523362314485652,-0.7731879355251211,-0.0,-2.3086793828584505e-09,0.863
2159.9990000016987,8.96198717638091e-06,0.006433192435508226,1.1523362314485652,-0.7731879355251211,-0.0,-2.3086727400159694e-09,0.863
2160.0,8.961989673730018e-06,0.006433192435508226,1.1523362314485652,-0.7731879355251211,-0.0,-2.3086767934677085e-09,0.863
2159.9990000016987,8.961986647153026e-06,0.006433192435508226,1.1523362314485652,-0.7731879355251211,-0.0,-2.308670337210861e-09,0.863
2160.0010000020266,8.961985323254285e-06,0.006433192435508226,1.1523362314485652,-0.7731879355251211,-0.0,-2.308669100335634e-09,0.862
2160.002000000328,8.83041013855035e-06,0.0063411770449806225,1.1702223384078296,-0.8609197302066586,-0.0,-2.5697307884428614e-09,0.862
2159.9990000016987,8.961985796890637e-06,0.006433192435508226,1.1523362314485652,-0.7731879355251211,-0.0,-2.3086723636950855e-09,0.862
2160.0,8.830411787374336e-06,0.0063411770449806225,1.1702223384078296,-0.8609197302066586,-0.0,-2.5697468605600276e-09,0.862
2160.0,8.830406496422611e-06,0.0063411770449806225,1.1702223384078296,-0.8609197302066586,-0.0,-2.5697341465292027e-09,0.862
2160.0009999983013,8.830407814365255e-06,0.0063411770449806225,1.1702223384078296,-0.8609197302066586,-0.0,-2.569736150119402e-09,0.862
2160.002000000328,8.830412167818576e-06,0.0063411770449806225,1.1702223384078296,-0.8609197302066586,-0.0,-2.569742848314533e-09,0.862
2159.997999999672,8.830410972160046e-06,0.0063411770449806225,1.1702223384078296,-0.8609197302066586,-0.0,-2.5697470995507368e-09,0.862
2160.0,8.83041209814921e-06,0.0063411770449806225,1.1702223384078296,-0.8609197302066586,-0.0,-2.5697352033891165e-09,0.862
2160.0009999983013,8.830405229778383e-06,0.0063411770449806225,1.1702223384078296,-0.8609197302066586,-0.0,-2.5697362944398866e-09,0.862
2160.002000000328,8.801168518056896e-06,0.006326866504525096,1.1768542453993067,-0.8408384798676928,-0.0,-2.4366466482334123e-09,0.862
2160.0,8.801167404061771e-06,0.006326866504525096,1.1768542453993067,-0.8408384798676928,-0.0,-2.4366475672560368e-09,0.862
2160.0,8.80117220938448e-06,0.006326866504525096,1.1768542453993067,-0.8408384798676928,-0.0,-2.4366490917492146e-09,0.862
2160.002000000328,8.801167517321098e-06,0.006326866504525096,1.1768542453993067,-0.8408384798676928,-0.0,-2.4366521104050442e-09,0.862
2160.002000000328,8.874270110443022e-06,0.00634716863708552,1.084816157144732,-0.8090487099784404,-0.0,-2.411055061313308e-09,0.862
2160.0,8.918129257696458e-06,0.00635821520434745,1.0202066972595105,-0.7783491277599772,-0.0,-2.3035557057089075e-09,0.862
2160.0,8.903507784427502e-06,0.006387579321671313,1.0720083253324297,-0.8344095088996718,-0.0,-2.5339091323361037e-09,0.861
2160.0009999983013,8.874275000838972e-06,0.00634716863708552,1.084816157144732,-0.8090487099784404,-0.0,-2.4110489609429075e-09,0.861
2159.997000001371,8.80116433556163e-06,0.006326866504525096,1.1768542453993067,-0.8408384798676928,-0.0,-2.4366421782133004e-09,0.861
2159.9989999979734,8.801170120277173e-06,0.006326866504525096,1.1768542453993067,-0.8408384798676928,-0.0,-2.4366473117546425e-09,0.861
2160.0009999983013,8.888885751588e-06,0.006349471590115504,1.0451558245343104,-0.7804966909799581,-0.0,-2.2626042366033068e-09,0.861
2159.9990000016987,8.888889415102965e-06,0.006349471590115504,1.0451558245343104,-0.7804966909799581,-0.0,-2.262607053266996e-09,0.861
2160.0009999983013,8.947365355976585e-06,0.006397185053458033,1.010847186702664,-0.8040404656415497,-0.0,-2.4264052660704995e-09,0.861
2159.9989999979734,8.94736742329163e-06,0.006397185053458033,1.010847186702664,-0.8040404656415497,-0.0,-2.426398697792473e-09,0.861
2159.9959999993443,8.947376996746068e-06,0.006397185053458033,1.010847186702664,-0.8040404656415497,-0.0,-2.4264126228074797e-09,0.861
2159.997999999672,8.947368108105739e-06,0.006397185053458033,1.010847186702664,-0.8040404656415497,-0.0,-2.4263992332553754e-09,0.861
2160.0009999983013,8.947369062250745e-06,0.006397185053458033,1.010847186702664,-0.8040404656415497,-0.0,-2.426409725407941e-09,0.861
2160.0009999983013,8.932757710039201e-06,0.006388952453281533,1.0016287566700832,-0.7801962549880547,-0.0,-2.2779672239845337e-09,0.861
2160.0010000020266,8.508771293694556e-06,0.006119664402372147,1.2625633357585455,-0.7665080963599106,-0.0,-2.078312295771709e-09,0.861
2160.0,8.961992252726586e-06,0.006433192435508226,1.1523362314485652,-0.7731879355251211,-0.0,-2.308666380252938e-09,0.861
2160.002999998629,8.83040802807268e-06,0.0063411770449806225,1.1702223384078296,-0.8609197302066586,-0.0,-2.569734894891286e-09,0.861
2160.0,8.96199112373045e-06,0.006433192435508226,1.1523362314485652,-0.7731879355251211,-0.0,-2.3086758900887888e-09,0.861
2160.0009999983013,8.96198482051717e-06,0.006433192435508226,1.1523362314485652,-0.7731879355251211,-0.0,-2.308662618565861e-09,0.86
2159.9989999979734,8.961991869693462e-06,0.006433192435508226,1.1523362314485652,-0.7731879355251211,-0.0,-2.3086782873645934e-09,0.861
2160.0010000020266,8.830406512237912e-06,0.0063411770449806225,1.1702223384078296,-0.8609197302066586,-0.0,-2.569748388409337e-09,0.86
2159.9989999979734,8.801168347073443e-06,0.006326866504525096,1.1768542453993067,-0.8408384798676928,-0.0,-2.436655247929665e-09,0.86
2159.9990000016987,8.801172748013418e-06,0.006326866504525096,1.1768542453993067,-0.8408384798676928,-0.0,-2.4366558263622544e-09,0.86
2159.997999999672,8.874274861901807e-06,0.00634716863708552,1.084816157144732,-0.8090487099784404,-0.0,-2.4110579704796204e-09,0.86
2160.002000000328,8.874266408451104e-06,0.00634716863708552,1.084816157144732,-0.8090487099784404,-0.0,-2.411051469195826e-09,0.86
2159.997000001371,8.874265900173204e-06,0.00634716863708552,1.084816157144732,-0.8090487099784404,-0.0,-2.4110552017730437e-09,0.86
2159.9990000016987,8.84503622267204e-06,0.006412250701924173,1.5551008383338196,-0.9453770045650444,-0.0,-2.6465365218555783e-09,0.86
2160.0,9.166661877991986e-06,0.006552977984690292,1.0062773023830065,-0.7164809288542595,-0.0,-2.1039069197196114e-09,0.86
2159.9989999979734,9.210521949054959e-06,0.006573471405261375,0.9807646250412603,-0.7326645702748915,-0.0,-2.2114010496684445e-09,0.86
2160.0,9.078953017582187e-06,0.00650640709864767,1.0807059261177896,-0.7249774781920251,-0.0,-2.134627703880872e-09,0.86
2160.0030000023544,8.961982291105823e-06,0.006433192435508226,1.1523362314485652,-0.7731879355251211,-0.0,-2.30867468989075e-09,0.86
2159.997999999672,8.961990012711541e-06,0.006433192435508226,1.1523362314485652,-0.7731879355251211,-0.0,-2.308676429317536e-09,0.86
2160.002000000328,8.96198694724562e-06,0.006433192435508226,1.1523362314485652,-0.7731879355251211,-0.0,-2.30867644882382e-09,0.86
2159.9989999979734,8.801172732184786e-06,0.006326866504525096,1.1768542453993067,-0.8408384798676928,-0.0,-2.436654471770069e-09,0.86
2160.0,8.801169495286725e-06,0.006326866504525096,1.1768542453993067,-0.8408384798676928,-0.0,-2.436654641095605e-09,0.86
2160.0,8.801170936319194e-06,0.006326866504525096,1.1768542453993067,-0.8408384798676928,-0.0,-2.4366527534932932e-09,0.86
2160.0,8.801172420543859e-06,0.006326866504525096,1.1768542453993067,-0.8408384798676928,-0.0,-2.436638095470644e-09,0.859
2160.0030000023544,8.874268642042426e-06,0.00634716863708552,1.084816157144732,-0.8090487099784404,-0.0,-2.4110488868068906e-09,0.859
2160.002000000328,8.874261638615641e-06,0.00634716863708552,1.084816157144732,-0.8090487099784404,-0.0,-2.4110534920071785e-09,0.859
2160.002000000328,8.874260953352502e-06,0.00634716863708552,1.084816157144732,-0.8090487099784404,-0.0,-2.4110515866890803e-09,0.859
2159.9969999976456,8.888893078616734e-06,0.006349471590115504,1.0451558245343104,-0.7804966909799581,-0.0,-2.262602636845652e-09,0.859
2159.997999999672,8.932750302177712e-06,0.006360054433545405,0.9833013191981319,-0.7500276376147346,-0.0,-2.1550967004690655e-09,0.859
2159.9989999979734,9.049710316827581e-06,0.006456783911478824,0.9345151064604189,-0.7761070880680043,-0.0,-2.3291528632281094e-09,0.859
2159.997000001371,8.947369647041933e-06,0.006397185053458033,1.010847186702664,-0.8040404656415497,-0.0,-2.426408720332642e-09,0.859
2159.9959999993443,8.947370742232598e-06,0.006397185053458033,1.010847186702664,-0.8040404656415497,-0.0,-2.4264109991947624e-09,0.859
2160.0010000020266,8.947365582972595e-06,0.006397185053458033,1.010847186702664,-0.8040404656415497,-0.0,-2.4264164612998274e-09,0.858
2159.9990000016987,8.947370071536816e-06,0.006397185053458033,1.010847186702664,-0.8040404656415497,-0.0,-2.4264028184087965e-09,0.859
2160.0010000020266,8.947370138222316e-06,0.006397185053458033,1.010847186702664,-0.8040404656415497,-0.0,-2.426409515869653e-09,0.859
2159.997000001371,8.947372542801171e-06,0.006397185053458033,1.010847186702664,-0.8040404656415497,-0.0,-2.4264046102505016e-09,0.859
2160.0,8.947368645449457e-06,0.006397185053458033,1.010847186702664,-0.8040404656415497,-0.0,-2.426412107445117e-09,0.859
2160.0,8.94737176692677e-06,0.006397185053458033,1.010847186702664,-0.8040404656415497,-0.0,-2.426400519310814e-09,0.859
2160.0009999983013,8.932754607813478e-06,0.006388952453281533,1.0016287566700832,-0.7801962549880547,-0.0,-2.277956168384488e-09,0.859
2160.002000000328,8.932743997691305e-06,0.006388952453281533,1.0016287566700832,-0.7801962549880547,-0.0,-2.27795815780119e-09,0.858
2159.9969999976456,9.064333728739395e-06,0.006526598748817771,1.2967833224741794,-0.8769751756015423,-0.0,-2.5390341181829772e-09,0.858
2160.0,9.064330159254596e-06,0.006526598748817771,1.2967833224741794,-0.8769751756015423,-0.0,-2.5390303855857746e-09,0.858
2160.0,9.064328150084904e-06,0.006526598748817771,1.2967833224741794,-0.8769751756015423,-0.0,-2.539024857521145e-09,0.858
2160.0,9.064323154961832e-06,0.006526598748817771,1.2967833224741794,-0.8769751756015423,-0.0,-2.5390188316567507e-09,0.858
2159.997000001371,9.064336603532206e-06,0.006526598748817771,1.2967833224741794,-0.8769751756015423,-0.0,-2.5390279296544864e-09,0.858
2160.002000000328,9.064322716798973e-06,0.006526598748817771,1.2967833224741794,-0.8769751756015423,-0.0,-2.539021914559145e-09,0.858
2159.997999999672,9.064326628255974e-06,0.006526598748817771,1.2967833224741794,-0.8769751756015423,-0.0,-2.5390300446258573e-09,0.858
2160.0009999983013,9.064323907320099e-06,0.006526598748817771,1.2967833224741794,-0.8769751756015423,-0.0,-2.5390220963159977e-09,0.858
2160.0010000020266,9.064328090246206e-06,0.006526598748817771,1.2967833224741794,-0.8769751756015423,-0.0,-2.5390347126080593e-09,0.857
2160.002000000328,9.166660959763173e-06,0.006585470450365031,1.1463713840588845,-0.8586409403673728,-0.0,-2.636286691761909e-09,0.858
2160.0010000020266,9.06432695314264e-06,0.006526598748817771,1.2967833224741794,-0.8769751756015423,-0.0,-2.5390357465789045e-09,0.858
2159.9990000016987,9.064328165060474e-06,0.006526598748817771,1.2967833224741794,-0.8769751756015423,-0.0,-2.539030407155991e-09,0.858
2160.0019999966025,9.166661838242344e-06,0.006585470450365031,1.1463713840588845,-0.8586409403673728,-0.0,-2.6362858063453808e-09,0.858
2159.997999999672,9.16667349184275e-06,0.006585470450365031,1.1463713840588845,-0.8586409403673728,-0.0,-2.636284824694557e-09,0.858
2160.002000000328,9.166665920251359e-06,0.006585470450365031,1.1463713840588845,-0.8586409403673728,-0.0,-2.6362889354266855e-09,0.858
2159.9989999979734,9.166672191440237e-06,0.006585470450365031,1.1463713840588845,-0.8586409403673728,-0.0,-2.636292796184595e-09,0.858
2160.0,9.166667697739807e-06,0.006585470450365031,1.1463713840588845,-0.8586409403673728,-0.0,-2.63628975079325e-09,0.857
2159.997999999672,9.166667475880345e-06,0.006585470450365031,1.1463713840588845,-0.8586409403673728,-0.0,-2.63628492229638e-09,0.857
2160.0009999983013,9.195908947602343e-06,0.006593014201206411,1.0913277241031283,-0.8295356018859079,-0.0,-2.5031868118348628e-09,0.857
2159.997999999672,9.166669282843037e-06,0.006585470450365031,1.1463713840588845,-0.8586409403673728,-0.0,-2.636286502209001e-09,0.857
2159.9990000016987,9.166659904318213e-06,0.006585470450365031,1.1463713840588845,-0.8586409403673728,-0.0,-2.636283930439495e-09,0.857
2160.0,9.166666555082336e-06,0.006585470450365031,1.1463713840588845,-0.8586409403673728,-0.0,-2.6362865395186414e-09,0.857
2160.0009999983013,9.195906072799308e-06,0.006593014201206411,1.0913277241031283,-0.8295356018859079,-0.0,-2.5031949826886763e-09,0.857
2159.997999999672,9.166667566918126e-06,0.006585470450365031,1.1463713840588845,-0.8586409403673728,-0.0,-2.636288204159075e-09,0.857
2160.0,9.195905181072733e-06,0.006593014201206411,1.0913277241031283,-0.8295356018859079,-0.0,-2.503200809769081e-09,0.857
2159.9990000016987,9.166666221639335e-06,0.006585470450365031,1.1463713840588845,-0.8586409403673728,-0.0,-2.636291108313518e-09,0.857
2160.0009999983013,9.195907137660515e-06,0.006593014201206411,1.0913277241031283,-0.8295356018859079,-0.0,-2.5031921016160758e-09,0.857
2160.0,8.815791859022699e-06,0.0062921096044851015,1.0547357773950008,-0.7538497479442048,-0.0,-2.1039127476446355e-09,0.857
2160.0,9.210527258364752e-06,0.006573471405261347,0.9807646250415765,-0.7326645702751371,-0.0,-2.2114078885011e-09,0.856
2160.0,8.932759979955681e-06,0.0063889524532814695,1.0016287566699305,-0.7801962549878777,-0.0,-2.2779585034984903e-09,0.857
2159.9989999979734,9.195916907237642e-06,0.006593014201206405,1.0913277241031292,-0.8295356018857937,-0.0,-2.5031935761814404e-09,0.856
2160.0040000006557,9.078941644773249e-06,0.0065064070986476695,1.0807059261175427,-0.724977478191689,-0.0,-2.1346282716970707e-09,0.856
2160.004999998957,8.888884330957126e-06,0.006349471590115496,1.0451558245346018,-0.7804966909800878,-0.0,-2.2625893799701937e-09,0.856
2159.9959999993443,8.932752991455992e-06,0.006388952453281561,1.0016287566703657,-0.7801962549882101,-0.0,-2.2779545775235988e-09,0.856
2160.002999998629,9.210522692770453e-06,0.006573471405261426,0.9807646250412363,-0.7326645702748232,-0.0,-2.2113943886380174e-09,0.856
2160.004999998957,8.932749813943498e-06,0.006419542531659851,1.1604973451860987,-0.7523963419062218,-0.0,-2.1755934988375083e-09,0.856
2160.0010000020266,8.932747543649298e-06,0.0063889524532815215,1.0016287566701152,-0.7801962549880576,-0.0,-2.27795910959357e-09,0.856
2159.9990000016987,9.064331817865222e-06,0.00652659874881776,1.2967833224748073,-0.8769751756020018,-0.0,-2.539026900138671e-09,0.856
2160.0019999966025,9.166669459794104e-06,0.006585470450365021,1.1463713840589147,-0.8586409403673758,-0.0,-2.636282707155158e-09,0.856
2159.9989999979734,9.210542570747921e-06,0.006573471405261354,0.9807646250415636,-0.7326645702751301,-0.0,-2.2114302821478225e-09,0.856
2159.9980000033975,9.020469617946547e-06,0.006459953107573351,1.0258989441984143,-0.8534538056889452,-0.0,-2.718198439241666e-09,0.856
2160.0019999966025,8.815785499352218e-06,0.006292109604485088,1.054735777395038,-0.7538497479441032,-0.0,-2.10391962056345e-09,0.856
2159.9989999979734,9.078943490260259e-06,0.006506407098647723,1.0807059261177656,-0.7249774781919539,-0.0,-2.1346251886656857e-09,0.856
2159.997999999672,9.005853008148609e-06,0.006440006538081052,1.0731393352259406,-0.7219013583312152,-0.0,-2.1499834671452607e-09,0.856
2159.9989999979734,8.830408897984515e-06,0.006300004641230977,1.063705461415391,-0.7783369882313033,-0.0,-2.2523579388390394e-09,0.856
2160.002999998629,8.932737926174398e-06,0.0063889524532815215,1.0016287566701152,-0.7801962549880576,-0.0,-2.2779555249184033e-09,0.856
2159.997999999672,9.064331108249917e-06,0.00652659874881776,1.2967833224748073,-0.8769751756020018,-0.0,-2.5390165478828986e-09,0.856
2160.0,9.06433575712654e-06,0.006530629587338171,1.1864879187859074,-0.8175735058018238,-0.0,-2.405933537363736e-09,0.856
2159.997999999672,9.07893949159488e-06,0.006506407098647658,1.0807059261180685,-0.7249774781922603,-0.0,-2.1346302582056075e-09,0.855
2159.9969999976456,8.932745097600875e-06,0.006419542531659784,1.1604973451858935,-0.7523963419060729,-0.0,-2.1755701497933523e-09,0.855
2160.0,8.830412855153295e-06,0.006300004641230977,1.063705461414564,-0.7783369882306002,-0.0,-2.252375381435209e-09,0.855
2159.9989999979734,8.640363715713648e-06,0.0061876126016099375,1.1124545088923528,-0.6383213263056573,-0.0,-1.5715390385848844e-09,0.855
2160.0,8.88887909049869e-06,0.0063494715901155265,1.0451558245342811,-0.7804966909799324,-0.0,-2.2625874559205652e-09,0.855
2159.9959999993443,8.830407903206007e-06,0.006300004641230977,1.063705461415391,-0.7783369882313033,-0.0,-2.2523561590359484e-09,0.855
2039.995000001043,8.797717226294413e-06,0.006033945370321639,1.265791038084786,-1.0066652295864114,-0.0,-3.3414388098187207e-09,0.855
2039.9989999979734,8.823531716285712e-06,0.006018490028422612,1.2633541300896596,-0.9541674127070894,-0.0,-3.1129929773853868e-09,0.855
2040.0009999983013,8.668734302588346e-06,0.0059309755174199825,1.3501823245830131,-0.9877426697798461,-0.0,-3.14433831389907e-09,0.855
2039.9989999979734,8.79773256534267e-06,0.006033945370321639,1.265791038084786,-1.0066652295864114,-0.0,-3.341437813765204e-09,0.855
2039.9989999979734,8.797734174703202e-06,0.006033945370321639,1.265791038084786,-1.0066652295864114,-0.0,-3.3414384101608227e-09,0.855
2040.002999998629,8.797717717660764e-06,0.006033945370321639,1.265791038084786,-1.0066652295864114,-0.0,-3.3414202244156754e-09,0.855
2040.0010000020266,8.79772455170405e-06,0.006033945370321639,1.265791038084786,-1.0066652295864114,-0.0,-3.3414288357668605e-09,0.855
2040.0010000020266,8.797725937332411e-06,0.006033945370321639,1.265791038084786,-1.0066652295864114,-0.0,-3.3414231597706892e-09,0.855
2040.0010000020266,9.081518342943571e-06,0.006245521271095946,1.362102018967125,-1.0462926652346618,-0.0,-3.5832957559228983e-09,0.855
2039.995000001043,9.055745041339406e-06,0.006195349299367703,1.2619664420666723,-0.9617893038354902,-0.0,-3.3056037032883963e-09,0.855
2040.0,8.9955302544133e-06,0.0061665341798168224,1.3031046652788305,-0.9526186472516083,-0.0,-3.2070580465436776e-09,0.855
2040.0009999983013,8.995534595702278e-06,0.0061665341798168224,1.3031046652788305,-0.9526186472516083,-0.0,-3.20706827118051e-09,0.855
2039.9949999973178,8.883734205316391e-06,0.006108228672564528,1.3937097239834344,-0.9814784866600271,-0.0,-3.3100745768229734e-09,0.855
2040.004999998957,8.737526485010481e-06,0.006019575908454575,1.4507183968626451,-1.0699668633133659,-0.0,-3.614659721564755e-09,0.854
2040.0,8.780536633133615e-06,0.006012242412239304,1.3290771370741483,-0.9879150941062258,-0.0,-3.251851168250402e-09,0.854
2040.0019999966025,8.823528358682098e-06,0.006018490028422571,1.2633541300893736,-0.9541674127068923,-0.0,-3.112992871309972e-09,0.854
2039.9969999976456,8.668738043470887e-06,0.005930975517419973,1.3501823245822848,-0.9877426697793529,-0.0,-3.1443589080679224e-09,0.854
2040.0020000003278,8.797729395407084e-06,0.00603394537032163,1.2657910380844326,-1.0066652295861747,-0.0,-3.341439030567783e-09,0.854
2040.0020000003278,8.797719215441576e-06,0.00603394537032163,1.2657910380844326,-1.0066652295861747,-0.0,-3.3414126231582132e-09,0.854
2039.9939999990165,8.797733346817443e-06,0.00603394537032163,1.2657910380844326,-1.0066652295861747,-0.0,-3.341441043946506e-09,0.854
2039.9990000016987,9.029927827836438e-06,0.006198249805678555,1.4595897401641205,-1.0389187134097937,-0.0,-3.3817487032201726e-09,0.854
2220.7840000018477,9.597583218496912e-06,0.006717808725036276,1.006615667429596,-1.0782848658332327,3.8806583599748627,-4.245430200566447e-09,0.863
2250.759999997914,9.51822374487898e-06,0.006739742561367601,0.9571863674706655,-1.052234073619116,3.8512644913132665,-4.0464162732796134e-09,0.864
2260.75,9.555696714368922e-06,0.006800156969479364,0.9857811641427259,-1.0590179264755974,3.8469079122031475,-4.049820102946639e-09,0.865
2260.75,9.555696714368922e-06,0.006800156969479364,0.9857811641427259,-1.0590179264755974,3.8469079122031475,-4.049820102946639e-09,0.865
2207.7190000005066,1.1572177513024085e-05,0.008692333221513332,2.689957580698053,1.2251704367698912,3.5081260353483317,3.747542542739572e-09,0.862
2207.7190000005066,1.1572177513024085e-05,0.008692333221513332,2.689957580698053,1.2251704367698912,3.5081260353483317,3.747542542739572e-09,0.862
2250.52499999851,9.46306864209206e-06,0.006681530627340569,0.9199263793381407,-0.998276943450718,3.902872166430498,-3.7022369282483714e-09,0.863
2250.52499999851,9.46306864209206e-06,0.006681530627340569,0.9199263793381407,-0.998276943450718,3.902872166430498,-3.7022369282483714e-09,0.863
2039.9989999979734,8.797730319402351e-06,0.006004627844883917,1.2633610025785789,-0.9314094557669875,-0.0,-2.947266094603066e-09,0.852
2040.0,8.694527226035131e-06,0.005935657178762154,1.2886153218276082,-0.9541340266738862,-0.0,-2.9786148177019284e-09,0.851
2039.9990000016987,8.668732409771592e-06,0.005906681715556439,1.239993866831533,-0.8877138619739757,-0.0,-2.656117339319046e-09,0.85
2040.0020000003278,8.513925659704394e-06,0.005830951894845277,1.3712293914107434,-0.888350802624139,-0.0,-2.579972044264067e-09,0.85
2040.0009999983013,8.565528827621081e-06,0.005843268849682759,1.2535435095764837,-0.8320492463454819,-0.0,-2.463519290429493e-09,0.849
2040.0,8.711733281073718e-06,0.005909170893923644,1.0598341873655546,-0.7825728274999877,-0.0,-2.400817745145656e-09,0.849
2039.9989999979734,8.797727451896444e-06,0.005953249236390804,0.9017782751675383,-0.7352935713422543,-0.0,-2.33810727374931e-09,0.849
2040.0,8.797732390077945e-06,0.006004627844883848,1.2633610025783595,-0.931409455766813,-0.0,-2.947268559922724e-09,0.848
2040.0,8.754728687884302e-06,0.0059496800595037445,1.1993021865847115,-0.9179334990346042,-0.0,-2.8800788509067573e-09,0.848
2040.0,8.513932480495195e-06,0.005830951894845229,1.3712293914104627,-0.8883508026239431,-0.0,-2.5799768335106597e-09,0.848
2040.0,8.496736147163597e-06,0.005792715732327499,1.2795936452734322,-0.826678319142156,-0.0,-2.4276965527265452e-09,0.847
2039.9979999996722,8.711731412073653e-06,0.005909170893923575,1.059834187365344,-0.7825728274998233,-0.0,-2.400823585719685e-09,0.847
2039.9989999979734,8.797731736623641e-06,0.005953249236390742,0.9017782751675951,-0.7352935713423375,-0.0,-2.338100026058674e-09,0.847
2040.0009999983013,8.88372699588873e-06,0.006024188714939298,1.1179442888998672,-0.8627383304401713,-0.0,-2.682997953534196e-09,0.847
2040.0010000020266,8.746128753903673e-06,0.0059433601112303626,1.1768131053708375,-0.8897480813298829,-0.0,-2.7009102840404612e-09,0.846
2040.0,8.513931936309596e-06,0.005830951894845258,1.3712293914107372,-0.8883508026240517,-0.0,-2.5799761050089136e-09,0.846
2039.9989999979734,8.694533661633076e-06,0.005872557203176033,1.0484344149110898,-0.7293326103891307,-0.0,-2.100712596845419e-09,0.846
2040.0,8.711722337958602e-06,0.005909170893923682,1.059834187365495,-0.7825728274999184,-0.0,-2.400809957008532e-09,0.846
2040.0,8.79772957043435e-06,0.005953249236390873,0.9017782751674068,-0.7352935713421848,-0.0,-2.3381042743637667e-09,0.846
2039.9990000016987,8.943929544325242e-06,0.006096179024012546,1.2202776775287143,-0.8425945886232724,-0.0,-2.6426904407704294e-09,0.845
2040.0,8.88372905993832e-06,0.0060241887149393705,1.1179442888997748,-0.8627383304402011,-0.0,-2.682999278374836e-09,0.845
2040.0,8.746130983908604e-06,0.0059433601112304025,1.176813105370801,-0.8897480813299486,-0.0,-2.7009078752745446e-09,0.845
2039.9979999996722,8.746128712552764e-06,0.0059433601112304025,1.176813105370801,-0.8897480813299486,-0.0,-2.700911275750803e-09,0.845
2040.0,8.51392732837454e-06,0.005830951894845293,1.371229391410699,-0.8883508026241225,-0.0,-2.579977735734185e-09,0.845
2039.9989999979734,8.513930954724368e-06,0.005830951894845293,1.371229391410699,-0.8883508026241225,-0.0,-2.5799760549841003e-09,0.845
2039.9989999979734,8.685930542861635e-06,0.005873391867238529,1.0814925173610437,-0.7608526088216497,-0.0,-2.279884449406277e-09,0.845
2040.0010000020266,8.582730362328928e-06,0.005810740562299517,1.1448670009346742,-0.7584626981542596,-0.0,-2.203726602973863e-09,0.844
2039.9990000016987,8.711727816038913e-06,0.005909170893923666,1.0598341873655004,-0.7825728274999697,-0.0,-2.4008195218782185e-09,0.844
2040.0009999983013,8.711728437234338e-06,0.005909170893923666,1.0598341873655004,-0.7825728274999697,-0.0,-2.400809708643354e-09,0.844
2040.0020000003278,8.797731497517355e-06,0.005953249236390832,0.9017782751677448,-0.735293571342485,-0.0,-2.338098850972434e-09,0.844
2040.0010000020266,8.943923336816292e-06,0.006096179024012505,1.2202776775287854,-0.8425945886233206,-0.0,-2.642690195260843e-09,0.844
2040.0020000003278,8.943925804968445e-06,0.006096179024012505,1.2202776775287854,-0.8425945886233206,-0.0,-2.642682768888608e-09,0.844
2040.0,8.943930374195991e-06,0.006096179024012505,1.2202776775287854,-0.8425945886233206,-0.0,-2.6426786691919094e-09,0.844
2040.0,8.943928543088531e-06,0.006096179024012505,1.2202776775287854,-0.8425945886233206,-0.0,-2.6426799374896445e-09,0.843
2040.0009999983013,8.883734787647173e-06,0.006024188714939326,1.1179442888995244,-0.8627383304400048,-0.0,-2.6830003518208653e-09,0.843
2039.9979999996722,8.875128082537593e-06,0.006018490028422571,1.0960541143702986,-0.8343933676723145,-0.0,-2.5038369616750796e-09,0.843
2040.0009999983013,8.746124574122779e-06,0.005943360111230391,1.1768131053708295,-0.8897480813299616,-0.0,-2.7009217446579708e-09,0.843
2040.0,8.746131805141473e-06,0.005943360111230391,1.1768131053708295,-0.8897480813299616,-0.0,-2.7009200102148242e-09,0.843
2040.0020000003278,8.668725022665201e-06,0.005906681715556441,1.2399938668315293,-0.8877138619739752,-0.0,-2.656121184305741e-09,0.843
2040.0,8.51393564695257e-06,0.0058309518948452795,1.371229391410738,-0.8883508026241379,-0.0,-2.579977875852304e-09,0.843
2039.9990000016987,8.51393905114477e-06,0.0058309518948452795,1.371229391410738,-0.8883508026241379,-0.0,-2.5799925341374997e-09,0.843
2039.9979999996722,8.608529976056033e-06,0.005862531965435356,1.2322696002430042,-0.8520507024720156,-0.0,-2.6023721314662675e-09,0.842
2039.9989999979734,8.608531258705807e-06,0.005862531965435356,1.2322696002430042,-0.8520507024720156,-0.0,-2.602371688504426e-09,0.842
2039.9989999979734,8.72893408888002e-06,0.005893665592621177,1.0563184660311506,-0.7806642027363937,-0.0,-2.41873230857302e-09,0.842
2040.0,8.694523829307598e-06,0.005872557203176044,1.0484344149111022,-0.7293326103892191,-0.0,-2.100708877752813e-09,0.842
2040.0,8.823530445983567e-06,0.005970515792084379,0.9695253188684432,-0.7539110154820154,-0.0,-2.297788967696638e-09,0.842
2039.9989999979734,8.711732885965666e-06,0.005909170893923647,1.05983418736525,-0.7825728274997331,-0.0,-2.4008076817617956e-09,0.842
2040.0,8.711732862704604e-06,0.005909170893923647,1.05983418736525,-0.7825728274997331,-0.0,-2.4008134502391896e-09,0.842
2040.0,8.711733104494045e-06,0.005909170893923647,1.05983418736525,-0.7825728274997331,-0.0,-2.400817433911424e-09,0.842
2040.0,8.82353177627123e-06,0.005966135369050019,0.8987448394944968,-0.7602278853309424,-0.0,-2.5038357814221883e-09,0.841
2040.0020000003278,8.797728534493914e-06,0.005953249236390812,0.9017782751675147,-0.7352935713422503,-0.0,-2.3380997692624945e-09,0.841
2039.9989999979734,8.797730016640358e-06,0.005953249236390812,0.9017782751675147,-0.7352935713422503,-0.0,-2.3381031187216286e-09,0.841
2040.0,8.79772665499908e-06,0.005953249236390812,0.9017782751675147,-0.7352935713422503,-0.0,-2.3381026374929613e-09,0.841
2040.0009999983013,8.943930736105136e-06,0.006096179024012485,1.2202776775291486,-0.8425945886235843,-0.0,-2.642688893645692e-09,0.841
2040.0,8.943930841115595e-06,0.006096179024012485,1.2202776775291486,-0.8425945886235843,-0.0,-2.6426850652775732e-09,0.841
2039.9979999996722,8.969729665419072e-06,0.006101805154525192,1.1644985388303146,-0.8099356775185708,-0.0,-2.476955541929593e-09,0.841
2040.0010000020266,8.969722860454831e-06,0.006101805154525192,1.1644985388303146,-0.8099356775185708,-0.0,-2.476954202055117e-09,0.84
2040.0009999983013,9.029928871266561e-06,0.006116515732496867,1.0833036667852411,-0.7756219359297933,-0.0,-2.3784095065798137e-09,0.841
2039.9990000016987,9.029930210967757e-06,0.006116515732496867,1.0833036667852411,-0.7756219359297933,-0.0,-2.378421108125772e-09,0.84
2039.9979999996722,9.029930951580755e-06,0.006116515732496867,1.0833036667852411,-0.7756219359297933,-0.0,-2.3784175220056692e-09,0.84
2039.9990000016987,8.875131087107012e-06,0.006018490028422509,1.0960541143703937,-0.8343933676723846,-0.0,-2.503836949966836e-09,0.84
2040.0,8.875128574037361e-06,0.006018490028422509,1.0960541143703937,-0.8343933676723846,-0.0,-2.5038344648227744e-09,0.84
2040.0,8.875124873965429e-06,0.006018490028422509,1.0960541143703937,-0.8343933676723846,-0.0,-2.5038346762227e-09,0.84
2040.0,8.746131313155425e-06,0.005943360111230327,1.1768131053705897,-0.8897480813297847,-0.0,-2.7009137460922113e-09,0.84
2039.9979999996722,8.746131168515271e-06,0.005943360111230327,1.1768131053705897,-0.8897480813297847,-0.0,-2.7009196961551596e-09,0.84
2039.9990000016987,8.875127200519353e-06,0.006018490028422509,1.0960541143703937,-0.8343933676723846,-0.0,-2.5038381812449793e-09,0.84
2039.9989999979734,8.746132497249982e-06,0.005943360111230327,1.1768131053705897,-0.8897480813297847,-0.0,-2.7009127534801105e-09,0.84
2040.0,8.746132037528491e-06,0.005943360111230327,1.1768131053705897,-0.8897480813297847,-0.0,-2.700909435175913e-09,0.839
2040.0,8.668727749630612e-06,0.005906681715556376,1.2399938668316306,-0.8877138619740526,-0.0,-2.6561196521180162e-09,0.839
2040.0010000020266,8.668721779166858e-06,0.005906681715556376,1.2399938668316306,-0.8877138619740526,-0.0,-2.6561172674308516e-09,0.839
2040.0010000020266,8.668732556842671e-06,0.005906681715556376,1.2399938668316306,-0.8877138619740526,-0.0,-2.6561248213041016e-09,0.839
2040.0010000020266,8.668730521349974e-06,0.005906681715556376,1.2399938668316306,-0.8877138619740526,-0.0,-2.6561289962675656e-09,0.839
2039.9979999996722,8.6687308174366e-06,0.005906681715556376,1.2399938668316306,-0.8877138619740526,-0.0,-2.656122526690273e-09,0.839
2040.0,8.608526620504348e-06,0.00587923119779477,1.2827183062310281,-0.8756344038604184,-0.0,-2.557575628912795e-09,0.839
2040.0009999983013,8.668729228349074e-06,0.005906681715556376,1.2399938668316306,-0.8877138619740526,-0.0,-2.6561205870782033e-09,0.839
2040.0009999983013,8.6687266306774e-06,0.005906681715556376,1.2399938668316306,-0.8877138619740526,-0.0,-2.656122708082968e-09,0.839
2039.9990000016987,8.66873254619748e-06,0.005906681715556376,1.2399938668316306,-0.8877138619740526,-0.0,-2.6561229956224637e-09,0.839
2039.9989999979734,8.608529670023127e-06,0.00587923119779477,1.2827183062310281,-0.8756344038604184,-0.0,-2.5575763327475376e-09,0.838
2039.9990000016987,8.60853234121408e-06,0.00587923119779477,1.2827183062310281,-0.8756344038604184,-0.0,-2.5575836644874593e-09,0.838
2040.0009999983013,8.51393065179045e-06,0.005830951894845234,1.3712293914104432,-0.8883508026239401,-0.0,-2.579984401744566e-09,0.838
2039.9959999993443,8.608530770119052e-06,0.00587923119779477,1.2827183062310281,-0.8756344038604184,-0.0,-2.5575888058690546e-09,0.838
2039.9989999979734,8.608531636575931e-06,0.005862531965435326,1.2322696002430025,-0.8520507024720728,-0.0,-2.602382307871329e-09,0.838
2040.0009999983013,8.608533573720646e-06,0.005862531965435326,1.2322696002430025,-0.8520507024720728,-0.0,-2.6023769662662595e-09,0.838
2040.0,8.608532481088952e-06,0.005862531965435326,1.2322696002430025,-0.8520507024720728,-0.0,-2.6023759377978177e-09,0.838
2040.0,8.60852882338544e-06,0.005862531965435326,1.2322696002430025,-0.8520507024720728,-0.0,-2.6023757268866494e-09,0.838
2040.0,8.651519204419149e-06,0.005873391867238481,1.1570964958392835,-0.8166998112816406,-0.0,-2.463513948251232e-09,0.838
2039.9990000016987,8.72893170348425e-06,0.005893665592621145,1.0563184660311506,-0.7806642027364505,-0.0,-2.4187358136073913e-09,0.838
2040.0010000020266,8.685930115195235e-06,0.00588339859987122,1.1269012311064124,-0.8155725448697678,-0.0,-2.5575811536940196e-09,0.837
2040.0010000020266,8.728927251539684e-06,0.005893665592621145,1.0563184660311506,-0.7806642027364505,-0.0,-2.4187230349809472e-09,0.837
2039.9990000016987,8.728934709389192e-06,0.005893665592621145,1.0563184660311506,-0.7806642027364505,-0.0,-2.4187292413232726e-09,0.837
2040.0020000003278,8.728928667163841e-06,0.005893665592621145,1.0563184660311506,-0.7806642027364505,-0.0,-2.418736423676192e-09,0.837
2039.9990000016987,8.737531092710911e-06,0.005893388341505264,1.0206615158910406,-0.7490388993984035,-0.0,-2.2395639501294274e-09,0.837
2039.9979999996722,8.694534879494862e-06,0.005872557203176015,1.0484344149108145,-0.7293326103890208,-0.0,-2.100708145887157e-09,0.837
2040.0009999983013,8.737531390627872e-06,0.005893388341505264,1.0206615158910406,-0.7490388993984035,-0.0,-2.239559689422281e-09,0.837
2040.0,8.737529902571473e-06,0.005893388341505264,1.0206615158910406,-0.7490388993984035,-0.0,-2.2395624120503974e-09,0.837
2040.0,8.694525549997849e-06,0.005872557203176015,1.0484344149108145,-0.7293326103890208,-0.0,-2.1007111961634096e-09,0.837
2040.0,8.685938046788968e-06,0.0058733918672384785,1.0814925173607959,-0.7608526088214678,-0.0,-2.2798789101593982e-09,0.837
2040.002999998629,8.694523365524594e-06,0.005872557203176015,1.0484344149108145,-0.7293326103890208,-0.0,-2.100698753927303e-09,0.837
2040.0,8.69453510771852e-06,0.005872557203176015,1.0484344149108145,-0.7293326103890208,-0.0,-2.1007163201221976e-09,0.837
2040.0,8.685931099533076e-06,0.0058733918672384785,1.0814925173607959,-0.7608526088214678,-0.0,-2.2798799048043384e-09,0.836
2039.9990000016987,8.728931683503459e-06,0.005893665592621145,1.0563184660311506,-0.7806642027364505,-0.0,-2.4187230522282813e-09,0.836
2040.0,8.694526546309179e-06,0.005872557203176015,1.0484344149108145,-0.7293326103890208,-0.0,-2.1007155607807165e-09,0.836
2039.9989999979734,8.728931990144363e-06,0.005893665592621145,1.0563184660311506,-0.7806642027364505,-0.0,-2.4187348342760004e-09,0.836
2040.0,8.737528852609611e-06,0.005893388341505264,1.0206615158910406,-0.7490388993984035,-0.0,-2.2395765376998553e-09,0.836
2040.0019999966025,8.694526082370253e-06,0.005872557203176015,1.0484344149108145,-0.7293326103890208,-0.0,-2.100707126510938e-09,0.836
2040.0,8.694526780105383e-06,0.005872557203176015,1.0484344149108145,-0.7293326103890208,-0.0,-2.100712821555672e-09,0.836
2040.0,8.694531939368596e-06,0.005872557203176015,1.0484344149108145,-0.7293326103890208,-0.0,-2.1007049283468016e-09,0.836
2040.0,1.7500853571085224e-05,0.011863190722467777,-1.2123111298915887,0.400279271637918,-0.0,4.52838781413093e-09,0.836
2040.0009999983013,8.883729024216242e-06,0.005975166472918171,0.7714987324644618,-0.6676182919527455,-0.0,-2.073839743905213e-09,0.835
2040.0009999983013,8.943926547001235e-06,0.006096179024012506,1.2202776775287818,-0.8425945886233202,-0.0,-2.6426849924494347e-09,0.835
2040.0,8.737528931351947e-06,0.005893388341505305,1.0206615158912982,-0.7490388993986022,-0.0,-2.2395657887044313e-09,0.835
2040.0010000020266,9.029932480320162e-06,0.006116515732496872,1.0833036667852314,-0.775621935929796,-0.0,-2.3784250923189544e-09,0.835
2040.0,8.694534006745814e-06,0.0058725572031760095,1.0484344149108287,-0.7293326103890269,-0.0,-2.1007155959515585e-09,0.835
2039.9979999996722,8.797728646985433e-06,0.0059532492363907515,0.9017782751675667,-0.7352935713423362,-0.0,-2.3381077280746287e-09,0.835
2040.0,9.021327682607359e-06,0.006111437899759256,1.0637499057300825,-0.747165718651416,-0.0,-2.1992517354473345e-09,0.835
2040.0,8.60853012628646e-06,0.0058625319654353495,1.2322696002429563,-0.8520507024719265,-0.0,-2.6023735310254564e-09,0.835
2039.9990000016987,8.823534701000722e-06,0.005970515792084423,0.9695253188686461,-0.7539110154821991,-0.0,-2.2977924223233897e-09,0.835
2040.0020000003278,9.029922597928889e-06,0.006116515732496939,1.0833036667853806,-0.7756219359299704,-0.0,-2.37840668042601e-09,0.835
2040.0010000020266,9.02132707531931e-06,0.006111437899759319,1.063749905730015,-0.7471657186514491,-0.0,-2.199259168276178e-09,0.835
2040.0020000003278,8.728924218416601e-06,0.005893665592621195,1.0563184660308043,-0.7806642027361229,-0.0,-2.418727584828169e-09,0.835
2040.0,8.82352489256928e-06,0.0059705157920844,0.969525318868393,-0.753911015481999,-0.0,-2.2977927225962303e-09,0.834
2039.9989999979734,8.797729538493097e-06,0.005953249236390834,0.9017782751674637,-0.7352935713422326,-0.0,-2.338101108732713e-09,0.834
2039.9989999979734,9.021325771063802e-06,0.006111437899759266,1.0637499057298374,-0.7471657186512545,-0.0,-2.199250870067094e-09,0.834
2040.0,9.021329275494114e-06,0.006111437899759266,1.0637499057298374,-0.7471657186512545,-0.0,-2.1992636638810416e-09,0.834
2039.9990000016987,8.608531991506157e-06,0.005862531965435352,1.2322696002433418,-0.8520507024722729,-0.0,-2.6023780369271177e-09,0.834
2040.0,8.694529521608277e-06,0.005872557203176042,1.0484344149108331,-0.7293326103889651,-0.0,-2.100714472475222e-09,0.834
2039.9990000016987,8.711733647425956e-06,0.005909170893923644,1.0598341873655546,-0.7825728274999877,-0.0,-2.4008137379485646e-09,0.834
2039.9990000016987,8.797732262621203e-06,0.005953249236390804,0.9017782751675383,-0.7352935713422543,-0.0,-2.3381108289523246e-09,0.834
2040.0009999983013,9.02992292053763e-06,0.006116515732496858,1.0833036667855547,-0.7756219359300426,-0.0,-2.3784173758111413e-09,0.834
2039.9979999996722,9.029931298164855e-06,0.006116515732496858,1.0833036667855547,-0.7756219359300426,-0.0,-2.3784208287747254e-09,0.834
2039.9990000016987,9.021324682580923e-06,0.00611143789975924,1.063749905729905,-0.7471657186512745,-0.0,-2.199258524008867e-09,0.834
2039.9989999979734,9.02133205033968e-06,0.00611143789975924,1.063749905729905,-0.7471657186512745,-0.0,-2.199253639769477e-09,0.834
2040.0,8.75472901527675e-06,0.005975986805595628,1.2555264097871328,-0.7761510891057471,-0.0,-2.253001295456508e-09,0.834
2040.0,8.685930981971662e-06,0.005883398599871214,1.126901231106431,-0.8155725448697715,-0.0,-2.5575793950303944e-09,0.833
2039.9990000016987,8.694536975045046e-06,0.005872557203176,1.0484344149111369,-0.7293326103892833,-0.0,-2.100716265630373e-09,0.833
2040.0,8.694531873891594e-06,0.005872557203176,1.0484344149111369,-0.7293326103892833,-0.0,-2.100710219779748e-09,0.833
2040.0,8.711728723756062e-06,0.005909170893923575,1.059834187365344,-0.7825728274998233,-0.0,-2.4008167412205786e-09,0.833
2039.9990000016987,8.685929792085603e-06,0.005896714494535424,1.0619407894737831,-0.7572714497154482,-0.0,-2.2350839425654803e-09,0.833
2040.0,8.797731322516704e-06,0.005953249236390742,0.9017782751675951,-0.7352935713423375,-0.0,-2.33810507902823e-09,0.833
2040.0,8.823527956869617e-06,0.005959558697527843,0.8489148871005834,-0.7019926551445411,-0.0,-2.1723705742728423e-09,0.833
2039.9979999996722,9.029926291282427e-06,0.006116515732496859,1.0833036667854978,-0.7756219359299414,-0.0,-2.3784128194798945e-09,0.833
2040.0,9.021327047352106e-06,0.006111437899759239,1.0637499057301323,-0.7471657186514191,-0.0,-2.1992511366760226e-09,0.833
2040.0010000020266,9.021322667437146e-06,0.006111437899759239,1.0637499057301323,-0.7471657186514191,-0.0,-2.1992529253100107e-09,0.833
2040.0009999983013,9.021328043695136e-06,0.006111437899759239,1.0637499057301323,-0.7471657186514191,-0.0,-2.19925459340227e-09,0.833
2040.0020000003278,9.021325481526522e-06,0.006111437899759239,1.0637499057301323,-0.7471657186514191,-0.0,-2.1992524517561423e-09,0.833
2039.9990000016987,8.754733011523222e-06,0.0059759868055956145,1.2555264097868148,-0.7761510891054076,-0.0,-2.2529979386869185e-09,0.833
2040.0,8.74612773810534e-06,0.005922428842855959,1.0718600834434149,-0.8047967423423352,-0.0,-2.441133539256628e-09,0.832
2039.9989999979734,8.728930618510313e-06,0.005893665592621163,1.056318466030838,-0.7806642027360524,-0.0,-2.4187395307740723e-09,0.832
2039.9979999996722,8.737533227425738e-06,0.00589338834150528,1.0206615158913221,-0.7490388993985146,-0.0,-2.2395633697012277e-09,0.832
2039.9979999996722,8.694533709395289e-06,0.005872557203176033,1.0484344149110898,-0.7293326103891307,-0.0,-2.100711455282769e-09,0.832
2039.9990000016987,8.694533574984147e-06,0.005872557203176033,1.0484344149110898,-0.7293326103891307,-0.0,-2.100723314546556e-09,0.832
2039.9989999979734,8.694534217457368e-06,0.005872557203176033,1.0484344149110898,-0.7293326103891307,-0.0,-2.1007131578619837e-09,0.832
2040.0010000020266,8.694528659536048e-06,0.005872557203176033,1.0484344149110898,-0.7293326103891307,-0.0,-2.1007109553359045e-09,0.832
2039.9989999979734,8.68592698924458e-06,0.0058967144945355305,1.061940789473641,-0.7572714497152906,-0.0,-2.235083702156897e-09,0.832
2039.9979999996722,8.685932054236392e-06,0.0058967144945355305,1.061940789473641,-0.7572714497152906,-0.0,-2.235080855748056e-09,0.832
2040.0020000003278,9.021316637885359e-06,0.006111437899759239,1.0637499057301323,-0.7471657186514191,-0.0,-2.1992435489860137e-09,0.831
2040.0020000003278,8.728931499337136e-06,0.005893665592621163,1.056318466030838,-0.7806642027360524,-0.0,-2.4187442417420988e-09,0.832
2040.0,8.694525934285286e-06,0.005872557203176033,1.0484344149110898,-0.7293326103891307,-0.0,-2.1007059418606567e-09,0.832
2040.0,8.694529921473361e-06,0.005872557203176033,1.0484344149110898,-0.7293326103891307,-0.0,-2.1007053341438597e-09,0.832
2039.9989999979734,8.694530063429146e-06,0.005872557203176033,1.0484344149110898,-0.7293326103891307,-0.0,-2.10071326066607e-09,0.832
2039.9959999993443,8.694527062021914e-06,0.005872557203176033,1.0484344149110898,-0.7293326103891307,-0.0,-2.1007135518206164e-09,0.831
2040.0,8.694528034929095e-06,0.005872557203176033,1.0484344149110898,-0.7293326103891307,-0.0,-2.100709239118049e-09,0.831
2040.0020000003278,8.711727739530531e-06,0.005909170893923682,1.059834187365495,-0.7825728274999184,-0.0,-2.4008155906582513e-09,0.831
2039.9979999996722,8.797730239665258e-06,0.005953249236390873,0.9017782751674068,-0.7352935713421848,-0.0,-2.33810716985814e-09,0.831
1919.997000001371,8.415035987061997e-06,0.005448961045060611,1.4802087870601799,-1.0238193687239519,-0.0,-3.4041412462700554e-09,0.824
2039.9979999996722,8.68593665663742e-06,0.0058967144945355305,1.061940789473641,-0.7572714497152906,-0.0,-2.2350843258362807e-09,0.831
2040.0,8.935337401806745e-06,0.006027442688195158,0.8147182604896841,-0.7325681067264318,-0.0,-2.400810357630886e-09,0.831
2040.0009999983013,8.797727674353618e-06,0.005953249236390873,0.9017782751674068,-0.7352935713421848,-0.0,-2.3380997700670132e-09,0.831
2039.997000001371,8.883734399374917e-06,0.005975166472918162,0.7714987324644871,-0.6676182919527478,-0.0,-2.0738218657190575e-09,0.831
2039.9990000016987,9.0299258009223e-06,0.0061165157324969315,1.0833036667854046,-0.7756219359299729,-0.0,-2.378427081796848e-09,0.831
2039.997000001371,8.88373671524391e-06,0.005975166472918162,0.7714987324644871,-0.6676182919527478,-0.0,-2.0738450135755934e-09,0.831
2039.997000001371,8.883729563886515e-06,0.005975166472918162,0.7714987324644871,-0.6676182919527478,-0.0,-2.0738468967526714e-09,0.831
2039.997000001371,9.029934368891422e-06,0.0061165157324969315,1.0833036667854046,-0.7756219359299729,-0.0,-2.378410640220719e-09,0.831
2039.9979999996722,9.02133586289476e-06,0.00611143789975931,1.0637499057297646,-0.7471657186512061,-0.0,-2.1992563149319883e-09,0.831
2040.002999998629,9.021321183915974e-06,0.00611143789975931,1.0637499057297646,-0.7471657186512061,-0.0,-2.199253135875128e-09,0.83
2039.9990000016987,9.021328401365648e-06,0.00611143789975931,1.0637499057297646,-0.7471657186512061,-0.0,-2.1992569235146135e-09,0.83
2039.9990000016987,9.02133709094913e-06,0.00611143789975931,1.0637499057297646,-0.7471657186512061,-0.0,-2.199258830456134e-09,0.83
2040.0,9.021326194211039e-06,0.00611143789975931,1.0637499057297646,-0.7471657186512061,-0.0,-2.1992550744612682e-09,0.83
2039.9979999996722,9.021330109612587e-06,0.00611143789975931,1.0637499057297646,-0.7471657186512061,-0.0,-2.1992540972898125e-09,0.83
2039.9990000016987,8.883723483166188e-06,0.005975166472918162,0.7714987324644871,-0.6676182919527478,-0.0,-2.07383521619625e-09,0.83
2040.0040000006557,9.029921474785864e-06,0.0061165157324969315,1.0833036667854046,-0.7756219359299729,-0.0,-2.3784209325334234e-09,0.83
2039.9990000016987,9.021326792364823e-06,0.00611143789975931,1.0637499057297646,-0.7471657186512061,-0.0,-2.1992418916467204e-09,0.83
2040.0010000020266,9.021316509583193e-06,0.00611143789975931,1.0637499057297646,-0.7471657186512061,-0.0,-2.199256086379204e-09,0.83
2039.9979999996722,9.021332364951083e-06,0.00611143789975931,1.0637499057297646,-0.7471657186512061,-0.0,-2.1992599284514414e-09,0.83
2040.0009999983013,9.021325528423487e-06,0.00611143789975931,1.0637499057297646,-0.7471657186512061,-0.0,-2.1992550981727185e-09,0.83
2039.9980000033975,9.021328668987451e-06,0.00611143789975931,1.0637499057297646,-0.7471657186512061,-0.0,-2.199250459171563e-09,0.83
2040.0020000003278,9.021330119229315e-06,0.00611143789975931,1.0637499057297646,-0.7471657186512061,-0.0,-2.1992553091994808e-09,0.83
2040.0009999983013,9.021325577083624e-06,0.00611143789975931,1.0637499057297646,-0.7471657186512061,-0.0,-2.1992449175656248e-09,0.83
2040.0,9.02133031068374e-06,0.00611143789975931,1.0637499057297646,-0.7471657186512061,-0.0,-2.1992520644076595e-09,0.83
2040.0,9.021328854578714e-06,0.00611143789975931,1.0637499057297646,-0.7471657186512061,-0.0,-2.1992568389463077e-09,0.83
2040.0,8.943930966463642e-06,0.006076849889141855,1.124846318427366,-0.740398745645695,-0.0,-2.154462562146184e-09,0.829
2039.9960000030696,9.055729927941248e-06,0.00610501775837428,0.9490442061739621,-0.6592021831734177,-0.0,-2.033524056196674e-09,0.829
2040.0,8.978327955237638e-06,0.006083299758166812,1.043049921885948,-0.6926822415436936,-0.0,-2.078310070947285e-09,0.829
1919.9990000016987,8.905229555783269e-06,0.005711829829397939,1.1680425796955713,-0.8438492594511341,-0.0,-2.848729971759284e-09,0.829
1920.0,8.905231357982148e-06,0.005716976782304776,1.1962134069573755,-0.8761779266615051,-0.0,-3.0637202096252158e-09,0.829
1919.9989999979734,8.905229499066842e-06,0.005716976782304776,1.1962134069573755,-0.8761779266615051,-0.0,-3.0637183674688044e-09,0.829
1919.9989999979734,8.905231241182949e-06,0.005716976782304776,1.1962134069573755,-0.8761779266615051,-0.0,-3.0637294138440057e-09,0.829
1919.9990000016987,8.905235115874754e-06,0.005711829829397939,1.1680425796955713,-0.8438492594511341,-0.0,-2.848734059781579e-09,0.829
1919.9990000016987,8.90522780698263e-06,0.005711829829397939,1.1680425796955713,-0.8438492594511341,-0.0,-2.8487315112391176e-09,0.829
1920.0019999966025,8.741833038950023e-06,0.005617724052444326,1.22269933268438,-0.9380674874468706,-0.0,-3.207059225447116e-09,0.829
1920.0010000020266,8.619284134493662e-06,0.005555204237257786,1.3259367842138126,-0.9724989535271155,-0.0,-3.3145608610644084e-09,0.829
1920.0,8.619280885551516e-06,0.005555204237257786,1.3259367842138126,-0.9724989535271155,-0.0,-3.314560757593091e-09,0.829
1919.9979999996722,8.61928352708973e-06,0.005555204237257786,1.3259367842138126,-0.9724989535271155,-0.0,-3.3145642289655724e-09,0.829
1920.0009999983013,8.557998639670797e-06,0.005525342683011229,1.3736695894568562,-0.9608903663545434,-0.0,-3.1801775007380504e-09,0.829
1920.0,8.55800499068993e-06,0.005525342683011229,1.3736695894568562,-0.9608903663545434,-0.0,-3.1801803243614097e-09,0.828
1919.9990000016987,8.558010452366434e-06,0.005525342683011229,1.3736695894568562,-0.9608903663545434,-0.0,-3.1801974514299284e-09,0.828
1920.0009999983013,8.55800397616411e-06,0.005525342683011229,1.3736695894568562,-0.9608903663545434,-0.0,-3.1801895053961055e-09,0.828
1919.9989999979734,8.558005813398318e-06,0.005525342683011229,1.3736695894568562,-0.9608903663545434,-0.0,-3.1801815735844265e-09,0.828
1920.0010000020266,8.558007757414182e-06,0.005525342683011229,1.3736695894568562,-0.9608903663545434,-0.0,-3.180175096616016e-09,0.828
1920.0010000020266,8.557999972949574e-06,0.005525342683011229,1.3736695894568562,-0.9608903663545434,-0.0,-3.180177887228901e-09,0.828
1920.0010000020266,8.558006869677829e-06,0.005525342683011229,1.3736695894568562,-0.9608903663545434,-0.0,-3.1801841915245616e-09,0.828
1920.0,8.558002614514565e-06,0.005525342683011229,1.3736695894568562,-0.9608903663545434,-0.0,-3.180173240654179e-09,0.828
1920.0,8.558003703311419e-06,0.005525342683011229,1.3736695894568562,-0.9608903663545434,-0.0,-3.1801708387480806e-09,0.828
1920.0009999983013,8.558002148932686e-06,0.005525342683011229,1.3736695894568562,-0.9608903663545434,-0.0,-3.180187235873633e-09,0.828
1919.9989999979734,8.558004814686574e-06,0.005525342683011229,1.3736695894568562,-0.9608903663545434,-0.0,-3.1801810509978797e-09,0.828
1920.0,8.558007639789643e-06,0.005525342683011229,1.3736695894568562,-0.9608903663545434,-0.0,-3.18018409921312e-09,0.828
1919.9989999979734,8.558014045089102e-06,0.005525342683011229,1.3736695894568562,-0.9608903663545434,-0.0,-3.18018724710282e-09,0.828
1919.9989999979734,8.55800938856809e-06,0.005525342683011229,1.3736695894568562,-0.9608903663545434,-0.0,-3.180192000543615e-09,0.828
1920.0,8.51715549107402e-06,0.0055060127561229,1.3900979649354088,-0.9384047973954435,-0.0,-3.0010090251430475e-09,0.827
1920.0010000020266,8.517159601056338e-06,0.0055060127561229,1.3900979649354088,-0.9384047973954435,-0.0,-3.001022905246401e-09,0.827
1919.9989999979734,8.517159953993276e-06,0.0055060127561229,1.3900979649354088,-0.9384047973954435,-0.0,-3.001023189074442e-09,0.827
1920.0,8.660132194071135e-06,0.005609865259994562,1.267492407321992,-0.9550098598124964,-0.0,-3.2249727105956355e-09,0.827
1920.0009999983013,8.558006186344941e-06,0.005525342683011229,1.3736695894568562,-0.9608903663545434,-0.0,-3.1801809670611713e-09,0.827
1920.0,8.558007633925212e-06,0.005525342683011229,1.3736695894568562,-0.9608903663545434,-0.0,-3.1801808971052247e-09,0.827
1919.9989999979734,8.558012471488355e-06,0.005525342683011229,1.3736695894568562,-0.9608903663545434,-0.0,-3.1801904512686722e-09,0.827
1919.9979999996722,8.558003080903898e-06,0.005525342683011229,1.3736695894568562,-0.9608903663545434,-0.0,-3.1801780362058566e-09,0.827
1920.0,8.517158917726492e-06,0.0055060127561229,1.3900979649354088,-0.9384047973954435,-0.0,-3.0010186374856218e-09,0.827
1919.9989999979734,8.517150597613546e-06,0.0055060127561229,1.3900979649354088,-0.9384047973954435,-0.0,-3.0010109128215857e-09,0.827
1920.0,8.517154539889342e-06,0.0055060127561229,1.3900979649354088,-0.9384047973954435,-0.0,-3.001017135188935e-09,0.827
1920.0,8.660134289956523e-06,0.005609865259994562,1.267492407321992,-0.9550098598124964,-0.0,-3.2249795818763516e-09,0.827
1920.0,8.51715020963791e-06,0.0055060127561229,1.3900979649354088,-0.9384047973954435,-0.0,-3.001009481075822e-09,0.827
1919.9990000016987,8.660132037200906e-06,0.005609865259994562,1.267492407321992,-0.9550098598124964,-0.0,-3.2249796614234173e-09,0.827
1920.0,8.680553094195457e-06,0.005611830989866254,1.21014226902812,-0.9185174262840594,-0.0,-3.01893660046803e-09,0.827
1920.0009999983013,8.72140153339995e-06,0.005602651683118691,1.0185246001218111,-0.9065579816161095,-0.0,-3.2160049414519614e-09,0.826
1920.0,8.59885206074272e-06,0.00554659407946469,1.212945036384359,-0.9395116699544557,-0.0,-3.1085070887930017e-09,0.826
1920.0,8.578434576399233e-06,0.005545931205954172,1.2675160222788033,-0.9758076132586773,-0.0,-3.3145599141224978e-09,0.826
1920.0019999966025,8.455881657061842e-06,0.005443560685909216,1.3361915094433137,-0.9231021879051707,-0.0,-2.884567365005852e-09,0.826
1920.002999998629,8.598858542783261e-06,0.00554659407946469,1.212945036384359,-0.9395116699544557,-0.0,-3.1084986298970037e-09,0.826
1920.0020000003278,8.721401166300225e-06,0.005602651683118691,1.0185246001218111,-0.9065579816161095,-0.0,-3.2160108667032103e-09,0.826
1919.9979999996722,8.59884963613038e-06,0.00554659407946469,1.212945036384359,-0.9395116699544557,-0.0,-3.1085119802657928e-09,0.826
1919.997000001371,8.721405408943029e-06,0.005602651683118691,1.0185246001218111,-0.9065579816161095,-0.0,-3.2160247897803722e-09,0.826
1920.0,8.7214032646676e-06,0.005602651683118691,1.0185246001218111,-0.9065579816161095,-0.0,-3.216012794084376e-09,0.826
1920.0,8.721410257350793e-06,0.005602651683118691,1.0185246001218111,-0.9065579816161095,-0.0,-3.2160115646246376e-09,0.826
1920.0009999983013,8.721401973108262e-06,0.005602651683118691,1.0185246001218111,-0.9065579816161095,-0.0,-3.2160061625232394e-09,0.826
1920.0010000020266,8.72140184628869e-06,0.005602651683118691,1.0185246001218111,-0.9065579816161095,-0.0,-3.2160195788416572e-09,0.826
1919.9989999979734,8.721400505496485e-06,0.005602651683118691,1.0185246001218111,-0.9065579816161095,-0.0,-3.216016008588522e-09,0.826
1920.0020000003278,8.721406377611256e-06,0.005602651683118691,1.0185246001218111,-0.9065579816161095,-0.0,-3.216013330277394e-09,0.826
1920.002999998629,8.74183370641355e-06,0.005624264657817606,1.1196856130805681,-0.8785486538674732,-0.0,-2.8845645294151836e-09,0.826
1919.9990000016987,8.721411743323949e-06,0.005602651683118691,1.0185246001218111,-0.9065579816161095,-0.0,-3.2160122607119714e-09,0.826
2160.4680000022054,1.0214290060344212e-05,0.007017870904538622,1.1008359696248915,-1.1833571894388029,3.8224667738950338,-5.381025989255145e-09,0.835
2160.4850000031292,1.0068912121725679e-05,0.006896328960536427,1.0467766711784012,-1.1503966952082019,3.803623971123071,-5.1140780583008745e-09,0.836
2190.4710000008345,1.0196402201708067e-05,0.007081890679157043,1.0138211663126109,-1.1474190482083135,3.8837796127108493,-5.139701963322363e-09,0.837
