ChargingTime,VoltageSlope,VoltageStd,VoltageKurtosis,VoltageSkewness,VoltageEntropy,VoltageCurvature,Capacity
1862.0160000000612,0.0001348534727219,0.0731309981150479,-1.1972264091114853,0.2084742702196871,4.676480706892507,2.211604046338592e-08,2.643
3485.9839999999385,7.3745082899915e-05,0.0758809787644174,-0.9313074131607504,0.5221431998039016,5.451569002461696,1.6124978674729876e-08,2.64
3492.9920000000857,7.378685984801541e-05,0.0760750736684976,-0.9284616969330576,0.5226183201790033,5.484115631300671,1.6091131888347433e-08,2.641
3486.016000000061,7.389712637252827e-05,0.076030377990096,-0.9265874082009802,0.5220824397526477,5.454967946658962,1.6107783510846273e-08,2.635
3486.015999999945,7.404445959142482e-05,0.0761758338313281,-0.9283681094936448,0.5208568328072372,5.463579458413996,1.6105376193531995e-08,2.635
3486.015000000014,7.410473929389816e-05,0.0762363778254267,-0.926762002765502,0.5209652284089006,5.458637518885309,1.6106484677057113e-08,2.631
3479.0080000000307,7.42877213771219e-05,0.0762632858030951,-0.928256558251106,0.5195280619764688,5.461523201823956,1.6130942324781925e-08,2.628
3472.0,7.451885031877456e-05,0.0763394329311564,-0.9273847397877648,0.5185231107539129,5.465907483777735,1.616857416449847e-08,2.62
3465.0230000000447,7.463613777819678e-05,0.0763034849461243,-0.9285317086417466,0.5179907397088174,5.458482386650413,1.6212896915053893e-08,2.621
3464.9919999999693,7.465672485984016e-05,0.0763283050374234,-0.9282233351764156,0.5185722527297151,5.458884606339632,1.623892764435993e-08,2.617
3457.9839999999385,7.477307251950968e-05,0.0762851210049902,-0.9280083444468116,0.5174641649507764,5.463546918555544,1.6246085420138347e-08,2.612
3451.0080000000307,7.491209914248256e-05,0.0762730290225213,-0.9280897385632194,0.5174878375326353,5.46427482530414,1.6312163647016337e-08,2.606
3450.969000000041,7.505445188796092e-05,0.0764205813301606,-0.9260695771500558,0.5181788594401239,5.45671342197802,1.635529150198857e-08,2.607
3451.0,7.498348735411652e-05,0.076351215104235,-0.9237022457032746,0.5190673458572183,5.463449563983577,1.6353981197651852e-08,2.608
3444.0,7.508705529204885e-05,0.0762948582747589,-0.9241322092491666,0.5179687688391563,5.457826296365094,1.6363954743839673e-08,2.606
3436.984999999986,7.514807663747525e-05,0.0762021307076684,-0.9239635664693644,0.5180347264657081,5.461529295049426,1.6409094576853354e-08,2.6
3444.0,7.52481644432224e-05,0.076461202838461,-0.921948628429052,0.5187291370162822,5.463284425035374,1.641119994500057e-08,2.6
3436.9839999999385,7.527684596325667e-05,0.0763295547863543,-0.9215068737425702,0.5180032833166865,5.463531064660842,1.641361480519253e-08,2.598
3430.016000000061,7.534808020342777e-05,0.0762391908624924,-0.9230034848680102,0.5166291774876817,5.460228246262307,1.6419593336172888e-08,2.592
3430.016000000061,7.554526493454111e-05,0.0764411971331205,-0.9212152630528836,0.5172923809461472,5.463420917589254,1.647416283057613e-08,2.587
3423.0,7.552599769165678e-05,0.0762531023929949,-0.9236599295443496,0.5149672621293132,5.463485390031591,1.6427228070608073e-08,2.59
3423.0,7.571570542897998e-05,0.0764391065225649,-0.9246909487210484,0.5140025161968792,5.464719422481299,1.6432820622329414e-08,2.59
3423.0,7.568038429924619e-05,0.0764035967942939,-0.9242944159188826,0.5140459097456532,5.465494948524889,1.6426158865758548e-08,2.584
3423.0,7.568038429924619e-05,0.0764035967942939,-0.9242944159188826,0.5140459097456532,5.465494948524889,1.6426158865758548e-08,2.584
3423.0,7.434381555374039e-05,0.0749991533694545,-0.9192825932941576,0.506373599374259,5.4669969200133135,1.5770322903816178e-08,2.592
3430.0320000000065,7.536340722376444e-05,0.0762636971471762,-0.917888037418622,0.51884181910633,5.458788099941467,1.6465573284518492e-08,2.595
3430.030999999959,7.564500124471155e-05,0.0765413327985908,-0.9174486937346832,0.5178395925971515,5.466099674530649,1.6481710377891754e-08,2.592
3430.031000000192,7.567090520452784e-05,0.0765593703458093,-0.9194659545840032,0.5163420217690169,5.469757586761604,1.6437836879719984e-08,2.581
3416.0,7.582374051041259e-05,0.0763911626683092,-0.9195052872421616,0.5147309997485718,5.434639170204312,1.6472837396829717e-08,2.579
3409.03199999989,7.592487452177737e-05,0.0763306679663227,-0.9209042928587818,0.5136445956661647,5.4365211227148205,1.6490886288804915e-08,2.581
3409.0,7.593637208179361e-05,0.0763418616913474,-0.919756175179101,0.5137859095789205,5.436733151973895,1.6487549549239837e-08,2.578
3409.0,7.613112133486614e-05,0.0765370209195905,-0.9194606071746808,0.5137050137050798,5.434028790155891,1.6525592843817393e-08,2.575
3401.96800000011,7.620457798243165e-05,0.0764448941744655,-0.9207761485053768,0.5121296701926689,5.437777780310814,1.651737629724705e-08,2.574
3394.968999999808,7.629910926770928e-05,0.0763695442755806,-0.9219964800706472,0.5099075544089553,5.439999440979326,1.6490129494285658e-08,2.571
3395.0,7.650246626266074e-05,0.0765661247595385,-0.9228453459637,0.5086998397191482,5.435129275657939,1.6489253181562377e-08,2.569
3395.0,7.649718821967857e-05,0.076566113649905,-0.9216802078374756,0.5097529680408764,5.43787063858103,1.652014852312887e-08,2.566
3395.0,7.671278733518429e-05,0.0767792279812137,-0.9202140103417786,0.5096013878660198,5.442218659669513,1.654691426605086e-08,2.563
3388.0,7.676340325825013e-05,0.0766629526928307,-0.9225386275687502,0.5077979394050036,5.443663495767302,1.6538220813335154e-08,2.562
3388.0,7.692906740470345e-05,0.0768251861516138,-0.9224825381989824,0.50733316216989,5.440268699889124,1.6553737138029047e-08,2.561
3380.968999999808,7.698285605446212e-05,0.0767154476710305,-0.9225728183382804,0.5065671641972553,5.44664725323458,1.656519439494082e-08,2.558
3374.0,7.699159590436693e-05,0.0765524176470748,-0.9254762442187974,0.5039990731905027,5.445806406704045,1.6519718392446456e-08,2.559
3381.0,7.707611157793048e-05,0.0767990647748397,-0.9239279592479188,0.5048672750445665,5.445354983442959,1.6527346030683872e-08,2.556
3374.0,7.71429685094044e-05,0.0767030310032023,-0.9253589489068484,0.5040378539781126,5.4387489204193535,1.6551237346095965e-08,2.554
3374.0,7.735272405466045e-05,0.0769067080041639,-0.9245410159674416,0.5034421973982883,5.44010426486212,1.6561887790745566e-08,2.549
3367.063000000082,7.737454218827206e-05,0.0767641515686486,-0.9249417168448986,0.5025665700103642,5.443953914452509,1.6567496618069726e-08,2.55
3374.0,7.73748756520976e-05,0.0769281833140849,-0.924930747995136,0.5032498363125993,5.441415665815981,1.6564596414412362e-08,2.548
3367.0,7.739940566414173e-05,0.0767842642843601,-0.9250321136216232,0.501840557651731,5.442824427236759,1.6541659722967503e-08,2.544
3367.0,7.739940566414173e-05,0.0767842642843601,-0.9250321136216232,0.501840557651731,5.442824427236759,1.6541659722967503e-08,2.544
3367.0,7.739940566414173e-05,0.0767842642843601,-0.9250321136216232,0.501840557651731,5.442824427236759,1.6541659722967503e-08,2.544
3491.999000000069,7.053196658411297e-05,0.073490195656044,-0.8965561348046203,0.5147663117066172,3.041114052165137,1.45673785046273e-08,2.547
3491.999000000069,7.053196658411297e-05,0.073490195656044,-0.8965561348046203,0.5147663117066172,3.041114052165137,1.45673785046273e-08,2.547
3384.0,7.799552071669218e-05,0.0787630790432975,-0.9161935689446156,0.5079249013169743,3.041849550670874,1.6478152149290883e-08,2.543
3384.0,7.799552071669218e-05,0.0787630790432975,-0.9161935689446156,0.5079249013169743,3.041849550670874,1.6478152149290883e-08,2.543
3348.0,7.785424154002133e-05,0.077775887346158,-0.9221849746056856,0.5038222746177913,3.045437942609704,1.649047121162271e-08,2.533
3348.0,7.814459611714443e-05,0.0780742596837514,-0.9162750002760284,0.5059270113501222,3.045437942609704,1.6599259846935285e-08,2.543
3348.0,7.828932317065743e-05,0.0782188274593439,-0.9212814119946836,0.5050644987180157,3.0432378777637417,1.6641472733953312e-08,2.535
3348.0,7.858432973304766e-05,0.078523226902112,-0.9184000549646664,0.5071013760065664,3.0409589022516035,1.6758228289900643e-08,2.528
3348.0,7.880232872279244e-05,0.0787357704676373,-0.9174508508603192,0.5065347252790764,3.0432378777637417,1.6773702577769613e-08,2.536
3312.0,7.821603197633611e-05,0.0773077325191108,-0.9232765142190412,0.5033064761892607,3.052338325409967,1.6727474278498332e-08,2.539
3312.0,7.835238180498267e-05,0.0774443669176424,-0.9217616549245626,0.5037558960269864,3.0414602405286586,1.6772295821018588e-08,2.541
3312.0,7.860684349978122e-05,0.0777001645302147,-0.9224737706602602,0.5043220546529573,3.038753794603458,1.6855359389727578e-08,2.519
3312.0,7.871047317795988e-05,0.0778018094399299,-0.9189172228332438,0.5048773417593212,3.04412706293986,1.6859376930722763e-08,2.529
3312.0,7.889034777966676e-05,0.0779811175763545,-0.917692051367372,0.5053256395221842,3.0468335088650607,1.6908224386051283e-08,2.522
3312.0,7.896495617122205e-05,0.0780590604849697,-0.9203031871592842,0.5055391177892102,3.04412706293986,1.6958974503959502e-08,2.512
3312.0,7.928322708083922e-05,0.0783711068444984,-0.9154020783891914,0.5058975662955064,3.038753794603458,1.6996017110053334e-08,2.523
3312.0,7.943245833043308e-05,0.0785100262191001,-0.916753548278206,0.5042946140100317,3.038753794603458,1.698004399526374e-08,2.519
3276.0,7.879289558812661e-05,0.0770148897251,-0.9221581855906802,0.4989351745497458,3.0481536674231147,1.6816086073195423e-08,2.517
3276.0,7.887012070756182e-05,0.0770938086183411,-0.9225748022435112,0.4992393221182007,3.0481536674231147,1.6864460585333855e-08,2.524
3276.0,7.90686055412584e-05,0.0772800355456191,-0.9250420168214002,0.4975478799865635,3.04582514896506,1.686007053440264e-08,2.512
3276.0,7.918959431420437e-05,0.0774052354366631,-0.9192852362479956,0.4996843102867625,3.0481536674231147,1.691266546485089e-08,2.515
3276.0,7.941238674057921e-05,0.0776095953044813,-0.925803887496004,0.4965382963630281,3.0481536674231147,1.6883433325878746e-08,2.515
3312.0,7.91406518374742e-05,0.0782059636106673,-0.918696956513692,0.5015360472071866,3.038753794603458,1.6809005913361973e-08,2.516
3312.0,7.91406518374742e-05,0.0782059636106673,-0.918696956513692,0.5015360472071866,3.038753794603458,1.6809005913361973e-08,2.516
3312.0,7.91406518374742e-05,0.0782059636106673,-0.918696956513692,0.5015360472071866,3.038753794603458,1.6809005913361973e-08,2.516
3312.0,7.91406518374742e-05,0.0782059636106673,-0.918696956513692,0.5015360472071866,3.038753794603458,1.6809005913361973e-08,2.516
3276.0,7.933770381269187e-05,0.0775343888994828,-0.9234332986255164,0.4964606855963096,3.0481536674231147,1.684997405908659e-08,2.511
3276.0,7.957806958508622e-05,0.07776379130684,-0.9220681128262996,0.4957436155160743,3.0481536674231147,1.6857582439281908e-08,2.508
3312.0,7.93561981306287e-05,0.0784139767717189,-0.9197524066237568,0.5005230647623532,3.038753794603458,1.6824765552206058e-08,2.516
3312.0,7.959119559415009e-05,0.078645849893493,-0.9175665058520184,0.5007919356913804,3.0414602405286586,1.6868172935151027e-08,2.506
3312.0,7.978353365077565e-05,0.0788265178467787,-0.9179030715461588,0.4992354371615726,3.0468335088650607,1.6841641858991783e-08,2.513
3312.0,8.006077606357698e-05,0.0790980138336378,-0.9168857261860944,0.4990520469902765,3.050114603952758,1.6883574266145826e-08,2.5
3276.0,7.957036340626847e-05,0.0777470716030973,-0.9246946342778471,0.4937782794530589,3.0481536674231147,1.6796476509953506e-08,2.501
3276.0,7.966005476524374e-05,0.0778302512985805,-0.9255025278787894,0.4930623760343244,3.0555368042496527,1.6784689686456423e-08,2.503
3275.96800000011,7.99293666126868e-05,0.0780928521052236,-0.9276886592381208,0.4925829259740544,3.0481536674231147,1.684894231740122e-08,2.492
3276.0,8.015196584621376e-05,0.0783163095291806,-0.924788150426004,0.4939798784742696,3.0481536674231147,1.692748104374141e-08,2.496
3276.0,8.031911896764344e-05,0.0784741635079369,-0.9235822465578698,0.4933495461965011,3.0481536674231147,1.6915317377698792e-08,2.498
3276.0,8.031911896764344e-05,0.0784741635079369,-0.9235822465578698,0.4933495461965011,3.0481536674231147,1.6915317377698792e-08,2.498
3276.0,8.059978045953195e-05,0.0787415744512492,-0.9245341832820038,0.4920307390594769,3.050889531238807,1.6931655983012035e-08,2.499
3276.0,8.059978045953195e-05,0.0787415744512492,-0.9245341832820038,0.4920307390594769,3.050889531238807,1.6931655983012035e-08,2.499
3276.0,8.099793303159133e-05,0.0791343937202381,-0.921699139582322,0.4931294666967903,3.0481536674231147,1.7034975187190508e-08,2.471
3276.0,8.099793303159133e-05,0.0791343937202381,-0.921699139582322,0.4931294666967903,3.0481536674231147,1.7034975187190508e-08,2.471
3240.0,8.062017185424413e-05,0.0778765075446403,-0.9304738508690154,0.4857138987619422,3.057139437869031,1.6889515810961826e-08,2.473
3240.0,8.062017185424413e-05,0.0778765075446403,-0.9304738508690154,0.4857138987619422,3.057139437869031,1.6889515810961826e-08,2.473
3240.0,8.092059929576464e-05,0.0781669029261407,-0.9309446839606164,0.4858283619212213,3.054785331296053,1.6955975455825243e-08,2.482
3240.0,8.092059929576464e-05,0.0781669029261407,-0.9309446839606164,0.4858283619212213,3.054785331296053,1.6955975455825243e-08,2.482
3240.0,8.092059929576464e-05,0.0781669029261407,-0.9309446839606164,0.4858283619212213,3.054785331296053,1.6955975455825243e-08,2.482
3240.0,8.092059929576464e-05,0.0781669029261407,-0.9309446839606164,0.4858283619212213,3.054785331296053,1.6955975455825243e-08,2.482
3240.0,8.092059929576464e-05,0.0781669029261407,-0.9309446839606164,0.4858283619212213,3.054785331296053,1.6955975455825243e-08,2.482
3456.0,7.345403486432945e-05,0.0756517543058538,-0.8990161549136122,0.4966431998782484,3.0419870310396417,1.4648820879296023e-08,2.486
3276.0009999996983,8.109789238965504e-05,0.079228357955042,-0.9216677725733736,0.4923576555059748,3.050889531238807,1.7031098138222195e-08,2.483
3276.0,8.103390421931496e-05,0.0791590354323982,-0.9239649336721628,0.4909319918429049,3.0481536674231147,1.6972628832153566e-08,2.494
3276.0,8.128884128182757e-05,0.0794069055006232,-0.9233246461344216,0.4908560316931499,3.0481536674231147,1.701732658027305e-08,2.473
3276.0,8.14900581730863e-05,0.0796023404724738,-0.9221173185550072,0.4909222566828871,3.050889531238807,1.7046888523999133e-08,2.48
3276.0,8.168870877178612e-05,0.07980619965332,-0.9227028855603931,0.4923734399037924,3.050889531238807,1.7160870492722224e-08,2.482
3239.9680000003427,8.11970857194214e-05,0.0784310356327605,-0.9292037637523344,0.4853910476177093,3.051307717326757,1.6988016715891542e-08,2.486
3240.0,8.14324564143431e-05,0.0786563847505519,-0.9272125533799782,0.4853043411798383,3.057139437869031,1.7017015564896408e-08,2.488
3240.0,8.170798488546667e-05,0.078928008495277,-0.9301713736654484,0.4857709050170871,3.051307717326757,1.7124299629150207e-08,2.488
3240.0,8.191767974376896e-05,0.0791247187882593,-0.9293049863632028,0.4850457614325784,3.057139437869031,1.712052140338658e-08,2.469
3240.0,8.209195956842238e-05,0.0793096280032701,-0.926586872951475,0.48804282749304,3.054785331296053,1.7273014614756492e-08,2.471
3240.0,8.22543398630337e-05,0.0794719154669456,-0.9245778234044058,0.489374518818281,3.054785331296053,1.7340171729495393e-08,2.475
3240.0,8.250872074014347e-05,0.0797198559548086,-0.9259939812515974,0.4895054924865644,3.054785331296053,1.7413180291404076e-08,2.457
3204.0,8.19019723514156e-05,0.0782410126144296,-0.928483359415389,0.4846675574192312,3.057361245749639,1.726884605962349e-08,2.463
3204.0,8.204371313241708e-05,0.0783785756670501,-0.9295759969328116,0.4847893495135691,3.057361245749639,1.7320637464653353e-08,2.458
3204.0,8.234532841274178e-05,0.0786653145316412,-0.928645740478962,0.4847185701562876,3.057361245749639,1.737390845095841e-08,2.445
3204.0,8.255298595862658e-05,0.0788604576785375,-0.9263152780376762,0.4845485646848955,3.057361245749639,1.7385585455295156e-08,2.441
3240.0,8.221630447448824e-05,0.0794369440690418,-0.9224210804171292,0.489780021771308,3.057139437869031,1.7341399075609428e-08,2.449
3240.0,8.231579956091761e-05,0.0795308557778489,-0.9194757136676412,0.489992705013476,3.054785331296053,1.733505825320567e-08,2.452
3240.0,8.256268691051405e-05,0.0797673907686382,-0.9205763198778624,0.4895213651359494,3.054785331296053,1.7381928229694007e-08,2.447
3240.0,8.278034364990952e-05,0.0799817714275181,-0.9204398984775092,0.4901694909191352,3.057139437869031,1.7455330589508586e-08,2.447
3240.0,8.278034364990952e-05,0.0799817714275181,-0.9204398984775092,0.4901694909191352,3.057139437869031,1.7455330589508586e-08,2.447
3240.0,8.278034364990952e-05,0.0799817714275181,-0.9204398984775092,0.4901694909191352,3.057139437869031,1.7455330589508586e-08,2.447
3240.0,8.278034364990952e-05,0.0799817714275181,-0.9204398984775092,0.4901694909191352,3.057139437869031,1.7455330589508586e-08,2.447
3204.0,8.063501209568456e-05,0.0769629708132715,-0.9116506495788133,0.4744956961042464,3.0636479835528188,1.6404372118018036e-08,2.442
3204.0,8.207940623670885e-05,0.0784079579198982,-0.9243631973301168,0.4846816956265273,3.057361245749639,1.7272784330266414e-08,2.449
3204.0,8.21919420341203e-05,0.0785064077316707,-0.9271924401426808,0.4827311186054849,3.057361245749639,1.723863349965187e-08,2.441
3204.0,8.247223022503602e-05,0.0787647653755736,-0.9297124294012256,0.4808825022927981,3.059370239831684,1.7232570036809473e-08,2.438
3204.0,8.276330411161856e-05,0.0790474469948555,-0.9260011247710174,0.4821887309739607,3.0585955373695493,1.731994943605394e-08,2.427
3204.0,8.302621958139642e-05,0.0792980156176614,-0.9254486806796756,0.4821148489946227,3.057361245749639,1.7368172730110106e-08,2.429
3204.0,8.329354790029159e-05,0.0795505013947731,-0.9242822167408872,0.4818230017750587,3.057361245749639,1.7398291210238072e-08,2.43
3204.0,8.358782291366283e-05,0.0798309731223597,-0.926607980278995,0.4813509565714929,3.059370239831684,1.746328052100689e-08,2.443
3204.0,8.358782291366283e-05,0.0798309731223597,-0.926607980278995,0.4813509565714929,3.059370239831684,1.746328052100689e-08,2.443
3204.0,8.392394122731042e-05,0.0801508409398852,-0.9260838625650942,0.4813479728247781,3.0656569776348634,1.7519765677638592e-08,2.427
3168.0,8.344351757273552e-05,0.0787760236359887,-0.934554391971691,0.4741187284339139,2.8935443453459726,1.736255785612204e-08,2.423
3168.0,8.371695079639711e-05,0.0790304000804396,-0.9332277537450686,0.4737005955658201,2.9004613855914525,1.7382533105125733e-08,2.425
3168.0,8.3921140241366e-05,0.0792161854340974,-0.9367778690402524,0.471960541175283,2.9004613855914525,1.7376644518364053e-08,2.421
3168.0,8.40847088849836e-05,0.0793794288092303,-0.9318330480728848,0.4742015126961042,2.8970328255559936,1.7467685784333428e-08,2.425
3168.0,8.424554534105045e-05,0.0795267587835372,-0.9305900678547948,0.4735124018400883,2.9004613855914525,1.7461164491815638e-08,2.418
3168.0,8.444752351401991e-05,0.0797087298474372,-0.93387625519981,0.471680368459783,2.9004613855914525,1.7448319298105342e-08,2.412
3168.0,8.450469110581596e-05,0.0797611507217237,-0.93328033392456,0.4713443434950856,2.8970328255559936,1.7441552672298945e-08,2.405
3168.0,8.469952387223811e-05,0.0799582916045782,-0.9292031578430392,0.4743291020469014,2.9004613855914525,1.7574411171303908e-08,2.402
3132.0,8.41742956402735e-05,0.0785359637150791,-0.9385408655088998,0.4662543600602233,2.8978613055197338,1.7368042746799284e-08,2.41
3132.0,8.424936110426067e-05,0.0786082164790337,-0.9363996002396228,0.4668453062479802,2.8950010842578737,1.7396030898036333e-08,2.408
3132.0,8.437655321130895e-05,0.0787251868324063,-0.9386074061722832,0.4664087995745812,2.8978613055197338,1.7418310374150838e-08,2.418
3132.0,8.46730086608033e-05,0.0789994171836761,-0.9395005185590236,0.4658061190610895,2.9013288264646864,1.7458971734814537e-08,2.399
3132.0,8.46730086608033e-05,0.0789994171836761,-0.9395005185590236,0.4658061190610895,2.9013288264646864,1.7458971734814537e-08,2.399
3132.0,8.46730086608033e-05,0.0789994171836761,-0.9395005185590236,0.4658061190610895,2.9013288264646864,1.7458971734814537e-08,2.399
3167.998999999836,8.234406230591406e-05,0.0776167215537988,-0.9218390120613398,0.4526798072277408,2.910500400042941,1.604051202248766e-08,2.42
3168.0,8.449950981520168e-05,0.0797813486053671,-0.9289394257292054,0.4763307135593801,2.892677594512123,1.7631238237070652e-08,2.412
3168.0,8.449950981520168e-05,0.0797813486053671,-0.9289394257292054,0.4763307135593801,2.892677594512123,1.7631238237070652e-08,2.412
3168.0,8.488017856935345e-05,0.0801224006173965,-0.9310979374359394,0.4727841702589908,2.9004613855914525,1.7564876480574385e-08,2.411
3168.0,8.512743144097428e-05,0.0803660341077139,-0.9311882802158672,0.4745947537129507,2.9004613855914525,1.770028847802563e-08,2.399
3168.0,8.546138293237908e-05,0.0806728060397104,-0.9299233282830645,0.4732667341905479,2.891418062013461,1.7703853921183985e-08,2.411
3131.969000000041,8.489957497372861e-05,0.079222296629021,-0.9387763579036346,0.4679543113468727,2.8950010842578737,1.7601737092379683e-08,2.405
3132.0,8.51839784908372e-05,0.0794862651857982,-0.9384194860771942,0.4676996655476002,2.9002956657258814,1.7650928119448223e-08,2.414
3132.0,8.543522372404618e-05,0.0797314253156377,-0.9351557275541964,0.4700527635740901,2.893456583214,1.7781303012247196e-08,2.399
3168.0,8.507074490220587e-05,0.0803222474291745,-0.926379519172527,0.4768852040330198,2.892677594512123,1.7757457272717496e-08,2.401
3168.0,8.52362814073362e-05,0.0804844784838236,-0.926870070279159,0.4779196858164853,2.9004613855914525,1.7841389441282476e-08,2.387
3168.0,8.547743351113912e-05,0.0807057227675718,-0.9309048796492104,0.476170540388595,2.890716261401661,1.785078763209517e-08,2.397
3168.0,8.563206976128182e-05,0.0808556371898263,-0.925793256929064,0.4776734942566672,2.8970328255559936,1.7894565792667666e-08,2.391
3132.0,8.504208365186975e-05,0.0793753960652951,-0.9326056934987644,0.4723079956747956,2.89059636195214,1.778031413963869e-08,2.393
3132.0,8.528917504805221e-05,0.0796043081278789,-0.9341709464407022,0.4717139055691851,2.892946431219418,1.782158886386639e-08,2.389
3132.0,8.545572931954284e-05,0.0797632984362448,-0.9319009776236112,0.472778096592986,2.89059636195214,1.7881755079431764e-08,2.389
3132.0,8.574093315956897e-05,0.0800300875696474,-0.9321962995837718,0.472754011020031,2.8987658351265884,1.7942009738238582e-08,2.382
3132.0,8.59050598977015e-05,0.0801804000471695,-0.9304218068901244,0.4725587431887331,2.8950010842578737,1.7950673978949337e-08,2.391
3132.0,8.62320903729301e-05,0.0804760189686909,-0.931186417820184,0.4707596540186193,2.897221334082715,1.794353717277146e-08,2.375
3132.0,8.641089312341016e-05,0.080644335708856,-0.9314998555580328,0.4710267253734264,2.9051541784190382,1.7992441412894937e-08,2.38
3132.0,8.658530577642432e-05,0.0808032937644041,-0.9294989140649288,0.4705912708261762,2.9016260563884484,1.7987438042882103e-08,2.386
3096.032000000123,8.600537070533545e-05,0.0793291590598636,-0.9376407825714556,0.4648725897182995,2.8989255252053407,1.7876970751477224e-08,2.377
3096.0,8.618259580569331e-05,0.0794862631221708,-0.9382132153675586,0.4637932622949876,2.901302606763047,1.78597002260423e-08,2.378
3096.0,8.618259580569331e-05,0.0794862631221708,-0.9382132153675586,0.4637932622949876,2.901302606763047,1.78597002260423e-08,2.378
3096.0,8.618259580569331e-05,0.0794862631221708,-0.9382132153675586,0.4637932622949876,2.901302606763047,1.78597002260423e-08,2.378
3096.0,8.598161476827905e-05,0.0793219511398851,-0.935625651278615,0.4677477072764345,2.8989255252053407,1.7990709997417998e-08,2.381
3132.0,8.682224430965683e-05,0.0810363870693783,-0.9279972420323048,0.4728065163842629,2.8978613055197338,1.8128398172173472e-08,2.371
3096.0,8.640231505106974e-05,0.0796986807375576,-0.9364878194481152,0.4656995473602521,2.8989255252053407,1.797878435119087e-08,2.372
3096.0,8.665337980485804e-05,0.0799283309685583,-0.9391878880913684,0.4650177898814154,2.901302606763047,1.8028038091541296e-08,2.359
3096.0,8.681091532605835e-05,0.0800734025723825,-0.9378763692988112,0.4651964318803114,2.8989255252053407,1.8055648763077586e-08,2.358
3096.0,8.716171336460257e-05,0.0803867555828416,-0.9410377514954096,0.4629008007292977,2.8989255252053407,1.8050725588207984e-08,2.365
3096.0,8.741125952690793e-05,0.0806273136073972,-0.9355311883417476,0.4655040801347101,2.8989255252053407,1.8171369940411153e-08,2.362
3096.0,8.755710675317665e-05,0.080751821792461,-0.9384671872287288,0.4633234336274331,2.903380876503093,1.8123512645969485e-08,2.35
3096.0,8.776973828097316e-05,0.0809425578692605,-0.9388866469908752,0.462294443624836,2.8989255252053407,1.812118896260341e-08,2.343
3060.0,8.709996932387646e-05,0.0793970816845767,-0.9425780988616276,0.4602051144050773,2.9026697149270584,1.811654210539573e-08,2.344
3060.0,8.742552783992953e-05,0.0795836416759685,-0.9519143659395106,0.4395557938148901,2.914028477410615,1.8043334747177933e-08,2.356
3060.0,8.759034755308143e-05,0.0798322017594184,-0.9434895997563322,0.4577955304165094,2.9001787416928613,1.811187431185225e-08,2.343
3060.0,8.764669192991645e-05,0.079885386434568,-0.9416502918159813,0.4585205532998281,2.906757885905491,1.8143131836584387e-08,2.353
3060.0,8.788753138250649e-05,0.0801019058542144,-0.9407010624390432,0.4580000533544314,2.906757885905491,1.8160090077789773e-08,2.349
3060.0,8.799707533374768e-05,0.0802106946756832,-0.9401375265758208,0.4597931786005332,2.9026697149270584,1.8253330860450208e-08,2.335
3096.030999999959,8.756870666905762e-05,0.0807734728488581,-0.9324886870551136,0.4660257401580907,2.8989255252053407,1.8196122238920197e-08,2.33
3096.0,8.77540440491566e-05,0.0809449223841132,-0.9321956030314072,0.4661896285019354,2.8989255252053407,1.8236304236563252e-08,2.336
3096.0,8.782851641930989e-05,0.0810001138534152,-0.9343195515595112,0.4634786163164133,2.8989255252053407,1.814859292508681e-08,2.334
3060.0,8.730785750616312e-05,0.0795835544196345,-0.9384150904231184,0.4601036402555212,2.905074436967994,1.8114852925953223e-08,2.347
3060.0,8.741214208217819e-05,0.0796876915249435,-0.9366970407401768,0.4619715625678056,2.906757885905491,1.8210433009873332e-08,2.336
3060.0,8.752797563826953e-05,0.0797918504490578,-0.9341761674762132,0.4620423606181555,2.906757885905491,1.8211555680894087e-08,2.341
3060.0,8.752797563826953e-05,0.0797918504490578,-0.9341761674762132,0.4620423606181555,2.906757885905491,1.8211555680894087e-08,2.341
3060.0,8.752797563826953e-05,0.0797918504490578,-0.9341761674762132,0.4620423606181555,2.906757885905491,1.8211555680894087e-08,2.341
3060.0,8.752797563826953e-05,0.0797918504490578,-0.9341761674762132,0.4620423606181555,2.906757885905491,1.8211555680894087e-08,2.341
3312.0,7.739705701941574e-05,0.0762031514430674,-0.917733991184572,0.4500542471096295,3.076040982105373,1.4328265064341749e-08,2.362
3060.0,8.816766009180165e-05,0.0803608993541438,-0.9391027430900456,0.4588639270070616,2.9026697149270584,1.8243571313603817e-08,2.351
3060.0,8.786650358514341e-05,0.0800881021373784,-0.9429867937966012,0.4586395149440687,2.9001787416928613,1.821069348135595e-08,2.35
3060.0,8.80085863213556e-05,0.0802124376722135,-0.9414694277076,0.457900499411058,2.9001787416928613,1.8184481872301552e-08,2.346
3060.0,8.822507350976111e-05,0.0804116129460168,-0.9435916893593864,0.4579764877972181,2.9026697149270584,1.8262134964770452e-08,2.353
3060.0,8.833173472543916e-05,0.0805240360577941,-0.9397098411830992,0.461291818797616,2.9026697149270584,1.8403591513368093e-08,2.349
3060.0,8.85303478341854e-05,0.0807020325484776,-0.9391960791824844,0.4607562265676258,2.9001787416928613,1.8418554866908613e-08,2.36
3096.0,8.82456278907793e-05,0.0814051533026553,-0.9360069150431048,0.4669053377994165,2.8989255252053407,1.8412169888447188e-08,2.329
3096.0,8.839193863251456e-05,0.081547622294898,-0.9302449773536444,0.468888243437069,2.8989255252053407,1.848966008134181e-08,2.333
3096.0,8.866532202538271e-05,0.0817996064873883,-0.931673809904487,0.4687661461276318,2.8989255252053407,1.8550689301270656e-08,2.334
3060.0,8.821301843379476e-05,0.0804252658846264,-0.9389737880130332,0.4630585551328747,2.9001787416928613,1.8459902328245725e-08,2.337
3060.0,8.833540366159581e-05,0.0805419162523329,-0.9379588038925796,0.4641544615831728,2.9026697149270584,1.8525667214874573e-08,2.33
3060.0,8.859616019623708e-05,0.0807624923102221,-0.937021622481526,0.4611302990211283,2.9001787416928613,1.842734486864755e-08,2.322
3060.0,8.877180232999794e-05,0.0809260805065706,-0.9356829031283932,0.4618616907046572,2.9001787416928613,1.8486352584835133e-08,2.335
3060.0,8.90052465787185e-05,0.0811340280409887,-0.9365115315009748,0.4610146094441959,2.9001787416928613,1.8495768712957228e-08,2.331
3060.0,8.925656870607134e-05,0.0813636152914609,-0.9359243095059684,0.4611302546257577,2.9026697149270584,1.8551665912193983e-08,2.323
3060.0,8.950343569665566e-05,0.0816013574160855,-0.9358007250837002,0.4634152504524035,2.9026697149270584,1.8711912428400456e-08,2.324
3024.0,8.90625873182312e-05,0.0802241520106403,-0.9412461147522668,0.4561347424708555,2.9083153550867857,1.8520773549873204e-08,2.322
3024.0,8.93095531560907e-05,0.0804483793291988,-0.9422908329683928,0.4564348279535854,2.9083153550867857,1.8592548560881694e-08,2.316
3024.0,8.960001011751572e-05,0.0807047962989701,-0.9449330450152208,0.4550464808253476,2.9083153550867857,1.8617375902641445e-08,2.313
3024.0,8.980196729854499e-05,0.0808866776536701,-0.9428811184403064,0.4553018886026368,2.9083153550867857,1.8650024565473712e-08,2.31
3024.0,9.002073697696289e-05,0.081091672715227,-0.9425410504020486,0.4568754529716475,2.9083153550867857,1.877046431390028e-08,2.306
3024.0,9.026339217857728e-05,0.0812989555164593,-0.9417725093015624,0.4549127350485515,2.9083153550867857,1.8711669669480064e-08,2.319
3024.0,9.026339217857728e-05,0.0812989555164593,-0.9417725093015624,0.4549127350485515,2.9083153550867857,1.8711669669480064e-08,2.319
2988.0,8.750379669940501e-05,0.0778664314912669,-0.921486864124836,0.451789081706328,2.915893105342784,1.7986518786438575e-08,2.308
3023.967999999877,9.023958400268582e-05,0.0813056101440506,-0.936815551026394,0.460609514153267,2.9083153550867857,1.8946319637483437e-08,2.309
3024.0,9.021071043711256e-05,0.0812628925345464,-0.9397211154837636,0.4571421995537738,2.9083153550867857,1.8796448081927137e-08,2.303
3024.0,9.053373287299337e-05,0.0815628025284965,-0.939641257436704,0.4587393134456549,2.9083153550867857,1.8943778521454952e-08,2.306
3024.0,9.080033150465764e-05,0.0817988531762663,-0.9382496805051296,0.4582190741869865,2.9083153550867857,1.8952307606368492e-08,2.295
2988.0,9.036253365064342e-05,0.08041261564593,-0.945323437156964,0.450063112422335,2.906033188514402,1.8735138758418306e-08,2.303
2988.0,9.056631716364982e-05,0.080599528491892,-0.9439809156585168,0.4513901824369492,2.9126622517786824,1.8830102659296317e-08,2.293
2988.0,9.086570371120588e-05,0.0808688005894607,-0.9462753271798904,0.4515217467227071,2.905395179285485,1.8928694616648504e-08,2.291
2988.0,9.09679884852992e-05,0.0809522810147538,-0.9457522442750804,0.4502177714020102,2.905395179285485,1.8874228145262912e-08,2.306
3024.0,9.057607539139772e-05,0.0815803173521144,-0.9444767654813946,0.4545433750679677,2.9083153550867857,1.878008069953545e-08,2.301
3024.0,9.073892564439657e-05,0.0817248012371697,-0.9416306686376466,0.4544021526267872,2.9108356338884445,1.8776436697138042e-08,2.273
3024.0,9.094901526501884e-05,0.0819129191918601,-0.941929705125604,0.4541897008171016,2.9083153550867857,1.881325253141615e-08,2.277
3024.0,9.10993854906292e-05,0.0820462771650161,-0.9404834360570068,0.4540323425465399,2.9083153550867857,1.8821365377929618e-08,2.287
2988.0,8.999612776221262e-05,0.0793194069699765,-0.9106627967740168,0.4587536935651517,2.9066305974367355,1.852490531692554e-08,2.291
2988.0,9.062524608236983e-05,0.0806413904250445,-0.9462006402326272,0.4491356467051306,2.907945461406212,1.8747559790079245e-08,2.292
2988.0,9.062524608236983e-05,0.0806413904250445,-0.9462006402326272,0.4491356467051306,2.907945461406212,1.8747559790079245e-08,2.292
2988.0,9.062524608236983e-05,0.0806413904250445,-0.9462006402326272,0.4491356467051306,2.907945461406212,1.8747559790079245e-08,2.292
2988.0,9.117872048417814e-05,0.0811302792001735,-0.9437044649835542,0.448682644226482,2.9126622517786824,1.881294158607941e-08,2.264
2988.0,9.117872048417814e-05,0.0811302792001735,-0.9437044649835542,0.448682644226482,2.9126622517786824,1.881294158607941e-08,2.264
2988.0,9.148044587523347e-05,0.0814112639003049,-0.9410416440447648,0.4513468268721334,2.906033188514402,1.8986436655890042e-08,2.263
2988.0,9.174518672226173e-05,0.0816447076686791,-0.9423017815365986,0.4507757555405037,2.9126622517786824,1.902371251246861e-08,2.266
2988.0,9.193834160170404e-05,0.0818246405521691,-0.9421048460644744,0.4522988684405619,2.915893105342784,1.9142409562168374e-08,2.265
2952.0,9.133456007537664e-05,0.0803033240986875,-0.9455108246654448,0.4477539377437424,2.9113006644596813,1.903391953442886e-08,2.262
2952.0,9.133456007537664e-05,0.0803033240986875,-0.9455108246654448,0.4477539377437424,2.9113006644596813,1.903391953442886e-08,2.262
2951.998999999836,9.006236986741443e-05,0.0791800972775232,-0.9254587390999828,0.4486196657113643,2.9191609228346103,1.8598912469708342e-08,2.265
2952.0,9.232399983208188e-05,0.0811617544472422,-0.9475956356860556,0.445399107759049,2.9080308849490244,1.914333887531987e-08,2.271
2988.0,9.288639307776771e-05,0.0826566386214939,-0.9445949667245253,0.4499338942372357,2.915893105342784,1.9242243991002587e-08,2.26
2988.0,9.274237070363545e-05,0.0825160670388741,-0.9483678484326012,0.4471164158240786,2.907945461406212,1.91031426964658e-08,2.276
2988.0,9.28293393530065e-05,0.0825927415583124,-0.9489895954553842,0.4469313098527335,2.9126622517786824,1.9115621665112904e-08,2.267
2988.0,9.296120054447704e-05,0.0827202600505715,-0.9471730063859632,0.4490434196245167,2.915893105342784,1.9233924136340363e-08,2.276
2988.0,9.317494065898933e-05,0.0829051016564452,-0.9466643102589938,0.4481776192090559,2.915893105342784,1.9227011523547446e-08,2.262
2952.0,9.24965833135074e-05,0.08130799835522,-0.9486725634099288,0.4442990854023707,2.9138816728710184,1.9128730811104664e-08,2.263
2952.0,9.262893618608828e-05,0.081405104672286,-0.951221667165444,0.440351745555618,2.9132359767839224,1.8975063855419056e-08,2.261
2952.0,9.28988894019782e-05,0.0816559225382431,-0.9509610607227988,0.4430165680536824,2.91581698519526,1.91707201744265e-08,2.265
2952.0,9.30499182262496e-05,0.0817892782810063,-0.9499562480313156,0.4432151695826311,2.91581698519526,1.9190404968415142e-08,2.263
2952.0,9.333971992066496e-05,0.0820412713380422,-0.9492145304558436,0.4427258421801456,2.9113006644596813,1.9223997298630865e-08,2.254
2951.99199999962,9.340477856091978e-05,0.0821066120300537,-0.9485260546025084,0.4444234399706651,2.9113006644596813,1.932470129756932e-08,2.245
2952.0,9.361021321056332e-05,0.08228521850756,-0.9513147785371628,0.443724106904644,2.9138816728710184,1.935519109160828e-08,2.255
2952.0,9.384862389783144e-05,0.0824868238527542,-0.9478930255234944,0.4425688584811076,2.9138816728710184,1.930701134149408e-08,2.245
2952.0,9.407375569734848e-05,0.0826905176917693,-0.949348939748174,0.4434608534693182,2.9113006644596813,1.9412374491671308e-08,2.232
2952.0,9.407375569734848e-05,0.0826905176917693,-0.949348939748174,0.4434608534693182,2.9113006644596813,1.9412374491671308e-08,2.232
2916.0,9.368458477088194e-05,0.0813354657857195,-0.9548792092436948,0.4378315538345035,2.9162114238093046,1.9320805684417165e-08,2.233
2916.0,9.39633269603548e-05,0.0815744164924057,-0.9525045492923514,0.4375260189151505,2.9162114238093046,1.9337001581697944e-08,2.234
2916.0,9.39633269603548e-05,0.0815744164924057,-0.9525045492923514,0.4375260189151505,2.9162114238093046,1.9337001581697944e-08,2.234
2916.0,9.445609105690966e-05,0.0819942125292185,-0.958719924026397,0.435311433431276,2.9162114238093046,1.9381016210120193e-08,2.231
2916.0,9.445609105690966e-05,0.0819942125292185,-0.958719924026397,0.435311433431276,2.9162114238093046,1.9381016210120193e-08,2.231
2916.0,9.476901886376922e-05,0.0822617763572057,-0.9610779622865896,0.4343108661474142,2.9162114238093046,1.9417756125086663e-08,2.242
2916.0,9.476901886376922e-05,0.0822617763572057,-0.9610779622865896,0.4343108661474142,2.9162114238093046,1.9417756125086663e-08,2.242
2916.0,9.109064986232277e-05,0.07911447573613,-0.929198999605464,0.4463015533072717,2.916280555620895,1.8951974116240712e-08,2.248
2916.0,9.43720682186736e-05,0.0819520721267357,-0.9532095349108224,0.4417983988518037,2.9162114238093046,1.9662269185429373e-08,2.245
2952.0,9.408131947068612e-05,0.0826894657860573,-0.9520313480077948,0.441797731396931,2.91581698519526,1.935257998834284e-08,2.239
2952.0,9.40463383823776e-05,0.0826561088148941,-0.9530346272316552,0.441189470642242,2.91581698519526,1.9326520979376555e-08,2.243
2952.0,9.428487412408386e-05,0.08287052521528,-0.9509411725558814,0.4423117747686613,2.9205906043673986,1.9409323762992614e-08,2.226
2952.0,9.46142292748253e-05,0.0831686626515806,-0.9525082649654686,0.4437739239666573,2.9205906043673986,1.9574453195541483e-08,2.229
2916.0,9.40766982413204e-05,0.0816655337937389,-0.953730916534136,0.4359956288128129,2.9162114238093046,1.928593951666001e-08,2.23
2916.0,9.42554280062309e-05,0.0818281996671369,-0.9560469917848956,0.4371526913096167,2.9162114238093046,1.9414511204338333e-08,2.225
2916.0,9.433736946292687e-05,0.0819073559906061,-0.9532061771305128,0.4390731391224379,2.9162114238093046,1.95014049919862e-08,2.217
2916.0,9.459701049190405e-05,0.0821299012938661,-0.955140048274322,0.438309693815512,2.9162114238093046,1.9531467825133157e-08,2.222
2916.0,9.4738786522179e-05,0.0822664579240389,-0.954343343037082,0.440887751290301,2.9162114238093046,1.9693461283897384e-08,2.221
2916.0,9.482636011545632e-05,0.0823419630922032,-0.9531647485917528,0.4409274427792924,2.9162114238093046,1.9705409957288332e-08,2.218
2916.0319999996573,9.498632298202852e-05,0.0824844094837878,-0.9550206463749992,0.4414134372266459,2.9162114238093046,1.977949235083856e-08,2.211
2915.9689999995758,9.521558125570996e-05,0.0826842107734696,-0.9565883640245404,0.4413787724923982,2.9162114238093046,1.9840325191427655e-08,2.209
2916.0,9.524548371394702e-05,0.0827253457925382,-0.950712103288546,0.4448703434975672,2.9162114238093046,1.9979192389141383e-08,2.219
2880.0,9.473113018167598e-05,0.081248688498437,-0.957828496478692,0.4379381031640578,2.9150977202912878,1.9809611607718275e-08,2.204
2880.0,9.49042708019646e-05,0.0813872108283589,-0.9535136150970378,0.4364374597787241,2.923762850723339,1.9711787021397842e-08,2.207
2880.0,9.506800160594038e-05,0.0815309927437276,-0.9539384013127216,0.436969392048138,2.923762850723339,1.977547531835934e-08,2.208
2880.0,9.525368864800076e-05,0.0816924071301369,-0.9530195810796044,0.4375035820734563,2.923762850723339,1.9835695506516172e-08,2.199
2880.0,9.525368864800076e-05,0.0816924071301369,-0.9530195810796044,0.4375035820734563,2.923762850723339,1.9835695506516172e-08,2.199
2880.0,9.56896768041798e-05,0.0820740519287307,-0.9574528977868088,0.4386103137460668,2.920187347905024,2.003733746487334e-08,2.207
2880.0,9.591739435913006e-05,0.0822696691180298,-0.9580203745575524,0.4384920236999967,2.9196321368754665,2.0079898202441717e-08,2.2
2880.0,9.591739435913006e-05,0.0822696691180298,-0.9580203745575524,0.4384920236999967,2.9196321368754665,2.0079898202441717e-08,2.2
2880.0,9.591739435913006e-05,0.0822696691180298,-0.9580203745575524,0.4384920236999967,2.9196321368754665,2.0079898202441717e-08,2.2
2880.0,9.591739435913006e-05,0.0822696691180298,-0.9580203745575524,0.4384920236999967,2.9196321368754665,2.0079898202441717e-08,2.2
3204.0,8.216423609682129e-05,0.0781260577456484,-0.9412699974227888,0.4106317740070033,3.0894669021920214,1.4210676918297986e-08,2.234
2952.0,9.494307077321608e-05,0.0834800103997973,-0.9473152755221091,0.4483085341567257,2.9080308849490244,1.9834857818494372e-08,2.24
2916.0,9.481013484833743e-05,0.0823497152985734,-0.9531282248363446,0.4450471060850106,2.9162114238093046,1.992410285814221e-08,2.238
2916.0,9.481013484833743e-05,0.0823497152985734,-0.9531282248363446,0.4450471060850106,2.9162114238093046,1.992410285814221e-08,2.238
2916.0,9.481013484833743e-05,0.0823497152985734,-0.9531282248363446,0.4450471060850106,2.9162114238093046,1.992410285814221e-08,2.238
2916.0,9.48914598472185e-05,0.0824354555761255,-0.949775399732906,0.4482087992185484,2.9162114238093046,2.0084487229829396e-08,2.246
2952.0,9.459623080613556e-05,0.0831817065068074,-0.9478632967631055,0.4495974477910471,2.9113006644596813,1.9834222655421583e-08,2.237
2952.0,9.46720093986897e-05,0.0832656653463219,-0.9470815610976112,0.4527776813478443,2.9080308849490244,2.00191316753374e-08,2.245
2952.0,9.46720093986897e-05,0.0832656653463219,-0.9470815610976112,0.4527776813478443,2.9080308849490244,2.00191316753374e-08,2.245
2952.0,9.46720093986897e-05,0.0832656653463219,-0.9470815610976112,0.4527776813478443,2.9080308849490244,2.00191316753374e-08,2.245
2952.0,9.46720093986897e-05,0.0832656653463219,-0.9470815610976112,0.4527776813478443,2.9080308849490244,2.00191316753374e-08,2.245
2916.0,9.50549796730253e-05,0.0825535777227179,-0.9504814802380216,0.4436732596497273,2.9162114238093046,1.9866320403138294e-08,2.224
2916.0,9.50549796730253e-05,0.0825535777227179,-0.9504814802380216,0.4436732596497273,2.9162114238093046,1.9866320403138294e-08,2.224
2916.0,9.50549796730253e-05,0.0825535777227179,-0.9504814802380216,0.4436732596497273,2.9162114238093046,1.9866320403138294e-08,2.224
2916.0,9.50549796730253e-05,0.0825535777227179,-0.9504814802380216,0.4436732596497273,2.9162114238093046,1.9866320403138294e-08,2.224
2916.0,9.581173232526795e-05,0.0832095304399522,-0.9510442949413758,0.4433677090593163,2.9162114238093046,2.00202285077463e-08,2.212
2916.0,9.620293882545864e-05,0.0835480918363977,-0.9563129699309814,0.4425637423703673,2.9162114238093046,2.0109380923799438e-08,2.22
2916.0,9.620293882545864e-05,0.0835480918363977,-0.9563129699309814,0.4425637423703673,2.9162114238093046,2.0109380923799438e-08,2.22
2916.0310000004247,9.48370056855934e-05,0.0823517766409987,-0.9510642780038348,0.4412618382272317,2.9162114238093046,1.9702721798776125e-08,2.217
2880.0,9.607485195221994e-05,0.0823894714147384,-0.9577778533366228,0.4357081849792419,2.9196321368754665,1.9961039071140525e-08,2.215
2880.0,9.607485195221994e-05,0.0823894714147384,-0.9577778533366228,0.4357081849792419,2.9196321368754665,1.9961039071140525e-08,2.215
2880.0,9.607485195221994e-05,0.0823894714147384,-0.9577778533366228,0.4357081849792419,2.9196321368754665,1.9961039071140525e-08,2.215
2880.0,9.703967178560631e-05,0.083220542187463,-0.9599039253409556,0.4361775290373691,2.923762850723339,2.0203620658735e-08,2.198
2880.0,9.703967178560631e-05,0.083220542187463,-0.9599039253409556,0.4361775290373691,2.923762850723339,2.0203620658735e-08,2.198
2844.0,9.356041747469716e-05,0.079300373321068,-0.9335884444443954,0.4480211405579104,2.919504184180421,2.0076504388853724e-08,2.18
2844.0,9.356041747469716e-05,0.079300373321068,-0.9335884444443954,0.4480211405579104,2.919504184180421,2.0076504388853724e-08,2.18
2844.0,9.356041747469716e-05,0.079300373321068,-0.9335884444443954,0.4480211405579104,2.919504184180421,2.0076504388853724e-08,2.18
2844.0,9.356041747469716e-05,0.079300373321068,-0.9335884444443954,0.4480211405579104,2.919504184180421,2.0076504388853724e-08,2.18
2844.0,9.699953117674736e-05,0.0821557797838881,-0.960010941080642,0.4344039000620363,2.919504184180421,2.034203837005524e-08,2.178
2844.0,9.723003594311936e-05,0.0823451788571295,-0.9624201402448138,0.4329513144167496,2.919504184180421,2.0339153901134596e-08,2.175
2844.0,9.76480388854206e-05,0.0826917985310743,-0.9643159639292396,0.4312955864504414,2.921764302522721,2.0346505910181164e-08,2.182
2880.0,9.72115577637248e-05,0.0833702251672888,-0.9574451426235648,0.4368199950451039,2.917329935938004,2.025052649814317e-08,2.191
2880.0,9.739410820033902e-05,0.0835264835653346,-0.9576185582261928,0.4367423317810572,2.920187347905024,2.0278018900900382e-08,2.184
2880.0,9.763119557326356e-05,0.0837347627561406,-0.9608674349392188,0.4373209414821417,2.917329935938004,2.0402610439093253e-08,2.178
2880.0,9.799069055505396e-05,0.0840417242787955,-0.9605715117663256,0.4371402642020545,2.920187347905024,2.0462227300813823e-08,2.163
2844.0,9.739054279314504e-05,0.0824849804126235,-0.9585229540726076,0.4340602827077632,2.919504184180421,2.038670521967736e-08,2.174
2844.0,9.763016356722176e-05,0.0826698395632755,-0.965531960275528,0.4298866168872243,2.921764302522721,2.0273192883885945e-08,2.161
2844.0,9.763016356722176e-05,0.0826698395632755,-0.965531960275528,0.4298866168872243,2.921764302522721,2.0273192883885945e-08,2.161
2844.0,9.802475647236684e-05,0.0830089508289408,-0.9657458647298404,0.4308482708679273,2.919504184180421,2.0412495765327636e-08,2.165
2844.0,9.837442048236893e-05,0.0833037743989665,-0.9667253586526146,0.4304866487395967,2.921764302522721,2.0473917985891428e-08,2.162
2844.0,9.854599677032952e-05,0.0834515511683579,-0.964110005367146,0.4312551611007184,2.921764302522721,2.0520196744615772e-08,2.151
2844.0,9.88272483294358e-05,0.0836953638145544,-0.9643612243287434,0.4322881984394136,2.921764302522721,2.0638397800032158e-08,2.153
2808.0,9.834739803093948e-05,0.0822291882654285,-0.9674659329703834,0.4271114467862943,2.7331269584935467,2.053895240330589e-08,2.162
2808.0,9.842042626852336e-05,0.0822855478951502,-0.9663251711184686,0.426312399444785,2.7331269584935467,2.048790677873257e-08,2.16
2808.0,9.866045142070098e-05,0.0824952547492921,-0.9680475795541604,0.4279060168167117,2.7331269584935467,2.0652979269630843e-08,2.155
2808.0,9.87814520539475e-05,0.0826021207583754,-0.964934822116016,0.4292981453052379,2.7331269584935467,2.072395898611625e-08,2.162
2808.0,9.90546900357068e-05,0.0828382103919516,-0.9643277581060784,0.4308005152023878,2.7331269584935467,2.085941051013684e-08,2.149
2808.0,9.90546900357068e-05,0.0828382103919516,-0.9643277581060784,0.4308005152023878,2.7331269584935467,2.085941051013684e-08,2.149
2772.0,9.665898561985285e-05,0.0797223171524,-0.966241504353631,0.4101031804823029,2.741560674953126,1.9419883948402532e-08,2.153
2844.0,9.974150802773572e-05,0.0844767963048081,-0.9638364906443844,0.4336270619073585,2.921764302522721,2.0905158452752423e-08,2.149
2844.0,9.922806949002125e-05,0.0840432745296783,-0.9609120563387256,0.4342398566108301,2.919504184180421,2.080189906972578e-08,2.147
2844.0,9.937369309734796e-05,0.0841607526016789,-0.9649556609824596,0.4327209650901282,2.921764302522721,2.07886373921607e-08,2.156
2844.0,9.952629317080956e-05,0.0842768559532632,-0.9660895925705368,0.4300864722412243,2.9252123808696058,2.0678545604672823e-08,2.155
2808.0,9.899048159926628e-05,0.0827506137143834,-0.967360130566489,0.4239537945712322,2.7331269584935467,2.0487438755880295e-08,2.161
2808.0,9.92582224385988e-05,0.0829899416327294,-0.9695827231997036,0.4267307721095068,2.7331269584935467,2.0726827405605312e-08,2.148
2808.0,9.95401925781677e-05,0.083219250700271,-0.9705598359726926,0.4254070207641809,2.7331269584935467,2.071639241509509e-08,2.157
2808.0,9.95401925781677e-05,0.083219250700271,-0.9705598359726926,0.4254070207641809,2.7331269584935467,2.071639241509509e-08,2.157
2808.0,0.0001002677702044,0.0838105098298282,-0.9721800195072116,0.4218886497499829,2.7331269584935467,2.0679892534869717e-08,2.153
2808.0,0.0001004699502326,0.0839979675493285,-0.9720905697738722,0.4255219148556277,2.7331269584935467,2.0932003712516207e-08,2.152
2808.0,0.0001010420768076,0.0844674575172134,-0.9744394266723426,0.4235436363747563,2.7331269584935467,2.096016008943719e-08,2.148
2772.0,0.0001023712574345,0.0844861857608425,-0.9814222638199056,0.4197645422257634,2.740403915525132,2.13368202417169e-08,2.098
2772.0,0.0001023712574345,0.0844861857608425,-0.9814222638199056,0.4197645422257634,2.740403915525132,2.13368202417169e-08,2.098
2772.0,0.0001023712574345,0.0844861857608425,-0.9814222638199056,0.4197645422257634,2.740403915525132,2.13368202417169e-08,2.098
2736.0,0.0001024684805498,0.0834655187665332,-0.9823500675475544,0.4151135008700382,2.7366578170013653,2.135928787419292e-08,2.112
2736.0,0.0001027955962166,0.083731185846455,-0.9848124595304224,0.4146722132209627,2.7362773549831187,2.142790422825917e-08,2.105
2736.0,0.0001029285042442,0.0838429939937252,-0.985657320473484,0.4152996956422256,2.734571701119392,2.150904466027648e-08,2.102
2736.0,0.0001030782083413,0.0839592266698177,-0.9854058736442092,0.4142319455803448,2.734571701119392,2.1464006585036357e-08,2.086
2736.0,0.0001034520391581,0.0842657766889042,-0.9858581170256308,0.4145407648222337,2.734571701119392,2.1570769708361836e-08,2.097
2736.0,0.0001036339391602,0.0844108609015498,-0.987706411952212,0.4137985785345852,2.740240236063064,2.15773464163424e-08,2.096
2736.0,0.0001037281432018,0.0844949917018345,-0.98801572861952,0.4151222777393475,2.734571701119392,2.1681647819777133e-08,2.089
2736.0,0.0001040253606043,0.0847325352450279,-0.9897242508059684,0.4141044578892424,2.7366578170013653,2.17065548511256e-08,2.095
2736.0,0.0001041071311019,0.0847939342063775,-0.9907275186668656,0.4129016995036031,2.7366578170013653,2.1651656787894437e-08,2.082
2700.0,0.0001034938892548,0.0831891809345506,-0.9887934410805004,0.4097321017732077,2.738978136838415,2.1588793463455522e-08,2.087
2700.0,0.0001036698788346,0.0833350413860041,-0.9875948384687718,0.4107538354835428,2.738978136838415,2.1678588323789292e-08,2.093
2700.0,0.0001038942052099,0.0835169265331516,-0.9879375405585846,0.4109890167005324,2.738978136838415,2.1736480069813658e-08,2.077
2700.0,0.0001038942052099,0.0835169265331516,-0.9879375405585846,0.4109890167005324,2.738978136838415,2.1736480069813658e-08,2.077
2700.0,0.0001043571048834,0.0838963604588757,-0.989008634559006,0.4122342900736785,2.738978136838415,2.1918223672609504e-08,2.077
2700.0,0.0001043571048834,0.0838963604588757,-0.989008634559006,0.4122342900736785,2.738978136838415,2.1918223672609504e-08,2.077
2700.0,0.0001043571048834,0.0838963604588757,-0.989008634559006,0.4122342900736785,2.738978136838415,2.1918223672609504e-08,2.077
2700.0,0.0001043571048834,0.0838963604588757,-0.989008634559006,0.4122342900736785,2.738978136838415,2.1918223672609504e-08,2.077
3132.0,8.666751074592835e-05,0.0804643776203526,-0.9651291055216604,0.3802360110114456,2.938749041885212,1.4143598804612776e-08,2.107
2772.0,0.000102047390022,0.0843208919575263,-0.9645237996099784,0.4409119158007985,2.727039085887632,2.2392576661952527e-08,2.119
2772.0,0.000102047390022,0.0843208919575263,-0.9645237996099784,0.4409119158007985,2.727039085887632,2.2392576661952527e-08,2.119
2772.0,0.0001024232448283,0.0846013914654802,-0.9672837505005109,0.4350697694187145,2.727039085887632,2.2148288755272852e-08,2.107
2772.0,0.0001026097671667,0.0847540485832314,-0.968750166966054,0.4346022491584052,2.727039085887632,2.216510742076948e-08,2.12
2772.0,0.0001026179408051,0.0847462501024494,-0.9716748838445,0.4316408458326533,2.729098456694196,2.2011227686813483e-08,2.119
2772.0,0.0001027282373288,0.0848258298628514,-0.9718970998469922,0.4294458170625428,2.727039085887632,2.1910922104335988e-08,2.111
2772.0,0.0001027282373288,0.0848258298628514,-0.9718970998469922,0.4294458170625428,2.727039085887632,2.1910922104335988e-08,2.111
2772.0,0.0001030759293746,0.0850982361169124,-0.9741101913196396,0.4263866239043334,2.740403915525132,2.1812572767304413e-08,2.1
2772.0,0.0001030759293746,0.0850982361169124,-0.9741101913196396,0.4263866239043334,2.740403915525132,2.1812572767304413e-08,2.1
2735.9689999995758,0.0001025116004096,0.0835386870565565,-0.9733909616097418,0.4234895708439461,2.734571701119392,2.178777761803998e-08,2.109
2736.0,0.0001028934634381,0.0838722806822906,-0.967441378946357,0.4285267289702447,2.734571701119392,2.211180408545264e-08,2.093
2736.0,0.0001033987607707,0.0842844737909338,-0.9723747457582012,0.4280090547500355,2.734571701119392,2.2237119392105273e-08,2.082
2736.0000000004657,0.0001040531065854,0.0848317763591336,-0.9749799675866146,0.4302957957179157,2.734571701119392,2.2549774945768227e-08,2.081
2700.0,0.0001039087051013,0.0835875872174936,-0.9774936757158316,0.423765379278756,2.73457566550055,2.2437551079022458e-08,2.08
2700.0,0.0001039087051013,0.0835875872174936,-0.9774936757158316,0.423765379278756,2.73457566550055,2.2437551079022458e-08,2.08
2700.0,0.0001039087051013,0.0835875872174936,-0.9774936757158316,0.423765379278756,2.73457566550055,2.2437551079022458e-08,2.08
2736.0,0.0001047563547563,0.0853637366360419,-0.9800484949204796,0.422053986198463,2.7366578170013653,2.2239976159585893e-08,2.069
2736.0,0.0001047563547563,0.0853637366360419,-0.9800484949204796,0.422053986198463,2.7366578170013653,2.2239976159585893e-08,2.069
2700.0,0.0001046757680391,0.084176275984368,-0.9814210368039596,0.4178136661949237,2.738978136838415,2.2255871704142026e-08,2.068
2700.0,0.0001046757680391,0.084176275984368,-0.9814210368039596,0.4178136661949237,2.738978136838415,2.2255871704142026e-08,2.068
2700.0,0.0001046757680391,0.084176275984368,-0.9814210368039596,0.4178136661949237,2.738978136838415,2.2255871704142026e-08,2.068
2664.0,0.0001076307886834,0.0854025444269349,-0.989446061934114,0.4134090949061296,2.7417803952636826,2.2985161773914038e-08,2.026
2664.0,0.0001076307886834,0.0854025444269349,-0.989446061934114,0.4134090949061296,2.7417803952636826,2.2985161773914038e-08,2.026
2664.0,0.0001076307886834,0.0854025444269349,-0.989446061934114,0.4134090949061296,2.7417803952636826,2.2985161773914038e-08,2.026
2664.0,0.000107530425162,0.0853308811584603,-0.9902644646312626,0.4148509539219746,2.7417803952636826,2.3070942020713903e-08,2.035
2628.0,0.0001074058960761,0.0840860979132295,-0.9950690648397856,0.411039380301095,2.7379541230918027,2.3149065421557642e-08,2.02
2628.0,0.0001079579579579,0.0845190774553648,-0.994313253955548,0.4113011875400418,2.743192171239161,2.3275774171991943e-08,2.024
2628.0,0.0001079579579579,0.0845190774553648,-0.994313253955548,0.4113011875400418,2.743192171239161,2.3275774171991943e-08,2.024
2628.0,0.0001079579579579,0.0845190774553648,-0.994313253955548,0.4113011875400418,2.743192171239161,2.3275774171991943e-08,2.024
2664.0,0.0001086185710832,0.0861908630010447,-0.9912735290988736,0.4140667521699484,2.7417803952636826,2.325733689149904e-08,2.011
2664.0,0.0001086185710832,0.0861908630010447,-0.9912735290988736,0.4140667521699484,2.7417803952636826,2.325733689149904e-08,2.011
2664.0,0.0001068942858052,0.0847545199304948,-1.0030699370804612,0.3991777747832491,2.746241566219385,2.2050401197686903e-08,2.029
2664.0,0.0001071005215742,0.0849353712966352,-0.995427866515425,0.4034532823977243,2.746241566219385,2.228917603827568e-08,2.021
2664.0,0.0001071005215742,0.0849353712966352,-0.995427866515425,0.4034532823977243,2.746241566219385,2.228917603827568e-08,2.021
2628.0,0.0001067995392652,0.0835635788736931,-0.9970579327278228,0.4010773468953473,2.743192171239161,2.238103881338616e-08,2.024
2628.0,0.0001070768028302,0.0837979457104667,-0.9934020834450016,0.4048973098965429,2.740748800058296,2.2643908829119866e-08,2.023
2628.0,0.0001076255264821,0.0842345337893556,-0.9945644936894382,0.4063288071082831,2.743192171239161,2.2869381531491066e-08,2.015
2664.0,0.0001074767239369,0.0852662877098552,-0.9944040924559124,0.4099684004390268,2.746241566219385,2.276913217195838e-08,2.007
2664.0,0.0001079816658764,0.0856769545475359,-0.9915788568705036,0.41234608228421,2.739294018251223,2.300554751888585e-08,2.009
2664.0,0.0001079816658764,0.0856769545475359,-0.9915788568705036,0.41234608228421,2.739294018251223,2.300554751888585e-08,2.009
2628.0,0.0001080098377315,0.084544550427774,-0.9980996398364056,0.4078788762934433,2.743192171239161,2.3105264365512828e-08,2.004
2628.0,0.0001084737880181,0.0849057418880107,-0.9971728369166666,0.4076373108916368,2.743192171239161,2.3181900961630076e-08,2.012
2628.0,0.0001090666008474,0.0853534585363533,-1.0069650001857051,0.4031828311062344,2.743192171239161,2.3105748141795778e-08,1.995
2628.0319999996573,0.000109651929832,0.0858137744621986,-1.0045229026487306,0.404094616658374,2.743192171239161,2.3281849209757894e-08,2.007
2628.0319999996573,0.000109651929832,0.0858137744621986,-1.0045229026487306,0.404094616658374,2.743192171239161,2.3281849209757894e-08,2.007
2628.0319999996573,0.000109651929832,0.0858137744621986,-1.0045229026487306,0.404094616658374,2.743192171239161,2.3281849209757894e-08,2.007
2628.0319999996573,0.000109651929832,0.0858137744621986,-1.0045229026487306,0.404094616658374,2.743192171239161,2.3281849209757894e-08,2.007
2628.0319999996573,0.000109651929832,0.0858137744621986,-1.0045229026487306,0.404094616658374,2.743192171239161,2.3281849209757894e-08,2.007
2628.0319999996573,0.000109651929832,0.0858137744621986,-1.0045229026487306,0.404094616658374,2.743192171239161,2.3281849209757894e-08,2.007
2628.0,0.000110634371584,0.0865919300355338,-1.003078817963756,0.4059132849048855,2.743192171239161,2.357990467555124e-08,1.997
2591.9980000006035,0.000110002031773,0.0849188886880426,-1.0058403622912897,0.4013087534020866,2.7416281801322806,2.349131442732561e-08,1.997
2628.0,0.0001095828705417,0.0857570561340953,-1.004045365720303,0.4034061326021874,2.743192171239161,2.3194833261523292e-08,1.999
2628.0,0.0001096291682989,0.0857923972815874,-0.9994709380934168,0.4037621794911011,2.743192171239161,2.318135131121392e-08,1.993
2628.0,0.0001098914569887,0.0859878169564671,-1.0019700957014113,0.4015884304135207,2.7469198235060635,2.3121534277663743e-08,2.007
2628.0,0.0001098914569887,0.0859878169564671,-1.0019700957014113,0.4015884304135207,2.7469198235060635,2.3121534277663743e-08,2.007
2628.0,0.0001103332099222,0.086321400110249,-1.0034000791252409,0.3988754314797147,2.743192171239161,2.3040594467734883e-08,2.001
2627.9610000001267,0.0001104839193833,0.0864349584154632,-1.0073424673794729,0.3976576934294908,2.7469198235060635,2.3032996277240144e-08,1.995
2628.0,0.0001107491755081,0.0866526384378536,-1.00389516186374,0.4000733385417881,2.7469198235060635,2.321360777400349e-08,1.987
2592.0,0.0001103638848691,0.0851807416726491,-1.005644368356063,0.3976250835903587,2.7416281801322806,2.329658106670284e-08,1.991
2592.0,0.0001107734446775,0.0854935420847912,-1.0077142428105843,0.3968283238077393,2.74410502215124,2.3358996872834692e-08,1.998
2592.0,0.0001107734446775,0.0854935420847912,-1.0077142428105843,0.3968283238077393,2.74410502215124,2.3358996872834692e-08,1.998
2592.0,0.0001107734446775,0.0854935420847912,-1.0077142428105843,0.3968283238077393,2.74410502215124,2.3358996872834692e-08,1.998
468.0,7.936507936397373e-07,0.0002672612419125,14.000000000024208,-3.741657386778096,-0.0,-6.8893297995151354e-09,1.957
2520.0,0.0001149796929726,0.0863029454325984,-1.023660406954098,0.3907524013387166,2.7413080256278897,2.4665868504211117e-08,1.965
2555.998999999836,0.0001131611015056,0.0861193034620867,-1.0182873744348473,0.3899135055161937,2.7437900847961383,2.3818225045663365e-08,1.962
2555.998999999836,0.0001131611015056,0.0861193034620867,-1.0182873744348473,0.3899135055161937,2.7437900847961383,2.3818225045663365e-08,1.962
2592.0,0.0001137713055521,0.087773657736189,-1.0192674843640843,0.3886591616279738,2.753785640370136,2.353536356258928e-08,1.962
2592.0,0.000113762735338,0.0877568658499446,-1.0201758534574388,0.3866937053090115,2.747275575155742,2.3419484612058035e-08,1.966
2556.0,0.0001130440685717,0.0860231253255007,-1.0177503666938863,0.3884803038559686,2.7485323124391385,2.3683862207774764e-08,1.969
2555.9959999993443,0.0001133176589213,0.0862278163165997,-1.0182229229258724,0.3877842213710203,2.7487903544601933,2.370148998491497e-08,1.947
2556.0,0.000113668438842,0.0864954610874604,-1.0172664888810792,0.3878785753713332,2.7487903544601933,2.3766968184615394e-08,1.951
2556.0,0.0001142758091517,0.0869620283008462,-1.0199719207392874,0.3887028407215477,2.7437900847961383,2.3998724872903564e-08,1.955
2556.0,0.0001149497824082,0.0874758976417596,-1.0222507463546953,0.3885360409492741,2.746559369419749,2.4143004767428124e-08,1.938
2556.0,0.0001153822240998,0.0878006961572424,-1.0268670110763425,0.3872159203218667,2.751301597062749,2.4202761599275104e-08,1.951
2556.0,0.0001156625090121,0.0880057872172311,-1.0304063580187095,0.3849713611304157,2.7485323124391385,2.4132170474445493e-08,1.944
2520.0,0.0001152209553617,0.0864251761143614,-1.0321378315273693,0.3775963137122952,2.751365810594086,2.385192558893028e-08,1.943
2520.0,0.0001151892506565,0.0863990368081045,-1.030450614058743,0.377494816451315,2.751365810594086,2.3833081700361303e-08,1.942
2520.0,0.0001154091362822,0.0865578765680851,-1.0280940136695889,0.3762694793277894,2.751365810594086,2.3752155288092422e-08,1.931
2520.0,0.000115667160231,0.086746340357345,-1.0338026130200044,0.3746476729236772,2.751365810594086,2.3757338774944297e-08,1.932
2520.0,0.0001158050152768,0.0868563234632534,-1.0339805328421303,0.3759834763391508,2.751365810594086,2.3879742818166428e-08,1.937
2520.0,0.000115878806835,0.0869163570262368,-1.0293853308998926,0.3773548463133899,2.751365810594086,2.393569591593716e-08,1.924
2520.0,0.000115878806835,0.0869163570262368,-1.0293853308998926,0.3773548463133899,2.751365810594086,2.393569591593716e-08,1.924
2520.0,0.000115878806835,0.0869163570262368,-1.0293853308998926,0.3773548463133899,2.751365810594086,2.393569591593716e-08,1.924
2520.0,0.0001164831582085,0.0873663693589805,-1.0343195149288098,0.3762627730642888,2.751365810594086,2.4051886004073017e-08,1.926
2520.0,0.0001164831582085,0.0873663693589805,-1.0343195149288098,0.3762627730642888,2.751365810594086,2.4051886004073017e-08,1.926
2520.0,0.0001164831582085,0.0873663693589805,-1.0343195149288098,0.3762627730642888,2.751365810594086,2.4051886004073017e-08,1.926
2520.0,0.0001164831582085,0.0873663693589805,-1.0343195149288098,0.3762627730642888,2.751365810594086,2.4051886004073017e-08,1.926
2520.0,0.0001164831582085,0.0873663693589805,-1.0343195149288098,0.3762627730642888,2.751365810594086,2.4051886004073017e-08,1.926
2592.0,0.0001142529515817,0.0882140618050898,-1.011668678571617,0.4031876571877046,2.739427756530746,2.45974531566318e-08,1.962
2592.0,0.0001127128841169,0.0870294282704632,-1.0048411472578196,0.4048320422526583,2.74410502215124,2.429695918827e-08,1.971
2556.0,0.0001129797557542,0.0860412973596412,-1.005587798652573,0.4034401728784552,2.7437900847961383,2.460209942738233e-08,1.972
2556.0,0.0001129797557542,0.0860412973596412,-1.005587798652573,0.4034401728784552,2.7437900847961383,2.460209942738233e-08,1.972
2556.0,0.0001130937492522,0.0861321988162757,-1.0067604455172765,0.4040353028300005,2.7437900847961383,2.467453575781176e-08,1.954
2601.686999999918,0.000106114743496,0.0827534437720893,-0.8971883421883486,0.3594358431878205,2.7358016298642007,2.1389041213726944e-08,1.966
2592.0,0.0001135964731855,0.0877231943559175,-1.0045744385950892,0.406989020026104,2.739427756530746,2.4632190017959523e-08,1.968
2556.0,0.0001131450039659,0.0861689709193267,-1.0033382684821548,0.4039942060327419,2.7437900847961383,2.4645544453891983e-08,1.966
2556.0,0.000113763568218,0.086629017418195,-1.0046248910704765,0.4015744608396158,2.746559369419749,2.4611368019036353e-08,1.949
2556.0,0.0001143106738527,0.0870369797111876,-1.0083703531573822,0.3994502736055038,2.746559369419749,2.4618878795774283e-08,1.948
2556.0,0.0001148006124009,0.087405346747568,-1.0114762726983382,0.3982193308782333,2.746559369419749,2.4675745213775317e-08,1.95
2556.0,0.0001148006124009,0.087405346747568,-1.0114762726983382,0.3982193308782333,2.746559369419749,2.4675745213775317e-08,1.95
2556.0,0.0001148006124009,0.087405346747568,-1.0114762726983382,0.3982193308782333,2.746559369419749,2.4675745213775317e-08,1.95
2520.0,0.0001150886802295,0.086368631126445,-1.0236293438050943,0.3875071651515112,2.746256152610486,2.445789426125579e-08,1.933
2520.0,0.0001154900907861,0.0866648624896044,-1.0236429457936314,0.3864584791410099,2.7442207875366287,2.445640416734856e-08,1.934
2520.0,0.0001154900907861,0.0866648624896044,-1.0236429457936314,0.3864584791410099,2.7442207875366287,2.445640416734856e-08,1.934
2520.0,0.0001154900907861,0.0866648624896044,-1.0236429457936314,0.3864584791410099,2.7442207875366287,2.445640416734856e-08,1.934
2520.0,0.0001154900907861,0.0866648624896044,-1.0236429457936314,0.3864584791410099,2.7442207875366287,2.445640416734856e-08,1.934
2520.0,0.0001154900907861,0.0866648624896044,-1.0236429457936314,0.3864584791410099,2.7442207875366287,2.445640416734856e-08,1.934
2592.0,0.0001118301180969,0.0862097478481911,-1.0067208703339816,0.3748944245246623,2.753785640370136,2.203916328118617e-08,1.981
2592.0,0.0001121969572312,0.0864987858547038,-1.0076047433214164,0.3764957184471175,2.753785640370136,2.2236084241678953e-08,1.988
2592.0,0.0001127411658233,0.0869155256539105,-1.0119568718166845,0.375723567619361,2.753785640370136,2.2341300719331482e-08,1.983
2592.0,0.0001127411658233,0.0869155256539105,-1.0119568718166845,0.375723567619361,2.753785640370136,2.2341300719331482e-08,1.983
2556.0,0.0001069570782889,0.0815115886515962,-0.9984447914173962,0.4155399647389822,2.7367442981700347,2.4004481862274166e-08,1.972
2556.0,0.0001126533880681,0.0856731320974101,-1.0119003812901586,0.3771246020753124,2.754516185525647,2.2718400379295663e-08,1.985
2556.0,0.0001126533880681,0.0856731320974101,-1.0119003812901586,0.3771246020753124,2.754516185525647,2.2718400379295663e-08,1.985
2592.0,0.0001134910595527,0.0875041529782002,-1.015994827261042,0.3775716368738998,2.753785640370136,2.2655608960730523e-08,1.973
2556.0,0.0001128140919733,0.0857639139945348,-1.014243357660474,0.3702129423311618,2.754516185525647,2.2310134566818115e-08,1.966
2556.0,0.0001130614866265,0.0859536385116763,-1.011248257955803,0.3704345749181186,2.752004942923091,2.2334455852420516e-08,1.985
2556.0,0.0001132919408893,0.0861365592918324,-1.0162363033227,0.3721739161738762,2.754516185525647,2.256432650536228e-08,1.978
2556.0,0.0001136751002811,0.0864173180330484,-1.0142389860150098,0.3696647007009748,2.7559486501416064,2.243822210864673e-08,1.971
2592.0,0.0001132930876081,0.0873276580644053,-1.0129391971177997,0.3726466775046525,2.753785640370136,2.2252111480786153e-08,1.97
2592.0,0.0001137653064022,0.087688444609952,-1.0147905215938622,0.371521737378386,2.753785640370136,2.227900237150656e-08,1.958
2592.0,0.0001140241268665,0.0878760109636977,-1.0163717349808934,0.3690142826899732,2.753785640370136,2.2184046009264863e-08,1.964
2592.0,0.000114420927777,0.0882032556511274,-1.01748347569555,0.3735013795430894,2.753785640370136,2.2577216314219776e-08,1.954
2592.0,0.000114611241129,0.0883457603044692,-1.0125591799069045,0.3729686834679078,2.753785640370136,2.2522510314205653e-08,1.953
2556.0,0.0001142780707583,0.0868768476571401,-1.0147601405915625,0.3696616422560825,2.754516185525647,2.255014819461633e-08,1.964
2556.0,0.0001145099301032,0.0870634470858256,-1.0171823967126763,0.3718583546784385,2.7559486501416064,2.2777505704363563e-08,1.943
2556.0,0.0001149109267476,0.0873619635542627,-1.0181277136030078,0.3705663180823096,2.754516185525647,2.2786509256699042e-08,1.941
2556.0,0.0001152409765544,0.0876244643506518,-1.0159569023672457,0.3734516888984849,2.754516185525647,2.3036378033751583e-08,1.947
2556.0,0.0001159412716787,0.0881561503619308,-1.0225694481362118,0.3724097627063371,2.754516185525647,2.3168581201520612e-08,1.938
2556.0,0.0001159412716787,0.0881561503619308,-1.0225694481362118,0.3724097627063371,2.754516185525647,2.3168581201520612e-08,1.938
2556.0,0.0001159412716787,0.0881561503619308,-1.0225694481362118,0.3724097627063371,2.754516185525647,2.3168581201520612e-08,1.938
2556.0,0.0001159412716787,0.0881561503619308,-1.0225694481362118,0.3724097627063371,2.754516185525647,2.3168581201520612e-08,1.938
2556.0,0.0001159412716787,0.0881561503619308,-1.0225694481362118,0.3724097627063371,2.754516185525647,2.3168581201520612e-08,1.938
2556.0,0.0001159412716787,0.0881561503619308,-1.0225694481362118,0.3724097627063371,2.754516185525647,2.3168581201520612e-08,1.938
2556.0,0.0001159412716787,0.0881561503619308,-1.0225694481362118,0.3724097627063371,2.754516185525647,2.3168581201520612e-08,1.938
2556.0,0.0001159412716787,0.0881561503619308,-1.0225694481362118,0.3724097627063371,2.754516185525647,2.3168581201520612e-08,1.938
2520.0,0.0001171836575005,0.0878440496697086,-1.022549251780286,0.3666146260487227,2.751365810594086,2.332154888857349e-08,1.923
2520.0,0.0001160807437215,0.0870048126516417,-1.0231699127103224,0.3636400469230141,2.757627470349651,2.2893733773014272e-08,1.924
2520.0,0.0001164142260973,0.0872396362025225,-1.0248545700856817,0.3600478969162006,2.757627470349651,2.2726368061382168e-08,1.93
2520.0,0.0001164142260973,0.0872396362025225,-1.0248545700856817,0.3600478969162006,2.757627470349651,2.2726368061382168e-08,1.93
2520.0,0.0001172600417318,0.0878802482254631,-1.0290894061013045,0.3609916991599731,2.757627470349651,2.2998529982878485e-08,1.929
2520.0,0.0001170532453983,0.0877244955684352,-1.0263440092337914,0.3613535256214873,2.7528184507680167,2.295923140417965e-08,1.93
2520.0,0.0001176102913778,0.0881402668468789,-1.026104963294614,0.3609387594912598,2.757627470349651,2.303551688047648e-08,1.939
2520.0,0.0001179316640584,0.0883915493470719,-1.0298661269684504,0.3629061498482339,2.757627470349651,2.3283714374572223e-08,1.927
2520.0,0.000117966130114,0.0884145348903633,-1.030023548880437,0.3622699857738982,2.757627470349651,2.324695864508197e-08,1.916
2484.0,0.0001173390541428,0.0867081633415337,-1.0314704703636015,0.3610643568517709,2.7580732611259515,2.3386156092799112e-08,1.916
2484.0,0.0001178836302841,0.0871018596497878,-1.03284983171552,0.3587246772478702,2.7580732611259515,2.332741647913042e-08,1.909
2484.0,0.0001182598003479,0.0873793815193252,-1.0333736162611655,0.3587040278328515,2.758073261125952,2.3406994967818334e-08,1.915
2484.0,0.000118690432809,0.0876897422180562,-1.0340876963606611,0.3567044592492772,2.7580732611259515,2.3352660601314574e-08,1.911
2484.0,0.0001189946441936,0.0879074011680713,-1.033846212546481,0.3552253004751969,2.758073261125952,2.3299787357278545e-08,1.922
2484.0,0.0001192152917505,0.0880646866054442,-1.0409149148356749,0.3533884785216776,2.758073261125952,2.3290687945889996e-08,1.912
2520.0,0.0001188641105894,0.0890549668616884,-1.0383438073598434,0.3541979284590669,2.757627470349651,2.2916696471941395e-08,1.913
2520.0,0.0001191584693345,0.0892761163452924,-1.039697627964551,0.3541886396117823,2.7608873347063927,2.2992211387870676e-08,1.912
2520.0,0.00011948077353,0.0895219991397638,-1.038220651365601,0.3553254170668975,2.757627470349651,2.3123823098494277e-08,1.908
2484.0,0.0001189543055434,0.0878599676362533,-1.0359247109326108,0.350812068774116,2.758073261125952,2.298263150943161e-08,1.907
2484.0,0.0001192857378451,0.0881100901810821,-1.0354224875731388,0.3522801369674689,2.7580732611259515,2.3154613494562583e-08,1.908
2484.0,0.0001192857378451,0.0881100901810821,-1.0354224875731388,0.3522801369674689,2.7580732611259515,2.3154613494562583e-08,1.908
2484.0,0.0001192857378451,0.0881100901810821,-1.0354224875731388,0.3522801369674689,2.7580732611259515,2.3154613494562583e-08,1.908
2484.0,0.0001192857378451,0.0881100901810821,-1.0354224875731388,0.3522801369674689,2.7580732611259515,2.3154613494562583e-08,1.908
2412.0,0.0001145376060872,0.0823374006251305,-1.0455822758399254,0.3826515943612756,2.5300770318233674,2.5292425781985445e-08,1.897
2484.0,0.0001188376636631,0.0877974518228397,-1.0319073513472117,0.3566673230242603,2.758073261125952,2.3350247729523282e-08,1.896
2484.0,0.0001188400937023,0.0877990376626803,-1.034639142005972,0.3563309829929064,2.758073261125952,2.3360174360128172e-08,1.893
2484.0,0.0001188400937023,0.0877990376626803,-1.034639142005972,0.3563309829929064,2.758073261125952,2.3360174360128172e-08,1.893
2484.0,0.0001201469687691,0.0887599223158955,-1.0383102151282415,0.3550771181320043,2.758073261125952,2.3568137271313253e-08,1.895
2448.0,0.0001198250314618,0.0872444630574677,-1.0435282812088975,0.3495856986411313,2.5374271712565384,2.3480896510296544e-08,1.875
2448.0,0.0001196281411115,0.0871019358529218,-1.0410876926720931,0.3500420374753381,2.542276270121433,2.3449012765425417e-08,1.887
2448.0,0.0001196281411115,0.0871019358529218,-1.0410876926720931,0.3500420374753381,2.542276270121433,2.3449012765425417e-08,1.887
2448.0,0.0001204349855884,0.0876784065993573,-1.043711445380957,0.3469855255864186,2.542276270121433,2.339955740279614e-08,1.887
2448.0,0.0001202989891608,0.0875852087852393,-1.042224016232996,0.3486400219283295,2.542276270121433,2.348815628491828e-08,1.879
2448.0,0.0001203395851094,0.0876152583962195,-1.041020567445488,0.3489310798754615,2.5374271712565384,2.350309067842604e-08,1.877
2448.0,0.000120535460561,0.0877681738696666,-1.0403749440993708,0.3512607288168393,2.5374271712565384,2.370894232862368e-08,1.876
2448.0,0.0001207110380384,0.0878815345173371,-1.0429244514977256,0.3477565732804333,2.542276270121433,2.3504216684285e-08,1.882
2448.0,0.0001207110380384,0.0878815345173371,-1.0429244514977256,0.3477565732804333,2.542276270121433,2.3504216684285e-08,1.882
2448.0,0.0001212946047984,0.0883159676668241,-1.0433244490123936,0.3499520021433611,2.5374271712565384,2.3798074581942905e-08,1.887
2448.0,0.0001212946047984,0.0883159676668241,-1.0433244490123936,0.3499520021433611,2.5374271712565384,2.3798074581942905e-08,1.887
2448.0,0.0001222922502334,0.0890378665960698,-1.0485819439447015,0.3484680269041283,2.542276270121433,2.3935299138163212e-08,1.868
2448.0,0.0001227245970852,0.0893535393099359,-1.0461214280531856,0.3491371438043515,2.5374271712565384,2.405228522064317e-08,1.855
2448.0,0.0001227245970852,0.0893535393099359,-1.0461214280531856,0.3491371438043515,2.5374271712565384,2.405228522064317e-08,1.855
2448.0,0.0001227245970852,0.0893535393099359,-1.0461214280531856,0.3491371438043515,2.5374271712565384,2.405228522064317e-08,1.855
2412.0,0.0001234423576915,0.0885601968851931,-1.054488294387151,0.3431892614165798,2.541796331313999,2.4168203213831506e-08,1.855
2412.0,0.0001234423576915,0.0885601968851931,-1.054488294387151,0.3431892614165798,2.541796331313999,2.4168203213831506e-08,1.855
2412.0,0.0001234423576915,0.0885601968851931,-1.054488294387151,0.3431892614165798,2.541796331313999,2.4168203213831506e-08,1.855
2412.0,0.0001234423576915,0.0885601968851931,-1.054488294387151,0.3431892614165798,2.541796331313999,2.4168203213831506e-08,1.855
2412.0,0.0001234423576915,0.0885601968851931,-1.054488294387151,0.3431892614165798,2.541796331313999,2.4168203213831506e-08,1.855
2412.0,0.0001234423576915,0.0885601968851931,-1.054488294387151,0.3431892614165798,2.541796331313999,2.4168203213831506e-08,1.855
2412.0,0.0001234423576915,0.0885601968851931,-1.054488294387151,0.3431892614165798,2.541796331313999,2.4168203213831506e-08,1.855
2484.0,0.0001202310481244,0.0888757955763968,-1.0293969530550733,0.3678283943965845,2.7508261663105307,2.4441846208442972e-08,1.902
2484.0,0.0001194466314796,0.0882945862125835,-1.027436652226774,0.3675666121847135,2.7580732611259515,2.42365303987532e-08,1.9
2484.0,0.0001194466314796,0.0882945862125835,-1.027436652226774,0.3675666121847135,2.7580732611259515,2.42365303987532e-08,1.9
2484.0,0.0001194466314796,0.0882945862125835,-1.027436652226774,0.3675666121847135,2.7580732611259515,2.42365303987532e-08,1.9
2484.0,0.0001200925358916,0.0887801341253824,-1.0255810652184554,0.369510500093375,2.7508261663105307,2.449296835606204e-08,1.884
2484.0,0.0001206733152538,0.0891938835418866,-1.0335238622365124,0.3654094225771552,2.758073261125952,2.4396845483031083e-08,1.884
2484.0,0.0001211437702881,0.0895399340683287,-1.0319751012496186,0.3651352780252472,2.758073261125952,2.4450326087900532e-08,1.888
2448.0,0.0001210186359348,0.0881603930456346,-1.0351693495708567,0.3609474361801246,2.5374271712565384,2.4487467391462043e-08,1.886
2448.0,0.0001210186359348,0.0881603930456346,-1.0351693495708567,0.3609474361801246,2.5374271712565384,2.4487467391462043e-08,1.886
2448.0,0.0001225358259245,0.0892621096066169,-1.037699227904013,0.3599884803874688,2.53342939926015,2.4752364548063863e-08,1.877
2448.0,0.0001230748071398,0.0896385419403591,-1.042248252030382,0.3561669783983855,2.5374271712565384,2.4619654934974198e-08,1.871
2448.0,0.0001234472607241,0.0899096946771089,-1.0436037068491049,0.355795630539679,2.542276270121433,2.4674769168704697e-08,1.859
2412.0,0.0001228777256089,0.0881867033311991,-1.0457297699048702,0.3511007905889438,2.537739768552958,2.45749162609866e-08,1.86
2412.0,0.0001228777256089,0.0881867033311991,-1.0457297699048702,0.3511007905889438,2.537739768552958,2.45749162609866e-08,1.86
2448.0,0.0001231965249868,0.0897085006535839,-1.0416151387195325,0.3518632725778127,2.542276270121433,2.4296480333540123e-08,1.846
2448.0,0.0001236896090345,0.0900775123256019,-1.0446290864209158,0.353772841681736,2.5374271712565384,2.4580595997536293e-08,1.855
2448.0,0.0001241170381195,0.0903936710811437,-1.0433530484259217,0.3549155491519419,2.5374271712565384,2.4738259843085482e-08,1.839
2412.0,0.0001237778610137,0.0888364993525075,-1.0449901484780515,0.3519493778022791,2.537739768552958,2.481061094751537e-08,1.842
2412.0,0.0001237778610137,0.0888364993525075,-1.0449901484780515,0.3519493778022791,2.537739768552958,2.481061094751537e-08,1.842
2412.0,0.0001248187641807,0.0895727579835696,-1.0503499007082722,0.3490992214877352,2.537739768552958,2.4859406075652233e-08,1.833
2412.0,0.0001252719777073,0.0898892304389271,-1.0522604850443138,0.3470467475521469,2.537739768552958,2.4814181731004625e-08,1.844
2412.0,0.0001252719777073,0.0898892304389271,-1.0522604850443138,0.3470467475521469,2.537739768552958,2.4814181731004625e-08,1.844
2376.0,0.0001186270075646,0.0840460449709566,-1.058363777392996,0.3837742444516461,2.523209936307723,2.685725844229989e-08,1.833
2412.0,0.0001254723823338,0.090055284941626,-1.04849059638804,0.3521499081689374,2.537739768552958,2.5207219733310584e-08,1.835
2412.0,0.0001250397628227,0.0897297571821544,-1.0505572391821854,0.3486850659044978,2.537739768552958,2.4871368282191266e-08,1.826
2412.0,0.0001251166376132,0.0897813691661111,-1.0507698103694167,0.3478953652842824,2.537739768552958,2.4827665516484677e-08,1.837
2412.0,0.0001252884130074,0.0899105044738921,-1.0522286649928916,0.3490595875472433,2.537739768552958,2.4975126489613585e-08,1.829
2412.0,0.0001257321661089,0.0902283952042889,-1.0534006949909638,0.3488112126815402,2.537739768552958,2.50549772759702e-08,1.837
2376.0,0.0001252427057159,0.0885517860633867,-1.0498736107192133,0.3461649032085289,2.5439320579570297,2.506148410689156e-08,1.841
2376.0,0.0001256983797589,0.0888676644342535,-1.0509618350449994,0.344701116768259,2.5439320579570297,2.504810665096192e-08,1.828
2376.0,0.0001262315042689,0.0892497778167751,-1.0548257934920344,0.3453364324641333,2.5375016271774986,2.525665935780152e-08,1.819
2376.0,0.0001267758799584,0.0896363753333637,-1.0548462368170026,0.3458223114407077,2.5375016271774986,2.5404437566772374e-08,1.815
2376.0,0.0001273600801695,0.0900445816513022,-1.0572383062260924,0.3446027033217569,2.540956110301807,2.5452119998571003e-08,1.817
2376.0,0.0001279032644265,0.0904258581429865,-1.0596211764972694,0.3436342995631326,2.5439320579570297,2.5510615940818644e-08,1.829
2376.0,0.0001283422459893,0.0907302052750556,-1.061233356207038,0.3421688085191216,2.5439320579570297,2.549640389851136e-08,1.817
2375.969000000506,0.0001286406071381,0.090934223572506,-1.0644391588195574,0.3403982390702049,2.5375016271774986,2.5450446064189122e-08,1.803
2340.0,0.0001278769323545,0.0890379296353689,-1.0609366609264144,0.3367921066204686,2.544110397026542,2.5325341243453958e-08,1.804
2340.0,0.0001284167689737,0.0894078225954459,-1.063403787337573,0.3351675627803585,2.544110397026542,2.532535423185944e-08,1.8
2340.0,0.000128638856997,0.0895568993904893,-1.0642714558932982,0.3336817232621963,2.544110397026542,2.5249839768697143e-08,1.801
2340.0,0.0001289176950118,0.0897479051576496,-1.0662100866588275,0.3327546974086071,2.544110397026542,2.5253409018721555e-08,1.809
2340.0,0.0001292412497041,0.0899734135815416,-1.0674225130957231,0.3328610284756216,2.544110397026542,2.5346086839458013e-08,1.793
2376.0,0.0001289541666361,0.0911293209860253,-1.0625108087368669,0.3344584390834406,2.54393205795703,2.4983673491786345e-08,1.799
2376.0,0.0001289541666361,0.0911293209860253,-1.0625108087368669,0.3344584390834406,2.54393205795703,2.4983673491786345e-08,1.799
2376.0,0.0001296203918021,0.0916058430666074,-1.0618769710166411,0.3357442836775678,2.5439320579570297,2.5215149640974285e-08,1.79
2376.0,0.0001296203918021,0.0916058430666074,-1.0618769710166411,0.3357442836775678,2.5439320579570297,2.5215149640974285e-08,1.79
2376.0,0.0001296203918021,0.0916058430666074,-1.0618769710166411,0.3357442836775678,2.5439320579570297,2.5215149640974285e-08,1.79
2376.0,0.0001296203918021,0.0916058430666074,-1.0618769710166411,0.3357442836775678,2.5439320579570297,2.5215149640974285e-08,1.79
2340.0,0.0001313276275962,0.0914128943279735,-1.0710222985273845,0.3293418137891843,2.544110397026542,2.5491444487913784e-08,1.792
2340.0,0.0001313276275962,0.0914128943279735,-1.0710222985273845,0.3293418137891843,2.544110397026542,2.5491444487913784e-08,1.792
2339.997999999672,0.0001306481472404,0.090949573620358,-1.0684534925451588,0.3318973925439728,2.544110397026542,2.5553139121534956e-08,1.782
2340.031000001356,0.0001310417688051,0.0912227428396494,-1.069666337209846,0.3315080194472478,2.544110397026542,2.5600257559876185e-08,1.787
2340.0,0.0001316477055282,0.0916447649190227,-1.0726938062907685,0.3312238194084214,2.544110397026542,2.5742671944108156e-08,1.774
2339.969000000506,0.0001321116648631,0.0919662664920903,-1.0736383923911446,0.33088106251333,2.544110397026542,2.581433108302025e-08,1.773
2340.0,0.0001325985600134,0.0922954274097363,-1.074033470821257,0.328586060630678,2.544110397026542,2.5712980988855532e-08,1.773
2340.0,0.0001322184268165,0.0920186879266322,-1.076503827348772,0.3255927039105382,2.544110397026542,2.5415536187061567e-08,1.777
2340.0,0.0001323040972294,0.0920758542564929,-1.0776995942038128,0.324813500162284,2.544110397026542,2.5374047096774773e-08,1.78
2340.0,0.0001325122385491,0.0922168418497723,-1.080376397569344,0.3237254139161415,2.544110397026542,2.5359410358543264e-08,1.775
2304.0,0.0001319116647241,0.0904043986123547,-1.0790939964417736,0.3204985326055808,2.548191303783318,2.5322595414842586e-08,1.769
2304.0,0.0001319238053613,0.0904126836532608,-1.075961070533283,0.3205475098511658,2.548191303783318,2.5279931089424587e-08,1.774
2304.0080000013118,0.0001320835903917,0.0905356575524888,-1.0768179469579258,0.3239502999868789,2.548191303783318,2.5632355365297783e-08,1.773
2304.0,0.0001323255461056,0.0907122670018525,-1.0754628926439609,0.3266931985938467,2.548191303783318,2.59025796863825e-08,1.767
2304.0,0.0001328392094017,0.0910723428633269,-1.0758410666208926,0.3285478090149634,2.548191303783318,2.6173724738194324e-08,1.758
2304.0,0.0001328392094017,0.0910723428633269,-1.0758410666208926,0.3285478090149634,2.548191303783318,2.6173724738194324e-08,1.758
2304.0,0.0001339840137486,0.0918493671725613,-1.0805824901279406,0.3262543779702086,2.548191303783318,2.6256204506873223e-08,1.758
2304.0,0.0001345850330225,0.0922529653473785,-1.0823870751990958,0.324062495524882,2.548191303783318,2.6206082513089327e-08,1.77
2268.0,0.000134039847153,0.0904554160438536,-1.0829914806367804,0.3190671044168892,2.5423101861257336,2.6044866270940677e-08,1.76
2268.0,0.0001343832671957,0.0906887980145147,-1.0825675769710053,0.3195398665213228,2.5423101861257336,2.6148915177814e-08,1.762
2268.0,0.0001343832671957,0.0906887980145147,-1.0825675769710053,0.3195398665213228,2.5423101861257336,2.6148915177814e-08,1.762
2268.0,0.0001343832671957,0.0906887980145147,-1.0825675769710053,0.3195398665213228,2.5423101861257336,2.6148915177814e-08,1.762
2268.0,0.0001343832671957,0.0906887980145147,-1.0825675769710053,0.3195398665213228,2.5423101861257336,2.6148915177814e-08,1.762
2232.0,0.0001281548685782,0.0852630098575836,-1.116466040797529,0.3429867106167366,2.541443713471085,2.7928180379116484e-08,1.737
2232.0,0.0001281548685782,0.0852630098575836,-1.116466040797529,0.3429867106167366,2.541443713471085,2.7928180379116484e-08,1.737
2268.0,0.000135367063492,0.0913536430321095,-1.080945500297596,0.3197976451274696,2.5439217088186874,2.6340199111256686e-08,1.737
2268.0,0.000135367063492,0.0913536430321095,-1.080945500297596,0.3197976451274696,2.5439217088186874,2.6340199111256686e-08,1.737
2268.0,0.0001358014092389,0.0916362273595031,-1.082817133338511,0.3171138299902868,2.5423101861257336,2.620978413429045e-08,1.73
2268.0,0.0001359553062678,0.0917375145585542,-1.087005170015812,0.3161758331236423,2.5423101861257336,2.6207711999601924e-08,1.739
2268.0,0.0001361314611314,0.0918506162978001,-1.0838447937539797,0.3149383984653365,2.5423101861257336,2.6080405224670185e-08,1.735
2268.0,0.0001364621489621,0.0920716594625646,-1.0874731671639577,0.3140855606791521,2.551010831660101,2.6119257750082032e-08,1.738
2268.0,0.0001361499033374,0.0918505285409614,-1.0889359620214802,0.3113987125014756,2.5423101861257336,2.5827993317912693e-08,1.736
2268.0,0.0001362713675213,0.0919311120626709,-1.0870051030765118,0.3114298757676589,2.544568169254544,2.583874251660848e-08,1.747
2268.0,0.0001363247329042,0.0919724283650544,-1.0878123108092497,0.3124764360819776,2.5470780274250435,2.5951841890209488e-08,1.742
2268.0,0.0001365721441915,0.0921413238536756,-1.0863878855415945,0.312992568936575,2.547538120839448,2.6022710536659066e-08,1.734
2268.0,0.0001369397454849,0.0923970134004203,-1.0882817143256491,0.3147412418425042,2.5423101861257336,2.628119134465609e-08,1.721
2268.0,0.0001373370931695,0.0926692734730975,-1.0893554446093,0.3156099838408472,2.5470780274250435,2.6453359594532962e-08,1.715
2268.0,0.0001379292582417,0.0930714637847269,-1.0878381077917512,0.316551054328098,2.5486895501179974,2.6640529132687392e-08,1.715
2232.0,0.0001375087635426,0.0913427260354669,-1.0928581328139737,0.3145768864840018,2.54883931933116,2.684993751495625e-08,1.722
2232.0,0.0001380114994026,0.0916723528469608,-1.0902690145925673,0.3139280925803248,2.54883931933116,2.685249619741888e-08,1.705
2232.0,0.0001384381933777,0.0919577921389712,-1.0910575436713028,0.314236790498673,2.54883931933116,2.6984586291462763e-08,1.708
2232.0,0.000138694219053,0.0921208577476114,-1.0924766783434885,0.3123879077149371,2.5454389431701907,2.6867059148711706e-08,1.702
2232.0,0.0001388915557262,0.092248415147829,-1.0954619473281724,0.3112715349317906,2.54883931933116,2.6843154606608972e-08,1.72
2232.0,0.0001388915557262,0.092248415147829,-1.0954619473281724,0.3112715349317906,2.54883931933116,2.6843154606608972e-08,1.72
2232.0,0.0001388915557262,0.092248415147829,-1.0954619473281724,0.3112715349317906,2.54883931933116,2.6843154606608972e-08,1.72
2232.0,0.0001388915557262,0.092248415147829,-1.0954619473281724,0.3112715349317906,2.54883931933116,2.6843154606608972e-08,1.72
2232.0,0.0001388915557262,0.092248415147829,-1.0954619473281724,0.3112715349317906,2.54883931933116,2.6843154606608972e-08,1.72
2232.0,0.0001388915557262,0.092248415147829,-1.0954619473281724,0.3112715349317906,2.54883931933116,2.6843154606608972e-08,1.72
2232.0,0.0001388915557262,0.092248415147829,-1.0954619473281724,0.3112715349317906,2.54883931933116,2.6843154606608972e-08,1.72
2160.0,0.0001405649568129,0.0905533897402114,-1.0865224560979572,0.3441222911111963,2.5398817655685373,3.1255620192361854e-08,1.684
2196.0,0.0001388217370501,0.0909140216561003,-1.0781635887415006,0.3512022219020315,2.5359970165346883,3.0937620566308044e-08,1.68
2196.0,0.0001388217370501,0.0909140216561003,-1.0781635887415006,0.3512022219020315,2.5359970165346883,3.0937620566308044e-08,1.68
2196.0,0.0001388217370501,0.0909140216561003,-1.0781635887415006,0.3512022219020315,2.5359970165346883,3.0937620566308044e-08,1.68
2196.0,0.0001397310848659,0.091509771825215,-1.083343533263877,0.3505265225580674,2.5359970165346883,3.1164107435479694e-08,1.673
2196.0,0.000140418811538,0.0919644931826727,-1.082031331850882,0.3515673799916819,2.5359970165346883,3.1401807330652056e-08,1.675
2196.0,0.0001411888393644,0.0924539032166269,-1.087693859936581,0.3476856830708375,2.5359970165346883,3.1267028412222474e-08,1.662
2196.0,0.0001411888393644,0.0924539032166269,-1.087693859936581,0.3476856830708375,2.5359970165346883,3.1267028412222474e-08,1.662
2196.0,0.0001411888393644,0.0924539032166269,-1.087693859936581,0.3476856830708375,2.5359970165346883,3.1267028412222474e-08,1.662
2196.0,0.0001411888393644,0.0924539032166269,-1.087693859936581,0.3476856830708375,2.5359970165346883,3.1267028412222474e-08,1.662
2196.0,0.0001411888393644,0.0924539032166269,-1.087693859936581,0.3476856830708375,2.5359970165346883,3.1267028412222474e-08,1.662
2124.0,0.0001464766447469,0.0927690940036599,-1.1024368182676565,0.3292989082540251,2.5448471067132186,3.1749249942519393e-08,1.617
2124.0,0.0001471928930875,0.0932378935962191,-1.1008377139634908,0.3328015476743262,2.5478605978362863,3.2248271062689526e-08,1.602
2088.0,0.0001468260926034,0.0914535137556689,-1.1028199291586576,0.3294103373083325,2.277473854987911,3.23678911602941e-08,1.613
2088.0,0.0001479641535164,0.0921441898555624,-1.1037405045913051,0.3252901486245215,2.277473854987911,3.2193379680841676e-08,1.606
2088.0,0.0001488018702513,0.0926619422134836,-1.106397904643016,0.3239808674613105,2.277473854987911,3.226458503366216e-08,1.597
2088.0,0.0001493847003052,0.0930016905007771,-1.1195888192918668,0.3165265860202214,2.284831933776511,3.174377429732936e-08,1.595
2088.0,0.0001493847003052,0.0930016905007771,-1.1195888192918668,0.3165265860202214,2.284831933776511,3.174377429732936e-08,1.595
2088.0,0.0001502516397168,0.093519641982777,-1.132961001678909,0.3093158536188175,2.290980844231352,3.1316931280698754e-08,1.587
2088.0,0.0001502516397168,0.093519641982777,-1.132961001678909,0.3093158536188175,2.290980844231352,3.1316931280698754e-08,1.587
2088.0,0.0001502516397168,0.093519641982777,-1.132961001678909,0.3093158536188175,2.290980844231352,3.1316931280698754e-08,1.587
2088.0,0.0001502516397168,0.093519641982777,-1.132961001678909,0.3093158536188175,2.290980844231352,3.1316931280698754e-08,1.587
2088.0,0.0001502516397168,0.093519641982777,-1.132961001678909,0.3093158536188175,2.290980844231352,3.1316931280698754e-08,1.587
2088.0,0.0001502516397168,0.093519641982777,-1.132961001678909,0.3093158536188175,2.290980844231352,3.1316931280698754e-08,1.587
2052.0,0.0001506719506734,0.092203444602749,-1.130716909526863,0.3093704801972078,2.28774645639374,3.1892368918268766e-08,1.578
2088.0,0.0001504837976491,0.0936677603440929,-1.1301132343757558,0.3103530855765096,2.290980844231352,3.14144009030015e-08,1.574
2088.0,0.0001504837976491,0.0936677603440929,-1.1301132343757558,0.3103530855765096,2.290980844231352,3.14144009030015e-08,1.574
2088.0,0.0001520699396064,0.0946332766138059,-1.141046308987647,0.3026028215628726,2.290980844231352,3.0990865238825826e-08,1.571
2052.0,0.0001519066514913,0.0929433538755896,-1.132171203001002,0.3055375614572774,2.28774645639374,3.1747839005700524e-08,1.561
2052.0,0.0001519066514913,0.0929433538755896,-1.132171203001002,0.3055375614572774,2.28774645639374,3.1747839005700524e-08,1.561
2052.0,0.0001531035483605,0.0936383567950596,-1.1414217439028869,0.2948126301101024,2.28774645639374,3.0876686186377475e-08,1.566
2052.0,0.0001534507444078,0.0938553175326742,-1.1502123267236717,0.2938292470971315,2.28774645639374,3.093674997784044e-08,1.547
2052.0,0.0001538763417266,0.0940870241774724,-1.157476035544993,0.2857244036459315,2.2868250361849096,3.018044717297777e-08,1.552
2052.0,0.0001540026522569,0.0941639188737642,-1.1645860786513067,0.2837471141734214,2.2974391151822844,3.0058407241777645e-08,1.561
2052.0,0.0001544102316965,0.0944145394690769,-1.166701248364086,0.2828805187316545,2.2974391151822844,3.0032552917240224e-08,1.559
2052.0,0.0001546247022192,0.0945396862095625,-1.170532094749432,0.280977915480364,2.2974391151822844,2.9918539584451794e-08,1.549
2052.0,0.0001546247022192,0.0945396862095625,-1.170532094749432,0.280977915480364,2.2974391151822844,2.9918539584451794e-08,1.549
2016.0,0.0001553758678304,0.0933577483283114,-1.159287034786595,0.2802103449976338,2.294697695205268,3.038595957095402e-08,1.546
2016.0,0.0001558475931207,0.0936359364586654,-1.1697921977045866,0.2760859560503309,2.289344329535867,3.010422064248071e-08,1.533
2016.0,0.0001568828680897,0.0942159905865534,-1.200448039953829,0.2566014305141516,2.299113475399016,2.8286403469685062e-08,1.538
1980.0,0.0001575643654591,0.0929785619753983,-1.1846307233800375,0.2613014354437137,2.2942244439548625,2.9332538196891985e-08,1.54
1980.0,0.0001575643654591,0.0929785619753983,-1.1846307233800375,0.2613014354437137,2.2942244439548625,2.9332538196891985e-08,1.54
2016.0,0.00015716374269,0.0943754533259374,-1.1965772139165956,0.254839000946946,2.299113475399016,2.8068163687018225e-08,1.524
2016.0,0.0001575058335493,0.0945733692983978,-1.2042806693478685,0.2506208028893001,2.299113475399016,2.7705817833165467e-08,1.534
1980.0,0.0001580580238474,0.0932630896770201,-1.1812716899186666,0.260307808295729,2.291356034617148,2.925928641798673e-08,1.522
1980.0,0.0001580580238474,0.0932630896770201,-1.1812716899186666,0.260307808295729,2.291356034617148,2.925928641798673e-08,1.522
1980.0,0.0001580580238474,0.0932630896770201,-1.1812716899186666,0.260307808295729,2.291356034617148,2.925928641798673e-08,1.522
1980.0,0.0001580580238474,0.0932630896770201,-1.1812716899186666,0.260307808295729,2.291356034617148,2.925928641798673e-08,1.522
2016.0,0.000157268170426,0.0944313843002004,-1.2083030683082008,0.2493107486875729,2.291455980825985,2.7531657554625462e-08,1.533
2016.0,0.0001576282660674,0.0946367411841452,-1.215998172107983,0.2429211497748497,2.291455980825985,2.686337528227412e-08,1.512
1980.0,0.0001580817574238,0.0932672166481808,-1.1855252869648336,0.2561893924680001,2.291356034617148,2.879628465683921e-08,1.519
1980.0,0.0001580817574238,0.0932672166481808,-1.1855252869648336,0.2561893924680001,2.291356034617148,2.879628465683921e-08,1.519
1980.0,0.000158937115516,0.0937437997949731,-1.213678640293342,0.2389500186831971,2.305125052694657,2.7077393775987762e-08,1.503
1980.0,0.0001595769727348,0.0941091587797583,-1.2283693556873494,0.2291570109362845,2.297330817147107,2.6058436272187762e-08,1.498
1980.0,0.0001600041771094,0.0943557443588174,-1.235403084091386,0.2248457708397491,2.297330817147107,2.564469001754701e-08,1.497
1944.0,0.0001603194644861,0.0928786471566155,-1.206346934956992,0.2411023097732502,2.3007248635531647,2.807146378535195e-08,1.505
1980.0,0.0001600041771094,0.0943544298989636,-1.2380597316781785,0.2229219045767975,2.297330817147107,2.5406748032276997e-08,1.495
1944.0,0.0001602252685586,0.0928163169214804,-1.208856545791963,0.2370960171410898,2.3007248635531647,2.7532717683144984e-08,1.497
1944.0,0.0001604457271123,0.0929531289149761,-1.2141945580573317,0.2379801893642463,2.3007248635531647,2.7727871479017825e-08,1.502
1944.0,0.000160764389931,0.0931311735575982,-1.2196945844374396,0.2335567512716829,2.3007248635531647,2.724993817439049e-08,1.485
1944.0,0.000160764389931,0.0931311735575982,-1.2196945844374396,0.2335567512716829,2.3007248635531647,2.724993817439049e-08,1.485
1944.0,0.0001617905242905,0.093708021353528,-1.247909311876224,0.2155246470880838,2.2978043013184006,2.5279050689139372e-08,1.488
1944.0,0.0001617905242905,0.093708021353528,-1.247909311876224,0.2155246470880838,2.2978043013184006,2.5279050689139372e-08,1.488
1944.0,0.0001623617123617,0.0940495857466931,-1.2338757496981985,0.2249684719601421,2.292788914632023,2.6486184721131504e-08,1.482
1944.0,0.0001626480279116,0.0942068359840619,-1.2342157175834214,0.2219530986231245,2.2978043013184006,2.6139491184077793e-08,1.476
1944.0,0.0001630030463363,0.0944107260070866,-1.2397695918362124,0.219365321904453,2.292788914632023,2.591288589302344e-08,1.481
1944.0,0.0001630030463363,0.0944107260070866,-1.2397695918362124,0.219365321904453,2.292788914632023,2.591288589302344e-08,1.481
1944.0,0.0001630030463363,0.0944107260070866,-1.2397695918362124,0.219365321904453,2.292788914632023,2.591288589302344e-08,1.481
1944.0,0.0001630030463363,0.0944107260070866,-1.2397695918362124,0.219365321904453,2.292788914632023,2.591288589302344e-08,1.481
1944.0,0.0001630030463363,0.0944107260070866,-1.2397695918362124,0.219365321904453,2.292788914632023,2.591288589302344e-08,1.481
1944.0,0.0001630030463363,0.0944107260070866,-1.2397695918362124,0.219365321904453,2.292788914632023,2.591288589302344e-08,1.481
1944.0,0.0001480659772326,0.0858088000635725,-1.4085261642232003,0.0624499025932779,2.2630723180320804,4.551285055348123e-09,1.476
1944.0,0.0001628507295174,0.0943273439223633,-1.237984716537227,0.2219693890199824,2.292788914632023,2.6232982345747657e-08,1.483
1944.0,0.0001631653839987,0.0945002627684159,-1.247398100147114,0.2166458586320072,2.2978043013184006,2.5720219893413644e-08,1.482
1944.0,0.0001631653839987,0.0945002627684159,-1.247398100147114,0.2166458586320072,2.2978043013184006,2.5720219893413644e-08,1.482
1944.0,0.0001634098925765,0.0946336120980306,-1.2591586105326895,0.2062575800910586,2.3007248635531647,2.4393395218912743e-08,1.484
1944.0,0.0001634179092512,0.0946291183181478,-1.2646143327140582,0.2001742416506337,2.3007248635531647,2.3621625533242185e-08,1.479
1944.0,0.00016382675966,0.0948686563247417,-1.2777423298994814,0.1915244724750276,2.3007248635531647,2.2539157736294084e-08,1.482
1908.0,0.0001644590559684,0.0935115418310779,-1.2564597173904222,0.2049100075553941,2.2979589583463804,2.4873741898548222e-08,1.462
1944.0,0.0001637926168344,0.094847199462036,-1.2532430977151203,0.206972747322029,2.2978043013184006,2.4529082624948923e-08,1.475
1944.0,0.0001638810540629,0.0948882809338742,-1.2662948532549465,0.1971636152085783,2.3007248635531647,2.335158518654309e-08,1.467
1944.0,0.0001638969055635,0.0948866309196017,-1.273158869892434,0.1875005121637605,2.2948086645555126,2.206343580612455e-08,1.47
1944.0,0.0001638969055635,0.0948866309196017,-1.273158869892434,0.1875005121637605,2.2948086645555126,2.206343580612455e-08,1.47
1908.0,0.00016454799568,0.0935664074685398,-1.2395553030120918,0.2118601788861506,2.301755751334049,2.5612861916145454e-08,1.465
1908.0,0.0001650198228178,0.0938315189490606,-1.2581202748662097,0.2039991355680163,2.2979589583463804,2.4833612556616496e-08,1.462
1908.0,0.0001650198228178,0.0938315189490606,-1.2581202748662097,0.2039991355680163,2.2979589583463804,2.4833612556616496e-08,1.462
1908.0,0.0001662643203523,0.0945192329361003,-1.2742692115313132,0.1868572195656879,2.3060418692845803,2.27339500574967e-08,1.439
1908.0,0.0001664813756008,0.0946422093927553,-1.275802116554851,0.1856099263557214,2.3060418692845803,2.259840768750389e-08,1.456
1908.0,0.0001667583951001,0.0947980475079564,-1.2795098935712346,0.1830774659632668,2.3060418692845803,2.2330787877499404e-08,1.451
1908.0,0.0001668403108654,0.094853147005544,-1.285880680120267,0.1802201115123294,2.3060418692845803,2.1899687780188317e-08,1.45
1908.0,0.0001669980729729,0.094927529458301,-1.3114893182496792,0.1550677037946587,2.2957299930957005,1.854789263070077e-08,1.42
1908.0,0.0001669980729729,0.094927529458301,-1.3114893182496792,0.1550677037946587,2.2957299930957005,1.854789263070077e-08,1.42
1908.0,0.0001669980729729,0.094927529458301,-1.3114893182496792,0.1550677037946587,2.2957299930957005,1.854789263070077e-08,1.42
1908.0,0.0001669980729729,0.094927529458301,-1.3114893182496792,0.1550677037946587,2.2957299930957005,1.854789263070077e-08,1.42
1908.0,0.0001669980729729,0.094927529458301,-1.3114893182496792,0.1550677037946587,2.2957299930957005,1.854789263070077e-08,1.42
1908.0,0.0001669980729729,0.094927529458301,-1.3114893182496792,0.1550677037946587,2.2957299930957005,1.854789263070077e-08,1.42
1908.0,0.0001669980729729,0.094927529458301,-1.3114893182496792,0.1550677037946587,2.2957299930957005,1.854789263070077e-08,1.42
1908.0,0.0001669980729729,0.094927529458301,-1.3114893182496792,0.1550677037946587,2.2957299930957005,1.854789263070077e-08,1.42
1908.0,0.0001669980729729,0.094927529458301,-1.3114893182496792,0.1550677037946587,2.2957299930957005,1.854789263070077e-08,1.42
1908.0,0.0001669980729729,0.094927529458301,-1.3114893182496792,0.1550677037946587,2.2957299930957005,1.854789263070077e-08,1.42
1908.0,0.0001669980729729,0.094927529458301,-1.3114893182496792,0.1550677037946587,2.2957299930957005,1.854789263070077e-08,1.42
1908.0,0.0001669980729729,0.094927529458301,-1.3114893182496792,0.1550677037946587,2.2957299930957005,1.854789263070077e-08,1.42
1908.0,0.0001669980729729,0.094927529458301,-1.3114893182496792,0.1550677037946587,2.2957299930957005,1.854789263070077e-08,1.42
1908.0,0.0001669980729729,0.094927529458301,-1.3114893182496792,0.1550677037946587,2.2957299930957005,1.854789263070077e-08,1.42
1908.0,0.0001669980729729,0.094927529458301,-1.3114893182496792,0.1550677037946587,2.2957299930957005,1.854789263070077e-08,1.42
1908.0,0.0001669980729729,0.094927529458301,-1.3114893182496792,0.1550677037946587,2.2957299930957005,1.854789263070077e-08,1.42
1908.0,0.0001669980729729,0.094927529458301,-1.3114893182496792,0.1550677037946587,2.2957299930957005,1.854789263070077e-08,1.42
1908.0,0.0001669980729729,0.094927529458301,-1.3114893182496792,0.1550677037946587,2.2957299930957005,1.854789263070077e-08,1.42
1908.0,0.0001669980729729,0.094927529458301,-1.3114893182496792,0.1550677037946587,2.2957299930957005,1.854789263070077e-08,1.42
1908.0,0.0001669980729729,0.094927529458301,-1.3114893182496792,0.1550677037946587,2.2957299930957005,1.854789263070077e-08,1.42
2844.0,0.0001092364910466,0.0916244536481889,-1.3309668685425564,0.0456361477582819,2.9491962563735963,1.678604654932435e-09,1.453
1944.001000000164,0.0001637544019033,0.0948340567333187,-1.298445766269945,0.1818650861446701,2.2948086645555126,2.135764180076583e-08,1.462
1944.0,0.0001635722302388,0.0947888136433788,-1.231252560259996,0.235722366683117,2.292788914632023,2.7984390916090574e-08,1.463
1944.0,0.0001635700581308,0.0947938148829729,-1.2280881583711976,0.2385112785702814,2.3007248635531647,2.8313028968501392e-08,1.47
1944.0,0.0001635700581308,0.0947938148829729,-1.2280881583711976,0.2385112785702814,2.3007248635531647,2.8313028968501392e-08,1.47
1944.0,0.0001640111119931,0.0950313540320154,-1.2452912242492105,0.2266924851798976,2.292788914632023,2.6992127277583303e-08,1.466
1944.0,0.0001641153599486,0.0950832419284434,-1.2510882403314108,0.2217782006353225,2.2978043013184006,2.6416802847526887e-08,1.457
1944.0,0.0001645482603815,0.0953302005559997,-1.2665053081460107,0.2115502581524639,2.3007248635531647,2.518451443108373e-08,1.459
1908.0,0.0001656737531544,0.0942573087435257,-1.244350718519136,0.225649331043437,2.2936728403958497,2.7639832022549166e-08,1.449
1908.0,0.0001656737531544,0.0942573087435257,-1.244350718519136,0.225649331043437,2.2936728403958497,2.7639832022549166e-08,1.449
1908.0,0.0001499269423797,0.0853133247637798,-1.4020395759021271,0.0722219116334677,2.274732757370217,5.941442218521172e-09,1.458
1908.0,0.0001499269423797,0.0853133247637798,-1.4020395759021271,0.0722219116334677,2.274732757370217,5.941442218521172e-09,1.458
1908.0,0.0001499269423797,0.0853133247637798,-1.4020395759021271,0.0722219116334677,2.274732757370217,5.941442218521172e-09,1.458
1908.0,0.0001658418567223,0.0943440649198691,-1.254253486824545,0.2164585587093663,2.2979589583463804,2.6417632112948545e-08,1.437
1908.0,0.0001658418567223,0.0943440649198691,-1.254253486824545,0.2164585587093663,2.2979589583463804,2.6417632112948545e-08,1.437
1908.0,0.0001658418567223,0.0943440649198691,-1.254253486824545,0.2164585587093663,2.2979589583463804,2.6417632112948545e-08,1.437
1908.0,0.0001667556063782,0.0948305340524836,-1.292397507769963,0.1841518035890962,2.2957299930957005,2.2375399078753e-08,1.449
1908.0,0.0001667556063782,0.0948305340524836,-1.292397507769963,0.1841518035890962,2.2957299930957005,2.2375399078753e-08,1.449
1872.0,0.0001682725287682,0.0939317720151399,-1.3059407080730852,0.1723022419194311,2.2889547851919034,2.1356504434346572e-08,1.407
1872.0,0.0001692424160977,0.0944693375278259,-1.309126175454998,0.1659454333189542,2.2889547851919034,2.0520024014082557e-08,1.415
1872.0,0.0001692424160977,0.0944693375278259,-1.309126175454998,0.1659454333189542,2.2889547851919034,2.0520024014082557e-08,1.415
1872.0,0.0001692424160977,0.0944693375278259,-1.309126175454998,0.1659454333189542,2.2889547851919034,2.0520024014082557e-08,1.415
1872.0,0.0001691864215449,0.0944271745406328,-1.3034482672297314,0.1673987201445912,2.2947121784589948,2.0759240196489367e-08,1.401
1872.0,0.0001691864215449,0.0944271745406328,-1.3034482672297314,0.1673987201445912,2.2947121784589948,2.0759240196489367e-08,1.401
1872.0,0.000169661255353,0.0946977814487792,-1.335436118355382,0.1401562549783845,2.2947121784589948,1.6933777518722798e-08,1.422
1872.0,0.0001696836531742,0.0947075668680225,-1.2963767876508103,0.175983840049495,2.2889547851919034,2.208274780930719e-08,1.424
1908.0,0.0001685852233022,0.0958557106314322,-1.329092659092293,0.1475401444784521,2.280012640736895,1.759202602144302e-08,1.419
1872.0,0.0001698068411904,0.0947618280947591,-1.2976995769396495,0.1701195645055711,2.2889547851919034,2.1310535348434724e-08,1.413
1872.0,0.0001696500564425,0.0946674225901121,-1.3043511918496005,0.163441928988031,2.2889547851919034,2.0397587915159204e-08,1.417
1872.0,0.000169742206987,0.0947205729374074,-1.3048281809912463,0.1622128329405598,2.2889547851919034,2.0187739436830086e-08,1.421
1872.0,0.0001698897131287,0.0948049598195477,-1.3159456757666022,0.1527559961803022,2.2947121784589948,1.885083404588417e-08,1.418
1872.0,0.0001698897131287,0.0948049598195477,-1.3159456757666022,0.1527559961803022,2.2947121784589948,1.885083404588417e-08,1.418
1872.0,0.0001698897131287,0.0948049598195477,-1.3159456757666022,0.1527559961803022,2.2947121784589948,1.885083404588417e-08,1.418
1872.0,0.0001698897131287,0.0948049598195477,-1.3159456757666022,0.1527559961803022,2.2947121784589948,1.885083404588417e-08,1.418
1908.0,0.0001484138241174,0.0847120353362945,-1.455694204169733,-0.0422317698971539,2.2366807756033067,-1.0088480425847508e-08,1.409
1872.0,0.000169464154527,0.0945952994717392,-1.3288740647853643,0.1467426723999363,2.2947121784589948,1.777086780375155e-08,1.412
1872.0,0.0001699233098604,0.0948352057805679,-1.3067361694287023,0.1657068142567865,2.2889547851919034,2.068038868712889e-08,1.42
1872.0,0.0001699233098604,0.0948352057805679,-1.3067361694287023,0.1657068142567865,2.2889547851919034,2.068038868712889e-08,1.42
1872.0,0.0001699233098604,0.0948352057805679,-1.3067361694287023,0.1657068142567865,2.2889547851919034,2.068038868712889e-08,1.42
1872.0,0.0001701831245856,0.0949876395595007,-1.332834734817559,0.1403695035433037,2.2994612250824606,1.69813545897692e-08,1.408
1872.0,0.0001701831245856,0.0949876395595007,-1.332834734817559,0.1403695035433037,2.2994612250824606,1.69813545897692e-08,1.408
1836.0,0.0001715306166853,0.0939452040152453,-1.3422635327768646,0.1264172865165712,2.299019096865275,1.5355359642585154e-08,1.382
1800.0,0.0001730744092508,0.0929695332764828,-1.3437195670461584,0.1226575101910502,2.2931204930820503,1.53758487752435e-08,1.384
1836.0,0.0001727401652484,0.0946263111570855,-1.3714817673186164,0.0909135931362233,2.286174336096209,1.0042421766017593e-08,1.383
1836.0,0.0001727401652484,0.0946263111570855,-1.3714817673186164,0.0909135931362233,2.286174336096209,1.0042421766017593e-08,1.383
1836.0,0.000173189570942,0.0948657919200668,-1.3702451848854054,0.0892434675420636,2.286174336096209,9.853211414230301e-09,1.373
1800.0,0.0001739668174962,0.0934915703445514,-1.3692134657510988,0.0987570044730499,2.276478590584492,1.1453810143095756e-08,1.379
1800.0,0.0001741729512317,0.0936007080583241,-1.3735019020626444,0.0871298749607421,2.276478590584492,9.644776041898661e-09,1.37
1800.0,0.000174012066365,0.0935075377060219,-1.3662911538757665,0.0986390760034621,2.276478590584492,1.1472631841532545e-08,1.394
1836.0,0.0001726879915004,0.0946044715284774,-1.3697794583197345,0.0959401622725101,2.282697230954208,1.0739974823093108e-08,1.395
1836.0,0.0001728101255015,0.0946534422656144,-1.3614532524825975,0.1016357043299673,2.282697230954208,1.1710181095021245e-08,1.39
1836.0,0.000172436608896,0.0944647220416554,-1.3690751167520026,0.0940213961712746,2.282697230954208,1.0423038334412152e-08,1.379
1836.0,0.0001726886561182,0.0945979086915162,-1.3659664423508846,0.0971464320734905,2.286174336096209,1.0941112000459305e-08,1.388
1836.0,0.0001727970820645,0.0946459943864169,-1.3690724150825375,0.0912580427998451,2.286174336096209,1.018808079892318e-08,1.378
1836.0,0.0001726429323543,0.0945832727024874,-1.3798064250795228,0.0835125888634128,2.286174336096209,8.90349988060416e-09,1.379
1800.0,0.0001748261750062,0.0939198323143774,-1.3569257995616917,0.1042486115675883,2.2931204930820503,1.2570376264269024e-08,1.38
1800.0,0.0001748261750062,0.0939198323143774,-1.3569257995616917,0.1042486115675883,2.2931204930820503,1.2570376264269024e-08,1.38
1800.0,0.0001748261750062,0.0939198323143774,-1.3569257995616917,0.1042486115675883,2.2931204930820503,1.2570376264269024e-08,1.38
1872.0,0.0001472190892422,0.0827613246934929,-1.4680059166953834,-0.1192467564041586,2.231822203650823,-2.1426404790383284e-08,1.378
1800.0,0.0001738034188034,0.0933675343499455,-1.351889429039417,0.1155369552183974,2.2931204930820503,1.432801793512052e-08,1.372
1800.0,0.000174477124183,0.0937477131747234,-1.3621140505249656,0.1017292085975969,2.276478590584492,1.2046559203156522e-08,1.372
1800.0,0.000174477124183,0.0937477131747234,-1.3621140505249656,0.1017292085975969,2.276478590584492,1.2046559203156522e-08,1.372
1800.0,0.000174477124183,0.0937477131747234,-1.3621140505249656,0.1017292085975969,2.276478590584492,1.2046559203156522e-08,1.372
1836.0,0.0001734148666723,0.095016698937203,-1.3805366156077747,0.0782996431983556,2.286174336096209,8.005025192714125e-09,1.362
1836.0,0.0001735263287704,0.0950718768338244,-1.3791836206431602,0.0713151803334334,2.267869057639967,6.928319477130725e-09,1.369
1800.0,0.0001754323780794,0.0942681823102494,-1.3752707228749956,0.0806570971797456,2.279628216523943,8.790943136379065e-09,1.338
1800.0,0.0001749547511312,0.0940332648691982,-1.3843785716383623,0.0673888844575929,2.288582250546195,6.5304571541003365e-09,1.337
1800.0,0.0001749547511312,0.0940332648691982,-1.3843785716383623,0.0673888844575929,2.288582250546195,6.5304571541003365e-09,1.337
1764.0,0.0001766146458583,0.0931336629993337,-1.4012799696638103,0.0424910531759119,2.279306547432853,2.3299918257889197e-09,1.332
1800.0,0.000174831573655,0.0940819834391427,-1.419619449735508,0.0165987600836773,2.2766129546750475,-2.1292718560345793e-09,1.339
1800.0,0.0001751910507792,0.094259354349332,-1.4164549835819709,0.0211845721166258,2.2699180450614,-1.3007138026998314e-09,1.343
1800.0,0.0001753469079939,0.0943199602521162,-1.411383268770969,0.0314102276834114,2.2699180450614,4.5588842428187687e-10,1.323
1800.0,0.0001750100553041,0.0941716497033111,-1.4191656271498811,0.0156085189853876,2.2699180450614,-2.2127595326699243e-09,1.336
1800.0,0.0001757164404223,0.0944999512397426,-1.4030549483426094,0.0441916623230596,2.288582250546195,2.5444247472637643e-09,1.351
1800.0,0.0001757415786827,0.0945138520815553,-1.4018423223120156,0.0425654771745273,2.288582250546195,2.248117437585694e-09,1.34
1800.0,0.0001754499748617,0.0943533450678364,-1.4042874174339803,0.0351140322364747,2.2699180450614,1.1516190629320103e-09,1.351
1800.0,0.0001757597041451,0.0945176153309168,-1.401461480770979,0.040210271653908,2.2699180450614,1.931382037848587e-09,1.344
1764.0,0.0001772308923569,0.0933851712215683,-1.3780440765471933,0.0692121336753758,2.279306547432853,7.171672087636561e-09,1.341
1800.0,0.000175354449472,0.0942979508229726,-1.4008730711381276,0.0447390960381433,2.2699180450614,2.659505989136313e-09,1.335
1764.0,0.0001776499797186,0.0936162379077476,-1.381532415744493,0.0744576487102485,2.279306547432853,8.026449701894842e-09,1.341
1764.0,0.0001776017073495,0.0936082065127337,-1.3923363151293526,0.0587517076287978,2.279306547432853,5.406364825130304e-09,1.336
1764.0,0.0001776017073495,0.0936082065127337,-1.3923363151293526,0.0587517076287978,2.279306547432853,5.406364825130304e-09,1.336
1800.0,0.0001477023629964,0.0802233646470534,-1.460946226403098,-0.1887728471313525,2.1972709770085896,-3.2978842238396096e-08,1.346
1800.0,0.0001760608345902,0.0946666266224715,-1.3973975306343582,0.0468075631351655,2.2699180450614,3.049787350298896e-09,1.341
1800.0,0.00017566362415,0.094459652139699,-1.3998812677331487,0.044663760546432,2.2699180450614,2.682655788909888e-09,1.323
1800.0,0.00017566362415,0.094459652139699,-1.3998812677331487,0.044663760546432,2.2699180450614,2.682655788909888e-09,1.323
1764.0,0.0001774723222622,0.093556245223973,-1.3934909781691616,0.0459971973166221,2.279306547432853,3.110218446350773e-09,1.322
1764.0,0.0001774723222622,0.093556245223973,-1.3934909781691616,0.0459971973166221,2.279306547432853,3.110218446350773e-09,1.322
1764.0,0.0001774723222622,0.093556245223973,-1.3934909781691616,0.0459971973166221,2.279306547432853,3.110218446350773e-09,1.322
1764.0,0.0001774723222622,0.093556245223973,-1.3934909781691616,0.0459971973166221,2.279306547432853,3.110218446350773e-09,1.322
1764.0,0.0001774723222622,0.093556245223973,-1.3934909781691616,0.0459971973166221,2.279306547432853,3.110218446350773e-09,1.322
1764.0,0.0001776221983789,0.093814669667904,-1.4325230760419487,-0.0232366318262221,2.2490255736436504,-9.205376559083942e-09,1.304
1764.0,0.0001776221983789,0.093814669667904,-1.4325230760419487,-0.0232366318262221,2.2490255736436504,-9.205376559083942e-09,1.304
1764.0,0.0001776221983789,0.093814669667904,-1.4325230760419487,-0.0232366318262221,2.2490255736436504,-9.205376559083942e-09,1.304
1764.0,0.0001776221983789,0.093814669667904,-1.4325230760419487,-0.0232366318262221,2.2490255736436504,-9.205376559083942e-09,1.304
1764.0,0.0001776221983789,0.093814669667904,-1.4325230760419487,-0.0232366318262221,2.2490255736436504,-9.205376559083942e-09,1.304
1764.0,0.0001776221983789,0.093814669667904,-1.4325230760419487,-0.0232366318262221,2.2490255736436504,-9.205376559083942e-09,1.304
1764.0,0.0001776221983789,0.093814669667904,-1.4325230760419487,-0.0232366318262221,2.2490255736436504,-9.205376559083942e-09,1.304
1764.0,0.0001776221983789,0.093814669667904,-1.4325230760419487,-0.0232366318262221,2.2490255736436504,-9.205376559083942e-09,1.304
1764.0,0.0001776221983789,0.093814669667904,-1.4325230760419487,-0.0232366318262221,2.2490255736436504,-9.205376559083942e-09,1.304
1764.0,0.0001776221983789,0.093814669667904,-1.4325230760419487,-0.0232366318262221,2.2490255736436504,-9.205376559083942e-09,1.304
1764.0,0.0001776221983789,0.093814669667904,-1.4325230760419487,-0.0232366318262221,2.2490255736436504,-9.205376559083942e-09,1.304
1764.0,0.0001776221983789,0.093814669667904,-1.4325230760419487,-0.0232366318262221,2.2490255736436504,-9.205376559083942e-09,1.304
1764.0,0.0001776221983789,0.093814669667904,-1.4325230760419487,-0.0232366318262221,2.2490255736436504,-9.205376559083942e-09,1.304
1764.0,0.0001776221983789,0.093814669667904,-1.4325230760419487,-0.0232366318262221,2.2490255736436504,-9.205376559083942e-09,1.304
1764.0,0.0001776221983789,0.093814669667904,-1.4325230760419487,-0.0232366318262221,2.2490255736436504,-9.205376559083942e-09,1.304
1764.0,0.0001776221983789,0.093814669667904,-1.4325230760419487,-0.0232366318262221,2.2490255736436504,-9.205376559083942e-09,1.304
1764.0,0.0001776221983789,0.093814669667904,-1.4325230760419487,-0.0232366318262221,2.2490255736436504,-9.205376559083942e-09,1.304
1764.0,0.0001776221983789,0.093814669667904,-1.4325230760419487,-0.0232366318262221,2.2490255736436504,-9.205376559083942e-09,1.304
1764.0,0.0001776221983789,0.093814669667904,-1.4325230760419487,-0.0232366318262221,2.2490255736436504,-9.205376559083942e-09,1.304
1764.0,0.0001776221983789,0.093814669667904,-1.4325230760419487,-0.0232366318262221,2.2490255736436504,-9.205376559083942e-09,1.304
1764.0,0.0001776221983789,0.093814669667904,-1.4325230760419487,-0.0232366318262221,2.2490255736436504,-9.205376559083942e-09,1.304
1764.0,0.0001776221983789,0.093814669667904,-1.4325230760419487,-0.0232366318262221,2.2490255736436504,-9.205376559083942e-09,1.304
1764.0,0.0001776221983789,0.093814669667904,-1.4325230760419487,-0.0232366318262221,2.2490255736436504,-9.205376559083942e-09,1.304
1764.0,0.0001776221983789,0.093814669667904,-1.4325230760419487,-0.0232366318262221,2.2490255736436504,-9.205376559083942e-09,1.304
1800.0,0.0001769507290095,0.0951632652803776,-1.3998003333215951,0.0539396856018488,2.288582250546195,4.052983876986676e-09,1.342
1800.0,0.0001769507290095,0.0951632652803776,-1.3998003333215951,0.0539396856018488,2.288582250546195,4.052983876986676e-09,1.342
1800.0,0.0001769507290095,0.0951632652803776,-1.3998003333215951,0.0539396856018488,2.288582250546195,4.052983876986676e-09,1.342
1800.0,0.0001467320261437,0.0798064128338805,-1.4624283809997178,-0.2087471686063076,2.1972709770085896,-3.5876308272061175e-08,1.335
1800.0,0.0001763675213675,0.0948717193754541,-1.4112274896963135,0.033310007984115,2.2699180450614,7.236943048985843e-10,1.331
1764.0,0.0001786061091103,0.0941579675712196,-1.3969085526531408,0.0533478459951644,2.279306547432853,4.3794227092510455e-09,1.329
1764.0,0.000178702362888,0.0942432393504452,-1.4048520395247976,0.0450068974024681,2.279306547432853,2.74595789868489e-09,1.317
1764.0,0.000178702362888,0.0942432393504452,-1.4048520395247976,0.0450068974024681,2.279306547432853,2.74595789868489e-09,1.317
1764.0,0.0001781961110817,0.0939877021916448,-1.4125133949388389,0.0260549128833488,2.267097865644283,-3.2638107223035306e-10,1.312
1764.0,0.0001781961110817,0.0939877021916448,-1.4125133949388389,0.0260549128833488,2.267097865644283,-3.2638107223035306e-10,1.312
1728.0,0.0001797222222222,0.0928889734820975,-1.4029282911836094,0.0318087978438643,1.96799986138408,7.33153781607788e-10,1.309
1728.0,0.0001797108843537,0.0928960220804278,-1.4056134550054606,0.0310778159285704,1.96799986138408,5.055213574772858e-10,1.307
1728.0,0.0001797108843537,0.0928960220804278,-1.4056134550054606,0.0310778159285704,1.96799986138408,5.055213574772858e-10,1.307
1728.0,0.0001797108843537,0.0928960220804278,-1.4056134550054606,0.0310778159285704,1.96799986138408,5.055213574772858e-10,1.307
1728.0,0.0001791581632653,0.0928020761628534,-1.4366018532492089,-0.039583782845509,1.959822270076418,-1.2559692907896744e-08,1.273
1728.0,0.0001785770975056,0.0925945049500172,-1.4448211182403257,-0.0617418615382,1.9385476433065192,-1.6856624446470904e-08,1.266
1728.0,0.0001790249786041,0.0927222509235325,-1.4375855545385547,-0.0394759380379795,1.959822270076418,-1.2368463528721737e-08,1.263
1692.0,0.0001808374945722,0.0917830442745938,-1.4392206641184693,-0.047063297800106,1.9546494950594049,-1.4106965721158386e-08,1.255
1692.0,0.0001804741400106,0.091656611311804,-1.4418972833474646,-0.0602899135564638,1.9546494950594049,-1.6824276906431646e-08,1.254
1692.0,0.0001804741400106,0.091656611311804,-1.4418972833474646,-0.0602899135564638,1.9546494950594049,-1.6824276906431646e-08,1.254
1728.0,0.0001801530612244,0.0934001249106945,-1.4419353551033045,-0.0599199209324334,1.9385476433065192,-1.664180250508794e-08,1.252
1692.0,0.0001807771867612,0.0918523884222139,-1.44865367307418,-0.0688453108335065,1.9546494950594049,-1.8560129451445225e-08,1.252
1728.0,0.0001802182775468,0.0934743726019775,-1.4481761691804562,-0.0679247332840427,1.9385476433065192,-1.8214467480079322e-08,1.252
1728.0,0.0001799433106576,0.0933541643420367,-1.4495387715763184,-0.0782720716482283,1.94477502786072,-1.9963659222558952e-08,1.261
1728.0,0.0001799433106576,0.0933541643420367,-1.4495387715763184,-0.0782720716482283,1.94477502786072,-1.9963659222558952e-08,1.261
1692.0,0.0001824627900805,0.092655731949624,-1.440021885023529,-0.0588206934090569,1.9546494950594049,-1.6679880486820063e-08,1.251
1692.0,0.0001824627900805,0.092655731949624,-1.440021885023529,-0.0588206934090569,1.9546494950594049,-1.6679880486820063e-08,1.251
1692.0,0.0001824627900805,0.092655731949624,-1.440021885023529,-0.0588206934090569,1.9546494950594049,-1.6679880486820063e-08,1.251
2844.0,0.00010698876381,0.0903711019958779,-1.393216620422995,-0.1610605806160961,2.8625273515164107,-1.2263142419251564e-08,1.3
1764.0,0.0001779578498065,0.0939607495126534,-1.42719346574924,-0.0029317343051584,2.267097865644283,-5.835667600377986e-09,1.299
1764.0,0.0001791832770973,0.0945108480977885,-1.4115687934299326,0.0369017891390277,2.267097865644283,1.3965722474717435e-09,1.314
1764.0,0.0001798399695923,0.0948393787152892,-1.4020478764719968,0.0460296863554241,2.279306547432853,2.912993972047052e-09,1.311
1728.0,0.0001805215419501,0.0933231393242497,-1.407404107151562,0.0446008052795754,1.96799986138408,2.7286328242877263e-09,1.312
1764.0,0.0001799079631852,0.0948894286707923,-1.402378042567786,0.0488243206762211,2.279306547432853,3.2019574211424647e-09,1.296
1764.0,0.0001799746565292,0.0949322615643086,-1.404548198370564,0.0456575283498192,2.279306547432853,2.628366161278262e-09,1.308
1764.0,0.0001797332266239,0.0947984844449595,-1.409939342024915,0.0414573500246789,2.267097865644283,2.1420605279135234e-09,1.294
1764.0,0.0001796932106175,0.0948222052698885,-1.4200555458657178,0.0259909306876386,2.267097865644283,-7.39255816289841e-10,1.303
1764.0,0.0001796932106175,0.0948222052698885,-1.4200555458657178,0.0259909306876386,2.267097865644283,-7.39255816289841e-10,1.303
1764.0,0.0001793610777644,0.0947123873974814,-1.4297619938121255,0.0047811212426641,2.267097865644283,-4.7178771793630524e-09,1.282
1728.0,0.0001814512471655,0.0938322609622027,-1.4154712611972389,0.0275275233497034,1.96799986138408,-3.45883034067765e-10,1.284
1728.0,0.0001812641723356,0.093760645654077,-1.4219256858698677,0.0187394285270207,1.9484581616233667,-1.984639403438874e-09,1.282
1728.0,0.0001812641723356,0.093760645654077,-1.4219256858698677,0.0187394285270207,1.9484581616233667,-1.984639403438874e-09,1.282
1728.0,0.0001813579709594,0.0938239776150542,-1.424981071060852,0.0101549331444224,1.9484581616233667,-3.5383130664088104e-09,1.28
1728.0,0.0001816722466411,0.0939707310779252,-1.421113094635804,0.016709351769596,1.9484581616233667,-2.333014447063485e-09,1.281
1728.0,0.000181675170068,0.0939730113955507,-1.4205265020511626,0.0146026166212924,1.9484581616233667,-2.7104025219240797e-09,1.294
1728.0,0.000181675170068,0.0939730113955507,-1.4205265020511626,0.0146026166212924,1.9484581616233667,-2.7104025219240797e-09,1.294
1728.0,0.000181675170068,0.0939730113955507,-1.4205265020511626,0.0146026166212924,1.9484581616233667,-2.7104025219240797e-09,1.294
1728.0,0.000181675170068,0.0939730113955507,-1.4205265020511626,0.0146026166212924,1.9484581616233667,-2.7104025219240797e-09,1.294
1728.0,0.000181675170068,0.0939730113955507,-1.4205265020511626,0.0146026166212924,1.9484581616233667,-2.7104025219240797e-09,1.294
1692.0,0.0001824311284797,0.0926217044857412,-1.4434863446122743,-0.0452460401398533,1.9546494950594049,-1.4253547206392228e-08,1.257
1728.0,0.0001814739229024,0.0940748092099641,-1.4467996422805427,-0.0504848264403495,1.9385476433065192,-1.5087792406170115e-08,1.252
1728.0,0.0001814739229024,0.0940748092099641,-1.4467996422805427,-0.0504848264403495,1.9385476433065192,-1.5087792406170115e-08,1.252
1763.9690000005066,0.0001394185560021,0.0755754414273498,-1.3858510004263642,-0.3919159289258731,2.0976990880535555,-6.350370218929486e-08,1.261
1692.0,0.0001816713432561,0.0922624897847256,-1.446146613508256,-0.0517322372022685,1.9546494950594049,-1.5485022382764186e-08,1.26
1692.0,0.0001819362506812,0.0923982956307149,-1.447781273751484,-0.052891133560775,1.9546494950594049,-1.5673707610403366e-08,1.256
1692.0,0.0001819362506812,0.0923982956307149,-1.447781273751484,-0.052891133560775,1.9546494950594049,-1.5673707610403366e-08,1.256
1728.0,0.0001810374149659,0.0938687162176715,-1.4470165521845946,-0.0567614593986271,1.9385476433065192,-1.6273254770786282e-08,1.269
1728.0,0.0001810374149659,0.0938687162176715,-1.4470165521845946,-0.0567614593986271,1.9385476433065192,-1.6273254770786282e-08,1.269
1728.0,0.0001810374149659,0.0938687162176715,-1.4470165521845946,-0.0567614593986271,1.9385476433065192,-1.6273254770786282e-08,1.269
1692.0,0.0001845647359349,0.0936351542420317,-1.4339185002171533,-0.0234011733370091,1.9482923733269912,-1.0173833988081208e-08,1.24
1692.0,0.000184225285859,0.0934894748883189,-1.4390550378683942,-0.0351823966976605,1.9546494950594049,-1.2298641833137208e-08,1.239
1692.0,0.0001844001785111,0.0935811931763645,-1.438988644257343,-0.0369617558116479,1.9546494950594049,-1.2643153845636084e-08,1.247
1692.0,0.0001843396229517,0.0935678916862506,-1.441907639748974,-0.0413389099747644,1.9546494950594049,-1.3504931665121614e-08,1.247
1692.0,0.0001844092246827,0.0936256977362292,-1.4407927677536212,-0.0476720282161345,1.9546494950594049,-1.4837688081713285e-08,1.241
1692.0,0.0001844333478072,0.0936478142861187,-1.441833824583161,-0.0478026321331125,1.9546494950594049,-1.4980445702115012e-08,1.257
1692.0,0.0001839327678871,0.0934314991609413,-1.4455288132176296,-0.0585863333010744,1.9546494950594049,-1.704912352533049e-08,1.251
1692.0,0.0001839327678871,0.0934314991609413,-1.4455288132176296,-0.0585863333010744,1.9546494950594049,-1.704912352533049e-08,1.251
1692.0,0.0001840509344889,0.0934943298618267,-1.4445155087329435,-0.0610211241953225,1.9546494950594049,-1.7495289199666105e-08,1.252
1692.0,0.0001840509344889,0.0934943298618267,-1.4445155087329435,-0.0610211241953225,1.9546494950594049,-1.7495289199666105e-08,1.252
1692.0,0.0001835814999758,0.0933233316892868,-1.447612162085983,-0.0772632579735339,1.932931646898466,-2.0763403949996133e-08,1.238
1692.0,0.0001832332223669,0.0931634630692947,-1.4525994859894118,-0.0796092655045448,1.932931646898466,-2.1200599162477496e-08,1.233
1692.0,0.0001826664116901,0.0929167914956385,-1.4548476773884074,-0.0922758115235986,1.932931646898466,-2.3507795516256032e-08,1.241
1692.0,0.0001823223108115,0.0928019702040795,-1.45770337631182,-0.1058820281247009,1.936278124459133,-2.6173502521201518e-08,1.23
1656.0,0.0001852676277109,0.092245609889798,-1.4522590753442193,-0.0769922881336212,1.9468214402761208,-2.1374190486601146e-08,1.229
1656.0,0.0001852676277109,0.092245609889798,-1.4522590753442193,-0.0769922881336212,1.9468214402761208,-2.1374190486601146e-08,1.229
1656.0,0.0001852676277109,0.092245609889798,-1.4522590753442193,-0.0769922881336212,1.9468214402761208,-2.1374190486601146e-08,1.229
1656.0,0.0001852676277109,0.092245609889798,-1.4522590753442193,-0.0769922881336212,1.9468214402761208,-2.1374190486601146e-08,1.229
1656.0,0.0001852676277109,0.092245609889798,-1.4522590753442193,-0.0769922881336212,1.9468214402761208,-2.1374190486601146e-08,1.229
1656.0,0.0001852676277109,0.092245609889798,-1.4522590753442193,-0.0769922881336212,1.9468214402761208,-2.1374190486601146e-08,1.229
1656.0,0.0001847954568814,0.0921186089390111,-1.457220633403608,-0.106668019363986,1.930510579766031,-2.721135050107377e-08,1.212
1656.0,0.0001843843149347,0.0919554853494148,-1.4594044917939435,-0.1134484993346666,1.924641510239418,-2.867655839074376e-08,1.21
1656.0,0.0001844646160962,0.0920232695906909,-1.4580425362322302,-0.1200197789962839,1.930510579766031,-3.008167697590633e-08,1.22
1656.0,0.0001843778908418,0.0920125479115375,-1.4545222944402008,-0.1273263953305689,1.930510579766031,-3.1633680527636524e-08,1.219
1656.0,0.0001844678281426,0.092017599772544,-1.457627466933365,-0.1199978144927517,1.930510579766031,-2.9971816732315774e-08,1.212
1656.0,0.000183770814061,0.0917782036645961,-1.457922757518269,-0.1383848110011997,1.930510579766031,-3.3940745643060016e-08,1.215
1656.0,0.0001833339757426,0.0915922721130081,-1.4608821162121182,-0.1470716492895197,1.930510579766031,-3.5476361202652274e-08,1.22
1656.0,0.0001828104121697,0.0913710148224053,-1.4598381587245572,-0.1531383192950869,1.9100421373495693,-3.679529108842066e-08,1.216
1620.0,0.0001860253765477,0.0908476667324188,-1.4546911620776963,-0.1264188020728695,1.922654937710215,-3.204170025024407e-08,1.212
1656.0,0.0001821101860417,0.0910849599837708,-1.4596065452622202,-0.16655329001257,1.9100421373495693,-3.935667356331812e-08,1.201
1620.0,0.0001853890430671,0.0905900598145186,-1.4543359550716923,-0.1358400911834762,1.922654937710215,-3.4057696314227196e-08,1.214
1620.0,0.0001854267310789,0.0906249824254522,-1.4562678581146415,-0.1365751593389972,1.922654937710215,-3.438079358009883e-08,1.197
1620.0,0.0001857556446363,0.0907499750469084,-1.4575500118074218,-0.1311574320785722,1.922654937710215,-3.308975638801622e-08,1.204
1656.0,0.0001860385188611,0.0927990527958933,-1.4559135994005554,-0.1180757272074461,1.930510579766031,-2.995178696414727e-08,1.213
1620.0,0.0001866556586539,0.0911778005018098,-1.456694624917975,-0.1302293731866097,1.922654937710215,-3.298659091595514e-08,1.199
1620.0,0.0001865984856271,0.0911499295766911,-1.4566119430160058,-0.1298939644261741,1.922654937710215,-3.292077246235139e-08,1.196
1656.0,0.0001831284047692,0.0915793736800283,-1.4605816415983954,-0.1630712794451914,1.9100421373495693,-3.884379010566692e-08,1.206
1656.0,0.0001855181673347,0.092640842096895,-1.4560231063594902,-0.138928584745156,1.930510579766031,-3.427700296322462e-08,1.198
1656.0,0.0001846541268372,0.0923177104729911,-1.4581988735450615,-0.158884471187008,1.9100421373495693,-3.8313911693210265e-08,1.192
1656.0,0.0001846541268372,0.0923177104729911,-1.4581988735450615,-0.158884471187008,1.9100421373495693,-3.8313911693210265e-08,1.192
1656.0,0.0001846541268372,0.0923177104729911,-1.4581988735450615,-0.158884471187008,1.9100421373495693,-3.8313911693210265e-08,1.192
1728.0,0.0001283446712018,0.0697609316525662,-1.1967085331244711,-0.5882464604889062,1.736266444248766,-8.774293799474586e-08,1.195
1656.0,0.000184050262103,0.0920811139423598,-1.458510734016207,-0.1708920398837755,1.9100421373495693,-4.069077751588365e-08,1.182
1656.0,0.0001843425583307,0.0922701509620359,-1.4606675598726,-0.1737148505458614,1.9100421373495693,-4.1656455126680125e-08,1.193
1656.0,0.0001842718933086,0.0922612828375116,-1.4570655398669368,-0.1811240219974632,1.9100421373495693,-4.309495665879049e-08,1.183
1656.0,0.0001842140764724,0.0922830781481005,-1.4569743911230033,-0.186683683058356,1.9100421373495693,-4.447276192372312e-08,1.189
1656.0,0.0001836134237845,0.092037010413455,-1.4576963642850975,-0.193834908936711,1.9100421373495693,-4.5962855282935087e-08,1.19
1656.0,0.0001838864477335,0.0921285099720831,-1.45509778783338,-0.1878259573352861,1.9100421373495693,-4.4714333067091464e-08,1.202
1656.0,0.0001838864477335,0.0921285099720831,-1.45509778783338,-0.1878259573352861,1.9100421373495693,-4.4714333067091464e-08,1.202
1620.0,0.0001875441121047,0.0917719527107701,-1.457532786266905,-0.1543949298295569,1.922654937710215,-3.8900099688085824e-08,1.202
1656.0,0.0001835459708089,0.0919891147081645,-1.4551475192663708,-0.1942185081511575,1.9100421373495693,-4.586149251674649e-08,1.193
1656.0,0.000184519220886,0.0923567320634875,-1.45458405963954,-0.1791482892408694,1.9100421373495693,-4.2559008619611735e-08,1.193
1656.0,0.0001840888066605,0.0922157206252533,-1.4539691843687212,-0.1898251203523876,1.9100421373495693,-4.484604396686553e-08,1.182
1656.0,0.0001835491828553,0.0920110951359786,-1.4555856202134416,-0.1985595436028631,1.9100421373495693,-4.6739767502805595e-08,1.182
1620.0,0.0001857676362764,0.0910368614624182,-1.4548614365011645,-0.1857436380784508,1.8943189119739168,-4.4832111414627035e-08,1.173
1620.0,0.000183994586631,0.0903962639773502,-1.4525188313837638,-0.2214421390097824,1.9048830708986968,-5.2329590228528623e-08,1.188
1620.0,0.000183567732773,0.090215287327774,-1.4511673993790974,-0.2250168846118654,1.9048830708986968,-5.3026243176777314e-08,1.18
1620.0,0.0001832065645664,0.0900769316927946,-1.448493040115403,-0.2305392509723214,1.9048830708986968,-5.423302516722098e-08,1.174
1620.0,0.0001831688765546,0.0900994431827175,-1.4453950078694664,-0.2366934671672652,1.9048830708986968,-5.5605174643623474e-08,1.17
1620.0,0.0001831688765546,0.0900994431827175,-1.4453950078694664,-0.2366934671672652,1.9048830708986968,-5.5605174643623474e-08,1.17
1584.0,0.0001865685843946,0.0896431308527927,-1.4490092978277418,-0.2143817669422564,1.889392803625546,-5.269657615676926e-08,1.169
1620.0,0.0001831534587316,0.09016764847171,-1.447592030097572,-0.2442560016279214,1.874895601404732,-5.7503202096688044e-08,1.168
1584.0,0.0001856280193236,0.089334509264083,-1.4472325321805126,-0.235272673701243,1.889392803625546,-5.723207328274884e-08,1.168
1584.0,0.0001856280193236,0.089334509264083,-1.4472325321805126,-0.235272673701243,1.889392803625546,-5.723207328274884e-08,1.168
1584.0,0.0001856280193236,0.089334509264083,-1.4472325321805126,-0.235272673701243,1.889392803625546,-5.723207328274884e-08,1.168
1584.0,0.0001856280193236,0.089334509264083,-1.4472325321805126,-0.235272673701243,1.889392803625546,-5.723207328274884e-08,1.168
2880.0,0.0001000005342231,0.0869693592275144,-1.334128996671794,-0.3759608437269305,2.6892845899965634,-2.5947700802633858e-08,1.163
1655.998999999836,0.0001779410577624,0.0897774718377818,-1.435759342662315,-0.2831007734772176,1.8601472283880285,-6.300744098037008e-08,1.171
1620.0,0.0001836125672388,0.0903284398909894,-1.4568216276230126,-0.2338889160503282,1.9048830708986968,-5.524557684980449e-08,1.156
1620.0,0.0001840665364717,0.0905580151410144,-1.4551827202285634,-0.2305780858131774,1.9048830708986968,-5.5119852809107714e-08,1.157
1620.0,0.0001840596841059,0.0905515386916218,-1.4590439490505769,-0.2265863763575093,1.9048830708986968,-5.4465547048932905e-08,1.154
1584.0,0.0001852176725092,0.0891545191385623,-1.4624736682981176,-0.2273552207294306,1.889392803625546,-5.5997752309257615e-08,1.154
1619.9680000003427,0.000184022150777,0.0905548890049859,-1.458468894653105,-0.2318231810249454,1.9048830708986968,-5.543864647704834e-08,1.145
1620.0,0.0001833401856991,0.0903247629497711,-1.4547974514219448,-0.2435358712809108,1.9048830708986968,-5.8139933528596375e-08,1.154
1620.0,0.000183098791705,0.0902432033384911,-1.4541806876693173,-0.2473458230895522,1.9048830708986968,-5.903693887465792e-08,1.147
1584.0,0.0001864990484555,0.0897469393980269,-1.456802451353426,-0.2257280881183292,1.889392803625546,-5.5930755580213126e-08,1.154
1584.0,0.0001859683794466,0.0895744541054135,-1.4547931663142832,-0.2357994054549003,1.889392803625546,-5.8305270545351626e-08,1.155
1620.0,0.0001857368006304,0.091366597137377,-1.4536732994409638,-0.2261367092444313,1.9048830708986968,-5.48994977700455e-08,1.159
1620.0,0.0001856720299547,0.0913621133117676,-1.4534728954858491,-0.2329131430520106,1.9048830708986968,-5.6110187143285543e-08,1.159
1620.0,0.0001850241545893,0.0911437999566146,-1.4519582358178684,-0.2449971775302917,1.874895601404732,-5.8800998645799165e-08,1.155
1620.0,0.0001850978175214,0.0912095453306302,-1.4520558767166456,-0.248244580869391,1.874895601404732,-5.96013065177458e-08,1.153
1620.0,0.0001854918285538,0.0913544908319732,-1.4498891561658336,-0.24426715376936,1.874895601404732,-5.863607033434724e-08,1.156
1620.0,0.0001856912375498,0.0914314848677454,-1.4532567175732218,-0.2430677076273237,1.874895601404732,-5.816358556384049e-08,1.145
1620.0,0.0001857916195566,0.0914969232079513,-1.4531073149801088,-0.2418113276554835,1.874895601404732,-5.827106505491275e-08,1.148
1620.0,0.0001857916195566,0.0914969232079513,-1.4531073149801088,-0.2418113276554835,1.874895601404732,-5.827106505491275e-08,1.148
1620.0,0.0001857916195566,0.0914969232079513,-1.4531073149801088,-0.2418113276554835,1.874895601404732,-5.827106505491275e-08,1.148
1619.9680000003427,0.0001842828163018,0.0908650243878513,-1.4470867845021482,-0.2606488282125613,1.874895601404732,-6.169382613126946e-08,1.13
1620.0,0.0001840079327269,0.0907913278754711,-1.4430288309200898,-0.2711360495135234,1.874895601404732,-6.378693543517149e-08,1.127
1620.0,0.0001834597127484,0.090622199773496,-1.4396861763357116,-0.2803351089592649,1.874895601404732,-6.607039123318069e-08,1.13
1620.0,0.0001834597127484,0.090622199773496,-1.4396861763357116,-0.2803351089592649,1.874895601404732,-6.607039123318069e-08,1.13
1620.0,0.0001834597127484,0.090622199773496,-1.4396861763357116,-0.2803351089592649,1.874895601404732,-6.607039123318069e-08,1.13
1692.0,0.0001137843122169,0.0627627773716575,-0.8862495182961059,-0.8067881467609291,1.6387399646639411,-1.08028566816551e-07,1.124
1620.0,0.0001812844759653,0.08979719770113,-1.4298344683020416,-0.309683260452588,1.8788262420000372,-7.19438924483151e-08,1.127
1620.0,0.0001812844759653,0.08979719770113,-1.4298344683020416,-0.309683260452588,1.8788262420000372,-7.19438924483151e-08,1.127
1584.0,0.000185686046055,0.0897168272449995,-1.4424489135449308,-0.2782776244708624,1.8627569340846948,-6.75971830406317e-08,1.131
1584.0,0.0001850900307421,0.0895175170488204,-1.4338779684136378,-0.2931229219499041,1.8627569340846948,-7.05191457425895e-08,1.122
1584.0,0.0001850900307421,0.0895175170488204,-1.4338779684136378,-0.2931229219499041,1.8627569340846948,-7.05191457425895e-08,1.122
1584.0,0.000185456009369,0.0896253875919657,-1.4374365213678937,-0.2837246366020631,1.8627569340846948,-6.85563542175442e-08,1.123
1584.0,0.0001848375054896,0.0894132783395975,-1.4324044057355558,-0.2941742411087175,1.8627569340846948,-7.08307678209489e-08,1.125
1584.0,0.0001836696701509,0.0889384760677431,-1.4294858287052823,-0.3051109982101668,1.8627569340846948,-7.290370031181907e-08,1.12
1584.0,0.0001830734885082,0.0887583428999405,-1.4256272177682208,-0.3154982517195471,1.8627569340846948,-7.538261315927497e-08,1.114
1584.0,0.0001824330259112,0.088516973205451,-1.4220268593129988,-0.3246620463625502,1.8627569340846948,-7.707553342517419e-08,1.123
1548.0,0.00018648694675,0.0882658241237527,-1.4282613450683397,-0.3009875662803223,1.8816871360056384,-7.450631464138979e-08,1.104
1548.0,0.0001860680447889,0.088137562454571,-1.4261762841569472,-0.3090760361424297,1.8544459057934044,-7.635784690329744e-08,1.11
1548.0,0.0001841830525223,0.0874538718640685,-1.4180969611169356,-0.331350665675719,1.8544459057934044,-8.113861707901234e-08,1.101
1548.0,0.0001841830525223,0.0874538718640685,-1.4180969611169356,-0.331350665675719,1.8544459057934044,-8.113861707901234e-08,1.101
1548.0,0.0001840223944875,0.0874007924454038,-1.4135381774724314,-0.3387017537492644,1.8544459057934044,-8.231141671205327e-08,1.085
1548.0,0.0001840223944875,0.0874007924454038,-1.4135381774724314,-0.3387017537492644,1.8544459057934044,-8.231141671205327e-08,1.085
1548.0,0.0001840223944875,0.0874007924454038,-1.4135381774724314,-0.3387017537492644,1.8544459057934044,-8.231141671205327e-08,1.085
1548.0,0.0001844608236324,0.0876351508342036,-1.410940592769839,-0.3431464016927538,1.8544459057934044,-8.339829627396687e-08,1.096
1548.0,0.0001838653504536,0.0874589242155833,-1.4065503823580083,-0.3508561775882137,1.8544459057934044,-8.549501024269047e-08,1.088
1548.0,0.0001838653504536,0.0874589242155833,-1.4065503823580083,-0.3508561775882137,1.8544459057934044,-8.549501024269047e-08,1.088
1548.0,0.0001835310041527,0.0873635541399626,-1.4017400702947054,-0.3617623778332345,1.8544459057934044,-8.749090750248033e-08,1.088
1548.0,0.0001868491112677,0.0887148793028834,-1.4102086533727192,-0.3372383531846043,1.8544459057934044,-8.30780939757465e-08,1.075
1548.0,0.0001829711847153,0.0872750112566707,-1.3811283041528122,-0.3878668958008673,1.816755121008622,-9.270968819053169e-08,1.078
1548.0,0.0001829711847153,0.0872750112566707,-1.3811283041528122,-0.3878668958008673,1.816755121008622,-9.270968819053169e-08,1.078
1692.0,0.0001064839943069,0.0598660702338831,-0.6726248958833874,-0.919326308474404,1.543762129858187,-1.1342584580685336e-07,1.098
1584.0,0.0001769982433025,0.0866384394591637,-1.3682897115791293,-0.4139824199013714,1.7997065268334906,-9.43737026612079e-08,1.093
1584.0,0.0001816791099399,0.0885266152982345,-1.3883177378215483,-0.3764814646468329,1.8380869775354969,-8.77421132018355e-08,1.093
1584.0,0.0001808849363197,0.0882839656215022,-1.3808655940726895,-0.3888297835844355,1.8380869775354969,-9.048484021114613e-08,1.1
1584.0,0.0001798199385155,0.0878640018908928,-1.3757170234649505,-0.3993149856149963,1.8380869775354969,-9.238550852928327e-08,1.086
1584.0,0.0001799041135997,0.0878800835850142,-1.3766252131881402,-0.3980409233835578,1.8380869775354969,-9.196925789192229e-08,1.086
1584.0,0.0001799041135997,0.0878800835850142,-1.3766252131881402,-0.3980409233835578,1.8380869775354969,-9.196925789192229e-08,1.086
1584.0,0.0001799041135997,0.0878800835850142,-1.3766252131881402,-0.3980409233835578,1.8380869775354969,-9.196925789192229e-08,1.086
1584.0,0.0001799041135997,0.0878800835850142,-1.3766252131881402,-0.3980409233835578,1.8380869775354969,-9.196925789192229e-08,1.086
1548.0,0.0001852536997885,0.0881937942762256,-1.394954120357334,-0.3652189619290655,1.8544459057934044,-8.897593614198414e-08,1.072
1548.0,0.0001852615300289,0.0881991877686207,-1.3945319849399154,-0.3666763557039038,1.8544459057934044,-8.914987393528936e-08,1.088
1548.0,0.0001847701824446,0.0879910023268644,-1.3918784077888589,-0.3705084476821438,1.8544459057934044,-8.968941883783038e-08,1.086
1548.0,0.0001844706757497,0.0879393500157007,-1.3898712462650782,-0.3780431455858336,1.816755121008622,-9.16120225046201e-08,1.075
1548.0,0.0001828752642706,0.0873279885824241,-1.3749423241955925,-0.3963982787157111,1.8214552595431783,-9.488391060686216e-08,1.084
1548.0,0.0001828752642706,0.0873279885824241,-1.3749423241955925,-0.3963982787157111,1.8214552595431783,-9.488391060686216e-08,1.084
1548.0,0.0001824034922872,0.0871420888979905,-1.3749654804359304,-0.3998139572185616,1.8214552595431783,-9.552140106291256e-08,1.073
1548.0,0.000182843943309,0.0873386522058429,-1.375278481550538,-0.3977036219399977,1.8214552595431783,-9.537532709086385e-08,1.068
1548.0,0.000182843943309,0.0873386522058429,-1.375278481550538,-0.3977036219399977,1.8214552595431783,-9.537532709086385e-08,1.068
1548.0,0.000182843943309,0.0873386522058429,-1.375278481550538,-0.3977036219399977,1.8214552595431783,-9.537532709086385e-08,1.068
1548.0,0.0001822547177198,0.0872071814400316,-1.3664186977225667,-0.4118204130368839,1.8214552595431783,-9.856109065467485e-08,1.065
1548.0,0.0001800270143293,0.0863957748702644,-1.3442828969581662,-0.4409482459588048,1.8214552595431783,-1.0379948905114667e-07,1.055
1548.0,0.0001800270143293,0.0863957748702644,-1.3442828969581662,-0.4409482459588048,1.8214552595431783,-1.0379948905114667e-07,1.055
1548.0,0.0001800270143293,0.0863957748702644,-1.3442828969581662,-0.4409482459588048,1.8214552595431783,-1.0379948905114667e-07,1.055
1512.0,0.000176578912044,0.0834758006989185,-1.2939157871835194,-0.5006099037493223,1.80901743407046,-1.1856861174627753e-07,1.049
1512.0,0.000176578912044,0.0834758006989185,-1.2939157871835194,-0.5006099037493223,1.80901743407046,-1.1856861174627753e-07,1.049
1692.0,9.545218796737892e-05,0.0550870201339121,-0.3855224465852109,-1.0551661814665558,1.49726924853191,-1.1484595637000589e-07,1.071
1548.0,0.0001808159110484,0.086695391510108,-1.352802369357283,-0.4318650594736838,1.8214552595431783,-1.0224502556824713e-07,1.058
1548.0,0.0001810977997024,0.0868180401358108,-1.3528170172682308,-0.4313432465817926,1.8214552595431783,-1.0218592049285325e-07,1.067
1548.0,0.0001802580064207,0.0865137165431338,-1.3494587599816346,-0.43911716516877,1.8214552595431783,-1.0370998707983149e-07,1.057
1548.0,0.000180766644186,0.0860238963426512,-1.358876428277985,-0.4225708971058132,1.800003118654076,-1.0705469747713345e-07,1.058
1512.0,0.0001829549649317,0.0857437915254543,-1.34590362719973,-0.4344041328982846,1.800003118654076,-1.0609987094199543e-07,1.06
1512.0,0.0001823005805563,0.0855298190377427,-1.342379613040866,-0.44037322769008,1.800003118654076,-1.0757770376790656e-07,1.048
1512.0,0.0001824180341622,0.0855764829889207,-1.3458653923688926,-0.4375007797794973,1.800003118654076,-1.0720256158902305e-07,1.061
1512.0,0.0001813483673948,0.0851509115680143,-1.338968348904459,-0.4493549446315845,1.8042079899885888,-1.0888407009286865e-07,1.056
1512.0,0.0001800228195576,0.0846656115594218,-1.3269123236125815,-0.4620040631836823,1.80901743407046,-1.1125239192926893e-07,1.061
1512.0,0.0001796578744253,0.0845778652035627,-1.3176049806760295,-0.471516075601244,1.80901743407046,-1.1314610206965381e-07,1.053
1512.0,0.0001796285110238,0.0845610514869076,-1.314120274511823,-0.4749138657289868,1.80901743407046,-1.1340282815671964e-07,1.05
1512.0,0.0001797166012282,0.0846747997070342,-1.3156668120981798,-0.4764627277060624,1.80901743407046,-1.145898310611242e-07,1.049
1512.0,0.000178936931604,0.0843751116647471,-1.307935552301424,-0.4845142985337163,1.80901743407046,-1.1572130554827182e-07,1.033
1512.0,0.0001773933288645,0.0838544723672573,-1.2944798912888376,-0.5006404258087467,1.7688518461265,-1.1896458882811293e-07,1.036
1512.0,0.0001769017392293,0.0836735667981883,-1.290338115067435,-0.5058617354169801,1.7688518461265,-1.197825482313245e-07,1.034
1548.0,0.0001789503562759,0.0863237765477333,-1.3063031277269133,-0.4862556358480486,1.786311831947582,-1.1336775639944099e-07,1.038
1512.0,0.0001758448270076,0.0832347678441712,-1.2739425117261791,-0.5185975478004133,1.7688518461265,-1.211690291226436e-07,1.04
1512.0,0.0001812225242457,0.0853495840354047,-1.3091082620085084,-0.4794876784979262,1.80901743407046,-1.1546611014058904e-07,1.022
1512.0,0.0001797591094199,0.0848736145927701,-1.2951632745830233,-0.4972269385407084,1.7688518461265,-1.1898777126632313e-07,1.031
1512.0,0.0001762978623443,0.0836165111101424,-1.2572196323558538,-0.5352870505444681,1.7688518461265,-1.250928647411882e-07,1.019
1512.0,0.0001762978623443,0.0836165111101424,-1.2572196323558538,-0.5352870505444681,1.7688518461265,-1.250928647411882e-07,1.019
1512.0,0.0001762978623443,0.0836165111101424,-1.2572196323558538,-0.5352870505444681,1.7688518461265,-1.250928647411882e-07,1.019
1512.0,0.0001762978623443,0.0836165111101424,-1.2572196323558538,-0.5352870505444681,1.7688518461265,-1.250928647411882e-07,1.019
1512.0,0.0001762978623443,0.0836165111101424,-1.2572196323558538,-0.5352870505444681,1.7688518461265,-1.250928647411882e-07,1.019
