ChargingTime,VoltageSlope,VoltageStd,VoltageKurtosis,VoltageSkewness,VoltageEntropy,VoltageCurvature,Normalized Capacity
5704.479999999981,6.93915501206061e-05,0.12623322175031315,-0.7985857911936276,-0.8341441222962528,4.337732005122034,-2.1182933244094537e-08,1.0173733966850358
4752.790000000037,4.9151468247685415e-05,0.08419594695110452,-0.08993165352681576,-1.2173462501590437,1.3679108220483656,-2.4278716870950402e-08,1.0162591689384426
4723.459999999963,4.911613698171148e-05,0.08414018408722022,-0.074683051769592,-1.2234616428793692,1.3679108220483656,-2.4383923163770198e-08,1.0151590139298752
4692.020000000019,4.993196623840166e-05,0.08371545016151255,-0.10601849348361458,-1.2109165938693185,1.3852870545213078,-2.4952361812501244e-08,1.0140739492574085
4720.109999999986,4.944847801002376e-05,0.08454171674829124,-0.08939883750522126,-1.2178594300547356,1.3679108220483656,-2.4429520652114007e-08,1.013004992519117
4694.829999999958,5.065828693425288e-05,0.08466668062768642,-0.14872246871540096,-1.1949006929284174,1.3852870545213078,-2.5057555064619633e-08,1.0119531613130757
4695.810000000056,5.0679150957927894e-05,0.08468262609957593,-0.1513377546497745,-1.1942072735401947,1.3852870545213078,-2.5046983460670697e-08,1.0109194732373596
4685.719999999972,5.054265082171675e-05,0.08452444146916187,-0.1303792832984545,-1.2013487600747865,1.3852870545213078,-2.5098548791655895e-08,1.0099049458900433
4684.189999999944,5.0511979764871276e-05,0.08447862627832174,-0.1333424950433839,-1.2010262720272786,1.3852870545213078,-2.508865514757746e-08,1.0089105968692014
4683.530000000028,5.020257000951967e-05,0.08406629433947735,-0.1189000222128942,-1.2067974252171243,1.3852870545213078,-2.503112428663736e-08,1.007937443772909
4678.64000000013,5.0066014824671796e-05,0.08386038031469233,-0.11310200229311951,-1.2094816796374044,1.3852870545213078,-2.5006422761257194e-08,1.006986504199241
4676.510000000009,5.003478192610707e-05,0.08383705912226116,-0.11011840864513323,-1.2107303084822296,1.3852870545213078,-2.502282248119472e-08,1.0060587957462719
4669.260000000009,5.005641614774681e-05,0.08386319491286341,-0.10955381356368488,-1.211463588252908,1.3852870545213078,-2.5054856512410473e-08,1.0051553360120764
4667.239999999991,4.9816897925282074e-05,0.08354563028923505,-0.088685757740254,-1.2181660761202926,1.3852870545213078,-2.5029292116917303e-08,1.0042771425947299
4666.329999999842,4.960997029982156e-05,0.08328672810246662,-0.07375791093685002,-1.2239959195575294,1.3852870545213078,-2.5010499341212635e-08,1.003425233092307
4659.200000000186,4.959530566054119e-05,0.08325692951374532,-0.0751701181770823,-1.2235481554439782,1.3852870545213078,-2.5023475027871183e-08,1.0026006251028823
4648.680000000168,4.959244799405728e-05,0.08324320303222268,-0.07061469404527987,-1.2254834194611717,1.3852870545213078,-2.5060765724257652e-08,1.0018043362245306
4650.600000000093,4.932727593670449e-05,0.08290477479854325,-0.0579430078068639,-1.2303104944557002,1.3172950093995153,-2.5010467780430217e-08,1.0010373840553268
4649.969999999972,4.9275183064099156e-05,0.08284288031659054,-0.04135710125908787,-1.2350701825165635,1.3172950093995153,-2.5026936890917164e-08,1.000300786193346
4648.410000000149,4.925908556037873e-05,0.08281518345043429,-0.04501489910318801,-1.2344649084204384,1.3172950093995153,-2.5018595482533865e-08,0.9995955602366625
4550.64000000013,4.695435717974391e-05,0.07844228715706277,0.14854346040344257,-1.3049010205631633,1.3423594699083627,-2.536569245468026e-08,0.9989227237833516
4645.90000000014,4.9114826642692345e-05,0.08269447313167207,-0.025353719086524062,-1.241697544121619,1.3172950093995153,-2.506290513444621e-08,0.9982832944314876
4648.540000000037,4.9003733690840834e-05,0.0825605489176802,-0.016818459755038706,-1.2446904055236103,1.3172950093995153,-2.50437487993825e-08,0.9976782897791457
4642.560000000056,4.882030703719658e-05,0.08229332321701012,-0.01064546776694364,-1.2476069165834844,1.3172950093995153,-2.500757173125062e-08,0.9971087274244006
4642.679999999935,4.8725471992085287e-05,0.08223034320718621,0.001955653351018327,-1.252015617286037,1.3172950093995153,-2.5039751944999383e-08,0.9965756249653271
5085.029999999795,5.8651607869195664e-05,0.09884034388185056,-0.610202838688136,-0.9829122588561203,3.9372678611420584,-2.3828923592656075e-08,0.9951654913293494
4679.529999999795,4.930221740679418e-05,0.08284556896945273,-0.06813042363411581,-1.2252983831996573,1.3852870545213078,-2.486477319714173e-08,0.9947356869264852
4681.689999999944,4.892333480187321e-05,0.08240825545645226,-0.03624469807841724,-1.2373260602983551,1.3172950093995153,-2.484381307656797e-08,0.9943228588401999
4675.779999999795,4.8813818841523946e-05,0.08232386097059828,-0.02386777432430298,-1.242425474146876,1.3172950093995153,-2.4892947408828078e-08,0.9939260143416974
4676.9199999999255,4.8661875243430365e-05,0.08214046954813845,-0.017999076454964236,-1.2453183370759215,1.3172950093995153,-2.4868544811283005e-08,0.9935441607021813
4677.339999999851,4.8562764091613684e-05,0.08203637998987998,-0.011542392383260047,-1.248181592027597,1.3172950093995153,-2.4866281395533532e-08,0.9931763051928555
4674.899999999907,4.852226726067524e-05,0.08197845029065107,-0.004798116904010108,-1.250336789208578,1.3172950093995153,-2.4870261318655678e-08,0.9928214550849234
4673.480000000447,4.840161513518022e-05,0.08184754628779868,0.010906802873199783,-1.2551264278118006,1.3172950093995153,-2.488197759435625e-08,0.992478617649589
4673.9000000003725,4.833944291334558e-05,0.08180122075074474,0.020196433817676773,-1.2585685122059351,1.3172950093995153,-2.489909076864239e-08,0.9921468001580559
4668.439999999944,4.8127951714780364e-05,0.08151115965888464,0.025818234172897636,-1.261783468437159,1.3172950093995153,-2.4861815139230966e-08,0.9918250098815278
4666.149999999441,4.807347534568775e-05,0.08143995525573887,0.03092843421914182,-1.2630606292795366,1.3172950093995153,-2.48618827823554e-08,0.9915122540912084
4664.089999999851,4.8003440479909865e-05,0.08138556339473253,0.042403543906407215,-1.267398772687486,1.3172950093995153,-2.4889727859804787e-08,0.9912075400583016
4669.520000000019,4.7710817080393066e-05,0.08101299037764921,0.05946804257277183,-1.2733753872061917,1.3172950093995153,-2.4820025908660028e-08,0.9909098750540108
4665.120000000112,4.773795702354855e-05,0.08104658661614113,0.0573343784025222,-1.2730363249475067,1.3172950093995153,-2.483941255569461e-08,0.9906182663495402
4664.9399999994785,4.767471150772235e-05,0.08099486674917315,0.0665996579569006,-1.2763132952678784,1.3172950093995153,-2.485456478944722e-08,0.9903317212160931
4661.14000000013,4.756647969123162e-05,0.08086446720740575,0.08042835439400609,-1.2808473302572767,1.3172950093995153,-2.4862734765315348e-08,0.9900492469248735
4658.0800000000745,4.748076687926929e-05,0.08075266501980868,0.0822878220744987,-1.2814789608049095,1.3172950093995153,-2.4852853052778574e-08,0.9897698507470849
4554.270000000019,4.5394243448091994e-05,0.07661952927563562,0.26711681066406223,-1.3466526776035523,1.2729207855286595,-2.5146045992429303e-08,0.989492539953931
4666.629999999888,4.752435661891657e-05,0.08085927875632405,0.07796195894228841,-1.2809660008399582,1.3172950093995153,-2.486076634755138e-08,0.9892163218166158
4654.2400000002235,4.730837778857681e-05,0.08053830417705801,0.09670865403222129,-1.287112779835692,1.3248893422453545,-2.4844838987152373e-08,0.9889402036063427
4659.730000000447,4.717118364849262e-05,0.08036790404135229,0.10782305920179436,-1.290216557037683,1.3248893422453545,-2.480616197735599e-08,0.9886631925943157
4658.370000000112,4.70801600052838e-05,0.08025534382685036,0.10380182503828728,-1.2905752074917407,1.3248893422453545,-2.4786117499544045e-08,0.9883842960517383
4661.819999999832,4.702427387441701e-05,0.08018062222788667,0.11297917702967775,-1.292857011528862,1.3248893422453545,-2.4768313627184587e-08,0.9881025212498143
4653.839999999851,4.692581930919858e-05,0.08006692402418772,0.12064115972481426,-1.296471045200688,1.3248893422453545,-2.4787585999356136e-08,0.9878168754597475
4652.100000000093,4.6837062880255004e-05,0.07991590216245906,0.1254344904013216,-1.2979019826852831,1.3248893422453545,-2.4753202810682163e-08,0.9875263659527415
5416.060000000056,6.373847104494772e-05,0.11253410724388495,-0.6832669266991278,-0.9205300198546845,4.089687656593757,-2.270441553215048e-08,0.9866354491366068
4669.620000000112,4.7342782122487274e-05,0.08058733588892096,0.08281324626621878,-1.2819792331464621,1.3172950093995153,-2.478485959558816e-08,0.9863415912363358
4674.189999999944,4.696985078027604e-05,0.0801070980820088,0.10565777386384134,-1.290510967234204,1.3248893422453545,-2.46983713536536e-08,0.9860499166247112
4672.040000000037,4.6712435680644213e-05,0.0797785915532029,0.1266059260089465,-1.2978391525056678,1.3248893422453545,-2.466550465182688e-08,0.9857603540025053
4672.050000000279,4.6575506709294465e-05,0.07964535476385928,0.14569843660792614,-1.304728900669019,1.3248893422453545,-2.467799676329467e-08,0.9854728320704909
4667.620000000112,4.6393319093236454e-05,0.0793976631799685,0.15572694774916895,-1.3081913925266841,1.3248893422453545,-2.4648653149453603e-08,0.9851872795294394
4674.230000000447,4.626569482816867e-05,0.07923620313041779,0.16242303823494675,-1.3108495796449107,1.3248893422453545,-2.4600213707058778e-08,0.9849036250801239
4668.7400000002235,4.6170152727029835e-05,0.07915049853563606,0.17071405997793532,-1.314027031635976,1.3248893422453545,-2.4626231194719106e-08,0.9846217974233162
4670.4399999994785,4.61111371160173e-05,0.07905061389222477,0.18469750678234442,-1.3176980429107263,1.3248893422453545,-2.4605002925936804e-08,0.9843417252597886
4674.950000000186,4.591617095919944e-05,0.07881684655845128,0.19495550281811402,-1.3219670952794425,1.3248893422453545,-2.4558680139038356e-08,0.9840633372903134
4672.3499999996275,4.598598199606142e-05,0.07891435062168707,0.18025493025798012,-1.3183498449099138,1.3248893422453545,-2.4575072108337873e-08,0.9837865622156629
4664.179999999702,4.603429041879353e-05,0.07895817357157443,0.1842918960972444,-1.3189454908151126,1.3248893422453545,-2.461033103651873e-08,0.9835113287366093
4666.69000000041,4.582440553462138e-05,0.0787288387644039,0.2036114037684209,-1.32566150135677,1.3248893422453545,-2.4590733211360693e-08,0.9832375655539248
4676.839999999851,4.577590457295463e-05,0.07869473463240896,0.20260676471193628,-1.3254632782357767,1.3248893422453545,-2.4557457812350567e-08,0.9829652013683818
4669.0099999997765,4.5633357549525694e-05,0.07849357102011206,0.21631908927389132,-1.3297857630721883,1.3248893422453545,-2.45507740388795e-08,0.9826941648807526
4671.0800000000745,4.5629686919162766e-05,0.0784924867660811,0.21845856079375414,-1.3300292138904286,1.3248893422453545,-2.4546475054917622e-08,0.9824243847918093
4659.6699999999255,4.551615607470051e-05,0.07830463956889273,0.22609793886934115,-1.333245843717083,1.3248893422453545,-2.4538344378373384e-08,0.9821557898023241
4667.370000000112,4.5477585766760745e-05,0.0782875196116876,0.23078877575613088,-1.3348036523939444,1.3248893422453545,-2.4525603816718614e-08,0.9818883086130694
4660.8300000000745,4.534833772386539e-05,0.07810875079243439,0.2453165815915761,-1.3390561995763588,1.3248893422453545,-2.4520306318544652e-08,0.9816218699248176
4664.410000000149,4.5374658005649916e-05,0.07815079077840986,0.24506085969788494,-1.338722137290857,1.3248893422453545,-2.4519970010385158e-08,0.9813564024383405
4668.550000000745,4.532770405076861e-05,0.07812094812187703,0.24495260641171734,-1.338983611252747,1.3248893422453545,-2.4510836964490964e-08,0.9810918348544109
4665.470000000671,4.525758648068535e-05,0.07803527116694925,0.24888027732574924,-1.3414000535028094,1.3248893422453545,-2.4509379033641078e-08,0.9808280958738007
4656.040000000037,4.510666498184698e-05,0.0777978718555221,0.2602816067604734,-1.3446454085898947,1.3248893422453545,-2.4485868142682636e-08,0.9805651141972822
4663.0099999997765,4.5080914532599615e-05,0.07778486595951963,0.26388308313676667,-1.345838562835973,1.3248893422453545,-2.4470387858102633e-08,0.9803028185256278
4657.3499999996275,4.5104381668641665e-05,0.0777978718555221,0.2602816067604734,-1.3446454085898947,1.3248893422453545,-2.4482491463797828e-08,0.9800411375596095
5313.040000000037,6.0237057416653415e-05,0.10574442130768365,-0.605164332620153,-0.9740391624957596,3.949219633424759,-2.3153818447687606e-08,0.9792576163492436
4663.629999999888,4.555631114372361e-05,0.07836951028202221,0.21606034424432385,-1.3305026133853468,1.3248893422453545,-2.4532860883512152e-08,0.9789962053793537
4668.450000000186,4.518550374770214e-05,0.07790671988696551,0.24380183170017844,-1.339898501211475,1.3248893422453545,-2.4451856541626433e-08,0.9787348564547521
4662.199999999255,4.507526876552672e-05,0.07779729069650385,0.26348668211793225,-1.3457400954099528,1.3248893422453545,-2.44831890261853e-08,0.9784737256816618
4667.950000000186,4.4836979374670456e-05,0.07749471498795152,0.2736628685732425,-1.350052120867358,1.256013165313568,-2.4409322367519367e-08,0.9782129691663046
4665.679999999702,4.472790310395393e-05,0.07738188207687166,0.28745601776524676,-1.3545077813259436,1.256013165313568,-2.441701480094424e-08,0.9779527430149031
4663.609999999404,4.4744548065486966e-05,0.0774297096021806,0.29161028940955624,-1.3560457605726564,1.256013165313568,-2.444895678267881e-08,0.9776932033336797
4661.2400000002235,4.4519819655879694e-05,0.0770856545558114,0.29938080674385237,-1.3590800241280998,1.256013165313568,-2.4368541743086395e-08,0.9774345062288569
4660.610000000335,4.441423638205226e-05,0.07699695754788771,0.3167360514516395,-1.3644630560567577,1.256013165313568,-2.438586815793267e-08,0.9771768078066565
4665.0099999997765,4.435516821202809e-05,0.07692188862966524,0.3200110910183134,-1.3655811404135838,1.256013165313568,-2.4357580184795557e-08,0.9769202641733014
4658.299999999814,4.435203805480922e-05,0.07690458477603583,0.3241173875065604,-1.3667783684955714,1.256013165313568,-2.43758650443658e-08,0.9766650314350137
4656.600000000559,4.4309303303921115e-05,0.0768925720849809,0.3293904617556147,-1.368819122951901,1.256013165313568,-2.440015265174211e-08,0.976411265698016
4664.770000000484,4.419091622377281e-05,0.07673350944425267,0.3424585096556463,-1.3722123510694444,1.256013165313568,-2.4346570865637607e-08,0.9761591230685303
4661.790000000037,4.413445738488206e-05,0.07662934645153031,0.33200824054565414,-1.3704051197094222,1.256013165313568,-2.4312164462859763e-08,0.975908759652779
4663.160000000149,4.4132257536799256e-05,0.07662934645153031,0.33200824054565414,-1.3704051197094222,1.256013165313568,-2.4308621432695083e-08,0.975660331556985
4654.570000000298,4.41007390793935e-05,0.07657251870330105,0.33835051250356507,-1.371970630177625,1.256013165313568,-2.4325471778539645e-08,0.97541399488737
4657.799999999814,4.395769795614299e-05,0.0764095441663954,0.35577835869798013,-1.3773483915144362,1.256013165313568,-2.4302050355401493e-08,0.9751699057501567
4654.229999999516,4.382731522488168e-05,0.0762518892917899,0.3743983795775132,-1.3830192177296239,1.256013165313568,-2.4299589317849746e-08,0.9749282202515676
4660.870000000112,4.383777624218797e-05,0.0762523078362525,0.37103787061513893,-1.381466426424988,1.256013165313568,-2.4269411535749103e-08,0.9746890944978245
4660.029999999329,4.371201185221382e-05,0.07609631063926693,0.37331907392316,-1.383425006582734,1.256013165313568,-2.4241708397384888e-08,0.9744526845951503
4651.479999999516,4.370038996421779e-05,0.07607734201511716,0.3795517892318898,-1.3856145044460193,1.256013165313568,-2.4270532551304833e-08,0.9742191466497672
4653.129999999888,4.362529843376728e-05,0.07600166804813757,0.39450758160483135,-1.390173212084017,1.256013165313568,-2.4268788124203666e-08,0.9739886367678974
4651.729999999516,4.349600695215999e-05,0.0758276203911504,0.3996489748320795,-1.3916327763145302,1.256013165313568,-2.4235670716232793e-08,0.9737613110557636
4650.049999999814,4.359133399241447e-05,0.07593357492847579,0.3960046099896215,-1.3905235295407705,1.256013165313568,-2.42563338189097e-08,0.9735373256195876
4647.700000000186,4.3574076062713474e-05,0.07589304892996811,0.396546591790393,-1.390426405128038,1.256013165313568,-2.4248963723457503e-08,0.9733168365655923
8585.22000000067,2.7943915971794354e-05,0.0863463469848648,0.30060258432877696,-1.3618312276029445,2.6842855106716677,-8.48170845560752e-09,0.9731
5025.110000000335,5.3091336565671475e-05,0.09083998906354655,-0.3885780976316706,-1.0980032152357677,3.687536397642866,-2.406083798645209e-08,0.9726721782059601
4649.8300000000745,4.443834084671515e-05,0.07701685076279383,0.3191164543016236,-1.3654735711020645,1.256013165313568,-2.4425266912330814e-08,0.9724598221054288
4655.820000000298,4.3956182676578526e-05,0.07643067769494012,0.3614896420499685,-1.3796331592273456,1.256013165313568,-2.4327197954122572e-08,0.9722484880585949
4648.7599999997765,4.372292651265631e-05,0.07610738028163457,0.37582442197761967,-1.3848615844222205,1.256013165313568,-2.4283238315313397e-08,0.9720381652074868
4644.5,4.357783087866236e-05,0.07593183533289109,0.3923630999156491,-1.389745131366455,1.256013165313568,-2.42767506643195e-08,0.9718288426941337
4650.80999999959,4.3354616773546765e-05,0.07565339203862811,0.40713106767380713,-1.3955060816369045,1.256013165313568,-2.420857318969634e-08,0.9716205096605641
4649.120000000112,4.3310139700647545e-05,0.07559211889950114,0.41647172857838033,-1.3979664229302673,1.256013165313568,-2.420727421446532e-08,0.9714131552488068
4645.4900000002235,4.31709989305097e-05,0.07540542606564762,0.4289070382170581,-1.401704812858662,1.256013165313568,-2.418460001956274e-08,0.9712067686008903
4647.660000000149,4.3066789159142856e-05,0.07530419398151526,0.4492521250085151,-1.4078152547105196,1.256013165313568,-2.4183155376036937e-08,0.9710013388588437
4649.3300000000745,4.302485419259899e-05,0.07523985287726787,0.4451267561847536,-1.4074244164771146,1.256013165313568,-2.4155716516002327e-08,0.9707968551646955
4644.540000000037,4.299628156260093e-05,0.075223423124216,0.451751549823026,-1.4090901472648694,1.256013165313568,-2.418015777678021e-08,0.9705933066604744
4654.8499999996275,4.290312559941822e-05,0.07509865556303856,0.45036049382786913,-1.4090926709253324,1.256013165313568,-2.411461461500043e-08,0.9703906824882091
4646.479999999516,4.2746803727418854e-05,0.07489992140817216,0.47155868254978595,-1.4158941397905305,1.256013165313568,-2.411477513799905e-08,0.9701889717899286
4651.859999999404,4.2652544908692764e-05,0.07477829820862957,0.474867098889836,-1.416872772140308,1.256013165313568,-2.4071769561030057e-08,0.9699881637076614
4656.25,4.269422581646895e-05,0.07488394981380403,0.4792921734933602,-1.418420392665402,1.256013165313568,-2.410239947007824e-08,0.9697882473834363
4652.459999999031,4.270973782187376e-05,0.07487734651599645,0.47446167280391194,-1.4164364590136653,1.256013165313568,-2.4100876154362095e-08,0.9695892119592819
4643.9900000002235,4.253172045762684e-05,0.07459421846951693,0.48835469397434617,-1.4208050108932737,1.256013165313568,-2.405635593812785e-08,0.969391046577227
4638.770000000484,4.2495127079173484e-05,0.0745499856110646,0.48825429708956847,-1.4215558128871282,1.256013165313568,-2.4063593512310202e-08,0.9691937403793005
4644.790000000037,4.235312074108595e-05,0.07441251884591003,0.5105671987284564,-1.427913446929481,1.256013165313568,-2.4045092277480447e-08,0.9689972825075309
4648.0,4.232992137714681e-05,0.07438270789667827,0.5146869756236989,-1.4287495274548367,1.256013165313568,-2.403110386500305e-08,0.9688016621039471
4650.280000000261,4.230444455419481e-05,0.07438598539170564,0.5175276210989908,-1.4302827266692568,1.256013165313568,-2.403835869852384e-08,0.9686068683105777
4636.290000000037,4.223969140783015e-05,0.07425981977714018,0.5211576945145633,-1.432254627369925,1.256013165313568,-2.404282921675484e-08,0.9684128902694515
4649.399999999441,4.214981485462795e-05,0.0741629860031796,0.5223058358826584,-1.4324650715127472,1.256013165313568,-2.3984480908443933e-08,0.9682197171225972
4648.3100000005215,4.2084160035339065e-05,0.0740679407059866,0.5294979413232683,-1.4339687088122148,1.256013165313568,-2.3968081599031004e-08,0.9680273380120435
4647.5999999996275,4.206736884238512e-05,0.07403818259701893,0.5336832612112725,-1.4348191841455034,1.256013165313568,-2.3964223840658234e-08,0.9678357420798192
4645.660000000149,4.198460436352948e-05,0.07396288843229581,0.5443901986403521,-1.439234837616316,1.256013165313568,-2.397077906331469e-08,0.967644918467953
4642.620000001043,4.198953381160709e-05,0.07396288843229581,0.5443901986403521,-1.439234837616316,1.256013165313568,-2.3978616045538396e-08,0.9674548563184735
4634.609999999404,4.200248978798498e-05,0.07396288843229581,0.5443901986403521,-1.439234837616316,1.256013165313568,-2.39990698971226e-08,0.9672655447734096
4639.620000001043,4.191496029190413e-05,0.07382266224536285,0.5464869856907928,-1.4398266906574437,1.256013165313568,-2.3942459226640762e-08,0.9670769729747901
4638.860000000335,4.177887539022668e-05,0.07371509271253093,0.5698777681601586,-1.4469505479790152,1.256013165313568,-2.3958969884343686e-08,0.9668891300646434
4641.36999999918,4.16891235076724e-05,0.07355236471120381,0.565191233843402,-1.4457319528796189,1.256013165313568,-2.3893351022761364e-08,0.9667020051849985
4644.3300000000745,4.173005501977196e-05,0.07364404276967011,0.5692200228681843,-1.4469659695232195,1.256013165313568,-2.392132012277014e-08,0.9665155874778841
4637.2400000002235,4.1695760326971366e-05,0.07355236471120381,0.565191233843402,-1.4457319528796189,1.256013165313568,-2.3903902371205577e-08,0.966329866085329
4641.029999999329,4.164779259695981e-05,0.07351696564459569,0.5754824572258102,-1.4490051113079279,1.256013165313568,-2.3899303917849423e-08,0.9661448301493616
4636.039999999106,4.1669400168114584e-05,0.07352713350663234,0.5717501477742424,-1.447724059748418,1.256013165313568,-2.390944474042898e-08,0.9659604688120109
4635.6899999994785,4.1553563027516116e-05,0.07341254989625082,0.5933722517191606,-1.45371791660017,1.256013165313568,-2.3910536513492455e-08,0.9657767712153056
4634.9900000002235,4.1508424790656836e-05,0.07335979233344167,0.5992053389319083,-1.4551731140711808,1.256013165313568,-2.3906251205864985e-08,0.9655937265012743
4636.389999998733,4.1418593295334786e-05,0.07324077411461336,0.5936090124417914,-1.4555073877476237,1.256013165313568,-2.386728035671402e-08,0.9654113238119458
4629.410000000149,4.135242537275014e-05,0.07310847618970151,0.5989218154760185,-1.4567322149948014,1.256013165313568,-2.3846663082092772e-08,0.9652295522893491
4628.780000001192,4.1382807644709775e-05,0.07313845802690402,0.591288563576434,-1.4544797077554974,1.256013165313568,-2.3847316490251284e-08,0.9650484010755125
4627.180000001565,4.127543689193821e-05,0.07305093918843254,0.6122075260908928,-1.4601519344530787,1.256013165313568,-2.3862919062076924e-08,0.964867859312465
4617.790000000969,4.134251453940764e-05,0.07308369825313044,0.6041632970815272,-1.4581935765961183,1.256013165313568,-2.3877246127335305e-08,0.9646879161422353
4616.660000000149,4.137260148316535e-05,0.07310847618970151,0.5989218154760185,-1.4567322149948014,1.256013165313568,-2.3878366009417026e-08,0.9645085607068519
4619.980000000447,4.13107561858646e-05,0.07305888764435028,0.6078118425004781,-1.4590251646646744,1.256013165313568,-2.3872340408724168e-08,0.9643297821483436
4624.5,4.134987437651014e-05,0.07311326283327581,0.5997498788339399,-1.457291950022528,1.256013165313568,-2.3866305947569086e-08,0.9641515696087395
4617.5099999997765,4.127056164117508e-05,0.07301345147125078,0.6146122629132691,-1.460462488555874,1.2696594576480178,-2.3876260920429777e-08,0.9639739122300679
4617.679999999702,4.1160881219841664e-05,0.07289436639742662,0.6206261407366478,-1.4638768887399836,1.256013165313568,-2.3857467496484024e-08,0.9637967991543576
4612.5099999997765,4.1127471835911374e-05,0.07281852260271808,0.619979292694242,-1.4637635775135507,1.256013165313568,-2.3844274396104773e-08,0.9636202195236375
4613.200000001118,4.1015975652905464e-05,0.07268585556551416,0.6386568962438517,-1.4688029192394598,1.256013165313568,-2.3826847132850298e-08,0.9634441624799364
4605.429999999702,4.100686388959324e-05,0.07264836860517179,0.6381019151134675,-1.4693710043492505,1.256013165313568,-2.3832583694758375e-08,0.9632686171652826
4612.5800000000745,4.092601783556357e-05,0.07254510702446784,0.6452275458575141,-1.47049290237811,1.2696594576480178,-2.379151226585746e-08,0.9630935727217053
4612.2599999997765,4.0899177086470775e-05,0.07252536851346698,0.6509624363584465,-1.4721713365771945,1.2696594576480178,-2.3796200123903385e-08,0.9629190182912328
4600.0099999997765,4.217967728053109e-05,0.07296395141003131,0.5676890823721568,-1.4447920735871576,1.2868574245085234,-2.453247926704815e-08,0.9627449430158941
4607.1699999999255,4.0633812961459926e-05,0.07214966713772922,0.6720654293384198,-1.4789546601930559,1.1999244167935825,-2.3723786792680857e-08,0.962571336037718
4601.4000000003725,4.0612210314634296e-05,0.0721163239800614,0.6794281625044056,-1.4810251464988473,1.1999244167935825,-2.373635650351477e-08,0.9623981864987331
4601.429999999702,4.055116255580626e-05,0.07205217524437985,0.6904387878745428,-1.4845214306331482,1.1999244167935825,-2.3732179896668732e-08,0.9622254835409682
4501.279999999329,3.8023396679811494e-05,0.06740927366292561,0.9917205753647433,-1.5719208146811532,1.2165157970037201,-2.3598411983113915e-08,0.9620532163064517
4596.75,4.178753061952531e-05,0.07245096590580807,0.5925428906668699,-1.453757639663062,1.2025791580238565,-2.443031522987665e-08,0.9618813739372127
4595.480000000447,4.161161536862697e-05,0.07220827620596172,0.6045432627995311,-1.4577136607063899,1.2165157970037201,-2.4376547411671146e-08,0.9617099455752799
4602.8100000005215,4.025325323363601e-05,0.07163233240722588,0.7128998730691372,-1.4912127634785681,1.1999244167935825,-2.3628336459798468e-08,0.9615389203626818
4596.0099999997765,4.1526278769506585e-05,0.07209874768126215,0.6194459046963665,-1.4610423517299802,1.2165157970037201,-2.4358046379985353e-08,0.9613682874414474
4596.609999999404,4.143505971377919e-05,0.07202533858792277,0.6236680859518868,-1.4643500195670167,1.2165157970037201,-2.4353098248975483e-08,0.9611980359536053
4597.480000000447,4.139423353078671e-05,0.07195811557968876,0.6311085921673691,-1.4657108153134344,1.2165157970037201,-2.4333802640939853e-08,0.9610281550411842
4592.5099999997765,4.1346055620096325e-05,0.07186891268515058,0.640524765860365,-1.4678931239504476,1.2165157970037201,-2.4327580351517783e-08,0.9608586338462128
4599.069999998435,4.1282810746354846e-05,0.07180527940103881,0.641016912410799,-1.4690114858853278,1.2165157970037201,-2.429233721978718e-08,0.9606894615107201
4600.0,4.118061979649244e-05,0.07168403793800358,0.6478915208640821,-1.4708000453595937,1.2165157970037201,-2.4265844173006897e-08,0.9605206271767344
4589.9399999994785,4.105777024863131e-05,0.07149748189092928,0.6667265514770855,-1.476525515354464,1.2165157970037201,-2.4259038302164854e-08,0.9603521199862847
4590.889999998733,4.1043438162588934e-05,0.07149451244604896,0.6692847181446715,-1.4776242191484732,1.2165157970037201,-2.4261175651533443e-08,0.9601839290813996
4562.799999998882,4.128756136934861e-05,0.07176591096020593,0.6515670356627514,-1.4723655844271777,1.2165157970037201,-2.440660925760358e-08,0.960016043604108
4588.540000000969,4.0807961996988604e-05,0.07119500003232133,0.6926370673543865,-1.4845695408277846,1.2165157970037201,-2.420876342549593e-08,0.9598484526964385
4555.699999999255,4.1059687982655066e-05,0.07141553429325014,0.6725751830767783,-1.4779645753187605,1.2165157970037201,-2.4337997826280384e-08,0.9596811455004198
4590.470000000671,4.077231004336046e-05,0.07115951254552648,0.6969157933219563,-1.4857434015673276,1.2165157970037201,-2.4198652146379157e-08,0.9595141111580808
4585.030000001192,4.065186745493801e-05,0.07101528805711727,0.72178645573827,-1.4927785677098777,1.2165157970037201,-2.420043223252185e-08,0.95934733881145
4530.720000000671,4.086679401293783e-05,0.07099565464676984,0.6858481303266188,-1.48108709429422,1.2165157970037201,-2.4269703022176215e-08,0.9591808176025564
4553.129999998957,4.073728977372299e-05,0.07100327675465581,0.7094669319656588,-1.4893040425841573,1.2165157970037201,-2.4264897086487122e-08,0.9590145366734284
4561.5800000000745,4.055193963375648e-05,0.07079560421606859,0.7136781633100702,-1.4914235077933964,1.2165157970037201,-2.4192773790763937e-08,0.9588484851660949
4566.819999998435,4.040086294148728e-05,0.07064596884443274,0.7455257392974657,-1.5000189659486953,1.2165157970037201,-2.4169822487470995e-08,0.9586826522225846
4571.709999999031,4.0293238804209055e-05,0.07053813895460066,0.7449424009236796,-1.5012732435393354,1.2165157970037201,-2.4131949431667764e-08,0.9585170269849264
4572.5800000000745,4.0103993057640235e-05,0.07025662619649728,0.7632728774823914,-1.5056038174186712,1.2165157970037201,-2.405539217807491e-08,0.9583515985951487
4571.60000000149,3.994382129238695e-05,0.070081042025885,0.7896855923996848,-1.5129931762527227,1.2165157970037201,-2.4037707130322262e-08,0.9581863561952806
4566.4199999999255,3.987697535931644e-05,0.06997024608825045,0.790382334179097,-1.5133715149294251,1.2165157970037201,-2.4019555672802392e-08,0.9580212889273506
4566.279999999329,3.973136403274274e-05,0.06981931881861947,0.8035880327893787,-1.5184237249953831,1.2165157970037201,-2.3997477518528404e-08,0.9578563859333874
4566.089999999851,3.957652050475084e-05,0.06962320288006334,0.8273329205838391,-1.5243069057843697,1.2165157970037201,-2.3961244808859644e-08,0.9576916363554199
4558.710000000894,3.9456394234175046e-05,0.06943339470112701,0.8215188131501794,-1.523982241667323,1.2165157970037201,-2.392137691593306e-08,0.9575270293354765
4563.25,3.94201477798364e-05,0.06941409348056084,0.82976861652027,-1.5267553327682195,1.2165157970037201,-2.3912878868642774e-08,0.9573625540155863
4561.929999999702,3.926709391897031e-05,0.06921857348875876,0.8532984225947673,-1.5324127777853016,1.2165157970037201,-2.387955762358794e-08,0.957198199537778
4563.550000000745,3.923315596326911e-05,0.06918838325491003,0.8626388574368113,-1.5350979297040694,1.2165157970037201,-2.3874840184810607e-08,0.9570339550440801
4552.359999999404,3.92080363475005e-05,0.06915968464104273,0.8723083751820893,-1.5375671711771148,1.2165157970037201,-2.3911620934269692e-08,0.9568698096765214
4554.050000000745,3.898314490273668e-05,0.06884520571307955,0.8826544084566414,-1.5412145196184612,1.2165157970037201,-2.3819270797628672e-08,0.9567057525771305
4556.9900000002235,3.894141726215733e-05,0.06879282200147724,0.8856478132186707,-1.5421661741657808,1.2165157970037201,-2.3797087663811068e-08,0.9565417728879365
4545.549999998882,3.887491863670302e-05,0.06868895153446972,0.9098284374207593,-1.5481659612161167,1.2165157970037201,-2.3816131114962993e-08,0.956377859750968
4542.299999998882,3.8693436204549156e-05,0.06842656110436833,0.9107858479277788,-1.549822936350762,1.2165157970037201,-2.3746978076348847e-08,0.9562140023082534
4545.4399999994785,3.856800988389902e-05,0.06827713971444303,0.9373497050875232,-1.5568005887809309,1.2165157970037201,-2.3713535562766163e-08,0.9560501897018219
4539.339999999851,3.853928896606217e-05,0.06827306142116882,0.9440537888923584,-1.5591522379905096,1.2165157970037201,-2.374444205514712e-08,0.955886411073702
4535.39999999851,3.834020771895566e-05,0.06792934512929394,0.94695199401656,-1.5602462202222447,1.2165157970037201,-2.3640744019575445e-08,0.9557226555659223
4532.779999999329,3.828159053345823e-05,0.0678717501475033,0.9633899782068336,-1.564813322860891,1.2165157970037201,-2.3646548167166116e-08,0.9555589123205116
4533.129999998957,3.815012446724399e-05,0.06773265998388188,0.9914460152006521,-1.5721639883786465,1.2165157970037201,-2.362954579198292e-08,0.9553951704794987
4528.8100000005215,3.797817244833209e-05,0.06745227524485509,0.9909936573500744,-1.5729219605454816,1.2165157970037201,-2.3549309291595794e-08,0.9552314191849125
4530.970000000671,3.791227244281065e-05,0.06739563144474091,1.0043886754900715,-1.5764057506546894,1.2165157970037201,-2.354071407333558e-08,0.9550676475787814
4534.179999999702,3.787607379182698e-05,0.06736741183698046,1.0148929401523805,-1.5794792509709576,1.2165157970037201,-2.353238828178387e-08,0.9549038448031344
5572.230000000447,6.239730313075138e-05,0.1143850405247725,-0.5731616244141895,-0.970149652783625,3.9873002922027294,-2.2554877839717305e-08,0.9544132256142708
4601.290000000969,3.995379235086186e-05,0.07123708978469652,0.742811663140416,-1.500794214613205,1.1999244167935825,-2.355052442141227e-08,0.9542505519771788
4599.340000001714,4.0956208597681885e-05,0.07134858598146238,0.6596117793958354,-1.4751040265660469,1.2165157970037201,-2.417488281991563e-08,0.9540883453246168
4589.0099999997765,4.078633277216265e-05,0.07115710101582896,0.6955048624986429,-1.484969333130773,1.2165157970037201,-2.4196379036714328e-08,0.9539265991170963
4588.949999999255,4.065571271003571e-05,0.07101261760693982,0.7113499976510598,-1.4904838079738503,1.2165157970037201,-2.4176061532332898e-08,0.9537653068151284
4583.229999998584,4.066991986241083e-05,0.07103434954943416,0.708494204856764,-1.4902972999843285,1.2165157970037201,-2.420124780044917e-08,0.9536044618792243
4577.6500000003725,4.053919707839537e-05,0.07080341117649329,0.7100599768954114,-1.4901128219989492,1.2165157970037201,-2.4143305312348747e-08,0.9534440577698955
4588.449999999255,4.042980687379712e-05,0.07072050236111928,0.7272427297949902,-1.4951682844136132,1.2165157970037201,-2.411130114004691e-08,0.9532840879476528
4590.75,4.0370332292974795e-05,0.07068626858267789,0.7400757194200618,-1.4989266563461394,1.2165157970037201,-2.4114634006948523e-08,0.9531245458730081
4583.140000000596,4.0165572906400345e-05,0.0703381353463134,0.7454438202129019,-1.5010018058493497,1.2165157970037201,-2.402862222471791e-08,0.9529654250064721
4585.359999999404,4.014223631415699e-05,0.07035736714753761,0.7507358971393945,-1.5033097304795018,1.2165157970037201,-2.4042997761374684e-08,0.9528067188085564
4587.7599999997765,4.007000897442205e-05,0.07026808055750422,0.7628803868548508,-1.5055471535772,1.2165157970037201,-2.4020382139569743e-08,0.9526484207397721
4584.910000000149,3.994281859393026e-05,0.07011892896939448,0.7865289351180333,-1.512540737882964,1.2165157970037201,-2.4009703851348166e-08,0.9524905242606305
4590.38000000082,3.9848204231949524e-05,0.07001559229012692,0.7854927879655929,-1.5124766080243184,1.2165157970037201,-2.396712824070903e-08,0.9523330228316429
4586.110000001267,3.976035577180281e-05,0.06987616904871845,0.7855311506538882,-1.5131263784180273,1.2165157970037201,-2.3937480819350642e-08,0.9521759099133205
4588.2599999997765,3.972559416108804e-05,0.0698448061581608,0.7955670994608979,-1.5160276970031759,1.2165157970037201,-2.3931350655848922e-08,0.9520191789661746
4590.3300000000745,3.968171235592709e-05,0.06982726805161633,0.8038506542237318,-1.5187293982992458,1.2165157970037201,-2.3935051644254486e-08,0.9518628234507166
4586.279999999329,3.961192414085579e-05,0.06976134153926523,0.8128797137364896,-1.5213708982253922,1.2165157970037201,-2.394361362422856e-08,0.9517068368274574
4589.700000001118,3.956937770886935e-05,0.06965325113126095,0.821560258700841,-1.5227826152592003,1.2165157970037201,-2.3893642419480412e-08,0.9515512125569087
4581.5999999996275,3.954904553992614e-05,0.06966264021165225,0.8328972962525976,-1.5260203050498808,1.2165157970037201,-2.3941651980941605e-08,0.9513959440995813
4588.589999999851,3.948790550116084e-05,0.06956071360305173,0.8227908849412295,-1.5237686203661729,1.2165157970037201,-2.3876555026150957e-08,0.9512410249159868
4585.5099999997765,3.9437383940346206e-05,0.06948277926397363,0.8247448061497282,-1.524831752171588,1.2165157970037201,-2.3863935126170703e-08,0.9510864484666364
4587.960000000894,3.9384808037944526e-05,0.06943476030739525,0.8253117301057777,-1.52557617851566,1.2165157970037201,-2.3847696236759273e-08,0.9509322082120414
4580.910000000149,3.9351129298865075e-05,0.06939729965128273,0.8365820278859326,-1.5288572550044186,1.2165157970037201,-2.387076125882939e-08,0.9507782976127127
4580.529999999329,3.922792261427917e-05,0.0692308075776518,0.8527392595214613,-1.5322517450328688,1.2165157970037201,-2.383512908117624e-08,0.950624710129162
4581.370000001043,3.919532314034962e-05,0.06920060931324745,0.8620778341540061,-1.5349363461661563,1.2165157970037201,-2.3832609369361495e-08,0.9504714392219004
4585.700000001118,3.9188326597531305e-05,0.06920060931324745,0.8620778341540061,-1.5349363461661563,1.2165157970037201,-2.3819785255091342e-08,0.9503184783514392
4576.7599999997765,3.914257666498366e-05,0.0691501536931169,0.8779638212151033,-1.5393099741592924,1.2165157970037201,-2.3848936530714346e-08,0.9501658209782897
4580.2599999997765,3.9182071295900057e-05,0.06918832308853781,0.8667708635564435,-1.5364033871608145,1.2165157970037201,-2.3837085594353246e-08,0.950013460562963
4579.760000001639,3.909839943239066e-05,0.06909278642510523,0.8706657434901275,-1.5384447326873565,1.2165157970037201,-2.381787689521231e-08,0.9498613905659704
4580.0800000000745,3.8927767527096446e-05,0.06883876239547473,0.8862277626936206,-1.5425289193869918,1.2165157970037201,-2.3747525849706487e-08,0.9497096044478234
4572.410000000149,3.891688636793041e-05,0.06879282200147724,0.8856478132186707,-1.5421661741657808,1.2165157970037201,-2.3752890242606034e-08,0.9495580956690328
4577.11999999918,3.8851495180026125e-05,0.0687542850401222,0.8991860868725361,-1.5460971848618097,1.2165157970037201,-2.374572707152081e-08,0.9494068576901104
4578.090000001714,3.8838373717316076e-05,0.0687585433258736,0.9002679630487389,-1.5467414390976,1.2165157970037201,-2.374953712931745e-08,0.9492558839715669
4562.229999998584,3.879993053152555e-05,0.06864535008874727,0.9012747112639614,-1.5471217338681813,1.2165157970037201,-2.3756710847432762e-08,0.9491051679739142
4573.6699999999255,3.8721568192631025e-05,0.06854586504794546,0.90630106804816,-1.5482737162292401,1.2165157970037201,-2.3693589416978532e-08,0.9489547031576631
4562.1500000003725,3.8620559712795324e-05,0.06840642811867614,0.9187790192582854,-1.5522307126169992,1.2165157970037201,-2.3698880057848652e-08,0.948804482983325
4575.530000001192,3.858782271822634e-05,0.06841093117450472,0.9198127788240011,-1.5528559142930074,1.2165157970037201,-2.3666926911449752e-08,0.948654500911411
4567.480000000447,3.851141754127041e-05,0.06829055842521539,0.938440506219254,-1.557624142899685,1.2165157970037201,-2.3666126672132534e-08,0.9485047504024325
4566.199999999255,3.849722623730803e-05,0.06827306142116882,0.9440537888923584,-1.5591522379905096,1.2165157970037201,-2.3668893318753395e-08,0.9483552249169009
4558.550000000745,3.841311528502306e-05,0.06812671846443698,0.9518267943951875,-1.561421019322391,1.2165157970037201,-2.3648410205542877e-08,0.9482059179153273
4572.289999999106,3.8342918602288236e-05,0.06807426428474524,0.9686948736050836,-1.5654404254935643,1.2165157970037201,-2.3606494224849354e-08,0.9480568228582229
4562.640000000596,3.822489976247062e-05,0.06788094954954876,0.9633807687407003,-1.5649794962336159,1.2165157970037201,-2.3571848378587304e-08,0.9479079332060991
4566.720000000671,3.821839018243305e-05,0.06788094954954876,0.9633807687407003,-1.5649794962336159,1.2165157970037201,-2.3560116608290922e-08,0.9477592424194672
4563.9199999999255,3.8127865586829985e-05,0.06779118507120238,0.9856958892751853,-1.5711109871793705,1.2165157970037201,-2.3563062808128996e-08,0.9476107439588383
4562.089999999851,3.814238244485622e-05,0.06778618367707627,0.984763599808602,-1.5705284235272607,1.2165157970037201,-2.3561707338315407e-08,0.9474624312847236
4570.8499999996275,3.807545736200933e-05,0.06777215324052072,0.9960675734213527,-1.5742956496097775,1.2165157970037201,-2.3551674666696562e-08,0.9473142978576347
4562.769999999553,3.8022049541963735e-05,0.06764676715396674,1.000007111606327,-1.574543198086527,1.2165157970037201,-2.353234851251131e-08,0.9471663371380825
4560.870000001043,3.782348929379486e-05,0.0673726502785101,1.0157776611611329,-1.5800415747012553,1.2165157970037201,-2.3464918536200343e-08,0.9470185425865786
4564.890000000596,3.780685359185513e-05,0.06738239832530686,1.0156443884472868,-1.5801419168610245,1.2165157970037201,-2.346163500465717e-08,0.9468709076636339
4553.0,3.775686173882477e-05,0.06730222335996934,1.0284529918320446,-1.5835180248457048,1.1348667128189127,-2.348132627814081e-08,0.94672342582976
4550.739999998361,3.77209402370687e-05,0.06724120911699369,1.0300194800159508,-1.5841835705382932,1.1348667128189127,-2.3468535529812105e-08,0.9465760905454679
4556.4900000002235,3.76379763077602e-05,0.06713868590638265,1.0328607113739476,-1.585511452391722,1.1452970318757865,-2.3422860577410143e-08,0.9464288952712689
4558.220000000671,3.752644599251227e-05,0.06699429746397798,1.0373792844187664,-1.58694641221507,1.1452970318757865,-2.337838405502661e-08,0.9462818334676744
4555.5099999997765,3.737190342490389e-05,0.06679147275335713,1.0688836476181285,-1.5949795641474884,1.1452970318757865,-2.3344747765237772e-08,0.9461348985951956
4561.660000000149,3.738684069579612e-05,0.06684168131321253,1.0720810641279508,-1.5958232437688227,1.1452970318757865,-2.33476755628062e-08,0.9459880841143437
4547.120000001043,3.729883733736702e-05,0.06669280785659343,1.0828424059631452,-1.5990190198945111,1.1452970318757865,-2.3349434209561558e-08,0.9458413834856301
4552.050000000745,3.715705421370243e-05,0.06649152603322901,1.0892675000599894,-1.601066945831965,1.1452970318757865,-2.3274794976445545e-08,0.9456947901695658
4540.549999998882,3.709446043899512e-05,0.06641818710389774,1.1066861106862138,-1.6060756322547411,1.1452970318757865,-2.3300540426192843e-08,0.9455482976266624
4550.4000000003725,3.6933633079908246e-05,0.06621783075640025,1.126942185574654,-1.610473180729033,1.1452970318757865,-2.3223204479223777e-08,0.9454018993174308
4542.290000000969,3.6945802849172925e-05,0.06621783075640025,1.126942185574654,-1.610473180729033,1.1452970318757865,-2.3245666205287284e-08,0.9452555887023826
4541.3499999996275,3.680349743811239e-05,0.06604045238035021,1.1282263858780563,-1.6129719663428952,1.1452970318757865,-2.319838600573501e-08,0.9451093592420289
4535.970000000671,3.671065143999804e-05,0.0658692464798436,1.1479905884554293,-1.6167679254363538,1.1452970318757865,-2.316441239312728e-08,0.944963204396881
4527.0099999997765,3.655578900053969e-05,0.06569295466274855,1.1660444446512308,-1.622541537062809,1.1452970318757865,-2.3154018708059973e-08,0.94481711762745
4537.279999999329,3.651397097045026e-05,0.065634898266778,1.1550406445074737,-1.6204593126955924,1.1452970318757865,-2.3098884457385735e-08,0.9446710923942475
4536.970000000671,3.6399680625282414e-05,0.06551816520819194,1.1853690331234183,-1.627957871931225,1.1452970318757865,-2.3086517177641095e-08,0.9445251221577844
4531.160000000149,3.623778368713021e-05,0.06526698884955183,1.210597671373713,-1.6331313527967317,1.1452970318757865,-2.303419529431803e-08,0.9443792003785721
4529.9000000003725,3.609006437161397e-05,0.06512418223619704,1.2149476402856179,-1.6367599196697935,1.1452970318757865,-2.300679690967526e-08,0.9442333205171219
4530.6899999994785,3.607036207310113e-05,0.065096832448435,1.2216862067981147,-1.6381914221701308,1.1452970318757865,-2.2999001848159733e-08,0.9440874760339453
4530.5,3.597555828379508e-05,0.06495813068358453,1.2350925392332082,-1.6414981591912512,1.1452970318757865,-2.2961253865353285e-08,0.943941660389553
4517.279999999329,3.5934262002977736e-05,0.0648579248533379,1.2456472634659637,-1.643587389616418,1.1452970318757865,-2.2967106012525103e-08,0.9437958670444567
4523.469999998808,3.5829061561654814e-05,0.06477576778786145,1.2538079261387072,-1.6462424027021694,1.1452970318757865,-2.2938198626399036e-08,0.9436500894591675
4520.75,3.570306899933824e-05,0.06459795965995695,1.274255281488931,-1.652121123212781,1.1452970318757865,-2.2898956914845788e-08,0.9435043210941967
4414.940000001341,3.2797700535392876e-05,0.059485881083742774,1.699523319248014,-1.7624129570598566,1.096886411355922,-2.2359505990107837e-08,0.9433585554100554
4519.8300000000745,3.5484123245407086e-05,0.06430485038886083,1.3027192319355674,-1.659689371457111,1.1452970318757865,-2.2824204604087373e-08,0.9432127858672552
4521.9199999999255,3.530134827291568e-05,0.06401973417999597,1.3150150194621153,-1.6629690273590993,1.1452970318757865,-2.272824513880146e-08,0.9430670059263071
4509.049999998882,3.52569208874495e-05,0.06397134534287113,1.3318456405986705,-1.6673750476084843,1.1452970318757865,-2.2760313329221286e-08,0.9429212090477225
4514.299999998882,3.5249512326915274e-05,0.06397134534287113,1.3318456405986705,-1.6673750476084843,1.1452970318757865,-2.2746722230903295e-08,0.9427753886920125
4514.209999999031,3.502571660205462e-05,0.06366770958102123,1.3508481726678534,-1.6732579846776432,1.1452970318757865,-2.2659863513444283e-08,0.9426295383196884
4501.809999998659,3.498387575535504e-05,0.06357559763184364,1.3588010129547836,-1.6751551381274707,1.1452970318757865,-2.2664163990786223e-08,0.9424836513912617
4494.219999998808,3.599488438297213e-05,0.06383437581923941,1.2654054220038349,-1.6482517440080913,1.1617288892779352,-2.3384756411707725e-08,0.9423377213672435
4507.4000000003725,3.482868968716216e-05,0.06337920178766422,1.3848407597713903,-1.681736694623577,1.1452970318757865,-2.2599446530276525e-08,0.9421917417081448
4502.61999999918,3.4614816906557066e-05,0.06309171334115063,1.4116265521717768,-1.6892171601495947,1.1452970318757865,-2.2533665851084307e-08,0.9420457058744772
4497.839999999851,3.578258381162631e-05,0.06357695325750716,1.295886345560879,-1.6572865476641019,1.1617288892779352,-2.330712189051861e-08,0.9418996073267519
4491.430000001565,3.566485270187104e-05,0.06342644947302051,1.3207288106739172,-1.6628662859167183,1.1617288892779352,-2.329393373278798e-08,0.9417534395254802
4495.3100000005215,3.561812841087211e-05,0.06336888780804807,1.316356695247256,-1.662529760685434,1.1617288892779352,-2.3260368805710514e-08,0.9416071959311731
4489.640000000596,3.554422660505161e-05,0.06324297520708114,1.321354884410792,-1.6644468610727592,1.1617288892779352,-2.3236813825289977e-08,0.9414608700043422
4490.1500000003725,3.535835165671033e-05,0.0630197154949371,1.3531635452623272,-1.672117896833148,1.1617288892779352,-2.318105622923155e-08,0.9413144552054985
4486.0600000005215,3.5210969382761335e-05,0.06275979820339939,1.353453774320002,-1.6729522528826386,1.1617288892779352,-2.309986077401223e-08,0.9411679449951534
4483.450000001118,3.511622824850308e-05,0.06268365480498209,1.3753172065726726,-1.6786531493950152,1.1617288892779352,-2.3102101020607613e-08,0.9410213328338182
4470.4199999999255,3.512052031262662e-05,0.06267666047354432,1.379861320944273,-1.6801929537299432,1.1617288892779352,-2.314415052936548e-08,0.9408746121820041
4478.639999998733,3.492292408798552e-05,0.062456991965757054,1.4102332998412788,-1.6877443772316767,1.1617288892779352,-2.306417419824914e-08,0.9407277765002222
4474.0800000000745,3.4849518967811e-05,0.06234160605414847,1.4212090376636732,-1.690590489467399,1.1617288892779352,-2.304347754374438e-08,0.9405808192489841
4483.5800000000745,3.4785729380546784e-05,0.06224309906843107,1.414413809871374,-1.6892132714965598,1.1617288892779352,-2.2973618039673387e-08,0.9404337338888007
4477.839999999851,3.4685842329297733e-05,0.06212198145350931,1.4409166833664155,-1.6956113898317677,1.1617288892779352,-2.2966255605111643e-08,0.9402865138801836
4470.340000001714,3.464705455296065e-05,0.06208270936365759,1.44872943536219,-1.6975783661912878,1.1617288892779352,-2.2983952046733455e-08,0.9401391526836438
4462.910000000149,3.461486759987529e-05,0.06201301094584956,1.4473492917374564,-1.6978008230211155,1.1617288892779352,-2.2980867328883765e-08,0.9399916437596927
4470.540000000969,3.445718054892801e-05,0.06178402854763422,1.4625230883980684,-1.701617807681643,1.1617288892779352,-2.288271562897575e-08,0.9398439805688414
4466.5099999997765,3.423947616627691e-05,0.06151826640477841,1.5019288518793807,-1.7112365029151992,1.0783048250021536,-2.282736491817533e-08,0.9396961565716014
4466.5999999996275,3.423946484980505e-05,0.06151826640477841,1.5019288518793807,-1.7112365029151992,1.0783048250021536,-2.282714971411495e-08,0.9395481652284838
5599.029999999329,6.132483008822548e-05,0.11357687216401423,-0.5264764745953832,-0.9943077200647437,3.924359258745557,-2.256687223132651e-08,0.9391030700491059
4559.820000000298,3.769539616917155e-05,0.06719496121146974,1.0149678923309242,-1.5806874295565683,1.1348667128189127,-2.3414398107264237e-08,0.938954300448507
4545.890000000596,3.737725525846847e-05,0.0667478445015712,1.0721860147855953,-1.5950810024924094,1.1452970318757865,-2.3353821498591175e-08,0.938805337819162
4551.410000000149,3.722985122488811e-05,0.06659155188617173,1.0653267804510582,-1.5956038745471155,1.1452970318757865,-2.3294658079019156e-08,0.9386561897020868
4551.569999998435,3.7074371086699744e-05,0.06640247451448347,1.104459006882272,-1.6051681815262577,1.1452970318757865,-2.3262223389553726e-08,0.9385068636382974
4545.449999999255,3.685182614780098e-05,0.06605327510908492,1.1163950594108707,-1.608692844337697,1.1452970318757865,-2.3172993628212053e-08,0.9383573671688101
4546.25,3.672781586550371e-05,0.06595833770398898,1.1443418468228668,-1.6162055858515747,1.1452970318757865,-2.3170536468440547e-08,0.9382077078346412
4545.959999999031,3.662164252350513e-05,0.06582601180222934,1.156083542476086,-1.6196581263968262,1.1452970318757865,-2.3139361449388518e-08,0.9380578931768063
4545.0800000000745,3.653373943980202e-05,0.06570949859316699,1.1772892805263417,-1.6246619097031898,1.1452970318757865,-2.3117572839693766e-08,0.9379079307363218
4545.080000001937,3.6481565141900195e-05,0.0655970021990512,1.1594150319546968,-1.6211289504691615,1.1452970318757865,-2.3066460409178198e-08,0.9377578280542039
4542.380000002682,3.640792516847214e-05,0.06553392748930836,1.179417413588939,-1.6263127615473159,1.1452970318757865,-2.3072628134820528e-08,0.9376075926714685
4548.530000001192,3.6293390900837686e-05,0.06540762388127738,1.1909762895561453,-1.6296980631488152,1.1452970318757865,-2.3025823819911436e-08,0.9374572321291319
4545.219999998808,3.6177765733450405e-05,0.06526524547123064,1.2181282723401203,-1.6358084177152836,1.1452970318757865,-2.3008621662693414e-08,0.9373067539682102
4548.95000000298,3.6172275586806575e-05,0.06526524547123064,1.2181282723401203,-1.6358084177152836,1.1452970318757865,-2.2998295485566084e-08,0.9371561657297193
4552.019999999553,3.615500984014588e-05,0.06526731484195601,1.2198959722793195,-1.6366647584286478,1.1452970318757865,-2.2994791163514782e-08,0.9370054749546753
4549.019999999553,3.606210048744018e-05,0.06512418223619704,1.2149476402856179,-1.6367599196697935,1.1452970318757865,-2.2954597831116308e-08,0.9368546891840945
4544.209999997169,3.595442687259317e-05,0.06495377990936588,1.232408771682091,-1.6409650703836354,1.1452970318757865,-2.2920892013508676e-08,0.9367038159589931
4553.770000003278,3.592768793838984e-05,0.06495577375369183,1.228279498106943,-1.6399141969118836,1.1452970318757865,-2.2896895785737838e-08,0.936552862820387
4549.25,3.5835835978737716e-05,0.06485773943391289,1.2539371683130671,-1.6462514008071665,1.1452970318757865,-2.2897764562002025e-08,0.9364018373092923
4550.170000001788,3.573484707769021e-05,0.06470499482440789,1.250424986383905,-1.646901167272757,1.1452970318757865,-2.284285296131489e-08,0.9362507469667252
4548.269999999553,3.576415468718732e-05,0.0647635205846617,1.2617894040602158,-1.6490280817246787,1.1452970318757865,-2.2875422822820954e-08,0.9360995993337019
4556.570000000298,3.570919537886257e-05,0.06468977417270987,1.256460441074454,-1.648578409925251,1.1452970318757865,-2.2824010835998268e-08,0.9359484019512382
4547.020000003278,3.5650212407194886e-05,0.06459143638303817,1.2711086555262696,-1.6519210341511146,1.1452970318757865,-2.28271053091055e-08,0.9357971623603504
4543.929999999702,3.5560823887364234e-05,0.06445861496711107,1.2803258881528539,-1.6539125151527045,1.1452970318757865,-2.2798099705956068e-08,0.9356458881020548
4542.260000001639,3.5451977094474344e-05,0.06430485038886083,1.3027192319355674,-1.659689371457111,1.1452970318757865,-2.276402534591787e-08,0.9354945867173672
4540.309999998659,3.5345835839811685e-05,0.06416773809630458,1.3054487968559503,-1.6612032215802965,1.1452970318757865,-2.272988239903209e-08,0.9353432657473039
4540.239999998361,3.539461108431282e-05,0.06421114568626139,1.2976756925562052,-1.6591003714162562,1.1452970318757865,-2.2736119109275334e-08,0.9351919327328809
4544.529999997467,3.534765084463789e-05,0.06420770239759828,1.3058177655623373,-1.6621572565704725,1.1452970318757865,-2.2735477793249867e-08,0.9350405952151144
4539.429999999702,3.5233505608675546e-05,0.06400392419745414,1.3254036283561321,-1.6661781007734415,1.1452970318757865,-2.2688210168169797e-08,0.9348892607350203
4533.589999999851,3.520938835737063e-05,0.06397443262430881,1.333394370362993,-1.6681542046188733,1.1452970318757865,-2.270077331306206e-08,0.9347379368336151
4533.789999999106,3.5194034920074694e-05,0.06396595851145066,1.3381314106779767,-1.6696977825382648,1.1452970318757865,-2.2701490970996798e-08,0.9345866310519144
4529.890000000596,3.5164802812177085e-05,0.06392586478659605,1.3462906775812336,-1.6717049519331937,1.1452970318757865,-2.2704117326517947e-08,0.9344353509309348
4535.439999997616,3.506300531190572e-05,0.06379473181686383,1.355550214333209,-1.6740038277774307,1.1452970318757865,-2.265150118998827e-08,0.9342841040116922
4534.089999999851,3.4945504620056216e-05,0.06361149134894878,1.3537371252766555,-1.6746952993370179,1.1452970318757865,-2.2593280583973044e-08,0.9341328978352026
4533.60000000149,3.4926487976177766e-05,0.0635789369295492,1.360294291426814,-1.6759144145006775,1.1452970318757865,-2.258629582277853e-08,0.9339817399424822
4533.209999997169,3.488531447915827e-05,0.06357078844395253,1.3696189168130912,-1.6790589882709923,1.1452970318757865,-2.2596441732822043e-08,0.9338306378745473
4531.189999997616,3.482670958867858e-05,0.06346365513161227,1.3851045573439134,-1.6817333492872704,1.1452970318757865,-2.2571052410716357e-08,0.9336795991724137
4535.879999995232,3.4824736690623906e-05,0.06348557419886715,1.3891592609579533,-1.6831396127997504,1.1452970318757865,-2.256929231840163e-08,0.9335286313770975
4524.940000001341,3.4665016208996237e-05,0.06322815974717187,1.395147216900014,-1.6859455285559157,1.1452970318757865,-2.251639249057355e-08,0.9333777420296153
4533.870000001043,3.467917783502155e-05,0.06328745924499843,1.4071854934185373,-1.688159411263922,1.1452970318757865,-2.2520062190424216e-08,0.9332269386709826
4535.199999999255,3.4582245654928794e-05,0.06315198324656243,1.4150018179956678,-1.6902682698965688,1.1452970318757865,-2.24758428666417e-08,0.9330762288422159
4530.480000000447,3.446479612384602e-05,0.06300583647692698,1.4368774376288567,-1.6961824609572989,1.1452970318757865,-2.2454411959327833e-08,0.9329256200843311
4531.629999998957,3.4395934068229514e-05,0.06287649230035257,1.4372509777145996,-1.6960233456369809,1.1452970318757865,-2.240466994208694e-08,0.9327751199383444
4529.089999999851,3.431018623388212e-05,0.06276832871545755,1.4513439587137453,-1.699474702243767,1.1452970318757865,-2.2384720477598407e-08,0.9326247359452718
4528.370000001043,3.4268143369531875e-05,0.06275724488363003,1.4617895002854375,-1.7030776622580137,1.1452970318757865,-2.2393896378439076e-08,0.9324744756461297
4520.680000003427,3.416292975901477e-05,0.06258534228859192,1.474362355291082,-1.7059625278653872,1.1452970318757865,-2.2362408790451077e-08,0.932324346581934
4511.150000002235,3.413772146064987e-05,0.06253065853038996,1.4794024974107476,-1.7072846502920354,1.1452970318757865,-2.2371216043024392e-08,0.9321743562937006
4525.570000000298,3.395787023480221e-05,0.06228323000660381,1.4791979039160559,-1.708404901915279,1.1452970318757865,-2.224994866650668e-08,0.9320245123224461
4522.550000000745,3.384950261454164e-05,0.06212609897549542,1.5089058988076243,-1.7152941697824902,1.1452970318757865,-2.2218152363320002e-08,0.9318748222091862
4518.320000000298,3.3855271387109515e-05,0.06212609897549542,1.5089058988076243,-1.7152941697824902,1.1452970318757865,-2.2229166505912365e-08,0.931725293494937
4525.650000002235,3.37675823011801e-05,0.06207577208630611,1.5261616450517135,-1.719698844927533,1.1452970318757865,-2.220836666839481e-08,0.9315759337207151
4519.089999999851,3.369879475082648e-05,0.06196094081648557,1.537884291588016,-1.72285647440916,1.1452970318757865,-2.2191404031801792e-08,0.9314267504275361
4516.269999999553,3.356341484790829e-05,0.061810167143093696,1.561355745627993,-1.7286810011613971,1.1452970318757865,-2.2164157388821828e-08,0.9312777511564162
4511.699999999255,3.362525247683989e-05,0.06181553981057003,1.5503341188748259,-1.7251033272441019,1.1452970318757865,-2.216394989033074e-08,0.9311289434483717
4511.160000000149,3.3389274985824986e-05,0.061525466099196784,1.573930487861718,-1.7325188093561505,1.1452970318757865,-2.2084301845051917e-08,0.9309803348444187
4511.289999999106,3.320925424374457e-05,0.06130721383397809,1.611881621182051,-1.7412675685166938,1.0627951813612242,-2.2030310356464583e-08,0.9308319328855731
4506.779999997467,3.315723064762349e-05,0.0612274161200386,1.6090374734246424,-1.74187380685777,1.0627951813612242,-2.201433921490847e-08,0.930683745112851
4510.680000003427,3.30718798703443e-05,0.061168834155723474,1.6259067111092342,-1.7460417547775613,1.0627951813612242,-2.199780720420468e-08,0.9305357790672687
4504.490000002086,3.2973405285050194e-05,0.060978241824016274,1.6350391358284968,-1.7478285109003715,1.0627951813612242,-2.1948838874945325e-08,0.9303880422898423
4495.760000001639,3.397298559469355e-05,0.06126109876767006,1.5237721565807822,-1.7183029499696383,1.0783048250021536,-2.2665900973306237e-08,0.9302405423215877
4503.60000000149,3.2756376915441515e-05,0.06071169033391132,1.6700870957510343,-1.7566448318224521,1.0627951813612242,-2.1879560866684912e-08,0.9300932867035213
4494.949999999255,3.384343487801135e-05,0.06117263525750568,1.558454699442719,-1.727408370275484,1.0783048250021536,-2.266408958685667e-08,0.929946282976659
4503.289999999106,3.255822857837237e-05,0.06047883246796569,1.6971259485331416,-1.7639004920821086,1.0627951813612242,-2.181705901426937e-08,0.929799538682017
4497.720000002533,3.3638257781507436e-05,0.06088211861581173,1.5809282158002906,-1.731699992045633,1.0862293462325945,-2.2563860420284164e-08,0.9296530613606114
4496.820000000298,3.354521048553086e-05,0.06077206960803996,1.5902028645546054,-1.7355470517872509,1.0862293462325945,-2.2534817764181595e-08,0.9295068585534584
4487.690000001341,3.335493688830016e-05,0.06047218388775619,1.6175039536070264,-1.7416971759741473,1.0862293462325945,-2.246875888278467e-08,0.9293609378015737
4489.880000002682,3.3274020416068406e-05,0.06037470756873008,1.6209385266233536,-1.7439379680894362,1.0862293462325945,-2.2430730446740268e-08,0.9292153066459738
4489.620000001043,3.324108094536286e-05,0.06035016980232194,1.6295140151034646,-1.7458741685365544,1.0862293462325945,-2.2428928220464073e-08,0.9290699726276749
4486.660000000149,3.304167680392926e-05,0.06005207080300788,1.6593233404060808,-1.752991612111887,1.096886411355922,-2.2344172829925337e-08,0.9289249432876928
4481.64999999851,3.304892136942647e-05,0.06005207080300788,1.6593233404060808,-1.752991612111887,1.096886411355922,-2.2359716813524905e-08,0.9287802261670436
4482.719999998808,3.2999127739442505e-05,0.05995868142530219,1.6538036055448906,-1.7521054520220305,1.096886411355922,-2.2318961283718087e-08,0.9286358288067438
4478.330000001937,3.278883924336004e-05,0.059668702904288155,1.6843804738865735,-1.7596491396959937,1.096886411355922,-2.224429697766692e-08,0.9284917587478092
4473.759999997914,3.270944440707546e-05,0.05959789575768573,1.7137181180992807,-1.7669041954653322,1.096886411355922,-2.224873848235545e-08,0.9283480235312558
4473.60000000149,3.2606657553548225e-05,0.05944611086200986,1.719840976828431,-1.768946264247933,1.096886411355922,-2.2197643432397727e-08,0.9282046306981
4476.339999999851,3.253550248221371e-05,0.05932644480448919,1.7257664662033925,-1.769977230529007,1.096886411355922,-2.2147006853288975e-08,0.9280615877893578
4476.85000000149,3.238786829206154e-05,0.05917051426558765,1.7546500986046674,-1.7775583872855127,1.096886411355922,-2.210587190589706e-08,0.9279189023460451
4470.679999999702,3.230759231484571e-05,0.05901618544880336,1.761791595270358,-1.779302659992302,1.096886411355922,-2.2069406453313965e-08,0.9277765819091784
4481.410000000149,3.2273341149969325e-05,0.05899174182768928,1.770615580094569,-1.7812415361488094,1.096886411355922,-2.2031385687243928e-08,0.9276346340197735
4467.730000000447,3.216226393523266e-05,0.058848827864816614,1.788684868574812,-1.785959868797128,1.096886411355922,-2.2032794643654338e-08,0.9274930662188468
4465.75,3.208348611152338e-05,0.05873186429918588,1.803261014972633,-1.7898299416332417,1.096886411355922,-2.2001592022065324e-08,0.9273518860474141
4468.160000000149,3.20455728417941e-05,0.058704105313651986,1.8162899404560688,-1.7932463045742353,1.096886411355922,-2.199062830178488e-08,0.9272111010464916
4464.699999999255,3.186321051799871e-05,0.05842192444655223,1.831521180330701,-1.7964587462896249,1.096886411355922,-2.1904690936725306e-08,0.9270707187570953
4463.870000001043,3.177911242256432e-05,0.05828607195183839,1.8434189686501279,-1.7992616084031336,1.096886411355922,-2.1861222122378765e-08,0.9269307467202418
4456.640000000596,3.169572171819055e-05,0.05818316903899519,1.8666365484322993,-1.8048203213268104,1.096886411355922,-2.185568418725942e-08,0.9267911924769467
4460.580000001937,3.167727064089103e-05,0.05819210647535151,1.8665787813107135,-1.8049666253290144,1.096886411355922,-2.1850018635081378e-08,0.9266520635682262
4456.710000000894,3.15818157886093e-05,0.058051667807787415,1.888208551322549,-1.8098400213991432,1.096886411355922,-2.181807360594386e-08,0.9265133675350966
4357.199999999255,2.8655208450069396e-05,0.05293905396154564,2.388271589541999,-1.9291058483827097,1.0280267062388588,-2.098242931723829e-08,0.9263751119185739
4458.940000001341,3.140716088916647e-05,0.057775995884823156,1.9024050333979874,-1.813454032348442,1.096886411355922,-2.1714811008516713e-08,0.9262373042596741
4460.379999998957,3.136012985156576e-05,0.05777300658486696,1.912405688260785,-1.8168247692155088,1.096886411355922,-2.1717810441605863e-08,0.9260999520994135
4451.39999999851,3.1272729649872384e-05,0.057639358533678374,1.9340316935748012,-1.8216097922494876,1.096886411355922,-2.170299554666545e-08,0.925963062978808
4443.989999998361,3.116148167717142e-05,0.05747303505518148,1.9557244579812156,-1.8274277840228803,1.096886411355922,-2.1670785398362775e-08,0.9258266444388739
4448.990000002086,3.107324370112377e-05,0.057358487909512666,1.9567151678136963,-1.8278309402261486,1.096886411355922,-2.161624910623495e-08,0.9256907040206274
4446.429999999702,3.0997531685241496e-05,0.05725638584303741,1.967141512442887,-1.8303443348276422,1.096886411355922,-2.1590807075518946e-08,0.9255552492650841
4437.449999999255,3.094819192570809e-05,0.057165413853682685,1.994406357965711,-1.8356300685688036,1.096886411355922,-2.159055061777298e-08,0.9254202877132608
4448.940000001341,3.0876781603629434e-05,0.057109641139750845,1.9823923460999149,-1.8343444099448358,1.096886411355922,-2.15367277879551e-08,0.9252858269061731
4444.079999998212,3.0684156308624464e-05,0.05684556585599205,2.02855604346178,-1.8447901719786435,1.096886411355922,-2.1469395365673906e-08,0.9251518743848371
4439.389999996871,3.064691270926292e-05,0.05677536037660813,2.0339423399681884,-1.8460843388199528,1.096886411355922,-2.1457956690959942e-08,0.9250184376902695
4436.079999998212,3.059755647185973e-05,0.05672822317284257,2.041704724145376,-1.8479094852837907,1.096886411355922,-2.1454565745651375e-08,0.9248855243634857
4437.160000000149,3.0449591142721053e-05,0.056511843057868,2.0474655900375343,-1.850302242790098,1.096886411355922,-2.1374209520624305e-08,0.9247531419455021
4436.910000000149,3.0410342800257187e-05,0.056459125482436825,2.064434127902353,-1.8538660590698859,1.096886411355922,-2.1360489114185045e-08,0.9246212979773349
5466.150000002235,5.664393240420339e-05,0.10433825754133566,-0.40837973713038167,-1.0651992192808395,3.7373868454010015,-2.284755652342917e-08,0.9242288054909982
4520.480000000447,3.434066675300875e-05,0.06279809208907347,1.4369152050123963,-1.697233510025441,1.1452970318757865,-2.241147400695227e-08,0.9240988391520064
4515.719999998808,3.3898136751364254e-05,0.06218694027820953,1.5022207281162228,-1.7137406807362094,1.1452970318757865,-2.2253909476523884e-08,0.9239692872854793
4518.160000000149,3.384621915933275e-05,0.06214551274916499,1.5139922275812472,-1.7164762451280746,1.1452970318757865,-2.22424318725507e-08,0.9238401452880105
4513.830000001937,3.32893706767961e-05,0.06131828067441118,1.576378526277737,-1.7322607985874632,1.1452970318757865,-2.2001110804262814e-08,0.9237114085561939
4509.29999999702,3.329079869286094e-05,0.06135863094234859,1.5996931798938325,-1.7375706584171724,1.1452970318757865,-2.204026796367016e-08,0.9235830724866233
4503.070000000298,3.322830376892784e-05,0.061284251500374455,1.5986345726090123,-1.7391377017187908,1.0627951813612242,-2.2034015464186706e-08,0.9234551324758927
4496.570000000298,3.431472631136506e-05,0.06168998775629628,1.478037950918579,-1.705721116874309,1.0783048250021536,-2.2784077051837287e-08,0.9233275839205958
4505.690000001341,3.313546033093836e-05,0.061178277873982966,1.613304045500663,-1.742178574783329,1.0627951813612242,-2.200053382720486e-08,0.9232004222173265
4502.789999999106,3.304993386199375e-05,0.06107086313271076,1.645674585211804,-1.7497916744910387,1.0627951813612242,-2.1985628522438887e-08,0.9230736427626784
4508.10000000149,3.305568936083958e-05,0.061137036894962686,1.633546301945854,-1.7474736269482924,1.0627951813612242,-2.1996123548761194e-08,0.9229472409532457
4498.829999998212,3.409548306446607e-05,0.06146412095077271,1.512306143040247,-1.715242195436495,1.0783048250021536,-2.2724341717911964e-08,0.922821212185622
4509.570000000298,3.285180769054569e-05,0.060819518873801624,1.6454550939224752,-1.7515217109011543,1.0627951813612242,-2.1886952126243452e-08,0.9226955518564012
4502.679999999702,3.277847872124576e-05,0.06074920007620055,1.663744107094499,-1.75563233780007,1.0627951813612242,-2.1892992483093198e-08,0.9225702553621768
4515.829999998212,3.274018036943016e-05,0.06071169033391132,1.6700870957510343,-1.7566448318224521,1.0627951813612242,-2.1848445546188544e-08,0.9224453180995432
4513.25,3.272629591640973e-05,0.06069277816181327,1.6777821322765138,-1.7585365659542171,1.0627951813612242,-2.1851910571549894e-08,0.9223207354650939
4510.059999998659,3.254947458412778e-05,0.06047883246796569,1.6971259485331416,-1.7639004920821086,1.0627951813612242,-2.180004594486579e-08,0.9221965028554228
4517.939999997616,3.24695356671667e-05,0.060337694460452916,1.6941690752991754,-1.7630129113209492,1.0705510957569748,-2.1727229001348017e-08,0.9220726156671238
4509.820000000298,3.239882671063117e-05,0.0602768666036032,1.7236535533980764,-1.7711006044407502,1.0705510957569748,-2.1742688463667233e-08,0.9219490692967904
4497.029999997467,3.3528138154207626e-05,0.060760180356119915,1.5964227168261926,-1.7373599929673655,1.0862293462325945,-2.253356925075005e-08,0.9218258591410169
4505.64999999851,3.2278992420945226e-05,0.06006240202414721,1.7320163440130827,-1.7721726228131665,1.0705510957569748,-2.1680464305129493e-08,0.9217029805963968
4505.739999998361,3.219067697818938e-05,0.05996644143233252,1.7560782816030045,-1.7783033214401576,1.0809814148138484,-2.1658736756366833e-08,0.921580429059524
4507.820000000298,3.2132302327846565e-05,0.05990027945060758,1.7493083708750765,-1.778107056254662,1.0705510957569748,-2.1630210373275108e-08,0.9214581999269925
4505.60000000149,3.211541749014436e-05,0.05986887460242567,1.757481550049202,-1.7796451398736641,1.0705510957569748,-2.162747728790682e-08,0.921336288595396
4508.300000000745,3.194945461644488e-05,0.05960910285674293,1.7728757983302819,-1.783096309025534,1.0705510957569748,-2.153525161219027e-08,0.9212146904613281
4507.139999996871,3.194745662050721e-05,0.05958904126630946,1.7770572515800236,-1.7834391923868398,1.0809814148138484,-2.1531203110232965e-08,0.921093400921383
4509.129999998957,3.191357912097272e-05,0.059572466928197586,1.7879004255960442,-1.786782308421378,1.0809814148138484,-2.152661638749548e-08,0.9209724153721544
4503.859999999404,3.186112936227372e-05,0.0594869057179511,1.7827817789690164,-1.786262870251163,1.0809814148138484,-2.15090715299143e-08,0.9208517292102362
4506.089999999851,3.185828065830116e-05,0.0594869057179511,1.7827817789690164,-1.786262870251163,1.0809814148138484,-2.1503507956307063e-08,0.920731337832222
4505.289999999106,3.1644577035110866e-05,0.059173235380397406,1.8215047286935402,-1.7954382422465534,1.0809814148138484,-2.141030467781083e-08,0.9206112366347058
4501.539999999106,3.1666742998729475e-05,0.059191242132902624,1.8135272691216038,-1.7934635366832534,1.0809814148138484,-2.1422800296485555e-08,0.9204914210142814
4502.210000000894,3.1615988977203924e-05,0.05914931168729263,1.8303702312715977,-1.7973606463271448,1.0809814148138484,-2.1414762149829557e-08,0.9203718863675426
4495.260000001639,3.264814958311969e-05,0.05958896243805944,1.7221090369659873,-1.769691390691582,1.096886411355922,-2.2186064480808152e-08,0.9202526280910835
4499.25,3.2620856427650785e-05,0.05955146761152072,1.7291715909429781,-1.77084783739074,1.096886411355922,-2.2162054602138375e-08,0.9201336415814975
4497.269999999553,3.2485533559879145e-05,0.0592951065589375,1.7342435544060137,-1.771596704064993,1.096886411355922,-2.2074254067380933e-08,0.9200149222353786
4495.459999997169,3.245973044775888e-05,0.059299098574830324,1.7386630891385417,-1.773348217709277,1.096886411355922,-2.2087450343371085e-08,0.9198964654493207
4503.140000000596,3.1324620002100916e-05,0.058740858323936294,1.8694738488661446,-1.807468965451729,1.0809814148138484,-2.128530211259732e-08,0.9197782666199176
4495.359999999404,3.2361795928255606e-05,0.05917051426558765,1.7546500986046674,-1.7775583872855127,1.096886411355922,-2.204902938529323e-08,0.9196603211437632
4501.79999999702,3.127523465063057e-05,0.05869484735803462,1.8853376872338048,-1.8114335056992803,1.0809814148138484,-2.1279908820318037e-08,0.9195426244174512
4490.629999998957,3.217722365322548e-05,0.05893979569788328,1.7844446896626698,-1.7856004605873228,1.096886411355922,-2.1996225096151385e-08,0.9194251718375753
4492.699999999255,3.2163211760534655e-05,0.05888359104781231,1.779338088083522,-1.7838494745209996,1.096886411355922,-2.1964552871857026e-08,0.9193079588007297
4491.160000000149,3.206481184097657e-05,0.05874213278602693,1.7970328199472263,-1.7879843150444366,1.096886411355922,-2.1925301737095224e-08,0.9191909807035079
4493.040000002831,3.193695268417915e-05,0.058623815048334006,1.8246932514777043,-1.7948791966735076,1.096886411355922,-2.189235304399001e-08,0.9190742329425039
4493.900000002235,3.184322098842779e-05,0.05845287130886915,1.8226234130075838,-1.7947523439313953,1.096886411355922,-2.1824984378655875e-08,0.9189577109143117
4486.449999999255,3.1797419090511806e-05,0.05838774687815291,1.8468081765733944,-1.8002997960660285,1.096886411355922,-2.1833320521353997e-08,0.9188414100155248
4483.710000000894,3.172340951439094e-05,0.05829179059045578,1.847413843827832,-1.8008514105383064,1.096886411355922,-2.1809361319160803e-08,0.918725325642737
4484.890000000596,3.166813710583867e-05,0.058240812756446,1.8650135672538024,-1.805016347518075,1.096886411355922,-2.179547907579305e-08,0.9186094531925424
4484.720000002533,3.157272054928331e-05,0.05812462456374519,1.8950371565886641,-1.8120018002187122,1.096886411355922,-2.1765320922929024e-08,0.9184937880615347
4479.209999997169,3.145930252883277e-05,0.057960543800771584,1.8921260769162487,-1.8122255124742113,1.096886411355922,-2.1723719829745186e-08,0.9183783256463078
4478.429999999702,3.148814714698385e-05,0.058023699972115816,1.9070984934117137,-1.8148321423972158,1.096886411355922,-2.1755083302032774e-08,0.9182630613434556
4480.920000001788,3.131315598103494e-05,0.057749166085536596,1.9216915314424385,-1.8188672783606943,1.096886411355922,-2.1651340273799085e-08,0.9181479905495715
4481.460000000894,3.123218597962398e-05,0.057639358533678374,1.9340316935748012,-1.8216097922494876,1.096886411355922,-2.161461597610264e-08,0.9180331086612498
4477.35000000149,3.116615776768567e-05,0.05757206783822422,1.9574221315036198,-1.8266491602624217,1.096886411355922,-2.16124383944348e-08,0.9179184110750841
4474.610000003129,3.098650197748682e-05,0.05731626388975652,1.9681272988112228,-1.8304127853886587,1.096886411355922,-2.1532445534915282e-08,0.9178038931876684
4480.35000000149,3.096458596096445e-05,0.05732038950617929,1.9696831761467894,-1.8311650476032608,1.096886411355922,-2.151911018128426e-08,0.9176895503955964
4477.509999997914,3.0848653270478043e-05,0.05715709346470783,2.006084163519274,-1.8391145963604045,1.096886411355922,-2.147961950003683e-08,0.917575378095462
4576.5,3.357935683200425e-05,0.062028290224373644,1.5548843296277397,-1.7278895242885965,1.1452970318757865,-2.207899388633639e-08,0.9174613716838589
4469.89999999851,3.0657527392717295e-05,0.05688620728885124,2.01832860546458,-1.8428643257122395,1.096886411355922,-2.140941808332501e-08,0.9173475265573809
4468.339999999851,3.057931724902798e-05,0.05677709615102731,2.039559567995397,-1.8478742062976694,1.096886411355922,-2.1380627658213774e-08,0.9172338381126223
4454.589999999851,3.0543690761327385e-05,0.05673147615277994,2.046711828649852,-1.8499330713110949,1.096886411355922,-2.1408223692758413e-08,0.9171203017461763
4461.380000002682,3.0365528947283856e-05,0.05646973880731329,2.0637845913468347,-1.8537466365410382,1.096886411355922,-2.129708199128167e-08,0.917006912854637
4455.940000001341,3.0395399365261323e-05,0.05651302273928053,2.0577966242602717,-1.8529602781204255,1.096886411355922,-2.1327342719592433e-08,0.9168936668345984
4460.269999999553,3.024712464258137e-05,0.056310273129362334,2.0902354148812963,-1.8595496247629204,1.096886411355922,-2.1250269935618384e-08,0.916780559082654
4456.670000001788,3.0183858899778183e-05,0.05626768750361825,2.1102943028949372,-1.8643180914420263,1.096886411355922,-2.125388743220549e-08,0.9166675849953979
4452.789999999106,3.012153443101355e-05,0.05615229463910383,2.106567853520856,-1.8642525798665959,1.096886411355922,-2.1220711688773033e-08,0.9165547399694238
4459.480000000447,2.992939345732525e-05,0.05589493681320931,2.1430609529595426,-1.8722297516790765,1.096886411355922,-2.1117548185954773e-08,0.9164420194013256
4453.810000002384,2.989591502917198e-05,0.0558380205689887,2.151529507758883,-1.8741420680573702,1.0125910423519127,-2.111524192165938e-08,0.9163294186876969
4341.540000002831,2.718537902678597e-05,0.051000722910305336,2.6928447654792436,-1.996950814009964,1.0280267062388588,-2.033146073140192e-08,0.9161045584102242
4447.919999998063,2.9816336236763252e-05,0.055775862699768135,2.1847097745922044,-1.8823567646524522,1.0125910423519127,-2.112063254478895e-08,0.9159922896395677
4441.910000000149,2.970591562994765e-05,0.055552842928944086,2.1715918089120425,-1.880369252593133,1.0125910423519127,-2.1049466886465476e-08,0.9158801223097562
4443.329999998212,2.9680013497355588e-05,0.055503701404187714,2.1740869758068477,-1.8804515521261262,1.0125910423519127,-2.1027432363287384e-08,0.9157680518173835
4437.070000000298,2.957788153885424e-05,0.05539941924040287,2.213940303949922,-1.8895512934451202,1.0125910423519127,-2.1018935298809765e-08,0.9156560735590434
4445.330000001937,2.9365305608718115e-05,0.05504719538547603,2.2286985004583313,-1.8930105999665505,1.0125910423519127,-2.0866921205244367e-08,0.9155441829313299
4436.980000000447,2.932570856550408e-05,0.05502398247439934,2.243413381969554,-1.8967818784313664,1.0125910423519127,-2.0887249952288732e-08,0.9154323753308368
4436.839999999851,2.928754877560273e-05,0.05498057628031879,2.2590103918511346,-1.900222405170337,1.0125910423519127,-2.0875702008150845e-08,0.9153206461541578
4443.550000000745,2.925999269468345e-05,0.05495864497060351,2.269259118031094,-1.9025035551885512,1.0125910423519127,-2.085164626850842e-08,0.9152089907978868
4432.390000000596,2.902159603124687e-05,0.054584690214355046,2.2992222001854525,-1.909820567391975,1.0125910423519127,-2.0750218800641407e-08,0.9150974046586174
4435.330000001937,2.9037032414247017e-05,0.05460647092302041,2.2888666382594582,-1.9075137645131768,1.0125910423519127,-2.0747806002162954e-08,0.9149858831329438
4427.860000003129,2.9009249977648708e-05,0.05457062967557194,2.3077610618896074,-1.9120354555786006,1.0125910423519127,-2.075945860805102e-08,0.9148744216174598
4429.710000000894,2.8814602681427905e-05,0.05427018202479924,2.3465919595393663,-1.9197349246976938,1.0125910423519127,-2.0650683879999187e-08,0.9147630155087589
4424.150000002235,2.876139679331108e-05,0.054197937461870106,2.3379964450123234,-1.9193962978750372,1.0125910423519127,-2.063726952108837e-08,0.9146516602034354
4427.710000000894,2.873663899616983e-05,0.05416889404562008,2.3490891589178418,-1.921545656449002,1.0125910423519127,-2.0619353705059814e-08,0.9145403510980825
4419.699999999255,2.8672154039698883e-05,0.05409932268500092,2.3759264367565365,-1.9278913963746895,1.0125910423519127,-2.0621671267333788e-08,0.9144290835892948
4419.599999997765,2.862648093419845e-05,0.05401386921553443,2.389467644078798,-1.929802689040026,1.0125910423519127,-2.0592377310596216e-08,0.9143178530736655
4414.230000000447,2.8505476755633038e-05,0.053820102021851564,2.4053668165996864,-1.932993955967629,1.0125910423519127,-2.0537269565844254e-08,0.9142066549477886
4413.089999999851,2.842762684738251e-05,0.05372855824433126,2.406682354460644,-1.9353285219357406,1.0125910423519127,-2.0506713564296613e-08,0.9140954846082582
4412.320000000298,2.8304757570155393e-05,0.05355355349355862,2.4384373712846372,-1.9412591643753718,1.0125910423519127,-2.0450072328558288e-08,0.9139843374516676
4325.730000000447,3.038607196623197e-05,0.05530900341342146,2.1627456455608893,-1.874614352909514,1.0280267062388588,-2.1932915730880227e-08,0.9138732088746112
4354.190000001341,2.997663405225068e-05,0.05485530093258125,2.2311966892030597,-1.8915099217815625,1.0280267062388588,-2.1696144383479126e-08,0.9137620942736826
4369.410000000149,2.959196251002776e-05,0.05435698499900285,2.2786836085442026,-1.902867830861788,1.0280267062388588,-2.1470872541468495e-08,0.9136509890454755
4375.839999999851,2.9332747956504674e-05,0.054042659917042365,2.3142550973970533,-1.9121881066835509,1.0280267062388588,-2.1340099073693206e-08,0.9135398885865839
4380.409999996424,2.913280601083622e-05,0.05368746068071616,2.3260303692780004,-1.9141765110626239,1.0280267062388588,-2.1188314378764558e-08,0.9134287882936014
4387.449999999255,2.8916493177994847e-05,0.05343390139398231,2.3716648410632812,-1.924506645146913,1.0280267062388588,-2.1080211655821187e-08,0.9133176835631222
4391.310000002384,2.88191269561311e-05,0.053284039720059614,2.376110723316015,-1.9264069086404758,1.0280267062388588,-2.1010107786062336e-08,0.9132065697917399
4386.830000001937,2.875384562168725e-05,0.053247260089799055,2.3923197270000944,-1.9305178452306249,1.0280267062388588,-2.101612661347534e-08,0.9130954423760482
4392.360000003129,2.872021292327929e-05,0.05319116467986011,2.3900512373890583,-1.9297643317718753,1.0280267062388588,-2.0976004663616396e-08,0.9129842967126413
4394.230000000447,2.8674262395922583e-05,0.05312670199293822,2.4127140920798364,-1.9339409043389129,1.0280267062388588,-2.0949751024551163e-08,0.9128731281981126
4398.25,2.8530622095177007e-05,0.05298987896501818,2.4337233267303064,-1.9399155607048664,1.0280267062388588,-2.0890358877011765e-08,0.9127619322290562
4393.940000001341,2.8413703821692937e-05,0.05275900995387558,2.4442788285801544,-1.941516584610911,1.0280267062388588,-2.0815045086641246e-08,0.912650704202066
4390.490000002086,2.830484299750907e-05,0.052673446053888795,2.4610269668451874,-1.947108438967965,1.0280267062388588,-2.079815469755538e-08,0.9125394395137357
4397.630000002682,2.8183572123457853e-05,0.052496531871980556,2.5082433876604995,-1.9554878406700933,1.0280267062388588,-2.0715753188983297e-08,0.9124281335606591
4396.869999997318,2.8079140003616688e-05,0.05236697432542775,2.500227139263382,-1.9555677744765263,1.0280267062388588,-2.0666643687760135e-08,0.91231678173943
4399.64999999851,2.7920080825980678e-05,0.05213174840650563,2.5404633931956315,-1.9631121463175247,1.0280267062388588,-2.0573797432271616e-08,0.9122053794466423
4403.519999999553,2.6902899136000284e-05,0.05167886718969054,2.7045246189444487,-2.0023617326755576,1.0125910423519127,-1.981510662899779e-08,0.9120939220788898
4393.169999998063,2.7878337172763996e-05,0.05212709797633428,2.553456717749956,-1.9669878047370357,1.0280267062388588,-2.0596139166536547e-08,0.9119824050327665
4396.780000001192,2.7781453558591015e-05,0.05197899731253165,2.546356627853232,-1.9664107040290013,1.0280267062388588,-2.0525220450261566e-08,0.911870823704866
4398.160000000149,2.78086787865078e-05,0.052046870873058024,2.565903848957994,-1.9696001386657631,1.0280267062388588,-2.0551718013230112e-08,0.9117591734917823
4391.289999999106,2.759865982781413e-05,0.051737078121259,2.598104873230797,-1.9770040064871197,1.0280267062388588,-2.0457874040480297e-08,0.9116474497901089
4385.019999999553,2.7522206881210464e-05,0.05163006523687187,2.621376817521192,-1.9817682143905153,1.0280267062388588,-2.04397667585668e-08,0.9115356479964402
4381.719999998808,2.736416725722452e-05,0.05136483685018841,2.631642619413194,-1.984821685041729,1.0280267062388588,-2.0346939528421194e-08,0.9114237635073695
4387.519999999553,2.7272544813328267e-05,0.05125838684763917,2.6551322684244774,-1.9896075170217005,1.0280267062388588,-2.0291638776761384e-08,0.911311791719491
4388.379999998957,2.7212152499665344e-05,0.051202164174589566,2.67833547942665,-1.9949462024198426,1.0280267062388588,-2.0271094297560868e-08,0.9111997280293982
4387.640000000596,2.718802767448191e-05,0.05115200164927355,2.683358283718798,-1.9953841947235347,1.0280267062388588,-2.0254527791081967e-08,0.9110875678336852
4389.629999998957,2.7185548788802336e-05,0.05115200164927355,2.683358283718798,-1.9953841947235347,1.0280267062388588,-2.0248404242105002e-08,0.9109753065289456
4380.390000000596,2.7001877476264133e-05,0.050888916457140464,2.7142361589036614,-2.003542486750318,1.0280267062388588,-2.01777013123989e-08,0.9108629395117736
4373.809999998659,2.7078566915146677e-05,0.05099705873871558,2.7096576985269962,-2.0024304306947287,1.0280267062388588,-2.023951466371507e-08,0.9107504621787625
4380.739999998361,2.702518223838906e-05,0.050931841958175135,2.704212959713005,-2.002105724652636,1.0280267062388588,-2.0191870990106915e-08,0.9106378699265065
4373.570000000298,2.6879682828324453e-05,0.050706642921452015,2.7563967951157853,-2.01141622959322,1.0280267062388588,-2.013322373329317e-08,0.9105251581515995
4379.259999997914,2.6854253887808926e-05,0.050696641850811956,2.764801575549593,-2.0137106638154427,1.0280267062388588,-2.0113484616174864e-08,0.9104123222506351
4381.45000000298,2.6777724997141224e-05,0.05056284218772735,2.7384498745243038,-2.010023915070729,1.0280267062388588,-2.0049201105554444e-08,0.9102993576202072
4271.829999998212,2.367754188641753e-05,0.045156826796648376,3.466508064409231,-2.1613455888771984,0.9679071855407022,-1.8815183834613885e-08,0.9101862596569096
4370.579999998212,2.66181689466555e-05,0.05032864718301828,2.799799772081757,-2.021741173793445,1.0280267062388588,-1.9998781989113538e-08,0.9100730237573361
4376.050000000745,2.652977277515895e-05,0.05023985901993998,2.840021451266683,-2.030183534512752,1.0280267062388588,-1.9953226239695798e-08,0.9099596453180807
4370.79999999702,2.6387033503956428e-05,0.04995571776457373,2.8340216828935496,-2.0292494654319,1.0280267062388588,-1.985497364341532e-08,0.9098461197357371
4366.170000001788,2.637674993848898e-05,0.04996172272223753,2.835106109205425,-2.029814372936231,1.0280267062388588,-1.98710054900807e-08,0.9097324424068993
4364.410000000149,2.6378854615824005e-05,0.04996172272223753,2.835106109205425,-2.029814372936231,1.0280267062388588,-1.9876137922396797e-08,0.9096186087281608
4370.780000001192,2.6166745928133012e-05,0.049646762332512785,2.8713043621480994,-2.0380903151813716,0.9418581068125383,-1.973706492875246e-08,0.9095046140961157
4365.809999998659,2.6158141008622567e-05,0.0496595683355457,2.8816249842527464,-2.039958483885222,0.9418581068125383,-1.9758064101711704e-08,0.9093904539073577
4372.589999999851,2.606170244300788e-05,0.049534785247288146,2.8979415545838147,-2.043766805596803,0.9418581068125383,-1.969073934190074e-08,0.9092761235584808
4359.730000000447,2.6055796194900205e-05,0.04950856471155254,2.911693942096809,-2.046506323575947,0.9418581068125383,-1.9719505508706268e-08,0.9091616184460786
4370.570000000298,2.597702800983116e-05,0.049415042898357076,2.940068735181386,-2.0517831646777105,0.9418581068125383,-1.9654744725639862e-08,0.9090469339667451
4366.429999999702,2.5881638049710728e-05,0.0493209751105814,2.969725990384898,-2.058608681986498,0.9418581068125383,-1.963245219257301e-08,0.908932065517074
4363.109999999404,2.5805028500129673e-05,0.04914460213687694,2.9479720193835846,-2.054720033922068,0.9418581068125383,-1.956894562232361e-08,0.9088170084936591
4365.530000001192,2.5761195607444372e-05,0.04910165707257485,2.9702344810181476,-2.0594185189729286,0.9418581068125383,-1.9547469256729986e-08,0.9087017582930944
4264.170000001788,2.2767803764512125e-05,0.04387725527714105,3.7102257722844136,-2.2109045087150294,0.9679071855407022,-1.8304088257347523e-08,0.9085863103119738
4364.54999999702,2.57372672276177e-05,0.04905143661854813,2.9767468481744253,-2.060064194813885,0.9418581068125383,-1.9531384403762323e-08,0.9084706599468909
4357.230000000447,2.562181795385765e-05,0.048915893597732164,3.018236899307124,-2.0685711425204056,0.9418581068125383,-1.950272560814996e-08,0.9083548025944397
4364.820000000298,2.554439378424839e-05,0.04880944187512925,3.0299470890196094,-2.0712940325515454,0.9418581068125383,-1.9439799269174183e-08,0.9082387336512138
4351.429999999702,2.5530813885535015e-05,0.04873923605590401,3.007000808389887,-2.067701316415083,0.9418581068125383,-1.944668027054675e-08,0.9081224485138072
4355.030000001192,2.5481782952329257e-05,0.04867232221185825,3.0255482523984583,-2.0711450350412735,0.9418581068125383,-1.9412127386033e-08,0.9080059425788136
4351.480000000447,2.5431483555368454e-05,0.04865445052156642,3.044204066783606,-2.0757105277217294,0.9418581068125383,-1.9415842121513605e-08,0.9078892112428273
4339.0,2.527821890700328e-05,0.048361590486081414,3.0559144746113898,-2.0787950415152814,0.9418581068125383,-1.9334412845549632e-08,0.9077722499024414
4345.679999999702,2.5319510995558715e-05,0.0484483792767669,3.0672964420360653,-2.079636634880524,0.9418581068125383,-1.935273074616481e-08,0.9076550539542503
4348.679999999702,2.5246104711517162e-05,0.04833622770853056,3.0702831612550527,-2.0816738109677635,0.9418581068125383,-1.929922682109154e-08,0.9075376187948475
4355.269999999553,2.5196360027491795e-05,0.048286372170352046,3.0812228115945715,-2.0837657587362535,0.9527519956052731,-1.9261950752088748e-08,0.907419939820827
4361.320000000298,2.503372945240598e-05,0.048063405092553746,3.1194452550237504,-2.090910643199432,0.9527519956052731,-1.915953513821012e-08,0.9073020124287827
4356.960000000894,2.4913286592833287e-05,0.04792826078440764,3.1267624885397574,-2.0945422451644853,0.9527519956052731,-1.9116060718398163e-08,0.9071838320153083
4360.719999998808,2.4885273858197268e-05,0.04788589130274795,3.139388718325593,-2.0963818772833993,0.9527519956052731,-1.9090318606333523e-08,0.9070653939769976
4353.419999998063,2.487104877412236e-05,0.04785202358956376,3.154458573195983,-2.098981616068894,0.9527519956052731,-1.909887314801399e-08,0.9069466937104445
4346.609999999404,2.4837663673027884e-05,0.047811287285736165,3.1811632197711432,-2.104754982697835,0.9527519956052731,-1.9103517985829482e-08,0.9068277266122426
4351.150000002235,2.4770539011493854e-05,0.04774789645797624,3.1921641630309425,-2.1077337230503366,0.9527519956052731,-1.906559307814254e-08,0.9067084880789862
4353.070000000298,2.4653601436691644e-05,0.047565935098746716,3.216809622058758,-2.1111035885042213,0.9527519956052731,-1.8989947966501614e-08,0.9065889735072689
4347.620000001043,2.4659661913991952e-05,0.047565935098746716,3.216809622058758,-2.1111035885042213,0.9527519956052731,-1.9004931736960303e-08,0.9064691782936842
4343.009999997914,2.4623683525226614e-05,0.04752569746139369,3.2437828824856663,-2.1169336073226956,0.9527519956052731,-1.900328081536474e-08,0.9063490978348264
4337.440000001341,2.462996755926418e-05,0.04752569746139369,3.2437828824856663,-2.1169336073226956,0.9527519956052731,-1.9018434247026493e-08,0.9062287275272891
4347.480000000447,2.4563409619827832e-05,0.047396756484516224,3.2190417326103855,-2.112652774760539,0.9527519956052731,-1.893730149719065e-08,0.9061080627676663
4340.469999998808,2.455398307976258e-05,0.04739835482803222,3.2225149454071342,-2.113903443852847,0.9527519956052731,-1.8956343950306858e-08,0.9059870989525518
4344.210000000894,2.4441546188575713e-05,0.04726069971312045,3.2475717580127235,-2.118692321069417,0.9527519956052731,-1.8892045640534344e-08,0.9058658314785392
4337.219999998808,2.438315936610723e-05,0.047170462423560496,3.2826672182427696,-2.125406098564095,0.9527519956052731,-1.88778018252374e-08,0.9057442557422224
4335.469999998808,2.4385066451707135e-05,0.047170462423560496,3.2826672182427696,-2.125406098564095,0.9527519956052731,-1.8882414334236613e-08,0.9056223671401954
4340.879999998957,2.4200755127498564e-05,0.04692237303151987,3.3256098301486343,-2.135185782795882,0.9527519956052731,-1.877012140929126e-08,0.905500161069052
4337.449999999255,2.4163608815963567e-05,0.04688161535811099,3.3331372988914634,-2.135964968483879,0.9527519956052731,-1.876288384533333e-08,0.905377632925386
4335.679999999702,2.4165525785919618e-05,0.04688161535811099,3.3331372988914634,-2.135964968483879,0.9527519956052731,-1.876759075861245e-08,0.905254778105791
4335.080000001937,2.4138423335309094e-05,0.04681656660938431,3.3217669349869183,-2.1338703888425514,0.9527519956052731,-1.87422607840135e-08,0.9051315920068611
4335.679999999702,2.4075679323551752e-05,0.04675516500393796,3.3326378721545478,-2.13674326235798,0.9527519956052731,-1.8715226472925356e-08,0.9050080700251901
4329.169999998063,2.4000756341849655e-05,0.046675453718180306,3.373947726834664,-2.1442744081123104,0.9527519956052731,-1.8702215425225326e-08,0.9048842075573718
5118.309999998659,4.811952320612689e-05,0.08659810433206258,-0.07084101084542205,-1.231231594136468,3.3843758452822925,-2.3532203620556425e-08,0.9045101821761296
4445.310000002384,3.088220887294306e-05,0.05718993273118192,2.0053459430544915,-1.840300836670335,1.096886411355922,-2.1588174878120347e-08,0.9043844993782401
3295.169999998063,2.4406665623103055e-07,0.0010154847617682026,72.12014467182813,-8.304842545988205,0.23656188102840844,-3.585887354744656e-10,0.904258315791512
4426.339999999851,3.022297250125148e-05,0.05626768750361825,2.1102943028949372,-1.8643180914420263,1.096886411355922,-2.1338604788289015e-08,0.904131642767294
4443.480000000447,2.999446523531774e-05,0.055974791600201586,2.1276392070122565,-1.8698743763621255,1.096886411355922,-2.1188885064518415e-08,0.9040044916569341
4444.85000000149,2.9765850925673518e-05,0.05565165987081446,2.159191586754715,-1.8778097850001223,1.0125910423519127,-2.10747836072877e-08,0.9038768738117811
4446.309999998659,2.964037042369235e-05,0.05547260280386846,2.1966576962509574,-1.8856618841398929,1.0125910423519127,-2.101402113473974e-08,0.9037488005831831
4445.789999999106,2.9566862508506353e-05,0.05539941924040287,2.213940303949922,-1.8895512934451202,1.0125910423519127,-2.0994795597314576e-08,0.9036202833224886
4444.789999999106,2.9523619915367034e-05,0.05532760578005042,2.2033997754889585,-1.8885924978241024,1.0125910423519127,-2.0967928354069635e-08,0.9034913333810457
4454.620000001043,2.9303558113502215e-05,0.05502398247439934,2.243413381969554,-1.8967818784313664,1.0125910423519127,-2.083829635114761e-08,0.9033619621102031
4449.240000002086,2.9274490646405416e-05,0.05499512494863482,2.2596124430170423,-1.9008941698983124,1.0125910423519127,-2.0847291915493957e-08,0.9032321808613091
4449.690000001341,2.9273925274257077e-05,0.05499512494863482,2.2596124430170423,-1.9008941698983124,1.0125910423519127,-2.0846035101014414e-08,0.9031020009857119
4454.640000000596,2.9198413630046573e-05,0.054951414640703335,2.2815898659470157,-1.906336670861296,1.0125910423519127,-2.0823425972871696e-08,0.9029714338347601
4456.460000000894,2.9032475672268012e-05,0.054642876583802416,2.2790766155947733,-1.9058777783096095,1.0125910423519127,-2.0700952168956463e-08,0.9028404907598019
4451.869999997318,2.8920801662845266e-05,0.05449902272757628,2.3290849268829463,-1.9163340540035556,1.0125910423519127,-2.0672543317215092e-08,0.9027091831121857
4454.519999999553,2.8909479975816173e-05,0.05454279000957863,2.328200355505798,-1.917530713062596,1.0125910423519127,-2.068321738960341e-08,0.90257752224326
4549.989999998361,3.162319233485963e-05,0.05936176893818839,1.8311056097717247,-1.799114279101922,1.0809814148138484,-2.137366419679968e-08,0.9024455195043732
4446.720000002533,2.8786892902123413e-05,0.05431858073035778,2.358328430633968,-1.9231336090246134,1.0125910423519127,-2.0627022024470296e-08,0.9023131862468733
4446.359999999404,2.8746451353988756e-05,0.05426432000053798,2.3587014921007743,-1.9234977561993842,1.0125910423519127,-2.0608218735615926e-08,0.902180533822109
4442.759999997914,2.866566439918847e-05,0.054134186471466846,2.359933087688198,-1.9240474871976645,1.0125910423519127,-2.05698576443053e-08,0.9020475735814285
4444.080000001937,2.8588621965768074e-05,0.05405706414128395,2.3951620753452403,-1.9321676598888953,1.0125910423519127,-2.0545727839567463e-08,0.9019143168761804
4452.440000001341,2.855416684470079e-05,0.05400771549818917,2.3984601646960435,-1.9323626554133115,1.0125910423519127,-2.0504629518405334e-08,0.9017807750577128
4452.339999999851,2.8493219171352203e-05,0.05392490753050873,2.4101927379164216,-1.9349085979940859,1.0125910423519127,-2.0476803347062842e-08,0.9016469594773743
4452.230000000447,2.834813510041545e-05,0.0537230192927796,2.415526921200952,-1.9378407686572237,1.0125910423519127,-2.0402975359687362e-08,0.9015128814865131
4439.519999999553,2.834195340470066e-05,0.053686925692743574,2.425993295029249,-1.9395955527676496,1.0125910423519127,-2.0426307857351055e-08,0.9013785524364777
4444.779999997467,2.823605336824119e-05,0.05356324087419343,2.44133601988206,-1.9425697122908192,1.0125910423519127,-2.036976969169381e-08,0.9012439836786162
4446.320000000298,2.81717595935097e-05,0.05347598675499404,2.4481291235198483,-1.9449210397972352,1.0125910423519127,-2.0334205005970505e-08,0.9011091865642775
4446.949999999255,2.8153075229739145e-05,0.05346292679102793,2.456735733682711,-1.947171915120872,1.0125910423519127,-2.0329529333742297e-08,0.9009741724448095
4451.679999999702,2.8147352434360023e-05,0.05346292679102793,2.456735733682711,-1.947171915120872,1.0125910423519127,-2.0316539974441745e-08,0.9008389526715608
4447.559999998659,2.80274869888275e-05,0.05328597988377361,2.4769992095475573,-1.9521400677701042,1.0125910423519127,-2.0265506856062e-08,0.9007035385958796
4451.219999998808,2.7984764922542785e-05,0.05324502199407724,2.4805305302447245,-1.952525971646086,1.0125910423519127,-2.024142093973989e-08,0.9005679415691145
4446.690000001341,2.7945709459328817e-05,0.05316889959419871,2.48898492313854,-1.9541935285477277,1.0125910423519127,-2.0226662635855356e-08,0.9004321729426136
4446.109999999404,2.7901899284862298e-05,0.053095142931331864,2.4878548851835154,-1.9546011895248736,1.0125910423519127,-2.0200014277312684e-08,0.9002962440677255
4429.830000001937,2.7925039159767207e-05,0.053113136924961155,2.505786692390199,-1.9575836452260558,1.0125910423519127,-2.0254340108548933e-08,0.9001601662957984
4444.260000001639,2.7865790563643207e-05,0.05305434730647386,2.498525740967323,-1.9567484740620071,1.0125910423519127,-2.0192218088616226e-08,0.9000239509781808
4444.070000000298,2.774980920901775e-05,0.05292399527022049,2.5414069464454485,-1.9654464080375107,1.0125910423519127,-2.0152689437247022e-08,0.899887609466221
4437.810000002384,2.758906460521934e-05,0.052680465079251004,2.5684550933305026,-1.9720004488370675,1.0125910423519127,-2.0082608811684882e-08,0.8997511531112674
4434.5,2.759296722396153e-05,0.052680465079251004,2.5684550933305026,-1.9720004488370675,1.0125910423519127,-2.0091423823973544e-08,0.8996145932646684
4442.339999999851,2.7557126750700678e-05,0.05261924116768314,2.558527225691771,-1.970123469625898,1.0125910423519127,-2.0045176103751095e-08,0.8994779412777724
4444.619999997318,2.7451201902769828e-05,0.05247986041132616,2.562847667268654,-1.9721007047098384,1.0125910423519127,-1.9987235390763034e-08,0.8993412085019277
4444.5,2.725106760666242e-05,0.052232058380895986,2.609638659791127,-1.9823546496819577,1.0125910423519127,-1.9902920009934963e-08,0.8992044062884825
4434.269999999553,2.7253104897127698e-05,0.05217288706720711,2.614314415406459,-1.9827095102704548,1.0125910423519127,-1.9908150468525624e-08,0.8990675459887856
4425.929999999702,2.7166914370941814e-05,0.05207217213743943,2.6519383345944956,-1.9899686806756236,1.0125910423519127,-1.989889730095038e-08,0.8989306389541849
4430.470000002533,2.7243304134364045e-05,0.05218251136878748,2.6137865508647167,-1.9826685086909726,1.0125910423519127,-1.9922110555733886e-08,0.8987936965360291
4423.820000000298,2.7091403319723514e-05,0.05198795847200549,2.6720034284958505,-1.994977600766925,1.0125910423519127,-1.9876050120561943e-08,0.8986567300856664
4427.780000001192,2.6955695272327147e-05,0.05178069697976411,2.6629934981888326,-1.9938274494707835,1.0125910423519127,-1.9785158590371564e-08,0.8985197509544454
4429.019999999553,2.6858303225338474e-05,0.051682386575366425,2.706604179452423,-2.0032379922366625,1.0125910423519127,-1.9752055835202532e-08,0.8983827704937142
4430.79999999702,2.685634359476722e-05,0.051682386575366425,2.706604179452423,-2.0032379922366625,1.0125910423519127,-1.9747426841262798e-08,0.8982458000548212
4429.919999998063,2.6811599016345764e-05,0.0515990347436213,2.717233289007706,-2.004986636929059,1.0125910423519127,-1.9719707666685322e-08,0.8981088509891149
4425.109999999404,2.6610466441615744e-05,0.05132232613025538,2.7393539363021118,-2.0107697965702678,1.0125910423519127,-1.9630152754727002e-08,0.8979719346479437
4417.60000000149,2.6599773948070715e-05,0.05130322851476944,2.750690942373624,-2.013341883188415,1.0125910423519127,-1.96437236492321e-08,0.8978350623826559
4417.690000001341,2.648210190229294e-05,0.05117483530130754,2.789507940041549,-2.0219614114676956,1.0125910423519127,-1.960038463507223e-08,0.8976982455445996
4414.309999998659,2.641099193314019e-05,0.051014864746667485,2.783725145436854,-2.020483347596606,1.0125910423519127,-1.954682725505288e-08,0.8975614954851239
4423.059999998659,2.6401188762180105e-05,0.051014864746667485,2.783725145436854,-2.020483347596606,1.0125910423519127,-1.9524674564020055e-08,0.8974248235555763
4422.410000000149,2.6380262528190483e-05,0.0509798672017041,2.796184953250483,-2.0225924440342586,1.0125910423519127,-1.9514850803021835e-08,0.8972882411073058
4402.640000000596,2.624018823979823e-05,0.05072494741106276,2.8377199117284384,-2.0313531010607897,1.0125910423519127,-1.9442697018172798e-08,0.8971517594916604
4418.410000000149,2.60722420217715e-05,0.05055292821117926,2.8691208395309697,-2.039592890749918,1.0125910423519127,-1.9371376814119503e-08,0.8970153900599888
4421.550000000745,2.600379507079461e-05,0.05045302019083509,2.870252051890459,-2.0397586843757334,1.0125910423519127,-1.9325259167759705e-08,0.8968791441636389
4419.220000002533,2.5899314852063794e-05,0.050291618187361824,2.9072933432087593,-2.047083234621816,1.0125910423519127,-1.9274412836860326e-08,0.8967430331539596
4411.260000001639,2.586967973915603e-05,0.050254622206719446,2.9252798485037994,-2.050896013635713,1.0125910423519127,-1.9282318172183126e-08,0.896607068382299
4414.769999999553,2.5748785650456084e-05,0.05003720355026291,2.910785854776,-2.0481903739670804,1.0125910423519127,-1.9187899463924108e-08,0.8964712612000055
4413.539999999106,2.5839323333578818e-05,0.05018653128783978,2.9041947537443225,-2.047559141373361,1.0125910423519127,-1.924733919247505e-08,0.8963356229584274
4414.39999999851,2.5627948035987005e-05,0.04988942362236698,2.9609446124588885,-2.0589404779350766,1.0125910423519127,-1.913829795842114e-08,0.8962001650089132
4399.140000000596,2.6566270671955626e-05,0.050327031513989665,2.80448419722261,-2.0233150086108216,1.0280267062388588,-1.99123522239902e-08,0.8960648987028113
4409.329999998212,2.5617978077119664e-05,0.049895160618441785,2.9620635466607155,-2.059503550911932,1.0125910423519127,-1.915266363109371e-08,0.8959298353914699
4405.050000000745,2.5506812780650227e-05,0.04968363682457181,2.9753709449592396,-2.062369541715436,1.0125910423519127,-1.9083298416279942e-08,0.8957949864262373
4409.25,2.5395190924844084e-05,0.04952528754363978,2.9969191139441165,-2.0670265741091307,1.0125910423519127,-1.901468569330425e-08,0.8956603631584623
4404.669999998063,2.532203385955062e-05,0.04944509959941576,3.0345766545746287,-2.074519861298495,1.0125910423519127,-1.89988236844864e-08,0.895525976939493
4391.449999999255,2.6248801234402044e-05,0.049880078410345655,2.876597547978305,-2.0388234787738178,1.0280267062388588,-1.9768823440295974e-08,0.8953918391206777
4400.019999999553,2.6098596678064843e-05,0.049652224868010054,2.876667564504441,-2.0401114445980806,0.9418581068125383,-1.9651761276951586e-08,0.8952579610533647
4401.910000000149,2.512501440133559e-05,0.04911872632064394,3.0590620973501625,-2.0806200398354697,0.9274479232123118,-1.8881990270883006e-08,0.8951243540889026
4395.099999997765,2.5979425648830316e-05,0.049506575422877064,2.920668078621935,-2.049226139363429,0.9418581068125383,-1.9614691426430563e-08,0.8949910295786397
4396.85000000149,2.591285481899564e-05,0.049421266840922067,2.9451103478774474,-2.0537012083087265,0.9418581068125383,-1.95788065439384e-08,0.8948579988739245
4389.969999998808,2.5853833532939026e-05,0.0493209751105814,2.969725990384898,-2.058608681986498,0.9418581068125383,-1.9562927610453496e-08,0.8947252733261051
4394.170000001788,2.573418708117434e-05,0.04914329696269519,2.956729555074479,-2.0573731834859843,0.9418581068125383,-1.9477276904985676e-08,0.8945928642865298
4390.980000000447,2.5698421793793794e-05,0.049108640643562906,2.9749508958959128,-2.0612352012738517,0.9418581068125383,-1.947507804247139e-08,0.8944607831065475
4391.170000001788,2.545172308595322e-05,0.04874697607819053,3.011389864835504,-2.0694147051898013,0.9418581068125383,-1.933415824053259e-08,0.8943290411375061
4387.019999999553,2.550265851147663e-05,0.04881704661697638,3.0302661229878085,-2.071591445412541,0.9418581068125383,-1.937736316453507e-08,0.8941976497307542
4387.510000001639,2.545600240754726e-05,0.04874697607819053,3.011389864835504,-2.0694147051898013,0.9418581068125383,-1.9345056586630667e-08,0.8940666202376399
4387.069999996573,2.5372071200212288e-05,0.04864660233964876,3.0523138654717847,-2.0779747310671612,0.9418581068125383,-1.9310722620245534e-08,0.8939359640095119
4388.510000001639,2.5254435902919743e-05,0.04845639506011796,3.067411729920698,-2.079861115289917,0.9418581068125383,-1.92325134230319e-08,0.8938056923977185
4393.760000001639,2.528123454612446e-05,0.048555216927834814,3.067633285579209,-2.0807505085998246,0.9418581068125383,-1.9255349246384723e-08,0.8936758167536079
4382.809999998659,2.5174072656452106e-05,0.04834470085759255,3.074356298079037,-2.0832817214666077,0.9418581068125383,-1.9204372943799527e-08,0.8935463484285284
4379.650000002235,2.5088015576828697e-05,0.04821042889816959,3.116603962807824,-2.0906086653800537,0.9527519956052731,-1.916509372278748e-08,0.8934172987738288
4387.269999999553,2.499884392215808e-05,0.04813703083254871,3.134114815784497,-2.0944357173673014,0.9527519956052731,-1.911398515413508e-08,0.8932886791408572
4390.959999997169,2.4974802718932196e-05,0.04812088103847642,3.1461084424161,-2.0972464596946496,0.9527519956052731,-1.9097490162619053e-08,0.8931605008809618
4387.570000000298,2.4713665579388233e-05,0.047756717228093104,3.191854321402296,-2.1078015805365142,0.9527519956052731,-1.8964465769392352e-08,0.8930327753454913
4377.75,2.472488278295039e-05,0.047756717228093104,3.191854321402296,-2.1078015805365142,0.9527519956052731,-1.899305281843456e-08,0.8929055138857938
4376.609999999404,2.4589004840641446e-05,0.04754290991124005,3.2351415248389994,-2.115333701281338,0.9527519956052731,-1.891512820602257e-08,0.892778727853218
4384.310000002384,2.4515733549971046e-05,0.04746543665413475,3.2224206339991532,-2.1144214553714247,0.9527519956052731,-1.885891398498709e-08,0.8926524285991119
4386.540000002831,2.4468401228421015e-05,0.0474010399238096,3.2298386145715448,-2.116112362299544,0.9527519956052731,-1.8827101217900863e-08,0.892526627474824
4384.39999999851,2.4449710455889746e-05,0.04737670867897567,3.2447441185015347,-2.1191206126417357,0.9527519956052731,-1.8824760404507672e-08,0.8924013358317029
4377.919999998063,2.434882768209414e-05,0.04723738675107579,3.2972438567725586,-2.1286846366225705,0.9527519956052731,-1.8792015083490177e-08,0.8922765650210966
4368.420000001788,2.4199711738367244e-05,0.0469983666167929,3.2959145356658084,-2.1300136787046573,0.9527519956052731,-1.8720916271176532e-08,0.8921523263943537
4374.570000000298,2.4090074007617635e-05,0.046894121015950356,3.335220629873711,-2.1369123460212136,0.9527519956052731,-1.8663398340125098e-08,0.8920286313028226
4368.050000000745,2.4051060504474322e-05,0.04682316831344392,3.331558648309384,-2.137015757828709,0.9527519956052731,-1.8652335932507553e-08,0.8919054910978516
4370.280000001192,2.388898391795631e-05,0.046582423962501465,3.366877065111863,-2.144597174141329,0.9527519956052731,-1.8551230914253157e-08,0.8917829171307889
4366.269999999553,2.3849805517193717e-05,0.04652643432403887,3.3830430915055647,-2.1476938745030933,0.9527519956052731,-1.854085602910369e-08,0.8916609207529831
4366.769999999553,2.3892828567030143e-05,0.046582423962501465,3.366877065111863,-2.144597174141329,0.9527519956052731,-1.856098049544563e-08,0.8915395133157826
4377.730000000447,2.3837332987784043e-05,0.04652643432403887,3.3830430915055647,-2.1476938745030933,0.9527519956052731,-1.8508739833449593e-08,0.8914187061705356
4363.510000001639,2.3711592590357675e-05,0.04629009318712515,3.4303281770136573,-2.1561169288981565,0.9527519956052731,-1.8457802130418916e-08,0.8912985106685906
4367.570000000298,2.3664991842449344e-05,0.04624291373504781,3.4420408865085257,-2.1581288727219565,0.9527519956052731,-1.8427693530512216e-08,0.891178938161296
5237.189999997616,4.787864318511095e-05,0.0882754125958033,-0.0347040784613708,-1.240868532854865,3.3614308951017446,-2.3006802849186656e-08,0.890823759413743
4430.860000003129,2.7266975604009288e-05,0.052232058380895986,2.609638659791127,-1.9823546496819577,1.0125910423519127,-1.99391343520957e-08,0.8907063715467053
4438.809999998659,2.6779708967850463e-05,0.05156979230383697,2.683931799220657,-1.999151897948808,1.0125910423519127,-1.9679523482236148e-08,0.8905894604606278
4433.449999999255,2.6639344037323942e-05,0.05136133717614588,2.7280476830718907,-2.0086279944995025,1.0125910423519127,-1.962138523888275e-08,0.8904730175281853
4430.890000000596,2.6392382642703243e-05,0.051014864746667485,2.783725145436854,-2.020483347596606,1.0125910423519127,-1.9504568546072208e-08,0.8903570341220531
4425.230000000447,2.630718427492278e-05,0.05085064328703543,2.7958707594060854,-2.0229737059651676,1.0125910423519127,-1.945809129582371e-08,0.8902415016149061
4335.809999998659,2.3253701758913575e-05,0.04552002556318193,3.523100929365256,-2.174860344921912,0.9527519956052731,-1.8225818098928272e-08,0.8901264113794191
4432.440000001341,2.606964738880492e-05,0.05053606355669946,2.837227979442437,-2.033178935124054,1.0125910423519127,-1.932474195615972e-08,0.8900117547882669
4430.910000000149,2.5943938505852736e-05,0.050346989221516474,2.873763467975369,-2.039534525044273,1.0125910423519127,-1.9261786767809117e-08,0.8898975232141246
4422.759999997914,2.5829212884005017e-05,0.05018653128783978,2.9041947537443225,-2.047559141373361,1.0125910423519127,-1.9224285362166968e-08,0.8897837080296673
4426.310000002384,2.5891494247643558e-05,0.050291618187361824,2.9072933432087593,-2.047083234621816,1.0125910423519127,-1.9256422733448485e-08,0.8896703006075697
4427.980000000447,2.582346960921055e-05,0.05018653128783978,2.9041947537443225,-2.047559141373361,1.0125910423519127,-1.9211071341060786e-08,0.8895572923205066
4410.010000001639,2.5733608670159422e-05,0.050012331812597434,2.915305824486916,-2.0496782510421774,1.0125910423519127,-1.919055044160165e-08,0.8894446745411533
4417.490000002086,2.5646249924520347e-05,0.04992419858009483,2.9476417436656597,-2.056692587677006,1.0125910423519127,-1.9142117427414395e-08,0.8893324386421846
4423.199999999255,2.5640026246498388e-05,0.04992419858009483,2.9476417436656597,-2.056692587677006,1.0125910423519127,-1.9127836282476103e-08,0.8892205759962751
4420.530000001192,2.560572457347992e-05,0.049895160618441785,2.9620635466607155,-2.059503550911932,1.0125910423519127,-1.912485317837524e-08,0.8891090779761002
4430.780000001192,2.5594632901923943e-05,0.049895160618441785,2.9620635466607155,-2.059503550911932,1.0125910423519127,-1.9099037825071477e-08,0.8889979359543346
4430.710000000894,2.5356577326088434e-05,0.04953140808086763,2.9978603644402586,-2.067529998624097,1.0125910423519127,-1.8963225613806063e-08,0.8888871413036534
4427.89999999851,2.5420858659371325e-05,0.04960986441568852,2.9776900955506864,-2.064216626200102,1.0125910423519127,-1.89979982638601e-08,0.8887766853967314
4426.559999998659,2.539818308800543e-05,0.04955997683966199,2.983387274091319,-2.0647389397490308,1.0125910423519127,-1.8983316318317615e-08,0.8886665596062434
4426.339999999851,2.526420858971085e-05,0.04943480066621307,3.047623844201456,-2.078330736753128,0.9274479232123118,-1.8942110142367637e-08,0.8885567553048644
4428.579999998212,2.5237650749146927e-05,0.04938510796676358,3.053824590535486,-2.078928602325698,0.9274479232123118,-1.8918415818553735e-08,0.8884472638652696
4423.64999999851,2.524295835920423e-05,0.04938510796676358,3.053824590535486,-2.078928602325698,0.9274479232123118,-1.8930780639741418e-08,0.8883380766601338
4427.829999998212,2.5041123640948038e-05,0.04907392136821869,3.0796371862889833,-2.084972992890849,0.9274479232123118,-1.880278218133986e-08,0.8882291850621318
4425.240000002086,2.5027191890078083e-05,0.04907314859516844,3.0840730749457173,-2.086459139741724,0.9274479232123118,-1.880879324794178e-08,0.8881205804439386
4422.320000000298,2.496905462022509e-05,0.04899599214606044,3.1051005562277654,-2.0898374231801378,0.9274479232123118,-1.8788362708985938e-08,0.8880122541782289
4420.89999999851,2.488021905552576e-05,0.04884458741566738,3.101874555868088,-2.090758730007214,0.9274479232123118,-1.8732403426430417e-08,0.8879041976376782
4426.539999999106,2.4827219633759836e-05,0.04875543324114158,3.1048768214388556,-2.0915037013497146,0.9274479232123118,-1.8684632216599887e-08,0.887796402194961
4426.699999999255,2.4787461265044178e-05,0.048712629675014295,3.120803296166791,-2.094615416630559,0.9274479232123118,-1.8669101010130553e-08,0.8876888592227523
4423.269999999553,2.4791087823682744e-05,0.048712629675014295,3.120803296166791,-2.094615416630559,0.9274479232123118,-1.8677595660591205e-08,0.8875815600937271
4418.25,2.4652201899572484e-05,0.04852833227936475,3.1758814313229724,-2.105272040076722,0.9274479232123118,-1.862359296703916e-08,0.8874744961805605
4419.410000000149,2.461138526992432e-05,0.04848606553149726,3.192078810328452,-2.1084072727804064,0.9274479232123118,-1.860561653807376e-08,0.8873676588559269
4426.6500000059605,2.454934185015265e-05,0.04835326925186133,3.1578052556589036,-2.102794624700391,0.9274479232123118,-1.8533175321905244e-08,0.8872610394925018
4424.369999997318,2.4448414326976923e-05,0.04821923063362324,3.2140945541944017,-2.1138572661708164,0.9274479232123118,-1.849224583740262e-08,0.8871546294629598
4420.55000000447,2.4496948529499097e-05,0.0482945521577325,3.1926738548996667,-2.11030912618928,0.9274479232123118,-1.8528124732041652e-08,0.887048420139976
4417.4599999934435,2.4518112158282578e-05,0.04830248890877788,3.184412753550106,-2.10804179244787,0.9274479232123118,-1.85385932159303e-08,0.8869424028962253
4416.829999998212,2.4424093893719645e-05,0.048227224856830654,3.2182556840253023,-2.115460173309044,0.9274479232123118,-1.851206215795654e-08,0.8868365691043824
4419.79999999702,2.4437711439363113e-05,0.048226919337567786,3.2142507620036493,-2.114086923116224,0.9274479232123118,-1.8505286876205977e-08,0.8867309101371225
4427.54999999702,2.4297251899403613e-05,0.04801432958410052,3.245650140257304,-2.119938536607561,0.9274479232123118,-1.8407090456483568e-08,0.8866254173671206
4410.339999996126,2.423334233853763e-05,0.047919820312100174,3.2448447862119076,-2.1216146337909767,0.9274479232123118,-1.840997679059359e-08,0.8865200821670514
4406.079999998212,2.4319434906829627e-05,0.04801432958410052,3.245650140257304,-2.119938536607561,0.9274479232123118,-1.8458986016552502e-08,0.88641489590959
4304.259999997914,2.11879516398179e-05,0.042487229216138005,4.084872863773094,-2.287192714974163,0.8657168071514588,-1.7066795812906576e-08,0.8863098499674111
4412.8499999940395,2.4080352092325788e-05,0.047696549870669104,3.309849274323428,-2.133224721681295,0.9381049883356392,-1.832352043605697e-08,0.8862049357131899
4365.7900000065565,2.490155989185651e-05,0.04796570744718665,3.136606313557907,-2.097459023490014,0.9418581068125383,-1.9071053033514413e-08,0.8861001445196014
4411.95000000298,2.390794996614093e-05,0.04743948598918288,3.321809821126225,-2.1363390257806962,0.9381049883356392,-1.8225138181241404e-08,0.88599546775932
900.0,0.00017163636363639185,0.052046560351712505,-1.2628326148140638,0.160214685059868,-0.0,3.598484848484998e-08,0.8858908968050212
4388.460000000894,2.545483541109653e-05,0.04874697607819053,3.011389864835504,-2.0694147051898013,0.9418581068125383,-1.9342143548534137e-08,0.8857864230293797
4389.829999998212,2.4737552862918366e-05,0.04781448789357948,3.192385013621383,-2.108343888857473,0.9527519956052731,-1.8980547945772558e-08,0.8856820378050706
4394.460000000894,2.4554369685331978e-05,0.04756125237283739,3.231765540285907,-2.1151660559216374,0.9527519956052731,-1.8868666360958704e-08,0.8855777325047686
4386.520000003278,2.449479076392688e-05,0.047458881724556645,3.230266217815341,-2.1166428216424964,0.9527519956052731,-1.8849831393899817e-08,0.8854734985011485
4409.919999994338,2.3556542819403012e-05,0.04699240353863769,3.3980586237800416,-2.1532904595266396,0.9381049883356392,-1.805642028444335e-08,0.8853693271668857
4398.039999999106,2.4282832515631593e-05,0.047182142230451474,3.285177680389719,-2.1264979895221723,0.9527519956052731,-1.8709302571849465e-08,0.885265209874655
4392.2799999937415,2.4270762911338487e-05,0.047175922638223865,3.2929528910264017,-2.1287048917991265,0.9527519956052731,-1.872347476585633e-08,0.8851611379971309
4396.590000003576,2.4157957707451432e-05,0.047044273151613754,3.2821285089750605,-2.128212108416095,0.9527519956052731,-1.865429431254051e-08,0.8850571029069888
4397.569999992847,2.4064572982635827e-05,0.046894121015950356,3.335220629873711,-2.1369123460212136,0.9527519956052731,-1.8597006644408455e-08,0.8849530959769034
4379.729999996722,2.4065926830943574e-05,0.04688824021763966,3.3429093073294327,-2.139102670961447,0.9527519956052731,-1.864606732753928e-08,0.88484910857955
4390.75,2.4008933164538098e-05,0.04682599424864086,3.3344262641840743,-2.1380951007837727,0.9527519956052731,-1.8587636084227024e-08,0.884745132087603
4392.079999998212,2.3821624491852935e-05,0.04652643432403887,3.3830430915055647,-2.1476938745030933,0.9527519956052731,-1.8467706449233538e-08,0.8846411578737375
4285.10000000149,2.085928735604029e-05,0.04131572859306107,4.213087254269681,-2.31118369685039,0.8797802088546924,-1.7140119488672784e-08,0.8845371773106286
4376.969999998808,2.381046409855452e-05,0.04646123615065007,3.371611323013779,-2.1455953829674557,0.9527519956052731,-1.848415020240568e-08,0.8844331817709514
4382.369999997318,2.363052478066936e-05,0.04623772564397252,3.4495497678693905,-2.1602839818870954,0.9527519956052731,-1.8383563461449088e-08,0.8843291626273804
4383.94999999553,2.3628810738306196e-05,0.04623772564397252,3.4495497678693905,-2.1602839818870954,0.9527519956052731,-1.837907857207781e-08,0.8842251112525906
4384.109999999404,2.3599629615875758e-05,0.0461656219113817,3.4236087941676754,-2.1563545454150432,0.9527519956052731,-1.8347698800585376e-08,0.8841210190192572
4385.0,2.3377162599632655e-05,0.04586433662157752,3.5030718915730894,-2.171958068855082,0.9527519956052731,-1.822766776233036e-08,0.8840168773000548
4380.979999996722,2.3320832544045667e-05,0.04581250766532936,3.5382496796320044,-2.1790164888519032,0.9527519956052731,-1.8218669269108716e-08,0.8839126774676588
4379.9599999934435,2.3197962471198865e-05,0.04557791641405376,3.5322139483863673,-2.178315453338155,0.9527519956052731,-1.8127104256780606e-08,0.8838084108947437
4376.920000001788,2.315371377718246e-05,0.045496553316008145,3.548638392942987,-2.1811177004945974,0.9527519956052731,-1.8104306540934966e-08,0.8837040689539846
4370.429999999702,2.3161904444860945e-05,0.04550604355467534,3.5448875253176215,-2.1808045584163707,0.9527519956052731,-1.8125264734456703e-08,0.8835996430180563
4379.679999992251,2.29951771706768e-05,0.04528637273568683,3.5861024218994366,-2.189344417685095,0.9527519956052731,-1.8011617754730625e-08,0.8834951244596341
4379.169999994338,2.292713965293688e-05,0.045184548623876254,3.602589195591941,-2.1933891985841503,0.9527519956052731,-1.7972244419322415e-08,0.8833905046513923
4377.890000000596,2.2862544150732336e-05,0.04509852289905702,3.6227374679257087,-2.1968063845863512,0.9527519956052731,-1.7941277489184656e-08,0.8832857749660065
4364.29999999702,2.2834514227334605e-05,0.0450533017657974,3.64562202142993,-2.2011954392429676,0.9527519956052731,-1.7960460070936688e-08,0.8831809267761512
4366.760000005364,2.2736950914675947e-05,0.044894804090712316,3.6571278060577264,-2.2045271472332577,0.9527519956052731,-1.7889817358608684e-08,0.8830759514545016
4365.710000000894,2.2769711980153977e-05,0.04498605844642823,3.691964705685262,-2.2105392978025837,0.9527519956052731,-1.7930770533404258e-08,0.8829708403737324
4366.1500000059605,2.2601672991552758e-05,0.044698394430297696,3.688669604766355,-2.2101919817300106,0.9527519956052731,-1.781221678161266e-08,0.8828655849065187
4368.129999995232,2.2599632277279468e-05,0.044698394430297696,3.688669604766355,-2.2101919817300106,0.9527519956052731,-1.7806884745183613e-08,0.8827601764255353
4290.079999998212,2.472570565719083e-05,0.04683791379996765,3.2715532814228876,-2.1217858290680205,0.9679071855407022,-1.9449968025080876e-08,0.8826546063034574
4359.609999999404,2.2650635644937593e-05,0.04474318412062926,3.6655865949352986,-2.2057799601729102,0.9527519956052731,-1.7847628802327613e-08,0.8825488659129594
4327.640000000596,2.3231819838745704e-05,0.04555497289600292,3.548125844574738,-2.181543551803994,0.9527519956052731,-1.8258583531699195e-08,0.8824429466267167
4352.409999996424,2.2527324186209527e-05,0.04458153352356936,3.7464000113427165,-2.2208790682680357,0.9527519956052731,-1.7803911653959294e-08,0.8823368398174043
4355.609999999404,2.2381407696264537e-05,0.04434463287305999,3.7321055863188795,-2.2192328406591026,0.9527519956052731,-1.769682105128968e-08,0.8822305368576968
4347.429999999702,2.2453153778906005e-05,0.04440830980568828,3.7363057926243854,-2.218845797234528,0.9527519956052731,-1.774770189619622e-08,0.8821240291202692
4345.54999999702,2.2350729312220785e-05,0.04431045205835942,3.7608555809996833,-2.225553237741567,0.9527519956052731,-1.770900655900591e-08,0.8820173079777965
4347.839999996126,2.230087587992967e-05,0.04422843593724011,3.790599256283752,-2.2300591926238797,0.9527519956052731,-1.7672293978978994e-08,0.8819103648029537
4341.19999999553,2.2307556229844995e-05,0.04422843593724011,3.790599256283752,-2.2300591926238797,0.9527519956052731,-1.7689386857418072e-08,0.8818031909684155
4346.460000000894,2.227849329731085e-05,0.04418735364583659,3.8076675209039577,-2.2325841293873374,0.9527519956052731,-1.7660564525975275e-08,0.8816957778468573
4341.80000000447,2.2151085898848732e-05,0.044025073205016606,3.817096030688834,-2.2368870650990464,0.9527519956052731,-1.7601876570349517e-08,0.8815881168109536
4347.310000002384,2.2117843420877496e-05,0.043958394011160244,3.8048303102497583,-2.234678035421614,0.9527519956052731,-1.756087372503275e-08,0.8814801992333794
4343.5,2.196446959858836e-05,0.043741700511484155,3.8899176447744583,-2.2499025387463853,0.9527519956052731,-1.748499295421677e-08,0.8813720164868097
4335.839999996126,2.1878231958942827e-05,0.04359278969200438,3.8926009116245464,-2.250772608935483,0.9527519956052731,-1.744240414161675e-08,0.8812635599439196
4326.840000003576,2.188441506813726e-05,0.043576103172229354,3.868258385035716,-2.247160373725029,0.9527519956052731,-1.745684973357172e-08,0.8811548209773837
4335.210000000894,2.1787680487604728e-05,0.04346201174182432,3.9210824770916126,-2.2565065789620125,0.9527519956052731,-1.7390532364418144e-08,0.8810457909598771
4334.410000003874,2.185188451620766e-05,0.04352583117871488,3.8801259004015733,-2.2485302386193626,0.9527519956052731,-1.7419059713148274e-08,0.8809364612640747
4327.340000003576,2.170945973044935e-05,0.04336787667470862,3.9553067776922113,-2.262962673942757,0.8657168071514588,-1.736987082720524e-08,0.8808268232626516
4328.030000001192,2.1655853147419087e-05,0.04325083055195992,3.9557721714321232,-2.2622306253381024,0.8657168071514588,-1.7322141168148322e-08,0.8807168683282826
4329.060000002384,2.165484938684662e-05,0.04325083055195992,3.9557721714321232,-2.2622306253381024,0.8657168071514588,-1.7319609383525673e-08,0.8806065878336423
4329.140000000596,2.152002904113342e-05,0.043071446399552175,3.998557189966979,-2.2722319602515073,0.8657168071514588,-1.7244362542732647e-08,0.8804959731514063
4327.460000008345,2.14780319543788e-05,0.04302002117877468,4.0011090929967095,-2.27227251209727,0.8657168071514588,-1.7225649938388e-08,0.8803850156542491
4334.119999997318,2.136327001237892e-05,0.0428973404558117,4.067831468413237,-2.2848147535524586,0.8657168071514588,-1.7158244460586125e-08,0.8802737067148456
4333.340000003576,2.1267550189874574e-05,0.042732513110834945,4.044646518592922,-2.2817713426807615,0.8657168071514588,-1.7090235459147995e-08,0.880162037705871
5205.330000005662,4.634979576129107e-05,0.08573267595910385,0.0635523607137376,-1.2801920288416284,3.2841904124387775,-2.2972955974677542e-08,0.8798250739382452
4386.689999997616,2.5479371441248877e-05,0.0487813302588007,2.9971127744873467,-2.0669562651640185,0.9418581068125383,-1.9359274559768903e-08,0.8797122603785383
4392.3499999940395,2.506285891548205e-05,0.04825372754743649,3.1054339973746323,-2.0895272894901353,0.9527519956052731,-1.9141947178010502e-08,0.8795992190194747
4286.04999999702,2.183219012523861e-05,0.04266479677346341,3.923692934971772,-2.2548843911551844,0.8797802088546924,-1.771946867278985e-08,0.879485954275951
4390.089999996126,2.469507790270723e-05,0.04776600160250922,3.1913173096065393,-2.1077837555467913,0.9527519956052731,-1.8959552805831768e-08,0.8793724705628647
4373.719999998808,2.4527616945021634e-05,0.04746543665413475,3.2224206339991532,-2.1144214553714247,0.9527519956052731,-1.888936492033225e-08,0.8792587722951124
4379.169999994338,2.435271132224499e-05,0.047271534561488304,3.2813598879678816,-2.125547717885196,0.9527519956052731,-1.879943377354159e-08,0.8791448638875915
4395.419999994338,2.4313444480647596e-05,0.04724707248693682,3.2964601725259683,-2.128577811645476,0.9527519956052731,-1.874366555320593e-08,0.8790307497551988
4382.980000004172,2.4105852216675332e-05,0.04694455143135273,3.3269033750380714,-2.136024150715496,0.9527519956052731,-1.865828296920114e-08,0.8789164343128312
4381.269999995828,2.4036535977980282e-05,0.04682316831344392,3.331558648309384,-2.137015757828709,0.9527519956052731,-1.861494703071309e-08,0.878801921975386
4286.570000000298,2.1022112272190964e-05,0.04153031318590369,4.134214476608467,-2.2965265423058465,0.8797802088546924,-1.722858950886007e-08,0.8786872171577602
4388.070000000298,2.382602423343443e-05,0.04652643432403887,3.3830430915055647,-2.1476938745030933,0.9527519956052731,-1.8479264358097066e-08,0.8785723242748505
4377.539999999106,2.3837540299746426e-05,0.04652643432403887,3.3830430915055647,-2.1476938745030933,0.9527519956052731,-1.850927703548589e-08,0.8784572477415544
4384.619999997318,2.3721692833738977e-05,0.04639332283896477,3.4183395916870403,-2.155480170707603,0.9527519956052731,-1.843658939796944e-08,0.8783419919727686
4377.609999999404,2.3606664862926386e-05,0.0461656219113817,3.4236087941676754,-2.1563545454150432,0.9527519956052731,-1.8366047669423647e-08,0.8782265613833903
4381.910000003874,2.3631023578315534e-05,0.04623772564397252,3.4495497678693905,-2.1602839818870954,0.9527519956052731,-1.8384867128809597e-08,0.8781109603883165
4295.5299999937415,2.0503389292191534e-05,0.04077191235653912,4.2772364624951775,-2.3246923781790976,0.8797802088546924,-1.6877217745402115e-08,0.8779951934024439
4387.390000000596,2.3487895669772647e-05,0.04603338709320368,3.4591004751024963,-2.1641715653576235,0.9527519956052731,-1.828576104977387e-08,0.87787926484067
4379.070000000298,2.3403316868988015e-05,0.04587811035887391,3.490908363229475,-2.1690533005052917,0.9527519956052731,-1.824989102475934e-08,0.8777631791178916
4373.990000002086,2.3435141440074522e-05,0.04593641850922371,3.4905640083267837,-2.1694982903781015,0.9527519956052731,-1.8286786565689367e-08,0.8776469406490056
4383.80000000447,2.3246614669647565e-05,0.045693920202083224,3.534232725756957,-2.1793701872592104,0.9527519956052731,-1.8161916405284795e-08,0.8775305538489093
4382.020000003278,2.317595498614613e-05,0.04556445096694569,3.544377942788927,-2.181228964993153,0.9527519956052731,-1.8115775476775248e-08,0.8774140231324995
4368.460000000894,2.3210164923257325e-05,0.04557791641405376,3.5322139483863673,-2.178315453338155,0.9527519956052731,-1.815891129076899e-08,0.8772973529146735
4398.390000000596,2.279872107551413e-05,0.0450533017657974,3.64562202142993,-2.2011954392429676,0.9527519956052731,-1.7865902107777648e-08,0.877180547610328
4403.269999995828,2.2055343972937798e-05,0.04472592327230805,3.77860198869514,-2.2302215000976564,0.9381049883356392,-1.7197778612637436e-08,0.8770636116343603
4410.29999999702,2.1986247191865565e-05,0.04464868770758739,3.8199416794702543,-2.2377070855162566,0.9381049883356392,-1.7152837776047946e-08,0.8769465494016673
4399.780000001192,2.2590480647999177e-05,0.04473985410631724,3.6724307779360785,-2.2077977405521403,0.9527519956052731,-1.7734575185219996e-08,0.876829365327146
4396.179999999702,2.2639049789479832e-05,0.04480183077067329,3.664725495398322,-2.2061649716573966,0.9527519956052731,-1.7770056320419744e-08,0.8767120638256932
4388.969999998808,2.2601770168610486e-05,0.04473985410631724,3.6724307779360785,-2.2077977405521403,0.9527519956052731,-1.776496222773839e-08,0.8765946493122064
4389.679999999702,2.2695936552008755e-05,0.0449001361047183,3.6586734728380925,-2.205207986945741,0.9527519956052731,-1.78267680838178e-08,0.8764771262015824
4369.840000003576,2.262161620149019e-05,0.04473985410631724,3.6724307779360785,-2.2077977405521403,0.9527519956052731,-1.7817517823916987e-08,0.8763594989087183
4371.85000000149,2.2619538957139105e-05,0.04473985410631724,3.6724307779360785,-2.2077977405521403,0.9527519956052731,-1.7812069178233268e-08,0.8762417718485109
4379.79999999702,2.2567787423795394e-05,0.04468588460384652,3.700835892533055,-2.213126471555314,0.9527519956052731,-1.7769610164550792e-08,0.8761239494358574
4368.929999999702,2.2578933414604618e-05,0.04468588460384652,3.700835892533055,-2.213126471555314,0.9527519956052731,-1.779917050796314e-08,0.8760060360856549
4380.329999998212,2.246306464305061e-05,0.044584388262795364,3.7543539040061003,-2.223452867647458,0.9527519956052731,-1.772627430206825e-08,0.8758880362128003
4379.1500000059605,2.240757188454782e-05,0.04444475631203716,3.7144952666967175,-2.217149747964833,0.9527519956052731,-1.767183200028656e-08,0.8757699542321906
4388.289999999106,2.237179008513026e-05,0.04438602473661274,3.7155283379465214,-2.2167869106055695,0.9527519956052731,-1.762402627831449e-08,0.8756517945587229
4376.35000000149,2.2254817534416382e-05,0.04423464751079234,3.7916203146202134,-2.230576315200157,0.9527519956052731,-1.7596774028461306e-08,0.8755335616072942
4385.2900000065565,2.2128342534372586e-05,0.04404677266064091,3.8003681511492964,-2.2334756287018815,0.9527519956052731,-1.749538924105144e-08,0.8754152597928015
4376.0,2.207184131201618e-05,0.04396506877883028,3.805575552760785,-2.235106993434061,0.9527519956052731,-1.7485335994421956e-08,0.8752968935301421
4382.25,2.193497207739757e-05,0.04380711855810244,3.888704575490417,-2.250582236141273,0.9527519956052731,-1.74058185151797e-08,0.8751784672342124
4384.2799999937415,2.195138086608011e-05,0.043810865309782794,3.8562737139077043,-2.244302464322431,0.9527519956052731,-1.7401391461688196e-08,0.87505998531991
4380.269999995828,2.1860482419121002e-05,0.04365026293787313,3.897958506877785,-2.251506009430527,0.9527519956052731,-1.7349974158343034e-08,0.8749414522021319
4383.75,2.1810837492310188e-05,0.04358323048831959,3.8687180829521175,-2.247497566322648,0.9527519956052731,-1.7309624529584335e-08,0.8748228722957747
4370.7799999937415,2.1780285086765696e-05,0.04353119164994975,3.8867642102544844,-2.2507339661888177,0.9527519956052731,-1.7322834042662918e-08,0.8747042500157358
4372.659999996424,2.1713775169283916e-05,0.043457897888518476,3.93368943175017,-2.259799036125756,0.8657168071514588,-1.728853356603843e-08,0.874585589776912
4380.469999998808,2.1657205534160552e-05,0.04336787667470862,3.9553067776922113,-2.262962673942757,0.8657168071514588,-1.7233178172747162e-08,0.8744668959942006
4375.270000003278,2.1626766118060202e-05,0.04337414162396958,3.9614143364808374,-2.265009780192621,0.8657168071514588,-1.7244414124462844e-08,0.8743481730824985
4374.269999995828,2.1545972389385054e-05,0.04318260499017373,3.9315828779570765,-2.259872877735311,0.8657168071514588,-1.7170465044522037e-08,0.8742294254567025
4387.79999999702,2.1445504087443793e-05,0.04307899720281335,3.9987230835751904,-2.272473723296583,0.8657168071514588,-1.70931606162952e-08,0.8741106575317098
4368.85000000149,2.143785250216537e-05,0.04302002117877468,4.0011090929967095,-2.27227251209727,0.8657168071514588,-1.7120884062498072e-08,0.8739918737224176
4369.170000001788,2.1300327113731755e-05,0.04282477806319162,3.9887147763669333,-2.2719678396514977,0.8657168071514588,-1.7035213462022874e-08,0.8738730784437226
4374.909999996424,2.1302563809918634e-05,0.04287887568253143,4.036758095905415,-2.279969908444244,0.8657168071514588,-1.704255736978502e-08,0.8737542761105221
4370.19999999553,2.121357243999967e-05,0.04273201671493233,4.050184362672699,-2.2834826820779406,0.8657168071514588,-1.6994257062611434e-08,0.873635471137713
4367.04999999702,2.103322161176951e-05,0.042462437351835906,4.122286267139045,-2.2956015014693127,0.8657168071514588,-1.689289677326327e-08,0.8735166679401923
4356.409999996424,2.104340339960858e-05,0.042462437351835906,4.122286267139045,-2.2956015014693127,0.8657168071514588,-1.692005038269707e-08,0.8733978709328573
4358.45000000298,2.1091632746876994e-05,0.04256037897606019,4.114098779692555,-2.2942538174571823,0.8657168071514588,-1.6953590184925288e-08,0.8732790845306043
4369.229999996722,2.0809478825250646e-05,0.04218679002395484,4.186565141521858,-2.308756420394434,0.8657168071514588,-1.676819163936772e-08,0.8731603131483313
4360.929999999702,2.067614501278316e-05,0.04196507687074664,4.173709198367664,-2.3081918601453597,0.8657168071514588,-1.669476017030156e-08,0.8730415612009346
4358.909999996424,2.070708996225994e-05,0.04204054079941253,4.205947843824884,-2.3128066671089327,0.8657168071514588,-1.6730927127179197e-08,0.8729228331033115
4360.840000003576,2.0604957594384323e-05,0.04184438463226013,4.228760643556238,-2.3164958031766854,0.8657168071514588,-1.6648982303450668e-08,0.8728041332703591
4365.19999999553,2.0487375237890245e-05,0.04168984809691014,4.2543707939160385,-2.322326434828988,0.8657168071514588,-1.6571676604128356e-08,0.8726854661169742
4368.170000001788,2.0413344412153117e-05,0.041569705363887405,4.310955891266675,-2.3308545219852466,0.8657168071514588,-1.6518170528126105e-08,0.872566836058054
4357.960000000894,2.0393816611054e-05,0.041493786805187484,4.277812539789944,-2.326133014174026,0.8657168071514588,-1.651282913004332e-08,0.8724482475084955
4357.659999996424,2.0355818691634645e-05,0.04148637356915159,4.29396309707166,-2.330490640493578,0.8657168071514588,-1.6505424027511512e-08,0.8723297048831955
4363.479999996722,2.0301588408839815e-05,0.041399385151341284,4.299459695223399,-2.3319555430859205,0.8657168071514588,-1.645548427806782e-08,0.8722112125970515
4366.60000000149,2.0227446744087102e-05,0.04127975510850557,4.357143213144238,-2.3406686477445797,0.8657168071514588,-1.640159815927475e-08,0.8720927750649601
4363.679999999702,2.0115328704730972e-05,0.04111879808014287,4.361199160869627,-2.34386325048485,0.8657168071514588,-1.633848174514974e-08,0.8719743967018184
4363.2200000062585,2.0065600905802302e-05,0.04102136669167098,4.370590437206797,-2.345459257809195,0.8657168071514588,-1.630101604155706e-08,0.8718560819225236
4348.469999991357,1.9964183120258622e-05,0.04085562162275626,4.433923642149781,-2.355589596806631,0.8657168071514588,-1.6269048500262615e-08,0.8717378351419726
4363.920000001788,1.993035613819884e-05,0.040847734009824645,4.4453464904711275,-2.3584522310211096,0.8657168071514588,-1.6225624920720365e-08,0.8716196607750625
4257.69999999553,1.6953546784098954e-05,0.035446174541699155,5.493599392091554,-2.5473582882241734,0.7736104137959401,-1.4611250193723977e-08,0.8715015632366903
4351.989999994636,1.9766893542641574e-05,0.04051708705514681,4.474527382746264,-2.3633363816546353,0.8657168071514588,-1.6122605556458994e-08,0.8713835469417529
4348.060000002384,1.970835949650093e-05,0.04047267440801729,4.5188728441011,-2.3723096677221185,0.8657168071514588,-1.6109106729160097e-08,0.8712656163051474
4357.219999998808,1.9722566515959112e-05,0.040501527593088865,4.496422799990089,-2.368359351738692,0.8657168071514588,-1.6098694889826983e-08,0.871147775741771
4350.45000000298,1.9612470068460774e-05,0.04033158022736486,4.535594027018638,-2.3773422792373764,0.8657168071514588,-1.6042881364972738e-08,0.8710300296665204
4341.79999999702,1.952240333075117e-05,0.040156411365277374,4.54806578402099,-2.3783433457327123,0.8657168071514588,-1.599219586716221e-08,0.8709123824942929
4355.830000005662,1.9463776226112856e-05,0.04008831160416626,4.593715310676997,-2.385767195332365,0.8657168071514588,-1.593159685956569e-08,0.8707948386399854
4351.019999995828,1.9468034241666896e-05,0.04008831160416626,4.593715310676997,-2.385767195332365,0.8657168071514588,-1.59431511495069e-08,0.8706774025184949
4342.7799999937415,1.9361711759622774e-05,0.039940953894214905,4.607738199578382,-2.390555335254095,0.8657168071514588,-1.589590492469562e-08,0.8705600785447187
4349.090000003576,1.9255811331619223e-05,0.03974463943271306,4.646696700297275,-2.3959534137201315,0.8657168071514588,-1.580418605740209e-08,0.8704428711335533
4337.3499999940395,1.926604442581849e-05,0.03974463943271306,4.646696700297275,-2.3959534137201315,0.8657168071514588,-1.5831704719556117e-08,0.8703257846998963
4330.14999999851,1.918769227648279e-05,0.03967566742801676,4.696403484709828,-2.4056801650790884,0.8657168071514588,-1.5812554589804524e-08,0.8702088236586444
4340.0299999937415,1.912764700865097e-05,0.03957019080065199,4.683565783825416,-2.404774687517716,0.8657168071514588,-1.574677315050253e-08,0.8700919924246946
4339.369999997318,1.9050266550486218e-05,0.03940212269316559,4.70023157551484,-2.4062070234287027,0.8657168071514588,-1.568324971675793e-08,0.869975295412944
4343.509999997914,1.8980660044305813e-05,0.039329840625616154,4.747658752097006,-2.4150316325656447,0.8657168071514588,-1.5640606017577708e-08,0.8698587370382896
4335.890000000596,1.898719730749411e-05,0.039329840625616154,4.747658752097006,-2.4150316325656447,0.8657168071514588,-1.5658199311069373e-08,0.8697423217156286
4324.10000000149,1.8956260393468377e-05,0.03930657795722076,4.773670436685324,-2.420080037342011,0.8657168071514588,-1.5670440169177357e-08,0.8696260538598578
4343.420000001788,1.8916018848824983e-05,0.03926772905904475,4.798074874949484,-2.4237337376891372,0.8657168071514588,-1.5611035710337875e-08,0.8695099378858743
4337.909999996424,1.8771431662411067e-05,0.03898927591484148,4.802121281693942,-2.425403185880853,0.8657168071514588,-1.550977215473862e-08,0.8693939782085752
4328.5299999937415,1.8779366312885682e-05,0.03898927591484148,4.802121281693942,-2.425403185880853,0.8657168071514588,-1.5531025942522915e-08,0.8692781792428574
4330.719999998808,1.8665168587756092e-05,0.03885218036599648,4.878359077131208,-2.4383456487579784,0.8657168071514588,-1.5464795279594975e-08,0.8691625454036179
4331.469999998808,1.860771871234511e-05,0.03870456606582017,4.8274259469783685,-2.430797567240855,0.8657168071514588,-1.5404999349472163e-08,0.869047081105754
4325.489999994636,1.8503010105787137e-05,0.038589565240548546,4.908331916117995,-2.444575861810894,0.8657168071514588,-1.5364007938895044e-08,0.8689317907641624
4319.320000000298,1.8531929432521885e-05,0.03862815480235045,4.88295437452222,-2.440772654622484,0.8657168071514588,-1.5392959148765135e-08,0.8688166787937404
4333.520000003278,1.842893584317458e-05,0.0385095029594232,4.944125241320241,-2.4514472472728195,0.8657168071514588,-1.5309146212023783e-08,0.8687017496093847
4317.809999994934,1.8419462765640516e-05,0.03848255540770488,4.968700763013424,-2.4558063522020706,0.8657168071514588,-1.5332044637293612e-08,0.8685870076259926
4321.089999996126,1.838898865701875e-05,0.03841300021943859,4.956412729731644,-2.4535607910343873,0.8657168071514588,-1.5297884057989108e-08,0.8684724572584611
4333.75,1.8241063602540705e-05,0.038233030830221296,4.992451838779514,-2.461530513129794,0.8657168071514588,-1.51875522184227e-08,0.8683581029216872
4325.95000000298,1.8221066906563017e-05,0.038173050941493085,5.000163356591939,-2.4619430081333338,0.8657168071514588,-1.518201039333022e-08,0.8682439490305678
4940.04999999702,3.709055830487035e-05,0.06937981446980021,0.8005783555468104,-1.5372175577482463,2.8715478138841144,-2.2042915109060535e-08,0.8679029898917283
4369.670000001788,2.2116493375885478e-05,0.043980137849403446,3.788090560566334,-2.2312639957865237,0.9527519956052731,-1.7510861918456412e-08,0.8677899826035912
4378.850000008941,2.1707612990060727e-05,0.043457897888518476,3.93368943175017,-2.259799036125756,0.8657168071514588,-1.7272014802303535e-08,0.8676772961854204
4274.710000000894,1.844468719187708e-05,0.037675109127647204,4.960816253690429,-2.450639362730033,0.8797802088546924,-1.557798163061076e-08,0.8675649224066913
4330.219999998808,1.8811002305270378e-05,0.037251930673117474,4.240175734634376,-2.3560120759406322,2.010236942293193,-1.607607701817624e-08,0.8674528530368789
4379.520000003278,2.1071315543131177e-05,0.04256037897606019,4.114098779692555,-2.2942538174571823,0.8657168071514588,-1.689890599905355e-08,0.8673410798454588
4378.229999996722,2.101585301104058e-05,0.04241798979897405,4.070541914351222,-2.287519961194803,0.8657168071514588,-1.6844616764341835e-08,0.8672295946019063
4375.230000004172,2.084464422924914e-05,0.04221675669037769,4.160805791856133,-2.3035494573122826,0.8657168071514588,-1.6767111237175938e-08,0.8671183890756966
4379.19999999553,2.070633066409411e-05,0.042044024545706826,4.153055218321877,-2.3046793101714256,0.8657168071514588,-1.6679098487176146e-08,0.8670074550363053
4381.059999994934,2.0657061287996317e-05,0.04196507687074664,4.173709198367664,-2.3081918601453597,0.8657168071514588,-1.6642944929513152e-08,0.8668967842532075
4364.989999994636,2.0647241881258188e-05,0.041914957191480424,4.187780538499286,-2.309859548498486,0.8657168071514588,-1.6665543853235798e-08,0.8667863684958785
4376.619999989867,2.054392163732322e-05,0.04177745271741158,4.221289378391799,-2.315806456842044,0.8657168071514588,-1.6579245349197814e-08,0.8666761995337937
4384.5299999937415,2.049557179486619e-05,0.04174903373949897,4.250680675095601,-2.322369136024522,0.8657168071514588,-1.6544621900687973e-08,0.8665662691364286
4373.149999991059,2.037966470693153e-05,0.041493786805187484,4.277812539789944,-2.326133014174026,0.8657168071514588,-1.6474485873865368e-08,0.8664565690732583
4378.409999996424,2.0374741637982704e-05,0.041493786805187484,4.277812539789944,-2.326133014174026,0.8657168071514588,-1.646099415447003e-08,0.8663470911137582
4375.19999999553,2.0290695455739177e-05,0.041399385151341284,4.299459695223399,-2.3319555430859205,0.8657168071514588,-1.642577504404933e-08,0.8662378270274035
4375.339999996126,2.019295839244163e-05,0.04122029999057672,4.361116145478945,-2.340643072047355,0.8657168071514588,-1.635678543756828e-08,0.8661287685836698
4368.219999998808,2.0152052593369153e-05,0.04114586028000658,4.331769775633569,-2.337266158855136,0.8657168071514588,-1.6341168894687174e-08,0.8660199075520323
4374.760000005364,2.0126226892852417e-05,0.0411375863426747,4.343257813202853,-2.340142996336674,0.8657168071514588,-1.6319121876745084e-08,0.8659112357019662
4373.710000000894,2.0055889080355067e-05,0.04102136669167098,4.370590437206797,-2.345459257809195,0.8657168071514588,-1.6274636695286275e-08,0.865802744802947
4369.100000008941,2.003645723560644e-05,0.04098141978600518,4.391970318939255,-2.3486444993580142,0.8657168071514588,-1.627105358603914e-08,0.8656944266244501
4379.169999994338,1.9916420815238416e-05,0.040847734009824645,4.4453464904711275,-2.3584522310211096,0.8657168071514588,-1.61872790052406e-08,0.8655862729359506
4366.090000003576,1.989934680350048e-05,0.04077132583202339,4.411192169547308,-2.3536332547618164,0.8657168071514588,-1.6189200287035336e-08,0.8654782755069239
4378.229999996722,1.981441203033776e-05,0.04063411513902225,4.442660570267889,-2.3585310450157304,0.8657168071514588,-1.6104949449944217e-08,0.8653704261068453
4367.44999999553,1.9799147071928452e-05,0.04058414379129774,4.458778410677765,-2.3604649094716836,0.8657168071514588,-1.611306683893453e-08,0.8652627165051904
4269.260000005364,1.669008814210607e-05,0.03502686978257307,5.618668813975596,-2.5674625340774697,0.7736104137959401,-1.4400242849328052e-08,0.8651551384714341
4369.979999996722,1.9617429955383866e-05,0.04035945810570137,4.509786652635415,-2.371904457947223,0.8657168071514588,-1.6006607147938155e-08,0.865047683775052
4365.920000001788,1.9621077999250397e-05,0.04035945810570137,4.509786652635415,-2.371904457947223,0.8657168071514588,-1.60166469763343e-08,0.8649403441855193
4367.69999999553,1.947697876855865e-05,0.04012776312900305,4.570835588333326,-2.382353301021302,0.8657168071514588,-1.5917956967271345e-08,0.8648331114723117
4363.85000000149,1.9502844075481802e-05,0.040156411365277374,4.54806578402099,-2.3783433457327123,0.8657168071514588,-1.593921029261606e-08,0.8647259774049039
4370.54999999702,1.9474434843242984e-05,0.04012776312900305,4.570835588333326,-2.382353301021302,0.8657168071514588,-1.5910932499009722e-08,0.8646189337527718
4364.039999999106,1.9427451899045926e-05,0.040011336777306915,4.558331955924016,-2.3808141351288787,0.8657168071514588,-1.588063390176686e-08,0.8645119722853905
4369.810000002384,1.9384063699048555e-05,0.04000829459454176,4.572239668541296,-2.3846485290963195,0.8657168071514588,-1.585834282575257e-08,0.8644050847722351
4363.10000000149,1.928971748520555e-05,0.03981241367749876,4.600264616010415,-2.3883988392382265,0.8657168071514588,-1.5797734662198055e-08,0.8642982629827812
4366.060000009835,1.9264674443262036e-05,0.03978397474442007,4.623356028083714,-2.392468981216661,0.8657168071514588,-1.577873345159162e-08,0.8641914986865041
4367.420000001788,1.9180344746386812e-05,0.03972542121751634,4.678424965187702,-2.4034958205429655,0.8657168071514588,-1.57434237808622e-08,0.8640847836528792
4359.439999997616,1.9187352988693493e-05,0.03972542121751634,4.678424965187702,-2.4034958205429655,0.8657168071514588,-1.5762768538025692e-08,0.8639781096513817
4361.920000001788,1.9206295746521086e-05,0.03974251724246569,4.6600864235029515,-2.39965625273873,0.8657168071514588,-1.5765352100862935e-08,0.8638714684514868
4370.8499999940395,1.910081758205969e-05,0.03957019080065199,4.683565783825416,-2.404774687517716,0.8657168071514588,-1.5673369767805455e-08,0.86376485182267
4366.210000008345,1.9027025187346166e-05,0.03940212269316559,4.70023157551484,-2.4062070234287027,0.8657168071514588,-1.5619861106678892e-08,0.8636582515344069
4360.560000002384,1.901346552567091e-05,0.039406711216351094,4.702511584797078,-2.4070629286926803,0.8657168071514588,-1.563078416260025e-08,0.8635516593561724
4371.25,1.8938201787431485e-05,0.039334399061062994,4.749966607748342,-2.4158925312088884,0.8657168071514588,-1.5572043397030927e-08,0.863445067057442
4365.4599999934435,1.892079730023642e-05,0.03930657795722076,4.773670436685324,-2.420080037342011,0.8657168071514588,-1.5574232431115526e-08,0.8633384664076909
4359.039999999106,1.8819427638199968e-05,0.039060791780831265,4.7543055012972975,-2.4165213895256614,0.8657168071514588,-1.549367560690455e-08,0.8632318491763946
4357.120000004768,1.8821075865336143e-05,0.039060791780831265,4.7543055012972975,-2.4165213895256614,0.8657168071514588,-1.549821196426023e-08,0.8631252071330283
4358.869999997318,1.8712661891069355e-05,0.038966743137027415,4.828065368845005,-2.4304044628098267,0.8657168071514588,-1.5446615077405718e-08,0.8630185320470675
4355.2799999937415,1.863651029290788e-05,0.038790124224778386,4.821944348101578,-2.429226759981381,0.8657168071514588,-1.5385922221176874e-08,0.8629118156879872
4359.070000007749,1.854617600277053e-05,0.038705179357431146,4.83916424478883,-2.4340868047538873,0.8657168071514588,-1.5333499674990705e-08,0.8628050498252632
4360.010000005364,1.8545379870209733e-05,0.038705179357431146,4.83916424478883,-2.4340868047538873,0.8657168071514588,-1.5331291521619764e-08,0.8626982262283704
4358.929999999702,1.849877566224259e-05,0.03862815480235045,4.88295437452222,-2.440772654622484,0.8657168071514588,-1.5303084368015813e-08,0.8625913366667846
4353.25,1.8412468124967154e-05,0.0385095029594232,4.944125241320241,-2.4514472472728195,0.8657168071514588,-1.5264180535252026e-08,0.8624843729099806
4351.29999999702,1.8367841900394576e-05,0.03844611866501018,4.9328880414668435,-2.449711574365583,0.8657168071514588,-1.5239130407473243e-08,0.862377326727434
4360.810000002384,1.838757974127073e-05,0.03851561404485889,4.945195904962012,-2.451957648942216,0.8657168071514588,-1.524386842217762e-08,0.86227018988862
4252.719999998808,1.536486755515007e-05,0.032929187590173534,6.134202811881792,-2.6574544107490174,0.7907669479360189,-1.348378645721692e-08,0.8621629541630141
4354.339999996126,1.8245203849085634e-05,0.03824836432760724,4.973876807246342,-2.4575968592216793,0.8657168071514588,-1.514953340066339e-08,0.8620556113200916
4345.270000003278,1.8111407478601706e-05,0.038033770215003496,5.03426556822782,-2.4670566829550835,0.8657168071514588,-1.5078579378237997e-08,0.8619481531293277
4348.170000001788,1.8015260966497123e-05,0.03789796241957557,5.048565029338402,-2.4720067965017365,0.8657168071514588,-1.5011520017610846e-08,0.8618405713601978
4350.670000009239,1.801321313450223e-05,0.03789796241957557,5.048565029338402,-2.4720067965017365,0.8657168071514588,-1.5005851821853726e-08,0.8617328577821772
4346.030000001192,1.7924586533385232e-05,0.03776927563269102,5.103562288171533,-2.4798400658794786,0.8657168071514588,-1.4960082100532083e-08,0.8616250041647415
4351.880000010133,1.7944883905503583e-05,0.0378186395174324,5.082020005071136,-2.4771890313479963,0.8657168071514588,-1.496583159621807e-08,0.8615170022773656
4346.270000003278,1.787550027056809e-05,0.03768479049090547,5.109653850362683,-2.481512893149102,0.8657168071514588,-1.49241169807096e-08,0.8614088438895251
4349.619999997318,1.784900969329694e-05,0.03764668281897802,5.136779303358441,-2.4855771715610397,0.8657168071514588,-1.4901287593381375e-08,0.8613005207706952
4345.019999995828,1.7803870424117534e-05,0.03756426143788458,5.105083424040146,-2.4824928312510415,0.8657168071514588,-1.4874976854000928e-08,0.8611920246903513
4339.140000000596,1.7759732227537125e-05,0.03747796659102495,5.139062729683255,-2.487531003000297,0.8657168071514588,-1.4853355251161673e-08,0.8610833474179688
4344.589999996126,1.773687414356084e-05,0.03748568750438986,5.138748994412758,-2.487635296915766,0.8657168071514588,-1.4838654205597677e-08,0.8609744807230226
4343.719999991357,1.7620003337120657e-05,0.03731147899301853,5.203512472413205,-2.4985648561964187,0.8657168071514588,-1.4765342165057279e-08,0.8608654163749887
4345.920000001788,1.7521829330452565e-05,0.03715415606808097,5.195843246357025,-2.4980723197546504,0.8657168071514588,-1.4692037477237016e-08,0.860756146143342
4344.510000005364,1.743313924465337e-05,0.037051193085930634,5.273794049418218,-2.511374293236414,0.8657168071514588,-1.46468114373396e-08,0.860646661797558
4341.430000007153,1.7241385755929756e-05,0.03672388098150085,5.323736649000189,-2.519647792115925,0.7610625621565379,-1.451536543682091e-08,0.8605369551071118
4347.270000003278,1.726585088959955e-05,0.036804081350312386,5.366897292199734,-2.525409948919111,0.7610625621565379,-1.4533692502690624e-08,0.8604270178414789
4329.839999996126,1.7250365364466355e-05,0.03672388098150085,5.323736649000189,-2.519647792115925,0.7610625621565379,-1.4540207456799025e-08,0.8603168417701347
4341.090000003576,1.7221839138388966e-05,0.03672217561390102,5.3320051392420815,-2.5218877433777407,0.7610625621565379,-1.4510598179558209e-08,0.8602064186625543
4341.640000000596,1.7070811673701156e-05,0.03643574668321808,5.360391109235522,-2.5275989564757344,0.7610625621565379,-1.4392800106054885e-08,0.8600957402882133
4315.4700000062585,1.7045987810539065e-05,0.03638528396053668,5.3924095120406506,-2.5327382176319646,0.7610625621565379,-1.4423507418819127e-08,0.8599847984165869
4332.170000001788,1.7033131279086015e-05,0.03638528396053668,5.3924095120406506,-2.5327382176319646,0.7610625621565379,-1.4388528410459913e-08,0.8598735848171503
4331.379999995232,1.7011338613671143e-05,0.03636031803041229,5.419068319804671,-2.5375092557596717,0.7610625621565379,-1.4378392428753925e-08,0.8597620912593791
4327.010000005364,1.6965780512588556e-05,0.03627710411303912,5.424975839268448,-2.539188708764182,0.7610625621565379,-1.4352073476166311e-08,0.8596503095127486
4324.620000004768,1.6843334467561043e-05,0.03604939092215833,5.453660605718911,-2.5437148119641075,0.7610625621565379,-1.4263085152821157e-08,0.8595382313467337
4330.5,1.6816407429296504e-05,0.03602471093540937,5.4806222753046505,-2.548546983684711,0.7610625621565379,-1.423896282185719e-08,0.8594258485308102
4320.429999992251,1.680287610885213e-05,0.03601262404920108,5.498766108874955,-2.552491192884843,0.7610625621565379,-1.425130231907535e-08,0.8593131528344531
4315.409999996424,1.6729946660478677e-05,0.035856025232233316,5.54248392310425,-2.5579901348286422,0.7610625621565379,-1.4200200121911477e-08,0.8592001360271381
4318.639999985695,1.6658711678182432e-05,0.03577111582370241,5.588338658341977,-2.56568275959275,0.7610625621565379,-1.4153276064166122e-08,0.8590867898783402
4319.0999999940395,1.6658423571050273e-05,0.03577111582370241,5.588338658341977,-2.56568275959275,0.7610625621565379,-1.4152389919001442e-08,0.858973106157535
4324.730000004172,1.6580177749334136e-05,0.03564190587700746,5.5919809714355395,-2.5683196591492425,0.7610625621565379,-1.408567451052842e-08,0.8588590766341975
4327.880000010133,1.6478688512552402e-05,0.0354618588675698,5.624701616376569,-2.5720826930523275,0.7610625621565379,-1.4004841492529961e-08,0.8587446930778033
4316.609999999404,1.6464556622928356e-05,0.035437838591545166,5.6522998765814165,-2.577035737126838,0.7610625621565379,-1.401591409170886e-08,0.8586299472578276
4317.80000000447,1.6413425507546048e-05,0.035345366733066395,5.624211076690905,-2.5749199922243493,0.7610625621565379,-1.3973650731571237e-08,0.8585148309437458
4316.920000001788,1.6390258557963045e-05,0.0353089967646386,5.655694299869495,-2.579682450044645,0.7610625621565379,-1.3959998990552476e-08,0.8583993359050334
4319.1399999931455,1.6266983864032677e-05,0.03510565582220449,5.71709451374306,-2.5885017200926743,0.7610625621565379,-1.386930067596191e-08,0.8582834539111652
4313.0,1.6250300612869926e-05,0.035094864224691116,5.734958210788189,-2.5924202299115446,0.7610625621565379,-1.3872961094640567e-08,0.858167176731617
4313.809999994934,1.6200773827580407e-05,0.03501031594005157,5.795332711890296,-2.6008053626579235,0.7610625621565379,-1.3836951999279552e-08,0.8580504961358639
4314.560000002384,1.62002298118914e-05,0.03501031594005157,5.795332711890296,-2.6008053626579235,0.7610625621565379,-1.3835464151711315e-08,0.8579334038933815
4312.560000002384,1.607601881382037e-05,0.03477459888011262,5.782709511488381,-2.6000745247557426,0.7610625621565379,-1.3740798404315405e-08,0.8578158917736447
4317.810000009835,1.6027280231767073e-05,0.03472835420601716,5.833256503818053,-2.6089436520155305,0.7610625621565379,-1.370649901147284e-08,0.8576979515461293
4308.430000007153,1.596654626609974e-05,0.034659090081139286,5.895677285331965,-2.619199556959705,0.7610625621565379,-1.3688486038850037e-08,0.8575795749803102
4308.739999994636,1.5837993909034947e-05,0.0343990985317636,5.900138193109305,-2.6206951696291503,0.7610625621565379,-1.3582626763002198e-08,0.8574607538456631
4303.399999991059,1.5841766903151267e-05,0.0343990985317636,5.900138193109305,-2.6206951696291503,0.7610625621565379,-1.3592893886692233e-08,0.8573414799116631
4307.3499999940395,1.579134981104158e-05,0.03432822851134727,5.958333387427709,-2.6295648093846835,0.7610625621565379,-1.3554368717420247e-08,0.8572217449477856
4302.64999999851,1.5819802475545546e-05,0.03437658352642822,5.9285299712319635,-2.6258401445844095,0.7610625621565379,-1.3582442360985011e-08,0.8571015407235059
4301.740000002086,1.5624588862337728e-05,0.034048865656953364,5.9964426999339615,-2.6377370287577544,0.7610625621565379,-1.3442358720173844e-08,0.8569808590082992
4298.04999999702,1.6218597872270906e-05,0.034355497542845975,5.7751041531859855,-2.5966748122965093,0.7736104137959401,-1.4022351756785364e-08,0.8568596915716411
4293.820000000298,1.619867919155481e-05,0.03433317511269885,5.803326524920131,-2.601861952100746,0.7736104137959401,-1.4020427305739131e-08,0.8567380301830068
4305.179999999702,1.557715589095093e-05,0.03400374310946591,6.031166146686825,-2.642839160220485,0.7610625621565379,-1.3411223295937584e-08,0.8566158666118715
4300.979999996722,1.5580116336564995e-05,0.03400374310946591,6.031166146686825,-2.642839160220485,0.7610625621565379,-1.3419147537807683e-08,0.856493192627711
4696.159999996424,2.7619439915679535e-05,0.052969116426718,2.142848727441576,-1.9022877146137251,2.44000377744925,-1.9787669326424004e-08,0.856120337683344
4357.2200000062585,1.8975444507149114e-05,0.03938412231990313,4.731510990086248,-2.4136455985087104,0.8657168071514588,-1.5624679351427997e-08,0.8559934901207124
4352.350000008941,1.8504253683522046e-05,0.03862815480235045,4.88295437452222,-2.440772654622484,0.8657168071514588,-1.531837616185969e-08,0.8558653412162753
4354.480000004172,1.8342786047433854e-05,0.03841910036332547,4.957492650119808,-2.4540740421901845,0.8657168071514588,-1.5220021427666217e-08,0.8557359231658308
4356.0,1.828738571562282e-05,0.03829084601949784,4.9383170689432445,-2.45117584369657,0.8657168071514588,-1.5166487910487433e-08,0.8556052681651767
4350.29999999702,1.8134931058065884e-05,0.03810356700076548,5.046682823246099,-2.46932574456504,0.8657168071514588,-1.509398296606422e-08,0.855473408410111
4352.109999999404,1.791960813793946e-05,0.03776927563269102,5.103562288171533,-2.4798400658794786,0.8657168071514588,-1.4946366474853765e-08,0.8553403760964314
4341.70000000298,1.7835616342140358e-05,0.037643556868837205,5.145979045844401,-2.48801398689873,0.8657168071514588,-1.491352221887624e-08,0.8552062034199359
4352.259999997914,1.777952892066309e-05,0.037571991502375154,5.104777563431233,-2.4825976581786304,0.8657168071514588,-1.4856075968939853e-08,0.8550709225764221
4348.060000002384,1.773408809284057e-05,0.03748568750438986,5.138748994412758,-2.487635296915766,0.8657168071514588,-1.4830893897283274e-08,0.8549345657616884
4353.669999994338,1.7729561627243104e-05,0.03748568750438986,5.138748994412758,-2.487635296915766,0.8657168071514588,-1.4818267653067517e-08,0.8547971651715323
4344.090000003576,1.757876601545398e-05,0.037293918587839,5.228472992331508,-2.5031106537269623,0.8657168071514588,-1.4750046737571721e-08,0.8546587530017516
4355.609999999404,1.7492978988730995e-05,0.03714039702142528,5.21424887361195,-2.5020243344898687,0.8657168071514588,-1.4661859628272394e-08,0.8545193614481442
4351.079999998212,1.740944874335483e-05,0.03706003864874496,5.272452057320326,-2.5111668677930292,0.8657168071514588,-1.4629619877651265e-08,0.8543790227065085
4351.29999999702,1.735909677327661e-05,0.03696411035782495,5.2861461460416805,-2.5135489003504916,0.8657168071514588,-1.4590448285371039e-08,0.8542377689726416
4337.269999995828,1.7224818977568376e-05,0.03672217561390102,5.3320051392420815,-2.5218877433777407,0.7610625621565379,-1.4518869176578277e-08,0.8540956324423419
4340.670000001788,1.719971027856124e-05,0.03669692965991369,5.358358995306801,-2.526597671860599,0.7610625621565379,-1.449966784756713e-08,0.853952645311407
4346.329999998212,1.716755440404121e-05,0.03662638282975708,5.3460095371023275,-2.524326991539264,0.7610625621565379,-1.4460459142624353e-08,0.8538088397756349
4346.190000005066,1.7051442185533523e-05,0.036465730418428426,5.436255792436322,-2.5385657707629727,0.7610625621565379,-1.4389613604298797e-08,0.8536642480308235
4354.429999999702,1.7045042800130414e-05,0.036465730418428426,5.436255792436322,-2.5385657707629727,0.7610625621565379,-1.4371564710732074e-08,0.8535189022727707
4350.490000009537,1.6996605088070027e-05,0.03636031803041229,5.419068319804671,-2.5375092557596717,0.7610625621565379,-1.4337286890474729e-08,0.8533728346972742
4347.29999999702,1.69990734687013e-05,0.03636031803041229,5.419068319804671,-2.5375092557596717,0.7610625621565379,-1.4344237685594996e-08,0.853226077500132
4329.130000002682,1.7437331873791665e-05,0.03698304279728025,5.2527883070339385,-2.5067864027542646,0.8657168071514588,-1.4658824364792077e-08,0.853078662877142
4288.79999999702,1.8828987407634443e-05,0.03845070427988877,4.870312087094017,-2.437054643090636,0.8797802088546924,-1.586105561626027e-08,0.852930623024102
4347.880000002682,1.6925990028737432e-05,0.036240108368290676,5.454730311869973,-2.543677572562461,0.7610625621565379,-1.4292244043818042e-08,0.8527819901368098
4324.019999995828,1.7016978685671988e-05,0.03636031803041229,5.419068319804671,-2.5375092557596717,0.7610625621565379,-1.4393881559721788e-08,0.8526327964110634
4334.430000007153,1.686496139621603e-05,0.03613006806223621,5.498218272538587,-2.549616369706173,0.7610625621565379,-1.427374166009885e-08,0.8524830740426608
4336.159999996424,1.6811976161981382e-05,0.03602471093540937,5.4806222753046505,-2.548546983684711,0.7610625621565379,-1.422696757431293e-08,0.8523328552273997
4343.140000000596,1.680679055785998e-05,0.03602471093540937,5.4806222753046505,-2.548546983684711,0.7610625621565379,-1.4212197902890543e-08,0.8521821721610777
4341.179999999702,1.6690716331103603e-05,0.03585587029125692,5.549583396585097,-2.559968857458205,0.7610625621565379,-1.4141128908500057e-08,0.8520310570394932
4328.719999998808,1.6747706233931e-05,0.03592708665555223,5.554873507714493,-2.560281369605073,0.7610625621565379,-1.4199770900588616e-08,0.8518795420584439
4344.030000008643,1.6662138302020553e-05,0.0357954345037623,5.561036194225425,-2.5607902262376765,0.7610625621565379,-1.4112238669695692e-08,0.8517276594137275
4342.60000000149,1.6611637699232023e-05,0.03569013671290518,5.543013917833392,-2.559706712950734,0.7610625621565379,-1.4072252047615189e-08,0.8515754413011419
4340.810000002384,1.659191604243231e-05,0.035678460242175934,5.561082559054455,-2.5636485835868714,0.7610625621565379,-1.4067503388219388e-08,0.8514229199164851
4338.070000000298,1.6448643525248025e-05,0.035437838591545166,5.6522998765814165,-2.577035737126838,0.7610625621565379,-1.397187707247825e-08,0.8512701274555551
4338.510000005364,1.6474740975696943e-05,0.03549837099691118,5.6402360067536,-2.576147681079753,0.7610625621565379,-1.3993801541107008e-08,0.8511170961141495
4238.979999996722,1.3559251263745177e-05,0.030026028173314852,7.007784869700217,-2.800268718485974,0.7907669479360189,-1.2175399411413405e-08,0.8509638580880663
4341.869999997318,1.6326921901642183e-05,0.0352612472206467,5.689049182868608,-2.5848419979408255,0.7610625621565379,-1.388440625372669e-08,0.8508104455731034
4337.109999999404,1.6355551043002618e-05,0.03530992649512195,5.661874890612442,-2.5814509724128225,0.7610625621565379,-1.391330588706472e-08,0.8506568907650586
4236.090000003576,1.3377988727580722e-05,0.029707479785059353,7.092271666783876,-2.8140094955307022,0.7907669479360189,-1.2037802639363466e-08,0.8505032258597297
4321.239999994636,1.6244246552041823e-05,0.035094864224691116,5.734958210788189,-2.5924202299115446,0.7610625621565379,-1.3856440900958418e-08,0.8503494830529147
4331.730000004172,1.611635912436972e-05,0.03490677338687771,5.781805285247092,-2.601348296787883,0.7610625621565379,-1.3752318228204791e-08,0.8501956945404117
4332.210000000894,1.6089576660005908e-05,0.03484630032678722,5.7952364542216905,-2.602398209558211,0.7610625621565379,-1.3728474655173282e-08,0.8500418925180181
4318.7099999934435,1.6099361845591857e-05,0.03484630032678722,5.7952364542216905,-2.602398209558211,0.7610625621565379,-1.3755642347154279e-08,0.849888109181532
1700.0,7.942208462330592e-05,0.04887545864251654,-0.17572455466309922,-1.145328831445912,-0.0,-9.460784313725834e-08,0.8497343767267512
4332.240000002086,1.5949474470665966e-05,0.034659090081139286,5.895677285331965,-2.619199556959705,0.7610625621565379,-1.3641222831825282e-08,0.8495807273494738
4326.800000011921,1.595339155714736e-05,0.034659090081139286,5.895677285331965,-2.619199556959705,0.7610625621565379,-1.3652188642991767e-08,0.8494271932454975
4327.570000007749,1.5848406785150477e-05,0.034434786850720406,5.866713862851302,-2.6156356315812173,0.7610625621565379,-1.3560998835057494e-08,0.8492738066106202
4324.520000003278,1.5826789392612763e-05,0.0343990985317636,5.900138193109305,-2.6206951696291503,0.7610625621565379,-1.355173264733508e-08,0.8491205996406397
4333.069999992847,1.58008652180553e-05,0.03440169716273847,5.904806208686054,-2.6221019393198115,0.7610625621565379,-1.352914239151639e-08,0.848967604531354
4321.119999997318,1.5714184696085458e-05,0.03426103007526457,5.995582125052998,-2.6360719321130675,0.7610625621565379,-1.3490577474991381e-08,0.8488148534785609
4325.640000000596,1.5687193294965172e-05,0.03422573607829364,6.029734025070702,-2.6412429406398714,0.7610625621565379,-1.3466324297850752e-08,0.8486623786780583
4294.060000009835,1.6227355836382697e-05,0.034407580658415,5.749197770862679,-2.594145017381048,0.7736104137959401,-1.404643239330207e-08,0.8485102123256439
4331.560000002384,1.5558769953286074e-05,0.03400374310946591,6.031166146686825,-2.642839160220485,0.7610625621565379,-1.3360055820278218e-08,0.8483583866171159
4323.730000004172,1.551667429582392e-05,0.0339343989830885,6.064120138170811,-2.647973556435989,0.7610625621565379,-1.3344018385576315e-08,0.848206933748272
4319.839999996126,1.5495589356185626e-05,0.033899316163657954,6.098895431960571,-2.6532426728468645,0.7610625621565379,-1.3336252273792356e-08,0.8480558859149102
4323.630000002682,1.541890062005801e-05,0.03377223173501628,6.083309293992755,-2.6518192784283365,0.7610625621565379,-1.3273038111771255e-08,0.8479052753128281
4323.880000010133,1.536851252437245e-05,0.03367794590535537,6.100018459154471,-2.6547717008698886,0.7610625621565379,-1.3233803925174643e-08,0.8477551341378238
4323.780000001192,1.5347417568362568e-05,0.03366951683105011,6.116877224,-2.6585469586517325,0.7610625621565379,-1.3225396990242955e-08,0.847605494585695
4314.729999996722,1.5353660658580628e-05,0.03366951683105011,6.116877224,-2.6585469586517325,0.7610625621565379,-1.324282193444056e-08,0.8474563888522398
4311.170000009239,1.5181496901518363e-05,0.03335344847616999,6.169573002435303,-2.6667651700591883,0.7610625621565379,-1.311654338019774e-08,0.8473078491332559
4318.030000001192,1.530113488699202e-05,0.03357417538116546,6.168790824421608,-2.6653129178413018,0.7778378399823929,-1.3198235221941522e-08,0.8471599076245412
4314.940000005066,1.5157774950939839e-05,0.03334549778039342,6.186187481572805,-2.67050382897585,0.7610625621565379,-1.3100839468034387e-08,0.8470125965218936
4311.339999996126,1.506763105759244e-05,0.03323429225691712,6.270945161690687,-2.6835860648033014,0.7778378399823929,-1.3051955589238378e-08,0.846865948021111
4320.640000000596,1.5061342740597404e-05,0.03323429225691712,6.270945161690687,-2.6835860648033014,0.7778378399823929,-1.3034376546400682e-08,0.8467199943179913
4308.399999991059,1.4995499714617931e-05,0.03310657720975481,6.309690810647311,-2.6892886522224355,0.7778378399823929,-1.3002704341775485e-08,0.8465747676083323
4306.270000003278,1.4973080568403276e-05,0.033072341888348324,6.3463445967159124,-2.694859808429075,0.7778378399823929,-1.2991316495822555e-08,0.8464303000879319
4312.179999999702,1.484616661087796e-05,0.03286515148022581,6.3760163011040305,-2.699946250561604,0.7778378399823929,-1.2889700681613589e-08,0.8462866239525878
4305.719999998808,1.4793530875197916e-05,0.03270850752704055,6.310658015026739,-2.6908849927593392,0.7610625621565379,-1.28432016048543e-08,0.8461437713980983
4311.829999998212,1.479745744845271e-05,0.03278554436320868,6.381156503984386,-2.701407532298465,0.7778378399823929,-1.2854740978597264e-08,0.8460017746202608
4312.269999995828,1.4675500305511373e-05,0.03259272708114284,6.413125166974119,-2.707705213738303,0.7778378399823929,-1.2766956040241356e-08,0.8458606658148735
4315.69999999553,1.4673217196427056e-05,0.03259272708114284,6.413125166974119,-2.707705213738303,0.7778378399823929,-1.2760614374899956e-08,0.8457204771777342
4290.949999988079,1.517371843560117e-05,0.03278635435226792,6.220699191792251,-2.673355776650074,0.7907669479360189,-1.3309917156857047e-08,0.8455812409046406
4303.780000001192,1.4606891569989054e-05,0.03246594175035397,6.453207564955212,-2.7135424821588585,0.7778378399823929,-1.2727717391304155e-08,0.8454429891913908
4205.180000007153,1.1681653528040738e-05,0.02691631184898482,8.119179546073049,-2.973689865246517,0.6837341973730318,-1.0777823424941372e-08,0.8453057542337826
4307.69999999553,1.4436372691880579e-05,0.032220797599994376,6.536360310825085,-2.7278223710512077,0.7778378399823929,-1.2605971113985638e-08,0.8451695682276139
4298.190000012517,1.5016127973505828e-05,0.03254510611976444,6.28719134903962,-2.6840544656668066,0.7907669479360189,-1.3183118778440667e-08,0.8450344633686824
4301.390000000596,1.4394070474768802e-05,0.03216804047937695,6.604743437283229,-2.7391953946791374,0.7778378399823929,-1.2590002997761929e-08,0.8449004718527863
4287.620000004768,1.4925147681298507e-05,0.032412379854998265,6.358945926504601,-2.69672533286525,0.7907669479360189,-1.314211645365989e-08,0.8447676258757231
4297.530000001192,1.491793962383134e-05,0.032412379854998265,6.358945926504601,-2.69672533286525,0.7907669479360189,-1.3119611643865298e-08,0.8446359576332909
4307.280000001192,1.4269948482375062e-05,0.03198934481695725,6.666785530077666,-2.7470969254357493,0.7778378399823929,-1.2496337161338751e-08,0.8445054993212875
4296.820000000298,1.4715466323867329e-05,0.032093810695980496,6.431284577976193,-2.7088992013073407,0.7907669479360189,-1.297408982599604e-08,0.8443762831355109
4292.189999997616,1.4847804386748957e-05,0.03231140596759208,6.415455368160703,-2.7032807899413234,0.7907669479360189,-1.3082590488593704e-08,0.8442483412717589
4296.730000004172,1.4564697017183134e-05,0.03186961412442495,6.484393572372166,-2.7175855649594656,0.7907669479360189,-1.2867656324712378e-08,0.8441217059258292
4293.419999994338,1.4543788259586947e-05,0.03185102578492248,6.513882748369554,-2.723123102853878,0.7907669479360189,-1.286291622281517e-08,0.8439964092935198
4294.30000000447,1.4543163659301217e-05,0.03185102578492248,6.513882748369554,-2.723123102853878,0.7907669479360189,-1.2860949488775486e-08,0.8438724835706288
4291.670000001788,1.4516124153428935e-05,0.03177683813503898,6.504032405134829,-2.7210314560743325,0.7907669479360189,-1.2838434339177592e-08,0.8437499609529537
4287.8499999940395,1.4440555206691695e-05,0.031635568536337984,6.604511811671539,-2.734149288906897,0.7907669479360189,-1.278714533520086e-08,0.8436288736362927
4286.280000008643,1.4396470132280867e-05,0.031613373611819894,6.647827652305224,-2.742962498102214,0.7907669479360189,-1.2769741324168983e-08,0.8435092538164434
4278.619999997318,1.528015225315902e-05,0.03290774470749428,6.180640621243484,-2.6671340122669105,0.7907669479360189,-1.340025171994664e-08,0.8433911336892038
4293.95000000298,1.4514509877121065e-05,0.03177683813503898,6.504032405134829,-2.7210314560743325,0.7907669479360189,-1.2833358495353487e-08,0.8432745454503718
4292.130000010133,1.4362111234114243e-05,0.03152672613653303,6.589273595717751,-2.7356410521843637,0.7907669479360189,-1.2723903175129587e-08,0.8431595212957452
4184.579999998212,1.1469338016734933e-05,0.026062387880152305,8.323169405202291,-3.0000505285655383,0.6955381149147434,-1.076105977634935e-08,0.8430460934211219
4278.670000001788,1.4264282609652969e-05,0.03131153560840565,6.682577548208977,-2.7470092409927975,0.7907669479360189,-1.2665007443697216e-08,0.8429342940222998
4279.669999994338,1.413450155785156e-05,0.031095459312446422,6.7306755440562185,-2.7558118222689134,0.7907669479360189,-1.2565043833739487e-08,0.8428241552950768
4274.25,1.4084529029169519e-05,0.03098853194410377,6.761944384533344,-2.7600559573020003,0.7907669479360189,-1.253213797462287e-08,0.8427157094352509
4287.4000000059605,1.4030421013398423e-05,0.030968399292776987,6.804354970916531,-2.768728839378935,0.7907669479360189,-1.2483285489191353e-08,0.8426089886386194
4276.10000000149,1.4038173178460369e-05,0.030968399292776987,6.804354970916531,-2.768728839378935,0.7907669479360189,-1.2507424025800219e-08,0.842504025100981
4281.369999997318,1.4008489961691359e-05,0.030921847883539733,6.846018688642287,-2.7740802894773178,0.7907669479360189,-1.2476369557661747e-08,0.8424008510181329
4278.669999994338,1.3927786324361549e-05,0.030741600203741528,6.852097947121425,-2.775390723263236,0.7907669479360189,-1.2409067122216975e-08,0.8422994985858734
4832.059999994934,2.9519358991719638e-05,0.057636965269318885,1.7612314546376249,-1.8084248920454364,2.521581636529863,-1.9836341852318078e-08,0.8420048545759276
4332.880000002682,1.572699499303578e-05,0.034270418966823535,5.978226324157555,-2.6322260944082667,0.7610625621565379,-1.3475816454445687e-08,0.8419087393001
4330.14999999851,1.5364151778217545e-05,0.03367794590535537,6.100018459154471,-2.6547717008698886,0.7610625621565379,-1.3221552937776835e-08,0.8418135735223156
4340.30000000447,1.5161567732722275e-05,0.03335344847616999,6.169573002435303,-2.6667651700591883,0.7610625621565379,-1.306037312397368e-08,0.8417193406480024
4341.280000008643,1.4973311682130536e-05,0.03310657720975481,6.309690810647311,-2.6892886522224355,0.7778378399823929,-1.2939931031713641e-08,0.8416260240825878
4329.560000002384,1.4859671166619655e-05,0.03291280184445759,6.341742099486666,-2.6956359826948098,0.7778378399823929,-1.2875946074513194e-08,0.8415336072315002
4331.060000002384,1.4731782606469606e-05,0.03266743969400754,6.363870393684486,-2.7001956856974743,0.7610625621565379,-1.2772017402925631e-08,0.8414420735001671
4233.75,1.1877982765391871e-05,0.02729676970565639,8.026434148843936,-2.9605384518577127,0.6837341973730318,-1.0902048623023627e-08,0.8413514062940168
4313.710000008345,1.5284265803683634e-05,0.03357853751756002,6.171664663215552,-2.666273354358472,0.7778378399823929,-1.3200979376834638e-08,0.8412615890184771
4312.359999999404,1.5135659636736736e-05,0.03331093186655371,6.222075812382187,-2.6759622902907307,0.7610625621565379,-1.309031473019341e-08,0.8411726050789758
4317.29999999702,1.5086040941450001e-05,0.033255317794544714,6.241613962634947,-2.67823794855699,0.7778378399823929,-1.3052568835477935e-08,0.841084437880941
4319.840000003576,1.506188473880085e-05,0.03323429225691712,6.270945161690687,-2.6835860648033014,0.7778378399823929,-1.303589962027877e-08,0.8409970708298005
4316.620000004768,1.501776723604488e-05,0.03317914338188306,6.320653224335182,-2.6914601261634883,0.7778378399823929,-1.3014354175517532e-08,0.840910487330982
4314.8499999940395,1.4938288450998117e-05,0.032988488962673146,6.292666847033868,-2.6880637103375062,0.7610625621565379,-1.2944070778769003e-08,0.8408246707899139
4315.559999994934,1.4843869173334951e-05,0.03286515148022581,6.3760163011040305,-2.699946250561604,0.7778378399823929,-1.2883352985824737e-08,0.8407396046120236
4304.95000000298,1.4802011479499358e-05,0.03278554436320868,6.381156503984386,-2.701407532298465,0.7778378399823929,-1.2867404470113013e-08,0.8406552722027394
4310.340000003576,1.4676744130368117e-05,0.03259272708114284,6.413125166974119,-2.707705213738303,0.7778378399823929,-1.2770498848928176e-08,0.8405716569674888
4311.560000009835,1.4675942131672386e-05,0.03259272708114284,6.413125166974119,-2.707705213738303,0.7778378399823929,-1.2768256955843881e-08,0.8404887423117003
4315.269999995828,1.4648371226906904e-05,0.03254518226848469,6.448263095718666,-2.7121273208905197,0.7778378399823929,-1.274237166129826e-08,0.8404065116408014
4311.530000001192,1.4675961858429704e-05,0.03259272708114284,6.413125166974119,-2.707705213738303,0.7778378399823929,-1.276831214044185e-08,0.84032494836022
4310.780000008643,1.4578566461642965e-05,0.03243218254521995,6.491149147205466,-2.7193189173514933,0.7778378399823929,-1.2699662503802196e-08,0.8402440358753843
4300.0,1.5167019027490826e-05,0.03278635435226792,6.220699191792251,-2.673355776650074,0.7907669479360189,-1.3289036544850389e-08,0.8401637575917219
4302.79999999702,1.458373927593663e-05,0.03243218254521995,6.491149147205466,-2.7193189173514933,0.7778378399823929,-1.2714097747355624e-08,0.8400840969146608
4291.759999997914,1.5104735749938313e-05,0.03273962724877928,6.287067748763132,-2.6847484370145476,0.7907669479360189,-1.327465543116891e-08,0.8400050372496292
4305.140000000596,1.4539905114806068e-05,0.032419239206173164,6.520984169994982,-2.725013686391106,0.7778378399823929,-1.2692519389874944e-08,0.8399265620020545
4301.770000003278,1.4461325651946438e-05,0.03222667506676094,6.521070897307407,-2.724313874634319,0.7778378399823929,-1.2625166065604651e-08,0.839848654577365
4292.059999994934,1.495082709344041e-05,0.03248628756094802,6.369127261953581,-2.6988398070853323,0.7907669479360189,-1.316045824913121e-08,0.8397712983809884
4306.359999999404,1.439093317846469e-05,0.03216804047937695,6.604743437283229,-2.7391953946791374,0.7778378399823929,-1.2581135433115792e-08,0.8396944768183529
4308.7900000065565,1.4389368851915198e-05,0.03216804047937695,6.604743437283229,-2.7391953946791374,0.7778378399823929,-1.2576754128431217e-08,0.839618173294886
4301.020000003278,1.424481914930821e-05,0.031904323509296735,6.609288079462406,-2.7399280097399905,0.7778378399823929,-1.2476134501222143e-08,0.839542371216016
4292.469999998808,1.490118016292383e-05,0.03242016540265846,6.358167318608061,-2.696732878122492,0.7907669479360189,-1.3125783455586044e-08,0.8394670539871706
4306.320000000298,1.4195143643874502e-05,0.031852215564441365,6.678462475235499,-2.7514454260114336,0.7778378399823929,-1.243946926916252e-08,0.8393922050137779
4284.519999995828,1.4753201561356186e-05,0.032167858829102274,6.4413056438727345,-2.711002526804704,0.7907669479360189,-1.3030085519147439e-08,0.8393178077012654
4320.219999998808,1.4245780070860186e-05,0.03182908903960202,6.584670744755263,-2.7343212721131915,0.7778378399823929,-1.242873424785918e-08,0.8392438454550616
4308.679999992251,1.4216132486809813e-05,0.031871157918574464,6.64846396466416,-2.7459091661578756,0.7778378399823929,-1.2447136699857228e-08,0.8391703016805938
4293.339999996126,1.46439405533877e-05,0.03199361557611356,6.488656851022661,-2.7154325533336845,0.7907669479360189,-1.2932743717533663e-08,0.8390971597832904
4292.379999995232,1.4622778963818728e-05,0.03198896479915811,6.502754814148918,-2.7187587504286173,0.7907669479360189,-1.2926264695799709e-08,0.8390244031685791
4300.009999997914,1.4510178549105671e-05,0.03177683813503898,6.504032405134829,-2.7210314560743325,0.7907669479360189,-1.2819720622360438e-08,0.8389520152418878
4302.820000007749,1.400147007700776e-05,0.031537968139108676,6.7525896298645005,-2.7636540113716195,0.7778378399823929,-1.230383412710555e-08,0.8388799794086444
4293.979999996722,1.4439061714193225e-05,0.03166422508298144,6.5783923311258725,-2.7312342815516417,0.7907669479360189,-1.2780827592763715e-08,0.838808279074277
4295.270000003278,1.4390220515314014e-05,0.031613373611819894,6.647827652305224,-2.742962498102214,0.7907669479360189,-1.2749927125656924e-08,0.8387368976442134
4294.5,1.430546725011098e-05,0.03140528227475235,6.618885258032812,-2.7385950252808264,0.7907669479360189,-1.267047029422718e-08,0.8386658185238813
4299.730000004172,1.427996325930121e-05,0.03140180675105251,6.631939094439943,-2.7417271703132196,0.7907669479360189,-1.2650244082034692e-08,0.8385950251187091
4299.219999998808,1.4204911734402883e-05,0.0312903608282344,6.725470651088905,-2.7557585621418013,0.7907669479360189,-1.259939228308843e-08,0.8385245008341243
4300.0,1.4204369274142445e-05,0.0312903608282344,6.725470651088905,-2.7557585621418013,0.7907669479360189,-1.2597665226583221e-08,0.8384542290755549
4295.730000004172,1.4177027108841735e-05,0.03120344312058022,6.66588859496769,-2.7483359733202533,0.7907669479360189,-1.2574130312862214e-08,0.8383841932484287
4290.5,1.4158790141164388e-05,0.031200605783678354,6.678274309926898,-2.751340297763739,0.7907669479360189,-1.257691595050436e-08,0.8383143767581739
4293.679999992251,1.4076935971008233e-05,0.03104701304517852,6.7501425178231536,-2.7608281072469882,0.7907669479360189,-1.2505892057036345e-08,0.8382447630102186
4285.409999996424,1.4031833916096765e-05,0.030968399292776987,6.804354970916531,-2.768728839378935,0.7907669479360189,-1.2487595528227875e-08,0.8381753354099899
4189.930000007153,1.1161004427324493e-05,0.025526439510128108,8.530773479334753,-3.032584912487556,0.6955381149147434,-1.0498677077559032e-08,0.8381060773629164
4383.609999999404,1.692989455254782e-05,0.03634720335760635,5.444677157310306,-2.5435018887766114,0.7610625621565379,-1.4248958298285116e-08,0.8380369722744259
4289.990000002086,1.4028705656761543e-05,0.030968399292776987,6.804354970916531,-2.768728839378935,0.7907669479360189,-1.2477737501454837e-08,0.837968003549946
4295.10000000149,1.3842641791533252e-05,0.03064752213650928,6.884471767429822,-2.781868034070777,0.7907669479360189,-1.2324834957601628e-08,0.837899154594905
4286.54999999702,1.3848414693663007e-05,0.03064752213650928,6.884471767429822,-2.781868034070777,0.7907669479360189,-1.2343129668648108e-08,0.8378304088147307
4294.109999991953,1.3843311355368147e-05,0.03064752213650928,6.884471767429822,-2.781868034070777,0.7907669479360189,-1.2326965304705626e-08,0.837761749614851
4287.719999998808,1.377217660363953e-05,0.03054234055530455,6.863092900678957,-2.782590095334117,0.7907669479360189,-1.2286809367216389e-08,0.8376931604006935
4173.269999995828,1.1032878064130054e-05,0.0253001910620076,8.636629198880627,-3.049842468830655,0.6955381149147434,-1.04192783114484e-08,0.8376246245776866
4278.369999997318,1.3832049241448024e-05,0.0306459268579199,6.895637473032348,-2.784621943912355,0.7907669479360189,-1.2351755402445763e-08,0.8375561255512581
4274.859999999404,1.3673528756526418e-05,0.03032776377865597,6.965808714123526,-2.795169859501776,0.7907669479360189,-1.2225481489270225e-08,0.8374876467268357
4272.70000000298,1.3653029513113551e-05,0.030326796529436595,6.976309258963681,-2.797788300489386,0.7907669479360189,-1.222124279144023e-08,0.8374191715098475
4275.039999991655,1.3577455160926485e-05,0.03023392764014771,7.092564068049823,-2.8157523489517176,0.6837341973730318,-1.2168463077614751e-08,0.8373506833057214
4272.740000009537,1.34921639934148e-05,0.03000915998283306,7.048349662723197,-2.8086269375336608,0.6837341973730318,-1.2087469643402394e-08,0.8372821655198851
4283.890000000596,1.3463014803980009e-05,0.03000883414679582,7.05813851746964,-2.8110980006820414,0.6837341973730318,-1.2055961944769493e-08,0.8372136015577667
4278.259999990463,1.3392623585239806e-05,0.029916939278842616,7.176094817287442,-2.829327557949863,0.6837341973730318,-1.2019609619515896e-08,0.8371449748247942
4279.899999991059,1.3233547448081926e-05,0.02963152854889143,7.216343395456949,-2.8360977473996587,0.6837341973730318,-1.1889990951791328e-08,0.8370762687263954
4273.820000007749,1.3236036051062384e-05,0.029615827720758197,7.231375272375779,-2.83738779428165,0.6837341973730318,-1.1898547074964221e-08,0.8370074666679981
4281.75,1.3232383893699117e-05,0.02963152854889143,7.216343395456949,-2.8360977473996587,0.6837341973730318,-1.1886238368622126e-08,0.8369385520550304
4274.3499999940395,1.3184894490301904e-05,0.02954009709111032,7.291542006464697,-2.8460264816520624,0.6837341973730318,-1.1861228664287587e-08,0.8368695082929203
4267.179999992251,1.3160523347292934e-05,0.02946466511749728,7.284924736542928,-2.844206290570365,0.6837341973730318,-1.1847043112755849e-08,0.8368003187870952
4275.070000000298,1.3103272796781304e-05,0.029376564777719265,7.2251743847076,-2.838108597095571,0.6837341973730318,-1.1789497215077714e-08,0.8367309669429835
4273.320000000298,1.303031479150462e-05,0.029286692531046186,7.34651475014174,-2.8568657643012894,0.6837341973730318,-1.1745054855607383e-08,0.8366614361660132
4265.840000003576,1.300748325800999e-05,0.029225620475493614,7.378421960251286,-2.8599787951697158,0.6837341973730318,-1.1735671672864821e-08,0.8365917098616118
4265.609999999404,1.2905992148989683e-05,0.02907680105183577,7.473853023928051,-2.873544640185266,0.6837341973730318,-1.1663145121764938e-08,0.8365217714352073
4262.180000007153,1.3009787416651305e-05,0.029225620475493614,7.378421960251286,-2.8599787951697158,0.6837341973730318,-1.1742886320827324e-08,0.8364516042922281
4255.820000007749,1.2984807506752786e-05,0.029150045601377225,7.372176550754887,-2.8581893568993366,0.6837341973730318,-1.1726655954626236e-08,0.8363811918381014
4256.989999994636,1.2857675973674152e-05,0.02897351528099146,7.433336887208021,-2.8708045109020013,0.6837341973730318,-1.1634427071212363e-08,0.8363105174782557
4248.359999999404,1.2835439956186718e-05,0.028912458085713563,7.46640216604786,-2.874043905224466,0.6837341973730318,-1.1626672754289927e-08,0.8362395646181184
4267.429999999702,1.282368838788005e-05,0.028912458085713563,7.46640216604786,-2.874043905224466,0.6837341973730318,-1.1590164863460345e-08,0.8361683166631179
4274.079999998212,1.2717961086852205e-05,0.028764737926696708,7.563144332414504,-2.8877088966953144,0.6837341973730318,-1.1504227683494236e-08,0.8360967570186818
4261.390000000596,1.2644561017653806e-05,0.028600653092086398,7.55544138828872,-2.8882072530196994,0.6837341973730318,-1.1459270048296108e-08,0.836024869090238
4256.719999998808,1.2621271230758136e-05,0.028555757556762453,7.6064863884856475,-2.894802232624959,0.6837341973730318,-1.1448185861562079e-08,0.8359526362832147
4259.919999986887,1.2568493902210084e-05,0.028482849704212002,7.606557093532867,-2.8945933837205984,0.6837341973730318,-1.1404921859102116e-08,0.8358800420030394
4259.539999991655,1.2520711800199117e-05,0.028441587333751735,7.682186808131039,-2.907553249776926,0.6837341973730318,-1.1377483840099455e-08,0.8358070696551405
4256.579999998212,1.2438453968228166e-05,0.0282455538232523,7.697777565004333,-2.909211902393548,0.6837341973730318,-1.1305767984035634e-08,0.8357337026449456
4259.219999991357,1.2366976639628363e-05,0.028209200364435142,7.77783027244795,-2.923489193969972,0.6837341973730318,-1.1264011164080566e-08,0.8356599243778826
4266.129999995232,1.2386152171276834e-05,0.028221067430812454,7.749525238732122,-2.9179471264051586,0.6837341973730318,-1.1263223738767927e-08,0.8355857182593794
4253.340000003576,1.234151001837611e-05,0.02813290527848196,7.773242895894761,-2.9218463294718937,0.6837341973730318,-1.1246367337230673e-08,0.8355110676948642
4258.469999998808,1.2280565296623698e-05,0.027981296607392393,7.736499559684093,-2.9167608795684337,0.6837341973730318,-1.1179532753380878e-08,0.8354359560897646
4248.669999986887,1.2190266874113517e-05,0.027902152727879208,7.86928813370109,-2.9377831078632632,0.6837341973730318,-1.11407039643325e-08,0.8353603668495085
4199.880000002682,1.266845617607576e-05,0.02811251322415905,7.59850083196714,-2.8935571610893747,0.6955381149147434,-1.1703673082028327e-08,0.8352842833795242
4261.679999999702,1.2153706576815727e-05,0.027825718555103362,7.865184464520581,-2.9361806641219053,0.6837341973730318,-1.1088298557659373e-08,0.8352076890852392
4237.89999999851,1.2379620730223623e-05,0.028209200364435142,7.77783027244795,-2.923489193969972,0.6837341973730318,-1.1303186562758921e-08,0.8351305673720815
4252.689999997616,1.2158958961256165e-05,0.027825718555103362,7.865184464520581,-2.9361806641219053,0.6837341973730318,-1.1104800867065085e-08,0.8350529016454792
4247.239999994636,1.203850025818472e-05,0.027688113095068908,8.037752499705668,-2.9610605264289718,0.6837341973730318,-1.1033675007153263e-08,0.8349746753108601
4252.320000007749,1.200519686715567e-05,0.027596649304836334,7.9615363091822235,-2.9520934383160573,0.6837341973730318,-1.0991283864056772e-08,0.8348958717736521
4247.990000002086,1.2007687281137704e-05,0.027596649304836334,7.9615363091822235,-2.9520934383160573,0.6837341973730318,-1.0999071753240667e-08,0.834816474439283
4242.969999998808,1.1857937390131578e-05,0.02738450666113964,8.132111978176413,-2.975491683176164,0.6837341973730318,-1.0898344927970398e-08,0.8347364667131809
4254.009999997914,1.1877803320953016e-05,0.027428505950729876,8.075001281626175,-2.9681188337638056,0.6837341973730318,-1.0898659945087036e-08,0.8346558320007736
4241.570000007749,1.1799363116485648e-05,0.027216033391604687,8.0514367572879,-2.9648786959533115,0.6837341973730318,-1.0838882421928119e-08,0.8345745537074891
4253.909999996424,1.1821355959616804e-05,0.027292741951176955,8.054495925343213,-2.96639469587954,0.6837341973730318,-1.0845671026860546e-08,0.8344926152387552
4830.130000002682,2.904880725901515e-05,0.056629116439496786,1.8611708334364732,-1.8341556082284005,2.4821946631820304,-1.982582773551332e-08,0.8342437717711618
4272.280000001192,1.4503676940962439e-05,0.031729590500339626,6.542338532126843,-2.7259371733900406,0.7907669479360189,-1.286100612379457e-08,0.8341604263730987
4282.719999998808,1.4103491951140091e-05,0.031020691450985613,6.720861425189238,-2.7536816982613703,0.7907669479360189,-1.253008438657837e-08,0.8340769278126502
4282.229999989271,1.3851323177514149e-05,0.03064752213650928,6.884471767429822,-2.781868034070777,0.7907669479360189,-1.2352283958130139e-08,0.8339932768598495
4275.170000001788,1.3673323624834575e-05,0.03032776377865597,6.965808714123526,-2.795169859501776,0.7907669479360189,-1.2224840851139048e-08,0.8339094742847294
4283.979999996722,1.3513734705101193e-05,0.030084544366254927,7.057164632813475,-2.8106623583647257,0.6837341973730318,-1.2092854353219324e-08,0.8338255208573232
4274.309999994934,1.3418470326972956e-05,0.02993208485917605,7.146638626444922,-2.8236850682186905,0.6837341973730318,-1.2039853867808965e-08,0.8337414173476638
4285.979999996722,1.3387601032422283e-05,0.029916939278842616,7.176094817287442,-2.829327557949863,0.6837341973730318,-1.2003710118727248e-08,0.8336571645257844
4271.410000003874,1.3214292151095599e-05,0.029601180980383363,7.260755321262899,-2.843035811621674,0.6837341973730318,-1.1891203003867307e-08,0.8335727631617179
4276.980000004172,1.3210729782119117e-05,0.029601180980383363,7.260755321262899,-2.843035811621674,0.6837341973730318,-1.1879993904212905e-08,0.8334882140254974
4283.270000003278,1.3148861329818953e-05,0.029451244333845085,7.2251808390916565,-2.837959302083082,0.6837341973730318,-1.1810143381115843e-08,0.8334035178871559
4282.339999996126,1.3050712121361634e-05,0.029332559530763653,7.298798180054902,-2.8507314059051763,0.6837341973730318,-1.174686488055993e-08,0.8333186755167264
4267.859999999404,1.3006226547114293e-05,0.029225620475493614,7.378421960251286,-2.8599787951697158,0.6837341973730318,-1.1731764911101427e-08,0.833233687684242
4276.55000000447,1.2978864781245742e-05,0.029227329444705446,7.38571061542914,-2.861907148118402,0.6837341973730318,-1.1705850915798957e-08,0.8331485551597358
4276.960000008345,1.2845292478327437e-05,0.02897351528099146,7.433336887208021,-2.8708045109020013,0.6837341973730318,-1.1595565776577894e-08,0.8330632787132409
4278.640000000596,1.2874580874891228e-05,0.029063246625932036,7.50297083017448,-2.8791708723396754,0.6837341973730318,-1.1625312613987335e-08,0.83297785911479
4274.339999996126,1.2819405054234281e-05,0.028912458085713563,7.46640216604786,-2.874043905224466,0.6837341973730318,-1.1576663441350607e-08,0.8328922971344168
4285.539999991655,1.2736976927321734e-05,0.028810041633828287,7.512888064538572,-2.8812448582396732,0.6837341973730318,-1.1501503185946828e-08,0.8328065935421536
4282.549999989569,1.2712734013819896e-05,0.028764737926696708,7.563144332414504,-2.8877088966953144,0.6837341973730318,-1.1487579536488113e-08,0.8327207491080338
4283.120000004768,1.2712381538762452e-05,0.028764737926696708,7.563144332414504,-2.8877088966953144,0.6837341973730318,-1.148645142929579e-08,0.8326347646020904
4263.080000005662,1.2671065581617801e-05,0.028661692211431566,7.521179670528944,-2.8848374403623893,0.6837341973730318,-1.1480163909262302e-08,0.8325486407943564
4177.539999991655,9.887577141559003e-06,0.023298843359330412,9.539121660011306,-3.1797007049649464,0.5860162306177332,-9.457127377222985e-09,0.832462378454865
4267.689999997616,1.2592728007239012e-05,0.02855885766187748,7.611909497855782,-2.896314724249683,0.6837341973730318,-1.1418649765976662e-08,0.8323759783536491
4272.479999996722,1.261592140649781e-05,0.028603766809410017,7.560834703227885,-2.889714991870682,0.6837341973730318,-1.1429317490909554e-08,0.8322894412607418
4272.840000003576,1.254161068888315e-05,0.02851774233537747,7.687233123422935,-2.9092346006808327,0.6837341973730318,-1.1380618568685381e-08,0.8322027679461761
4278.519999995828,1.250923298818887e-05,0.028441587333751735,7.682186808131039,-2.907553249776926,0.6837341973730318,-1.1341152309413391e-08,0.832115959179985
4268.549999989569,1.2515274953215364e-05,0.028441587333751735,7.682186808131039,-2.907553249776926,0.6837341973730318,-1.1360370677717099e-08,0.8320290157322018
4270.39999999851,1.2434408675366361e-05,0.028294089432755295,7.649848214536107,-2.9037246235143233,0.6837341973730318,-1.129095794221696e-08,0.8319419383728591
4267.469999998808,1.2362059916444303e-05,0.028209200364435142,7.77783027244795,-2.923489193969972,0.6837341973730318,-1.1248498138795317e-08,0.8318547278719903
4277.189999990165,1.2327317504868164e-05,0.02813290527848196,7.773242895894761,-2.9218463294718937,0.6837341973730318,-1.1201503991679043e-08,0.8317673849996284
4275.920000001788,1.2270221386726537e-05,0.027981296607392393,7.736499559684093,-2.9167608795684337,0.6837341973730318,-1.1146783517247928e-08,0.8316799105258063
4268.230000004172,1.2204886997402884e-05,0.027946755476245356,7.815143561405527,-2.9307928709835647,0.6837341973730318,-1.1124486810052518e-08,0.8315923052205573
4269.920000001788,1.2203922200960825e-05,0.027946755476245356,7.815143561405527,-2.9307928709835647,0.6837341973730318,-1.1121362071775097e-08,0.8315045698539141
4272.679999999702,1.2176183093324458e-05,0.027902152727879208,7.86928813370109,-2.9377831078632632,0.6837341973730318,-1.1096268384794457e-08,0.8314167051959099
4267.04999999702,1.2179499311746243e-05,0.027902152727879208,7.86928813370109,-2.9377831078632632,0.6837341973730318,-1.1106838942477243e-08,0.8313287120165779
4279.75,1.217200676992671e-05,0.027902152727879208,7.86928813370109,-2.9377831078632632,0.6837341973730318,-1.1082863473743671e-08,0.8312405910859507
4261.550000011921,1.2153782682161221e-05,0.027825718555103362,7.865184464520581,-2.9361806641219053,0.6837341973730318,-1.1088538868243588e-08,0.8311523431740618
4265.339999996126,1.202803386313175e-05,0.027688113095068908,8.037752499705668,-2.9610605264289718,0.6837341973730318,-1.1000692191873433e-08,0.8310639690509443
4255.94999999553,1.2059604092232962e-05,0.027732335863235345,7.981952560027516,-2.953861409039942,0.6837341973730318,-1.1037863695449668e-08,0.8309754694866307
4268.039999991655,1.217887830628187e-05,0.027902152727879208,7.86928813370109,-2.9377831078632632,0.6837341973730318,-1.1104939839200261e-08,0.8308868452511545
4257.529999986291,1.2032560611847827e-05,0.027688113095068908,8.037752499705668,-2.9610605264289718,0.6837341973730318,-1.1015040421578559e-08,0.8307980971145487
4262.95000000298,1.199906207513568e-05,0.027596649304836334,7.9615363091822235,-2.9520934383160573,0.6837341973730318,-1.0971935095367032e-08,0.830709225846846
4265.480000004172,1.1946774254235724e-05,0.027526193560387054,7.958772534402176,-2.950977352906842,0.6837341973730318,-1.0930099813593168e-08,0.83062023221808
4266.60000000149,1.1870603255763387e-05,0.027428505950729876,8.075001281626175,-2.9681188337638056,0.6837341973730318,-1.087580732584757e-08,0.8305311169982833
4263.460000000894,1.1815890280089753e-05,0.027292741951176955,8.054495925343213,-2.96639469587954,0.6837341973730318,-1.0828417664681792e-08,0.830441880957489
4261.719999998808,1.1816915844186386e-05,0.027292741951176955,8.054495925343213,-2.96639469587954,0.6837341973730318,-1.0831620205544092e-08,0.8303525248657304
4268.2099999934435,1.1813167886016738e-05,0.027292741951176955,8.054495925343213,-2.96639469587954,0.6837341973730318,-1.0819780577057567e-08,0.8302630494930403
4256.69999999553,1.1819771609645308e-05,0.027292741951176955,8.054495925343213,-2.96639469587954,0.6837341973730318,-1.0840671562287374e-08,0.8301734556094517
4264.130000002682,1.1815531894832252e-05,0.027292741951176955,8.054495925343213,-2.96639469587954,0.6837341973730318,-1.082722181454316e-08,0.8300837439849978
4258.520000003278,1.1666217044154213e-05,0.02708255135207623,8.227127539299039,-2.9898888081812234,0.6837341973730318,-1.0727951494111223e-08,0.8299939153897118
4260.79999999702,1.1634592882901086e-05,0.026990484581202383,8.148079030507704,-2.980658583200175,0.6837341973730318,-1.0690686199446605e-08,0.8299039705936264
4263.359999999404,1.1604192494255249e-05,0.026913641157195172,8.1455819641154,-2.9791884533828346,0.6837341973730318,-1.0657584617612556e-08,0.8298139103667749
4254.060000002384,1.1559951003356211e-05,0.0268607225214871,8.187027332990525,-2.9833322166252954,0.6837341973730318,-1.0641272250958988e-08,0.82972373547919
4245.719999998808,1.156457261677962e-05,0.0268607225214871,8.187027332990525,-2.9833322166252954,0.6837341973730318,-1.0655832957103053e-08,0.829633446700905
4245.219999998808,1.1490662769795739e-05,0.026782303014432376,8.322702409425716,-3.0042208333541804,0.6837341973730318,-1.0608522064843051e-08,0.8295430448019531
4254.4599999934435,1.146085615780679e-05,0.02675694175997558,8.372572251800062,-3.0121915338659098,0.6837341973730318,-1.0576483182491713e-08,0.829452530552367
4263.54999999702,1.1480547561271198e-05,0.026782303014432376,8.322702409425716,-3.0042208333541804,0.6837341973730318,-1.057640479259249e-08,0.82936190472218
4258.990000002086,1.1322077714655755e-05,0.02647532658056501,8.422093137308842,-3.0190291149899298,0.6837341973730318,-1.0450520233482393e-08,0.8292711680814249
4257.7099999934435,1.1322789054356704e-05,0.02647532658056501,8.422093137308842,-3.0190291149899298,0.6837341973730318,-1.0452772700618332e-08,0.829180321400135
4255.890000000596,1.1323767033694803e-05,0.02647532658056501,8.422093137308842,-3.0190291149899298,0.6837341973730318,-1.0455912977907536e-08,0.8290893654483432
4245.080000013113,1.1329639195732315e-05,0.02647532658056501,8.422093137308842,-3.0190291149899298,0.6837341973730318,-1.047451067807904e-08,0.8289983009960825
4247.229999996722,1.1193529883046545e-05,0.026212368576394942,8.46080192599828,-3.025994164777649,0.6837341973730318,-1.0356596645820858e-08,0.8289071288133861
4443.269999995828,1.4284515073338382e-05,0.031204214294121263,5.8793140692881,-2.663039436902279,1.724726503262984,-1.2593204868631139e-08,0.828815849670287
4259.579999998212,1.1635257893287754e-05,0.026990484581202383,8.148079030507704,-2.980658583200175,0.6837341973730318,-1.0692870571384926e-08,0.828724464336818
4245.120000004768,1.146033246823308e-05,0.02668993325203131,8.242187973039272,-2.99485375703944,0.6837341973730318,-1.0575422482961205e-08,0.8286329735830125
4243.75,1.1353675932250272e-05,0.02648350038820101,8.396541848286773,-3.013879507486114,0.6837341973730318,-1.048899728726123e-08,0.8285413781789035
4243.6100000068545,1.1330435478957197e-05,0.02647532658056501,8.422093137308842,-3.0190291149899298,0.6837341973730318,-1.0477014772042619e-08,0.8284496788945237
4228.930000007153,1.1177134758042924e-05,0.026169354121518194,8.52345032644318,-3.034103096395065,0.6837341973730318,-1.036711116776475e-08,0.8283578764999064
4241.810000002384,1.1139864755697794e-05,0.026076353572630193,8.439814631529979,-3.024446088663635,0.6837341973730318,-1.0312410881809693e-08,0.8282659717650848
4245.6399999931455,1.1059427936557511e-05,0.025948925277251893,8.603023798331828,-3.045845231146014,0.6837341973730318,-1.0245905351489838e-08,0.8281739654600915
4234.359999999404,1.1013069705961619e-05,0.02586442126795863,8.626776273962768,-3.049439063671813,0.6837341973730318,-1.0223689101816736e-08,0.82808185835496
4235.330000005662,1.0874711797223433e-05,0.025566674844009044,8.708774414423985,-3.0602396828681484,0.6837341973730318,-1.0099879698813417e-08,0.8279896512197231
4238.159999996424,1.084992347114306e-05,0.025560565226821406,8.732068083508453,-3.065032013342926,0.6837341973730318,-1.0083060391825198e-08,0.8278973448244139
4239.829999998212,1.0849059159491163e-05,0.025560565226821406,8.732068083508453,-3.065032013342926,0.6837341973730318,-1.008034287596487e-08,0.8278049399390653
4241.570000000298,1.0877134029317695e-05,0.025638433672592678,8.731538149040057,-3.066276747512421,0.6837341973730318,-1.0106137846778224e-08,0.8277124373337106
4243.390000000596,1.082389780497113e-05,0.02555534349985053,8.753772643464089,-3.069562272240021,0.6837341973730318,-1.0062303877032077e-08,0.8276198377783827
4232.719999998808,1.075093186385127e-05,0.025430043326626125,8.926321322265556,-3.092122225978626,0.6837341973730318,-1.0019375273665138e-08,0.8275271420431146
4225.539999999106,1.0695184631861391e-05,0.025257824860860475,8.839317018988755,-3.080875491622518,0.6837341973730318,-9.968705426702103e-09,0.8274343508979395
4240.009999990463,1.0687826851473918e-05,0.025257824860860475,8.839317018988755,-3.080875491622518,0.6837341973730318,-9.945692027654257e-09,0.8273414651128902
4239.239999994636,1.0688219627436556e-05,0.025257824860860475,8.839317018988755,-3.080875491622518,0.6837341973730318,-9.946930524375399e-09,0.827248485458
4234.04999999702,1.0589067209475573e-05,0.025128927595784206,9.036371957636707,-3.1082903846074155,0.6837341973730318,-9.8827648609002e-09,0.8271554127033018
4236.439999997616,1.0587833687172212e-05,0.025128927595784206,9.036371957636707,-3.1082903846074155,0.6837341973730318,-9.87892372256981e-09,0.8270622476188287
4125.010000005364,7.87645468861701e-06,0.019631375885514602,11.522496762678369,-3.4480804676376366,0.5860162306177332,-7.780296102495549e-09,0.8269689909746137
4226.439999990165,1.0459235884566294e-05,0.024888960593163385,9.090469102154946,-3.118768812957508,0.6837341973730318,-9.784365218798775e-09,0.8268756435406899
4229.780000001192,1.0430000714803383e-05,0.02482901358156237,9.14833459561697,-3.1246893315948188,0.6837341973730318,-9.7549389457291e-09,0.8267822060870903
4228.880000002682,1.037104361048006e-05,0.024655855391245256,9.059617827784272,-3.1132798826393095,0.6837341973730318,-9.694275089159082e-09,0.8266886793838479
4232.340000003576,1.0344594924020894e-05,0.024634012393359658,9.112273678052112,-3.121850831874885,0.6837341973730318,-9.672920338395095e-09,0.8265950642009959
4228.359999999404,1.0376961602453857e-05,0.024729316853701076,9.20667032173005,-3.132464998749075,0.6837341973730318,-9.712425113395261e-09,0.8265013613085671
4217.179999999702,1.0274896444583475e-05,0.0245303453614457,9.262177592183946,-3.1413071078663273,0.6837341973730318,-9.639440948930254e-09,0.8264075714765947
4230.510000005364,1.0296003930957301e-05,0.02459020370784342,9.202289104852136,-3.135169242629102,0.6837341973730318,-9.643493834746111e-09,0.8263136954751117
4225.429999999702,1.0217154474015397e-05,0.024431074033605643,9.321792014338286,-3.149236463158628,0.6837341973730318,-9.582280147995474e-09,0.8262197340741512
4216.989999994636,1.0141286584184057e-05,0.024292733320431303,9.315878926405324,-3.151766768206529,0.6837341973730318,-9.529234549819031e-09,0.8261256880437462
4208.409999996424,1.0145386395567865e-05,0.024292733320431303,9.315878926405324,-3.151766768206529,0.6837341973730318,-9.541872775110226e-09,0.8260315581539297
4218.769999995828,1.0112842518278812e-05,0.02423296899823353,9.37786027259582,-3.158129506064993,0.6837341973730318,-9.502306172678977e-09,0.8259373451747348
4224.439999997616,1.0033040215619631e-05,0.024132770084807464,9.454731444478632,-3.1696989148639902,0.6837341973730318,-9.436861578971937e-09,0.8258430498761946
4220.059999994934,1.0058462465865725e-05,0.024134138882907233,9.438760739306524,-3.166211068290012,0.6837341973730318,-9.455618029781177e-09,0.825748673028342
4219.369999997318,9.951260419862793e-06,0.023936932639460087,9.495331964515493,-3.175139814432351,0.6837341973730318,-9.366641492077825e-09,0.8256542154012102
4207.629999995232,9.956768942330352e-06,0.023936932639460087,9.495331964515493,-3.175139814432351,0.6837341973730318,-9.383685404000994e-09,0.8255596777648321
4215.239999994636,9.953201723834512e-06,0.023936932639460087,9.495331964515493,-3.175139814432351,0.6837341973730318,-9.37267635428792e-09,0.8254650608892409
4214.890000000596,9.89958972766674e-06,0.023838560266982136,9.557522859917311,-3.1833713962874173,0.6837341973730318,-9.328381158528815e-09,0.8253703655444694
4213.55000000447,9.876867278756629e-06,0.02383801705432846,9.572019336476577,-3.1865833861189916,0.6837341973730318,-9.318063071467174e-09,0.8252755925005508
4214.439999997616,9.850272332137285e-06,0.023798395667852024,9.6485584651099,-3.196602145683035,0.6837341973730318,-9.29671590831965e-09,0.8251807425275182
4195.090000003576,1.0164149374245897e-05,0.0238711704703284,9.363842404109683,-3.156461515725321,0.6955381149147434,-9.679416280874379e-09,0.8250858163954046
4209.320000000298,9.794607026737727e-06,0.02364228662168498,9.614530955856408,-3.192318535553135,0.6837341973730318,-9.246282321943139e-09,0.824990814874243
4303.310000002384,1.2389468908158632e-05,0.028851360628244404,7.774432059488333,-2.9242444706639272,0.6723614564297972,-1.1102651647406434e-08,0.8248957387340664
4209.70000000298,9.66350119326798e-06,0.02344625224179862,9.83903723296652,-3.221065894776248,0.6837341973730318,-9.144251874990192e-09,0.8248005887449079
4205.79999999702,9.634830478044028e-06,0.023349083579809204,9.735383374896479,-3.2096430779074043,0.6837341973730318,-9.116233529859803e-09,0.8247053656768006
4211.4700000062585,9.632261119141141e-06,0.023349083579809204,9.735383374896479,-3.2096430779074043,0.6837341973730318,-9.108290699074729e-09,0.8246100702997776
4205.630000002682,9.634907407274484e-06,0.023349083579809204,9.735383374896479,-3.2096430779074043,0.6837341973730318,-9.116470476048706e-09,0.8245147033838717
4197.369999997318,9.913755506919981e-06,0.02345842910133905,9.582965149528144,-3.1863956674468423,0.5860162306177332,-9.470783592139223e-09,0.824419265699116
4196.919999994338,9.965336892619677e-06,0.023496282781334272,9.493822002845816,-3.1734458474677045,0.5860162306177332,-9.504991711364324e-09,0.8243237580155438
4197.739999994636,9.884871200652908e-06,0.023398777073797748,9.653964380269931,-3.1938149257443715,0.5860162306177332,-9.444702043237768e-09,0.8242281811031879
4198.830000005662,9.85260215352462e-06,0.023300150427986055,9.55022685772545,-3.1822956162195033,0.5860162306177332,-9.407525151720948e-09,0.8241325357320813
4202.780000001192,9.474776412699306e-06,0.023057378561559847,9.857801990944042,-3.2270874180979017,0.5758606232851498,-8.985335301470401e-09,0.8240368226722573
4198.519999995828,9.827085514103554e-06,0.023282011268927545,9.602023186874193,-3.191015216505798,0.5860162306177332,-9.391494858978572e-09,0.8239410426937488
4206.269999995828,9.369880277605489e-06,0.022924040392282005,10.01472613472216,-3.248670527684782,0.5758606232851498,-8.903339143069995e-09,0.8238451965665887
4187.229999996722,9.778359654368064e-06,0.023204612517384336,9.624022470797227,-3.193078741642767,0.5860162306177332,-9.368381590632612e-09,0.8237492850608104
4188.6399999931455,9.750480285226073e-06,0.02316578031558881,9.703937161096633,-3.2037101849722003,0.5860162306177332,-9.345079019467248e-09,0.8236533089464464
4196.380000002682,9.692232310782417e-06,0.023088879260694993,9.828981785741268,-3.220091323305335,0.5860162306177332,-9.28961455644844e-09,0.8235572689935303
4191.570000007749,9.66290164244512e-06,0.022989790213094198,9.72319741233974,-3.2084225936535877,0.5860162306177332,-9.262662815416622e-09,0.8234611659720948
4197.039999999106,9.578627246541193e-06,0.022874761343755674,9.826203454131502,-3.2210756962052973,0.5860162306177332,-9.189579550115114e-09,0.8233650006521732
4197.909999996424,9.57819825811075e-06,0.022874761343755674,9.826203454131502,-3.2210756962052973,0.5860162306177332,-9.188077946551097e-09,0.8232687738037984
4200.0,9.522802778618301e-06,0.022798675915002172,9.953520497686672,-3.237725027591292,0.5860162306177332,-9.14247408858845e-09,0.8231724861970032
4203.689999997616,9.157216108451044e-06,0.022560278663206364,10.26947277665927,-3.2829497990735215,0.5758606232851498,-8.731369902858764e-09,0.8230761386018212
4192.179999999702,9.443545549026973e-06,0.022665510360709077,9.933303737982849,-3.2382875393751593,0.5860162306177332,-9.087165153723624e-09,0.8229797317882849
4185.140000000596,9.416728948406746e-06,0.02258543518760516,9.9496332239004,-3.2384542599545143,0.5860162306177332,-9.068737693978669e-09,0.8228832665264275
4188.979999996722,9.360482423408543e-06,0.02251019210526044,10.079205363586727,-3.2553656892398832,0.5860162306177332,-9.020240591829664e-09,0.8227867435862822
4192.149999991059,9.30759571060968e-06,0.022478068553402814,10.166504355008184,-3.267546652131722,0.5860162306177332,-8.981492079579547e-09,0.822690163737882
4182.45000000298,9.363612244335321e-06,0.02251019210526044,10.079205363586727,-3.2553656892398832,0.5860162306177332,-9.031110786809393e-09,0.8225935277512598
4092.130000002682,6.68788053991652e-06,0.017136400255158505,13.196693160759487,-3.6583880166252722,0.5965734820440878,-6.826486216285731e-09,0.8224968363964488
4187.640000000596,9.278017014208342e-06,0.022378056408854548,10.056212178758193,-3.255506231630562,0.5860162306177332,-8.953702650721339e-09,0.822400090443482
4192.3600000068545,9.191170691739311e-06,0.02222349479560387,10.205879387795369,-3.272968888289174,0.5860162306177332,-8.873561774817366e-09,0.8223032906623924
4183.810000002384,9.19520058118e-06,0.02222349479560387,10.205879387795369,-3.272968888289174,0.5860162306177332,-8.88763735351893e-09,0.822206437823213
4189.64999999851,9.141083204899951e-06,0.02219280260049807,10.292421679139814,-3.284877742944903,0.5860162306177332,-8.844566105611598e-09,0.822109532695977
4187.35000000149,9.110424309249924e-06,0.022092426406812443,10.179896745468174,-3.272641966132235,0.5860162306177332,-8.813050830021674e-09,0.8220125760507173
4184.039999999106,9.027333747608912e-06,0.021938654024821664,10.333365174541818,-3.2904845890640075,0.5860162306177332,-8.74604827948755e-09,0.8219155686574671
4175.880000002682,9.031096822234719e-06,0.021938654024821664,10.333365174541818,-3.2904845890640075,0.5860162306177332,-8.759120628419328e-09,0.8218185112862592
4277.829999990761,1.1768141046661765e-05,0.027355878350699546,8.2066130288853,-2.988616876683759,0.6837341973730318,-1.079833717010338e-08,0.8217214047071268
4187.969999998808,8.998317842234402e-06,0.02190233026129561,10.42112250740068,-3.302254901570438,0.5860162306177332,-8.718781232146402e-09,0.8216242496901031
4187.210000008345,8.974491548667556e-06,0.021909433032690676,10.418981865148625,-3.3020781194141935,0.5860162306177332,-8.707469279778689e-09,0.8215270470052206
4182.239999994636,8.886085764280281e-06,0.021669545766628502,10.412024353164746,-3.299326833696562,0.5860162306177332,-8.624306397119855e-09,0.821429797422513
4181.189999990165,8.833659071229214e-06,0.021619891583235986,10.550810450281265,-3.3198599153588773,0.5860162306177332,-8.588414941104097e-09,0.8213325017120131
4184.54999999702,8.832140525273051e-06,0.021619891583235986,10.550810450281265,-3.3198599153588773,0.5860162306177332,-8.583100791737793e-09,0.8212351606437537
4175.759999997914,8.863307194278185e-06,0.021655743050920436,10.461463337324698,-3.3078565932566844,0.5860162306177332,-8.617853303396029e-09,0.8211377749877681
4179.929999999702,8.861437478452187e-06,0.021655743050920436,10.461463337324698,-3.3078565932566844,0.5860162306177332,-8.611340934895661e-09,0.8210403455140893
4178.390000000596,8.834922766589955e-06,0.021619891583235986,10.550810450281265,-3.3198599153588773,0.5860162306177332,-8.592822633422743e-09,0.8209428729927504
4177.490000009537,8.83532861435501e-06,0.021619891583235986,10.550810450281265,-3.3198599153588773,0.5860162306177332,-8.594235378938238e-09,0.8208453581937842
4179.679999999702,8.690731045029111e-06,0.02133135199824636,10.685834665240582,-3.3380488038887735,0.5860162306177332,-8.462027855084464e-09,0.8207478018872241
4176.920000001788,8.69195577941679e-06,0.02133135199824636,10.685834665240582,-3.3380488038887735,0.5860162306177332,-8.466300253288645e-09,0.8206502048431028
4175.059999994934,8.664030234088325e-06,0.021273544054375204,10.779592623880577,-3.347968439724707,0.5860162306177332,-8.443603568065484e-09,0.8205525678314536
4181.419999994338,8.631007430479933e-06,0.0211930952628847,10.808602983637481,-3.3491964098957308,0.5860162306177332,-8.40351786261508e-09,0.8204548916223094
4176.320000000298,8.548587677833133e-06,0.02104385548849356,10.824077548008479,-3.356643348355317,0.5860162306177332,-8.338384253360619e-09,0.8203571769857033
4176.75,8.548400144381947e-06,0.02104385548849356,10.824077548008479,-3.356643348355317,0.5860162306177332,-8.337730126659991e-09,0.8202594246916683
4175.409999996424,8.520256279376023e-06,0.020986258226039597,10.920997126350548,-3.3669052624561364,0.5860162306177332,-8.314241872144261e-09,0.8201616355102376
4161.270000003278,8.464340999746436e-06,0.02080308989742097,10.824696184096675,-3.3547182620042606,0.5860162306177332,-8.26949493989207e-09,0.820063810211444
4164.5,8.410008548622558e-06,0.020757445394686738,10.965552963682521,-3.3756401580412883,0.5860162306177332,-8.227088992709819e-09,0.8199659495653208
4165.939999997616,8.409394166357957e-06,0.020757445394686738,10.965552963682521,-3.3756401580412883,0.5860162306177332,-8.224968552262025e-09,0.8198680543419007
4180.19999999553,8.40328825851111e-06,0.020757445394686738,10.965552963682521,-3.3756401580412883,0.5860162306177332,-8.203711588633226e-09,0.819770125311217
4169.820000000298,8.37900047438344e-06,0.02070006767553847,11.06574762663192,-3.3862571135337936,0.5860162306177332,-8.193681329146685e-09,0.8196721632433026
4152.059999994934,8.415283609366597e-06,0.020757445394686738,10.965552963682521,-3.3756401580412883,0.5860162306177332,-8.245161928182914e-09,0.8195741689081907
4149.70000000298,8.416299520269222e-06,0.020757445394686738,10.965552963682521,-3.3756401580412883,0.5860162306177332,-8.24860372829761e-09,0.8194761430759143
4146.380000002682,8.358649572991396e-06,0.02061942229690864,11.09928274976608,-3.3878627534906784,0.5860162306177332,-8.19720789252549e-09,0.8193780865165063
4881.109999999404,3.0194488092982307e-05,0.05935023764528128,1.6700602151885278,-1.7856001488817905,2.525885680506576,-1.995078066040763e-08,0.8190835298204031
4222.739999994636,1.118041243279971e-05,0.026169354121518194,8.52345032644318,-3.034103096395065,0.6837341973730318,-1.0377214568382399e-08,0.8189850950142128
4227.809999994934,1.0855265261661912e-05,0.025560565226821406,8.732068083508453,-3.065032013342926,0.6837341973730318,-1.009973674741168e-08,0.8188865280066401
4218.2099999934435,1.0674154636520722e-05,0.025234911134333644,8.891335044853161,-3.089293971055164,0.6837341973730318,-9.964118293717532e-09,0.818787829504844
4226.039999999106,1.04856006044667e-05,0.02493009253376482,9.020666978370327,-3.1096534470141095,0.6837341973730318,-9.805012578528343e-09,0.8186890002159839
4215.160000003874,1.0303489401107269e-05,0.02459020370784342,9.202289104852136,-3.135169242629102,0.6837341973730318,-9.666802181631786e-09,0.818590040847219
4222.229999996722,1.0243458442904263e-05,0.02445225532947169,9.268873799359467,-3.1406188937428587,0.6837341973730318,-9.60314570004568e-09,0.8184909521057087
4205.469999998808,1.0119178775608877e-05,0.02423296899823353,9.37786027259582,-3.158129506064993,0.6837341973730318,-9.521829255330031e-09,0.8183917346986116
4228.14999999851,1.0108349964104564e-05,0.02423296899823353,9.37786027259582,-3.158129506064993,0.6837341973730318,-9.488269679913257e-09,0.8182923893330876
4222.0,9.977609490506623e-06,0.02399659727463674,9.431186416641694,-3.16854454651141,0.6837341973730318,-9.38704775195528e-09,0.8181929167162953
4219.94999999553,1.0008999706521619e-05,0.024092799798159002,9.529640188750157,-3.1794936721207256,0.6837341973730318,-9.42348578436927e-09,0.8180933175553944
4222.089999996126,9.872882451516494e-06,0.02383801705432846,9.572019336476577,-3.1865833861189916,0.6837341973730318,-9.305639238078351e-09,0.8179935925575436
4221.05000000447,9.789187002153284e-06,0.02364228662168498,9.614530955856408,-3.192318535553135,0.6837341973730318,-9.2294343859858e-09,0.8178937424299025
4218.259999997914,9.79047886923842e-06,0.02364228662168498,9.614530955856408,-3.192318535553135,0.6837341973730318,-9.233472212361272e-09,0.8177937678796299
4221.069999992847,9.714908912283557e-06,0.02358416846348769,9.758108964252918,-3.2141590880867303,0.6837341973730318,-9.18108104863744e-09,0.8176936696138853
4225.719999998808,9.68376970466985e-06,0.02350543097695218,9.769105740596975,-3.213852277160413,0.6837341973730318,-9.145627481785847e-09,0.8175934483398279
4222.460000000894,9.685266737070035e-06,0.02350543097695218,9.769105740596975,-3.213852277160413,0.6837341973730318,-9.15034626233521e-09,0.8174931047646169
4224.179999999702,9.626476647103803e-06,0.023349083579809204,9.735383374896479,-3.2096430779074043,0.6837341973730318,-9.090204012081144e-09,0.8173926395954112
4216.119999989867,9.582041614707003e-06,0.023331556360404546,9.799494695638135,-3.220967234610995,0.5758606232851498,-9.07342141345643e-09,0.8172920535393703
4223.510000005364,9.578691300812142e-06,0.023331556360404546,9.799494695638135,-3.220967234610995,0.5758606232851498,-9.062892953663141e-09,0.8171913473036531
4216.160000003874,9.579151379682064e-06,0.023291652090018305,9.867692614264774,-3.2288424256297588,0.5758606232851498,-9.06553602198484e-09,0.8170905215954192
4219.359999999404,9.554399714340086e-06,0.023292820714304965,9.878902454056037,-3.2314144572505312,0.5758606232851498,-9.048774407499337e-09,0.8169895771218274
4219.960000000894,9.467110164595954e-06,0.023057378561559847,9.857801990944042,-3.2270874180979017,0.5758606232851498,-8.961490633541003e-09,0.8168885145900371
4215.8600000068545,9.394658855801456e-06,0.023003021678520762,10.00107269785922,-3.248750957787122,0.5758606232851498,-8.918889835875837e-09,0.8167873347072074
4221.05000000447,9.392352792191488e-06,0.023003021678520762,10.00107269785922,-3.248750957787122,0.5758606232851498,-8.911629664430132e-09,0.8166860381804978
4216.920000001788,9.337584189090222e-06,0.02286511370947338,10.089545447695416,-3.2564075866051687,0.5758606232851498,-8.864372501022341e-09,0.816584625717067
4219.329999998212,9.281338523522561e-06,0.02274979961810318,10.03447562807349,-3.2534205761552393,0.5758606232851498,-8.811566188352014e-09,0.8164830980240745
4212.189999997616,9.234936857541603e-06,0.022714830632328997,10.124501033955035,-3.266134949507873,0.5758606232851498,-8.789070545630869e-09,0.8163814558086794
4218.969999998808,9.202971877466428e-06,0.02263573107617839,10.139581469395237,-3.2661754480311322,0.5758606232851498,-8.75102530236366e-09,0.8162796997780409
4215.489999994636,9.204486273787732e-06,0.02263573107617839,10.139581469395237,-3.2661754480311322,0.5758606232851498,-8.755798697813654e-09,0.8161778306393184
4227.30000000447,9.14699900968392e-06,0.022560278663206364,10.26947277665927,-3.2829497990735215,0.5758606232851498,-8.699189023906479e-09,0.8160758490996707
4224.5400000065565,9.148206537593205e-06,0.022560278663206364,10.26947277665927,-3.2829497990735215,0.5758606232851498,-8.703037836988699e-09,0.8159737558662572
4216.9000000059605,9.014965198211715e-06,0.022290450083048276,10.345638738983302,-3.291986868792077,0.5758606232851498,-8.594755765113312e-09,0.8158715516462371
4216.6100000068545,9.042683061058e-06,0.0223490946035474,10.265627522563825,-3.283694812190492,0.5758606232851498,-8.619437551589906e-09,0.8157692371467697
4214.5,9.043562997004939e-06,0.0223490946035474,10.265627522563825,-3.283694812190492,0.5758606232851498,-8.622237129014507e-09,0.815666813075014
4215.890000000596,8.990633517303562e-06,0.022274474626198346,10.397823766320835,-3.3007340317562277,0.5758606232851498,-8.58007190971412e-09,0.8155642801381293
4209.659999996424,8.943738827780294e-06,0.022242418001700518,10.486991070692557,-3.313016813071834,0.5758606232851498,-8.556060739660515e-09,0.8154616390432747
4222.8899999931455,8.938145522189147e-06,0.022242418001700518,10.486991070692557,-3.313016813071834,0.5758606232851498,-8.53832957184169e-09,0.8153588904976096
4208.2099999934435,8.99387144773713e-06,0.022274474626198346,10.397823766320835,-3.3007340317562277,0.5758606232851498,-8.590278265379466e-09,0.8152560352082929
4215.320000007749,8.910925274666066e-06,0.022143523289635928,10.374571059709043,-3.3008878907944834,0.5758606232851498,-8.515050274574516e-09,0.815153073882484
4218.190000005066,8.909711658532896e-06,0.022143523289635928,10.374571059709043,-3.3008878907944834,0.5758606232851498,-8.511247990186834e-09,0.8150500072273421
4208.019999995828,8.886384704079088e-06,0.022085266246999302,10.457144201329292,-3.3094980675401717,0.5758606232851498,-8.50042619482384e-09,0.8149468359500263
4222.0,8.777247380583953e-06,0.021959794127895085,10.615582922110285,-3.330491366902016,0.5758606232851498,-8.40481358274025e-09,0.8148435607576957
4215.839999996126,8.749380209038216e-06,0.021860539617973965,10.500884779286414,-3.3181652026514556,0.5758606232851498,-8.379545241887477e-09,0.8147401823575097
4200.0,9.074297795231667e-06,0.022012127936690332,10.199368138800585,-3.2730734994376602,0.5860162306177332,-8.76199806999593e-09,0.8146367014566275
4216.979999996722,8.6441991208989e-06,0.021715085217521773,10.655319473977984,-3.3359810165378394,0.5758606232851498,-8.296711907951507e-09,0.814533118762208
4216.259999997914,8.644465838764641e-06,0.021715085217521773,10.655319473977984,-3.3359810165378394,0.5758606232851498,-8.29761514085e-09,0.8144294349814108
4209.140000000596,8.62121361111456e-06,0.021679044548039015,10.744832813803757,-3.3478355223655005,0.5758606232851498,-8.286801220555024e-09,0.8143256508213947
4202.409999996424,8.536853497272685e-06,0.021441732342212874,10.737652913874664,-3.345061433145268,0.5758606232851498,-8.20872906429091e-09,0.8142217669893193
4214.929999999702,8.534651642892214e-06,0.021486155137187348,10.6992817987371,-3.344419273215231,0.5758606232851498,-8.20107463122358e-09,0.8141177841923434
4211.030000001192,8.508622438231857e-06,0.021427936162938376,10.788203356538721,-3.353660429962567,0.5758606232851498,-8.181761326931128e-09,0.8140137031376264
4199.94999999553,8.825146843457835e-06,0.021619891583235986,10.550810450281265,-3.3198599153588773,0.5860162306177332,-8.558384721890594e-09,0.8139095245323275
4191.6399999931455,8.85612224197672e-06,0.021655743050920436,10.461463337324698,-3.3078565932566844,0.5860162306177332,-8.5926986704463e-09,0.8138052490836059
4203.680000007153,8.485374832285916e-06,0.021392375298929192,10.879372351643964,-3.3657546395168914,0.5758606232851498,-8.170973865057071e-09,0.8137008774986206
4214.240000002086,8.481152052886806e-06,0.021392375298929192,10.879372351643964,-3.3657546395168914,0.5758606232851498,-8.157600234125956e-09,0.813596410484531
4197.5,8.709972314322005e-06,0.021366702860774803,10.594865736191672,-3.325805855049435,0.5860162306177332,-8.454888787873216e-09,0.8134918487484962
4197.95000000298,8.709770262245245e-06,0.021366702860774803,10.594865736191672,-3.325805855049435,0.5860162306177332,-8.454169960205268e-09,0.8133871929976756
4208.69999999553,8.37153501589619e-06,0.021141762024011034,10.924349963586382,-3.371748678134347,0.5758606232851498,-8.062003172929518e-09,0.813282443939228
4203.4599999934435,8.290766449737795e-06,0.020969876713678892,11.142231967749748,-3.3953132762539275,0.5758606232851498,-7.99528533020518e-09,0.8131776022803129
4199.729999996722,8.565507464568282e-06,0.02107869030416963,10.731488999341826,-3.3441591453221324,0.5860162306177332,-8.323016974729624e-09,0.8130726687280894
4201.0400000065565,8.2364634551199e-06,0.020856602931328436,11.0637876545938,-3.3902448608698648,0.5758606232851498,-7.948622449077558e-09,0.8129676439897168
4205.4000000059605,8.20860118750018e-06,0.020822046272968946,11.158271126833489,-3.40282445547705,0.5758606232851498,-7.923252007597416e-09,0.812862528772354
4204.859999999404,8.235001763724878e-06,0.020856602931328436,11.0637876545938,-3.3902448608698648,0.5758606232851498,-7.94399877563631e-09,0.8127573237831605
4202.460000000894,8.20973621549687e-06,0.020822046272968946,11.158271126833489,-3.40282445547705,0.5758606232851498,-7.926836658082797e-09,0.8126520297292953
4193.620000004768,8.541013933055363e-06,0.02104385548849356,10.824077548008479,-3.356643348355317,0.5860162306177332,-8.311726143173728e-09,0.8125466473179177
4200.010000005364,8.538193531358125e-06,0.02104385548849356,10.824077548008479,-3.356643348355317,0.5860162306177332,-8.301681538146617e-09,0.8124411772561869
4193.469999998808,8.51237804066856e-06,0.020986258226039597,10.920997126350548,-3.3669052624561364,0.5860162306177332,-8.286516191921069e-09,0.812335620251262
4203.370000004768,8.071328359201148e-06,0.02053847006577432,11.302668544161408,-3.421970417251332,0.5758606232851498,-7.802912208298885e-09,0.8122299770103024
4194.230000004172,8.481833734791384e-06,0.020905710379399544,10.952206971477963,-3.3683164767100537,0.5860162306177332,-8.25509711729755e-09,0.812124248240467
4193.3499999940395,8.397622640369596e-06,0.020757445394686738,10.965552963682521,-3.3756401580412883,0.5860162306177332,-8.18369422775059e-09,0.8120184346489152
4192.980000004172,8.397782510697115e-06,0.020757445394686738,10.965552963682521,-3.3756401580412883,0.5860162306177332,-8.184262879395889e-09,0.8119125369428061
4186.010000005364,8.284426844678835e-06,0.020505921139316645,11.01446410558515,-3.382064315105352,0.5860162306177332,-8.087213756730639e-09,0.811806555829299
4186.660000003874,8.284150707003957e-06,0.020505921139316645,11.01446410558515,-3.382064315105352,0.5860162306177332,-8.086237631887705e-09,0.8117004920155529
4192.879999995232,8.169674204636675e-06,0.020324771721103075,11.293786674588379,-3.4156273396625907,0.5860162306177332,-7.983624545598434e-09,0.8115943462087272
4189.030000001192,8.171332280676592e-06,0.020324771721103075,11.293786674588379,-3.4156273396625907,0.5860162306177332,-7.989430536994498e-09,0.8114881191159808
4189.880000010133,8.170975478643272e-06,0.020324771721103075,11.293786674588379,-3.4156273396625907,0.5860162306177332,-7.988161689901824e-09,0.8113818114444734
4187.130000002682,8.172129346355825e-06,0.020324771721103075,11.293786674588379,-3.4156273396625907,0.5860162306177332,-7.992260931264315e-09,0.8112754239013636
4173.990000009537,8.11863269470121e-06,0.02018806923742057,11.258202032131022,-3.4148153555763554,0.5860162306177332,-7.955201288161777e-09,0.8111689571938112
4187.229999996722,8.084443259409874e-06,0.0201311590796823,11.36529739845131,-3.4261819825896005,0.5860162306177332,-7.910398658954061e-09,0.8110624120289748
4180.5,8.061534335424475e-06,0.020122630687381137,11.407251300035098,-3.433699261802066,0.5860162306177332,-7.903640164710583e-09,0.810955789114014
4187.910000003874,8.112871048353401e-06,0.02018806923742057,11.258202032131022,-3.4148153555763554,0.5860162306177332,-7.9348658916106e-09,0.8108490891560878
4186.44999999553,8.028854061762992e-06,0.020041733865749145,11.44626178712273,-3.4357872255316795,0.5860162306177332,-7.86465975262623e-09,0.8107423128623554
4183.0,8.030274025217452e-06,0.020041733865749145,11.44626178712273,-3.4357872255316795,0.5860162306177332,-7.869694394771868e-09,0.8106354609399761
4187.719999998808,7.915001196314308e-06,0.019840951197146024,11.560269402570702,-3.4539975208866203,0.5860162306177332,-7.764489709429869e-09,0.8105285340961091
4182.609999999404,7.945793151151524e-06,0.01989766176015652,11.449057460935087,-3.4421808517797325,0.5860162306177332,-7.797357167265566e-09,0.8104215330379134
4182.0999999940395,7.917282234122104e-06,0.019840951197146024,11.560269402570702,-3.4539975208866203,0.5860162306177332,-7.772596847491966e-09,0.8103144584725485
4189.270000010729,7.943079028670535e-06,0.01989766176015652,11.449057460935087,-3.4421808517797325,0.5860162306177332,-7.78770481207964e-09,0.8102073111071733
4192.079999998212,7.855819899660164e-06,0.019728163699845102,11.702560265137816,-3.469986701455493,0.5860162306177332,-7.707005816946037e-09,0.8101000916489471
4182.5299999937415,7.773518941560457e-06,0.01956059387594426,11.716368786016814,-3.474634625831606,0.5860162306177332,-7.643277281695352e-09,0.8099928008050292
4189.670000001788,7.740453039820369e-06,0.019479523280679343,11.760995660335643,-3.4771968531363946,0.5860162306177332,-7.602860523091186e-09,0.8098854392825786
4188.590000003576,7.713684903839952e-06,0.01944834428012059,11.86299286740813,-3.491098830545395,0.5860162306177332,-7.583486561827609e-09,0.8097780077887546
4177.240000002086,7.718171704940915e-06,0.01944834428012059,11.86299286740813,-3.491098830545395,0.5860162306177332,-7.599448934633893e-09,0.8096705070307165
4179.5299999937415,7.631101800925466e-06,0.019281616397413676,11.875477344570124,-3.4955885179322657,0.5860162306177332,-7.518741556247393e-09,0.8095629377156233
4176.989999994636,7.632092708218437e-06,0.019281616397413676,11.875477344570124,-3.4955885179322657,0.5860162306177332,-7.522253869994565e-09,0.8094553005506343
4178.14999999851,7.631640309062288e-06,0.019281616397413676,11.875477344570124,-3.4955885179322657,0.5860162306177332,-7.520651515031895e-09,0.8093475962429085
4183.609999999404,7.572048688697294e-06,0.019169928462401793,12.026534296894196,-3.5125363412635235,0.5860162306177332,-7.461816144695815e-09,0.8092398254996055
4164.3899999931455,7.60976077145682e-06,0.019251238616290453,11.9778017568599,-3.509623908470341,0.5860162306177332,-7.518483142256315e-09,0.8091319890278841
4165.3899999931455,7.57911828269071e-06,0.019169928462401793,12.026534296894196,-3.5125363412635235,0.5860162306177332,-7.486733869207511e-09,0.8090240875349037
4260.0999999940395,1.0205875621036432e-05,0.024507107309270085,9.331987096578468,-3.153601953462914,0.6837341973730318,-9.544586944271019e-09,0.8089161217278233
4159.440000005066,7.52390312463595e-06,0.019059968311269045,11.914726862979185,-3.50375201184674,0.5860162306177332,-7.442525372823205e-09,0.8088080923138025
