ChargingTime,VoltageSlope,VoltageStd,VoltageKurtosis,VoltageSkewness,VoltageEntropy,VoltageCurvature,Capacity
3391.709447541187,4.965396428202858e-05,0.0494603579471678,-0.8846885789048713,0.0440927417257459,3.407236220954233,1.0780225956167335e-09,1.3469954435364673
3331.6859123677496,4.91141872446947e-05,0.0480668539165644,-0.915716516267445,0.1171479184098286,3.4093687321990407,2.3926225018352126e-09,1.339698465248005
3331.669512589462,4.9562760142732346e-05,0.0484956531533525,-0.9196178179246912,0.1059801180675462,3.418891181724632,2.2020236799686814e-09,1.3363528074368891
3331.6824518129724,4.940668883238776e-05,0.0483553911911909,-0.9158708881756256,0.1202691554094979,3.408447862088781,2.466638322313599e-09,1.3328020383976178
3301.6694265642877,4.974268972129995e-05,0.0482431514425978,-0.9232593180841686,0.1188665858098587,3.412639283546621,2.4737287558416123e-09,1.330331372792345
3331.689361022829,4.920563431362299e-05,0.0481546510674559,-0.9140171137591332,0.1118764529508694,3.410360573679326,2.2970743835391103e-09,1.343141057624079
3331.6924331295013,5.272836477095286e-05,0.0515986767737435,-0.9129518245299232,0.0808219311423962,3.4140008795856,1.8907966533279216e-09,1.3278421190010732
3301.6702352297143,5.047172136344171e-05,0.0489363521702931,-0.9298375168807866,0.1070448599704202,3.412639283546621,2.273857986751941e-09,1.3239415879833782
3301.6698713327933,5.0477720253648496e-05,0.0489484842637378,-0.9345749089208372,0.1259894462503236,3.418200424610106,2.633990432544625e-09,1.321650513376332
3271.654736987577,5.0351203105737205e-05,0.0483839906883034,-0.937570895411707,0.1243491308246245,3.421699154795861,2.618181169289182e-09,1.318993697358407
3271.638821120316,5.062289697733396e-05,0.0486482173481407,-0.9491580628216112,0.1432121601280417,3.4189674225998705,3.0075476292905264e-09,1.328692980419721
3301.6293329587206,5.1255333087422895e-05,0.0496862641865763,-0.9133799447181792,0.0462210511920296,3.416571510489529,1.144453543128015e-09,1.3314284655546622
3331.677667940065,5.151896067636401e-05,0.0503952485536426,-0.9109358487273344,0.0514181051022869,3.4142576914531,1.2455622519705463e-09,1.3245382001542874
3271.6551935705647,5.120413478635415e-05,0.0491922441878294,-0.9384136915273258,0.1016415034726112,3.412035875472984,2.22620253674765e-09,1.3151138335850523
3271.654455896991,5.103238326743033e-05,0.0490335423354388,-0.9465717398456182,0.1297255796766884,3.42006164190475,2.7544755011728052e-09,1.3128465402165057
3241.63931458944,5.081892572352393e-05,0.0483530884946237,-0.97282922796707,0.1048728437065166,3.289198135667072,2.285013474136417e-09,1.319620673010747
3271.6609787589987,5.178765524989116e-05,0.0497442377453422,-0.930450002561094,0.0678697220697178,3.4152970992764824,1.581865229369279e-09,1.323231140605283
3271.662762033462,5.242301286405772e-05,0.0503518291081115,-0.9305429214984198,0.0538934350688016,3.4179513380984727,1.3322757185042724e-09,1.3233349738088616
3301.6795116844587,5.247612265378508e-05,0.0508622822459354,-0.92424525855319,0.0493631397258825,3.416571510489529,1.2293941867157624e-09,1.3233110247010995
3301.6804775567143,5.260403927944786e-05,0.050984843482248,-0.9243710583510064,0.0461706138830902,3.416571510489529,1.1651418370056896e-09,1.3240834187118702
3301.6816973568057,5.273348656327133e-05,0.0511111957766421,-0.9232841883167549,0.0428380728830589,3.416571510489529,1.1089022968490156e-09,1.3239748583418018
3301.682598011568,5.3003013924421526e-05,0.0513693669925757,-0.9243231877785618,0.0349913453855398,3.416571510489529,9.543110576672727e-10,1.324263847737785
3271.652075644757,5.26388876552424e-05,0.0505586229295302,-0.9233500126456348,0.028676638838629,3.4167573803938645,8.342454680384961e-10,1.3227160256874422
3271.6677782404004,5.262450350912304e-05,0.0505467323679298,-0.9248798663265996,0.03751324608305,3.4143494254504048,1.016266022492389e-09,1.3224027585773137
3271.6685375127126,5.285872683847488e-05,0.0507674696549308,-0.9293845139186304,0.0382578482669612,3.418961213060218,1.0298274036085104e-09,1.3225309477350948
3271.653195340303,5.282188331232499e-05,0.0507338059072833,-0.9271545730570488,0.0373211616398484,3.4143494254504048,1.012909267160538e-09,1.3212094669198864
3271.65393700375,5.285250614685851e-05,0.0507698301592008,-0.9252057504045048,0.0488736568094455,3.417951338098473,1.25313960713533e-09,1.3218261852118212
3271.654837197275,5.307221424512078e-05,0.0509721232224234,-0.9280440652688088,0.031952985107339,3.421369168003677,9.045701503462313e-10,1.3212400879744
3271.639776155527,5.309053955156823e-05,0.0509918732430384,-0.9264015450812968,0.0340893825259267,3.418961213060218,9.525472187874035e-10,1.3203880497803429
3271.6575608605635,5.310334838198142e-05,0.0510018284394991,-0.9295790044737382,0.0347087021621678,3.4167573803938645,9.663973329092918e-10,1.3197586353252206
3271.670837620273,5.320273738323251e-05,0.0510970796729883,-0.929938781538723,0.0343594644685415,3.420055432365097,9.589171229513031e-10,1.3130909082698143
3241.6427803121624,5.285388280878214e-05,0.0503025487610953,-0.9488281839410764,0.0873516496927789,3.282124144728168,2.0273588328317067e-09,1.3008953044161389
3241.640533632657,5.275746388566681e-05,0.0502112159123089,-0.954442751648676,0.1014066791834467,3.28101988671407,2.300124596548433e-09,1.2980263396528993
3241.6245363024645,5.248689750927249e-05,0.049960162587132,-0.9533733504059744,0.113323640697921,3.2852944112020026,2.530370454083313e-09,1.2956212807919296
3211.6218053302728,5.234457057264862e-05,0.0493681006713629,-0.9555158675524966,0.1115382863496477,3.282528637147996,2.517033711767544e-09,1.293834670935125
3211.6238391391234,5.258317332736903e-05,0.049592240738578,-0.959346632685377,0.1153991119011387,3.284671696123261,2.608105797606033e-09,1.306417179502683
3241.6018190090545,5.348295276668108e-05,0.050890892985203,-0.942515253246115,0.0492512945729492,3.2854524540569354,1.2590361361609861e-09,1.3027367072824931
3241.640391237801,5.345896633834411e-05,0.0508718796804872,-0.9525817606279734,0.0816323342806258,3.283143284597819,1.926803810582084e-09,1.2921526977301092
3211.623447257327,5.310755717732268e-05,0.0500819767709259,-0.9697139687838464,0.1226464090105234,3.2856266725339007,2.781248021847985e-09,1.3001756073076434
3241.6461717896163,5.412610973293017e-05,0.0515058853069098,-0.9369481231496684,0.0425550704587337,3.2863986692161014,1.139199933520039e-09,1.3016219815613814
3241.6356568883057,5.14153198791416e-05,0.0489376584203957,-0.9545066809386648,0.1034110364706938,3.2806504665363145,2.3011761020280704e-09,1.311586106543892
3241.638853410026,5.1176386253156927e-05,0.0487181606296284,-0.9476956741957716,0.1097875293280142,3.2782204202630987,2.411252940151905e-09,1.3098318286483983
3241.62309639866,5.149095221966703e-05,0.0490144797780761,-0.9459446603190824,0.1039998883629527,3.28101988671407,2.306814669173189e-09,1.302734893697496
3241.636121280724,5.192345449447866e-05,0.0494187529258807,-0.9552507744885296,0.1021080119031273,3.282124144728168,2.293127362763694e-09,1.3035512497156605
3241.640559206484,5.231865580876924e-05,0.0497969243183459,-0.9340257993170836,0.0693699561930033,3.282124144728168,1.6457780544781123e-09,1.3018037894712706
3241.6243723939406,5.2221695583004295e-05,0.0497061050964728,-0.935315903409074,0.0791623501121481,3.283143284597819,1.8317008368860387e-09,1.2941245578476297
3211.620907888515,5.210178758009498e-05,0.0491392095784012,-0.9610020958179604,0.1194877491055752,3.278487181678896,2.6719588347948483e-09,1.290487703978761
3211.6205472045112,5.2514623504434686e-05,0.0495205053051509,-0.962492577727998,0.1123038482968638,3.279703249711368,2.5262312456417862e-09,1.2890270450597798
3181.5901348168263,5.23275848784229e-05,0.0488897465759651,-0.9635720377347136,0.1124076918785354,3.2821132986720576,2.554429687982575e-09,1.287433225548223
3211.5897772012977,5.308983456466239e-05,0.0500806242919962,-0.9618595415135331,0.1366646483682666,3.2845121899085603,3.0792454319045852e-09,1.2820571439576496
3181.606772803818,5.179061756167652e-05,0.048394044282359,-0.9681566071666444,0.1332823171985833,3.286192524753018,2.941063721156069e-09,1.284818159243989
3181.6082400656305,5.276835113375308e-05,0.0492978159331232,-0.9598665544354744,0.1040685186085734,3.2821132986720576,2.3840057706591446e-09,1.2842549615314225
3181.60837950313,5.295849360089702e-05,0.0494815460283889,-0.9629340346179344,0.1163225341452223,3.280988400321247,2.661864516657398e-09,1.278025781650746
3151.590340127819,5.325813778463027e-05,0.0492862692194186,-0.9860194612876914,0.1269104951922493,3.288031765231412,2.924323039273444e-09,1.2765186356312417
3151.590400307672,5.281198996658763e-05,0.0488706970760514,-0.9881705950802182,0.1251941683159528,3.28907974868228,2.863480702523558e-09,1.2761682271000074
3151.587883505039,5.308509902270361e-05,0.0491268398476083,-0.9758304974364872,0.1191525024859158,3.28907974868228,2.7339721450202582e-09,1.2750397948636545
3151.574780142517,5.370984287804824e-05,0.0497136208988063,-0.9728907726215869,0.1276441372639574,3.28907974868228,2.9601395114436876e-09,1.27505878166156
3151.5926298243,5.348582814852055e-05,0.0494952429710589,-0.9770252712616028,0.1119947774343349,3.282778545286134,2.615795606585777e-09,1.276021560673048
3151.593015660997,5.355335153446811e-05,0.0495647483478156,-0.9718858899438318,0.1203851167683677,3.28907974868228,2.788238755119797e-09,1.2745169921217094
3151.5929781072773,5.3693453277436136e-05,0.049688674380956,-0.9735237479371696,0.1126862155825102,3.28907974868228,2.6301645189382812e-09,1.2731305979474126
3151.5927923345007,5.401844503915644e-05,0.0499843320156729,-0.9762892657314116,0.109149174653525,3.28907974868228,2.5617985552172903e-09,1.2724672028452175
3151.5772644190583,5.401550130334055e-05,0.0499860489569556,-0.9726810815937724,0.1124782616153064,3.282778545286134,2.635422571367998e-09,1.2727095645278657
3151.593516915338,5.4573039557125785e-05,0.0504940783253427,-0.9827428523606015,0.1092276084308906,3.28907974868228,2.5989728493312053e-09,1.2716466892032527
3151.5618732294533,5.414919430287042e-05,0.0501125353741985,-0.9744739922324116,0.1166620331898218,3.28907974868228,2.744350033167247e-09,1.269524596724292
3151.577373555978,5.434655867279031e-05,0.0502881227728143,-0.9679843620789104,0.0919848551862217,3.2864774254016123,2.2222334582318235e-09,1.268664989771966
3121.5619841753505,5.430164363933644e-05,0.0497792197372793,-0.9802154535814172,0.1192001633809367,3.2910936272261497,2.83716024993426e-09,1.267409506425346
3121.577624194906,5.448547396007775e-05,0.0499415449682243,-0.9808393072276084,0.1127161963134017,3.2910936272261497,2.6884048472083844e-09,1.2660843593282372
3151.577165056253,5.467954405036713e-05,0.0505932759111735,-0.9690709111463848,0.0924403327969117,3.2849620393364045,2.2306658995740794e-09,1.2648366010654122
3121.530657364172,5.441518832080029e-05,0.0498738664698329,-0.9730262920203384,0.0955238187802213,3.2857903766147256,2.309808430414183e-09,1.2651663848371282
3151.5776383558987,5.4757159379414e-05,0.0506640675337997,-0.9737459702035188,0.0928456846689455,3.286201052048734,2.256640274420198e-09,1.2635464549943811
3121.5464593926445,5.468644625319602e-05,0.0501172245633154,-0.9833753249513416,0.0957570049893216,3.2857903766147256,2.337888224791712e-09,1.2624308429648974
3121.56171813712,5.498390688335613e-05,0.0503881149307833,-0.9853102656979162,0.0948184913847963,3.2869367016007898,2.3299476589487355e-09,1.2615001715064225
3121.574819855741,5.4884260979841137e-05,0.0503069456955774,-0.9785023350570814,0.1034667338990272,3.2857903766147256,2.521075285325549e-09,1.2529551183915968
1410.7171779144555,0.0001019023169222,0.0428607568730399,-1.1792840420477029,0.1196925817621861,1.992670531398638,1.1822199223710529e-08,1.2558750196399358
3121.5714166426333,5.43917773037264e-05,0.0498582056374166,-0.9813554575383008,0.1175334606523878,3.292151591471787,2.792508177139286e-09,1.2577369133343352
3121.5875663799234,5.471337739999093e-05,0.0501549793808556,-0.9861825068914074,0.1203102667810417,3.2910936272261497,2.893798540734886e-09,1.2597902888523027
3151.606692050933,5.694856313521316e-05,0.0527016103336778,-0.9823535986642238,0.1075053888466696,3.284017557998464,2.7233365301613013e-09,1.2538415510671694
3121.5721006150125,5.49890211717736e-05,0.0504171356285097,-0.9880908258778902,0.1388867544356893,3.286262230682536,3.320743319734748e-09,1.253254373991058
3121.572368829511,5.527410601489931e-05,0.0506697539507675,-0.9917241925877298,0.1298190078271251,3.289947302240086,3.134143454621835e-09,1.255413193111139
3121.569012030377,5.6110660790804185e-05,0.0514211446524757,-0.981023597641152,0.0903236853531763,3.2869367016007898,2.2700728069475403e-09,1.2504236920186853
3091.568333551404,5.568004885216215e-05,0.0505435025444033,-0.9931953245884038,0.1106013110703416,3.2943464881100835,2.7322872181020803e-09,1.2541956829428105
3121.59157325665,5.561369756456976e-05,0.0509692554160682,-0.9842887065012812,0.0965037228943994,3.287320194928174,2.403272908977505e-09,1.2583349048656003
3151.6083735281136,5.5945550677532525e-05,0.0517664308799507,-0.9786233480999926,0.1013781505020559,3.2902152592816827,2.504102581416453e-09,1.259069832076088
3121.572907188209,5.757281854043311e-05,0.0527506071760378,-0.9841956932804208,0.0682482522648125,3.292151591471788,1.8201304075105302e-09,1.24436818434448
3091.572115125833,5.562147447022257e-05,0.0505030938939862,-1.0017249887407484,0.1401030493305788,3.2931891407683844,3.41228531185058e-09,1.244155942816339
3091.5721031108405,5.5835605212579925e-05,0.0506960935480276,-1.000327481917381,0.1364038533241541,3.289468635830473,3.340655094078486e-09,1.2422318356306166
3061.5566924428567,5.5694924160317946e-05,0.0500841329207928,-1.0042481674974797,0.1374215541028777,3.290624892652532,3.400403995859508e-09,1.2386906996355016
3061.55631336174,5.582043125829718e-05,0.0501975479849705,-1.0096697705084083,0.1465115630096342,3.294275002260032,3.610686453605304e-09,1.246634936401242
3091.5601755527314,5.610101637872943e-05,0.0509257550725008,-0.988992720182233,0.1021363234794088,3.287924107725551,2.567033895481479e-09,1.250751253989969
3091.561556610279,5.61178566973612e-05,0.050940221766342,-0.9883519859537206,0.0964576047642896,3.287924107725551,2.4458943580252677e-09,1.2464378309501087
3061.525934967678,5.6330790578452446e-05,0.0506424780904246,-1.0002600875549728,0.1149178019452715,3.294275002260032,2.8958431970362813e-09,1.2351663033345643
3061.540714108618,5.611133043806751e-05,0.0504608657386218,-1.0106118590968711,0.1495268801224532,3.2916369714959157,3.703304042439664e-09,1.235214728544992
3031.541307689855,5.5787792963439445e-05,0.0496731156825381,-1.0114610208192902,0.1341549596389654,3.296807079815536,3.3465696846650966e-09,1.2357932936038625
3061.5561902294867,5.610990383135751e-05,0.0504631879279221,-1.003527345308041,0.1484617586334204,3.292715478736614,3.6712397420466445e-09,1.2428880071328747
3061.544246275444,5.6647349698270505e-05,0.0509207167640706,-0.9953083304559304,0.0930351847972481,3.29131246009347,2.405443123477025e-09,1.2441778590545836
3091.560685721226,5.682545993419864e-05,0.0515798990466603,-0.9959450697300608,0.104685661872137,3.2943464881100835,2.6599625247394302e-09,1.244998454878656
3091.561581431888,5.6626431150121135e-05,0.0514012671013168,-0.9912111974691196,0.0996069347622852,3.287924107725551,2.5387323965234723e-09,1.2504996416904448
3121.597052724333,5.750475396414135e-05,0.0526929486819218,-0.983312313710938,0.0749258909428004,3.29109362722615,1.978418386941665e-09,1.251452684969862
3121.594605806284,5.752895404174584e-05,0.0527152782835763,-0.9798127386357258,0.068087680748245,3.292151591471788,1.8214903919549702e-09,1.2522574649659135
3091.5801422474906,5.740527720696778e-05,0.0521014196528549,-0.9782206038801902,0.0580532208323868,3.293278351131315,1.6033174822617295e-09,1.2531510586659982
3121.596146366792,5.756761517022066e-05,0.0527487007446902,-0.9803810877123952,0.0610034171522138,3.2910936272261497,1.6626316732613216e-09,1.2542404967870475
3121.56592742051,5.7643759740995074e-05,0.0528213161340886,-0.9756279939124046,0.059981085793844,3.2910936272261497,1.6399406976919672e-09,1.2541495337526225
3121.597357048886,5.762987155738267e-05,0.0528097719186548,-0.9749581670253776,0.058319687693062,3.2910936272261497,1.6050823987275484e-09,1.2544646365492234
3121.5821118897293,5.7667105758520894e-05,0.0528426724692355,-0.9756940640568446,0.0582465029462846,3.2910936272261497,1.6026679952482364e-09,1.254511781962406
3121.5825000535697,5.771411788146529e-05,0.0528851126092726,-0.9756938696671144,0.0567380336629372,3.2910936272261497,1.567164054611955e-09,1.2546357215552828
3121.5708572613075,5.774785668339142e-05,0.0529160478645575,-0.9750494458975014,0.0559339082658783,3.2910936272261497,1.551300530273891e-09,1.254863478276954
3121.598547635833,5.777758176266325e-05,0.052945344432407,-0.973851229311974,0.0552640692284575,3.29109362722615,1.5384681530135091e-09,1.2547520884627297
3121.583388992585,5.777639325015198e-05,0.0529442554548605,-0.972309328678382,0.0540953815700564,3.29109362722615,1.509340151501855e-09,1.254728153985171
3121.5837308105547,5.781931079896941e-05,0.0529830665391381,-0.9737706428053734,0.0542814606583114,3.29109362722615,1.5180593846716501e-09,1.2549199509822724
3121.583738700254,5.78765086465672e-05,0.0530352916707358,-0.9730443375120416,0.0537255474613632,3.292239952212213,1.5019208260033674e-09,1.237638835378987
3031.5417117835023,5.647147325562708e-05,0.0502954272693024,-1.0091310265391789,0.1483596565793667,3.2940522264189798,3.7408932085423555e-09,1.24086836617773
3061.531612304505,5.786396138699734e-05,0.0520080625602969,-0.9903248739129822,0.0692412749973524,3.291793476376189,1.887352094109318e-09,1.2435963140721669
3091.548454344971,5.810555626802296e-05,0.0527341295207485,-0.9865777464248152,0.0699442666073767,3.293278351131315,1.901389208542296e-09,1.2279436005027933
3001.526557250181,5.589751469910789e-05,0.0492982227936196,-1.077030294400091,0.1972171224538613,3.300127808802485,4.969522316307887e-09,1.238985631193112
3121.5937544663902,5.673548983951095e-05,0.0519898998691826,-0.9754078906857512,0.060863499326254,3.2910936272261497,1.637844819060188e-09,1.2479302379455268
3091.5729243305977,5.607627846586736e-05,0.0509159708979241,-1.0050602332346752,0.1407268767402652,3.289468635830473,3.4665723662796733e-09,1.2375814324724352
3061.556777435122,5.583807817037475e-05,0.0502139840411674,-1.0098266257991606,0.1473014693783806,3.2916369714959157,3.6316364305300703e-09,1.239166147845837
3061.5570723062847,5.640323428712666e-05,0.0507187187728232,-1.0062562439669973,0.1369600237150165,3.289349792191299,3.42855389933605e-09,1.2373500892457514
3061.5414445169736,5.672613224603364e-05,0.0509925975250773,-1.0079142472063525,0.1169588306016134,3.292871983616888,2.957711918418447e-09,1.230846850017394
3031.5255123474635,5.6392815584506857e-05,0.0502211364455568,-1.0211461455799096,0.155784491123511,3.292963145577882,3.9110266739227305e-09,1.2452972356098446
3091.577040059259,5.726624206726412e-05,0.0519767165738757,-0.9916768350718136,0.0883202710047574,3.287924107725551,2.3038734580737643e-09,1.247974929516161
3091.578655972611,5.74047347209269e-05,0.0521008298815289,-0.9911383419852022,0.0831232977127836,3.287924107725551,2.187263860615284e-09,1.2353985478094995
3031.5413972886745,5.718649746800038e-05,0.0509265382933464,-1.022935300454196,0.1511508003694156,3.294537958547608,3.870326273298748e-09,1.2363651399790454
3061.560997835128,5.775111117966661e-05,0.0519173130819852,-1.0057764914899443,0.1089177115983089,3.2955501027212644,2.851416274851889e-09,1.2388709094926196
3061.5624164459296,5.794443460287985e-05,0.052087970135302,-1.0054829458227994,0.1019328346707695,3.2890653691291143,2.692709409945457e-09,1.2392761672917074
3061.563079315704,5.789424647023039e-05,0.0520466230175608,-1.0020567533805258,0.1030937709060134,3.2890653691291143,2.7221603522218155e-09,1.2396663490986988
3061.563566602068,5.7944822584159045e-05,0.0520926380561656,-0.998413119647402,0.0982804485000717,3.2890653691291143,2.609721283422891e-09,1.2397416914957504
3061.564036620315,5.796092700683824e-05,0.0521060577451922,-0.99943223799246,0.0949574298451293,3.290624892652532,2.537131259773115e-09,1.2418269508468525
3091.549295429373,5.8390063079802e-05,0.0530014348673065,-0.993735069625202,0.0931967348915917,3.2908581639097414,2.485280803161923e-09,1.2417440463367615
3091.57842434966,5.818191890838062e-05,0.0528170106436559,-0.9903691473651696,0.0943607855847165,3.287924107725551,2.509997714834562e-09,1.242590845811218
3091.581303827232,5.84543900673768e-05,0.0530623201404685,-0.988738216506551,0.0881294740894015,3.2908581639097414,2.3702766707128155e-09,1.2416623253162085
3091.5814508344047,5.8443919064214005e-05,0.053054782816827,-0.9881224112459912,0.0911855016522573,3.289468635830474,2.4429834421263006e-09,1.2415459966836495
3091.581553776283,5.8492870006617125e-05,0.0530979359301695,-0.9890183618927156,0.0902322301625609,3.2908581639097414,2.4204919738828963e-09,1.2411655308245466
3091.566086938372,5.849220168697657e-05,0.0531006882609108,-0.9858609252168828,0.0915627750362002,3.289468635830474,2.455516624791587e-09,1.2411692511673051
3061.566646480001,5.835234468342437e-05,0.0524624176767233,-0.986802167669966,0.0830212786035095,3.290624892652531,2.2670756065164902e-09,1.241082639150266
3061.5673467577435,5.8355351767987344e-05,0.0524644546294287,-0.9848241708868528,0.0795640011520306,3.2920279112956754,2.1806772417912787e-09,1.2413339924339153
3061.567736681318,5.840947757919259e-05,0.05251263463909,-0.9855642864082405,0.0793263785585157,3.2902339528527715,2.177516719144765e-09,1.2428807922863248
3091.5840640822425,5.851552626176094e-05,0.0531146567994081,-0.98159458898534,0.0711064988791905,3.292121003789616,1.9575808432580566e-09,1.2434386041368797
3091.5688860206865,5.8635943558976574e-05,0.0532222231355085,-0.9808973848517226,0.0673302054799456,3.292121003789616,1.8679542940614608e-09,1.22673736390334
3031.5438066329807,5.797985468241135e-05,0.051627829722847,-1.0055321397381425,0.1239236515575052,3.294210265660824,3.253985464641014e-09,1.21808012601104
3031.526850873372,5.775078967527986e-05,0.0514239796750764,-1.0133026098880762,0.1341413736937338,3.2919411443928963,3.489908433630489e-09,1.2170949717105557
3031.526884843596,5.791696765218695e-05,0.0515764990725642,-1.0110489526418482,0.1403853702390783,3.2906535429467496,3.645221875231548e-09,1.215679874558799
3001.4802395538427,5.767847187454165e-05,0.0508517444119935,-1.0154212759772103,0.1277324565360236,3.2944147408948457,3.3586110534640853e-09,1.211619376748641
3001.52581378934,5.7697606881321774e-05,0.0508751326727371,-1.0135801740622998,0.1375163107783379,3.293314877075124,3.5901008400277493e-09,1.2277661325906275
3031.5018999020103,5.858838125557548e-05,0.0521520320228793,-0.9959577040204568,0.0819414755593606,3.2915463718500013,2.243981112467024e-09,1.2159417073811898
3001.5264838270377,5.823122882489012e-05,0.051344063333399,-1.0156690973827458,0.138025741108258,3.296747210878762,3.6328624764320475e-09,1.2081946008150248
3001.5104988859966,5.781799592391631e-05,0.0509888665708841,-1.0165261803468295,0.1498131247900217,3.295555486883349,3.910013740798784e-09,1.2097537421760474
2971.4954588885885,5.800816743337652e-05,0.0506373134733917,-1.0160753367751312,0.1292408189682131,3.2944731933065228,3.436715486498929e-09,1.208965164309
2971.714493206935,5.810001935709666e-05,0.0507220062494129,-1.0201523377162225,0.1344583461213309,3.293028084104084,3.58190870743685e-09,1.206025390282504
2971.510952989105,5.7965554760544846e-05,0.0505985540730325,-1.0204243801651178,0.1324069570162633,3.2944731933065228,3.508242248000706e-09,1.2202638809458286
3031.531066837255,5.88628320639392e-05,0.0523958602746164,-0.995149838716654,0.0785855688644425,3.2915463718500013,2.169321197637677e-09,1.2246089202541135
3061.563409329392,5.922476898735626e-05,0.0532357686724715,-0.9886877957377598,0.0730898813545281,3.291793476376189,2.031701880397088e-09,1.2119591096242297
2941.496981759323,5.762331159239835e-05,0.0498221447002744,-1.0950862385006246,0.2027174621605703,3.1511941490676927,5.429638291972102e-09,1.224993306128416
3091.5811742336955,5.804561618705877e-05,0.0526832741633875,-0.9870636988417116,0.0750363431504435,3.292121003789616,2.024716267823328e-09,1.2330720831074078
3061.559531158768,5.776067554191074e-05,0.0519268915224109,-1.0037915298223614,0.1148487498664331,3.290624892652532,2.971403209781309e-09,1.2387604289791654
3091.582230159547,5.828379282934777e-05,0.0529035655023088,-0.9946155227297782,0.0947455107043543,3.287924107725551,2.506305399779089e-09,1.2413006406713314
3091.583168230951,5.887338941845131e-05,0.0534315122829166,-0.996197195863136,0.0823735383686964,3.292121003789616,2.230733671418621e-09,1.2410537662580652
3061.537252838724,5.8256197370996926e-05,0.0523698625265858,-0.9860082001930852,0.0725815317193245,3.2931964950193326,2.002073318641236e-09,1.241000114595692
3061.568869584007,5.838660119776183e-05,0.052488767456405,-0.9835453210864236,0.0699253260062048,3.294471595480565,1.9454106523969887e-09,1.2407020819510772
3061.5696035411675,5.849891540166909e-05,0.0525897238293952,-0.9826104025787314,0.0685942606718478,3.294471595480565,1.915555868611228e-09,1.2403494910501829
3061.569660172565,5.8539581164564406e-05,0.0526243395289728,-0.9836039792888932,0.0672198471200678,3.294471595480565,1.8798767938150148e-09,1.2403726901856875
3061.554602140328,5.866889829568593e-05,0.0527401896991764,-0.9835196591568324,0.0643995001544326,3.2931964950193326,1.8194755572124943e-09,1.240190057294204
3061.540350741707,5.878097780281399e-05,0.0528419936202711,-0.983600715430057,0.0680296496373094,3.294471595480565,1.909567793401778e-09,1.2403269588620247
3091.5715742155444,5.902181795786552e-05,0.053573187517407,-0.9819654769465478,0.0694832265347281,3.292121003789616,1.934629757136937e-09,1.240287392647077
3091.555968736997,5.905089447723575e-05,0.0535998120829356,-0.9815684206220086,0.0691464763510057,3.293278351131315,1.9290175769492557e-09,1.2397973931949022
3091.5717730519827,5.916752911034672e-05,0.0537051758222117,-0.9824851163828132,0.0684007297784197,3.292121003789616,1.9122484021919147e-09,1.2395023451617238
3091.58757357765,5.920649343129585e-05,0.0537410955257737,-0.9812756498173418,0.0677865081244592,3.292121003789616,1.898453132668683e-09,1.2391759771282975
3091.572082725353,5.928400118288171e-05,0.0538112977231751,-0.9805450595822388,0.0664916575552429,3.292121003789616,1.869886850181297e-09,1.2388658001177395
3061.5725851934403,5.915934637553548e-05,0.0531829993256419,-0.9793936560897863,0.0593260178550213,3.293303011756908,1.7120359996040574e-09,1.2390805364693118
3091.5882476698607,5.94626872655922e-05,0.0539716232636612,-0.981654107925602,0.0633162991249751,3.293278351131315,1.796645523531158e-09,1.2380763374885049
3061.572805112693,5.922220261694602e-05,0.0532379334819712,-0.9806567239079916,0.0587756034840755,3.293303011756908,1.6963881142436312e-09,1.2376052399002313
3061.573061317205,5.929232839348487e-05,0.0533023214109607,-0.9800030246504434,0.0600006335943567,3.293303011756908,1.7307755549991702e-09,1.2370970386728182
3061.573188199196,5.930879010566881e-05,0.0533175920558477,-0.9806887177850868,0.0609130530042988,3.293303011756908,1.7571015476221367e-09,1.2245674824675656
3031.5463376957923,5.884394027444807e-05,0.0523935622664112,-1.0015128487481015,0.1116194390023654,3.289078729977024,2.997906207626283e-09,1.214638476641302
3001.5302366348915,5.858373865329329e-05,0.0516458525077175,-1.0052658009691704,0.1054593091203858,3.291393534526966,2.858001018439668e-09,1.2151529581833738
3001.5303243235685,5.880821780441079e-05,0.0518421310197056,-1.001692459517472,0.0994453456420996,3.291393534526966,2.71283564703615e-09,1.2093848964816525
2971.513376443647,5.842707212579371e-05,0.0510040720224703,-1.016370152003208,0.1255434018135799,3.296079502535642,3.385146710561474e-09,1.2066877182065787
2971.5126562961377,5.865722924483828e-05,0.0511998218174813,-1.021374856708137,0.125294875241466,3.2944731933065228,3.3846304060636453e-09,1.2208950587990732
3031.519222732168,5.908262597056872e-05,0.0525933941915893,-0.9866469399940798,0.0643945993889472,3.295390306087655,1.8352354307223163e-09,1.224268693081824
3061.552502334118,5.942670936920541e-05,0.0534205004156129,-0.9795868134361428,0.060562393237928,3.291223170027384,1.7335365525574596e-09,1.2172072592734762
3001.529657534324,5.912082767993303e-05,0.0521128962382206,-1.00194979377416,0.0905872313774525,3.2928243357175,2.5033552186788798e-09,1.2044482011105986
2971.4971653930843,5.850891779607688e-05,0.051066433493773,-1.01581207180748,0.1147400716401,3.297283143771009,3.1030301203242994e-09,1.205691761875309
2971.482851282693,5.886730409621324e-05,0.0513736039022274,-1.015337220019172,0.1042659929343869,3.2985964972460797,2.855747783591842e-09,1.2067370239161372
2971.49772265926,5.899810211690185e-05,0.0514905943988935,-1.0075026619214842,0.0977655061390854,3.293028084104084,2.6985092723521702e-09,1.199741733576554
3031.517987604253,6.17311334384991e-05,0.0549783862465682,-0.9861207474769836,0.1064691013459325,3.2901678108181214,3.028557055828054e-09,1.198954305428136
2941.480502554681,5.901320681757884e-05,0.0509969196208505,-1.0207826343905717,0.1254805488799935,3.1471920239031728,3.4376017398726987e-09,1.1974249961431656
2941.4497532248497,5.861505377842107e-05,0.0506441577414436,-1.0281978246553105,0.1185723095789855,3.1451612347576763,3.244220410816108e-09,1.197198320950219
2941.480465131346,5.927939138525623e-05,0.0512186676187635,-1.0257972159237625,0.1175533227978028,3.148407823130816,3.247434167582058e-09,1.1955476793807909
2941.4965963573195,5.983795311498668e-05,0.0516941080333368,-1.0287584003021657,0.1104042988841469,3.148407823130816,3.081754780077295e-09,1.1955439519318256
2971.5147740920074,5.898566954669417e-05,0.0514849854007279,-1.017001112931645,0.1192577557025371,3.297283143771009,3.244169801618862e-09,1.2080482587603385
3001.533793548122,5.9935504405483616e-05,0.0528311203967738,-0.996950058932894,0.0832812859528138,3.294016059712913,2.348234762840106e-09,1.194201681832627
2941.449560533744,5.972284183560642e-05,0.0516020332143911,-1.0317631165334122,0.1268242002901129,3.1471920239031728,3.507409755894695e-09,1.1916453364090824
2941.4966655601747,5.935589694983419e-05,0.0512913341696149,-1.0280198435929968,0.1319275047472923,3.1471920239031728,3.6178850355066602e-09,1.1949146934684085
2941.481409829576,5.980005641088238e-05,0.0516658500689992,-1.0332360352800982,0.11901314700223,3.1498675293959053,3.3233411323576493e-09,1.1924194155300738
2941.4968201662414,5.888647261012692e-05,0.0509069591573765,-1.0908518502223472,0.1950204353879414,3.1498675293959053,5.326638032027509e-09,1.2041226354233854
3001.527107944712,5.7580007660525406e-05,0.0507674769029519,-1.023914608910906,0.1449897672607671,3.294124685692816,3.7571355893601184e-09,1.209501298527301
2581.29216575902,6.353297929713487e-05,0.0483079034552409,-1.1023955356794668,0.2087232819259141,2.97634141666164,7.0053055082000965e-09,1.2023340634746955
2971.4710534238257,5.693561874060541e-05,0.0497055733280449,-1.0285085328052173,0.1522167000589271,3.2944731933065228,3.928186267932717e-09,1.2146017664487576
3001.504185688682,5.965589454822746e-05,0.0525671742997777,-1.000312704728794,0.0529622207130826,3.2907950657760034,1.5591624574361142e-09,1.2043800571415442
2971.487200385425,5.731402773413845e-05,0.0500307151417393,-1.020579107569777,0.1384897425968483,3.2969901880169594,3.6028277393983662e-09,1.2039312444986316
2971.471888291649,5.782844921716119e-05,0.0504723579959738,-1.023867145623763,0.1308960931728658,3.2933623308486037,3.4468950960815117e-09,1.200405485870391
2941.468641712796,5.7431533601646246e-05,0.0496322373072655,-1.0243421062855882,0.1372521979454451,3.143701528492587,3.6259712596828704e-09,1.1971472258547011
2941.4527120008133,5.748819980573824e-05,0.0496804316208228,-1.0361780272127965,0.1446197486599338,3.1470812034590288,3.831984283521909e-09,1.196656992032333
2941.4528074790724,5.771619696066888e-05,0.0498744203055978,-1.0277209031553238,0.1356649821184981,3.143701528492587,3.599458280977506e-09,1.2076264295207606
3001.5163566488773,6.143427708737391e-05,0.0541345702792933,-0.9972009217252462,0.0461766153218265,3.293526216941853,1.4263086697713624e-09,1.1918419596390806
2941.467602562625,5.834404353268311e-05,0.0504184034730026,-1.0199167682741397,0.1264097436565577,3.1471920239031728,3.415409361004248e-09,1.1925424725941345
2941.484312619082,5.907945313598701e-05,0.0510598736377097,-1.0223776999108602,0.1403745202981571,3.143701528492587,3.806276950037175e-09,1.1889450940125394
2941.4820123109967,5.837174459721168e-05,0.0504548136790656,-1.0164233110368244,0.1398468353840623,3.143701528492587,3.765589034855286e-09,1.1905771384818773
2941.467839081772,5.936075184374092e-05,0.0512884659174014,-1.0166406091138616,0.1102595815490519,3.143701528492587,3.047895561557873e-09,1.1943021405317753
2941.4868341833358,5.926530973011924e-05,0.0511997883472613,-1.0190719142441,0.098898438081973,3.147325110496474,2.755953104415921e-09,1.2017239104060475
2971.4877797812223,5.97131458127054e-05,0.0521095003681691,-1.0103446676821075,0.0942841253358757,3.294231725339451,2.6353694286329462e-09,1.2034741546956549
2941.4838224020787,5.785779457997914e-05,0.049991129950552,-1.0143385789184198,0.1202388850622205,3.1458654042313854,3.1744974110863115e-09,1.1925540507122
2941.474102276843,6.034825113204088e-05,0.0521356612871974,-1.0245924046737016,0.1070115562808519,3.1451612347576763,3.020258375274949e-09,1.1940681294744624
2941.472668137867,6.0235056834390325e-05,0.0520398708224115,-1.022213131678163,0.1066338715638271,3.1451612347576763,3.0072465105946116e-09,1.19539122259103
2971.504152426962,6.050547418466269e-05,0.0528033534607509,-1.0169894849281074,0.1064559836991645,3.297283143771009,2.9887450189095722e-09,1.1961707252934386
2941.442645501811,6.0329395781418446e-05,0.0521197691236067,-1.0171928408579605,0.097345312476144,3.147325110496474,2.770168909966646e-09,1.1966460241186474
2941.456692135427,6.048572263988845e-05,0.0522547984474112,-1.0179826845823197,0.0951669786305807,3.147325110496474,2.726829144706414e-09,1.197102283695914
2971.5039816307835,6.048909447647286e-05,0.0527894086417373,-1.0150596829240257,0.1028105643700658,3.293028084104084,2.8968030800089727e-09,1.198988354141383
2971.508125288412,6.071111357857737e-05,0.0529801552087111,-1.012274006971208,0.0935655638432591,3.293028084104084,2.665373779477639e-09,1.1981646948337648
3001.522103356663,6.131127839222847e-05,0.0540343667405555,-1.0048051510332952,0.0778763624868718,3.295316409688229,2.253867375296254e-09,1.1980562830001926
2971.5066432398744,6.062083140358365e-05,0.052903541140794,-1.010085305543958,0.0944553788552309,3.293028084104084,2.684436566554157e-09,1.1986648821739692
2971.491092592478,6.0769270354979886e-05,0.0530312058432273,-1.0104018357997795,0.0931176107254194,3.294231725339451,2.652658710239869e-09,1.199469027063043
2971.4945185561664,6.093434801876432e-05,0.0531780481352807,-1.008692897495255,0.09301746966505,3.293028084104084,2.663520523894837e-09,1.1989016952045184
2941.4924815287814,6.048886744562657e-05,0.0522596799375141,-1.011615755073439,0.0884660939955962,3.1424857292649437,2.5510613135548715e-09,1.1993854455525703
2971.474614830222,6.061989793932183e-05,0.0529007008528372,-1.0071091478187186,0.0878114810752163,3.294231725339451,2.5078440420929395e-09,1.2010741720469262
2971.506911989301,6.0981956670956366e-05,0.0532147268829459,-1.007662934102749,0.0803886400066386,3.2956768345418896,2.336367427344919e-09,1.2007253131498
2971.507649893407,6.0995446545711935e-05,0.0532299890867422,-1.0074244532625698,0.0876288689881825,3.2956768345418896,2.5253299598392034e-09,1.20007297640648
2911.471698209644,6.029715121035335e-05,0.0515763517016229,-1.0363864533155656,0.1345040598176433,3.1475724559336378,3.7791667750284774e-09,1.173774288643589
2911.4236900284886,6.046487785643597e-05,0.051720402151275,-1.0314181878328712,0.1311450206596934,3.1475724559336378,3.7002414794341477e-09,1.1758706426689856
2911.469804113731,6.083454110185109e-05,0.0520329476460798,-1.029886532264515,0.122447132444787,3.1489126125408515,3.488325010877699e-09,1.1708721368372734
2881.452533033211,6.0546210846439056e-05,0.0512623476472076,-1.0432436380092447,0.1373203473631474,3.148225606742279,3.920438861372281e-09,1.17567643759487
2941.491042988375,6.122001948397917e-05,0.0528879385086892,-1.0089258563281345,0.0797874064756342,3.143701528492587,2.343658230639796e-09,1.1685707143780133
2881.454514481593,6.058166391532088e-05,0.0512945409992306,-1.037598975988536,0.1388642037154871,3.150611693024018,3.946169722592817e-09,1.1672456943139693
2881.423486791085,6.072817630822868e-05,0.0514132869605864,-1.0439620110319314,0.1364698118494715,3.150611693024018,3.8991544216947425e-09,1.1693317755981665
2881.454700831324,6.076706041947812e-05,0.051441417873024,-1.042795994643246,0.1255304952459162,3.149466473995235,3.6090685976899718e-09,1.169188634055752
2881.4555687536485,5.84624430492666e-05,0.0495181622552871,-1.022373009521864,0.1519740609411304,3.1450798145447965,4.143312414102804e-09,1.1791864708113162
2941.488973946776,6.131825632834005e-05,0.0529761996852196,-1.0207517509811823,0.1060095310873501,3.1462030272056465,3.040276570547328e-09,1.1813188233561576
2911.474401026033,6.118731114153765e-05,0.0523281906609913,-1.0184936355912868,0.0961893843571866,3.149047057160616,2.7998953303723887e-09,1.1652391329052636
2851.4391665589064,6.127266941077402e-05,0.0513616051709932,-1.103654043738231,0.1910377954536105,3.15558542911813,5.607155753215788e-09,1.1763237349994848
2941.4843807239085,5.964739622768677e-05,0.0515458371310812,-1.0372691109696348,0.1479947357459488,3.1470812034590288,4.045304121528581e-09,1.1779833395412802
2911.4687306582928,6.038971545559281e-05,0.051646185242784,-1.0353851761947943,0.1222388463047682,3.1489126125408515,3.4404390391580923e-09,1.1755424047753906
2911.4691317831166,5.992397980414007e-05,0.0512511673366675,-1.0342091869872554,0.1269111512380493,3.1475724559336378,3.536571535987532e-09,1.1742207353917649
2911.455192101188,5.98289061528625e-05,0.0511781267981099,-1.0297166467593366,0.1338323432464953,3.1475724559336378,3.721838076012615e-09,1.1829094811495544
2941.487239784561,6.041358239568853e-05,0.052199950299238,-1.019697800099483,0.1147124084215803,3.143701528492587,3.2237519272137843e-09,1.184579393878074
2941.4722190280445,6.0576120354994665e-05,0.0523386582886457,-1.0193539272440255,0.1097919991931156,3.1451612347576763,3.108878539047448e-09,1.185868467731222
2941.4883350944147,6.081491786192392e-05,0.052541080527056,-1.0182569899445053,0.1006269446082543,3.147325110496474,2.877455452105993e-09,1.186547901412734
2941.488706675358,6.0833338824051415e-05,0.0525582356072272,-1.0130363795494344,0.0958580893769225,3.147325110496474,2.753551951758432e-09,1.1881789327919028
2941.489140040707,6.106642997777952e-05,0.052758503515033,-1.0071662248411213,0.0862213679753024,3.143527521712914,2.5034312925211787e-09,1.188566103041584
2941.489854451269,6.108007685718487e-05,0.0527708300055644,-1.0208162522896376,0.1053946954317196,3.1462030272056465,3.016421481458171e-09,1.186620012560359
2941.4741064021364,6.10469336140216e-05,0.0527427468034494,-1.0139533251776935,0.0967526029596386,3.147325110496474,2.789358286382647e-09,1.1864473609632349
2941.474481231533,6.10523156190872e-05,0.0527482218244833,-1.011923279574998,0.0943661606345154,3.148651730168261,2.728292943277985e-09,1.1860205129767851
2941.474642222747,6.116154786069768e-05,0.0528453916268135,-1.011607915314782,0.0993117051382873,3.1462030272056465,2.865810186151705e-09,1.185521735801947
2941.4904236095026,6.118348603330261e-05,0.0528602160030158,-1.01392988852083,0.0955208732374845,3.148651730168261,2.760551605866715e-09,1.1851259791643542
2941.4592880350538,6.127731121726904e-05,0.0529418896469309,-1.0131567633965404,0.0948175665192787,3.147325110496474,2.7502303727106627e-09,1.18513480051039
2941.490691822953,6.125670933289038e-05,0.0529240989077928,-1.011924333130338,0.0943116248623913,3.147325110496474,2.7297394525570903e-09,1.1851087044590485
2941.4913030262105,6.137410532709038e-05,0.0530293171465501,-1.0114325521423215,0.097969887994806,3.1462030272056465,2.840953346087145e-09,1.1852047070133571
2941.4759607836604,6.134493411001671e-05,0.0529982474449594,-1.0130703274929798,0.0914760905869781,3.148651730168261,2.6607338366894056e-09,1.1850152485523764
2941.475909270346,6.143117531817803e-05,0.0530742487340855,-1.011599632601596,0.0917714720025104,3.148651730168261,2.673965595799333e-09,1.1846662599643636
2941.478990800213,6.147695624674957e-05,0.0531128273769864,-1.0122952996582133,0.0912377065277452,3.147325110496474,2.659701385020881e-09,1.171779460518357
2851.4398051202297,6.122338208770203e-05,0.051294870171506,-1.039872463517761,0.1218168060597659,3.151458237542218,3.563995130288805e-09,1.1610318915105715
2851.4389797183685,6.125651941913616e-05,0.0513231428323905,-1.0434153373601112,0.1289696546597445,3.150301089148552,3.7541278494698114e-09,1.1595391286349708
2851.438722271938,6.149234513486716e-05,0.051519860334749,-1.0419096800555718,0.1273507513529171,3.150301089148552,3.717033030939019e-09,1.168291810611289
2911.457986250054,6.195646405482705e-05,0.0529837059613229,-1.027044870716505,0.1047140759005771,3.149047057160616,3.064169113614413e-09,1.1692345638517094
2851.4242763728835,6.203829176267593e-05,0.0519685999258675,-1.039114268441508,0.1092029414332022,3.148933012612021,3.2439969074712527e-09,1.1546438081728922
2851.438724081032,6.152111696851141e-05,0.0515447410208623,-1.048287648216127,0.1343232630628507,3.1527120304957257,3.917604140283516e-09,1.1541052094563329
2851.438880400732,6.175200986580221e-05,0.0517340061392063,-1.042542580052954,0.1200787648998474,3.151458237542218,3.5403274676025663e-09,1.150861458728605
2851.438592052087,6.162536639603911e-05,0.0516320257752874,-1.045127220169362,0.1307416210516141,3.150301089148552,3.823766781930656e-09,1.1515965631470757
2851.438953588251,6.191530157912207e-05,0.0518751673234194,-1.0437016395412002,0.1288642027497434,3.150301089148552,3.793032043623869e-09,1.1588739401769914
2881.456689065788,6.56384091209166e-05,0.0555506457284349,-1.0635789315297,0.1140822813947951,3.1523102499514284,3.5984606174401062e-09,1.1495181026962618
2851.439066745341,6.248090409119213e-05,0.0523352797393208,-1.0435120836907403,0.1076527297788879,3.1527120304957257,3.2184180249277875e-09,1.147216087680058
2851.423635671381,6.2592245604567e-05,0.0524388370318696,-1.0484493463323297,0.129973745325771,3.1527120304957257,3.8583784621091206e-09,1.1456160403232347
2821.423039610032,6.179854893066574e-05,0.0512444687547805,-1.043353897913113,0.1364277966315546,3.148407823330136,4.0299461535305886e-09,1.1456805141555646
2851.4383590263315,6.228116871894037e-05,0.0521834312089043,-1.0468004823582486,0.1363262841060487,3.1527120304957257,4.0192411675648215e-09,1.160928421739462
2881.457863292657,6.243556311762552e-05,0.0528458639845211,-1.0356322387116783,0.1074761034632181,3.148225606742279,3.1871930811107072e-09,1.153647173428884
2851.438750176225,6.256143787720894e-05,0.0524166781248696,-1.0448482822824254,0.1302662606960522,3.150301089148552,3.873435213536211e-09,1.1439414544600472
2821.408148882445,6.027242836168717e-05,0.0500045816996657,-1.0827003805304454,0.1883128004072648,3.153747787930972,5.458789202319222e-09,1.148700537959563
2851.423009555787,6.196038613130493e-05,0.0519120561591829,-1.0438501009650696,0.1298181482929211,3.150301089148552,3.815567251872541e-09,1.1476666859323164
2851.4225430130027,6.29907428210001e-05,0.0527708408445018,-1.053177282809019,0.1329353608034068,3.1527120304957257,3.966505663695895e-09,1.157119456134713
2851.4410956315696,6.216492287386627e-05,0.052077706625207,-1.0402194898600172,0.1149282497341258,3.151458237542218,3.413013852347434e-09,1.161081576497501
2881.456968653016,6.243103806872965e-05,0.0528484892085192,-1.035749002559011,0.119232138492854,3.149466473995235,3.5133278887872633e-09,1.1520927663038794
2821.423028642312,6.222850677101792e-05,0.0515911191662755,-1.054186047366491,0.1320448036034361,3.15084414300728,3.934180067060859e-09,1.142966384307185
2791.407780383248,6.240331487938807e-05,0.0511903483973237,-1.0541702689147925,0.1262397194796165,3.150323767368947,3.8155752649004125e-09,1.152005891551587
2851.439989720471,6.286969011133182e-05,0.0526638845076211,-1.0447304037645848,0.1155890380681049,3.151458237542218,3.4588593218844552e-09,1.155830470534842
2851.441061396617,6.26853008884758e-05,0.0525108363632107,-1.0429954751548227,0.1141619575284271,3.151458237542218,3.415551848368095e-09,1.1585034102113465
2851.4415310919285,6.283082882273829e-05,0.0526297317075386,-1.0386847351440662,0.1039424199768588,3.148933012612021,3.1312778743966955e-09,1.1595800929840183
2851.4417662331834,6.297000178048176e-05,0.052744922495264,-1.0391350049030217,0.1019940366116574,3.148933012612021,3.0827331314927267e-09,1.160623298288749
2851.4420123463497,6.298106056142771e-05,0.0527530915033919,-1.0380130247156936,0.0975374398824277,3.150301089148552,2.960306171533701e-09,1.1628194023163758
2881.458004805725,6.289712822013563e-05,0.0532397794895988,-1.0321869851281713,0.1075360737546402,3.148225606742279,3.2187385058589773e-09,1.162783735369358
2881.4582313499413,6.280137014745312e-05,0.053158372301519,-1.0334567562202113,0.1094950188547413,3.148225606742279,3.263656262300497e-09,1.163615965925347
2881.458545006812,6.288781757694364e-05,0.053230048798896,-1.0346432876138083,0.1080471420279291,3.148225606742279,3.2286951716880647e-09,1.1643907401344296
2881.4588839067146,6.299540116156874e-05,0.0533195870994525,-1.033351072130554,0.1039944591572929,3.148225606742279,3.1187837388440837e-09,1.1647117575608132
2881.45912510762,6.285050948835212e-05,0.0531982376290884,-1.0329963390541943,0.1052065432640872,3.148225606742279,3.147979385509588e-09,1.1651462025141974
2881.4592727655545,6.281687999053781e-05,0.0531712276895677,-1.0320229072055591,0.1062775786805854,3.148225606742279,3.177255694035188e-09,1.1652758208905645
2881.459618863184,6.289453904527406e-05,0.0532376534360441,-1.0304573411102087,0.1048004452880378,3.148225606742279,3.143374931252617e-09,1.1659424288808211
2881.4598699938506,6.295943077614778e-05,0.0532894913955543,-1.0306144428253472,0.0994513182456745,3.148225606742279,2.9944961182283554e-09,1.1663536148985654
2881.4601120268926,6.286721468718454e-05,0.0532127793526688,-1.0303837292320386,0.1006880601044737,3.1497154100437617,3.027866096021952e-09,1.1672150298078106
2881.4605860486627,6.29041873530763e-05,0.0532437991482486,-1.0283775609527774,0.0983170145272542,3.1497154100437617,2.9595839181980693e-09,1.1671636532870595
2881.460661341436,6.293920052759419e-05,0.0532757042742193,-1.0282091593181,0.1009467620686528,3.148225606742279,3.041778857073144e-09,1.1675813303914622
2881.460777074564,6.301755818461959e-05,0.0533396476984583,-1.0271878118274769,0.0962877418258824,3.148225606742279,2.909369947451456e-09,1.1474288389348724
2821.423984945752,6.281283566664165e-05,0.0520766664383602,-1.0474511844576555,0.1252149551291537,3.152480797156901,3.780906507304429e-09,1.1413350579104815
2791.4082097834907,6.282717332792951e-05,0.0515374976634257,-1.0574365162095114,0.1286021587610839,3.150323767368947,3.910408757970522e-09,1.1516972466370894
2851.412261588499,6.326549986549878e-05,0.0529919253611995,-1.037526063547284,0.0988040534300103,3.150301089148552,3.006711370891562e-09,1.150614956832564
2821.424279865809,6.340327513770415e-05,0.0525576741633357,-1.046595316445608,0.1114440966908972,3.153747787930972,3.4104844238942876e-09,1.1357356475180742
2791.4082327308133,6.293754926623517e-05,0.0516316157042295,-1.0548389153776176,0.1316873158276578,3.1516042367682733,4.007653594491876e-09,1.1395821663111714
2791.377887280658,6.281940572919449e-05,0.0515299347102461,-1.0479304073602236,0.1181393642053363,3.1549671417377003,3.603715634326053e-09,1.1386299372458066
2821.4084332613274,6.303981444674071e-05,0.0522627564781816,-1.0476932509255898,0.1257353862478932,3.152480797156901,3.7951206247847935e-09,1.1383615544731476
2791.377317946404,6.361331590664938e-05,0.0521722580424581,-1.053907741521008,0.1106168839139042,3.1549671417377003,3.4182529228255117e-09,1.1450557411820697
2851.4427281152457,6.573235814202614e-05,0.0550720586847858,-1.0505655984294702,0.1215871509763295,3.1476792196585137,3.859820739246842e-09,1.140677395093778
2821.423930780962,6.386031846616471e-05,0.0529358663281552,-1.0493403279768845,0.1157902601265986,3.153747787930972,3.5506369155272446e-09,1.139866254446367
2821.4238548213616,6.373363342964117e-05,0.052830962044655,-1.046690465742204,0.113014615042673,3.153747787930972,3.4630124175549232e-09,1.1383648269891673
2821.3617881122045,6.365403006260704e-05,0.0527666057425358,-1.0545109059107876,0.1257955051486702,3.151311468253828,3.835245472449464e-09,1.1354422114297489
2791.3111341162585,6.315108739418604e-05,0.0518025061416057,-1.0553282524628491,0.1286500349083081,3.150323767368947,3.932308019972594e-09,1.1336285721154111
2851.4290620451798,6.352562766342782e-05,0.0532106311118318,-1.033642523036035,0.09490976723019,3.151458237542218,2.913958716829244e-09,1.138303314243601
2791.408557540737,6.309572883157042e-05,0.0517867756131184,-1.1011136556573022,0.1836765179285026,3.1535699571897533,5.662607023125322e-09,1.137843361336818
2821.4234189353883,6.287806856021878e-05,0.0521381786419343,-1.0534819887826612,0.1426808398126154,3.149153291187153,4.288411620134406e-09,1.1463032681073886
2821.410755273886,6.228372870080091e-05,0.051627929010421,-1.0375349425292748,0.1001093173469339,3.151098319814723,3.0177571452789403e-09,1.1373417603467697
2821.407531884499,6.364367187476958e-05,0.0527607858952856,-1.053122452031012,0.1278157973581306,3.153747787930972,3.8873902565831035e-09,1.131296136191536
2791.3765996061265,6.34529656417382e-05,0.0520505673795846,-1.0624871460088037,0.1334351925766851,3.150323767368947,4.093713679513023e-09,1.1322452525188622
2791.4079358913004,6.324476439812109e-05,0.0518843363876182,-1.059130330196581,0.1367991210160021,3.150323767368947,4.1778390954745414e-09,1.1329135802182742
2791.408067343291,6.344278347499824e-05,0.0520468527486056,-1.0587429878561925,0.1363736088407363,3.150323767368947,4.178868250270426e-09,1.1315572110526322
2791.407748498954,6.361605573363649e-05,0.0521913208397558,-1.0616622158286635,0.1421780123396345,3.150323767368947,4.3641515397407904e-09,1.142059553872809
2821.425603103824,6.358987151577303e-05,0.0527069734672253,-1.0460135461098607,0.1030400373160826,3.1499289909116497,3.166613774119985e-09,1.1472506261866209
2851.4248547693714,6.393156291783041e-05,0.053546652097081,-1.0404585425481725,0.0981611582808932,3.150301089148552,3.013516385951178e-09,1.150015721491539
2851.4418844929896,6.434991841332058e-05,0.0538921892983553,-1.0365207285642626,0.0835621942476037,3.151458237542218,2.605436134997658e-09,1.1501748054256544
2851.439538255334,6.402566772639536e-05,0.0536243065888157,-1.0346301878387092,0.0879083228053682,3.151458237542218,2.7211250822378086e-09,1.1500794603675235
2851.44259521924,6.399571548395821e-05,0.0535998697566551,-1.034249798416252,0.0891821359102824,3.151458237542218,2.754866845023828e-09,1.149860218776613
2851.427301873453,6.39450805328575e-05,0.0535599888918354,-1.03555976573803,0.0950179124056902,3.151458237542218,2.928287582402688e-09,1.1512288838540574
2161.099315227475,7.780906514234447e-05,0.0496575143439687,-1.1320352017790227,0.179063861736808,2.790551941616642,8.830809744114292e-09,1.1430516955678542
2851.4511317247525,6.322736695033014e-05,0.0529764882608459,-1.0396195886608377,0.1216562163902103,3.151458237542218,3.687088256412823e-09,1.1525193430954537
2851.453367775772,6.306289269349321e-05,0.0528290051234545,-1.0392726298495227,0.1097981640165212,3.151458237542218,3.3223493657371682e-09,1.1567526543704494
2851.453702220693,6.290946939653983e-05,0.0527029795875805,-1.0380980189270226,0.1111044900803333,3.1476792196585137,3.3575323841318262e-09,1.1589959761263584
2851.4375246991403,6.455029803547562e-05,0.0540939837353636,-1.0422850573508735,0.1314754316070528,3.1476792196585137,4.079490939001592e-09,1.1467872619667066
2821.421638690401,6.24559581448241e-05,0.0517787693857792,-1.0402013844573643,0.1119886370058215,3.1499289909116497,3.387475077407472e-09,1.148305307594943
2851.450639776885,6.299963483691407e-05,0.0527789180249226,-1.037295434681727,0.1123053322281611,3.1476792196585137,3.3927546440912997e-09,1.149152132925748
2851.45149904117,6.25418208178507e-05,0.0524065481269733,-1.0387449324738165,0.1290194406621435,3.150301089148552,3.85300303040359e-09,1.1524391704789456
2851.451994347852,6.280908556454823e-05,0.0526255924877157,-1.036537566925385,0.1185063904381733,3.1476792196585137,3.570834443002654e-09,1.151389687389934
2851.4405409432948,6.354857987331513e-05,0.0532318781620712,-1.0285558822182277,0.087180191460063,3.1461738975726403,2.7047338105705733e-09,1.149542145642626
2851.451104035601,6.361892818774182e-05,0.0532974016956901,-1.0401117634789103,0.113801523437343,3.1476792196585137,3.472717463489528e-09,1.144627551795028
2851.4206008897163,6.373377572579155e-05,0.0533974362300153,-1.0466272305994062,0.1269713652872634,3.150301089148552,3.861970018944166e-09,1.1468864275457966
2851.436680071056,6.33067390522477e-05,0.0530466754263338,-1.038621986272481,0.1282386030485683,3.150301089148552,3.8770865055933085e-09,1.1466896301738174
2851.4360724342987,6.337085346203658e-05,0.0530974333717286,-1.0424636444463222,0.1285566666518423,3.150301089148552,3.8858515810866955e-09,1.1541833505062369
2851.4557700129226,6.387638086153526e-05,0.0535061049203786,-1.035977292530501,0.0978297869507345,3.150301089148552,3.0176671221078402e-09,1.1573361604490124
2851.4539529820904,6.627798233267845e-05,0.055493917092802,-1.0391500446962765,0.057193089896876,3.151458237542218,1.883843625303833e-09,1.1435788746339737
2821.436150353402,6.345879473515933e-05,0.0526100347438465,-1.0424548935426574,0.1150018283565229,3.1499289909116497,3.5253122109108804e-09,1.144662941402384
2851.436406297609,6.377962677438241e-05,0.0534344720524174,-1.0401142937823182,0.1203045576404186,3.151458237542218,3.662516283820078e-09,1.1429474843040914
2821.4366542669013,6.351995161345038e-05,0.0526631435828928,-1.044579590743339,0.1206711871172738,3.152480797156901,3.696895946727792e-09,1.1424670238117125
2821.436268543825,6.398009893926404e-05,0.0530436993390261,-1.0473052562980054,0.1208974222486495,3.152480797156901,3.734968162996434e-09,1.1403286596471884
2821.4390267683198,6.360061255688922e-05,0.0527241502047239,-1.0414939930943217,0.1090302390605756,3.1499289909116497,3.354490781204747e-09,1.1534909325621645
2851.456273379736,6.42724286179327e-05,0.0538330912869919,-1.0259038071584297,0.0743312296586485,3.148933012612021,2.3521555516595114e-09,1.1548071020110984
2851.456819661893,6.438934053889999e-05,0.0539323560819458,-1.0357124236865816,0.0924623547552354,3.151458237542218,2.880382719187582e-09,1.1415800737945985
2821.436171782203,6.39767128307914e-05,0.0530398977710495,-1.0451673687453815,0.1195427137397779,3.153747787930972,3.683300429395344e-09,1.1401229378920568
2821.4365480309352,6.376326584160378e-05,0.0528716270908698,-1.047452652519285,0.1308205976378522,3.152480797156901,4.022510314967624e-09,1.140668632259941
2821.436706225388,6.370763642964239e-05,0.0528233476753221,-1.0475944636632533,0.1296118322887439,3.151311468253828,3.975304158439127e-09,1.1422204334354076
2821.436994941905,6.391024986529033e-05,0.0529873991461966,-1.0457893504466464,0.1228821648350724,3.152480797156901,3.7847353850607936e-09,1.1506483242477283
2851.456500099972,6.446209680391577e-05,0.0539947463038014,-1.0323693686084918,0.089713219356108,3.151458237542218,2.80727457811137e-09,1.1527978288423926
2851.441615230404,6.432381579013214e-05,0.0538831284927769,-1.037013410277888,0.1039689263801878,3.1476792196585137,3.2170939863419355e-09,1.153738584439795
2851.457741463557,6.43581585152972e-05,0.0539120423304275,-1.0362643780346004,0.1025816119764713,3.148933012612021,3.178327202695273e-09,1.1550771430277602
2851.442455964163,6.446775382429477e-05,0.0540014744448887,-1.0356128860452027,0.0977658873908782,3.151458237542218,3.0452344965418722e-09,1.1556743797006852
2851.442620669492,6.473001378923379e-05,0.0542183487941384,-1.0368419711817616,0.0940058026269338,3.151458237542218,2.944664485587645e-09,1.157332428489901
2851.459111442789,6.449094914531614e-05,0.0540181044888402,-1.0312434749722963,0.0845264537705565,3.1476792196585137,2.662760800425773e-09,1.1591061578463864
2851.4440959868957,6.459085842049052e-05,0.0541019429836865,-1.0290062168766636,0.0826510589225569,3.152963559628092,2.611184201827161e-09,1.1604064982272746
2851.444314843044,6.453443889858546e-05,0.054055739061632,-1.0275529515910913,0.0815110126420903,3.1476792196585137,2.577585342504196e-09,1.1610542185374575
2881.459578067996,6.495756661327787e-05,0.0549731596539471,-1.029394898078929,0.0837910573548133,3.1521014963255003,2.63097972077099e-09,1.16120513770778
2881.4756556805223,6.477282011165665e-05,0.0548196357320669,-1.0259026080620512,0.0837479027542927,3.1521014963255003,2.621729580027582e-09,1.1610888312800334
2881.472373617813,6.479119375775443e-05,0.0548353866970594,-1.0264646332238985,0.0843996829222067,3.1521014963255003,2.643669088395512e-09,1.161734341777649
2881.475630086846,6.484807645330803e-05,0.0548845646589978,-1.023126127103796,0.0824836285472091,3.1521014963255003,2.588591630876231e-09,1.1614923801871058
2881.475886847824,6.499416458106557e-05,0.0550058946391015,-1.025371890211827,0.0805259327502773,3.146871634087568,2.5388252770876407e-09,1.1618369696453144
2881.476547045633,6.48599473897416e-05,0.0548926421296925,-1.0252810265688412,0.0806673373955959,3.146871634087568,2.5381882265743234e-09,1.1616750845126032
2881.476527170278,6.484719733789643e-05,0.0548829488701676,-1.023659008312034,0.0809308771473878,3.146871634087568,2.5439798183413037e-09,1.1622444892224788
2881.460967787541,6.489447309679352e-05,0.0549235607633017,-1.023609051835954,0.081389793892805,3.146871634087568,2.564244389514695e-09,1.1620312019698709
2851.453225375153,6.437779394563253e-05,0.0539337247516236,-1.0431352287845448,0.1184825996766676,3.151458237542218,3.647762879246591e-09,1.1446490173764434
2851.4528154376894,6.399194407660439e-05,0.0536157909971303,-1.0388713349016616,0.1232579673178567,3.151458237542218,3.7610653001823394e-09,1.1484425941718115
2851.456955973059,6.416841847796008e-05,0.0537507406052565,-1.031399464355234,0.0926168000358117,3.151458237542218,2.877542804839625e-09,1.1551835094523162
2851.458825399168,6.450894998342839e-05,0.0540441565145572,-1.0237057257569042,0.1011147122860985,3.148933012612021,3.127342035702466e-09,1.1413116652927435
2821.436916405335,6.403496810172487e-05,0.0530899368823058,-1.04546435624748,0.1212357620813626,3.153747787930972,3.743306544961721e-09,1.140972044961789
2821.437775003724,6.400421211178326e-05,0.0530608838483969,-1.043310313396059,0.1147744862561628,3.153747787930972,3.5430605738236397e-09,1.1433128336142484
2821.4230803940445,6.395391670092848e-05,0.0530242055159326,-1.041048418829602,0.1182803063589414,3.1499289909116497,3.657179504268447e-09,1.1419711156949488
2821.423019852489,6.391877358762002e-05,0.0529989410153642,-1.041840201935056,0.1261980133543819,3.152480797156901,3.882078110342807e-09,1.1387171387506565
2821.439305785112,6.289796458527638e-05,0.0521441361016996,-1.039552586936812,0.1148239732780596,3.153747787930972,3.4685352716980077e-09,1.1505698520648413
2851.4430749882013,6.472383798915456e-05,0.054214993581042,-1.028864011266752,0.0881189422385513,3.151458237542218,2.769124464487527e-09,1.152438561808119
2851.444838817232,6.485494429917131e-05,0.0543246369978711,-1.03533368142956,0.0965861378563646,3.150301089148552,3.0219673553306704e-09,1.142027943599646
2821.438881836832,6.436010211824225e-05,0.0533627840460932,-1.0424324377277374,0.123787207392378,3.153747787930972,3.834567974411519e-09,1.1368126276491577
2821.438403893262,6.400852416412278e-05,0.0530717203701683,-1.048218706834917,0.1296395152120955,3.151311468253828,3.9901704257062e-09,1.1407138963404626
2821.438608845696,6.414123758902442e-05,0.0531813219806896,-1.045351211413239,0.1244332708293195,3.152480797156901,3.851409720393718e-09,1.1403689293114554
2821.3923256648704,6.444721273185073e-05,0.0534400160098766,-1.0389948990553777,0.1278590599304477,3.152480797156901,3.9668050933978744e-09,1.1382620571524
2821.4384686006238,6.439497794096869e-05,0.0533894211435743,-1.0459690633005794,0.1233031321397102,3.152480797156901,3.826354392869755e-09,1.1465217840322413
2851.4589111329988,6.487246272490349e-05,0.0543406713210499,-1.032047285265887,0.0941766014990803,3.151458237542218,2.952108470126842e-09,1.1499442690180135
2851.4398399237543,6.567750061983266e-05,0.0550112115479056,-1.0303205445469812,0.0852844258782048,3.151458237542218,2.7252079225813393e-09,1.1352513934542374
2791.4222502708435,6.448917040364914e-05,0.0529024965056687,-1.0469940473503654,0.117572494875735,3.151107719218172,3.693677961815915e-09,1.1372237510100895
2821.438377607614,6.478205652499927e-05,0.0537037824672198,-1.0468682484701193,0.1154109249394327,3.153747787930972,3.606380661969156e-09,1.135520311384254
2821.4070896487683,6.451982374433867e-05,0.0534922727760974,-1.048859776244597,0.1261031265650109,3.152480797156901,3.91605616764426e-09,1.1353825693192656
2791.422398386523,6.462028816330819e-05,0.0530132154099662,-1.0477243070544038,0.1234084537147806,3.150323767368947,3.876531971375572e-09,1.1378774795582316
2821.4418572941795,6.473144477689473e-05,0.0536578594723566,-1.0407295120002664,0.1014393066905076,3.151098319814723,3.187215344767136e-09,1.1468304259744817
2851.4596774205565,6.538754007982616e-05,0.0547662645088086,-1.028097919219495,0.0779102356073315,3.1461738975726403,2.489647456614441e-09,1.1330460746799629
2791.421805149876,6.504368894122886e-05,0.0533540471191265,-1.0532840298954755,0.1202221134307314,3.152032606974393,3.799761340071256e-09,1.132132246472296
2791.4220772692934,6.488392851833432e-05,0.0532202468778872,-1.0486955281518653,0.1120572002143684,3.151107719218172,3.538098540812639e-09,1.1321311631955604
2791.422422802076,6.455187076165309e-05,0.052956511915743,-1.051206976659862,0.1256757742344806,3.150323767368947,3.942079837125297e-09,1.1333437798691972
2821.437526703812,6.484957482863554e-05,0.0537510992621483,-1.0633867966420332,0.1164554779318878,3.153747787930972,3.652839878371042e-09,1.1428563195777308
2851.4580513723195,6.550874598029526e-05,0.0548728380760831,-1.0325124839082351,0.0949767074480209,3.151458237542218,2.998864103425084e-09,1.1456582017496937
2821.443819772452,6.538507145204204e-05,0.0541944758936209,-1.0314898212704362,0.0772742737226848,3.148407823330136,2.5009353376031674e-09,1.1458583938984124
2821.44478416536,6.535257578524164e-05,0.054169137015414,-1.0314854843124266,0.0809177460344572,3.148407823330136,2.6072008587562384e-09,1.1464247702104366
2851.4285609545186,6.550446514433639e-05,0.0548654975659212,-1.0314802315098703,0.0856463749122754,3.151458237542218,2.7276551965334633e-09,1.1468026021061852
2851.460368009284,6.544946588573464e-05,0.0548229044791405,-1.0293991449116608,0.0886080641405098,3.151458237542218,2.8129757078111933e-09,1.1481565757518803
2851.4613071894278,6.532779607046364e-05,0.0547190072211058,-1.0284343705327743,0.0824618790390745,3.151458237542218,2.628825706510618e-09,1.1501696364196985
2851.399259854108,6.559089053895072e-05,0.0549356524331251,-1.0252934951984571,0.0741844403732537,3.1476792196585137,2.389306274290781e-09,1.1488351266166552
2851.462114183232,6.544567810865925e-05,0.0548181133288668,-1.0276812953393757,0.082398764230788,3.152963559628092,2.6302500527628607e-09,1.1488706391796215
2851.461789167486,6.55049363850256e-05,0.0548702608792713,-1.0261909664267996,0.0849115335831709,3.151458237542218,2.708161983070918e-09,1.14847267806326
2851.4619952011853,6.546317709294509e-05,0.0548345840182663,-1.0257916092059978,0.0838807529557658,3.151458237542218,2.6730473177147813e-09,1.1483113398254554
2851.461852114648,6.552549010394246e-05,0.0548843448828492,-1.0288365114041036,0.0841059183591571,3.151458237542218,2.677941809313296e-09,1.1483517413697837
2851.4307521339506,6.545295726512201e-05,0.0548240568353627,-1.0273183755609456,0.0823601424452264,3.152963559628092,2.628260893487345e-09,1.1485203071321293
2851.446875304915,6.547736494550426e-05,0.0548467970678731,-1.0257120869247314,0.083644433454669,3.1476792196585137,2.6717331661064804e-09,1.1488292458377978
2851.4627416143194,6.545753788751837e-05,0.0548283856256784,-1.0280169026416,0.0827118528154187,3.152963559628092,2.6418495086888964e-09,1.1488364646408038
2851.4318370623514,6.551216792374084e-05,0.0548747918825519,-1.0267161841177113,0.0836168763302541,3.1461738975726403,2.67058418210726e-09,1.148956284755665
2851.447541201487,6.553454756116617e-05,0.054893624312802,-1.0263549637114506,0.0832753985341029,3.151458237542218,2.6584817601701292e-09,1.1485913368680023
2851.4387881681323,6.573954944434963e-05,0.0550606924867638,-1.0354761401873251,0.090447150413139,3.150301089148552,2.8693198891964063e-09,1.138219628485472
2821.422721111216,6.482003417052467e-05,0.0537363379110859,-1.044219629883591,0.1159913885643215,3.153747787930972,3.619746417621256e-09,1.1426330423874833
2851.4591019246727,6.475447715973156e-05,0.0542443338690619,-1.0342670874619515,0.1019253744357049,3.148933012612021,3.1743053363733783e-09,1.148815742968412
2851.460418134928,6.575700283078379e-05,0.0551096459757495,-1.0147884041746251,0.1191581335998135,3.1476792196585137,3.735594388175513e-09,1.1353335343747382
2791.391690474004,6.496732242965972e-05,0.0532893629364892,-1.0518643104078265,0.1155076557572617,3.1549671417377003,3.659105546162537e-09,1.1340909371264514
2791.4202667148784,6.482722606862624e-05,0.053174680725008,-1.048418663569877,0.1104156066355257,3.151107719218172,3.49873662595347e-09,1.1320353022129126
2791.407826602459,6.46048599143155e-05,0.0530005035055138,-1.050733378388384,0.1264482799943635,3.150323767368947,3.9690602039108926e-09,1.1324534818816034
2791.3924093283717,6.469305282592622e-05,0.0530739564157713,-1.0509818070918893,0.1285150147673699,3.150323767368947,4.0363506531809196e-09,1.1303880073244288
2791.409681827761,6.32702835538431e-05,0.0519094412289491,-1.0325160108615417,0.1182130808648096,3.1464643448494187,3.6221264870963575e-09,1.1433694743248626
2821.432932796888,6.529169991869753e-05,0.0541195369522944,-1.0336481244625304,0.0875853250033963,3.148407823330136,2.80149206508475e-09,1.1451804082232495
2851.446634704247,6.549255369884127e-05,0.0548612553655327,-1.0299090601517342,0.0940327221892952,3.151458237542218,2.9769312924648594e-09,1.135536892996527
2791.4242978729308,6.507424673323091e-05,0.0533827653801253,-1.0499729692273418,0.1201097088420807,3.152032606974393,3.808684895236668e-09,1.1300401619699154
2791.423743207939,6.489825181389842e-05,0.0532413390127564,-1.0504885279199658,0.1259291303681108,3.150323767368947,3.971912859223367e-09,1.130550744488822
2791.4083867808804,6.497748851081536e-05,0.0533080909537253,-1.04966810996056,0.1281767935249954,3.150323767368947,4.044539013272203e-09,1.1306283094446794
2791.4235120257363,6.517485342209987e-05,0.0534676791702062,-1.048321650238897,0.1237111818135796,3.150323767368947,3.9171070228119834e-09,1.127685124714329
2791.4075396610424,6.530128006083629e-05,0.0535732156756321,-1.0515993032771502,0.1301620845155623,3.150323767368947,4.119444712888527e-09,1.1379715712670664
2821.43987003807,6.643417063322894e-05,0.0550646590830083,-1.0369306359009158,0.0885383112738916,3.152365310588794,2.876044955471389e-09,1.124732333645856
2761.407032078132,6.539140251582388e-05,0.0530738574518832,-1.0571562696756929,0.1278119474179774,3.1516844485126194,4.0935572819533655e-09,1.1256899365322772
2761.408681144938,6.532985580258189e-05,0.053021788219305,-1.057647857128556,0.1229846054163212,3.1516844485126194,3.950708431185296e-09,1.1272245764015076
2761.40803195443,6.57278338788681e-05,0.0533671169683808,-1.0434651501126582,0.1419971728083662,3.1502722404749104,4.5605131066258405e-09,1.1147179215631342
2761.4082535626367,6.469300546866816e-05,0.0525099601479866,-1.0560243402516234,0.1331364258916874,3.15168444851262,4.2028250573806995e-09,1.1301801311142772
2791.3797711161897,6.57212314390041e-05,0.0539042188370935,-1.045964906212861,0.104713240442547,3.1535699571897533,3.362033273633237e-09,1.1329121375520976
2731.386298974976,6.643764109114088e-05,0.0533490752211209,-1.070853739685698,0.1457377351037244,3.154989319156821,4.766650285059327e-09,1.117654984746452
2761.3928296174854,6.605444819113254e-05,0.0535999392343866,-1.0583465624274644,0.1136496681913493,3.1516844485126194,3.6777490322130548e-09,1.1241062675531168
2761.4098015269265,6.623162624964453e-05,0.0537388700758654,-1.05321019761614,0.0977485140926923,3.154965543600317,3.1971433876773823e-09,1.1265271784866264
2791.426121945493,6.635652221099324e-05,0.0544213859687617,-1.0505447059983166,0.1031003021264206,3.152289487790427,3.338321564787642e-09,1.1279481531870932
2791.4110861234367,6.637374229228815e-05,0.0544347408923071,-1.0493135894614962,0.1006250779879516,3.1535699571897533,3.2626432282859444e-09,1.1287882822839488
2791.427567378618,6.622256272394462e-05,0.0543117248844183,-1.0498589099680884,0.1013555221719464,3.1535699571897533,3.283934392938687e-09,1.1327546134097
2791.397614777088,6.62978461381622e-05,0.0543705901422328,-1.0428520067815388,0.0896862355705808,3.1535699571897533,2.923831633256856e-09,1.1333337611823708
2821.445074358955,6.704307383757391e-05,0.0555637679826933,-1.038225882005858,0.0810506832793146,3.153747787930972,2.6614330176561835e-09,1.1325998732016498
2791.4141875607893,6.643942021393939e-05,0.0544883819862243,-1.0454232232046876,0.0930041164297059,3.1535699571897533,3.0425417402835476e-09,1.1324050668559804
2821.444831673056,6.731923484727619e-05,0.0557901622000639,-1.039661874537973,0.0773807206143103,3.153747787930972,2.560884097452104e-09,1.1314555826686543
2791.42938788794,6.668363159550463e-05,0.0546863509067687,-1.0447781991802387,0.0880752274401835,3.1535699571897533,2.895198837599277e-09,1.1313394182731549
2791.398302674293,6.6517970941278e-05,0.0545537770078985,-1.045539648319049,0.0963970205616233,3.1535699571897533,3.147268410531568e-09,1.1316314200585107
2791.382996963337,6.632202295729604e-05,0.0543939003984466,-1.0475592985924564,0.0999834716351889,3.152289487790427,3.2520905748963033e-09,1.132002724827483
2791.415321636945,6.623491020168222e-05,0.0543261255291629,-1.0435926292609057,0.1007715489148915,3.1535699571897533,3.270397756508629e-09,1.132361416946523
2791.3835538038984,6.616919318470915e-05,0.0542726850880119,-1.0426606856245415,0.1014156348333543,3.1535699571897533,3.2879773860712133e-09,1.132402871084755
2791.430590569973,6.613421526607602e-05,0.0542442442146908,-1.0431598725046318,0.1007974396909014,3.1535699571897533,3.266908619087587e-09,1.132667176095936
2761.404186019674,6.588692531477756e-05,0.0534752468658642,-1.0600017826944672,0.1344214064418153,3.151566478362402,4.302981841009803e-09,1.1253872055510692
2791.4093375448138,6.585342099156661e-05,0.0540135894218499,-1.0553078060576906,0.1177167670287513,3.1549671417377003,3.759876395913824e-09,1.1303152926350049
2791.426181409508,6.598617197074819e-05,0.0541194212753377,-1.0519293466259378,0.1074650152526007,3.1549671417377003,3.456503898378806e-09,1.119380877322272
2731.3742150422186,6.590600464005173e-05,0.0529078049877485,-1.0641564458067796,0.1178932714709097,3.153243330864299,3.85223278123185e-09,1.1041989366125498
2731.3888259585947,6.613215107731164e-05,0.0530914330798872,-1.0670196504572649,0.1269670775873106,3.1531240784298395,4.135235277630957e-09,1.1050689350123186
2731.3889997219667,6.622729194690886e-05,0.0531681553455099,-1.0651450241715252,0.1253138821284028,3.1518157727392238,4.092034761253309e-09,1.1017626939821383
2701.357948823832,6.604149217015309e-05,0.0524437389486102,-1.0694853416055987,0.1265555261805352,3.1519775239147743,4.166176476182536e-09,1.0990156381210598
2701.372988088988,6.64906087132362e-05,0.0528002689666926,-1.072964470571776,0.1285577131833206,3.1533002065910023,4.260100812171001e-09,1.1088651803552358
2761.408978221938,6.83538443125727e-05,0.0555053751632323,-1.025193760326252,0.1340105887934754,3.1463713187885056,4.468419626256924e-09,1.0967027967124294
2701.372727047652,6.699841120018406e-05,0.0531968858268421,-1.075715142918074,0.1220349883538491,3.1533002065910023,4.0740879720752806e-09,1.0948626836945086
2671.357594769448,6.702748743493095e-05,0.052632033531359,-1.0803790271294635,0.1146459342245517,3.1552620823890463,3.887658501309731e-09,1.0926008717313584
982.9814162431284,7.821913318808063e-05,0.0225415609607211,-0.7911650813090834,-0.8405014925783724,1.312555987802123,-1.221582767807019e-07,1.104287036483432
2701.334695282392,6.564205509954005e-05,0.0521319469354548,-1.050184906473113,0.1093745650871262,3.153565556005366,3.6288769189650783e-09,1.1007097124970169
2701.351076340303,6.652134893489047e-05,0.0528165882630678,-1.055610732412384,0.0941811640975071,3.149548114389946,3.17565522143922e-09,1.0930608955462895
2761.351560005918,7.035575439629989e-05,0.0570609712883138,-1.047209295837149,0.03324710570627,3.156259781487808,1.2530604883428815e-09,1.0945629091999856
2701.351434596814,6.691039679931222e-05,0.0531301459964354,-1.0713470496976147,0.1201608441083111,3.1535655560053657,4.026727181111797e-09,1.0941852881437837
2701.3514646161348,6.660357037690151e-05,0.0528909704450258,-1.0644383475187984,0.1224109187298497,3.1548882386815937,4.072405943871486e-09,1.0916907976114485
2671.320707953535,6.628591894484381e-05,0.0520571945196749,-1.070630391554177,0.1193055593155128,3.1552620823890463,3.994159535000482e-09,1.0897314896114831
2671.336416418664,6.671972002687552e-05,0.0524024010915398,-1.0663351868522717,0.1230989732741857,3.1552620823890463,4.136677180982711e-09,1.0879178155329956
2731.356110529043,6.701149394472478e-05,0.0537814913017317,-1.0492977887966486,0.0753606910042014,3.1498504524415702,2.5571928961651237e-09,1.0966985336558872
2671.320615047589,6.71588812005515e-05,0.0527455689606322,-1.072054395587306,0.1227810876282959,3.1552620823890463,4.175036382732806e-09,1.0889783194158962
2701.3372969357297,6.787122007360797e-05,0.0538825009297678,-1.069997529149921,0.1039301447909844,3.156331484258593,3.5413264878495782e-09,1.085191685177298
2671.335885026492,6.737955379986638e-05,0.0529188936058786,-1.0752411347371282,0.1273142887472515,3.15380280075008,4.325648814733156e-09,1.084891096629975
2641.3051838008687,6.759436294522974e-05,0.052494921036465,-1.0786392100797089,0.121008586830247,2.9860456616537947,4.178128915579893e-09,1.090918151509919
2701.352618573233,6.733927341115472e-05,0.0534570300245438,-1.0586528289432984,0.0834844178439657,3.1566534136586486,2.8507313562983647e-09,1.085092264972905
2671.320524376817,6.701278141302148e-05,0.0526289625492533,-1.0735541853988624,0.1250830537031367,3.1552620823890463,4.2151753685542655e-09,1.0870620505854032
2671.3366029476747,6.695611664924922e-05,0.0525909745139483,-1.0749799364610917,0.1331370005939431,3.15380280075008,4.4946166125904815e-09,1.089280915381015
2671.3370389277115,6.723864301363689e-05,0.0528136151290663,-1.0775638758874817,0.1351145222367006,3.15380280075008,4.588114326610911e-09,1.0895672091856907
2671.3041039407253,6.712877285920838e-05,0.052727676346758,-1.0767324676927046,0.1356430763719587,3.15380280075008,4.598450661802049e-09,1.0875812607415711
2671.3372377827764,6.74459129723827e-05,0.0529752374183602,-1.0780907220889764,0.1348050347483055,3.15380280075008,4.585436854519245e-09,1.1015369741130132
2731.37162317615,6.79778464758825e-05,0.054558544354348,-1.0641051413924043,0.0984079582841864,3.156297624847437,3.335114510857539e-09,1.100036358883541
2671.3367662988603,6.735612857471325e-05,0.0529050074452693,-1.0769777958235138,0.1339016154965435,3.15380280075008,4.552010486631491e-09,1.0906514410856012
2671.3368591507897,6.750405904380982e-05,0.0530160503797484,-1.0771222384689338,0.1270624283498548,3.15380280075008,4.331090020816008e-09,1.0903583388860674
2671.32103572879,6.811387100718453e-05,0.0534939575295326,-1.0775680711744493,0.12670827206698,3.15380280075008,4.357502986733742e-09,1.0918133830461267
2701.339580583386,6.747622027193967e-05,0.0535788865925036,-1.0671683888766108,0.1186947059889101,3.1548882386815937,3.999210870321361e-09,1.1023176909157535
2731.355963713489,6.798268436304857e-05,0.0545645812039725,-1.0611719684347596,0.1013684322947064,3.154551636554915,3.420730567128649e-09,1.1040697522494438
2731.3719465555623,6.801636581202146e-05,0.0545938790661939,-1.0593030128698864,0.1018157619935388,3.151815772739223,3.443575377878752e-09,1.1052534496682724
2731.3723930576816,6.80476907285628e-05,0.0546146147329747,-1.057440180021166,0.0924246790597535,3.15513253190396,3.1356533245463004e-09,1.106233621316346
2731.3725687842816,6.817201625875974e-05,0.0547107852695852,-1.0601215713522922,0.0882710724545261,3.1564408375945767,3.007951907492321e-09,1.1069614547755209
2731.3571290289983,6.809213106710759e-05,0.0546478725069074,-1.0564620145445134,0.0860034505835672,3.1578683957196523,2.9326817944636835e-09,1.107521473149368
2731.373072778806,6.82100276047245e-05,0.0547435835006025,-1.056832322713334,0.0879279151730247,3.156560090029036,3.002196062960988e-09,1.1098240364584058
2731.342391018756,6.829912205116903e-05,0.0548100486153682,-1.055033868705343,0.0761966186347685,3.1578683957196523,2.621568184927637e-09,1.1108984627213363
2761.388651887886,6.857292577141764e-05,0.0556269446971134,-1.0549998768979307,0.079917266913249,3.154965543600317,2.7249115364366727e-09,1.111727417839473
2761.3871406773105,6.865782332609059e-05,0.0556966543916332,-1.0529999291120435,0.0785678848186387,3.156259781487808,2.686850179648943e-09,1.1116182136007215
2761.3892265530303,6.865040514943192e-05,0.0556939665656766,-1.051068746230448,0.0821778439585013,3.156259781487808,2.8066408386292717e-09,1.1110571507381983
2731.373807962984,6.838708052170155e-05,0.0548801129122375,-1.056422448337221,0.0746745036580067,3.1578683957196523,2.580539628559158e-09,1.1110534803148324
2761.373510298319,6.865297987465569e-05,0.0556934282749212,-1.0542241980877716,0.0824958851052585,3.154965543600317,2.812721865189087e-09,1.1102941834528286
2761.388607828878,6.848351179265703e-05,0.0555589651198697,-1.0541282934495515,0.0887702025825015,3.154965543600317,3.0042895715931632e-09,1.1071484918122387
2731.373392068781,6.815218539495902e-05,0.0547017824504677,-1.055991930473993,0.0958187691444173,3.153561761031745,3.2560705024769957e-09,1.1069372362600212
2731.3421031022444,6.81719201870525e-05,0.0547117087433829,-1.0596527175682935,0.0910420407054228,3.15513253190396,3.0996692076286183e-09,1.106700364935131
2671.3375986255705,6.755634452427589e-05,0.0530555431798906,-1.0792434445448238,0.1272809324908013,3.15380280075008,4.337914790629687e-09,1.1042394920580156
2731.3712499430403,6.77216921419928e-05,0.0543506122946008,-1.0644968663779493,0.0969114767568043,3.15513253190396,3.262423193992686e-09,1.1117271754377025
2731.371852988377,6.794971182876054e-05,0.0545322501249126,-1.0581224752519238,0.0851246207084693,3.1578683957196523,2.897582623835155e-09,1.111313288641108
2731.3696289686486,6.954945216285301e-05,0.0558080094376541,-1.0617726847267843,0.0739057729960173,3.1578683957196523,2.588075944909453e-09,1.0893339732250835
2671.3378521865234,6.746795862132538e-05,0.0529877096639098,-1.0827447252863918,0.1310881810235522,3.15380280075008,4.466945640964848e-09,1.0896497587615803
2671.3376306705177,6.753362036594239e-05,0.0530433660819011,-1.0736252713317165,0.1313579822015007,3.15380280075008,4.467396405398364e-09,1.0887242857024342
2671.319883948192,6.723888758642723e-05,0.0528185112759033,-1.0685100512244488,0.1368531197399101,3.15380280075008,4.628764049588403e-09,1.0876809609680995
2671.337634009309,6.785184430301445e-05,0.0532922461295095,-1.0754942339998737,0.131371390347028,3.15380280075008,4.48965809725305e-09,1.0856237814600005
2671.3265247587115,6.657086541350217e-05,0.0522918067930792,-1.0763703310813673,0.1393490913566695,3.15380280075008,4.675565979099456e-09,1.1004573975289975
2701.341230213642,6.772927090425437e-05,0.0537703370122976,-1.0629688457299415,0.0986042803877713,3.153565556005366,3.353059303788429e-09,1.0874286139641036
2641.3228447949514,6.806806361180705e-05,0.0528673383016686,-1.0812504437362422,0.128349753939746,2.98469325577136,4.4651905108398604e-09,1.0819949929901913
2641.3067633369938,6.799646328372663e-05,0.052815190085259,-1.0768398747049266,0.1323331678440077,2.9876693798587817,4.582046484939969e-09,1.082929466345478
2641.306896583177,6.773908266919649e-05,0.0526097326709635,-1.0820001404603403,0.127720576105615,2.9891450579206573,4.414843447941864e-09,1.0817154552017136
2641.291201552376,6.801505897943327e-05,0.0528264574012969,-1.0824540816544148,0.1314260176470771,2.9876693798587817,4.559572821502665e-09,1.0809765610683524
2671.3218957846984,6.848143401831738e-05,0.0537828542081334,-1.073124897149658,0.1239478365529782,3.15380280075008,4.282199042558023e-09,1.0944810376518666
2701.338177165948,7.091929421640118e-05,0.0562847076791349,-1.0676353194085937,0.0704168913703774,3.15968469132624,2.5315138898232487e-09,1.077991138037409
2671.337163648568,6.874947637433851e-05,0.0539901797474909,-1.076536447044691,0.1227079790822927,3.1552620823890463,4.250564719751134e-09,1.0775155290932708
2671.337466155179,6.860426202628188e-05,0.0538824632139741,-1.073599288809898,0.1283640531124543,3.15380280075008,4.439956935285213e-09,1.0786294102593683
2641.3071309663355,6.830094416954321e-05,0.0530421915394579,-1.0771864395863566,0.1189199452718819,2.9860456616537947,4.143995560196918e-09,1.076093122601937
2671.3372954456136,6.88069479723854e-05,0.0540468827947146,-1.0748040062129858,0.1368033559674242,3.15380280075008,4.739124848928025e-09,1.0719949196507548
2641.3076800629497,6.669529139483735e-05,0.0518086329759914,-1.0740386581891084,0.1351678572589651,2.9819694176444056,4.590597391350343e-09,1.089194685648741
2671.340803881176,6.923072433135443e-05,0.0543578556545264,-1.0736807756625963,0.1018835626219163,3.1540710984912703,3.5803506415184702e-09,1.077431558431372
2641.3067174330354,6.875624351533283e-05,0.0534001692444163,-1.076635826688624,0.125279440607676,2.9891450579206573,4.387040011061009e-09,1.0715239403565409
2641.306149650365,6.865563064240308e-05,0.0533209252707985,-1.0803867762148882,0.126329717887977,2.990497463803093,4.420016239162807e-09,1.0742009487139017
2671.321927282959,6.894766421632548e-05,0.0541497010067779,-1.0758534433476297,0.1283385282320153,3.15380280075008,4.455191473227536e-09,1.0742755675411628
2641.3225710587576,6.907623856879969e-05,0.0536420240272429,-1.0794895933992066,0.1173789788404151,2.9860456616537947,4.133892304133176e-09,1.0720747297209283
2641.306570501998,6.911634907653927e-05,0.0536780934874655,-1.0795041608090248,0.1250659785989726,2.9876693798587817,4.403774025745781e-09,1.0805893140933398
2671.3400364173576,6.955130180631864e-05,0.0546135303693574,-1.078528529621765,0.114908940949306,3.1552620823890463,4.032382499470106e-09,1.0862062487559805
2671.3248757952824,6.944757313627934e-05,0.0545287578093207,-1.0766724102313496,0.107914987676501,3.156867759280644,3.7906510279002316e-09,1.088923769153772
2671.325274627656,6.957382687822944e-05,0.0546248843815931,-1.074035865808606,0.1005998081772269,3.156867759280644,3.544529169521969e-09,1.0889878544646792
2671.341226288117,6.945986669959298e-05,0.0545419913958874,-1.0717260873846328,0.1078476637927687,3.156867759280644,3.79118176252967e-09,1.088483211280142
2701.356900082901,6.991559195381146e-05,0.0555001248220444,-1.0675303051940512,0.0933790423968694,3.1548882386815937,3.277440935801187e-09,1.0879428353726608
2671.3575263395905,6.913096690423904e-05,0.054284648983658,-1.071264805685198,0.1087005689690286,3.156867759280644,3.802053359729371e-09,1.0889274346936286
2671.342420353554,6.898875729250423e-05,0.0541724583339072,-1.073384128149948,0.1099643694375868,3.156867759280644,3.838162063101162e-09,1.089977898774071
2671.264342219569,6.913885956471609e-05,0.054287817684875,-1.0735347908266433,0.1079002087984004,3.156867759280644,3.778129826794158e-09,1.090984089839125
2671.327260614373,6.91274793078922e-05,0.0542781423466096,-1.072571959869458,0.1045179775713331,3.156867759280644,3.6605952643443293e-09,1.0912562280236675
2671.3433892196044,6.894546944858264e-05,0.0541381074324219,-1.069530098476414,0.1058475790156603,3.156867759280644,3.693686601390663e-09,1.0916185147605009
2671.328018746339,6.899491379369007e-05,0.0541755958381975,-1.0713914839716847,0.1054973443534229,3.156867759280644,3.6872849381096613e-09,1.0929642257165912
2701.3435182673857,6.93904502747923e-05,0.0550896488361341,-1.070593032921599,0.1073813741788552,3.1548882386815937,3.730628753350145e-09,1.0936275544514988
2701.3569938763976,6.932580900126854e-05,0.0550388054542219,-1.0680318393904156,0.1047014493401847,3.1548882386815937,3.637775169351335e-09,1.0935675411704322
2701.359441496432,6.913062463727323e-05,0.0548849915528059,-1.0684788099188796,0.106549786266458,3.1548882386815937,3.692560794557215e-09,1.0938711308093094
2701.3599436664954,6.922158937119853e-05,0.0549575075177563,-1.0672776498753949,0.1054415060744477,3.1548882386815937,3.6622525557238957e-09,1.0950965656008953
2701.3580086957663,6.937805360003087e-05,0.0550804857767946,-1.067276825169192,0.1037366832140768,3.156331484258593,3.611574927968434e-09,1.0954249102010067
2611.3045926792547,6.993759350496076e-05,0.053701256078596,-1.0855014553018214,0.1196640945854044,2.989527820666871,4.302270807496157e-09,1.078161968604748
2641.3223377279937,6.949429681838764e-05,0.0539547602189188,-1.0836398615460918,0.1018610393048999,2.9860456616537947,3.618665030877841e-09,1.0861269523689527
2671.339470412582,6.989198728360854e-05,0.0548717847904248,-1.0783846860786137,0.0995299989907143,3.156867759280644,3.5219352444847204e-09,1.0876845056257392
2641.321777182631,7.228701436180751e-05,0.0561048425272323,-1.0787002794084393,0.0601565747090162,2.9904974638030923,2.249641608002468e-09,1.0668883815597885
2611.3050911892205,6.858338131404707e-05,0.0526652279328277,-1.0792618495113924,0.1207833549348276,2.989527820666871,4.254163989217352e-09,1.0681256413694653
2641.320258875377,6.958922519082397e-05,0.0540457232390967,-1.078637405828314,0.1254195296049104,2.9891450579206573,4.438765015332182e-09,1.0691707336060785
2641.304854365997,6.918942299892318e-05,0.0537349959150407,-1.079539035924206,0.1255434801791142,2.990497463803093,4.423474715564414e-09,1.0700415843834552
2641.3206020938237,6.927977719223974e-05,0.0538054601251727,-1.078779616614736,0.125548684118592,2.9876693798587817,4.4240554065562334e-09,1.068251235280852
2641.309344715439,6.996192774894893e-05,0.0543138175312652,-1.0805316788324866,0.0923586813423863,2.9860456616537947,3.3110018357007562e-09,1.0697703689121738
2641.3056430742145,6.980620149226865e-05,0.0542092133435044,-1.0817578877673288,0.1203617757382355,2.990497463803093,4.2811446335573925e-09,1.0652029072190008
2641.320875509642,6.967503944346825e-05,0.0541155991384806,-1.0831371185498169,0.1322735001428449,2.9876693798587817,4.693483994396455e-09,1.0661901853679332
2611.306239446625,6.952019982193047e-05,0.0533832735683956,-1.0844258228802088,0.1209315817995491,2.985025429856786,4.334648536054004e-09,1.067369820459568
2611.2914434475824,6.93577376776041e-05,0.0532620668252523,-1.0796742793820835,0.1235866483337275,2.985025429856786,4.410939452398104e-09,1.0662251869244956
2611.274177056737,6.978959996826981e-05,0.05358790702423,-1.0849761152154915,0.1187633633241427,2.989527820666871,4.275410818849358e-09,1.0740812379428706
2671.3396117305383,7.04634591640009e-05,0.0553205266708504,-1.0742037883859905,0.0967403554299527,3.156867759280644,3.4457818755954954e-09,1.0783129996442526
2671.3402244048198,7.062271885066929e-05,0.055442854282776,-1.0742993230864024,0.09125240019446,3.156867759280644,3.266616750576756e-09,1.077920662103666
2641.325099891983,7.144768116217676e-05,0.0555049436224856,-1.0572723600610423,0.1284067314687818,2.983217577709484,4.660540827666651e-09,1.0610832090014384
2611.290216353722,7.043726057187124e-05,0.0540905244432072,-1.0855544071955323,0.1268843449565302,2.989527820666871,4.601376611225576e-09,1.0603086879771726
2611.305481391028,7.060954318705869e-05,0.0542174431458274,-1.0867813563342077,0.12010670944122,2.989527820666871,4.368267261054203e-09,1.059535811403445
2611.290668309666,7.02034265534706e-05,0.053912771128392,-1.0829602813430992,0.1285372615993381,2.9878856511186456,4.639727266704281e-09,1.0605211818591926
2641.2895929431543,7.092626195692199e-05,0.0550729746608421,-1.0833040970620047,0.1133859492172759,2.9860456616537947,4.103231493045082e-09,1.0678408427644577
2641.3094448093325,7.062083146494638e-05,0.0548351107132323,-1.078407397751026,0.1066145981988563,2.9860456616537947,3.846781839850959e-09,1.073945406469557
2641.310145954601,7.03524451589468e-05,0.0546264655238648,-1.075073910812264,0.1024233070894885,2.9860456616537947,3.6902347410139435e-09,1.0766916401349735
2671.3246143199503,7.191447974421266e-05,0.0564811116874927,-1.0775015725285226,0.1261829118131295,3.15380280075008,4.60519150405335e-09,1.0674477988707385
2611.308262656443,7.004103629396717e-05,0.0537832798219253,-1.0824591995765076,0.1193157526297213,2.989527820666871,4.309288916547146e-09,1.0651132832015813
2611.3083589905877,7.00364245256586e-05,0.0537798799642428,-1.0832629869884307,0.1203478388510016,2.989527820666871,4.345855850810907e-09,1.0674216114223636
2641.3241270156577,7.00875996049605e-05,0.0544345616782486,-1.079687165337808,0.127411273091455,2.9891450579206573,4.550377209326754e-09,1.067515285264811
2641.308551155962,7.01573255140008e-05,0.0544915798793641,-1.0819317438842635,0.1315447606747906,2.9891450579206573,4.712380204379096e-09,1.0669328281824328
2641.30866935011,6.995872649850449e-05,0.0543279054512656,-1.0872889304276172,0.1224890591390903,2.990497463803093,4.3868115219018915e-09,1.0782085645632395
2641.3118385113776,7.063038062667407e-05,0.0548410046620485,-1.0837377716877317,0.1079453826035093,2.9860456616537947,3.9016050918181264e-09,1.079576251386409
2671.311718448065,7.057857143561058e-05,0.0554137023994922,-1.0722140030263467,0.0994027887568434,3.156867759280644,3.552554119911265e-09,1.0805493524274197
2671.330467419699,7.047634953084094e-05,0.0553355939892318,-1.0717012126969825,0.0997678992817675,3.1554084776416778,3.570082551393552e-09,1.081165600160903
2671.3285686187446,7.039050343238505e-05,0.0552680511853456,-1.0689837424928377,0.0979650079412481,3.1554084776416778,3.4975089680620147e-09,1.0816282108607584
2671.3439413188025,7.041014274494489e-05,0.0552911179388019,-1.0745380988465354,0.1150566759248993,3.1552620823890463,4.093792700219446e-09,1.082778283522955
2641.329195377417,7.007120727391227e-05,0.0544088816794829,-1.077118684742318,0.1039565026568082,2.9847975015887167,3.734957708302681e-09,1.0838679913331606
2641.3140105204657,7.008322096077686e-05,0.0544174450380626,-1.0770979619834828,0.1023277124757742,2.9860456616537947,3.683190149288472e-09,1.0846306564729509
2671.329546472989,7.050661631405264e-05,0.0553606365139367,-1.074745052623294,0.1060964017272912,3.156867759280644,3.7882052455260016e-09,1.0852209607128316
2701.345057075843,7.11076957941004e-05,0.0564485726853247,-1.0659738916907984,0.095599336127697,3.153565556005366,3.4110118673319476e-09,1.084641494568253
2671.330075209029,7.04272912308792e-05,0.0552971671399437,-1.073563499984812,0.1023784068595865,3.156867759280644,3.6565787515585413e-09,1.0855293524210743
2671.3458020696416,7.052891143690327e-05,0.0553804633421451,-1.073762978707451,0.1069844310198313,3.156867759280644,3.826284559531999e-09,1.085370669191276
2671.314614173956,7.047439053625083e-05,0.0553378863755541,-1.0749474826858556,0.1089716669548098,3.156867759280644,3.8945597007955324e-09,1.0858191586249022
2671.330418904312,7.036213297659098e-05,0.0552500295277273,-1.0725653774814703,0.1075520942328782,3.156867759280644,3.8360832108100574e-09,1.0891118420407715
2671.3464407082647,7.058862747469203e-05,0.0554246879919942,-1.068700738885359,0.098593909313713,3.1554084776416778,3.531123667760744e-09,1.0866464753514995
2671.34636187274,7.034198818692448e-05,0.0552357858964549,-1.06997011159146,0.1073211885009369,3.156867759280644,3.824493291561769e-09,1.0860516804820588
2641.325611785054,7.107837779410942e-05,0.0552132601082602,-1.1181425130642944,0.1532170275229449,2.9891450579206573,5.635945615789091e-09,1.07645142221831
2671.340486742556,6.984344761595521e-05,0.0548599039710757,-1.0781267160993169,0.1359533186189609,3.15380280075008,4.7942562694462755e-09,1.0775324294604185
2671.324293386191,6.952636013573503e-05,0.0546035010562884,-1.0753178643864838,0.1249137915128014,3.15380280075008,4.385025256805063e-09,1.0875587704396417
2671.328030199744,6.967752239779052e-05,0.0547116327340936,-1.0716292285629658,0.1057012283356599,3.156867759280644,3.731319698189585e-09,1.0929676633713843
2701.344513764605,7.007432434471616e-05,0.0556318498446774,-1.07230853606343,0.1059978069143357,3.156331484258593,3.731059053929502e-09,1.093061482699151
2671.3293921584263,6.990389870130962e-05,0.0549053227591972,-1.059788581504462,0.1196281457441903,3.1552620823890463,4.219635746275391e-09,1.0803976301419291
2671.340489078313,6.960927537130076e-05,0.0546689709024144,-1.0745213669294438,0.1236656541229654,3.15380280075008,4.352775821578294e-09,1.076235245942344
2671.324995839037,6.938556855733352e-05,0.054497087938086,-1.0717603691065334,0.1285177406895774,3.15380280075008,4.495175436462154e-09,1.0772025032791153
2671.3096161019057,6.946917988939919e-05,0.0545629899654116,-1.0735634305204282,0.1298306446384845,3.15380280075008,4.552364863050917e-09,1.0771801494954265
2671.34062065091,6.965693295065156e-05,0.0547046876723609,-1.072654957795686,0.1207417498909771,3.1552620823890463,4.246993327467973e-09,1.076159344062761
2671.299674994312,7.006802003134581e-05,0.055014728789161,-1.064874410010968,0.0934749949999474,3.1554084776416778,3.3321052064288793e-09,1.0851091519314304
2671.3423835774884,6.989925526134261e-05,0.0548964997966052,-1.0758061096717284,0.1241576459861704,3.15380280075008,4.3894742004559984e-09,1.0769965554975762
2671.3255155775696,7.014725989337394e-05,0.055086946023465,-1.0722423936863028,0.1170776116010011,3.1552620823890463,4.1493099632896525e-09,1.0748673971290106
2671.2789064319804,7.013010089677827e-05,0.0550735637227412,-1.0747340265857583,0.1203502732449116,3.1552620823890463,4.264665386562106e-09,1.071699040938125
2641.326318148524,6.966628548416748e-05,0.0541101224784852,-1.0779815533373809,0.1282588296257585,2.9891450579206573,4.563369401557683e-09,1.071846678052517
2641.32573878672,7.009425509611244e-05,0.0544363884958545,-1.0775466943048724,0.1197134968130512,2.9860456616537947,4.287682114693097e-09,1.0785481827267975
2671.3153902757917,7.06851151895929e-05,0.0554962060538183,-1.0708487400053537,0.093831396098466,3.1554084776416778,3.3720771750346e-09,1.075768544796161
2641.326720098965,7.039428700335263e-05,0.0546686899415042,-1.077425193286507,0.1176632315580129,2.9860456616537947,4.239122467979627e-09,1.0695856556190044
2731.3903178898618,6.949730478516887e-05,0.0557933216021142,-1.0398013753429052,0.0968052718285871,3.154870066722361,3.347827954980743e-09,1.076340381818266
2611.3168191108853,6.960622458120262e-05,0.0534653900330325,-1.0809751602624211,0.1380149981706774,2.989527820666871,4.960339223293568e-09,1.076734714584995
2671.3501182636246,7.102536755261247e-05,0.0557678232116983,-1.0625301000732286,0.0902899546644772,3.158652547313,3.272025504098233e-09,1.054892153096742
2581.3012517709285,7.021769286343189e-05,0.0533142676037644,-1.0886849457815553,0.128691265586294,2.990233932426269,4.724375132228616e-09,1.0489761835645026
2551.2858585799117,6.976701026962106e-05,0.0523685137642642,-1.0884786867275256,0.1320731815733369,2.9893413598378613,4.8642465088197915e-09,1.0459397212809038
2551.2699857410043,7.027697020867069e-05,0.0527498376276173,-1.0877379578914743,0.1306924111691443,2.9893413598378613,4.841188770750711e-09,1.0447142793347908
2641.337031822652,7.028651130255728e-05,0.0545825527556487,-1.07316575961924,0.11093738774518,2.9860456616537947,3.989035324612395e-09,1.0526550548016114
2551.2703423649077,7.094687869125467e-05,0.0532470860424407,-1.0912810638041708,0.1252773608105367,2.9908685150414307,4.692179796939873e-09,1.0404624140253853
2551.2855462571606,7.139928149707994e-05,0.0535796828556203,-1.0882048175096086,0.1139003940447815,2.9908685150414307,4.2820361290630825e-09,1.0386917560525026
2551.253959157504,7.155073286686641e-05,0.053690694107147,-1.085656304675249,0.108970831935593,2.98626141746832,4.101343592119674e-09,1.0367933783889955
2551.2696934519336,7.167859875636037e-05,0.0537911092453677,-1.0891661602958629,0.1180748483487302,2.9908685150414307,4.456006510197216e-09,1.034974234872316
2521.269969990477,7.23291860643842e-05,0.0536419967278029,-1.0924455822687416,0.1047880340121306,2.987338173802863,4.037970022885209e-09,1.041826687957524
2581.2899056077003,7.110149079711307e-05,0.0539746640298422,-1.0840939196610435,0.1114054944112646,2.987063285670513,4.140620339221013e-09,1.035422437104155
2521.254657613113,7.279142232706925e-05,0.0539841454051432,-1.0945765737570334,0.1049608548423872,2.987338173802863,4.076670228572248e-09,1.031182804346499
2551.269320106134,7.305162554713704e-05,0.0548235278197432,-1.0866135034893272,0.1202154474403463,2.9908685150414307,4.6138389610538585e-09,1.0308531171952902
2521.26990520861,7.308702364402775e-05,0.0542053304444294,-1.0982334470948791,0.110350845445438,2.9919994725238928,4.305968976111618e-09,1.028087099059978
2521.254529849626,7.323195958363486e-05,0.0543149055742507,-1.093393365824916,0.1123695035361961,2.9904543507885166,4.374386800530652e-09,1.024211292011166
2521.254302637652,7.38745295444451e-05,0.0547892231631196,-1.0940541773056938,0.1094924288534881,2.9919994725238928,4.298939523319964e-09,1.0214632892474445
2491.2548733791336,7.401944245797045e-05,0.0542548251382653,-1.0964016941722532,0.1112361616810073,2.9917959043140323,4.428712414417011e-09,1.0253463693499942
2521.271112327464,7.233557060609943e-05,0.0536563356446711,-1.093030285575682,0.1198823382168083,2.9904543507885166,4.620243930464495e-09,1.0331454169974084
2551.2710412004963,7.28963512641846e-05,0.0547086383207774,-1.0921103646614287,0.1244214365001475,2.9893413598378613,4.779225806668707e-09,1.031508531027604
2521.271287543699,7.250566440648755e-05,0.053786593872547,-1.092883549371993,0.1250325727486208,2.9904543507885166,4.833868210228515e-09,1.0317189201304136
2521.271249464713,7.260909558257816e-05,0.0538611817056706,-1.0951217473981287,0.1231865542145309,2.9904543507885166,4.773551971344876e-09,1.0321454661731917
2551.2710866341367,7.270001216796517e-05,0.0545646808710241,-1.09121047403924,0.1285988571426541,2.9908685150414307,4.925870378125093e-09,1.0332884731612186
2551.2868767930195,7.275928191026953e-05,0.0546085997412009,-1.0925211024366173,0.1277790344012374,2.9908685150414307,4.903745484285701e-09,1.0338173529855887
2551.286895534955,7.266173239656065e-05,0.054538080627368,-1.090988912393238,0.1301856257336139,2.9908685150414307,4.988816295588646e-09,1.034764853368359
2551.2869306728244,7.268394760785531e-05,0.0545565953324294,-1.087924566547196,0.1308765482051145,2.9893413598378613,5.013260061607572e-09,1.0348659341238189
2551.255709309131,7.26774348794212e-05,0.0545490445408606,-1.0898031668932198,0.128988563487475,2.9893413598378613,4.942780296680098e-09,1.0346045609466317
2551.255540508777,7.287431857943782e-05,0.054696440721705,-1.0896832861597443,0.1293170142311449,2.9893413598378613,4.9669396013404285e-09,1.0339158581012249
2551.2710332060237,7.292828030102075e-05,0.0547383617930936,-1.0907332594662391,0.1310526054628647,2.987941777006039,5.040142377876647e-09,1.0327840676632791
2551.2711080480367,7.292861816527925e-05,0.054737343765296,-1.0900503712780942,0.1288039562132487,2.9893413598378613,4.949128748408729e-09,1.0313100154675563
2551.2708013225347,7.29868710547429e-05,0.0547829857293223,-1.0893995562049577,0.1316508289949164,2.9893413598378613,5.057802737291006e-09,1.0314135230505996
2521.2711669942364,7.290011431396022e-05,0.0540813878817365,-1.0911610616754668,0.1268185023532174,2.9904543507885166,4.929252865764453e-09,1.0309136104649166
2521.271290857345,7.307708050387282e-05,0.0542091649667699,-1.0952705469152613,0.1240926220835831,2.9904543507885166,4.8431220470109e-09,1.0308061407405007
2551.286367719993,7.310407122717953e-05,0.0548713575017329,-1.0907586794794006,0.1321574568783276,2.987941777006039,5.0915376054725194e-09,1.0317087913051826
2551.2866832064465,7.31735967060906e-05,0.0549226640563866,-1.0900858437475087,0.1307145643594268,2.9893413598378613,5.0390269890368625e-09,1.031756445220729
2551.2865730812773,7.32156765850955e-05,0.0549533265490736,-1.092295370968581,0.1304201649066302,2.9893413598378613,5.036704658662693e-09,1.031392610243989
2491.2570899790157,7.401781567817708e-05,0.0542982025534276,-1.124691536532115,0.1699235945726438,2.986599747282332,6.904314597876797e-09,1.0427039274328125
2581.303685266525,7.245574335494713e-05,0.0550145609371305,-1.0902300782250776,0.1319702377639723,2.988572887365996,4.991596038688195e-09,1.0478007102719475
2551.2880367394537,7.220321235449297e-05,0.054183736867343,-1.0938308218166588,0.1176565556629646,2.9908685150414307,4.489063860954701e-09,1.0433946345039549
2551.2713846275583,7.236357034664881e-05,0.0543124527802304,-1.094509986127274,0.130469465269844,2.9908685150414307,4.983641451906979e-09,1.0410683031379124
2581.3017737017944,7.268418632411721e-05,0.0551860650670595,-1.0870151264679255,0.1284347261557637,2.988572887365996,4.862118154473339e-09,1.039667278397436
2551.286498655565,7.258266158940655e-05,0.0544728998733384,-1.0895258841746722,0.1215235532890746,2.9908685150414307,4.651956684136306e-09,1.0388765690068948
2551.286839871668,7.239775406912135e-05,0.0543352337394269,-1.0878144094856683,0.1225283503239661,2.9908685150414307,4.671961736932043e-09,1.0432467247985118
2551.288333834149,7.232792267250371e-05,0.0542822340381093,-1.0911625107265064,0.123200225130158,2.9908685150414307,4.700473262903991e-09,1.042624878750391
2581.3034674078226,7.226210117845078e-05,0.0548637665914705,-1.0853643558793702,0.1247224726955795,2.988572887365996,4.6947315420088096e-09,1.0440406395820725
2551.2735822889954,7.291398544778808e-05,0.0547262372895998,-1.0937642221095094,0.1297219619210909,2.9893413598378613,5.0017353231407415e-09,1.0415387755082168
2581.3036220837384,7.31077013962011e-05,0.0554994826583398,-1.0892241283045851,0.1187890950039033,2.991617428099105,4.527380645746848e-09,1.0389502457066206
2551.288049656898,7.297909659849971e-05,0.0547638442538248,-1.090908287290577,0.1128016254303585,2.9908685150414307,4.344812064386131e-09,1.0383101036546885
2551.2884663902223,7.311770874762679e-05,0.0548677593248516,-1.09052698176621,0.1123392964554049,2.98626141746832,4.335602874357418e-09,1.0378474016085044
2551.2882333491,7.334923236889622e-05,0.0550430572996269,-1.089395584651072,0.1139231783794242,2.9908685150414307,4.408973142313409e-09,1.0365130977912456
2551.288183590397,7.33991998863759e-05,0.0550825229389484,-1.0880142420202874,0.1162147125972191,2.98626141746832,4.4970507605258685e-09,1.0370333017683129
2581.304375190288,7.391508336027712e-05,0.0561122006510608,-1.0893734184868276,0.1146534405961265,2.987063285670513,4.4470516311008065e-09,1.032607586930356
2521.2552430117503,7.374516274770891e-05,0.0546948802671909,-1.093874866589948,0.1106207237905628,2.9904543507885166,4.349948435436133e-09,1.028107389080276
2521.2701243245974,7.45018476645185e-05,0.0552531388881694,-1.0964280773834632,0.1076165771039601,2.9919994725238928,4.274195237721166e-09,1.0249471700823372
2491.255033944733,7.444392958445167e-05,0.0545609405730859,-1.0971053444992815,0.1031352597012209,2.9917959043140323,4.138365078073442e-09,1.0230846500719886
2491.2392663965,7.471354398976556e-05,0.0547617419159257,-1.098380506497943,0.1092722032728472,2.9917959043140323,4.403510837135541e-09,1.0212587255730647
2521.2700141863897,7.533950486386937e-05,0.0558786037863046,-1.0971180135157257,0.1146624715911458,2.9904543507885166,4.602286779207716e-09,1.018719367424174
2491.2548891287297,7.510107735924542e-05,0.0550434404032974,-1.1007480568189292,0.1071442180097397,2.9917959043140323,4.3369884426970414e-09,1.023250381613116
2491.2552952012047,7.467129913117184e-05,0.0547319780879867,-1.097181440354914,0.1095663059924264,2.9917959043140323,4.412196408016488e-09,1.0203498286204922
2491.25510276109,7.419312034360559e-05,0.0543848582220129,-1.0986650085082923,0.1154720205356829,2.9917959043140323,4.623306609403364e-09,1.0218697289654408
2491.25736115966,7.528792144517667e-05,0.055188888740895,-1.0997118576035274,0.1179977908617446,2.9917959043140323,4.7984741829461455e-09,1.0171360838666308
2491.25485350471,7.538192580706025e-05,0.0552532738975088,-1.099601896407462,0.1120814240567323,2.9917959043140323,4.557377798325674e-09,1.0158455830661552
2491.2549444912,7.592331372185538e-05,0.0556512878039157,-1.0958309569009042,0.1123603707215134,2.9917959043140323,4.586955739725555e-09,1.0098303540280242
2461.2392900455743,7.630885109022468e-05,0.0552630217156976,-1.1025845777198788,0.1033412787641815,2.993376716318087,4.29637385550245e-09,1.0068602784398557
2461.239267143421,7.632629410606612e-05,0.0552712225108095,-1.100903062135277,0.0943266574831251,2.990053267309041,3.923694681983954e-09,1.0050404054181958
2491.254496329464,7.624590479071547e-05,0.0558806121200608,-1.0961028640347894,0.1017540728673265,2.9917959043140323,4.170814537831513e-09,1.0089777163191953
2461.22474543564,7.676326429535036e-05,0.0555928962488361,-1.104475116330796,0.105161953166024,2.993376716318087,4.405533459412031e-09,1.0074442289066412
2461.2395099084824,7.65264176968227e-05,0.0554161853270509,-1.1012392334574668,0.0939210437922223,2.990053267309041,3.924783982147119e-09,1.0060490050229582
2461.2394184153527,7.64471750611827e-05,0.055359682570348,-1.0997487040312115,0.0953183959490226,2.993376716318087,3.96905849333833e-09,1.002896177228344
2461.2239160733297,7.720371974350263e-05,0.0559077997933362,-1.1000750776609636,0.0966809358939865,2.990053267309041,4.066493890479302e-09,1.0022205549455452
2461.2235353700817,7.713249652431946e-05,0.0558547513667012,-1.1004407746853264,0.0948426903946433,2.993376716318087,3.9829247948284925e-09,1.000196625069197
2461.2392850629985,7.733199752768182e-05,0.0560006185442297,-1.0996390643272451,0.0958039492920694,2.993376716318087,4.031249285150637e-09,0.9984888242772604
2461.2392719155177,7.74367417424483e-05,0.0560779711700886,-1.1019542071083357,0.0997107528380879,2.993376716318087,4.205454069914205e-09,0.9976812817096304
2461.223491971381,7.762642094435115e-05,0.0562158129926043,-1.1006730744863904,0.1007000310387379,2.993376716318087,4.255283983072901e-09,0.9993550271913424
2461.2240425786003,7.726132928831773e-05,0.0559536332552146,-1.1009719892743477,0.1038647188702625,2.993376716318087,4.37274292427435e-09,0.9986193021843722
2461.2395522287115,7.680095022527382e-05,0.0556195500982062,-1.1001999106377855,0.1021249431094377,2.993376716318087,4.2688487432766535e-09,0.9981325125998975
2461.2394379032776,7.713195946218672e-05,0.055859976497843,-1.099899331920756,0.1030362346638369,2.993376716318087,4.3230899819511984e-09,0.9983312769921134
2461.2396395765245,7.705219376504927e-05,0.0558030401498595,-1.1004176611926244,0.1045041418307937,2.993376716318087,4.383358971017038e-09,0.9981177060459984
2461.2394598284736,7.737106665685343e-05,0.0560360132790134,-1.1016015615711443,0.1080888944124831,2.993376716318087,4.5585823041831554e-09,0.99676842560159
2431.2087275376543,7.708521647903711e-05,0.0551531030116997,-1.1041046616289252,0.0989435186063788,2.995208063840645,4.209821596014454e-09,0.9970631214084508
2431.2243943493813,7.726009999508802e-05,0.0552786356769017,-1.1033277378958075,0.0986469322048538,2.995208063840645,4.203439957634872e-09,0.997155332651717
2431.2243457734585,7.748494556560449e-05,0.0554379796335772,-1.1029343688291608,0.0956318068124412,2.995208063840645,4.08671532506474e-09,0.9948563578969092
2431.2220794707537,7.735745335254871e-05,0.0553483338302917,-1.1043781830917336,0.0992715197142464,2.995208063840645,4.237883257853613e-09,0.9951325589994456
2431.224338320084,7.759219513512054e-05,0.0555170211287457,-1.104152821399775,0.1004154195111582,2.995208063840645,4.299230754179247e-09,0.9951256753668504
2431.2242780849338,7.772697063493188e-05,0.0556113996796056,-1.1063604511457508,0.0982217530522682,2.995208063840645,4.216524118750698e-09,0.9950086072304144
2371.179076743312,7.826868935666377e-05,0.0546818553211152,-1.1341268652224257,0.1568501277685151,2.9891248756075712,7.085827070527441e-09,1.0051111636594583
2461.239946060814,7.511833002932012e-05,0.0544092959619207,-1.1005873435457654,0.1131951848898311,2.993376716318087,4.651531749739392e-09,1.0059193930976569
2461.239699561149,7.534983194019809e-05,0.0545810364756801,-1.09960383197419,0.1196679904838717,2.993376716318087,4.917505639108163e-09,1.0057570686905282
2491.254924497567,7.550091963555597e-05,0.0553435577893718,-1.097377135718261,0.1152409078182494,2.9917959043140323,4.691040923974959e-09,1.005510426044878
2491.2232831073925,7.585662281704119e-05,0.0556033349914746,-1.0960545738530674,0.1146397391383811,2.9917959043140323,4.679190705822025e-09,1.0055781004131468
2461.2396760722622,7.622946942785483e-05,0.0552083175799501,-1.1042066368716723,0.1080644957842338,2.993376716318087,4.495241744018312e-09,1.0045340718218951
2461.241280321032,7.709598531649575e-05,0.0558411392214493,-1.0995542158203069,0.1133042185342392,2.993376716318087,4.757632384113781e-09,0.9962294101128564
2461.2393182301894,7.728490554514919e-05,0.0559725440943557,-1.098272748831174,0.105097875029281,2.993376716318087,4.413076502397071e-09,0.9947402975958214
2431.2240415802225,7.747907509655161e-05,0.0554342072822093,-1.1039183153967087,0.0975847656222331,2.995208063840645,4.163915141886202e-09,0.994115543669915
2431.2084943111986,7.785239253799251e-05,0.0556961867692059,-1.1048744205511074,0.0895260448329564,2.995208063840645,3.837948163916119e-09,0.9927868610247076
2431.2240527281538,7.713553609500161e-05,0.0551870751275284,-1.1042151727110374,0.0954898132525049,2.995208063840645,4.0583481534362125e-09,0.9954141150810276
2461.2392787020653,7.752097273070083e-05,0.0561423706699916,-1.0983102251417751,0.1033382150558917,2.993376716318087,4.3522884520899305e-09,0.9940659732998766
2431.224359347485,7.675208770062267e-05,0.0549192739366799,-1.1039993861473474,0.1057027843632907,2.993606413261292,4.472013534645353e-09,0.9965645273060716
2431.224222075194,7.828139623089208e-05,0.0560057449453385,-1.1070530980573563,0.0954039488134995,2.995208063840645,4.118630412985918e-09,0.9885950357718252
2431.2263166308403,7.843014825099001e-05,0.0561165357122001,-1.1044282400396084,0.100964802719528,2.993606413261292,4.361486347132322e-09,0.986514995209846
2401.20892583672,7.830395917974302e-05,0.0553450610724439,-1.1051861355729475,0.0982068704701824,2.991913235838092,4.2873720018340555e-09,0.9858773724438832
2401.2088389843702,7.872357229760685e-05,0.0556385134998432,-1.1049291069393572,0.0927560455130419,2.9956804190869297,4.069102763945804e-09,0.9849551427104232
2401.2087529599667,7.903845275844735e-05,0.0558607822429576,-1.1076322176019224,0.0940281728604815,2.9938963336518203,4.1453198669380875e-09,0.9851674043936912
2431.2218806948517,7.860581477406888e-05,0.0562445231379226,-1.1023268970991489,0.1034908579423515,2.993606413261292,4.4768964404182874e-09,0.9876850293550432
2401.2090701013803,7.845583998806155e-05,0.0554504980129568,-1.1074268096286777,0.0960905207115962,2.9938963336518203,4.2115652342283535e-09,0.9873223419156508
2401.1934459973127,7.862466384369799e-05,0.0555706400806743,-1.1052882187111956,0.0972284936563693,2.9938963336518203,4.264583185588657e-09,0.9862670288488198
2401.2088359016925,7.936818060104789e-05,0.0560924765717252,-1.1077957993245178,0.0918335168643775,2.9938963336518203,4.064042745196432e-09,0.9831125190537804
2401.2088864445686,7.963625448119382e-05,0.056281563656621,-1.1077974312969563,0.0912641545171426,2.9938963336518203,4.054397908166146e-09,0.9814819413980124
2401.208748333156,7.986355967900459e-05,0.0564432668567588,-1.1078331199771945,0.0928976345032983,2.9956804190869297,4.141531727488452e-09,0.9809012703419876
2401.192844627425,7.995419913698151e-05,0.0565071387523926,-1.106191280682938,0.0926577622424109,2.9956804190869297,4.1292455794039834e-09,0.9790695941754384
2401.1929317135364,8.037176663844176e-05,0.0568027367202039,-1.1075115387530845,0.0942375927066868,2.9938963336518203,4.220972421860249e-09,0.9775676023170606
2401.2085570376366,8.043430863967669e-05,0.0568479940780604,-1.1070663913881778,0.0951526851662748,2.9938963336518203,4.264187553018191e-09,0.9770681496038132
2371.193556411192,8.029726790741607e-05,0.056050040108685,-1.1110420248668986,0.0894917845739796,2.992572953954456,4.059637520399161e-09,0.9806475432659696
2401.194107349962,7.921369048760592e-05,0.0559829782696952,-1.108309727054511,0.0919510391981281,2.9938963336518203,4.062089435851906e-09,0.996238347152493
2461.240830846131,7.995815084170811e-05,0.0578929480038258,-1.10536212089885,0.0830392156918022,2.9916356208934625,3.6251205594342862e-09,0.9985121879718092
2461.2410540618,7.944282935382992e-05,0.0575208788401244,-1.1029042366197703,0.0828778131230038,2.990053267309041,3.594850763531652e-09,1.0007734065613196
2461.2255064323545,7.925127773177252e-05,0.0573802727789497,-1.1045779305850354,0.0805265583574986,2.9916356208934625,3.488869910433457e-09,1.0025465011627426
2461.24132408388,7.915629255576484e-05,0.0573083104283403,-1.105648459605607,0.0747682074481189,2.9916356208934625,3.237178370267532e-09,1.002916962193284
2461.24142610468,7.909517063053723e-05,0.0572657836049001,-1.105917823850458,0.0783457698037094,2.9916356208934625,3.389299481151829e-09,1.0036837194261252
2461.243427200243,7.913218695550082e-05,0.0572916730909225,-1.104061007182028,0.0754106159343351,2.9916356208934625,3.259306437809216e-09,1.0041160108432037
2461.241721209138,7.925478583027772e-05,0.0573861799382926,-1.1066165933061485,0.0885820732705376,2.993376716318087,3.833174278098874e-09,1.004349875197439
2491.2387807611376,7.956476646171049e-05,0.0582989322986495,-1.105023487082654,0.0843384650400226,2.993359420355782,3.6246070609481803e-09,1.0044395974548004
2491.25657556206,7.951702490707067e-05,0.0582666697846773,-1.1034351828155218,0.0871655056973055,2.993359420355782,3.746363895712193e-09,1.0044898942982
2491.25648958236,7.935753859950009e-05,0.0581510697936925,-1.1021530266997268,0.0885203700377076,2.9900755362158917,3.794022352638822e-09,1.0045204725647343
2461.24365532957,7.915290006485859e-05,0.0573098240686432,-1.103130315823752,0.0802117731065151,2.9916356208934625,3.4726036730018713e-09,1.0042480388654798
2491.2408310268074,7.931528456652121e-05,0.0581191488601258,-1.0998765247413824,0.0863878130871147,2.9900755362158917,3.695763666230872e-09,1.003418839002718
2461.22447170876,8.256384618582034e-05,0.0597699218948134,-1.1102977490963917,0.069516318236081,2.9949590699025084,3.131722954095085e-09,0.9790665597904226
2371.193743977696,7.940183457709365e-05,0.0554307804398905,-1.111725943758435,0.0991063345758696,2.992572953954456,4.457363132309312e-09,0.9803701313625934
2401.2089896164834,7.981033669724305e-05,0.0564101170893892,-1.1065511795901175,0.0997355167907588,2.991913235838092,4.440252589509378e-09,0.9787998683658664
2371.1938409302384,8.00360203042321e-05,0.0558714740303541,-1.1052358985435662,0.0923279667489166,2.992572953954456,4.1656025762501124e-09,0.9744870116471456
2341.1474020984024,7.903936277246769e-05,0.0545362220379229,-1.1290863573270304,0.1581308795458487,2.7946868291935054,7.284021300901722e-09,0.9787834897581044
2401.1933631896973,7.807897459276793e-05,0.0551860699256475,-1.1047947869414665,0.0986628473973849,2.991913235838092,4.29945768652116e-09,0.9875568981276408
2401.209161007777,7.908131487244809e-05,0.0558939123072275,-1.1091638094050311,0.099210672476063,2.9938963336518203,4.387693309457912e-09,0.9798117224406973
2401.208734154701,7.961714601143719e-05,0.0562773449874818,-1.1057382362554893,0.105037494466453,2.9938963336518203,4.666362235629659e-09,0.977040985185068
2401.208807080984,7.951944166257219e-05,0.0562069542483191,-1.1052273993458488,0.1030420032910491,2.9938963336518203,4.566859988358289e-09,0.978834218126181
2371.162669962272,7.901685065101136e-05,0.0551630696382097,-1.1089429475575443,0.1009091827282458,2.992572953954456,4.5078949263921125e-09,0.9812209209413382
2401.209096422419,7.929520812828375e-05,0.0560493364099616,-1.1073531174074942,0.1052559764628415,2.991913235838092,4.6607052722150494e-09,0.981093362361252
2401.209160717204,7.922698435151088e-05,0.056002902021738,-1.1072546136398629,0.1075450143628531,2.991913235838092,4.761977226794558e-09,0.9848224988235408
2401.162435112521,7.899529532724688e-05,0.0558335897444646,-1.109321245474636,0.1013457872321966,2.9938963336518203,4.477074406132444e-09,0.9846552312465509
2401.211857760325,7.935523409569417e-05,0.0560897706857119,-1.1076698991603129,0.1016181616705813,2.991913235838092,4.50835484944156e-09,0.9803534529012224
2401.194004708901,7.967062336095963e-05,0.0563157183341533,-1.1061527501702548,0.1069532790841496,2.991913235838092,4.755533093031187e-09,0.9788818368555616
2401.1933763474226,8.00939117647264e-05,0.056613457385072,-1.1095584345501717,0.1061968932262314,2.991913235838092,4.753460919580481e-09,0.9767523730621676
2371.194005282596,8.065544195377507e-05,0.0563086817597075,-1.112531567112512,0.1037940498296234,2.992572953954456,4.7445541847916175e-09,0.9719746816831532
2371.1780563686043,8.071641096891401e-05,0.0563531569232199,-1.1085266937719076,0.1059239522480673,2.992572953954456,4.830002011556919e-09,0.9696530383104356
2371.163108866662,8.068762065011692e-05,0.0563247106680078,-1.109480885393447,0.0923881059313135,2.992572953954456,4.214392339279795e-09,0.9693527486348172
2371.1938279122114,8.058572301272776e-05,0.0562547108765144,-1.1065031689007931,0.0919606918260044,2.992572953954456,4.184219332451364e-09,0.9668157319103236
1740.8770567290485,9.918135713829524e-05,0.0511875137990605,-1.1519074919120629,0.1288696737948408,2.3147784487820755,9.995390631324891e-09,0.9742440842720616
2401.209662919864,7.972212303965052e-05,0.0563469052037109,-1.0897342647925643,0.0762968416824216,2.9885077263596878,3.451844070340333e-09,0.9784068686886626
2401.2094056326896,7.88775366528615e-05,0.0557485210539765,-1.0968986232733515,0.0831704950042423,2.9938963336518203,3.700201657994448e-09,0.9796669696628734
2401.2093131970614,7.953793920591337e-05,0.0562109771958967,-1.1002538126792691,0.0790835874932117,2.9938963336518203,3.5418257576701533e-09,0.9798288064854246
2431.224307829514,8.019128069914174e-05,0.0573665523488055,-1.0990571659653146,0.0765888925992801,2.991844084965636,3.4047307885694913e-09,0.9764153223264072
2371.194086952135,7.966953654607012e-05,0.0556076653831828,-1.1026049068451715,0.0724261106326917,2.994580840490856,3.2731241785774197e-09,0.9785495339118644
2371.1786947790533,7.98787421961317e-05,0.0557513304066773,-1.105421147720416,0.0699094112736359,2.994580840490856,3.171990268009122e-09,0.9783748315675864
2401.209244865924,7.942103466995453e-05,0.056125414196444,-1.1054210403008569,0.0804589100926423,2.9938963336518203,3.574367398400625e-09,0.9841614135463164
2401.2091793138534,7.961385446022454e-05,0.056262310743759,-1.1041551035986872,0.0799705283030429,2.9938963336518203,3.56992221391243e-09,0.9838423696165488
2401.209529651329,7.988774839674065e-05,0.0564539802000933,-1.105193745352615,0.0778537684263859,2.9938963336518203,3.481287545089805e-09,0.9847733116968465
2401.1910690721124,8.073546641668306e-05,0.0570478136867004,-1.1031991806616217,0.0658705861285559,2.9938963336518203,2.9768704875470676e-09,0.9816933742649528
2401.2093943487853,8.084808104173257e-05,0.0571285749438205,-1.102463014619627,0.0669191314835681,2.9938963336518203,3.024965688704661e-09,0.9798469098827056
2401.193788068369,8.102676115203897e-05,0.0572564260329776,-1.1050082384589244,0.073100755089207,2.9938963336518203,3.3147019972062913e-09,0.9763693306855042
2371.194145347923,8.085631360305219e-05,0.0564344890810432,-1.105973305284475,0.0729974340468223,2.994580840490856,3.337527717287566e-09,0.975551745240502
2371.194293241948,8.123088936601782e-05,0.0566936083402766,-1.1044036554475418,0.0676437559774058,2.994580840490856,3.0980644327063853e-09,0.976162424513272
2371.1943748462945,8.058885444452267e-05,0.0562463133589639,-1.1074167050825456,0.0714215073811685,2.994580840490856,3.254377607313532e-09,0.9811714818875568
2401.1785249635577,8.074738546542697e-05,0.057060645936368,-1.0988476780490817,0.0733399161090488,2.9938963336518203,3.29445059252614e-09,0.9790346120487612
2371.1945377159864,8.01707687614108e-05,0.0559621525610885,-1.1024408515109445,0.0832265596985362,2.992774453987808,3.769489904013185e-09,0.979236034772463
2371.1943178530782,8.142479911804847e-05,0.0568327681738623,-1.1074429922608953,0.0776763400758299,2.994580840490856,3.5759190273843554e-09,0.9727204446107948
2371.1960231624544,8.215353940805855e-05,0.057337436138911,-1.1096527554546118,0.0719376629422582,2.994580840490856,3.336769272192654e-09,0.971537145611266
2371.1940346620977,8.239887923570511e-05,0.0575094322649523,-1.1084470395481094,0.072430026381405,2.994580840490856,3.3702521537287593e-09,0.9703656628705444
2371.1784894242883,8.266448779095308e-05,0.057688476997874,-1.104505060119482,0.0534318619930258,2.994580840490856,2.496351012837583e-09,0.9676451272439464
2371.194111084565,8.285239289910581e-05,0.0578194918935036,-1.1050656829777594,0.0531265000632948,2.994580840490856,2.4839165097536555e-09,0.9684305484351176
2371.17855318822,8.230225401894452e-05,0.0574417883918721,-1.1079932405741728,0.0728192000186036,2.994580840490856,3.3823225660815197e-09,0.9688404953062574
2371.1936340089887,8.250820330936425e-05,0.0575840887965916,-1.1038748644059435,0.0639407880099323,2.994580840490856,2.981639883352908e-09,0.9674805169594812
2371.193937720731,8.256706287403021e-05,0.0576256096153496,-1.1085753655557884,0.0702106155997048,2.994580840490856,3.2707275713425572e-09,0.9654117121655902
2371.1627597548068,8.323126962131276e-05,0.0580869427785887,-1.1059135310633086,0.0643711431581682,2.994580840490856,3.022966378941781e-09,0.9635314570631534
2341.1787830051035,8.320738967994468e-05,0.0573448446247101,-1.110326834765504,0.0560241653141743,2.798178554101743,2.662179177513744e-09,0.9631770817680014
2371.162691736594,8.343296166138434e-05,0.0582280425119279,-1.1041905101007896,0.0635995198841547,2.994580840490856,2.992956191441321e-09,0.962298011996894
2341.178903786465,8.379715365428851e-05,0.0577522384811126,-1.107987944986209,0.056146298161153,2.798178554101743,2.689159529787698e-09,0.9608422520258246
2341.178790021688,8.378417061946387e-05,0.0577468950564989,-1.1073042940483206,0.0647552237888716,2.8028882198559257,3.099517542221773e-09,0.9631281448951768
2371.1472399048507,8.3415612647147e-05,0.0582147208776161,-1.1062316283275755,0.0638955892171647,2.994580840490856,3.008258938534316e-09,0.9620354198381958
2371.194170299917,8.300877978859934e-05,0.0579369759694265,-1.1042795446048994,0.0728036123299081,2.994580840490856,3.408532702123761e-09,0.9625120105394052
2371.162925714627,8.24390056823921e-05,0.0575452357244991,-1.1007927021145707,0.0839219186565977,2.992774453987808,3.905765142000407e-09,0.96057071484768
2341.1788430698216,8.322510102859359e-05,0.0573672600710116,-1.1109442028583023,0.0798706869721371,2.8028882198559257,3.806578213416785e-09,0.9578741423792966
2341.1788201481104,8.364036848304584e-05,0.0576490946651457,-1.108336031455256,0.0689943713791023,2.8028882198559257,3.2980324046636443e-09,0.9574754050437916
2341.1631979718804,8.386146111654701e-05,0.0578011920330016,-1.105579101944113,0.0669023838578219,2.8028882198559257,3.1995015042811597e-09,0.9577236834048716
2341.1788839511573,8.436051905793932e-05,0.0581421128249953,-1.1082015899118345,0.0611537739329342,2.8028882198559257,2.943055159787074e-09,0.9572071210567396
2341.1789163574576,8.438309765625585e-05,0.058158165257955,-1.1091400366394883,0.0630370343183804,2.8028882198559257,3.04071284703108e-09,0.9564694922583886
2341.17895177193,8.450086640592184e-05,0.0582395907868048,-1.111403037447761,0.0657634894626268,2.8028882198559257,3.1775064378807843e-09,0.9550739618820008
2311.163856804371,8.396689563678947e-05,0.0571441780110617,-1.1085356880570645,0.0647564209720751,2.801606797307936,3.1438357217523393e-09,0.9544549326671072
2311.163969634101,8.438987422421457e-05,0.05743023784707,-1.1097689795386738,0.0611993922261508,2.801606797307936,2.986398449230327e-09,0.951320332390374
2311.163790035993,8.39282205684263e-05,0.0571199891231529,-1.1119927538652536,0.0724996422891905,2.803290583814434,3.522851133974703e-09,0.9519861316469737
2311.148173697293,8.452424941739688e-05,0.0575227383202051,-1.1109473549969031,0.0667986014706079,2.803290583814435,3.266126803843445e-09,0.9497852365719504
2311.148244272917,8.433409703843379e-05,0.0573971839946283,-1.1083255033692387,0.073212499362833,2.803290583814434,3.5671904185440453e-09,0.9510032242239236
2311.1638192757964,8.459833255022948e-05,0.0575735561586229,-1.1096336498239328,0.0653499870300371,2.803290583814435,3.196555721337225e-09,0.948401313398715
2311.1636673547328,8.492317237020421e-05,0.0577996180212171,-1.107877917730291,0.0749515335866859,2.803290583814434,3.675180801936651e-09,0.956116788486688
2251.117763724178,8.410381042870054e-05,0.0558274860290661,-1.1480599049985374,0.1478520311450056,2.797918975743103,7.595509229530121e-09,0.9571667283768838
2371.1624878328294,7.982746214824083e-05,0.0557279954073346,-1.1111141268804192,0.0982373852005386,2.9891248756075712,4.459522792521581e-09,0.9679612806781502
2371.1939376164228,8.100307456514106e-05,0.0565413466608539,-1.1041377999117217,0.0804913604490746,2.994580840490856,3.696107223266376e-09,0.9755345971748322
2371.178009128198,8.216387263863075e-05,0.057339158994671,-1.1074769733180352,0.0569836153553855,2.994580840490856,2.6535074667252862e-09,0.9749131005857102
2371.193820087239,8.204762223929298e-05,0.0572597229322686,-1.1098827315504016,0.0630153161326265,2.994580840490856,2.925327397059437e-09,0.9720650542805696
2371.17802945897,8.212030412065354e-05,0.0573160829519621,-1.1127253955477592,0.0789373940610768,2.994580840490856,3.67107009374143e-09,0.9678487212076088
2371.162675846368,8.063824463822115e-05,0.0562922534266182,-1.0976684412132287,0.0882013539903327,2.9907665674514083,4.012436509329091e-09,0.9703666246872582
2371.1625726949424,8.11758718299238e-05,0.0566616072216283,-1.107166833351078,0.0823521758717149,2.992774453987808,3.794521498309051e-09,0.9664793512797228
2371.1781015880406,8.22929249786153e-05,0.0574389265406205,-1.1007907259389793,0.0738829726824205,2.9907665674514083,3.4208386669973555e-09,0.9669385428414554
2371.193545758724,8.296738500292904e-05,0.0579020251787027,-1.1076581051042051,0.0619952562586311,2.994580840490856,2.901966573681261e-09,0.965376393925577
2371.19392250292,8.321608603235574e-05,0.0580759945281717,-1.1076439699846383,0.0630601391962346,2.994580840490856,2.9663830823552172e-09,0.9637009416396932
2371.193770058453,8.363062860155603e-05,0.0583673470206399,-1.103252307703069,0.0642268091519005,2.994580840490856,3.028151610575765e-09,0.9620627765805256
2341.1785049457103,8.384950754884791e-05,0.0577888521693029,-1.1081921752411612,0.0585172450222117,2.8028882198559257,2.800018880753324e-09,0.9588045127837972
2341.162996098399,8.376300090951861e-05,0.0577335343795992,-1.105362533590395,0.0668104712181454,2.8028882198559257,3.18928160886109e-09,0.9565427381689162
2341.178609682247,8.349808999867174e-05,0.057554863609042,-1.1052091179006078,0.0752132957816865,2.8028882198559257,3.580350424579648e-09,0.9668918969721356
2371.1944177467376,8.506520392691225e-05,0.0593753946524191,-1.0931797117647557,0.0694517457820196,2.9907665674514083,3.3032788319078914e-09,0.9533703731885091
2341.1787812206894,8.383840883707448e-05,0.0577924212024656,-1.10565899836272,0.0813038070203204,2.8028882198559257,3.889935060394496e-09,0.9540073636399984
2341.178595794365,8.382169641425525e-05,0.0577797779520598,-1.1046835986104864,0.0786260304691503,2.8028882198559257,3.754174059361253e-09,0.9567250631562316
2371.194044843316,8.564112668230346e-05,0.0597682435856725,-1.111442729944198,0.0663332675260972,2.994580840490856,3.213204569160555e-09,0.950152894239305
2311.1476615611464,8.468548760310527e-05,0.0576335898105208,-1.1064257867621068,0.0647677950146633,2.803290583814435,3.170037243601445e-09,0.9491211664821628
2311.1636426541954,8.490692878907698e-05,0.0577857607208307,-1.108955145921298,0.0699218221630292,2.8017474540255023,3.429826531020565e-09,0.9596261182161948
2371.193995114416,8.645283227567385e-05,0.060330941366948,-1.1119703780270842,0.0573098767388885,2.994580840490856,2.8082316272378867e-09,0.9548493055068912
2341.1788758412004,8.542764139685156e-05,0.0588756300963795,-1.109932177046166,0.0575359404177804,2.801364623355461,2.812911158577884e-09,0.9552533229804462
2341.163260905072,8.53620085574994e-05,0.0588327773356763,-1.108107725575619,0.0636525624344521,2.8028882198559257,3.102167632415409e-09,0.9564857996616316
2341.1791123915464,8.560633317322449e-05,0.0589990859098616,-1.108495626674452,0.0572764608472648,2.8030270961087136,2.795745300142058e-09,0.9564728529758554
2341.1788923423737,8.541124970836233e-05,0.0588683122171629,-1.1054665316250805,0.0635750396487812,2.8028882198559257,3.0982513627997644e-09,0.9554653207605082
2341.179000250995,8.529308341286426e-05,0.0587861075823948,-1.110774140252491,0.0662978283417313,2.8028882198559257,3.239146217343578e-09,0.9585298040025872
2341.163657989353,8.448261008005728e-05,0.0582259150470851,-1.1079722990909922,0.060689189465156,2.801364623355461,2.9317074298178287e-09,0.959311538436854
2341.1790546868,8.455666541774762e-05,0.0582817492575294,-1.1143186173780064,0.0757328641325253,2.8028882198559257,3.674029097159086e-09,0.9601550080740172
2341.179275320843,8.480784059746249e-05,0.0584542238673916,-1.1115761775088715,0.0723370589412385,2.8028882198559257,3.518470682652386e-09,0.9571608118104312
2341.1792372781783,8.508617768485087e-05,0.0586466180443826,-1.1091276902967948,0.0718961932084477,2.8028882198559257,3.495158748202148e-09,0.9534389272245756
2281.14845283702,8.573360555419239e-05,0.05760623618315,-1.1118869602361634,0.0745752513497217,2.8039436143301506,3.743249131534014e-09,0.9474457020557496
2311.1480910368264,8.678068523814177e-05,0.0590550262096771,-1.1099984470678896,0.057510327158233,2.803290583814435,2.883560356950464e-09,0.9477150697625472
2311.1325101237744,8.560687477497599e-05,0.0582634902676045,-1.108214525160725,0.073360616874038,2.8017474540255023,3.6307787524944766e-09,0.9459955767462332
2251.118436584249,8.425327366477064e-05,0.0559233650911835,-1.140949277402444,0.1439555301656505,2.797918975743103,7.371812760940301e-09,0.9557714975328238
2341.1637552008037,8.33518007964616e-05,0.0574558632077125,-1.1083710258056596,0.0805387995230599,2.8028882198559257,3.8523548942619955e-09,0.9557591976875224
2341.179381487891,8.334716499094444e-05,0.0574555566497987,-1.106524650519662,0.0849744320238307,2.801364623355461,4.049691039242885e-09,0.9565265625835676
2341.163878975436,8.363064541880603e-05,0.0576494296405446,-1.108223563005932,0.0841601678330418,2.801364623355461,4.0287011710982944e-09,0.9556580978373996
2341.1640338748693,8.383943467103287e-05,0.0577948065860909,-1.1101683021631916,0.0874576169190533,2.801364623355461,4.200325901391582e-09,0.9538531294385928
2341.179429810494,8.398814559994106e-05,0.0578992659182256,-1.1082491355613675,0.0896450721085213,2.801364623355461,4.304691183073139e-09,0.9528398646608818
2341.179559815675,8.351512578085772e-05,0.0575730632358379,-1.1092607852860514,0.0899955062093433,2.801364623355461,4.300996570872484e-09,0.9584397802848196
2341.177284250036,8.406771358624307e-05,0.0579518469925485,-1.1069289467043473,0.0842449698983059,2.801364623355461,4.0527412846015194e-09,0.957945404204818
2341.179858645424,8.351315726337707e-05,0.0575744256227715,-1.1078155301047243,0.0930682479813562,2.801364623355461,4.452771887467679e-09,0.9570177892169288
2341.1797483861446,8.456650608043884e-05,0.0582929912474097,-1.1088238878840286,0.0810390767818334,2.8028882198559257,3.916836617298273e-09,0.9538025973458292
2311.1642290260643,8.462597638819291e-05,0.0575998991580214,-1.108693368790186,0.0802889095851082,2.803290583814434,3.9347076756469115e-09,0.9515780775777982
2311.1641458477825,8.491313819410848e-05,0.0577932583792473,-1.1112900778185892,0.0781339655721127,2.803290583814434,3.845098493652333e-09,0.9483419451992188
2311.1637622024864,8.52322596230398e-05,0.0580132248641963,-1.1123366709523763,0.0841351920009792,2.803290583814434,4.157002784142417e-09,0.9461964256689098
2311.16402386874,8.527346188732611e-05,0.05804153032155,-1.112291982860848,0.0849703369362696,2.803290583814434,4.196025364576219e-09,0.9459411438335416
