ChargingTime,VoltageSlope,VoltageStd,VoltageKurtosis,VoltageSkewness,VoltageEntropy,VoltageCurvature,Normalized Capacity
2990.0400000000373,1.4139636415336791e-06,0.003237915446157735,23.3680805841699,-4.826376487588709,0.6464021440258108,-2.1576236860508834e-09,1.0172557133029563
3600.0,0.00013128022759601756,0.14224224357010076,-1.1346312035365138,0.025949110536575143,1.5839177885170053,1.0764958133382182e-09,1.0161917925862372
3600.0,0.00013141299193931012,0.1424025719307502,-1.1419597031846,0.02136916965802947,1.5839177885170053,8.170113433275093e-10,1.0151412982059074
3600.0,0.0001317875770507359,0.1428174931033882,-1.139532105915915,0.0261648995825773,1.5839177885170053,1.0395010395010706e-09,1.0141051885983574
3858.7299999999814,2.4666294688478424e-05,0.04165828633672807,3.2706963494682864,-2.104140734343667,0.9414307588625516,-2.1046471024745297e-08,1.013084422199978
3600.030000000028,0.00013204483389729046,0.1431187163405506,-1.1478308510663637,0.009548783859108255,1.5839177885170053,1.7403444733700298e-10,1.0120799574471593
3600.0,0.0001308345187292578,0.14189655433495255,-1.1846863383825526,-0.026396230913791764,1.5806647040970938,-1.8679755521863395e-09,1.0110927527762918
3600.0,0.00013110241820768424,0.14219571062489939,-1.188158911031082,-0.02808863528783801,1.5806647040970938,-1.983388825493742e-09,1.0101237666237668
3600.0,0.000131119013750597,0.14221355489261633,-1.1879251217547089,-0.028145766998007235,1.5806647040970938,-1.99094409620683e-09,1.009173957425974
3600.0,0.00013107396870555148,0.1421655920240744,-1.1872668143688176,-0.02621950232542197,1.5806647040970938,-1.8916834706304375e-09,1.0082442836193042
3700.010000000242,0.00012888821995536207,0.14372505411602504,-1.22736023323828,-0.07447107157174963,1.5722260200806402,-4.625861664238132e-09,1.007335703640148
3700.0,0.00012904365904366075,0.14390152166468254,-1.2265643587413002,-0.07581607220886895,1.5722260200806402,-4.705565889777086e-09,1.0064491759248961
3700.0,0.0001291563628405768,0.14402583931280585,-1.2282144565382775,-0.07425345017318312,1.5722260200806402,-4.6408250355625605e-09,1.0055856589099388
3700.0,0.00012913557281978808,0.14399198106722577,-1.2266869461077863,-0.0721731028059496,1.5722260200806402,-4.509063719590388e-09,1.0047461110316667
3700.0,0.00012929532771638422,0.1441729762609,-1.2237215886117163,-0.07431431050780801,1.5722260200806402,-4.6116460590151105e-09,1.0039314907264703
3700.0,0.00012931283510231393,0.14417864935661845,-1.225532463291005,-0.07187428476418167,1.5722260200806402,-4.478972900026039e-09,1.00314275643074
3700.0200000000186,0.0001293832095167385,0.14425346154054539,-1.2261501878422725,-0.07160525519975515,1.5722260200806402,-4.464210389699725e-09,1.0023808665808667
3700.0,0.00012955465587044963,0.14444678397152194,-1.22360685555091,-0.0721472458034532,1.5722260200806402,-4.4835321151116124e-09,1.0016467796132407
3700.0,0.00012945070576649953,0.14433162038499664,-1.221308292524296,-0.07216177139778138,1.5722260200806402,-4.472589998906507e-09,1.0009414539642525
3700.0100000000093,0.00012896879677102422,0.1438466689000038,-1.228524777834588,-0.07999741720833466,1.5722260200806402,-4.9624777802910845e-09,1.0002658480702926
3700.0,0.0001292537476748046,0.14416533942824433,-1.2308753764453557,-0.08012145371562487,1.5722260200806402,-4.997355655250874e-09,0.9996209203677516
3700.0,0.0001292789145420763,0.14418927224464723,-1.23030441906099,-0.08103392597998496,1.5722260200806402,-5.030182003867159e-09,0.9990076292930203
3700.0100000000093,0.0001285083372882033,0.14341166163937955,-1.2368165622700495,-0.09298434987700524,1.5722260200806402,-5.753050280018725e-09,0.9984269332824889
3700.0,0.00012858190173980206,0.14350332443946312,-1.2385202212942394,-0.09454006057158171,1.5722260200806402,-5.85084071926247e-09,0.9978797907725481
3700.0,0.00012786628733997627,0.14276473748888513,-1.2436264799516328,-0.10392846455473836,1.5722260200806402,-6.3979465295261035e-09,0.9973671601995882
3599.0,0.00012932241211335542,0.1345167631613574,-1.2147128169860781,-0.053081800709811375,6.624318855421547,-2.8491539261071637e-09,0.996008100042857
3600.0,0.0001318610715979142,0.14290876255294638,-1.1446194395516425,-0.010863318297302445,1.5806647040970938,-7.641244483345671e-10,0.9955930145824894
3600.0,0.0001322688477951631,0.14335345553286538,-1.1433923784838325,-0.008813119093333368,1.5806647040970938,-6.739822529294532e-10,0.9951939554097274
3600.0,0.00013230678046467903,0.14339308936653142,-1.1446118584347722,-0.008055113868506504,1.5806647040970938,-6.411559043134787e-10,0.9948100099811727
3600.0,0.00013117828354671096,0.1422674594910236,-1.1791051681070506,-0.036111511150716806,1.5806647040970938,-2.298104929683974e-09,0.9944402657534277
3600.0,0.00013140350877193175,0.14252073238360505,-1.176834757925983,-0.03697736112343314,1.5806647040970938,-2.3562023562021164e-09,0.9940838101830941
3600.0,0.00013150782361309393,0.14263075766829905,-1.1799334045027676,-0.0389357083384555,1.5806647040970938,-2.464060358797036e-09,0.9937397307267741
3600.0099999997765,0.00013156899773826618,0.14269885761268017,-1.1806083981668403,-0.038926680835206055,1.5806647040970938,-2.4633010589389698e-09,0.9934071148410698
3600.0,0.00013167377904220725,0.14281304059701472,-1.179815642655705,-0.03620450294098858,1.5806647040970938,-2.3483865589128965e-09,0.9930850499825833
3600.0,0.00013180654338549265,0.14295977405199337,-1.1792328170185926,-0.03777968570004542,1.5806647040970938,-2.4244603191971032e-09,0.9927726236079165
3600.0,0.00013197249881461077,0.1431419159719057,-1.1811340353936046,-0.03793065219161587,1.5806647040970938,-2.44426033899717e-09,0.9924689231736713
3600.010000000242,0.0001315667073601538,0.14274872924022722,-1.1885626704337149,-0.04844761939177074,1.5776623731297441,-3.0757480965731215e-09,0.9921730361364501
3600.0,0.00013172830725462879,0.14292166946829166,-1.1894029833585227,-0.0493576586576989,1.5776623731297441,-3.1276215486740027e-09,0.9918840499528547
3600.0,0.00013197249881460838,0.1431877167295513,-1.1918724509971061,-0.04839710976147995,1.5776623731297441,-3.0945346734819895e-09,0.9916010520794872
3600.0,0.00013203413940256667,0.14325479201560914,-1.192320295417782,-0.04735704800135057,1.5776623731297441,-3.042429358218424e-09,0.9913231299729498
3600.0,0.00013210526315789856,0.14332345974792168,-1.1926070986404558,-0.04559994947487827,1.5776623731297441,-2.947076631286768e-09,0.9910493710898444
3600.0,0.0001322048364153656,0.14342783392195382,-1.190871430716327,-0.047448286558301356,1.5776623731297441,-3.020024072655365e-09,0.990778862886773
3600.0,0.00013226410621147957,0.14349457722748168,-1.1893915505050772,-0.047759485452238765,1.5776623731297441,-3.0400846190321487e-09,0.9905106928203375
3600.0,0.00013240161213845807,0.14365463673218024,-1.1921185344100511,-0.04587275173458568,1.5776623731297441,-2.9812056127849632e-09,0.9902439483471404
3600.0,0.00013252963489806025,0.14377883311827533,-1.1916120049377676,-0.046146009869480434,1.5776623731297441,-2.975474028105585e-09,0.9899777169237833
3700.0,0.00013008972535288838,0.1451182011969361,-1.2270742974809294,-0.0905999333147252,1.5722260200806402,-5.534887113834965e-09,0.9897110860068686
3700.0,0.00012937848779954772,0.14440829631817972,-1.2363167783080458,-0.10213101097026189,1.5722260200806402,-6.255243097348934e-09,0.9894431430529981
3700.0,0.0001293828646460264,0.14441697423314614,-1.236581037282428,-0.10389395868501401,1.5722260200806402,-6.345059634534024e-09,0.989172975518774
3700.0099999997765,0.00012950403265134095,0.14455447815633313,-1.236354354040025,-0.1038651731168547,1.5722260200806402,-6.3539557632024496e-09,0.9888996708607982
3700.0,0.0001295962359120314,0.14465952570908833,-1.2363988896002436,-0.10424110686306981,1.5722260200806402,-6.3842688842696155e-09,0.9886223165356729
3598.0,0.0001318007104478982,0.13705808601646038,-1.1974792818121285,-0.05226051683093255,6.626416360824873,-2.8596951492166687e-09,0.9877762044050092
3600.0,0.0001316666666666681,0.14280805698958704,-1.1768729871774555,-0.0446256349378742,1.5776623731297441,-2.7456895877945387e-09,0.9874988804874688
3600.0,0.0001319061166429621,0.14307577949701583,-1.1798267462381993,-0.04558962263365513,1.5776623731297441,-2.820460715197197e-09,0.9872243994615244
3600.0,0.00013211000474158655,0.14329740278750924,-1.1811032203443559,-0.04688923816337097,1.5776623731297441,-2.8908028908027517e-09,0.9869526065558952
3600.0,0.0001322000948316776,0.1433918904060974,-1.1827135345456514,-0.04598583359130926,1.5776623731297441,-2.8512028512028574e-09,0.9866833469993012
3600.0,0.00013245851114272598,0.14368155375304406,-1.1829597321616152,-0.043400616973034704,1.5776623731297441,-2.748294853557713e-09,0.9864164660204612
3600.0,0.00013245376955903798,0.1436761717973525,-1.1802424389188229,-0.04790764523168589,1.5776623731297441,-2.954631902000339e-09,0.986151808848095
3700.0,0.00013020461757304162,0.14521260226906105,-1.2225037072346854,-0.09123179550890909,1.5722260200806402,-5.4628515154837735e-09,0.9858892207109219
3700.0,0.00013019258124521667,0.14521163492957073,-1.2257920490798218,-0.09064259874479373,1.5722260200806402,-5.480632454317375e-09,0.9856285468376614
3700.0,0.00013030528504212843,0.14533598685594423,-1.2240148217288098,-0.09139953832527851,1.5722260200806402,-5.505252215778989e-09,0.9853696324570329
3700.0,0.00013040595251122167,0.14544355076123863,-1.223407201712706,-0.09033733628940942,1.5722260200806402,-5.452821242295799e-09,0.9851123227977561
3700.0,0.00013058540321698688,0.14565065670297736,-1.2225363857544127,-0.08946260253451364,1.5722260200806402,-5.426833716307898e-09,0.98485646308855
3700.0,0.00013074515811358517,0.14581620965646283,-1.2217267898601605,-0.08835876156157252,1.5722260200806402,-5.360725097567594e-09,0.9846018985581343
3700.0,0.00013082941240836836,0.14591324465050495,-1.2215254294138331,-0.08832524854212086,1.5722260200806402,-5.361636940584402e-09,0.9843484744352284
3700.0,0.00013082831819674224,0.14591185788094901,-1.221376836302605,-0.08889734683995358,1.5722260200806402,-5.3889922310979655e-09,0.9840960359485518
3700.0,0.00013096618886093028,0.14605268053258696,-1.2200718423590644,-0.08758211483471848,1.5722260200806402,-5.30054345843825e-09,0.9838444283268238
3700.0,0.0001304530036109039,0.1455385960159666,-1.2250186927144882,-0.0973283423022644,1.5722260200806402,-5.8791078527926715e-09,0.9835934967987641
3700.0,0.00013006893533209753,0.1451289513425249,-1.2288087463237154,-0.0981474989578192,1.5722260200806402,-5.955702666229581e-09,0.9833430865930919
3700.010000000708,0.00012984992227494535,0.14494241756529672,-1.233670736559997,-0.10713668506913984,1.5722260200806402,-6.511657880161264e-09,0.9830930429385267
3700.0,0.00012991027464712347,0.14501963618451685,-1.2346121585157421,-0.10985519925724029,1.5722260200806402,-6.662836925995087e-09,0.982843211063788
3700.0,0.00013017179122442766,0.14530592635293965,-1.2334734016464,-0.10802159209079698,1.5722260200806402,-6.573020388809471e-09,0.9825934361975952
3700.0,0.00013021555968925334,0.14536640320464134,-1.2351656254378722,-0.10883818424028845,1.5722260200806402,-6.655542181858091e-09,0.9823435635686677
3700.0,0.00013021993653573202,0.14536768509243136,-1.2346538125788844,-0.1092453486461047,1.5722260200806402,-6.665572455046648e-09,0.9820934384057249
3800.0,0.00012387044534413382,0.14263861548991533,-1.27754010809647,-0.19836203968660482,1.548845827611395,-1.172834728675566e-08,0.9818429059374865
3800.010000000708,0.00012395736514078282,0.14274136932059883,-1.276920116610137,-0.1993875994642171,1.548845827611395,-1.1781179348447542e-08,0.9815918113926716
3598.019999999553,0.00013333513605625602,0.1386611439056486,-1.1817292072251353,-0.051355737467412434,6.627805673960922,-2.850810086606864e-09,0.9808355514580208
3600.0,0.00013281175912755337,0.14405265241107734,-1.1792677756120105,-0.04707860024344043,1.5776623731297441,-2.8913239439553917e-09,0.9805834122846202
3600.0,0.00013239212897108208,0.14365432316698504,-1.1897380412841032,-0.05965000001990673,1.5776623731297441,-3.6601378706636242e-09,0.9803314093038639
3600.0,0.00013240398293030205,0.14366278918702993,-1.1906777257254555,-0.05961821899007111,1.5776623731297441,-3.6525825999508463e-09,0.9800796021114402
3600.0,0.0001325486012328146,0.14382226999093484,-1.1879238589122836,-0.058931706322174746,1.5776623731297441,-3.616369405842728e-09,0.9798280503030378
3600.0,0.0001326908487434832,0.14397068645581487,-1.1885857127109554,-0.05817670353522682,1.5776623731297441,-3.580416738311008e-09,0.9795768134743452
3700.0,0.00013085020242915494,0.14592272746134574,-1.2198762582214675,-0.09184186189285852,1.5722260200806402,-5.487015355436917e-09,0.9793259512210513
3700.019999999553,0.00013094939183275073,0.1460450470266766,-1.2212855763172856,-0.09196575174371878,1.5722260200806402,-5.528126076870333e-09,0.9790755231388443
3700.0,0.00013111390742970335,0.14623033964703053,-1.2208985879174514,-0.09188008827086501,1.5722260200806402,-5.532151584783466e-09,0.978825588823413
3700.0099999997765,0.00013116813861981482,0.14627693731329686,-1.220175239948877,-0.09157004688865183,1.5722260200806402,-5.4894180153389995e-09,0.978576207870446
3700.0,0.00013123427070796135,0.1463546934729622,-1.2183102823101117,-0.09179167848476394,1.5722260200806402,-5.49658970711674e-09,0.9783274398756319
3700.0099999997765,0.00013140559831872575,0.14655843241162572,-1.221054670497111,-0.09341992564618166,1.5722260200806402,-5.627129155810168e-09,0.978079344434659
3700.0,0.0001314607725134088,0.1466200128393362,-1.221800188903226,-0.09364032600839271,1.5722260200806402,-5.646131961921843e-09,0.9778319811432163
3700.0099999997765,0.0001315752219695149,0.14674732495908,-1.2215643163707202,-0.09287985215551166,1.5722260200806402,-5.61031309268665e-09,0.9775854095969921
3700.0,0.00013095852937958588,0.14611975300780242,-1.2253418576903428,-0.10233240161426903,1.5722260200806402,-6.181383812963494e-09,0.9773396893916751
3700.010000000708,0.0001302642979596488,0.14542532166743463,-1.2339213466931744,-0.1122560697113927,1.5722260200806402,-6.81496485075181e-09,0.977094880122954
3700.0,0.00013035014771857348,0.14552203814074788,-1.2313638646539269,-0.11155774704704975,1.5656023497900171,-6.783200204253097e-09,0.9768510413865172
3700.0,0.0001302396323449011,0.14540729083369935,-1.2320447214071601,-0.11487341725553317,1.5656023497900171,-6.936389831127232e-09,0.9766082327780534
3700.0,0.00013037750300908668,0.1455512599551708,-1.2324851134637786,-0.11290650307864301,1.5656023497900171,-6.850676587519406e-09,0.9763665138932511
3700.0,0.00013058540321698688,0.14578705802416062,-1.233748129838801,-0.1134048694992688,1.5656023497900171,-6.888518072728985e-09,0.9761259443277989
3700.0,0.00013058868585184803,0.14578989978420873,-1.2338135970006678,-0.11396333350571033,1.5656023497900171,-6.915417441733933e-09,0.9758865836773855
3700.009999998845,0.00013062583867266432,0.1458338875556766,-1.2319070007631678,-0.11448576619517713,1.5656023497900171,-6.939042944012619e-09,0.9756484915376994
3800.0099999997765,0.0001243622880279395,0.14320206461165932,-1.2732979295932951,-0.20174040306387142,1.548845827611395,-1.1901948770684992e-08,0.9754117275044292
3800.0,0.00012426720647773628,0.143110335584636,-1.2718611439638392,-0.20366269027517012,1.548845827611395,-1.1992292480097374e-08,0.9751763511732636
3800.0,0.0001242692307692335,0.1431124667443471,-1.2718162540431621,-0.20421632263123465,1.548845827611395,-1.2017446003325636e-08,0.974942422139891
3599.1199999991804,0.00013353792302342576,0.13892236382355827,-1.165136356351179,-0.04994915727555583,6.627937308381376,-2.788923082284837e-09,0.974244970326297
3600.0,0.00013314129919393363,0.14444895292109255,-1.1863661043591132,-0.05740343712561453,1.5776623731297441,-3.515285094232091e-09,0.9740112112611607
3600.0,0.00013325035561877907,0.14457158934052175,-1.184773030484958,-0.059374144473868136,1.5776623731297441,-3.6194957247587297e-09,0.9737766714083785
3600.0,0.00013342816500711715,0.14476283286043345,-1.1863930175435662,-0.06216866055653195,1.5776623731297441,-3.7640879746139235e-09,0.973541387291358
3600.0,0.00013353722143196256,0.1448797212643428,-1.189184292860842,-0.058108205292854584,1.5776623731297441,-3.585887796413833e-09,0.9733053954335067
3700.0,0.00013176496334391287,0.14693997768222158,-1.2204365728496334,-0.09211854163333874,1.5722260200806402,-5.54263777948038e-09,0.9730687323582328
3700.0,0.00013168836853048022,0.14684847669174392,-1.2177488072180462,-0.09173999580051824,1.5722260200806402,-5.4902068059969184e-09,0.9728314345889436
3700.0,0.00013190283400810274,0.1471003566820578,-1.2168923055587906,-0.0939844274665916,1.5722260200806402,-5.630174709122764e-09,0.9725935386490473
3700.0,0.00013137651821862778,0.14657448744526974,-1.2227432274359744,-0.10123038743506209,1.5722260200806402,-6.102965313491939e-09,0.9723550810619513
3700.0,0.00013058540321698688,0.14578705802416062,-1.233748129838801,-0.1134048694992688,1.5656023497900171,-6.888518072728985e-09,0.9721160983510636
3700.0,0.00013058102637050393,0.14578328193454626,-1.2334294087166044,-0.11431420366990155,1.5656023497900171,-6.929095086990261e-09,0.971876627039792
3700.0,0.00013068497647445617,0.14590025870694653,-1.2314501530824997,-0.11515750561881909,1.5656023497900171,-6.974687237845817e-09,0.9716367036515441
3700.0099999997765,0.00013068897598685953,0.14590324206651206,-1.2316767165321643,-0.11451435694880471,1.5722260200806402,-6.946170010211541e-09,0.9713963647097278
3700.0,0.0001308534850640158,0.14608393356980148,-1.232254775469079,-0.1131968219398187,1.5722260200806402,-6.878943721048379e-09,0.9711556467377509
3700.0099999997765,0.0001308431337746673,0.14607542041528462,-1.231975214190826,-0.11639846490938581,1.5722260200806402,-7.034717564568017e-09,0.9709145862590208
3700.019999999553,0.00013090620021316345,0.14613533547063567,-1.229639781099835,-0.11311908069438954,1.5656023497900171,-6.857841252137857e-09,0.9706732197969457
3700.0,0.0001309486814750024,0.14619080849811125,-1.2296575707466157,-0.11682285601471486,1.5656023497900171,-7.052193894299704e-09,0.9704315838749331
3700.0,0.00013097165991903477,0.14621911352740347,-1.230513277261182,-0.11573369284830304,1.5656023497900171,-7.010249115512793e-09,0.9701897150163911
3700.010000000708,0.00013108847737339056,0.14633913922797884,-1.2316638083440907,-0.11453348112622119,1.5722260200806402,-6.941109985479908e-09,0.9699476497447269
3700.0099999997765,0.00013100069279718416,0.14625554906738217,-1.2309396011412792,-0.11754594020443229,1.5656023497900171,-7.106929717173008e-09,0.9697054245833487
3700.0,0.00013101433417223406,0.14626856181827633,-1.231778770073424,-0.1164859184019129,1.5656023497900171,-7.059032716927838e-09,0.9694630760556642
3700.0,0.000131143451143458,0.14641107195654693,-1.2313675136672713,-0.11759545862280335,1.5722260200806402,-7.110551847394453e-09,0.9692206406850812
3800.0,0.000124554655870455,0.14347922776109578,-1.2663250966853898,-0.2104434070442042,1.548845827611395,-1.2361789062687839e-08,0.9689781549950073
3800.0,0.0001247854251012192,0.14373398637554802,-1.2714068407057955,-0.2082445495717354,1.548845827611395,-1.2296136365456258e-08,0.9687356555088504
3800.0,0.0001247692307692358,0.1437107465621931,-1.2708813642531003,-0.20823297027901463,1.548845827611395,-1.2283592963952422e-08,0.9684931787500182
3800.0,0.00012478137651822287,0.1437281087010096,-1.2716638811341054,-0.20842173132559552,1.548845827611395,-1.2304676553714159e-08,0.9682507612419183
3800.010000000708,0.0001248943415192607,0.1438535720878323,-1.2687039585411661,-0.207708488743654,1.548845827611395,-1.2263550225519232e-08,0.9680084395079589
3800.0,0.00012476315789474032,0.1437146201253957,-1.2709305514934324,-0.20909839360214222,1.548845827611395,-1.234143939535482e-08,0.9677662500715474
3800.0,0.00012483400809716946,0.14380182513542974,-1.2698203157572878,-0.20978272993288988,1.548845827611395,-1.2383806735539904e-08,0.9675242294560916
3800.0,0.00012435222672065358,0.14333028587916247,-1.2703241337058118,-0.21779645422795235,1.548845827611395,-1.2849113555147052e-08,0.9672824141849994
3800.0,0.00012433805668016543,0.14331082269959242,-1.2712873264440894,-0.21701633887106606,1.548845827611395,-1.2816887688518254e-08,0.9670408407816785
3800.0,0.00012444939271255795,0.14342799027408173,-1.2719461260453564,-0.21557956988671043,1.548845827611395,-1.2740493035743634e-08,0.9667995457695368
3800.0,0.00012454251012146406,0.14352416603073448,-1.2681006487960227,-0.21572514554821598,1.548845827611395,-1.2721411052605003e-08,0.9665585656719818
3800.0,0.00012457085020243456,0.1435610766400347,-1.2693804822028103,-0.2144948038970924,1.548845827611395,-1.2684848371626546e-08,0.9663179370124214
3800.0,0.00012459514170040873,0.14358070327720318,-1.270982117726827,-0.2135598402793593,1.548845827611395,-1.2640279264156182e-08,0.9660776963142634
3800.0,0.0001245850202429227,0.1435812954185262,-1.269763153292437,-0.21518922264590112,1.548845827611395,-1.2725747866954707e-08,0.9658378801009154
3900.0,0.00012187523452157598,0.14442502934936216,-1.273990599290327,-0.2532640836399967,1.9174078582027612,-1.447915050289893e-08,0.9655985248957855
3900.0,0.00012191275797373358,0.14446869725715503,-1.273099787277491,-0.25546486914975236,1.9174078582027612,-1.4565200524764535e-08,0.9653596672222811
3900.0,0.00012209849906191545,0.144688416331484,-1.2705075367837333,-0.255956160270427,1.9219280948873623,-1.4593060982663064e-08,0.9651213436038102
3900.0,0.00012203470919324577,0.14462753000690243,-1.2760647313459923,-0.2546167665924708,1.9174078582027612,-1.4582833725966335e-08,0.9648835905637804
3900.0,0.00012205628517823815,0.14464970064758487,-1.2748927448815284,-0.25305467556404276,1.9174078582027612,-1.4513182581218577e-08,0.9646464446255997
3900.0099999997765,0.00012210181903911783,0.14469390990674963,-1.274057366811567,-0.2545662183814541,1.9219280948873623,-1.4551117168069578e-08,0.9644099423126756
3900.0,0.00012215666041275798,0.14476796421010582,-1.2721398191152977,-0.2553677304483363,1.9219280948873623,-1.460223024728792e-08,0.9641741201484162
3900.0,0.00012212664165103188,0.14472151639508318,-1.2713545253099687,-0.2554726539073834,1.9219280948873623,-1.457860175767773e-08,0.9639390146562288
3900.0099999997765,0.0001221215659610446,0.1447150250027221,-1.271209179570721,-0.2549973379321822,1.9219280948873623,-1.4555929501298722e-08,0.9637046623595215
3900.0,0.00012213977485928706,0.14474259867708225,-1.271490428673664,-0.25475015672612106,1.9219280948873623,-1.4563789868668018e-08,0.9634710997817019
3900.0,0.00012211913696060214,0.1447111867275733,-1.2711975694982478,-0.25448460384240923,1.9219280948873623,-1.4533108098576827e-08,0.9632383634461779
3900.0099999997765,0.00012231758408875717,0.1449450625369701,-1.2736225986835583,-0.2542322216925662,1.9219280948873623,-1.4557595925133076e-08,0.9630064898763572
3900.0,0.00012217823639775033,0.14480100403391818,-1.2722450313396434,-0.25486932411753854,1.9219280948873623,-1.460381723539641e-08,0.9627755155956474
3900.0099999997765,0.00012233069704689183,0.14497309874240247,-1.2748508841430035,-0.2535087056374131,1.9219280948873623,-1.456617961307742e-08,0.9625454771274566
3900.0,0.00012242682926829444,0.14509022612825695,-1.2739426065822885,-0.25431728945057297,1.9219280948873623,-1.4610341519840876e-08,0.9623164109951926
3900.0099999997765,0.00012217630273193852,0.14479781660062319,-1.2722679037687934,-0.25499710379161056,1.9219280948873623,-1.460633637240722e-08,0.9620883537222628
3900.0,0.00012210694183864914,0.14475123665385567,-1.2750338948606463,-0.2568444061369284,1.9174078582027612,-1.4756520757804543e-08,0.9618613418320751
3900.0200000014156,0.00012200325824418047,0.14464141336954117,-1.2728416317264384,-0.2586908314013024,1.9174078582027612,-1.4828723617839898e-08,0.9616354118480372
3900.0,0.00012197560975609757,0.1446309095594715,-1.2731243862443173,-0.2598296924718339,1.9174078582027612,-1.4913456248501235e-08,0.9614106002935571
3900.0,0.0001219671669793621,0.14462815052083375,-1.2727774953275552,-0.2613274154791259,1.9174078582027612,-1.4987339361537183e-08,0.9611869436920423
4000.0,0.00011723867595819132,0.14320859338570507,-1.270351203608189,-0.31994721366684437,1.90224279074882,-1.7540499772490816e-08,0.9609644785669007
4000.0,0.0001171829268292702,0.14314583643195808,-1.26844085201478,-0.3202082444001607,1.90224279074882,-1.7537071550117442e-08,0.9607432414415402
4000.0,0.00011723519163763256,0.1432022661286834,-1.2702571916158931,-0.3194877095324862,1.90224279074882,-1.7519307125092484e-08,0.9605232688393682
4000.0,0.00011540940766550523,0.14125062918055428,-1.2688174773994176,-0.3372982777944794,1.8768170172921117,-1.8345197060455147e-08,0.9603045972837928
3900.0,0.00012019793621013133,0.14278394786960746,-1.2750891769897028,-0.28074615320008933,1.9174078582027612,-1.5999837774548793e-08,0.9600872632982219
4000.0,0.00011533623693379823,0.14121446671554624,-1.2656307877513175,-0.34126170406936884,1.8768170172921117,-1.85636683226018e-08,0.9598713034060627
4000.010000001639,0.00011556092214651419,0.14145224566926487,-1.2641513660670542,-0.33935113164561354,1.8768170172921117,-1.8456336849709864e-08,0.9596567541307234
4000.0,0.00011556097560975737,0.14145224566926487,-1.2641513660670542,-0.33935113164561354,1.8768170172921117,-1.845630263100477e-08,0.9594436519956115
4000.0,0.00011563937282229934,0.14156109600606742,-1.2664160114004548,-0.33887873014694375,1.8768170172921117,-1.848326092512141e-08,0.959232033524135
4000.0,0.00011577526132404181,0.14169805582431347,-1.2694811676855258,-0.33638812978223753,1.8768170172921117,-1.8378544314448924e-08,0.9590219352397016
4000.0,0.00011567595818815047,0.1415957445619352,-1.2678761683537403,-0.3389479775009002,1.8768170172921117,-1.8485286692887335e-08,0.9588133936657189
4000.0,0.00011567944250871239,0.14160827108267515,-1.2680084814690094,-0.3384886342214354,1.8768170172921117,-1.848217012709357e-08,0.958606445325595
4000.0,0.00011578048780487837,0.14174256981429748,-1.2721274439229588,-0.33661415223552,1.8768170172921117,-1.8468145581021337e-08,0.9584011267427374
4000.0,0.00011584146341463446,0.14182349903330121,-1.2709551837789412,-0.33797978157627756,1.8768170172921117,-1.8532502664663522e-08,0.958197474440554
4000.0,0.00011581707317073423,0.14179353334183117,-1.2704456612753865,-0.33793764962503015,1.8768170172921117,-1.8523776280441133e-08,0.9579955249424524
4000.0,0.00011578222996515933,0.14176596137605835,-1.2686919860260975,-0.3395324259912824,1.8768170172921117,-1.8595457293698866e-08,0.9577953147718404
4000.0,0.00011590418118466994,0.14190470007169964,-1.2672005446343944,-0.3392762042997688,1.8768170172921117,-1.8580497777888716e-08,0.9575968804521259
4000.010000001639,0.00011586733452015122,0.141858917375766,-1.2721883655213881,-0.33711998821369576,1.8768170172921117,-1.851938921409511e-08,0.9574002585067166
4000.0,0.00011595121951219575,0.14196295463185066,-1.2675502702966932,-0.3394404322291141,1.8768170172921117,-1.8597483061464975e-08,0.9572054854590203
4000.0,0.00011601916376306936,0.14202524251764237,-1.2708084417156003,-0.33582746941333225,1.8768170172921117,-1.84542768632388e-08,0.9570125978324446
4000.0,0.00011597212543554355,0.14199335264413598,-1.2691385421023946,-0.3377268362170818,1.8768170172921117,-1.8548241321922616e-08,0.9568216321503974
4000.010000001639,0.00011596126623218389,0.14197196562839529,-1.2690671295157463,-0.3372500214579432,1.8768170172921117,-1.8512343566358913e-08,0.9566326249362865
4000.0,0.00011596864111498322,0.1419911282010425,-1.2685034382039824,-0.33881397548219705,1.8768170172921117,-1.8591249929877316e-08,0.9564456127135197
4000.0,0.00011600000000000095,0.14202905061821758,-1.2689935522372713,-0.3380624037778835,1.8768170172921117,-1.8566317403526685e-08,0.9562606320055047
4000.019999999553,0.00011596261854816244,0.14198551970140497,-1.2679438039753332,-0.33936796415280335,1.8768170172921117,-1.8611439551466675e-08,0.9560777193356491
4000.0099999997765,0.00011601212746338138,0.14204154751167772,-1.2657986002418413,-0.34011720075310214,1.8768170172921117,-1.8628024131062183e-08,0.9558969112273609
4000.0,0.00011600696864111986,0.14202151159629856,-1.2665032751115832,-0.33739108083995634,1.8768170172921117,-1.8504921057388647e-08,0.9557182442040477
4000.0,0.00011602264808362495,0.1420517897655984,-1.267128758262237,-0.3384588701079896,1.8768170172921117,-1.856491494891951e-08,0.9555417547891173
4000.0,0.00011605574912892208,0.14209894783428118,-1.2683660245031354,-0.33820589444441596,1.8768170172921117,-1.8579718636440242e-08,0.9553674795059776
4100.0099999997765,0.0001130123378403858,0.14225653856405915,-1.2539408473181104,-0.37724738802719293,1.8598862987351565,-1.983023696564404e-08,0.9551954548780361
4100.019999999553,0.00011297211341346142,0.14220992032972188,-1.2539668997213815,-0.37792344333056044,1.8598862987351565,-1.9855329157730353e-08,0.9550257174287009
4100.0,0.00011304675472004091,0.14230693668139402,-1.2536020810352586,-0.378032847428268,1.8598862987351565,-1.987094017723628e-08,0.9548583036813796
4100.0,0.00011279880074548253,0.1420151244992142,-1.2505677222603708,-0.3800814928858667,1.8598862987351565,-1.9910442648672703e-08,0.9546932501594799
4100.0,0.00011277287091807824,0.1420135542597817,-1.252895831001378,-0.38105152138719856,1.8598862987351565,-2.0002246760612874e-08,0.9545305933864098
4100.0,0.00011273559679118357,0.14195669498841026,-1.253135637969488,-0.3804991209870298,1.8598862987351565,-1.9964125494471354e-08,0.9543703698855768
4100.0,0.00011273316586986697,0.14197422513945593,-1.2525372557160708,-0.3819938335650722,1.8598862987351565,-2.0040828428519502e-08,0.9542126161803887
4100.0,0.00011265537638765391,0.14187420611248008,-1.252948922759404,-0.38160174651195883,1.8598862987351565,-2.0012467679796143e-08,0.9540573687942533
4100.0,0.00011262539502471494,0.14184656815246482,-1.2516919967265223,-0.3818743776002055,1.8598862987351565,-2.002406980427383e-08,0.9539046642505783
4100.0,0.00011286605623531491,0.14208879787244402,-1.2558057443178092,-0.3767616710088023,1.8598862987351565,-1.981145626919838e-08,0.9537545390727717
4100.0,0.00011261567133944139,0.1418496386205168,-1.2492611663610302,-0.3850682650947194,1.8598862987351565,-2.0148378280822882e-08,0.9536070297842411
4100.0,0.0001125962239688842,0.1418508422258601,-1.2483454282495166,-0.3858220465734902,1.8598862987351565,-2.0203626492622524e-08,0.9534621729083942
3200.0,0.0001369652406417131,0.13278554851315488,-1.1673060042032732,-0.022235586909348376,1.5726236638951638,-2.051245718229494e-09,0.953320004968639
4200.0099999997765,0.0001083237145454938,0.14038813070386305,-1.233393179619278,-0.42944178564657803,1.8427753046520867,-2.133917051803336e-08,0.9531805624883831
4100.010000001639,0.00011120554438443548,0.1402296875591558,-1.2507484404774856,-0.39288088004772276,1.8598862987351565,-2.038801557369638e-08,0.9530438819910342
3599.10000000149,0.00013717581252505517,0.14272784165346653,-1.1325366462073705,-0.046002728241255106,6.625018234243161,-2.665782581046017e-09,0.9526488201157439
3800.0,0.00012574696356276155,0.14466415105059824,-1.2648847741017015,-0.19180873526640918,1.548845827611395,-1.1285258300662573e-08,0.9525209986747872
3800.0,0.00012589473684210953,0.1448625249921405,-1.2619168020180926,-0.19603588713210782,1.548845827611395,-1.1529921350203912e-08,0.952394976296169
3800.0,0.00012592914979757356,0.14491939683474872,-1.2625771388222946,-0.19769702298047193,1.548845827611395,-1.1635539459673054e-08,0.9522707180260576
3800.0099999997765,0.0001260056364521376,0.14501051662732473,-1.264945935118028,-0.19677836890579598,1.548845827611395,-1.162342098911925e-08,0.9521481889106213
3800.0,0.00012601012145749645,0.1450249594600763,-1.2643294996365186,-0.1992163235841755,1.548845827611395,-1.1750031358503963e-08,0.9520273539960281
3800.0,0.00012618623481781878,0.14523951087623563,-1.266579460092959,-0.2005735795460835,1.548845827611395,-1.1854048182674686e-08,0.9519081783284465
3800.0,0.00012622267206478197,0.1452773186882116,-1.2687047075144553,-0.19919450592665985,1.548845827611395,-1.1802406731803349e-08,0.9517906269540447
3800.0,0.00012575101214575595,0.1448253916344724,-1.2701676782373554,-0.20748984822003658,1.548845827611395,-1.2306744880557562e-08,0.9516746649189908
3800.0,0.00012580971659919608,0.1449021448390168,-1.2716655663028014,-0.20758157690331208,1.548845827611395,-1.2339904830277258e-08,0.951560257269453
3800.0,0.0001256781376518296,0.14476335568712684,-1.2703006203104776,-0.2081316691363306,1.548845827611395,-1.2370929732932604e-08,0.9514473690515998
3800.0,0.0001258400809716657,0.14495199540420248,-1.272664212823041,-0.20842111196049917,1.548845827611395,-1.241296347201366e-08,0.9513359653115993
3800.0,0.00012748785425101486,0.14664442844534567,-1.2622713997067285,-0.19045098951142297,1.548845827611395,-1.1339835441247457e-08,0.9512260110956197
4000.0,0.00011678222996515711,0.14272457699376373,-1.2662891049126592,-0.3280742381874483,1.8768170172921117,-1.7863064332150977e-08,0.9511174714498292
4000.0099999997765,0.00011663037120254802,0.14258320206881014,-1.264159237026638,-0.3299726850353835,1.8768170172921117,-1.7971504288631143e-08,0.951010311420396
4000.0,0.00011662891986062876,0.14258189773241073,-1.263837334913747,-0.33051973925571304,1.8768170172921117,-1.7993025125753442e-08,0.9509044960534886
4000.0099999997765,0.00011668948538802733,0.14269709518981025,-1.2651661538892491,-0.333072287552124,1.8768170172921117,-1.8172927282359925e-08,0.9507999903952752
4000.0,0.00011613588850174027,0.1420830528333307,-1.2649568177045476,-0.3366414641221951,1.8768170172921117,-1.8323225271608768e-08,0.9506967594919237
4000.0,0.0001168188153310114,0.14283146729198193,-1.2668376172624953,-0.33054463360066727,1.8768170172921117,-1.8075769947579386e-08,0.9505947683896027
4000.0,0.00011671428571428508,0.1427427799207799,-1.2653481142521232,-0.3332808035110516,1.8768170172921117,-1.8217573691198308e-08,0.9504939821344802
4000.0,0.0001167961672473858,0.14285345979572833,-1.2651162646794387,-0.33305767836297373,1.8768170172921117,-1.823549394451272e-08,0.9503943657727246
4000.0,0.00011618118466899145,0.14222274697142354,-1.264780674441715,-0.3401743630185226,1.8768170172921117,-1.86046511627907e-08,0.950295884350504
4000.0,0.00011696341463414761,0.14305671738944634,-1.2633257149344388,-0.3340113385447937,1.8768170172921117,-1.8292838755118916e-08,0.9501985029139869
4000.0,0.00011626655052265093,0.1423254686427916,-1.264471519709326,-0.3401619439446741,1.8768170172921117,-1.8615714971358522e-08,0.950102186509341
4000.0,0.00011621777003484257,0.14226387797192147,-1.265312882815105,-0.33968682508673115,1.8768170172921117,-1.8590470788428664e-08,0.950006900182735
4000.0,0.00011623693379791099,0.14229269473732575,-1.2626013228329314,-0.3410002527867003,1.8768170172921117,-1.8636751790466906e-08,0.9499126089803372
4000.0099999997765,0.00011633252392873877,0.142415066687174,-1.2624564979753015,-0.34178460088757096,1.8768170172921117,-1.8690011269388315e-08,0.9498192779483156
4100.0,0.0001133522404991509,0.14267388478055124,-1.2492251890340447,-0.37978981711049814,1.8598862987351565,-1.9937514272454388e-08,0.9497268721328385
4100.0,0.00011340653107528167,0.14274637604704532,-1.2475339382975381,-0.3809738875624782,1.8598862987351565,-1.9993775368137282e-08,0.9496353565800741
4100.0,0.0001134770277935349,0.14282399847795588,-1.2503297104526234,-0.37921266948444204,1.8598862987351565,-1.993871131704345e-08,0.9495446963361908
4100.0,0.00011328255408800194,0.14263170248990378,-1.2495309383773825,-0.38255006616446513,1.8598862987351565,-2.009285382796423e-08,0.9494548564473565
4100.0099999997765,0.0001131251831278275,0.1424483931655502,-1.246757072735363,-0.3841910471139803,1.8598862987351565,-2.0130667061588646e-08,0.9493658019597399
4100.0099999997765,0.00011312022866886947,0.14243531449514554,-1.246696775015023,-0.3833827117686399,1.8598862987351565,-2.0091786565993087e-08,0.9492774979195088
4100.0099999997765,0.00011314539587677119,0.14247301637464432,-1.2475971482906703,-0.38401507384187294,1.8598862987351565,-2.0132361650531558e-08,0.9491899093728315
4100.0099999997765,0.00011313579095730102,0.14247431253692286,-1.24680185189456,-0.38510712142829356,1.8598862987351565,-2.0185443196828005e-08,0.9491030013658767
4100.0,0.00011312940604489131,0.1424986195095835,-1.2450448221113524,-0.3874385997757378,1.8598862987351565,-2.0307124809393398e-08,0.9490167389448122
4100.0,0.00011309618345353148,0.14245238012735661,-1.2475825451370863,-0.3864036118996298,1.8598862987351565,-2.0269371864663558e-08,0.9489310871558063
4100.0,0.00011307511546876467,0.1424224140315809,-1.243885309906001,-0.3873190577449434,1.8598862987351565,-2.0275725409020637e-08,0.9488460110450274
4100.0,0.00011311319990276487,0.14246440760139775,-1.2442665443554648,-0.38719961162295086,1.8598862987351565,-2.0273515480548626e-08,0.9487614756586434
4100.0,0.0001131091483672329,0.14245516848832132,-1.244079051441934,-0.3868258337162256,1.8598862987351565,-2.0254086526065953e-08,0.948677446042823
4100.0,0.00011312940604489131,0.1424986195095835,-1.2450448221113524,-0.3874385997757378,1.8598862987351565,-2.0307124809393398e-08,0.9485938872437341
4100.0,0.00011312211328093577,0.14248305724817767,-1.2446677630427472,-0.3872586754955033,1.8598862987351565,-2.0289629542323703e-08,0.948510764307545
4100.0,0.0001132866056235339,0.1426486733852897,-1.248046135424122,-0.3841734381521266,1.8598862987351565,-2.016384778012664e-08,0.948428042280424
4100.0,0.00011314318126570257,0.14251420859538166,-1.245992724115939,-0.38700547529578705,1.8598862987351565,-2.0296811809857395e-08,0.9483456862085393
4100.0,0.00011329876023012837,0.14266228406220188,-1.2489483993057025,-0.38370551635203626,1.8598862987351565,-2.0151324852118692e-08,0.9482636611380592
4100.0,0.00011322421197634174,0.14260211615112234,-1.244722739175762,-0.38680176568216734,1.8598862987351565,-2.0277843257139977e-08,0.9481819321151518
4100.0,0.0001134600113443015,0.14286855674496032,-1.2479495172356072,-0.3837951120773586,1.8598862987351565,-2.0181158886490532e-08,0.9481004641859855
4100.0,0.00011322907381897797,0.14261511437379756,-1.245282727772387,-0.3862079647872936,1.8598862987351565,-2.026624113266151e-08,0.9480192223967284
4100.0,0.00011312778543068455,0.1425139253949418,-1.2446912905046552,-0.38840410959196486,1.8598862987351565,-2.0362465101545956e-08,0.9479381717935489
4100.0,0.00011290576128352905,0.14228005011138434,-1.244200318957515,-0.3912439541855619,1.8598862987351565,-2.0489535988684816e-08,0.9478572774226152
4100.0,0.00011289036544850815,0.14226243110229736,-1.2432254075569311,-0.39163474318925845,1.8598862987351565,-2.0497362818689863e-08,0.9477765043300954
4100.0,0.00011289036544850815,0.14226243110229736,-1.2432254075569311,-0.39163474318925845,1.8598862987351565,-2.0497362818689863e-08,0.9476958175621578
4100.019999999553,0.00011267023314259786,0.14200764117112588,-1.2461895076389409,-0.39107698722016704,1.8598862987351565,-2.0483105995054495e-08,0.9476151821649708
4100.0,0.00011272425249169751,0.14208696891817033,-1.2459064068308574,-0.39193891021306554,1.8598862987351565,-2.0541745548835396e-08,0.9475345631847021
4100.0,0.00011269913297139587,0.14204596759700408,-1.2455377814101967,-0.39156785726852283,1.8598862987351565,-2.050491340763566e-08,0.9474539256675206
4200.0,0.00010774539414074533,0.14002014963366172,-1.2142148186284305,-0.4526415343090135,1.8427753046520867,-2.2428195740731308e-08,0.9473732346595943
4200.0099999997765,0.00010777523549562774,0.14002130038879523,-1.217581098728488,-0.44988756277188596,1.8427753046520867,-2.230538541868393e-08,0.9472924552070916
4200.0099999997765,0.00010766505951235421,0.13991116466452982,-1.2104194269697166,-0.4535814394903394,1.8427753046520867,-2.2414542208534637e-08,0.9472115523561803
4200.0,0.000107766535789795,0.1400342467209595,-1.216158604073885,-0.4512297790008884,1.8427753046520867,-2.237491190979575e-08,0.9471304911530288
4200.020000001416,0.00010773899524766118,0.13997928576388685,-1.2146756735854949,-0.45129916450931834,1.8427753046520867,-2.233825664310382e-08,0.9470492366438057
4200.0,0.00010777861673210798,0.14004655925687692,-1.2148281156127216,-0.45181386563983295,1.8427753046520867,-2.238817148062762e-08,0.9469677538746788
4300.0,0.00010442071881607171,0.13953996260136634,-1.1845234515108163,-0.49405310971021865,1.7910119704821383,-2.33023212042422e-08,0.9468860078918165
4300.0,0.00010386610288936085,0.1389215027716974,-1.1820426797413304,-0.4992821730195821,1.7910119704821383,-2.34816750489146e-08,0.9468039637413872
4300.0,0.00010379140239605594,0.13883172316619094,-1.183933552651148,-0.4991063949792895,1.7910119704821383,-2.3479267614757885e-08,0.9467215864695587
4300.0,0.00010385200845666416,0.13888246966608025,-1.1813891136576464,-0.49941891672666167,1.7910119704821383,-2.3451910408431943e-08,0.9466388411224997
4300.0,0.00010383086680761553,0.1388602199210875,-1.1830644526748175,-0.4987654903116053,1.7910119704821383,-2.34433749600586e-08,0.9465556927463783
4300.0,0.00010387737843552107,0.1389254975478648,-1.182692231760916,-0.4990167980655037,1.7910119704821383,-2.3465698440420167e-08,0.9464721063873626
4300.010000001639,0.00010387706778089988,0.1389254975478648,-1.182692231760916,-0.4990167980655037,1.7910119704821383,-2.3465515112335145e-08,0.946388047091621
4300.0099999997765,0.0001039108943885043,0.13896340035591317,-1.1859214501615514,-0.4970062004258823,1.7910119704821383,-2.341386487393384e-08,0.9463034799053217
4300.0,0.00010391472868217532,0.1389686166983802,-1.1805934333976646,-0.4997901878210128,1.7910119704821383,-2.3478720470631455e-08,0.9462183698746328
4300.0,0.00010385200845666177,0.13891062878951232,-1.1811345200134606,-0.4999528601771803,1.7910119704821383,-2.3502247668071605e-08,0.9461326820457227
4300.0099999997765,0.00010353244350488673,0.1385561055943152,-1.1798667328357655,-0.5036237590907195,1.7910119704821383,-2.362392053687396e-08,0.9460463814647596
4400.0,0.00010067720685112207,0.13841105155268207,-1.1486326420133635,-0.5391215080987821,1.7730776763715026,-2.411034597855613e-08,0.9459594331779116
4500.0,9.63959296947303e-05,0.1364346705338182,-1.102561062860877,-0.5893685158209672,1.7552561098371389,-2.4811306870742754e-08,0.9458718022313471
4500.0,9.639962997225032e-05,0.1364283960412085,-1.1035258655104148,-0.5883891712421353,1.7552561098371389,-2.4779244806997093e-08,0.9457834536712345
4500.0,9.63786617329669e-05,0.13642008153986354,-1.1026872112158639,-0.589195318068869,1.7552561098371389,-2.4814285313823088e-08,0.9456943525437417
4300.0,0.00010357011980268128,0.13856691776060562,-1.1800640036073349,-0.501661064365171,1.7910119704821383,-2.3526978582590342e-08,0.945513752771289
4500.0,9.633302497687806e-05,0.13637996792848256,-1.1009842423477456,-0.5905418103512301,1.7552561098371389,-2.485650912454845e-08,0.9454221842186654
4500.0,9.638174529756558e-05,0.13643477144739677,-1.1029695760900737,-0.5892815004442549,1.7552561098371389,-2.4829177529223992e-08,0.9453297232833349
4500.0,9.640209682393365e-05,0.13646405624684846,-1.1034857951267756,-0.5892894568238166,1.7552561098371389,-2.4837587250862162e-08,0.9452363350114653
4500.0,9.637187789084421e-05,0.13644251147350694,-1.1017069173477243,-0.5909436030893725,1.7552561098371389,-2.4886994365486704e-08,0.9451419844492253
4500.0,9.64631514030239e-05,0.1365366242385322,-1.1032734238242012,-0.5893807856951427,1.7552561098371389,-2.484214251674958e-08,0.9450466366427827
4500.0,9.633302497687806e-05,0.13637996792848256,-1.1009842423477456,-0.5905418103512301,1.7552561098371389,-2.485650912454845e-08,0.9449502566383059
4500.0,9.633672525439808e-05,0.13638827779116722,-1.1014845564030917,-0.5904070727108951,1.7552561098371389,-2.4857560339752868e-08,0.9448528094819634
4500.0,9.639901325933098e-05,0.13644936595161977,-1.1032037118256808,-0.5892033123221337,1.7552561098371389,-2.4822695035461258e-08,0.944754260219923
4500.0,9.633240826395872e-05,0.13638567968517964,-1.1009133665333966,-0.5909337555912432,1.7552561098371389,-2.4871926947551418e-08,0.9446545738983534
4500.0099999997765,9.640371047945988e-05,0.13647581053030386,-1.1036911717522033,-0.5894938830056419,1.7552561098371389,-2.4852850375173202e-08,0.9445537155634225
4500.0,9.631822386679401e-05,0.13637737497765937,-1.0992530435687333,-0.5924066808619324,1.7552561098371389,-2.491257393546943e-08,0.9444516502612986
4500.0,9.632747456059804e-05,0.1363884566637189,-1.1002595024166366,-0.5918894941888228,1.7552561098371389,-2.4902061783421894e-08,0.9443483430381501
4500.0,9.635337650324414e-05,0.13642298706950456,-1.100426632466063,-0.5916743411246681,1.7552561098371389,-2.490171137835358e-08,0.9442437589401449
4500.0,9.574961455442851e-05,0.13572470004718587,-1.0939071532455749,-0.5982787947553698,1.7552561098371389,-2.506219689961626e-08,0.9441378630134517
4500.0,9.574961455442851e-05,0.13572470004718587,-1.0939071532455749,-0.5982787947553698,1.7552561098371389,-2.506219689961626e-08,0.9440306203042383
4500.0,9.575208140610985e-05,0.13576235987006094,-1.0938783955964693,-0.5990277610423866,1.7552561098371389,-2.5119488128276117e-08,0.9439219958586731
4500.0099999997765,9.571847128912751e-05,0.13569572384050668,-1.0946748284088523,-0.5987668246233258,1.7552561098371389,-2.5084213925565077e-08,0.9438119547229245
4500.0,9.571631205673839e-05,0.13569605137028837,-1.094735450719352,-0.5981770233927496,1.7552561098371389,-2.507428587447107e-08,0.9437004619431606
4600.0,9.279833487512077e-05,0.13510540648069766,-1.0558763056536529,-0.6337264234635709,1.7375809016100932,-2.5237717658756138e-08,0.9435874825655497
4600.0,9.276480111008912e-05,0.1351164126165726,-1.0525432006407607,-0.6360877172608742,1.7375809016100932,-2.533612427394631e-08,0.9434729816362598
4600.0099999997765,9.272426257343998e-05,0.13505312621712098,-1.0545197616076676,-0.6354599801309935,1.7375809016100932,-2.5311932561221303e-08,0.9433569242014596
4600.0099999997765,9.263411796716956e-05,0.1349339475920199,-1.0558460397022107,-0.635471111437982,1.7375809016100932,-2.5301841440526705e-08,0.9432392753073168
3599.120000001043,0.00013947496128743466,0.14513615717520456,-1.1070028578418305,-0.03994932124262199,6.623650638563486,-2.372928255121833e-09,0.9428738345403582
3800.0,0.00012770242914980336,0.14686319797817926,-1.2565989712526962,-0.19265490378749403,1.548845827611395,-1.1374396515603333e-08,0.9427463500367498
3800.0,0.00012776518218624177,0.14696069778569112,-1.2572849982980703,-0.19373231185890757,1.548845827611395,-1.147827989933264e-08,0.942615995082325
4000.0,0.00011733797909407634,0.14337034594908737,-1.261828525058538,-0.3298815379949513,1.8768170172921117,-1.7940510992127518e-08,0.9424828177258655
4000.0,0.00011734668989547165,0.14341207045161694,-1.2639969342549473,-0.3292092152739695,1.8768170172921117,-1.7980558862578247e-08,0.9423468660161523
4000.0,0.0001174668989547013,0.1435581975979115,-1.2620558711247165,-0.3299524613324735,1.8724070302827447,-1.8014996914599874e-08,0.9422081880019669
4000.0099999997765,0.00011748415855137369,0.14359318381812003,-1.26262745186892,-0.32997668757418047,1.8768170172921117,-1.8041821138002445e-08,0.9420668317320913
4000.0099999997765,0.0001176720596380643,0.14379641774431512,-1.2662195658683366,-0.3267589166234659,1.8724070302827447,-1.7926096319953956e-08,0.9419228452553062
4000.0,0.00011751045296167153,0.14364616928835774,-1.2624631324507578,-0.33092886597723276,1.8768170172921117,-1.8122985919356066e-08,0.9417762766203935
4000.0,0.00011753135888501931,0.14371011641834971,-1.2619935289143553,-0.33390238696568436,1.8768170172921117,-1.8298448573547886e-08,0.9416271738761347
4000.0,0.00011729965156794425,0.14348352501670542,-1.2624597975913412,-0.33702922330137974,1.8768170172921117,-1.8481235157355545e-08,0.9414755850713109
4100.0,0.00011365529535694286,0.14303815593549252,-1.2457394067057044,-0.38162992542530894,1.8598862987351565,-2.001412512614953e-08,0.9413215582547039
4100.0,0.00011362450368689964,0.1430086618073059,-1.2439420049130117,-0.3830859957732195,1.8598862987351565,-2.0060901945473427e-08,0.941165141475095
4100.010000001639,0.00011365735314921401,0.14309407616720674,-1.2440299186147898,-0.3850911258958062,1.8598862987351565,-2.020653835507414e-08,0.9410063827812656
4100.0,0.0001136463819787734,0.14307105558222577,-1.2434311822668405,-0.38438515792813743,1.8598862987351565,-2.0167070592481528e-08,0.940845330221997
4100.0099999997765,0.00011370628280720737,0.14314291365004073,-1.2460225088649564,-0.383258615964514,1.8598862987351565,-2.01450032095549e-08,0.9406820318460711
4100.0099999997765,0.00011369569155273866,0.143142643864261,-1.2446896979642366,-0.38547960760267547,1.8598862987351565,-2.023348464642458e-08,0.940516535702269
4100.0099999997765,0.00011366244213857073,0.14311466654976096,-1.2434894751524292,-0.38648920875658127,1.8598862987351565,-2.0278110382525178e-08,0.9403488898393721
4100.0099999997765,0.00011370126176149795,0.14316461655457052,-1.2455118386830026,-0.38517083658124457,1.8598862987351565,-2.0255777940051145e-08,0.9401791423061622
4100.0,0.00011367636334170967,0.14315832710746895,-1.2435057701480463,-0.38742693594032873,1.8598862987351565,-2.0352612503775098e-08,0.9400073411514203
4100.0,0.00011367069119196377,0.14312932230539094,-1.2436092630292797,-0.385933765592997,1.8598862987351565,-2.027148971278282e-08,0.9398335344239281
4100.0,0.0001136658293493277,0.14314670276802252,-1.2426605736540906,-0.3879233831190603,1.8598862987351565,-2.0367069119196116e-08,0.9396577701724672
4100.0,0.00011367555303460127,0.14315495409763007,-1.2436043898330942,-0.38694066860160403,1.8598862987351565,-2.033235482611502e-08,0.9394800964458188
4100.0,0.00011375577343813507,0.14325061492349067,-1.2441530451245697,-0.3868806786521076,1.8598862987351565,-2.0341839102474052e-08,0.9393005612927642
4100.0,0.00011369419009804986,0.14318319933368087,-1.2430057330153437,-0.3881361630479646,1.8598862987351565,-2.0382999020265195e-08,0.9391192127620853
4100.0099999997765,0.00011379120597087775,0.14330440785301948,-1.243882336317381,-0.3875517964924131,1.8598862987351565,-2.0381006515792148e-08,0.9389360989025632
4100.0,0.00011391378332388032,0.14344588874037378,-1.241633405527551,-0.3880774432362299,1.8598862987351565,-2.039957348380468e-08,0.9387512677629796
4100.0099999997765,0.00011385181145834073,0.1434017143694185,-1.2388298714612052,-0.39023641949954857,1.8598862987351565,-2.049378753685924e-08,0.9385647673921156
4100.0,0.00011393890284418053,0.14349745350968107,-1.2417123141766748,-0.38909502004587826,1.8598862987351565,-2.0465042614787083e-08,0.9383766458387529
4100.0,0.00011394943683656233,0.14349994840290936,-1.2418590320077705,-0.3884634500378929,1.8598862987351565,-2.043299865194377e-08,0.9381869511516729
4100.0,0.00011393890284418036,0.14350851731249661,-1.2409181807448937,-0.38964821494582547,1.8598862987351565,-2.0496718256219407e-08,0.9379957313796572
4100.0,0.00011379223725792133,0.14333842939918406,-1.2364748593609955,-0.3914401084771799,1.8598862987351565,-2.053750985259733e-08,0.9378030345714871
4100.019999999553,0.00011359326813022651,0.14313464336911663,-1.2385968860572032,-0.39330880063708645,1.8598862987351565,-2.0645570261181948e-08,0.9376089087759439
4100.0,0.0001135815574102605,0.14314022794036624,-1.237498900564153,-0.39473820428609824,1.8598862987351565,-2.071467245176807e-08,0.9374134020418092
4100.0,0.00011340491046106503,0.1429442867193057,-1.239256527335568,-0.3963897137199169,1.8598862987351565,-2.0796163564172398e-08,0.9372165624178646
4200.019999999553,0.00011047832823981239,0.14311512530796966,-1.2202278577470922,-0.4326453531479408,1.8427753046520867,-2.173856004402271e-08,0.9370184379528911
4300.0,0.00010547004933051755,0.14083297951258883,-1.1824394771312987,-0.49140622769366166,1.8255645656200883,-2.3312279227345106e-08,0.9368190766956707
4300.0,0.00010549119097956617,0.14084745020173364,-1.1819171461370357,-0.4910011450398782,1.8255645656200883,-2.3282733444513115e-08,0.9366185266949845
4300.0,0.00010547216349542288,0.14083280499961376,-1.1827773486822897,-0.49090089822409777,1.8255645656200883,-2.3294880044121585e-08,0.936416835999614
4300.019999999553,0.00010546260901090844,0.14081016714444802,-1.1825149831044397,-0.49112227834954325,1.8255645656200883,-2.3281894320502857e-08,0.9362140526583406
4300.0,0.00010558985200845857,0.1409723482099624,-1.1817109339155951,-0.491736269904831,1.8255645656200883,-2.3316875238007635e-08,0.9360102247199459
4300.0,0.0001044989429175502,0.13975532076767344,-1.178449582260485,-0.5009380267789997,1.7910119704821383,-2.36440674256652e-08,0.9358054002332112
4300.0,0.00010463072586328734,0.1399082661556823,-1.1774512264113839,-0.5007725330752532,1.7910119704821383,-2.363782998262275e-08,0.9355996272469181
4300.0,0.00010449823819591548,0.13974901051815505,-1.1784827049024338,-0.5005660341075401,1.7910119704821383,-2.362688710009242e-08,0.935392953809848
4500.0,9.690533456676357e-05,0.1371580561511054,-1.1010976616116357,-0.5902343454014822,1.7552561098371389,-2.4966711518515714e-08,0.9351854279707823
4500.0,9.691150169596493e-05,0.13717134107237644,-1.0983935884070715,-0.5910465041494055,1.7552561098371389,-2.4983355759258e-08,0.9349770977785025
3039.300000000745,-3.6621664398948266e-10,4.056069291831209e-05,605.9184722450585,-4.910106441502297,0.019178266564071823,1.3773692540974181e-12,0.9347680112817899
4500.0,9.691088498304359e-05,0.13711579964423248,-1.1024076385661397,-0.588540952860627,1.7552561098371389,-2.4870875732346726e-08,0.9345582165294261
4500.0099999997765,9.654934757967662e-05,0.1367403141965458,-1.0957652847005834,-0.5948266362389151,1.7552561098371389,-2.5063132869991017e-08,0.9343477615701925
4500.0,9.64218316373764e-05,0.13662810343169893,-1.0891029140138078,-0.5996509584940619,1.7552561098371389,-2.5200606901578387e-08,0.9341366944528705
4500.0,9.639901325933098e-05,0.13657981864061544,-1.0887944336881759,-0.5987810561241949,1.7552561098371389,-2.515698147058026e-08,0.9339250632262417
4600.0,9.36054579093487e-05,0.1361839474022719,-1.0539865028434412,-0.6322884656195892,1.7375809016100932,-2.532109976275435e-08,0.9337129159390873
4600.0,9.326318223867267e-05,0.13580717679561413,-1.0475045378269152,-0.6379196712881502,1.7375809016100932,-2.546284933955068e-08,0.9335003006401891
4600.0,9.326318223867267e-05,0.13580717679561413,-1.0475045378269152,-0.6379196712881502,1.7375809016100932,-2.546284933955068e-08,0.9332872653783282
4600.0099999997765,9.31474488141472e-05,0.13570506941503654,-1.0428503897102175,-0.6409321121970175,1.7375809016100932,-2.55566067738126e-08,0.9330738582022863
4600.0,9.30839500462564e-05,0.1356242632996017,-1.0417974207094594,-0.641443579488744,1.7375809016100932,-2.555590691410685e-08,0.9328601271608447
4600.0,9.306082331175314e-05,0.13558541654760864,-1.0441250696639852,-0.6406886527024287,1.7375809016100932,-2.5535454699918752e-08,0.9326461203027848
4500.0,9.681652790626323e-05,0.13709328958161734,-1.0938693308969738,-0.5948735320918217,1.7552561098371389,-2.5104946317943913e-08,0.9324318856768882
4600.0,9.292900092507305e-05,0.135449329323039,-1.0399241891616822,-0.6438066834788331,1.7375809016100932,-2.561616228359944e-08,0.9322174713319362
4500.0,9.695590502621309e-05,0.13729164978777583,-1.090025805065716,-0.5967295763723595,1.7552561098371389,-2.5173100103720143e-08,0.9320029253167105
4500.0,9.668023435091205e-05,0.13696498547576613,-1.0884534308248959,-0.599070382011429,1.7552561098371389,-2.5224259243685785e-08,0.9317882956799922
4500.0,9.669380203515744e-05,0.13697886045868685,-1.0900861031015265,-0.5980012873609997,1.7552561098371389,-2.5198854876237054e-08,0.931573630470563
4500.0,9.665063213074394e-05,0.1369448159248669,-1.0869495300123317,-0.599525724396101,1.7552561098371389,-2.5247736383259222e-08,0.9313589777372043
4500.0,9.669380203515744e-05,0.13697886045868685,-1.0900861031015265,-0.5980012873609997,1.7552561098371389,-2.5198854876237054e-08,0.9311443855286975
4500.0,9.67382053654056e-05,0.13704575384645457,-1.0894182081931174,-0.5985233605836318,1.7552561098371389,-2.522583606649291e-08,0.930929901893824
4500.0,9.668331791551273e-05,0.13696462394560283,-1.0888413709156863,-0.5986034966380437,1.7552561098371389,-2.5209717433353214e-08,0.9307155748813654
4500.0,9.672648781992223e-05,0.1370312069961484,-1.0883098243542797,-0.5989936348658558,1.7552561098371389,-2.5233369775460513e-08,0.930501452540103
4600.0,9.401827012026415e-05,0.13674738521650895,-1.0521038055500669,-0.6316243706207824,1.7375809016100932,-2.5377972650669728e-08,0.9302875829188183
4600.0,9.401827012026415e-05,0.13674738521650895,-1.0521038055500669,-0.6316243706207824,1.7375809016100932,-2.5377972650669728e-08,0.9300740140662929
4500.0,9.67641073080497e-05,0.13708034422537343,-1.0895818874247252,-0.5983112274829141,1.7552561098371389,-2.522548566142477e-08,0.9298607940313078
4600.0,9.399167437558294e-05,0.13673051951785525,-1.0509340862288024,-0.6323931298098202,1.7375809016100932,-2.5406369763446172e-08,0.9296479708626451
4600.0,9.408996299722955e-05,0.13683884185474543,-1.0522535505241668,-0.6315614512601092,1.7375809016100932,-2.5380175196812955e-08,0.9294355926090857
4600.009999997914,9.396024929652672e-05,0.13670808620035052,-1.0475883308581129,-0.6342955308239804,1.7375809016100932,-2.545742507812603e-08,0.9292237073194114
4600.0,9.363899167438035e-05,0.13629818144263647,-1.0459969319739726,-0.6364667906275113,1.7375809016100932,-2.5473154109006892e-08,0.9290123630424032
4600.0,9.384366327475e-05,0.136569724121842,-1.0519783035412693,-0.633675069311087,1.7375809016100932,-2.5457500298916966e-08,0.9288016078268432
4600.010000001639,9.37058351936184e-05,0.13641527309837823,-1.0474523784827998,-0.6364319984416779,1.7375809016100932,-2.551500784291062e-08,0.9285914897215123
4600.0,9.372224791859847e-05,0.13640790165409242,-1.0483066524556435,-0.635082628558522,1.7375809016100932,-2.5458680234350614e-08,0.928382056775192
4600.0,9.350948196115038e-05,0.1361587879689211,-1.0465135737460656,-0.6376948241973859,1.7375809016100932,-2.5520351526364255e-08,0.9281733570366641
4600.0,9.351988899167694e-05,0.13617036793180343,-1.0476603804306674,-0.6375073472428747,1.7375809016100932,-2.5516339745888717e-08,0.9279654385547099
4600.0,9.361239592969913e-05,0.13631402839977771,-1.0440226198212699,-0.6386108801343042,1.7375809016100932,-2.5562750539623454e-08,0.9277583493781106
4600.010000001639,9.351148942654911e-05,0.13618159707557287,-1.046840433390473,-0.638060623319862,1.7375809016100932,-2.554894255483901e-08,0.9275521375556479
4600.0,9.351063829788021e-05,0.13617856400732514,-1.0466802248283031,-0.6381482692494735,1.7375809016100932,-2.554890596386561e-08,0.927346851136103
4600.0,9.344357076780924e-05,0.13609586393903972,-1.0453613542328002,-0.6391848731596316,1.7375809016100932,-2.5563222513797553e-08,0.9271425381682578
4600.0,9.342622571693043e-05,0.13608109284462425,-1.0454719355538307,-0.6390001285483292,1.7375809016100932,-2.5565975696476762e-08,0.9269392467008934
4800.0,8.640510204081881e-05,0.13302935267627747,-0.9406281173304389,-0.7243473314093615,1.660277246638819,-2.5803491609409928e-08,0.9267370247827912
4800.010000001639,8.64436500121409e-05,0.13307579294021393,-0.9417993525936259,-0.7235724444290194,1.660277246638819,-2.5789811932455347e-08,0.9265359204627329
4800.0,8.635918367347032e-05,0.13297344499872876,-0.9383606201371983,-0.7248140308496961,1.660277246638819,-2.5806109677913675e-08,0.9263359817894998
4800.0,8.65285714285705e-05,0.13316711791022975,-0.9469399277649702,-0.7203952814613257,1.660277246638819,-2.5731143521238304e-08,0.9261372568118733
4800.009999997914,8.640202736194008e-05,0.13299618300491772,-0.9422468887324738,-0.7226349122574343,1.660277246638819,-2.574883835335902e-08,0.9259397935786349
4800.0,8.654897959183736e-05,0.13320014606435177,-0.9428876621431637,-0.721657799457551,1.664497779200461,-2.575362059717503e-08,0.9257436401385661
4800.010000001639,8.63509804692744e-05,0.13298430933990768,-0.9375902901512845,-0.7259546506508018,1.660277246638819,-2.5842362174712715e-08,0.9255488445404483
4800.019999995828,8.635666559716646e-05,0.13297884530751403,-0.9382314017016444,-0.7251727846108602,1.660277246638819,-2.5818403744696805e-08,0.9253554548330628
4800.0,8.636938775510297e-05,0.13299287101757226,-0.938808053300114,-0.7250496206142949,1.660277246638819,-2.581888074378666e-08,0.9251635190651915
4900.010000001639,8.357010077971391e-05,0.13210561791882397,-0.8868038538908856,-0.7609131714807842,1.8563194347591268,-2.5690939279455458e-08,0.9249730852856153
4900.0,8.349819927971475e-05,0.13200397180171733,-0.8900305886225137,-0.7605550040394653,1.8563194347591268,-2.5678617600886624e-08,0.924784201543116
4900.019999999553,8.351238564570815e-05,0.13203519784280163,-0.8874053686858221,-0.7617021602825432,1.8563194347591268,-2.5704349082365178e-08,0.924596915886475
5000.0,8.066515837104337e-05,0.13089820322618323,-0.8358820602227972,-0.7964760624223136,1.8361047774250925,-2.54653559537024e-08,0.9244112763644735
5000.0,8.060361990950543e-05,0.13079863583866203,-0.8332917156853239,-0.7969768855770244,1.8361047774250925,-2.5448036979668608e-08,0.9242273310258933
5000.0,8.063529411764758e-05,0.13085088055178115,-0.8332172180782362,-0.7971043097789562,1.8361047774250925,-2.5461400815769054e-08,0.9240451279195155
5000.0,8.065339366516022e-05,0.13088126934999786,-0.8345652408323536,-0.7969109967552349,1.8361047774250925,-2.546784751636513e-08,0.9238647150941219
5000.010000001639,8.059794838062696e-05,0.13086593948635789,-0.8299633263134707,-0.799720941034833,1.8361047774250925,-2.554276047437524e-08,0.9236861405984937
5000.0,8.064434389140457e-05,0.1308979875217909,-0.8347084228679451,-0.7971558088445649,1.8361047774250925,-2.549283283705353e-08,0.9235094524814126
5000.0,8.058009049773915e-05,0.13079592846094562,-0.830540988024115,-0.7990464812173607,1.8361047774250925,-2.5495359246746676e-08,0.9233346987916597
5000.010000001639,8.062607829290368e-05,0.13083989617609978,-0.8324595068469698,-0.7974846496483199,1.8361047774250925,-2.546543834203815e-08,0.9231619275780166
5000.010000001639,8.066241668537462e-05,0.13089331383933697,-0.8358225292808297,-0.7963799709333598,1.8361047774250925,-2.5461318553100925e-08,0.922991186889265
5000.0,8.077375565610992e-05,0.13107225069388564,-0.8364088529066303,-0.7958807595310732,1.8361047774250925,-2.548765805306158e-08,0.9228225247741858
5000.009999997914,8.059807093122787e-05,0.13084607331502465,-0.8301358394707599,-0.7987774035827946,1.8361047774250925,-2.5513514779599162e-08,0.9226559892815609
5000.0,8.058733031674446e-05,0.13082665975236396,-0.8285459194692697,-0.7998785147465295,1.8361047774250925,-2.5521738448645246e-08,0.9224916284601716
5000.0,8.024524886877986e-05,0.13038655951424133,-0.8215423355190157,-0.8040896691484779,1.8361047774250925,-2.5556341549682372e-08,0.9223294903587994
5100.010000001639,7.802520334813037e-05,0.1299513657722125,-0.7724167235543753,-0.8341019934392505,1.816254760421428,-2.5251515003174978e-08,0.9221696230262258
5000.010000001639,8.028299999283646e-05,0.13044405006008686,-0.8240892954104284,-0.8032630500644515,1.8361047774250925,-2.5556825775242318e-08,0.9220120745112321
5100.0,7.802527106633827e-05,0.1299513657722125,-0.7724167235543753,-0.8341019934392505,1.816254760421428,-2.5251714619084425e-08,0.9218568928625998
5000.0,8.043438914027282e-05,0.13065594093634164,-0.8255660142589787,-0.8021442247002726,1.8361047774250925,-2.5564826801548004e-08,0.9217041261291102
5100.0,7.802911295142296e-05,0.12994936216464667,-0.7728025873034068,-0.8336837680793083,1.816254760421428,-2.5241991329671902e-08,0.9215538223595451
5100.0,7.80244173140978e-05,0.1299770892910484,-0.7728348598737167,-0.8341107014285642,1.816254760421428,-2.5272963563751975e-08,0.9214060296026856
5100.0,7.802100230513399e-05,0.12993944523064455,-0.7716199455771533,-0.8342160082169208,1.816254760421428,-2.5248394471480272e-08,0.9212607959073135
5100.0,7.801844104840922e-05,0.12998726007884562,-0.7723307689098142,-0.8345671804255317,1.816254760421428,-2.5292030697136368e-08,0.9211181693222098
5100.0,7.766669512507519e-05,0.1295146235271935,-0.7651956583168822,-0.8393882745160854,1.8264868561068026,-2.531811757116988e-08,0.9209781978961562
5100.010000001639,7.762988811903637e-05,0.12944769554670704,-0.7663295490137307,-0.8388043329334115,1.8264868561068026,-2.5295038878849048e-08,0.9208409296779343
5100.0,7.743532826774028e-05,0.1291756494711353,-0.7640331551543937,-0.8410843400222832,1.8264868561068026,-2.5297248071942976e-08,0.9207064127163253
5100.0,7.743532826773914e-05,0.12920437585107128,-0.7645558365819789,-0.840940799417594,1.8264868561068026,-2.5318591877970487e-08,0.9205746950601107
5100.0,7.74741739947082e-05,0.12924279272785993,-0.766945907407484,-0.8397583350435411,1.8264868561068026,-2.5297010918542706e-08,0.9204458247580721
5100.0,7.750149406642437e-05,0.12928292048608658,-0.763897422604289,-0.8408759761318761,1.8264868561068026,-2.5313421933843804e-08,0.9203198498589907
5100.0,7.746819772902075e-05,0.1292253445272056,-0.763144936698203,-0.8408365714127091,1.8264868561068026,-2.5298338977584413e-08,0.9201968184116481
5200.0,7.525399129173281e-05,0.12865942429564617,-0.7121123767413695,-0.8706183730445858,1.8068088209873383,-2.4944484544928704e-08,0.9200767784648257
5200.0,7.524754071924132e-05,0.12865719350183186,-0.7117505288909709,-0.8708526172326049,1.8068088209873383,-2.4949745038535178e-08,0.9199597780673051
5200.009999997914,7.526515780854318e-05,0.12867913877049772,-0.7110233311773917,-0.8707007357190335,1.8068088209873383,-2.494625235147676e-08,0.9198458652678675
5200.010000001639,7.520551663519815e-05,0.12861235790808115,-0.708311982912468,-0.8723284829295006,1.8068088209873383,-2.4967477159495064e-08,0.9197350881152945
5200.0,7.52072246411894e-05,0.1286020430872384,-0.7081750543376426,-0.8722150938431543,1.8068088209873383,-2.495776513534554e-08,0.9196274946583675
5200.009999997914,7.52586827532491e-05,0.1286852913467525,-0.7087847758419299,-0.8719847441005344,1.8068088209873383,-2.49701129656702e-08,0.9195231329458678
5200.0,7.489598451862897e-05,0.1281972129148258,-0.7007119665557999,-0.8769432419292978,1.8068088209873383,-2.499243265059021e-08,0.9194220510265774
5300.010000001639,7.268942853376613e-05,0.1274875982239389,-0.6496221007308107,-0.906243073542558,1.7875017436907372,-2.4570974674251954e-08,0.9193242969492771
5100.0,7.799624349014137e-05,0.12997528480689513,-0.7693925977324834,-0.8365049751719934,1.816254760421428,-2.5326085925420118e-08,0.9192299187627485
5100.0,7.799410910953861e-05,0.1299829943048185,-0.7693888800388642,-0.8367449545242154,1.816254760421428,-2.5336473244353568e-08,0.9191389645157735
5100.009999997914,7.793846988925268e-05,0.12986877441140024,-0.7766429737320473,-0.8341803502196519,1.816254760421428,-2.527842461164096e-08,0.9190514822571328
5100.0,7.799410910953861e-05,0.1299829943048185,-0.7693888800388642,-0.8367449545242154,1.816254760421428,-2.5336473244353568e-08,0.9189675200356084
5100.010000001639,7.794494730831858e-05,0.12989520082584552,-0.7709737023167698,-0.836192225320949,1.816254760421428,-2.531182572603695e-08,0.9188871258999818
5400.009999997914,6.990455741723647e-05,0.12581362946942348,-0.581248479296923,-0.9439183909322731,1.7685626790454516,-2.41217292405976e-08,0.9188103478990339
5400.019999999553,6.990306717121728e-05,0.12579729030928394,-0.5846145811330339,-0.9425165984375133,1.7685626790454516,-2.410116190127832e-08,0.9187372340815466
5400.0,6.989610389610683e-05,0.12580641427230127,-0.5839931482813872,-0.9429868582859289,1.7685626790454516,-2.4117039310683714e-08,0.9186678324963015
5400.0,6.98939393939433e-05,0.12581656520827497,-0.5841336210159009,-0.9430708168884827,1.7685626790454516,-2.4125744607373195e-08,0.9186021911920795
5400.0,7.004473304473598e-05,0.12603166188692358,-0.5799401807513171,-0.9430951970976642,1.7685626790454516,-2.4139322004267407e-08,0.9185403582176623
5400.0,6.995815295815589e-05,0.12591263338438785,-0.5778842252363368,-0.9445342736392963,1.7685626790454516,-2.4143477619147954e-08,0.9184823816218316
5400.0,6.989321789322083e-05,0.12579507947531984,-0.5797671455970153,-0.9443325044924146,1.7685626790454516,-2.4121696465291095e-08,0.9184283094533684
5400.010000001639,6.987066309489082e-05,0.12574574850066816,-0.5826143905419627,-0.9432626229812789,1.7685626790454516,-2.410015849804386e-08,0.9183781897610545
5400.0,6.993001443001736e-05,0.12590838152688866,-0.5795227535335759,-0.9443572967116409,1.7685626790454516,-2.416343173542762e-08,0.9183320705936713
3599.210000000894,0.00014195985875742808,0.1477423929346186,-1.0829134663776434,-0.033347166097091534,6.6233065911707625,-2.0104208335877317e-09,0.9182117614370815
4100.009999997914,0.00011429537571110787,0.14380607021412461,-1.2392421397419657,-0.3823972782598521,1.8598862987351565,-2.0066366696176677e-08,0.9181739818874343
4100.009999997914,0.00011447915463636446,0.1440058413610684,-1.2446437783720985,-0.37940158963932263,1.8598862987351565,-1.997069851680221e-08,0.9181370716862561
4100.0,0.00011443400048618598,0.14398399099616027,-1.2401696681905077,-0.3835737471399621,1.8598862987351565,-2.0144510905996832e-08,0.9181010129789934
4100.020000003278,0.00011452723105226381,0.14411790445074923,-1.239386988994029,-0.384316964982106,1.8598862987351565,-2.0208476323165047e-08,0.9180657879110916
4100.0,0.00011472976258001955,0.14435155981942027,-1.2405672789466726,-0.3836195579787621,1.8598862987351565,-2.0194326376969538e-08,0.9180313786279967
4100.0,0.00011467547200389004,0.14430203073530254,-1.2386771291512317,-0.3848696408576889,1.8598862987351565,-2.0250219151239827e-08,0.9179977672751548
4100.0,0.00011469491937444579,0.1443513526369951,-1.238637279550422,-0.3850322685264028,1.8598862987351565,-2.030086334538948e-08,0.9179649359980117
4100.0,0.00011468843691759436,0.14434920435898105,-1.2392530278190048,-0.3852056022981015,1.8598862987351565,-2.031458331798655e-08,0.9179328669420135
4100.0,0.00011464387002674273,0.144302358718447,-1.2392159420325926,-0.38570890664314095,1.8598862987351565,-2.0342944066710116e-08,0.9179015422526058
4100.0,0.00011472246981606419,0.1444193568701652,-1.2391641777203435,-0.38607185063574667,1.8598862987351565,-2.039506154650796e-08,0.9178709440752346
4100.0,0.00011473462442265848,0.14444696087626055,-1.239610881471688,-0.38711657478655437,1.8598862987351565,-2.0452243445720186e-08,0.917841054555346
4100.0,0.00011469735029576526,0.14439105985110204,-1.2382091227533112,-0.38704124790252104,1.8598862987351565,-2.042655302723335e-08,0.9178118558383859
4400.009999997914,0.00010100625125724414,0.13894411710024895,-1.1356308214869302,-0.5488694644714053,1.7730776763715026,-2.4505478907484832e-08,0.9177833300698001
4500.0,9.817267961764038e-05,0.13870659437702126,-1.100057088334476,-0.5838884577376701,1.7552561098371389,-2.486246601070861e-08,0.9177554593950343
4500.010000001639,9.816991073293227e-05,0.1387145210765187,-1.0997019881062229,-0.584702720229543,1.7552561098371389,-2.4892797914093252e-08,0.9177282259595351
4500.0,9.80918902251054e-05,0.13863665366392267,-1.0968318870258964,-0.586671308307205,1.7552561098371389,-2.4944285594146982e-08,0.9177016119087477
4500.0,9.813135985199289e-05,0.13868084515027382,-1.0994207196264298,-0.5852963692634912,1.7552561098371389,-2.4918005214027587e-08,0.9176755993881183
4500.010000001639,9.750280104763308e-05,0.13797329609305792,-1.0922058935387224,-0.5934532994512968,1.7552561098371389,-2.514075641342266e-08,0.917650170543093
4500.009999997914,9.738420352659079e-05,0.13781507773888144,-1.091503769580372,-0.5937455509588134,1.7552561098371389,-2.5122475563055785e-08,0.9176253075191173
4500.0,9.748072772124776e-05,0.13795973122478,-1.0928293446573591,-0.5941538667045707,1.7552561098371389,-2.5173100103720037e-08,0.9176009924616375
4500.0,9.740733888375481e-05,0.1378636937980151,-1.0875896939857237,-0.5957930544961567,1.7552561098371389,-2.5183086648165482e-08,0.9175772075160994
4600.010000001639,9.463660309385207e-05,0.13751210526143517,-1.0551815080773979,-0.6280676291744902,1.7375809016100932,-2.5332228465782006e-08,0.9175539348279488
4600.0,9.47236355226675e-05,0.1376441066392127,-1.0533389068832626,-0.6286158035502717,1.7375809016100932,-2.5366330621054804e-08,0.9175311565426318
4600.0,9.470975948196865e-05,0.1376362902040323,-1.0520684942257728,-0.6286975727648038,1.7375809016100932,-2.5375140805628513e-08,0.9175088548055941
4600.0,9.474907493062457e-05,0.1376863030183211,-1.0511406028382078,-0.62941732284772,1.7375809016100932,-2.5389929329733487e-08,0.9174870117622819
4600.0,9.48265494912144e-05,0.1378019298772367,-1.0521618962079977,-0.6295805676390942,1.7375809016100932,-2.5422574210072306e-08,0.917465609558141
4600.0,9.49179000925106e-05,0.1379200857245002,-1.0514973646594397,-0.6297177793767553,1.7375809016100932,-2.5434924200947514e-08,0.9174446303386172
4600.0,9.475716928770098e-05,0.13771591239010628,-1.0500549189357713,-0.6303218651000657,1.7375809016100932,-2.5432485667717348e-08,0.9174240562491565
4600.019999999553,9.476006622735552e-05,0.1377482957044214,-1.0479129224946804,-0.6317439325656311,1.7375809016100932,-2.548619259631425e-08,0.9174038694352047
4600.010000001639,9.476621944127987e-05,0.137726998731053,-1.0510783073389791,-0.6298142693440757,1.7375809016100932,-2.5422783765024275e-08,0.9173840520422081
4600.0,9.475485661425084e-05,0.13771997625395335,-1.0507658674646263,-0.6302486437680266,1.7375809016100932,-2.5439565280321033e-08,0.9173645862156121
4600.0,9.495721554116852e-05,0.1379793084006295,-1.0508970234949344,-0.6290941447116647,1.7375809016100932,-2.543162038173262e-08,0.917345454100863
4600.0,9.478029602220589e-05,0.13777753590010572,-1.0484206395592532,-0.6317522710778356,1.7375809016100932,-2.549447160918034e-08,0.9173266378434066
4600.0,9.470629047179051e-05,0.13770644412973793,-1.04785617057246,-0.6326228889942808,1.7375809016100932,-2.553238686779048e-08,0.9173081195886887
4600.0,9.478029602220424e-05,0.13777753590010572,-1.0484206395592532,-0.6317522710778356,1.7375809016100932,-2.5494471609179926e-08,0.9172898814821555
4500.0,9.821214924452988e-05,0.13875253229181556,-1.1045140310781247,-0.581756331914018,1.7552561098371389,-2.482094301011979e-08,0.9172719056692527
4600.009999997914,9.50217017483216e-05,0.13804177262634765,-1.0541919640890218,-0.6270501786716176,1.7375809016100932,-2.5377679786247505e-08,0.9172541742954261
4600.0,9.493871415356555e-05,0.13798910654292373,-1.0487764116276483,-0.631088638179149,1.7375809016100932,-2.550493370336098e-08,0.9172366695061219
4600.0,9.492483811286286e-05,0.13798466511748902,-1.047158426817575,-0.6322162778058638,1.7375809016100932,-2.5540174441654356e-08,0.917219373446786
4600.0,9.496530989824676e-05,0.13805100010828367,-1.048397078739561,-0.6318261725772183,1.7375809016100932,-2.5550479211110698e-08,0.9172022682628641
4600.0,9.490980573543419e-05,0.1379891467665009,-1.0459043942218729,-0.6332413324866276,1.7375809016100932,-2.558273077963808e-08,0.9171853360998022
4600.009999997914,9.492356485901427e-05,0.1380211241524407,-1.0452285266312202,-0.6331205307976934,1.7375809016100932,-2.5593789237818724e-08,0.9171685591030463
4600.0,9.48670212765983e-05,0.13793736260962905,-1.0440510794460287,-0.6331467073578515,1.7375809016100932,-2.557289798435532e-08,0.9171519194180423
4600.010000001639,9.493609714532802e-05,0.13805022949977264,-1.0452715571430173,-0.6339164624281555,1.7375809016100932,-2.56273343058545e-08,0.917135399190236
4600.0,9.485198889917147e-05,0.1379216753419842,-1.0423626681859433,-0.6341494883298805,1.7375809016100932,-2.5594215484528366e-08,0.9171189805650735
4600.0,9.485083256244732e-05,0.13792682973510653,-1.0422495338177893,-0.6345339611582946,1.7375809016100932,-2.5608610696822387e-08,0.9171026456880006
5000.010000001639,8.128934299296994e-05,0.13182849821330928,-0.8273898930442121,-0.7975892714589011,1.8361047774250925,-2.5602453390648527e-08,0.9170863767044631
5000.0,8.14235294117655e-05,0.13201524867360195,-0.8283548283489219,-0.7965775050407498,1.8361047774250925,-2.560436075736534e-08,0.9170701557599072
5000.009999997914,8.128856125472123e-05,0.13187315949835451,-0.8260724827607064,-0.7990792250953596,1.8361047774250925,-2.5658269272450262e-08,0.9170539649997788
5000.0,8.119457013574793e-05,0.13172945834580221,-0.8253695912883976,-0.7994144846050861,1.8361047774250925,-2.563762224773802e-08,0.9170377865695236
5000.0,8.117104072398428e-05,0.13170845998405936,-0.8240638013665573,-0.7998591012451518,1.8361047774250925,-2.5649330849901728e-08,0.9170216026145874
5000.019999999553,8.109736827775455e-05,0.13161118314722264,-0.8233491063484739,-0.8007645956310254,1.8361047774250925,-2.5655806902612793e-08,0.9170053952804167
5000.009999997914,8.11654435561319e-05,0.13169524832495882,-0.8256336072144652,-0.799254816493655,1.8361047774250925,-2.5637860168839295e-08,0.9169891467124569
5000.0,8.115203619909702e-05,0.13167487589201096,-0.8243790306829819,-0.7995987169545544,1.8361047774250925,-2.563760482422326e-08,0.9169728390561539
5000.0,8.122714932126855e-05,0.13180732223999714,-0.8219520294112295,-0.8007335015412794,1.8361047774250925,-2.5683829409848173e-08,0.916956454456954
5000.010000001639,8.11753559029731e-05,0.1317212148113301,-0.8203608887250002,-0.8007566353567797,1.8361047774250925,-2.566097955304834e-08,0.9169399750603027
5000.019999999553,8.137336434378422e-05,0.13199974153272384,-0.823436133403419,-0.7992127592894188,1.8361047774250925,-2.567360558565913e-08,0.9169233830116462
5000.0,8.12814479638025e-05,0.1318907688276962,-0.825448033761699,-0.7997601245588983,1.8361047774250925,-2.568964886389972e-08,0.9169066604564304
5000.009999997914,8.131747935211747e-05,0.1319310693461686,-0.8260242073993576,-0.7991451212856214,1.8361047774250925,-2.567897929879976e-08,0.9168897895401011
5000.0,8.120090497737741e-05,0.13175995999856538,-0.8215926253898829,-0.8003300388316293,1.8361047774250925,-2.5662694686002234e-08,0.9168727524081044
5000.0,8.114117647059114e-05,0.13169481059348892,-0.8234503603296139,-0.8007428885213403,1.8361047774250925,-2.567966518973349e-08,0.9168555312058859
5000.009999997914,8.132201949026608e-05,0.13196549757046205,-0.8228879367388009,-0.8007802588228335,1.8361047774250925,-2.5719745351576218e-08,0.916838108078892
5000.0,8.134208144796592e-05,0.13197014219653083,-0.825180268361656,-0.7991367155829688,1.8361047774250925,-2.5683115045728033e-08,0.9168204651725681
5000.0,8.119638009049959e-05,0.13180295750795257,-0.8198201048270946,-0.8024163878575813,1.8361047774250925,-2.5730768359593557e-08,0.9168025846323604
5000.0,8.122624434389272e-05,0.1318311159675701,-0.8223301715911076,-0.8008895674791959,1.8361047774250925,-2.5706427708964544e-08,0.9167844486037148
5000.0,8.119457013574793e-05,0.13178811276692098,-0.8194756440072561,-0.8020165150875397,1.8361047774250925,-2.5715261431132656e-08,0.916766039232077
5000.0,8.115656108597497e-05,0.1317423004410133,-0.8166805546626246,-0.8033217534531509,1.8361047774250925,-2.5729304784323372e-08,0.9167473386628933
5000.0,8.121628959276123e-05,0.13183636321844852,-0.820642803937365,-0.8024478475938356,1.8361047774250925,-2.574181486818249e-08,0.9167283290416094
5000.0,8.124072398190205e-05,0.13184085177242466,-0.8234432030324017,-0.8004066116211429,1.8361047774250925,-2.569559028255719e-08,0.9167089925136711
5000.0,8.121266968325924e-05,0.13182938468591396,-0.8206579337516935,-0.8022965164611559,1.8361047774250925,-2.5736378731463684e-08,0.9166893112245247
4900.009999997914,7.915268977336232e-05,0.12653139644259956,-0.8127788020458966,-0.8167193578128717,1.8669608142719165,-2.6219115808191313e-08,0.9166692673196155
5000.0,8.11900452488701e-05,0.13179746494036182,-0.8180779559374916,-0.8031894962035827,1.8361047774250925,-2.5742459538242077e-08,0.9166488429443902
5100.0,7.893622470759132e-05,0.13133388650150335,-0.7686733252323141,-0.8328676766173896,1.816254760421428,-2.5425595492188405e-08,0.916628020244294
5100.0,7.890847775975804e-05,0.13129999012083565,-0.7667500112087855,-0.8337503603289762,1.816254760421428,-2.54347496134401e-08,0.9166067813647732
5100.0,7.893280969862864e-05,0.13132492833583917,-0.7681003868884875,-0.8329204418676439,1.816254760421428,-2.5422749651384564e-08,0.9165851084512738
5100.0,7.890677025527485e-05,0.131322423098443,-0.7670071817864565,-0.8338968228753046,1.816254760421428,-2.545580883538734e-08,0.9165629836492414
5100.0,7.893622470759132e-05,0.13133388650150335,-0.7686733252323141,-0.8328676766173896,1.816254760421428,-2.5425595492188405e-08,0.9165403891041222
5000.009999997914,8.130653384493441e-05,0.13197823349949442,-0.8174284620499557,-0.8028210239457206,1.8361047774250925,-2.5765034536259312e-08,0.9165173069613618
5100.010000001639,7.890655559050007e-05,0.131322423098443,-0.7670071817864565,-0.8338968228753046,1.816254760421428,-2.545577712830164e-08,0.9164937193664064
5100.009999997914,7.895951310584523e-05,0.131378414160739,-0.7678830696204737,-0.8334206178783532,1.816254760421428,-2.5444493539694465e-08,0.9164696084647019
5100.0,7.90130624092903e-05,0.1314546874083575,-0.7693855808099332,-0.8324449764751362,1.816254760421428,-2.5440868171167975e-08,0.9164449564016942
5100.0,7.891701528216658e-05,0.13134526564915264,-0.7666267998189924,-0.8344111100583838,1.816254760421428,-2.5471176375726994e-08,0.9164197453228291
5100.0,7.890677025527598e-05,0.131322423098443,-0.7670071817864565,-0.8338968228753046,1.816254760421428,-2.545580883538721e-08,0.9163939573735526
5100.0,7.888841458209048e-05,0.13128906083992406,-0.767331440506859,-0.8336404894722921,1.816254760421428,-2.5444567764212817e-08,0.9163675746993105
5100.0,7.881200375651354e-05,0.1312026212697533,-0.764698288764154,-0.8356246281013139,1.8264868561068026,-2.547610916645337e-08,0.916340579445549
5100.0,7.878724494151968e-05,0.13121413968200496,-0.7624338209665282,-0.8374258970858076,1.8264868561068026,-2.552828291452056e-08,0.9163129537577136
5100.0,7.860539571416522e-05,0.13093127824521578,-0.7609207779214375,-0.8376876441496971,1.8264868561068026,-2.548521585702515e-08,0.9162846797812507
5100.0,7.87663280116142e-05,0.13117323007989387,-0.7649907247726624,-0.8366364156808989,1.8264868561068026,-2.5510496409497626e-08,0.9162557396616058
5100.0,7.872321352343721e-05,0.13110081983836955,-0.7644501997331941,-0.8367795231424645,1.8264868561068026,-2.5497547833840908e-08,0.9162261155442253
5100.0,7.86771109024171e-05,0.13104078527592675,-0.7659111344892127,-0.8359810595751254,1.8264868561068026,-2.5484267243423843e-08,0.9161957895745545
5100.0,7.864594894561746e-05,0.13099668401039577,-0.7632434999808138,-0.8370512357528733,1.8264868561068026,-2.5491334414752916e-08,0.9161647438980397
5100.0,7.851062921540511e-05,0.1308361250915025,-0.7566696719832899,-0.8406992343668939,1.8264868561068026,-2.5536915298291614e-08,0.9161329606601268
5100.0,7.852130111841642e-05,0.13085129090622322,-0.7580175969462144,-0.840228132283961,1.8264868561068026,-2.553364258136761e-08,0.9161004220062616
5200.0,7.631672310917911e-05,0.1303277881564307,-0.7092765544441786,-0.8688735500463562,1.8068088209873383,-2.516809864201647e-08,0.9160671100818901
5200.0,7.627156910175914e-05,0.13024868755415203,-0.7085577489218409,-0.8689248062461845,1.8068088209873383,-2.515110983479456e-08,0.9160330070324584
5200.010000001639,7.628264590405274e-05,0.13027688499279244,-0.705622198304777,-0.8700473418115551,1.8068088209873383,-2.51715992911842e-08,0.9159980950034119
5200.009999997914,7.61439677937597e-05,0.13009453133290658,-0.7017944685549162,-0.8720326661548774,1.8068088209873383,-2.5182204716462943e-08,0.915962356140197
5500.009999997914,6.83345150471485e-05,0.12597114568604417,-0.509844195164403,-0.9772034243451908,1.7499876441997642,-2.386189243299488e-08,0.9159257725882595
5500.0,6.838004101161996e-05,0.12603054669919797,-0.5078443396136119,-0.9774201683575443,1.7499876441997642,-2.3863669099603582e-08,0.9158883264930452
3602.190000001341,0.0001435749154435121,0.14955107663845532,-1.0764054193063657,-0.02905074177183587,6.605380791886012,-1.752185702429355e-09,0.9157670633746567
4500.0,9.841751464693465e-05,0.138996312466292,-1.100780787436892,-0.5816457408430437,1.7552561098371389,-2.4805174782048234e-08,0.9157216168495517
4500.0,9.8333641689797e-05,0.13889257656940124,-1.094853474038191,-0.5847858117823452,1.7552561098371389,-2.4863692428447345e-08,0.9156735762195852
4500.0,9.84045636756126e-05,0.13901945959083414,-1.098856950450176,-0.5839481165418794,1.7552561098371389,-2.4901536175819593e-08,0.9156229850123283
4500.019999999553,9.777308573103978e-05,0.13829210840238437,-1.0905840583234265,-0.5921584408082082,1.7552561098371389,-2.510014568351557e-08,0.9155698867553518
4600.0,9.50161887141554e-05,0.1380050911393799,-1.0521669874878776,-0.6272699435467955,1.7375809016100932,-2.5345013120881995e-08,0.9155143249762264
4600.0,9.500000000000257e-05,0.13801271241504937,-1.0482034673233718,-0.6294194020490547,1.7375809016100932,-2.5412348102978184e-08,0.915456343202523
4600.0,9.505434782609098e-05,0.13809195678655475,-1.0500148048927078,-0.6291807428081904,1.7375809016100932,-2.5428473887241985e-08,0.9153959849618124
4600.0,9.509250693802475e-05,0.13817761298037645,-1.0459658921864043,-0.6311554417548342,1.7375809016100932,-2.55012365723345e-08,0.9153332937816654
4900.0,8.472941176470731e-05,0.13369799198650856,-0.8855893873502523,-0.7569669280832624,1.908606130454376,-2.5781466432727154e-08,0.9152683131896527
4900.0,8.472845138055222e-05,0.13374109773921333,-0.8851969942083926,-0.7579242240548709,1.908606130454376,-2.5833179425616594e-08,0.9152010867133451
4900.0,8.463577430972389e-05,0.133606403366037,-0.8848099461803027,-0.7579712209619699,1.908606130454376,-2.5813902484070668e-08,0.9151316578803136
4900.0,8.472220888355486e-05,0.13373565152866285,-0.885291355892126,-0.7581708409154496,1.908606130454376,-2.583975898051548e-08,0.9150600702181289
4900.0,8.462569027611187e-05,0.13363674338920972,-0.8801169091024796,-0.7604327174682384,1.908606130454376,-2.5882122079601287e-08,0.9149863672543617
4900.0,8.460024009603985e-05,0.13358925167566935,-0.882405646446947,-0.7594913460222676,1.908606130454376,-2.5857304460245935e-08,0.9149105925165829
5000.010000001639,8.160536470089412e-05,0.1323126066644935,-0.8283397553883907,-0.796874974961824,1.8361047774250925,-2.5669133341758504e-08,0.9148327895323635
5000.0,8.163167420814692e-05,0.13238644264454896,-0.8261643616195098,-0.798111896659074,1.8361047774250925,-2.571865901658204e-08,0.914753001829274
5000.0,8.15638009049795e-05,0.13229096570757642,-0.8237135562174944,-0.7993333918218536,1.8361047774250925,-2.5723729259483086e-08,0.9146712729348853
5000.0,8.144615384615464e-05,0.1321017344144055,-0.8223796986586516,-0.7995178687887623,1.8361047774250925,-2.568637324305648e-08,0.9145876463767681
5000.0,8.158009049773915e-05,0.13232890692453844,-0.8204738496701545,-0.8006350612042199,1.8361047774250925,-2.5751955353984767e-08,0.9145021656824934
4900.0,8.458583433373493e-05,0.13356894420913443,-0.8729008995753316,-0.7633473856384327,1.908606130454376,-2.59025533290242e-08,0.9144148743796319
5000.010000001639,8.174465968075362e-05,0.1325187785435207,-0.8250087772646544,-0.797587198124147,1.8361047774250925,-2.5703122555269108e-08,0.9143258159957545
5000.0,8.160271493212828e-05,0.13237265578660878,-0.8169882218312443,-0.8016357510790032,1.8361047774250925,-2.5773299160012297e-08,0.9142350340584319
5100.0,7.934261077435647e-05,0.13193705935777061,-0.7669881028736434,-0.8321885563228072,1.816254760421428,-2.549190358291376e-08,0.9141425720952349
5100.0,7.932681635789564e-05,0.1319336340203742,-0.7653784157168881,-0.8332181661895932,1.816254760421428,-2.5515476630904113e-08,0.9140484736337343
5100.0,7.931187569367639e-05,0.13190944835038385,-0.7643332345186211,-0.8334257619221969,1.816254760421428,-2.5511634745819064e-08,0.913952782201501
5100.0,7.926748057713822e-05,0.13187023993682387,-0.7656430757692307,-0.8338924368641384,1.816254760421428,-2.553269396776623e-08,0.9138555413261059
5100.0,7.927900623239356e-05,0.13188701658346852,-0.7669806964233241,-0.8334589072211064,1.816254760421428,-2.5530654448523647e-08,0.9137567945351195
5100.0,7.924400239050799e-05,0.13184873382921827,-0.7639631128903379,-0.834562941420303,1.8264868561068026,-2.5545073375262143e-08,0.9136565853561128
5100.0,7.930291129514459e-05,0.13192308165024252,-0.7634717922374534,-0.8341995540608395,1.816254760421428,-2.5540425168616264e-08,0.9135549573166564
5100.019999999553,7.919529905466953e-05,0.1317670942198976,-0.7620424541570481,-0.8347476976735758,1.8264868561068026,-2.5526151270310115e-08,0.9134519539443214
5100.0,7.924400239050799e-05,0.13184873382921827,-0.7639631128903379,-0.834562941420303,1.8264868561068026,-2.5545073375262143e-08,0.9133476187666785
5100.009999997914,7.940151004584472e-05,0.13206321330216195,-0.7686179118004217,-0.8320612803021231,1.816254760421428,-2.553293173074152e-08,0.9132419953112985
5100.010000001639,7.930565302598039e-05,0.13191858977721246,-0.7636760739366673,-0.8338542702708961,1.816254760421428,-2.5530267822157803e-08,0.9131351271057522
5100.009999997914,7.928195553387388e-05,0.13190577216337085,-0.761047251409138,-0.8354146772922175,1.8264868561068026,-2.5559961081121863e-08,0.9130270576776102
5000.010000001639,8.187487053744388e-05,0.13280978289031486,-0.814950875686141,-0.8020592355910046,1.8361047774250925,-2.585854681458031e-08,0.9129178305544436
5100.0,7.936566208486469e-05,0.1320203547083375,-0.7636376586892637,-0.8339773881413263,1.816254760421428,-2.5552899437472283e-08,0.9128074892638232
5100.0,7.955092632118429e-05,0.13231673914140113,-0.7663098415317648,-0.8327658415250908,1.8264868561068026,-2.559217204056281e-08,0.9126960773333195
5100.010000001639,7.933914626017191e-05,0.13197617363463696,-0.7643944816070078,-0.8339036334680051,1.816254760421428,-2.554538191673088e-08,0.9125836382905036
5100.0,7.948774865534453e-05,0.13223033402666132,-0.7602700928737329,-0.8350007738795017,1.8264868561068026,-2.5606306383221164e-08,0.9124702156629463
5100.009999997914,7.923666702503187e-05,0.13188980843350814,-0.7569923678525665,-0.8375877393050967,1.8264868561068026,-2.561501186641435e-08,0.9123558529782182
5100.010000001639,7.937921455696521e-05,0.1320530253659326,-0.7608965803836716,-0.8351120279570529,1.816254760421428,-2.5576300088149676e-08,0.9122405937638902
5100.010000001639,7.929974310410234e-05,0.1319518457345717,-0.760942850160137,-0.8356929924959917,1.8264868561068026,-2.5581984695341134e-08,0.9121244815475332
5100.0,7.921881669939702e-05,0.13186943357470013,-0.7553988754474115,-0.8382899092973561,1.8264868561068026,-2.562271739852239e-08,0.912007559856718
5100.0,7.927516434730886e-05,0.13194017452274356,-0.7608980560513579,-0.83597707378904,1.8264868561068026,-2.5600709562973962e-08,0.9118898722190152
5100.019999999553,7.913191224103656e-05,0.1317397495590315,-0.7553768721395526,-0.8385300007927909,1.8264868561068026,-2.5606138319759502e-08,0.9117714621619957
5100.010000001639,7.902353701216125e-05,0.13158789336501037,-0.7554376080534011,-0.8388782946227209,1.8264868561068026,-2.5601213600066913e-08,0.9116523732132303
5100.0,7.903355246307742e-05,0.13160329345294577,-0.7542435226029243,-0.83888557471381,1.8264868561068026,-2.5600614701613856e-08,0.91153264890029
5100.0,7.906684880048104e-05,0.1316608891948925,-0.7549831130611229,-0.8389293030796035,1.8264868561068026,-2.5615697657873293e-08,0.9114123327507453
5100.0,7.903227183471615e-05,0.13158903958676244,-0.7594145529869083,-0.8371072580049042,1.8264868561068026,-2.5574100951459546e-08,0.9112914682921673
5200.0,7.680777293985204e-05,0.13109751076760767,-0.7024348710911927,-0.8700842302525944,1.8068088209873383,-2.5287667074570274e-08,0.9111700990521266
5200.0,7.656345750685532e-05,0.13073851022232283,-0.6988330462596135,-0.8720375553432306,1.8068088209873383,-2.5269255346946705e-08,0.9110482685581941
5200.0,7.652152878567995e-05,0.13068011776287777,-0.6962601563482216,-0.8730103773062756,1.8068088209873383,-2.5272446138150898e-08,0.9109260203379405
5200.0,7.650298338977743e-05,0.13067362594146867,-0.6955868225918858,-0.8733809561546544,1.8068088209873383,-2.528671846096932e-08,0.9108033979189367
5200.010000001639,7.648191362527716e-05,0.13067179884375366,-0.6933999358425522,-0.8743499998061075,1.8068088209873383,-2.5313936284882952e-08,0.9106804448287533
5200.0,7.642396387679814e-05,0.13055923867755923,-0.6975843391122343,-0.8728091510343511,1.8068088209873383,-2.5271195692949453e-08,0.9105572045949616
5200.019999999553,7.625511097349365e-05,0.13035550364086282,-0.6916182646428548,-0.8763842283240108,1.8068088209873383,-2.532092728633054e-08,0.9104337207451318
5600.0,6.660941145968453e-05,0.125700184331019,-0.4439985898122112,-1.0076131912858823,1.731771829066473,-2.3471592082592064e-08,0.9103100368068352
5700.0,6.40398043618695e-05,0.12392303999946998,-0.3659676997229213,-1.0447567583173996,1.7139097708266973,-2.292002654210033e-08,0.9101861963076423
5800.0,6.233255406195266e-05,0.12339681208211203,-0.3068775587204331,-1.0713594491914245,1.6963954987550847,-2.243764526242148e-08,0.910062242775124
5800.010000001639,6.231384376332443e-05,0.1233680068256107,-0.30549453774497826,-1.071848427897153,1.6963954987550847,-2.243683690385329e-08,0.9099382197368513
5800.010000001639,6.233530360461852e-05,0.12338766580364609,-0.30675432885242593,-1.071293247789508,1.6963954987550847,-2.2430920414351036e-08,0.9098141707203945
5800.0,6.227995324371772e-05,0.12333667862628943,-0.30038635660833934,-1.0740213475150346,1.6445000664135883,-2.2454538440552682e-08,0.9096901392533249
5800.0,6.233255406195266e-05,0.12339681208211203,-0.3068775587204331,-1.0713594491914245,1.6963954987550847,-2.243764526242148e-08,0.909566168863213
5800.009999997914,6.220618523377537e-05,0.12316957657556842,-0.3090052137875974,-1.0717215645246192,1.6963954987550847,-2.240819303030298e-08,0.9094423030776296
5800.0,6.221157218001258e-05,0.12320585948175139,-0.3032289439809759,-1.073446024413254,1.6445000664135883,-2.243091320486765e-08,0.9093185854241459
5800.010000001639,6.221494331163156e-05,0.12321943287575736,-0.2992484553398551,-1.074375296529979,1.6445000664135883,-2.2438425040946832e-08,0.9091950594303323
5800.0,6.224547048510057e-05,0.12327234606079096,-0.3033888824217428,-1.073220945835432,1.6445000664135883,-2.244014141859298e-08,0.9090717686237598
5800.019999999553,6.221889231504932e-05,0.12325052295439982,-0.2993202383515188,-1.074699080806468,1.6445000664135883,-2.2454372821031434e-08,0.908948756531999
5800.009999997914,6.223658324139509e-05,0.1232579771473232,-0.30287557902554774,-1.073549592577602,1.6445000664135883,-2.244102733034428e-08,0.908826066682621
5800.009999997914,6.221495849389113e-05,0.12321943287575736,-0.2992484553398551,-1.074375296529979,1.6445000664135883,-2.2438379896598004e-08,0.9087037426031964
5800.0,6.217299824664116e-05,0.12316526081985506,-0.3012697454903228,-1.0740181190828721,1.6445000664135883,-2.2436661928171936e-08,0.908581827821296
5800.009999997914,6.2258749714265e-05,0.1233161157626191,-0.2971853782681979,-1.0752194998568825,1.6445000664135883,-2.2464123883771236e-08,0.9084603658644906
5800.0,6.220981881940593e-05,0.12324019919586927,-0.29963059906724165,-1.0743675448735566,1.6445000664135883,-2.2452067498079748e-08,0.9083394002603512
5854.789999999106,6.069806989290561e-05,0.12281073928454235,-0.23967256884145272,-1.1005675981230114,1.7901396883363494,-2.2033510921412723e-08,0.9082189745364484
5800.009999997914,6.24254234591975e-05,0.12359316804112067,-0.30178323673207963,-1.0727716563174354,1.6963954987550847,-2.2483816464743942e-08,0.908099132220353
5800.010000001639,6.219327098721978e-05,0.12321730316375212,-0.2968463774326735,-1.0753507509553144,1.6445000664135883,-2.2456308754026435e-08,0.907979916839636
5800.0,6.225365283460171e-05,0.12333688002019168,-0.29756752254305674,-1.0752114501358854,1.6445000664135883,-2.2477760257058575e-08,0.9078613719218681
5800.0,6.222267679719492e-05,0.12328048398801936,-0.2967648487783987,-1.0756703862373096,1.6445000664135883,-2.24725914488245e-08,0.90774354099462
5800.009999997914,6.225358390281636e-05,0.12333688002019168,-0.29756752254305674,-1.0752114501358854,1.6445000664135883,-2.2477618098256727e-08,0.9076264675854625
5800.010000001639,6.225348061190009e-05,0.12333688002019168,-0.29756752254305674,-1.0752114501358854,1.6445000664135883,-2.247769992285022e-08,0.9075101952219664
5800.0,6.224722384570574e-05,0.12333090203531297,-0.29640455651879494,-1.075742387277976,1.6445000664135883,-2.2482021372139438e-08,0.9073947674317029
5800.0,6.225365283460171e-05,0.12333688002019168,-0.29756752254305674,-1.0752114501358854,1.6445000664135883,-2.2477760257058575e-08,0.9072802277422424
5920.380000002682,5.8990385531403686e-05,0.12196469076068592,-0.17839437472357655,-1.1274416776076082,1.766721115980019,-2.1543423788755134e-08,0.9071666196811559
5916.589999999851,5.903110371778046e-05,0.12201916225037843,-0.18049149088693683,-1.1269802114437193,1.7714833136104011,-2.1550807998368003e-08,0.9070539867760139
5921.610000003129,5.879798089002321e-05,0.12163402960713739,-0.1760221318233537,-1.1291726644177704,1.7714833136104011,-2.150916559756485e-08,0.9069423725543875
5915.290000002831,5.8794336733875524e-05,0.12164842516145585,-0.17307931689738432,-1.1301232752602848,1.766721115980019,-2.153388910793104e-08,0.9068318205438474
5927.469999998808,5.8802630806931637e-05,0.12168389577837863,-0.17180380687350594,-1.1302348180144144,1.766721115980019,-2.1520853509840093e-08,0.9067223742719644
5919.440000001341,5.876759998752961e-05,0.12160653428302239,-0.17197373603372235,-1.1304306189256659,1.766721115980019,-2.1523693869452542e-08,0.9066140772663094
5927.45000000298,5.879258789069976e-05,0.12169170264156597,-0.17012156950059687,-1.1307243446025776,1.766721115980019,-2.1531503004016042e-08,0.906506973054453
5922.079999998212,5.8759736741066386e-05,0.12161045711076228,-0.17169921913067077,-1.130715781521475,1.766721115980019,-2.152590789422222e-08,0.9064011051639663
5921.420000001788,5.8680663678556794e-05,0.12150259616286789,-0.16109500296377322,-1.134320208856282,1.766721115980019,-2.153769066037753e-08,0.9062965171224198
5925.800000000745,5.8689471937049356e-05,0.12151975035678757,-0.16327120984134513,-1.133527138398903,1.766721115980019,-2.1528649949890823e-08,0.9061932524573846
5914.550000000745,5.869855513946371e-05,0.12149478614372432,-0.161669985522229,-1.1337694255293844,1.766721115980019,-2.1535151543104866e-08,0.9060913546964313
5918.489999998361,5.8667733958682363e-05,0.12147527801737654,-0.15778696163154526,-1.1353429193672209,1.766721115980019,-2.1543457619056733e-08,0.9059908673671307
5922.010000001639,5.8675549361182606e-05,0.12148709481936874,-0.16387338231580673,-1.1335096378090286,1.766721115980019,-2.1528966894543614e-08,0.9058918339970536
5866.839999999851,5.842354374286351e-05,0.11916657856264774,-0.1716842056600818,-1.1326745265320208,1.7913735870221323,-2.178030035629227e-08,0.905794298113771
5866.85000000149,5.8394456770554753e-05,0.11911980746741266,-0.17120036888307855,-1.1327780015407045,1.7913735870221323,-2.1775112460148856e-08,0.9056983032448533
5824.690000001341,5.84642220252578e-05,0.1191262671039612,-0.171470317750281,-1.1329721832897546,1.7913735870221323,-2.1819825181839547e-08,0.9056038929178719
5864.240000002086,5.8493312429882344e-05,0.11927550953628853,-0.17944939371109392,-1.1302570636115814,1.7913735870221323,-2.1786318775441964e-08,0.9055111106603971
3617.259999997914,0.00014444291310447617,0.15108794056858654,-1.0909100920323695,-0.039752403357261996,6.544951360190264,-2.3436971713347685e-09,0.9052411196099649
4900.009999997914,8.48314437865923e-05,0.1338375256245652,-0.8844184357615577,-0.756778977393208,1.908606130454376,-2.578727222359788e-08,0.9051528811055398
4900.010000001639,8.481518151630303e-05,0.13386392115785015,-0.8799339023931152,-0.7590756489054905,1.908606130454376,-2.585780935261792e-08,0.9050654183540577
4900.009999997914,8.49097608032694e-05,0.13402366681040384,-0.8791605452177897,-0.7600154801990949,1.908606130454376,-2.5911186836410882e-08,0.9049787123249297
4900.0,8.494453781512748e-05,0.13408179806158851,-0.8780082795534856,-0.7603757620978566,1.908606130454376,-2.5928063533105668e-08,0.9048927439875667
4900.0,8.510828331332806e-05,0.13429893551935798,-0.873956325912185,-0.76046545950728,1.908606130454376,-2.593475851879236e-08,0.9048074943113799
5000.0,8.186787330316848e-05,0.13273422361112103,-0.8186626245655417,-0.7997594294256294,1.8361047774250925,-2.5776696745461758e-08,0.9047229442657801
5100.0,7.955391445402863e-05,0.1322572835985101,-0.7654547101453373,-0.8325231724250087,1.8264868561068026,-2.553919197093456e-08,0.9046390748201786
5100.0,7.955220694954423e-05,0.13227926917242308,-0.7656972885634543,-0.8326901001785492,1.8264868561068026,-2.556025119288189e-08,0.9045558669439863
5100.009999997914,7.957847452619334e-05,0.13232249985099856,-0.7665264353818415,-0.8324247449506296,1.8264868561068026,-2.5564976379647205e-08,0.9044733016066142
5100.009999997914,7.955210838035832e-05,0.13227926917242308,-0.7656972885634543,-0.8326901001785492,1.8264868561068026,-2.556003088413075e-08,0.9043913597774734
5100.019999999553,7.960552712071228e-05,0.13241601538794973,-0.7608629952279609,-0.8347662618498009,1.8264868561068026,-2.5634674316488745e-08,0.904310022425975
5100.0,7.953683940920541e-05,0.1323140189961975,-0.7645419390405728,-0.8341584780656164,1.8264868561068026,-2.5619824127038465e-08,0.9042292705215299
5600.0,6.669302566761867e-05,0.12581346089491344,-0.43808295522848795,-1.0087338896866913,1.731771829066473,-2.3482647962022877e-08,0.9041490850335493
5600.0,6.67027482499357e-05,0.12586287392468629,-0.4406510983585945,-1.0084810765789294,1.731771829066473,-2.3502352795010275e-08,0.9040694469314442
5600.0,6.66761731916024e-05,0.12582860951481223,-0.4381344870563577,-1.0092959770689633,1.731771829066473,-2.3505978164687916e-08,0.9039903371846254
5600.0,6.66735805029821e-05,0.12583799556501038,-0.43825251701944534,-1.00938168884343,1.731771829066473,-2.3513608419326746e-08,0.9039117367625042
5600.0,6.663857920663897e-05,0.1257882315560363,-0.4332805556288908,-1.0111932614995511,1.731771829066473,-2.3522377219814746e-08,0.9038336266344917
5600.0,6.649144412756129e-05,0.12551415560862203,-0.4364639250782889,-1.0106822789393801,1.731771829066473,-2.347171192952354e-08,0.9037559877699987
5800.019999999553,6.253502168988636e-05,0.1237370753748695,-0.3079624934861922,-1.0705480999137156,1.6963954987550847,-2.247716662269186e-08,0.9036788011384362
5800.0,6.252250146113433e-05,0.12372739685185268,-0.3061134000258181,-1.0713540380786908,1.6963954987550847,-2.2484971374887753e-08,0.9036020477092155
5800.0,6.247691408533052e-05,0.12365805919918614,-0.30069415309171976,-1.073111547130681,1.6963954987550847,-2.2487139752976033e-08,0.9035257084517475
5800.0,6.248451198129808e-05,0.12368482645241732,-0.30215194044329907,-1.0729401239010816,1.6963954987550847,-2.249533420505475e-08,0.9034497643354432
5800.0,6.248451198129808e-05,0.12368482645241732,-0.30215194044329907,-1.0729401239010816,1.6963954987550847,-2.249533420505475e-08,0.9033741963297137
5800.0,6.25143191116318e-05,0.12375166730482759,-0.2997802884229621,-1.0736990184207862,1.6963954987550847,-2.2513815846204327e-08,0.90329898540397
5800.019999999553,6.256674577614186e-05,0.1238106787046626,-0.3033971405987512,-1.07179349671548,1.6963954987550847,-2.2499533797636616e-08,0.9032241125276231
5800.0,6.249795441262656e-05,0.12371246899722226,-0.30278955232763405,-1.0729078999846022,1.6963954987550847,-2.2501360279045088e-08,0.9031495586700842
5800.010000001639,6.248208913955595e-05,0.12369620928589838,-0.3023964685648015,-1.072880757704474,1.6963954987550847,-2.2502113047675552e-08,0.9030753048007641
5800.010000001639,6.25831050364435e-05,0.12384982705283426,-0.3004119254914057,-1.0725806528141757,1.6963954987550847,-2.2511998044993228e-08,0.9030013318890743
5800.0,6.246230274693338e-05,0.12368155647011743,-0.3000469685820626,-1.0738075003936047,1.6963954987550847,-2.2511924818801517e-08,0.9029276209044251
5800.0,6.243483343074284e-05,0.12363773887210723,-0.29630300115180574,-1.075028751155706,1.6963954987550847,-2.2513765418806838e-08,0.902854152816228
5800.0,6.245704266510901e-05,0.12368038454790242,-0.2993078978225556,-1.0742615717439385,1.6963954987550847,-2.2517194481830518e-08,0.9027809085938941
5800.0,6.249678550555348e-05,0.12374623833493123,-0.30380311362338874,-1.0729662205612573,1.6963954987550847,-2.2519715851700937e-08,0.9027078692068344
5800.010000001639,6.244235685448887e-05,0.12364784036860492,-0.29774615079380196,-1.074488296570259,1.6963954987550847,-2.2510575617934208e-08,0.9026350156244597
5800.010000001639,6.244987133840982e-05,0.12367223985429643,-0.29798781377333805,-1.0748028154438398,1.6963954987550847,-2.2520827806010584e-08,0.9025623288161811
5900.009999997914,6.082210905343687e-05,0.12312981872758126,-0.24126446791182365,-1.0992969370434091,1.7901396883363494,-2.2004130544159067e-08,0.9024897897514099
5800.009999997914,6.24422520285849e-05,0.12364784036860492,-0.29774615079380196,-1.074488296570259,1.6963954987550847,-2.2510661672174103e-08,0.9024173793995568
5900.0,6.077410391775493e-05,0.12308141166847696,-0.23363054166646657,-1.102401084267564,1.7901396883363494,-2.2025769733960683e-08,0.9023450787300332
5900.0,6.078994165045984e-05,0.12312161435306136,-0.23682126258415614,-1.101692482616954,1.7901396883363494,-2.2032082512105527e-08,0.9022728687122498
5900.0,6.075826618505278e-05,0.1230819521666461,-0.23262116371259767,-1.102867994229595,1.7852981207454608,-2.203752216426432e-08,0.9022007303156178
5900.0,6.079577660461377e-05,0.12312505241043943,-0.2376462582852854,-1.101059720894437,1.7901396883363494,-2.202731508968773e-08,0.9021286445095482
5800.010000001639,6.25499248258073e-05,0.12387657645902028,-0.293541981284152,-1.0758475507839544,1.6963954987550847,-2.256423393471314e-08,0.9020565922634521
5900.009999997914,6.078733888540887e-05,0.12313276560729766,-0.23706779906421316,-1.101628322647628,1.7901396883363494,-2.2038511898855034e-08,0.9019845545467404
5900.019999999553,6.087753104573522e-05,0.12325548657869728,-0.23649794042738703,-1.100591614881496,1.7852981207454608,-2.2035902397771385e-08,0.9019125123288243
5900.0,6.081272575715615e-05,0.12316895176125399,-0.23361788536912176,-1.1019557403160545,1.7852981207454608,-2.2040860132634726e-08,0.9018404465791148
5900.0,6.0881078077245057e-05,0.12330420216353721,-0.23407187416405995,-1.1018103298376511,1.7852981207454608,-2.2063901386524136e-08,0.9017683382670226
5900.0,6.0845234787442334e-05,0.12326591988724916,-0.23142264232385035,-1.103245112848925,1.7852981207454608,-2.207429390378783e-08,0.9016961683619593
5900.0,6.0836899138651004e-05,0.12323717888643432,-0.2312916958002993,-1.1028960811727522,1.7852981207454608,-2.2063167342553687e-08,0.9016239178333356
5900.0,6.081494859683383e-05,0.12321119964319044,-0.22756296140505228,-1.1042923537832923,1.7852981207454608,-2.2071164558440715e-08,0.9015515676505625
5900.010000001639,6.082896437898875e-05,0.12324736964452342,-0.2308930573857948,-1.103340610720942,1.7852981207454608,-2.2074626574952224e-08,0.9014790987830513
5900.010000001639,6.084521566659873e-05,0.12326591988724916,-0.23142264232385035,-1.103245112848925,1.7852981207454608,-2.2074194782790946e-08,0.901406492200213
5900.009999997914,6.086287496023424e-05,0.1232913319839351,-0.23109391252191802,-1.1032960010984667,1.7852981207454608,-2.207636390248229e-08,0.9013337288714582
5900.019999999553,6.080837184956229e-05,0.12320996272726589,-0.22833294375011937,-1.1040106086538861,1.7852981207454608,-2.2071875536930728e-08,0.9012607897661985
5900.0,6.083217560433592e-05,0.12323842469795654,-0.23077123906282493,-1.1032800294762386,1.7852981207454608,-2.2068444732361258e-08,0.9011876558538446
5900.009999997914,6.0874558013693114e-05,0.12333435333216947,-0.2290445698531669,-1.1040619883482277,1.7852981207454608,-2.2092939758458244e-08,0.9011143081038075
5900.019999999553,6.080830831202517e-05,0.12320996272726589,-0.22833294375011937,-1.1040106086538861,1.7852981207454608,-2.2071847461021258e-08,0.9010407274854986
5900.009999997914,6.0811748202088364e-05,0.1232201419810516,-0.2276849821860205,-1.1043528674333307,1.7852981207454608,-2.2077365283434638e-08,0.9009668949683286
5900.0,6.086885245901777e-05,0.12329475385304774,-0.23000211616683597,-1.1032619514906956,1.7852981207454608,-2.207362167404669e-08,0.9008927915217085
5900.019999999553,6.093228256089158e-05,0.12339668246325697,-0.2339067163627484,-1.1017093318747193,1.7852981207454608,-2.2076166707743486e-08,0.9008183981150496
5900.020000003278,6.0839810144019874e-05,0.12322864124301165,-0.22731095868030105,-1.1036046086233922,1.7852981207454608,-2.205964618589011e-08,0.9007436957177628
5960.210000000894,5.922298506091497e-05,0.12256323894620122,-0.16490088367324018,-1.1305284189040816,1.766721115980019,-2.161281552456103e-08,0.9006686652992592
5951.429999999702,5.9124692363420257e-05,0.12239660965339205,-0.16277111681759937,-1.132206745054067,1.766721115980019,-2.1620096634328222e-08,0.9005932878289498
5920.25,5.914264703792809e-05,0.12234028285378115,-0.16324157376880288,-1.1319854185248832,1.766721115980019,-2.1645657029415198e-08,0.9005175442762455
5939.35000000149,5.9172710719802436e-05,0.1224199526578212,-0.1633440926683174,-1.1319756362383184,1.7714833136104011,-2.1610859081303264e-08,0.9004414156105575
5896.120000001043,6.0599743330901925e-05,0.12288201589536399,-0.22222312782140063,-1.1069767008869733,1.7852981207454608,-2.2064981375126696e-08,0.9003648828012968
5907.739999998361,5.741328110827919e-05,0.11948423313229709,-0.10822287329147517,-1.1575420599604047,1.772696984448876,-2.146938954990496e-08,0.9002879268178745
5929.440000001341,5.893130826019759e-05,0.12203561246776506,-0.15300760513095168,-1.1362683411868093,1.772696984448876,-2.1629621970480165e-08,0.9002105286297015
5916.219999998808,5.7253159522912155e-05,0.11923737403230679,-0.10316675509055351,-1.1597423154902478,1.772696984448876,-2.1440835044076528e-08,0.900132669206189
5912.770000003278,5.718080365907939e-05,0.11910352754315909,-0.09975762136919997,-1.1610429420674575,1.772696984448876,-2.1433086795123587e-08,0.9000543295167478
5904.920000001788,5.716970020646726e-05,0.11905906602265033,-0.10175124203094166,-1.1607782345700575,1.772696984448876,-2.1434532057938803e-08,0.8999754905307892
5915.460000000894,5.717893894392456e-05,0.1191098244194158,-0.10020666075375884,-1.1610290180084621,1.772696984448876,-2.1431585905805933e-08,0.8998961332177241
5910.620000001043,5.7155750022549165e-05,0.11907659976679662,-0.09595968208436734,-1.1623774111539673,1.772696984448876,-2.144451617547735e-08,0.8998162385469635
5916.540000002831,5.718954613996684e-05,0.11917706439410077,-0.09835715683151047,-1.1620339630794057,1.772696984448876,-2.1458332758801525e-08,0.8997357874879185
5916.0,5.716339822096547e-05,0.11911541677575249,-0.09876432756363585,-1.1616876994408518,1.772696984448876,-2.1444435434856282e-08,0.8996547610100002
5917.820000000298,5.721024029797017e-05,0.11922343445147177,-0.09784255053992741,-1.1620599115035415,1.772696984448876,-2.14646951847428e-08,0.8995731400826193
5921.179999999702,5.720562199827613e-05,0.11922343445147177,-0.09784255053992741,-1.1620599115035415,1.772696984448876,-2.1460592576252642e-08,0.8994909056751874
5915.390000000596,5.683838385586939e-05,0.11857424180517516,-0.08541771164059409,-1.1673011787274146,1.772696984448876,-2.1405848486577313e-08,0.8994080387571154
5894.890000000596,5.772784226050478e-05,0.11828061529600813,-0.13381872884312118,-1.149232966527122,1.7336347782398838,-2.177754034383296e-08,0.8993245202978138
5894.510000001639,5.772838934325435e-05,0.11828061529600813,-0.13381872884312118,-1.149232966527122,1.7336347782398838,-2.1778072657561548e-08,0.8992403312666942
5891.240000002086,5.7767407405777596e-05,0.11832961241862182,-0.1345993034067119,-1.1485367898111742,1.7336347782398838,-2.1782388930949246e-08,0.8991554526331674
5891.089999999851,5.7758599301939595e-05,0.11831436029961603,-0.13280907599789904,-1.149058195714905,1.7336347782398838,-2.178328523876282e-08,0.8990698653666445
5888.39999999851,5.775357165497537e-05,0.11828241006622016,-0.13486908378530282,-1.148161068763214,1.7336347782398838,-2.1773282590265206e-08,0.8989835504365364
5904.940000001341,5.633923452802042e-05,0.11774804071786583,-0.07256163689848405,-1.1741984584635288,1.7152982178582157,-2.1360397004721052e-08,0.8988964888122544
5890.940000001341,5.77488002708669e-05,0.11831751187300729,-0.13174200437772887,-1.149827258822675,1.7336347782398838,-2.1793544735177747e-08,0.8988086614632094
5887.030000001192,5.775971004079465e-05,0.11831729818943412,-0.13241335287073452,-1.1493963965605605,1.7336347782398838,-2.1794211554399374e-08,0.8987200493588123
5859.460000000894,5.781022633890581e-05,0.11835940669225402,-0.1271468977976542,-1.1508841686614633,1.7384763458307724,-2.184979848556552e-08,0.8986306334684745
5853.339999999851,5.63728056459824e-05,0.11601891892283178,-0.09217261247678055,-1.1687929512661013,1.7384763458307724,-2.1666572431308155e-08,0.8985403947616067
5844.0,5.6208211885176194e-05,0.11567547997162869,-0.08934343811264522,-1.1701469730885177,1.7384763458307724,-2.162675419566764e-08,0.8984493142076201
5856.469999998808,5.618823362362875e-05,0.11570791568173908,-0.08794572619355279,-1.1709867678572576,1.7384763458307724,-2.1630336810859112e-08,0.8983573727759256
5846.469999998808,5.6217340952260214e-05,0.1157447220307091,-0.08434399104827861,-1.1719485405368568,1.7384763458307724,-2.1655189965743157e-08,0.8982645514359344
5840.989999998361,5.620012264945109e-05,0.11567128932946694,-0.08767041386820651,-1.1707515928937076,1.7384763458307724,-2.1638090411482942e-08,0.8981708311570574
5862.819999996573,5.615742408741337e-05,0.11568623061886957,-0.08437609189791395,-1.1723357422580998,1.7384763458307724,-2.1629447879342776e-08,0.8980761929087058
5851.939999997616,5.615874934704404e-05,0.11565628382712534,-0.0840481026170159,-1.1722737998848838,1.7384763458307724,-2.1637062047854384e-08,0.8979806176602904
5811.780000001192,5.6244840229056964e-05,0.11568256781890326,-0.08650213422885411,-1.1713932181096358,1.7384763458307724,-2.1672213251962638e-08,0.8978840863812224
5804.0,5.6318838601507116e-05,0.11582582872084306,-0.08324705137404509,-1.1720704649830211,1.7384763458307724,-2.1722713358123168e-08,0.8977865800409127
5847.239999998361,5.622879968619212e-05,0.11576848487561497,-0.08212908215988701,-1.1726215460659324,1.7384763458307724,-2.166158864401916e-08,0.8976880796087726
5842.5,5.616048406944927e-05,0.11563424218674027,-0.08240742055938721,-1.1726222272818314,1.7384763458307724,-2.1646774546039306e-08,0.8975885660542131
5867.780000001192,5.620676750622556e-05,0.11581616057721597,-0.07964283583257759,-1.1736978725671194,1.7384763458307724,-2.165560241815832e-08,0.8974880203466449
5851.449999999255,5.614037716323355e-05,0.11564437988449792,-0.08080562849872264,-1.1737675982022946,1.7384763458307724,-2.164918349197716e-08,0.8973864234554793
5843.629999998957,5.601301895547876e-05,0.11541379741074455,-0.07115063997763604,-1.176731962755405,1.7384763458307724,-2.1641226279646777e-08,0.8972837563501274
3643.310000002384,0.00014458672939583533,0.1523784024149623,-1.1139865012372336,-0.0609334922909509,6.457853657728366,-3.647311748746309e-09,0.8969659739649944
5500.030000001192,6.924468027179792e-05,0.12740005377274655,-0.5088131781178378,-0.9730785284042742,1.7499876441997642,-2.3997140407587766e-08,0.8968549863434467
5600.010000001639,6.70390900617645e-05,0.12635277027588668,-0.4433675031857547,-1.0050249922002037,1.731771829066473,-2.3514523026792998e-08,0.8967414236064395
5600.0,6.7000907441016e-05,0.1263191843737607,-0.44262809671669867,-1.0062325879007648,1.731771829066473,-2.353285383907665e-08,0.896625341719401
5600.0,6.687581021519435e-05,0.1261485081770222,-0.4377443927033573,-1.0086769346967246,1.731771829066473,-2.3541612652320394e-08,0.8965067966477593
5600.009999997914,6.682764689489159e-05,0.1260969114518443,-0.4340739943911376,-1.0099734629278694,1.731771829066473,-2.3553066604296847e-08,0.8963858443569424
5700.0,6.504537205081654e-05,0.1256019553178745,-0.37496041203102637,-1.0381935860497609,1.7139097708266973,-2.309832881443812e-08,0.8962625408123784
5800.0,6.288778492110084e-05,0.1243681705536959,-0.30726975188427863,-1.0697081950575151,1.6963954987550847,-2.2565478714847507e-08,0.8961369419794952
5800.0,6.30081823495044e-05,0.12460890073119886,-0.30205247535009994,-1.071231360437498,1.6963954987550847,-2.2615351410882776e-08,0.8960091038237208
5800.0,6.274751607247283e-05,0.12420038342351539,-0.2930390597016812,-1.0751196142318014,1.6963954987550847,-2.2598155668367075e-08,0.8958790823104834
5800.0,6.283284628872418e-05,0.12435855289665673,-0.29479922385621826,-1.0741024056081376,1.692301008582438,-2.2615956539651697e-08,0.895746933405211
5900.0,6.108419005279383e-05,0.12368000902639188,-0.23219400224010922,-1.102229257625719,1.7901396883363494,-2.2123436215906007e-08,0.8956127130733316
5900.0,6.109724923590024e-05,0.12370693795084882,-0.23042645002652762,-1.102768461002124,1.7901396883363494,-2.2131371617564033e-08,0.8954764772802731
5800.0,6.284395090590505e-05,0.12439473332320213,-0.29067223909238304,-1.0754819893567147,1.692301008582438,-2.2634286898608917e-08,0.8953382819914639
5800.0,6.285330216248074e-05,0.12440967561846913,-0.29200893218869384,-1.0750667244414207,1.6963954987550847,-2.2633883479429643e-08,0.8951981831723317
5900.0,6.106557377049456e-05,0.12366826753650367,-0.22875530491782525,-1.1034375876223732,1.7901396883363494,-2.213463231814784e-08,0.8950562367883047
5900.0,6.0971380939151144e-05,0.12349835196411783,-0.2254789681640741,-1.1041282489925914,1.7852981207454608,-2.211175332661002e-08,0.8949124988048107
5900.0,6.103362045012641e-05,0.12360852182057144,-0.2260738005727756,-1.1041455735467935,1.7901396883363494,-2.2128118643758688e-08,0.8947670251872781
5900.010000001639,6.0958515661479156e-05,0.12348689173097908,-0.2232431083289823,-1.1051188950209554,1.7852981207454608,-2.211922109088051e-08,0.8946198719011347
5900.010000001639,6.093494864694972e-05,0.12349553275389968,-0.22095095171332257,-1.1065650456255653,1.7852981207454608,-2.2144441138518082e-08,0.8944710949118087
5900.0,6.095081967213253e-05,0.12349724487422967,-0.22290917008590183,-1.105594068674868,1.7852981207454608,-2.2130962098296274e-08,0.8943207501847278
5900.0,6.110002778549735e-05,0.12375870796275384,-0.2255815140503623,-1.1040806620316985,1.7852981207454608,-2.2158569878358676e-08,0.8941688936853204
5900.010000001639,6.0978151060330346e-05,0.12350654846656642,-0.22682643674204472,-1.1035892652067802,1.7852981207454608,-2.2108380795745258e-08,0.8940155813790145
5900.010000001639,6.107634092234939e-05,0.12372710539800692,-0.2219839285601517,-1.1054067225284394,1.7852981207454608,-2.216401737504388e-08,0.8938608692312379
5900.0,6.109752709086133e-05,0.12376561591821793,-0.22504589195350455,-1.104654288280852,1.7852981207454608,-2.216699979384974e-08,0.8937048132074187
5900.0,6.113281467074601e-05,0.12383798760938124,-0.22320665176507548,-1.1050286038747357,1.7852981207454608,-2.2181441143118293e-08,0.8935474692729852
5900.0,6.113198110586412e-05,0.12381615677271737,-0.22250449740997835,-1.1050184133908516,1.7852981207454608,-2.217092499739612e-08,0.8933888933933651
5900.020000003278,6.113424189060703e-05,0.12386275779410696,-0.22092985714641422,-1.1057185763035773,1.7852981207454608,-2.2198820016058154e-08,0.8932291415339866
5900.019999999553,6.115680706325705e-05,0.12386952767733343,-0.22214688394276116,-1.1051512369625895,1.7852981207454608,-2.2181504731089738e-08,0.8930682696602777
5900.0,6.109141428174631e-05,0.12377750678714085,-0.2163392742154988,-1.1073561272485786,1.7852981207454608,-2.218895929872995e-08,0.8929063337376665
5900.0,6.102389552653653e-05,0.12370106462690823,-0.21447049245355165,-1.1088619093006202,1.7852981207454608,-2.2200850811049052e-08,0.892743389731581
5900.019999999553,6.105987320908875e-05,0.12376008661740684,-0.21467447873413104,-1.1080740254066292,1.7852981207454608,-2.2202357026806496e-08,0.8925794936074493
5900.009999997914,6.10960456524964e-05,0.12381466352558901,-0.21783440166003487,-1.1072935126807595,1.7852981207454608,-2.220391978707161e-08,0.8924147013306992
6000.010000001639,5.9408196009516294e-05,0.12310251847401346,-0.15299217849354552,-1.134116280669524,1.766721115980019,-2.1682057866896863e-08,0.8922490688667589
5950.320000000298,5.94788680535178e-05,0.12306576943471076,-0.15191251924686977,-1.1343769287613112,1.766721115980019,-2.1714651147660167e-08,0.8920826521810565
5953.589999999851,5.936297797106465e-05,0.1229162138548667,-0.15355635487665253,-1.134727620748695,1.766721115980019,-2.1725012820021333e-08,0.8919155072390199
6002.940000001341,5.785224948175514e-05,0.12231598704775662,-0.08669457644735923,-1.1619720385024868,1.7485281365736218,-2.1288714108398232e-08,0.8917476900060772
5999.379999998957,5.908126527365174e-05,0.12256341505678818,-0.14779546202056082,-1.137638024729814,1.772696984448876,-2.1643064702056232e-08,0.8915792564476567
6014.469999998808,5.759524958171469e-05,0.12191322953950919,-0.08272750781870819,-1.1644087442533348,1.7544076200671748,-2.124332910106966e-08,0.891410262529186
5950.480000000447,5.725991126260011e-05,0.11945910656821651,-0.08284853215221277,-1.1662419493260034,1.772696984448876,-2.1493171434560947e-08,0.8912407642160932
5955.469999998808,5.728276480165891e-05,0.11951218700002966,-0.08419779212282696,-1.16576278675558,1.772696984448876,-2.1492377370196143e-08,0.8910708174738066
5960.989999998361,5.7196813724551214e-05,0.11935331212309992,-0.08359196413364822,-1.165914426028418,1.772696984448876,-2.1457977274564567e-08,0.890900478267754
5966.029999997467,5.7215950990874414e-05,0.11940992443949043,-0.08598899464184218,-1.1657608209418626,1.772696984448876,-2.146364966340937e-08,0.8907298025633634
5960.360000003129,5.727128276457836e-05,0.11951383759652767,-0.08361953435657288,-1.166196556387361,1.772696984448876,-2.1491099332150023e-08,0.8905588463260633
5964.370000001043,5.7258288565208166e-05,0.11950405027774953,-0.08205347637066218,-1.1667594452305772,1.772696984448876,-2.1488334025927507e-08,0.8903876655212811
5965.089999999851,5.724740563793013e-05,0.11948561200165417,-0.08030596690906266,-1.1671956927311253,1.772696984448876,-2.1486471915711423e-08,0.8902163161144452
5925.210000000894,5.647573379488034e-05,0.1181270756893989,-0.059049240408062253,-1.1781765340478032,1.720060415488598,-2.143058918858896e-08,0.8900448540709835
5935.949999999255,5.647890159197648e-05,0.11813440062920653,-0.06185820281372978,-1.176775746330447,1.720060415488598,-2.1405253521683165e-08,0.8898733353563243
5904.160000000149,5.6457388575557234e-05,0.11807820877697188,-0.05423333750676651,-1.1795317723177379,1.720060415488598,-2.1462608363840864e-08,0.8897018159358954
5882.309999998659,5.636608816145797e-05,0.1161631620867335,-0.07249144546147646,-1.1747497624027556,1.7384763458307724,-2.1698032834645865e-08,0.8895303517751247
5888.609999999404,5.6306663432736766e-05,0.11609244806263307,-0.0651955475907271,-1.1773720550029145,1.7384763458307724,-2.169559815029269e-08,0.8893589988394406
5890.560000002384,5.620288789524126e-05,0.1159003212388855,-0.06763079998503585,-1.1768819183510217,1.7384763458307724,-2.165826866176026e-08,0.8891878130942709
5888.469999998808,5.6213883011539185e-05,0.11591162131038579,-0.06936826603178536,-1.1762932549109004,1.7384763458307724,-2.1659133233868743e-08,0.8890168505050435
5892.0,5.60741459686766e-05,0.11571025937354822,-0.0574456076680927,-1.1805483537440724,1.7384763458307724,-2.1653640596446e-08,0.8888461670371868
5891.5,5.6052761815450626e-05,0.11566761628747751,-0.06468924286966038,-1.1790831402742543,1.7384763458307724,-2.164318594916046e-08,0.8886758186561285
5881.609999999404,5.609132261246853e-05,0.11574020684371532,-0.05634826796769854,-1.1813514282105952,1.7384763458307724,-2.168432580148593e-08,0.888505861327297
5879.609999999404,5.613580697292678e-05,0.11577401521442571,-0.06291096676027053,-1.1787662855585848,1.7384763458307724,-2.166939279284284e-08,0.88833635101612
5887.589999999851,5.6091861713803166e-05,0.1157293745580319,-0.056693744465782014,-1.180888183092226,1.7384763458307724,-2.1664947200288622e-08,0.8881673436880257
5891.480000000447,5.6112818492891e-05,0.11576970491571274,-0.06173390238797882,-1.179315365843749,1.7384763458307724,-2.1656568225921628e-08,0.887998895308442
5878.030000001192,5.6033206446771384e-05,0.1156067401217677,-0.06046826966967922,-1.1802962432905677,1.7384763458307724,-2.1658786082826657e-08,0.8878310618427971
5890.259999997914,5.60422694567309e-05,0.11566202835096705,-0.06267803439649144,-1.1800723460058908,1.7384763458307724,-2.1653151254244225e-08,0.887663899256519
5891.489999994636,5.594689224245307e-05,0.1154979443160914,-0.05558725045338342,-1.1817248117057795,1.7384763458307724,-2.1632186308663813e-08,0.8874974635150358
5893.390000000596,5.59545185796758e-05,0.1155165395255364,-0.05745661963513138,-1.1812545372077756,1.7384763458307724,-2.1630459934447373e-08,0.8873318105837754
5895.719999998808,5.5971821822098367e-05,0.11555356695558214,-0.060414005917632796,-1.1804773733130098,1.7384763458307724,-2.1629834475402604e-08,0.8871669964281658
5886.270000003278,5.599225875370339e-05,0.11557952602497644,-0.056519740426897336,-1.1816742863842744,1.7384763458307724,-2.165594224021476e-08,0.887003077013635
5899.810000002384,5.601471517554977e-05,0.11567348357449904,-0.05402392246469345,-1.1824101672709277,1.7384763458307724,-2.1659454647403827e-08,0.8868401083056112
5897.930000007153,5.592899092586094e-05,0.115509023298082,-0.05526378989476166,-1.182176868211617,1.7384763458307724,-2.163391154428368e-08,0.8866781462695225
5895.129999995232,5.600975963448917e-05,0.11565184823425873,-0.05204112672746852,-1.1828228195153623,1.7384763458307724,-2.166349577419681e-08,0.8865172468707969
5902.030000001192,5.466851186240496e-05,0.11514474616023967,0.011165978170478486,-1.207864603149976,1.720060415488598,-2.1240938097524444e-08,0.8863574660748623
5902.440000005066,5.4653674640516344e-05,0.1151103034798064,0.010042445462228766,-1.2074725253451366,1.720060415488598,-2.12314275372828e-08,0.8861988598471466
5898.960000000894,5.597145023222368e-05,0.11559159549531513,-0.05379021287718588,-1.1823219015039674,1.7384763458307724,-2.1646137783394553e-08,0.8860414841530782
5892.789999999106,5.582391122221042e-05,0.11533069132534468,-0.04662551346784083,-1.185218298959388,1.7384763458307724,-2.1634195752001144e-08,0.8858853949580849
5896.719999998808,5.5866218416479805e-05,0.11542819324848755,-0.050236808811402245,-1.1845488115728728,1.7384763458307724,-2.1645055386184847e-08,0.8857306482275948
5894.739999994636,5.5840364088032e-05,0.11538122882905047,-0.04778614923348057,-1.1854046931851954,1.7384763458307724,-2.1645560190869256e-08,0.8855772999270362
5896.75,5.5775032732877614e-05,0.11525042250250392,-0.04352639101664746,-1.1860195324831062,1.7384763458307724,-2.1617964754948462e-08,0.8854254060218365
5895.1500000059605,5.579394020408621e-05,0.11531672915322773,-0.043930501644639186,-1.1864317004213516,1.7384763458307724,-2.1642387805856678e-08,0.8852750224774243
5894.729999989271,5.576784880821677e-05,0.11525731958324444,-0.04451574790203905,-1.1861601271440956,1.7384763458307724,-2.1629524898404857e-08,0.8851262052592274
5884.030000001192,5.5712144373354144e-05,0.11511315975170962,-0.045227378267927776,-1.1861697094863968,1.7384763458307724,-2.1618533341650723e-08,0.8849790103326739
5901.909999996424,5.446887504173636e-05,0.11483457572273593,0.01763585588685368,-1.211191957061856,1.720060415488598,-2.1222930128098756e-08,0.8848334936631918
5888.769999995828,5.579310920576811e-05,0.11529923118505353,-0.04638844491470806,-1.1860973804851123,1.7384763458307724,-2.1648578924585774e-08,0.8846897112162093
5898.770000003278,5.5767150670759686e-05,0.11527378855439616,-0.04729570425362173,-1.1860268309920925,1.7384763458307724,-2.162964400182992e-08,0.884547718957154
5901.35000000149,5.4421195224375246e-05,0.11475522298434093,0.01972732140931699,-1.2117183818049195,1.720060415488598,-2.1214999528498394e-08,0.8844075728514545
5849.929999999702,5.584875622155186e-05,0.11533141143364566,-0.04323714599229733,-1.186969917617565,1.7384763458307724,-2.1718055957312462e-08,0.8842693288645385
5896.590000003576,5.5891887915939725e-05,0.11548482425309559,-0.048765132838604064,-1.184868466692372,1.7384763458307724,-2.1657183191565622e-08,0.8841330429618339
5913.29999999702,5.442559724864731e-05,0.11480827210729334,0.02226806395665859,-1.212757226645336,1.720060415488598,-2.1218241742428937e-08,0.8839987711087691
5851.4599999934435,5.584554254566532e-05,0.11532582680251476,-0.04264342056858261,-1.1871187317825527,1.7384763458307724,-2.1715017749419337e-08,0.883866569270772
5883.39999999851,5.538793471531847e-05,0.11461514453130625,-0.030497462134546183,-1.1925574836807074,1.7445518121074437,-2.1594543632975558e-08,0.8837364934132707
5892.479999996722,5.5475018431620535e-05,0.11473261841696798,-0.03378279299830922,-1.1907734054213277,1.7445518121074437,-2.1576522660077895e-08,0.8836085995016929
5819.189999997616,5.5427210459359856e-05,0.11455837458012705,-0.024469206857160142,-1.1945575241638,1.7445518121074437,-2.168907332107334e-08,0.8834829435014669
5805.830000005662,5.388608387339006e-05,0.11201134930390479,0.02161391471498897,-1.2163888456173801,1.6861963994069389,-2.147349252813842e-08,0.8833595813780208
5831.14999999851,5.3698457465187584e-05,0.11179113267443347,0.03222859001879286,-1.220169933313972,1.6861963994069389,-2.1435476265760547e-08,0.8832385690967826
5862.820000000298,5.488374024460972e-05,0.11375518861947846,-0.015035410175525232,-1.2000166038501223,1.7445518121074437,-2.154990405042919e-08,0.8831199626231804
5825.479999996722,5.36596889798833e-05,0.11170054170392,0.028201647636565408,-1.2193824421708952,1.6861963994069389,-2.1424609374280456e-08,0.8830038179226418
5821.670000001788,5.358578333822894e-05,0.11154955829048485,0.03185627534009905,-1.2202711099884405,1.6861963994069389,-2.1405815840859196e-08,0.8828901909605954
5827.469999998808,5.36147755806193e-05,0.11162486990774464,0.02872633465585439,-1.2197153042161053,1.6861963994069389,-2.141137435997281e-08,0.8827791377024689
5826.480000004172,5.3630826401174095e-05,0.11165977379856087,0.02983119627417352,-1.2201059167367287,1.6861963994069389,-2.1422064416667877e-08,0.8826707141136904
5809.9000000059605,5.360075743642227e-05,0.11156748610057628,0.033099472640875316,-1.220735376969362,1.6861963994069389,-2.1421984970499173e-08,0.882564976159688
5830.890000000596,5.3694071230182815e-05,0.11179677385357689,0.03238801173680672,-1.2203957541302533,1.6861963994069389,-2.1441154353559893e-08,0.8824619798058899
5817.380000002682,5.3619446370980694e-05,0.11158510724192591,0.030191215053936293,-1.219907318595506,1.6861963994069389,-2.1403050869086025e-08,0.8823617810177237
5834.539999999106,5.3505609338435154e-05,0.11148233880039833,0.035249015207329926,-1.2220116783738837,1.6861963994069389,-2.139846857843457e-08,0.8822644357606177
3696.4400000050664,0.0001414529615184496,0.15143173911304267,-1.15063993823555,-0.10033350015994094,6.319283847397731,-6.163297411168471e-09,0.8819871899424545
5800.0,6.298071303331681e-05,0.1245619865218332,-0.2993033325154668,-1.0720705768365615,1.6963954987550847,-2.2615578334171117e-08,0.8818980729041007
5800.0,6.301285797779372e-05,0.12463892678038241,-0.2994845674652944,-1.072140416691636,1.6963954987550847,-2.2634412967102612e-08,0.8818104385240104
5900.0,6.127729924979299e-05,0.123953357137928,-0.2355624959935092,-1.0992533971674447,1.7852981207454608,-2.2120415045459602e-08,0.881724254800671
5900.0,6.131981105862877e-05,0.12408129738837331,-0.2286856863067075,-1.1020425763500732,1.7852981207454608,-2.2171465871900415e-08,0.8816394897325704
5900.0,6.139844401222838e-05,0.124203153930678,-0.23364758347437053,-1.0998512728759533,1.7852981207454608,-2.2170237314097554e-08,0.881556111318197
5900.0,6.14137260350111e-05,0.12423971725914698,-0.23165881866316163,-1.1004340088212545,1.7852981207454608,-2.2180815274048615e-08,0.8814740875560383
5800.0,6.342022209234484e-05,0.12535434055308867,-0.29503164528714443,-1.0717251494673432,1.692301008582438,-2.2729594679707748e-08,0.8813933864445821
5950.619999997318,5.965840960558832e-05,0.12337223873148084,-0.1580659646811915,-1.1315914443796822,1.766721115980019,-2.175360835642945e-08,0.8813139759823164
5700.0,6.489033806022995e-05,0.1254299900169186,-0.3556864432740068,-1.0447990401404097,1.7097446859959013,-2.3144909321814016e-08,0.8812358241677293
5972.240000002086,5.944083383873296e-05,0.1230465214790221,-0.1550008026676526,-1.1334875072018245,1.766721115980019,-2.1686375042618724e-08,0.8811588989993081
5900.0,6.130508474576409e-05,0.12419477481116302,-0.2147265831091949,-1.1076257153052447,1.7852981207454608,-2.2260223378079453e-08,0.8810831684755412
5900.0,6.125951653237149e-05,0.12410490709920259,-0.21670770567520803,-1.1072794033620363,1.7852981207454608,-2.2243456268441876e-08,0.8810086005949164
5950.19999999553,5.9831065500829746e-05,0.1236865794876518,-0.15630363390460644,-1.1315884711188489,1.766721115980019,-2.179921208839392e-08,0.8809351633559214
5900.009999997914,6.146982284425339e-05,0.12440398471282736,-0.22270944126793601,-1.103449835528773,1.7852981207454608,-2.223847843107377e-08,0.8808628247570441
5900.019999995828,6.130215769967052e-05,0.12422375815598037,-0.2109281467430768,-1.1088858724341821,1.7852981207454608,-2.228044175109307e-08,0.8807915527967725
5900.009999997914,6.131552133292407e-05,0.1242325719000616,-0.2122230872534452,-1.1085875452076281,1.7852981207454608,-2.22760243869796e-08,0.8807213154735944
5900.0,6.132675743262155e-05,0.12423741964753608,-0.21392848969198353,-1.107680993424803,1.7852981207454608,-2.226691476837747e-08,0.8806520807859978
5900.0,6.129202556265905e-05,0.12420542943271436,-0.20931486447629633,-1.1092980334697728,1.7852981207454608,-2.2279718040575526e-08,0.8805838167324703
6000.0,5.974352194606287e-05,0.12374060432400497,-0.15333105940199054,-1.1336640821288422,1.766721115980019,-2.177855770654864e-08,0.8805164913115002
5900.0,6.139566546262988e-05,0.12437407013535381,-0.21273649718613763,-1.1079888325710576,1.7852981207454608,-2.2291995891826306e-08,0.8804500725215749
5946.530000001192,5.989609538290887e-05,0.12383475901774758,-0.15490074985128421,-1.1322574486789558,1.766721115980019,-2.183948810792991e-08,0.8803845283611827
5900.0,6.164462350653097e-05,0.12475202408828609,-0.2214684281220185,-1.1040173901282846,1.7852981207454608,-2.2303616966893194e-08,0.8803198268288113
5900.019999995828,6.152955637655046e-05,0.12461579825664662,-0.2138741896010412,-1.1074091715558785,1.7852981207454608,-2.2323820100064483e-08,0.8802559359229485
5900.0,6.139677688246874e-05,0.12441694413825063,-0.20683661406896414,-1.1097291544729189,1.7852981207454608,-2.2318730545903354e-08,0.8801928236420823
5900.0,6.141900527924423e-05,0.12446016652265686,-0.20865329729428517,-1.1093094326250832,1.7852981207454608,-2.2324309280077666e-08,0.8801304579847004
6000.0,5.9738233738763855e-05,0.12375104790636526,-0.1495602239070437,-1.1346376561678173,1.766721115980019,-2.179170353259951e-08,0.8800688069492909
6025.429999992251,5.827932785497118e-05,0.12313659529135575,-0.08998086031983377,-1.1594166902367105,1.7485281365736218,-2.135810332477284e-08,0.8800078385343415
6028.570000000298,5.830518877121975e-05,0.12323509410401742,-0.08432575954174704,-1.1612063207220051,1.7485281365736218,-2.1386628102386373e-08,0.8799475207383403
6030.9000000059605,5.802588090431191e-05,0.12277579816701394,-0.08049176984207351,-1.1637193104998853,1.7544076200671748,-2.1347426279000407e-08,0.8798878215597751
6025.080000005662,5.79451037667046e-05,0.12261112552102928,-0.073750858179642,-1.1655670140999859,1.7544076200671748,-2.1337035297915314e-08,0.8798287089971335
6041.310000002384,5.797054120145939e-05,0.12271377056811475,-0.07456736355077354,-1.1655569331780413,1.7544076200671748,-2.1337091804316123e-08,0.8797701510489038
5970.960000000894,5.934386477942847e-05,0.12310771639529992,-0.12636719459448198,-1.1439273553283011,1.772696984448876,-2.18245776465642e-08,0.8797121157135736
5940.820000000298,5.774506760909114e-05,0.12030523565820388,-0.08242358535373118,-1.1647340406711013,1.772696984448876,-2.1607456191996948e-08,0.8796545709896308
5968.089999996126,5.7651117043560046e-05,0.1202718414550744,-0.07577675251957272,-1.1675739769071303,1.772696984448876,-2.159924778563687e-08,0.8795974848755633
5942.739999994636,5.7608790239518016e-05,0.12012726857686278,-0.07507144865002946,-1.1676280692102836,1.772696984448876,-2.1617936820538473e-08,0.8795408253698592
5977.149999991059,5.755357022259527e-05,0.1201196784813794,-0.07817489595001748,-1.16674035780781,1.772696984448876,-2.1570507929654162e-08,0.8794845604710061
5974.240000002086,5.742950825192102e-05,0.1199288085727657,-0.07153585952897368,-1.1698891073628814,1.7774591820792582,-2.157390601924458e-08,0.8794286581774919
5978.770000003278,5.741579573410299e-05,0.11990476412143268,-0.06933095650366683,-1.17065401034761,1.7774591820792582,-2.1563270635939786e-08,0.8793730864878047
5967.39999999851,5.745752930124802e-05,0.11994114904807565,-0.0746441166190146,-1.168467809494098,1.7774591820792582,-2.157213153210608e-08,0.879317813400432
5900.0,5.639094192831618e-05,0.11632705088826756,-0.05572326272776307,-1.1800882998861018,1.7384763458307724,-2.1740412072195242e-08,0.8792628069138622
5912.630000010133,5.495682950099948e-05,0.11570938723838263,0.008560968213768394,-1.2060352553165858,1.720060415488598,-2.1308368722990266e-08,0.8792080350265827
5912.429999999702,5.492544551235765e-05,0.11566661863591711,0.014946156774120922,-1.2081751600049877,1.720060415488598,-2.1315411411928528e-08,0.8791534657370815
5911.95000000298,5.4884725255554856e-05,0.11556880003263695,0.011272008113920151,-1.2071554430011726,1.720060415488598,-2.129170306960798e-08,0.8790990670438469
5906.9599999934435,5.4918707866695054e-05,0.11563455247795087,0.014657750664733626,-1.2079650851131576,1.720060415488598,-2.1314207952830355e-08,0.879044806945366
5906.899999991059,5.491242875867027e-05,0.11562972040283233,0.018310467077594872,-1.2090268325851588,1.720060415488598,-2.131961115090736e-08,0.8789906534401274
5910.399999991059,5.494501547599457e-05,0.11569254761552497,0.011396775058563069,-1.2070717094964751,1.720060415488598,-2.1315692447671314e-08,0.8789365745266184
5903.4700000062585,5.495923637481385e-05,0.1157127142557687,0.015472969034334039,-1.2081827749336542,1.720060415488598,-2.1334026181401204e-08,0.8788825382033273
5914.740000002086,5.498328356615876e-05,0.11578078495127954,0.011842387936849885,-1.2070268455487296,1.720060415488598,-2.1324957401863794e-08,0.8788285124687419
5909.380000002682,5.486936572914992e-05,0.11560586424137209,0.02088023135549477,-1.210423387092029,1.720060415488598,-2.1331265101919725e-08,0.87877446532135
5913.109999999404,5.487159553909841e-05,0.11561272974326203,0.019436576272005013,-1.2098438512246998,1.720060415488598,-2.132367067234935e-08,0.8787203647596394
5887.0999999940395,5.6264321870756145e-05,0.11617624931092768,-0.042207392808696564,-1.1856543645483268,1.7384763458307724,-2.1791284928677286e-08,0.8786661787820981
5915.039999999106,5.493691848640265e-05,0.11570357122164657,0.017102621397449447,-1.2087742409276834,1.720060415488598,-2.1322404661026173e-08,0.878611875387214
5911.580000005662,5.489360717704502e-05,0.11564735118482221,0.018977695495816516,-1.209762607989385,1.720060415488598,-2.1330261558279098e-08,0.8785574225734749
5917.359999999404,5.4908495053796625e-05,0.1156687752756573,0.016201421172202135,-1.2088865384006113,1.720060415488598,-2.131826007783577e-08,0.8785027883393686
5920.990000009537,5.4707269343451e-05,0.11534992615724074,0.02390926469707555,-1.2121684032044568,1.720060415488598,-2.1288788355579807e-08,0.8784479406833833
5913.2799999937415,5.475427218943156e-05,0.11538722405626138,0.021849020377335826,-1.2109694935202404,1.720060415488598,-2.1290989352173908e-08,0.8783928476040065
5904.539999999106,5.469124151099284e-05,0.11529043391802064,0.02543192108042014,-1.2126456809404964,1.720060415488598,-2.130458425035404e-08,0.8783374770997264
5912.440000005066,5.473681535066439e-05,0.11538195775277608,0.02388724666706965,-1.2117441142074112,1.720060415488598,-2.130153287124468e-08,0.8782817971690304
5910.890000000596,5.470648937878907e-05,0.11534070935698591,0.025638414898624617,-1.2126512626396484,1.720060415488598,-2.1305814672325847e-08,0.878225775810407
5916.259999997914,5.507310348068534e-05,0.11597045506544952,0.012959156083793388,-1.2071101182374535,1.720060415488598,-2.135723015286476e-08,0.8781693810223437
5912.429999999702,5.510397776976943e-05,0.11602814337325588,0.012030335750841115,-1.2071355722794204,1.720060415488598,-2.1374470060436285e-08,0.8781125808033284
5926.809999994934,5.510073710767045e-05,0.11604458112614814,0.00989133876590298,-1.2064188720924143,1.720060415488598,-2.135364088154571e-08,0.8780553431518491
5932.690000005066,5.4996684690021754e-05,0.11586138788304673,0.019511427505872092,-1.2085387946318822,1.720060415488598,-2.1322211698980563e-08,0.8779976360663936
5914.54999999702,5.4967321361216084e-05,0.11574922487908636,0.01792834356895856,-1.2090560274434055,1.720060415488598,-2.132027739275842e-08,0.8779394275454496
5936.680000007153,5.498617127621212e-05,0.11586234294912744,0.02013811691003209,-1.2089462979697914,1.720060415488598,-2.1321566522811325e-08,0.8778806855875054
5913.219999998808,5.495354481246028e-05,0.11573806161805134,0.018229349943067685,-1.2091669401427736,1.720060415488598,-2.1333492438993448e-08,0.8778213781910487
5925.359999999404,5.487750229800919e-05,0.1156749331702182,0.023327255748098796,-1.2112323514037353,1.720060415488598,-2.132958347624012e-08,0.8777614733545671
5918.820000000298,5.48259487295155e-05,0.11556842412933442,0.025428903359968835,-1.2120951417196795,1.720060415488598,-2.132542811459067e-08,0.8777009390765488
5920.1500000059605,5.486940524498345e-05,0.11563795489380585,0.02116803222146224,-1.2106332289243196,1.720060415488598,-2.1325897129698742e-08,0.8776397433554817
5918.659999996424,5.491310151547101e-05,0.11571868564605411,0.018514386733756716,-1.2098001069563968,1.720060415488598,-2.1337340134231224e-08,0.8775778541898535
5926.940000005066,5.486062101150522e-05,0.11563795489380585,0.02116803222146224,-1.2106332289243196,1.720060415488598,-2.1317416578272065e-08,0.877515239578152
5932.340000003576,5.484832526158588e-05,0.11563901812823049,0.021785302853603916,-1.2110377183740357,1.720060415488598,-2.1315138551316034e-08,0.8774518675188654
5924.390000000596,5.48734639891783e-05,0.11567599842673448,0.0239443912659838,-1.2116366245753054,1.720060415488598,-2.1335333439997997e-08,0.8773877060104812
5929.89999999851,5.483931329329248e-05,0.11563450758429474,0.023598045937809342,-1.2117855092942862,1.720060415488598,-2.132537277949351e-08,0.8773227230514876
5955.979999996722,5.566869296591392e-05,0.11710245385752416,-0.0026524230370941204,-1.199644142044224,1.720060415488598,-2.143084180191749e-08,0.8772568866403724
5898.789999991655,5.515032706930154e-05,0.11440588859247057,0.0012991070006864724,-1.2038480030001912,1.7445518121074437,-2.1636332848816987e-08,0.8771901647756233
5878.899999991059,5.3692719795663334e-05,0.11199725581787477,0.04768486352774204,-1.2248847284719733,1.6861963994069389,-2.1446285358057424e-08,0.8771225254557283
5876.429999992251,5.3673509096717026e-05,0.11197616145619252,0.051589345152814214,-1.2261155334014504,1.6861963994069389,-2.1456734913573013e-08,0.8770539366791754
5871.70000000298,5.367980474618443e-05,0.11197616145619252,0.051589345152814214,-1.2261155334014504,1.6861963994069389,-2.1463440347013682e-08,0.8769843664444524
5830.719999998808,5.158548756187065e-05,0.10835187889933875,0.12074404260053306,-1.2569382765204138,1.6861963994069389,-2.1123498504128126e-08,0.876913782750047
5838.640000000596,5.3722946705621826e-05,0.11196427497222726,0.05496682888752957,-1.2272145580870935,1.6861963994069389,-2.1500014918999707e-08,0.8768421535944475
5861.030000001192,5.5343409949855145e-05,0.1146309036333424,0.002493200186421518,-1.2038736417216238,1.7445518121074437,-2.1697528434060143e-08,0.8767694469761411
5899.289999999106,5.535525919034404e-05,0.11473778014276906,-0.006484126808252277,-1.200849521503344,1.7445518121074437,-2.1653309126079946e-08,0.8766956308936164
5913.229999996722,5.390078933834557e-05,0.11403807963376704,0.06973130777935133,-1.2293892336578165,1.726036283957455,-2.121403923509707e-08,0.8766206733453608
5833.8499999940395,5.522431301150455e-05,0.11442070256357133,0.0023868084952058943,-1.2047981198509559,1.7445518121074437,-2.175404452148051e-08,0.8765445423298623
5894.140000000596,5.529153426022799e-05,0.11464558380943272,-0.0019425647310429284,-1.2024863436977586,1.7445518121074437,-2.1672740496218306e-08,0.876467205845609
5911.45000000298,5.38373426751937e-05,0.11393446491330879,0.06278069238451689,-1.2281973908608235,1.726036283957455,-2.1202006837827177e-08,0.8763886318910885
5917.1500000059605,5.3721512508198894e-05,0.11374798142687433,0.06817466677737816,-1.230014815295905,1.726036283957455,-2.1174483759561314e-08,0.8763087884647887
5901.989999994636,5.3778269678688064e-05,0.11380735568341042,0.06794981978162484,-1.2296774450061068,1.726036283957455,-2.119900482608603e-08,0.8762276435651977
5895.20000000298,5.5181968675464046e-05,0.11446386447777507,-1.3205795481585625e-05,-1.2038073623842107,1.7445518121074437,-2.16543820218691e-08,0.8761451651908031
5920.960000000894,5.3786616877085197e-05,0.11386805229445769,0.06759436838432364,-1.2295942807153242,1.726036283957455,-2.1185750669280087e-08,0.876061321340093
5914.5999999940395,5.3735091254689575e-05,0.11379251562392792,0.07035484882420606,-1.2307387728065586,1.726036283957455,-2.1193086324479625e-08,0.8759760800115551
5902.669999994338,5.369157644512632e-05,0.11371270721173067,0.0757334990130305,-1.2326590656614977,1.726036283957455,-2.121066075185981e-08,0.8758894092036775
5906.25,5.3630892065808354e-05,0.11359644081625196,0.07567646357441893,-1.2329299241168958,1.726036283957455,-2.1187232218434766e-08,0.8758012769149478
5912.089999996126,5.361749513263315e-05,0.1136340666037091,0.08387193088908118,-1.2352711817115258,1.726036283957455,-2.120736465599608e-08,0.875711651143854
5910.960000000894,5.3657816365629704e-05,0.11366469719300784,0.07692320889946735,-1.2328662886493404,1.726036283957455,-2.1191800108425225e-08,0.8756204998888841
5929.270000003278,5.3605372526618784e-05,0.11361023149106585,0.07792400875450944,-1.233626315428222,1.726036283957455,-2.116520176212767e-08,0.8755277911485259
5918.04999999702,5.3501579627955416e-05,0.11340849805765883,0.08205712034294566,-1.2351569361350656,1.726036283957455,-2.1156635950168035e-08,0.8754334929212672
5923.25,5.3537388869794336e-05,0.11348809908479299,0.07912953988950733,-1.2345599799136713,1.726036283957455,-2.1158350643176213e-08,0.8753375732055959
3757.359999999404,0.00014089199422569003,0.15360787154276564,-1.1789502146542012,-0.1489915019406279,6.179440974427369,-9.364541218471963e-09,0.8750363367716099
6000.009999997914,5.9822161212887757e-05,0.12380771271118761,-0.15492911277116228,-1.1316107107169888,1.766721115980019,-2.175305234230795e-08,0.874929457001008
6000.009999997914,5.997391541086564e-05,0.1241439363798761,-0.15184381050370765,-1.1329766737855729,1.766721115980019,-2.1825164993235113e-08,0.8748192858712842
6028.64999999851,5.860595213037177e-05,0.12371706197015743,-0.09259126767877612,-1.1565255517051725,1.7485281365736218,-2.1408882937047313e-08,0.8747058789412999
5900.0,6.170436232286884e-05,0.1248777978936996,-0.2129941273996243,-1.1057658829381025,1.7852981207454608,-2.233267738133902e-08,0.8745892917699171
6000.020000003278,6.003254068532791e-05,0.12425298536286648,-0.1503637198328862,-1.1327417418181513,1.766721115980019,-2.183738259854819e-08,0.8744695799159974
6000.009999990463,5.9998927879578426e-05,0.12421873445286365,-0.14478002416309854,-1.13492781953192,1.766721115980019,-2.1851593220694688e-08,0.8743467989384026
6000.009999990463,5.9995653183192725e-05,0.12426474909986532,-0.13966984811114536,-1.136740760807357,1.766721115980019,-2.1881855988749898e-08,0.8742210043959944
6000.0,6.004019037546478e-05,0.12433562019022325,-0.14123411599723745,-1.13614115034411,1.766721115980019,-2.1885879718252817e-08,0.8740922518476344
6000.0,6.002009518773498e-05,0.12431726994491714,-0.1380999331776498,-1.1372133021018744,1.766721115980019,-2.1893989156400965e-08,0.8739605968521845
6000.0,6.0035959809625574e-05,0.1243557825585032,-0.1394211382410755,-1.137186387873669,1.766721115980019,-2.190325098839135e-08,0.8738260949685066
6000.009999990463,5.9988806727881914e-05,0.12427645236335755,-0.13516032750132378,-1.1383130349195063,1.766721115980019,-2.1897970080237015e-08,0.8736888017554619
6000.010000005364,6.002426660814903e-05,0.12439138172315056,-0.1310963292718963,-1.1397272577184516,1.766721115980019,-2.1935301782563034e-08,0.8735487727719128
6000.0,6.005658381808722e-05,0.12441370700932958,-0.1330785576679392,-1.1388981726455347,1.766721115980019,-2.1924100780683024e-08,0.8734060635767207
6000.0,6.0124801692229694e-05,0.1245547457925774,-0.13325858652962186,-1.1388050883478475,1.766721115980019,-2.1948407754501132e-08,0.8732607297287471
6000.0,6.0123215230039344e-05,0.12454992854053981,-0.13335494134087034,-1.1386864339559182,1.766721115980019,-2.19460389449367e-08,0.8731128267868542
6000.010000005364,6.005922204688193e-05,0.12444286770403676,-0.12934718840893478,-1.1401692796788006,1.766721115980019,-2.1940892828726398e-08,0.8729624103099035
6000.020000003278,5.993424032613723e-05,0.12426482825394972,-0.12528620326786033,-1.1420298109229388,1.772696984448876,-2.1938966656463535e-08,0.8728095358567567
6091.89999999851,5.843694877268425e-05,0.1237817301169081,-0.06581816620959335,-1.1666839908855047,1.7544076200671748,-2.1446117581492022e-08,0.8726542589862757
6079.910000003874,5.846990512878349e-05,0.1238051395780215,-0.0661146078951873,-1.1665877535611022,1.7544076200671748,-2.1462851890922198e-08,0.872496635257322
6090.990000002086,5.845481382293196e-05,0.1238051395780215,-0.0661146078951873,-1.1665877535611022,1.7544076200671748,-2.1448595165490613e-08,0.8723367202287575
6080.239999994636,5.8287936490573206e-05,0.12349866777136063,-0.06207299331888594,-1.1684452502314193,1.7544076200671748,-2.143568208702817e-08,0.8721745694594439
6088.830000005662,5.8245601510488915e-05,0.12347594434263783,-0.05485615372077657,-1.1710319903773,1.7544076200671748,-2.1441938744246417e-08,0.8720102385082431
6097.7900000065565,5.800683167611884e-05,0.12309419613084918,-0.05265625643262162,-1.1723783440396107,1.7544076200671748,-2.1393550607992608e-08,0.8718437829340167
6067.559999994934,5.8052466984653786e-05,0.12308456290102877,-0.04813808569018274,-1.1739079239621233,1.759093008058357,-2.1433707777477812e-08,0.8716752582956264
5953.810000002384,5.526971411643309e-05,0.11644101206025952,0.018111978318056554,-1.2076825621250176,1.720060415488598,-2.1386994334759418e-08,0.8715047201519338
5961.44999999553,5.5184525541082134e-05,0.11629425651493139,0.02005126308362959,-1.2083822615140183,1.720060415488598,-2.135537649763875e-08,0.871332224061801
5964.939999997616,5.52196287693765e-05,0.11642989635410375,0.027939590326885533,-1.2109984979941535,1.720060415488598,-2.139739509563185e-08,0.8711578255840895
5958.19999999553,5.523595762462985e-05,0.11645752057450252,0.030481820912786173,-1.211962414678337,1.720060415488598,-2.141831207078244e-08,0.8709815802776609
5951.060000009835,5.511406784921548e-05,0.11620004890756386,0.030760646548483095,-1.2121868067608146,1.720060415488598,-2.138527112035499e-08,0.8708035437013772
5953.64999999851,5.5025833402512246e-05,0.11607983403180963,0.038852880798020184,-1.2151342983812283,1.720060415488598,-2.1384939719953213e-08,0.8706237714141002
5966.75,5.51002719961186e-05,0.11620695924534465,0.027507308629164395,-1.2112257982536039,1.720060415488598,-2.136011660797646e-08,0.8704423189746914
6025.840000003576,5.6030078876199663e-05,0.11961661500341728,0.024444443070993582,-1.2053705024481023,1.759093008058357,-2.1229324808671823e-08,0.8702592419420127
6033.179999999702,5.599419535280409e-05,0.11957244473508932,0.0213938686546844,-1.2051142656756675,1.759093008058357,-2.1216060839289424e-08,0.8700745958749256
6026.329999998212,5.594873698479426e-05,0.11946485757161412,0.021900440027450063,-1.204953382098073,1.759093008058357,-2.12049732278918e-08,0.8698884363322921
6021.869999997318,5.597436689240807e-05,0.11952378184373821,0.01928533869333693,-1.2045206609803647,1.759093008058357,-2.1224173203472813e-08,0.8697008188729739
6030.419999994338,5.591778848669941e-05,0.11944877472449651,0.024291611017825065,-1.2059207289173552,1.70203823554206,-2.1209298202228346e-08,0.8695117990558324
6029.35000000149,5.5907806837122265e-05,0.11942536041701977,0.025714552400081914,-1.2061806647569993,1.70203823554206,-2.1206920323090693e-08,0.8693214324397299
6039.920000001788,5.588695225197195e-05,0.11941662910242953,0.02468685176759422,-1.2061316034348042,1.70203823554206,-2.1194342056201335e-08,0.8691297745835277
5970.520000003278,5.734766495687968e-05,0.11994635412905422,-0.039006593678288404,-1.1809728892967186,1.7774591820792582,-2.1658496139679876e-08,0.8689368810460878
5920.280000001192,5.4197527155387264e-05,0.11459402563128031,0.06926345008328516,-1.2275367937817794,1.726036283957455,-2.1279730832596306e-08,0.8687428073862717
5861.640000000596,5.548199529838731e-05,0.11494515887162284,0.00294262341888496,-1.2038384885342126,1.7445518121074437,-2.1781086087138997e-08,0.8685476091629414
5940.25,5.404112776137694e-05,0.11440534064113059,0.06737899338351117,-1.2288264307392731,1.726036283957455,-2.1245881504908914e-08,0.8683513419349586
5928.269999995828,5.393095720943887e-05,0.11421935324513847,0.08144937974275601,-1.2327737830912595,1.726036283957455,-2.1256466897673902e-08,0.8681540612611847
5914.030000008643,5.400428580660839e-05,0.11432036759951152,0.08007790963081884,-1.2328269615133864,1.726036283957455,-2.1283021480500906e-08,0.8679558227004817
5921.140000000596,5.3881366401543134e-05,0.11408591336539019,0.07687334178220251,-1.232384465353113,1.726036283957455,-2.123090555833374e-08,0.8677566818117113
5917.570000000298,5.3880059059751365e-05,0.11408482607684343,0.07775376997381622,-1.2328634730636125,1.726036283957455,-2.1239512490783887e-08,0.8675566941537353
5933.10000000149,5.383580543265313e-05,0.11403769389291998,0.07498076887875538,-1.2318908696360806,1.726036283957455,-2.1217335422346276e-08,0.8673559152854154
5850.030000001192,5.5276475140756124e-05,0.11461037410770178,0.010860919721527917,-1.2075967503910057,1.7445518121074437,-2.1768955310278783e-08,0.8671544007656133
5904.810000002384,5.4057125268093256e-05,0.11439731119542618,0.07322629559197935,-1.2311619566875083,1.726036283957455,-2.1301223109272354e-08,0.8669522061531909
5917.9000000059605,5.3889480191816166e-05,0.11410785809350966,0.07774358242259849,-1.2325015968675872,1.726036283957455,-2.125105832858675e-08,0.8667493870070097
5924.810000002384,5.3849950829812894e-05,0.11407591423105182,0.07859747948154583,-1.23319840348745,1.726036283957455,-2.1246391930178137e-08,0.8665459988859315
5928.939999997616,5.381127574349014e-05,0.11401814159168652,0.08365108011559741,-1.235161667151624,1.726036283957455,-2.122365355127762e-08,0.8663420973488181
5895.030000008643,5.512326768181172e-05,0.11446883472934369,0.022962924908189297,-1.2115364471463872,1.7445518121074437,-2.170483630891117e-08,0.8661377379545311
5881.14999999851,5.517919025814829e-05,0.11453583432547557,0.017926819401072436,-1.2096272569663211,1.7445518121074437,-2.1737050974226185e-08,0.8659329762619324
5825.439999997616,5.526244984156509e-05,0.11456039657436969,0.017878254848002317,-1.2101028783977483,1.7445518121074437,-2.1824372792670605e-08,0.8657278678298839
5834.660000003874,5.40605974861784e-05,0.11259217943559185,0.05901650004993986,-1.227217121020881,1.6861963994069389,-2.1609670152284265e-08,0.8655224682172469
5904.200000010431,5.2563012903583324e-05,0.11192573650328727,0.1233938235339207,-1.252844340462505,1.6680461873015466,-2.107933673753972e-08,0.8653168329828834
5912.410000003874,5.363172902511148e-05,0.11369540844572117,0.0903642349187681,-1.237697992532843,1.726036283957455,-2.122397843387266e-08,0.8651110176856551
5865.679999999702,5.371901955976583e-05,0.11214470449273445,0.07023315150730891,-1.2322465450226177,1.6861963994069389,-2.1550166228521913e-08,0.8649050778844238
5839.670000001788,5.384980041365102e-05,0.11229568892621143,0.07243881197018087,-1.2317623897221033,1.6861963994069389,-2.1601044960928184e-08,0.8646990691380512
5848.39999999851,5.388247639275326e-05,0.1123422132653436,0.07014885368238444,-1.2312119299366222,1.6861963994069389,-2.156751327902098e-08,0.8644930470053989
5837.539999999106,5.3775979555759774e-05,0.11215384409712728,0.0671896570776509,-1.2310552341301395,1.6861963994069389,-2.157879081947244e-08,0.8642870670453286
5858.620000004768,5.375295648551288e-05,0.11218839582680602,0.07697295015214989,-1.2339044996411361,1.6861963994069389,-2.1562695608337545e-08,0.8640811848167025
5873.580000005662,5.372878574896622e-05,0.11214727378295547,0.07004213492995381,-1.23207861326699,1.6861963994069389,-2.1520232467333675e-08,0.8638754558783819
5885.469999991357,5.362582587850531e-05,0.11201746610178442,0.07175169033603046,-1.2327492127185409,1.6861963994069389,-2.1501675156732374e-08,0.8636699357892286
5902.119999997318,5.224335983122354e-05,0.11140233292629366,0.14855321793015897,-1.2610540328040984,1.6680461873015466,-2.1045037361030052e-08,0.8634646801081044
5908.54999999702,5.216340332119277e-05,0.11129640678806496,0.15238191960189873,-1.2626542398406178,1.6680461873015466,-2.103220912300129e-08,0.8632597443938711
5894.269999995828,5.3532023549892344e-05,0.11194489665458478,0.08503422502713098,-1.2375649647998437,1.6861963994069389,-2.1514701036716954e-08,0.8630551842053904
5904.359999999404,5.228565475152897e-05,0.11147145239680681,0.14008362770199767,-1.258602505986326,1.6680461873015466,-2.1041478288951608e-08,0.8628510551015239
5906.980000004172,5.22071965232591e-05,0.11137417120198459,0.15203420174999804,-1.2623481192614154,1.6680461873015466,-2.104527670134357e-08,0.8626474126411334
5914.560000002384,5.2178801666126725e-05,0.11134458157896393,0.1522906240773092,-1.262502407788173,1.6680461873015466,-2.1032445430388027e-08,0.8624443123830808
5902.030000001192,5.2194190093650316e-05,0.11134458157896393,0.1522906240773092,-1.262502407788173,1.6680461873015466,-2.1048101299079677e-08,0.8622418098862278
5904.130000002682,5.2218119929693394e-05,0.11140484434827018,0.15149032015427544,-1.2625908573935138,1.6680461873015466,-2.1059085585270697e-08,0.862039960709436
5909.5999999940395,5.2144488682963034e-05,0.11124706664027412,0.14545645424373221,-1.2610913368640784,1.6680461873015466,-2.101498583425452e-08,0.8618388204115671
5914.429999999702,5.21471431751834e-05,0.11133364664070314,0.15706327538329257,-1.264429690808967,1.6680461873015466,-2.104919347085683e-08,0.8616384445514831
5905.869999989867,5.213807593465223e-05,0.11124888407373029,0.14910083101304483,-1.2623439411977335,1.6680461873015466,-2.10296563640646e-08,0.8614388886880454
5908.589999996126,5.2199923544153147e-05,0.111376962918067,0.15250020070917403,-1.2626966955452967,1.6680461873015466,-2.1047812494263644e-08,0.861240208380116
5912.55000000447,5.213300469625383e-05,0.11123651511568484,0.14733619748323123,-1.2617211075107158,1.6680461873015466,-2.1013084390764285e-08,0.8610424591865564
5921.260000005364,5.2072014498669584e-05,0.1112010830626975,0.15281436225386003,-1.2638458148197165,1.6680461873015466,-2.101621384161079e-08,0.8608456966662286
5882.14999999851,5.3503804305421295e-05,0.1118590668987438,0.08974643315294673,-1.2387038415576448,1.6861963994069389,-2.1521220845141233e-08,0.8606499763779942
5912.519999995828,5.222369575336364e-05,0.11139660598571496,0.14999975666536836,-1.2616502155474405,1.6680461873015466,-2.1035137324733877e-08,0.860455353880715
5910.0999999940395,5.213712893172635e-05,0.11126775906636333,0.15609063629611075,-1.263805288300234,1.6680461873015466,-2.103334945194771e-08,0.8602618847332527
5903.760000005364,5.211470455922395e-05,0.11124095346038694,0.15767825850230555,-1.2646494602028489,1.6680461873015466,-2.104640728854435e-08,0.860069624494469
5917.969999998808,5.2174524175466255e-05,0.1113680232922443,0.15472454684949488,-1.2634960072411394,1.6680461873015466,-2.1041341236650235e-08,0.8598786287232257
5909.619999997318,5.219737159394957e-05,0.11139591186541761,0.15371338741941143,-1.26338998293815,1.6680461873015466,-2.1057525938096215e-08,0.8596889529783844
5909.5299999937415,5.213359408955698e-05,0.1112753292832865,0.160306309871606,-1.2649302421053334,1.6680461873015466,-2.1041717253370375e-08,0.8595006528188069
5916.69999999553,5.212054549532406e-05,0.11128394490420725,0.16016755482607614,-1.2649692249712758,1.6680461873015466,-2.1037993701066897e-08,0.8593137838033552
5919.769999995828,5.212842065771745e-05,0.11130782650127155,0.1584730273386552,-1.2646518305798307,1.6680461873015466,-2.1037818310626948e-08,0.8591284014908908
5923.85000000149,5.212550786061418e-05,0.11131636106357937,0.16037805354843826,-1.2651640505569,1.6680461873015466,-2.1036738613896308e-08,0.8589445614402753
5816.259999997914,4.997024524621693e-05,0.10585110932169195,0.21251047373821175,-1.2922066446952083,1.627239801140099,-2.096717227881604e-08,0.8587623192103706
5869.95000000298,5.352939258782148e-05,0.11189769843591174,0.09006406420023882,-1.2391005209061188,1.6861963994069389,-2.155220846935583e-08,0.8585817303600386
5928.590000003576,5.233723547055876e-05,0.11169411782311625,0.14844811341644037,-1.2609701504478004,1.6680461873015466,-2.1069348029581405e-08,0.8584028504481407
5914.880000002682,5.21588112857207e-05,0.11133362700789128,0.15830051172177795,-1.2644436474551466,1.6680461873015466,-2.104345687559762e-08,0.8582257350335388
5921.210000000894,5.2158296928349195e-05,0.11136610721429384,0.15646779251434895,-1.2641647203716055,1.6680461873015466,-2.1044418193936664e-08,0.8580504396750946
5915.620000004768,5.218078995987061e-05,0.11137696782436056,0.15615443356114378,-1.2640543589852098,1.6680461873015466,-2.103981264788943e-08,0.8578770199316701
5875.85000000149,5.3534469155317554e-05,0.11192574591607632,0.08905686425521342,-1.2389938307949695,1.6861963994069389,-2.1549541106250007e-08,0.8577055313621267
5919.390000000596,5.2372586932287703e-05,0.11171817586978472,0.14798159023422786,-1.2606578506471038,1.6680461873015466,-2.1079669959772084e-08,0.8575360295253263
5922.439999997616,5.219664528429105e-05,0.11143336365523182,0.15597034126564946,-1.2640021366523762,1.6680461873015466,-2.105161850777514e-08,0.8573685699801304
5881.240000002086,5.358463624498056e-05,0.11203250511967429,0.09416586663253712,-1.2400463523528265,1.6861963994069389,-2.1551957121463773e-08,0.8572032082854012
3853.2699999958277,0.00013711395080019632,0.15392038392074742,-1.2022413609579712,-0.21847410303075748,5.981418409955855,-1.3720623192758929e-08,0.8567153026805454
6062.340000003576,5.8837975870823724e-05,0.12439739144962488,-0.07277316082951835,-1.162591235935952,1.7485281365736218,-2.1534017470094294e-08,0.8565526232104124
6000.0,6.0335801163406976e-05,0.12500150381609085,-0.12576872739690925,-1.1406392543891755,1.772696984448876,-2.203601102712888e-08,0.8563897432777957
6094.759999997914,5.872289689150957e-05,0.1243457633072355,-0.059798644402353496,-1.1677244412667118,1.7485281365736218,-2.1522817317278122e-08,0.856226677941036
6082.05000000447,5.870483369341144e-05,0.12429023028060039,-0.05625327281565928,-1.1685668940343708,1.7485281365736218,-2.153665123312438e-08,0.8560634422584735
5983.210000000894,5.539742834569742e-05,0.11678724526136287,0.027389925004940974,-1.2100134247312366,1.720060415488598,-2.141806660299194e-08,0.8559000512884484
5951.410000003874,5.5395787263155295e-05,0.11672898179653952,0.03303403433422414,-1.21166023265487,1.720060415488598,-2.1464374869033794e-08,0.8557365200893009
5943.929999999702,5.427149117907841e-05,0.1148112230572026,0.06095646072928762,-1.2259156767224286,1.726036283957455,-2.1284918267579206e-08,0.8555728637193715
5936.530000001192,5.4138447829397584e-05,0.11460010537955657,0.07389622365925907,-1.2299756446137455,1.726036283957455,-2.1289036736119112e-08,0.8554090972370004
5951.340000003576,5.3972337399192845e-05,0.11438708131421445,0.08118539000002123,-1.2336137605081148,1.726036283957455,-2.1267751940875803e-08,0.8552452357005279
5965.070000007749,5.39397728838668e-05,0.11435178203528279,0.08281007068665636,-1.2337021880307828,1.726036283957455,-2.124119806275028e-08,0.8550812941682945
5854.420000001788,5.446960217590389e-05,0.11337346290201905,0.05603028146859179,-1.2249060404696672,1.6861963994069389,-2.1694891863501486e-08,0.8549172876986402
5912.690000005066,5.2651617225461606e-05,0.11214385034142055,0.13237637624691434,-1.2549671912617109,1.6680461873015466,-2.1117863123021997e-08,0.8547532313499052
5895.810000002384,5.369531498608329e-05,0.11224194383029133,0.08181545083461828,-1.2355292444664323,1.6861963994069389,-2.1559949016224558e-08,0.8545891401804303
5933.670000001788,5.242214555832661e-05,0.11182242216282325,0.14127733515388918,-1.258965744952245,1.6680461873015466,-2.1069416279701967e-08,0.8544250292485552
5896.320000000298,5.368515692072916e-05,0.11221560537819816,0.08720921791752989,-1.2372255478668963,1.6861963994069389,-2.1549985012322833e-08,0.8542609136126207
5920.049999989569,5.240413392904365e-05,0.11174920935894687,0.14612866901261468,-1.2601185031000806,1.6680461873015466,-2.1066739258743663e-08,0.8540968083309669
5930.519999995828,5.2230995361712045e-05,0.1114940048377226,0.16192780365868753,-1.2649383507617675,1.6680461873015466,-2.1048084816696685e-08,0.8539327284619339
5931.179999999702,5.22492339666824e-05,0.11157544434785269,0.16539642324166337,-1.2662238191919515,1.6680461873015466,-2.107512160149336e-08,0.8537686890638625
5881.339999996126,5.371049402094124e-05,0.11222984386119121,0.08813944734565116,-1.2378627186959903,1.6861963994069389,-2.1568158122260857e-08,0.8536047051950924
5914.3600000068545,5.2549398248747796e-05,0.11203643533034277,0.1474725869502378,-1.2601728725926058,1.6680461873015466,-2.112642150322981e-08,0.8534407919139643
5920.270000010729,5.2342890430176906e-05,0.11166874804356636,0.15410316941878976,-1.262295004333907,1.6680461873015466,-2.1077534209625016e-08,0.8532769642788183
5920.919999994338,5.229601234163928e-05,0.1116445447461931,0.16162526087525464,-1.2654258961313745,1.6680461873015466,-2.109868155194897e-08,0.8531132373479947
5924.069999992847,5.226078976855761e-05,0.11158158572642735,0.16709720337221512,-1.2669454469425196,1.6680461873015466,-2.1079327936641405e-08,0.852949626179834
5936.640000000596,5.224103165874844e-05,0.11159272896775112,0.16551490169877647,-1.2666585039808145,1.6680461873015466,-2.1077656307783627e-08,0.8527861458326764
5926.439999997616,5.22191289868704e-05,0.11154921724894565,0.16857425513911872,-1.2675236826936216,1.6680461873015466,-2.109077963057473e-08,0.852622811364862
5922.929999999702,5.2246909394993724e-05,0.11157072789224055,0.16741224153995082,-1.2670562551097424,1.6680461873015466,-2.109270852661567e-08,0.8524596378347313
5916.0,5.230855535503389e-05,0.11164074162803131,0.16339983986083562,-1.265910927024419,1.6680461873015466,-2.1093675090674628e-08,0.8522966403006245
5943.0400000065565,5.224191407771114e-05,0.11160740618235919,0.16342359363233516,-1.2660624747612785,1.6680461873015466,-2.106867198207239e-08,0.8521338338208819
5923.280000001192,5.216649873638824e-05,0.11147854310929303,0.1784838799085744,-1.2709223465868222,1.6680461873015466,-2.1103734536935555e-08,0.8519712334538441
5922.409999996424,5.23312626558626e-05,0.11175039761056885,0.17493722650931476,-1.2686445348114188,1.6680461873015466,-2.1131536639335854e-08,0.851808854257851
5890.609999991953,5.3665342015517235e-05,0.11227319887863127,0.1026199513738093,-1.2423664363308982,1.6861963994069389,-2.1612136607962446e-08,0.8516467112912428
5920.730000004172,5.249040079934999e-05,0.11196005581617344,0.1575190464769891,-1.2634014639283828,1.6680461873015466,-2.1112976089564117e-08,0.8514848196123603
5884.769999995828,5.362927671081169e-05,0.112188305180215,0.10619763924117809,-1.2433828960465503,1.6861963994069389,-2.161009774319476e-08,0.8513231942795435
5905.909999996424,5.189109854550569e-05,0.11091492333576779,0.18014604762408393,-1.2728800630934292,1.6680461873015466,-2.1022314986145938e-08,0.8511618503511326
5884.789999999106,5.3693735845852915e-05,0.11230760824653205,0.10609614839548565,-1.2430302338087769,1.6861963994069389,-2.162732360776439e-08,0.8510008028854681
5845.280000001192,5.319779756793601e-05,0.11137811102644551,0.11791891100798413,-1.2494268154637735,1.6861963994069389,-2.157688783472849e-08,0.8508400669408902
5940.830000005662,5.1867369496060495e-05,0.11097545881417387,0.18330724710584922,-1.2733928546268523,1.6680461873015466,-2.100245228497485e-08,0.850679657575739
5909.539999999106,5.170772229204562e-05,0.11062793202560696,0.18931557303484947,-1.2766267645322682,1.6680461873015466,-2.099637819065613e-08,0.8505195898483553
5806.689999990165,5.313858889164953e-05,0.11119922951202413,0.12485959276419356,-1.2515780050621668,1.6861963994069389,-2.1612765405167948e-08,0.8503598788170791
5953.170000001788,5.203615280367338e-05,0.11128802045713534,0.16922726311812397,-1.268681188683183,1.6680461873015466,-2.1022871070100577e-08,0.8502005395402504
5920.030000001192,5.1578216288615124e-05,0.11044559276742852,0.19510892650076483,-1.2780141071716926,1.6680461873015466,-2.098248344158359e-08,0.8500415870762101
5893.239999994636,5.293787363159266e-05,0.11108678721515594,0.12470312277133022,-1.2527927957300313,1.6861963994069389,-2.1490774918446114e-08,0.849883036483298
5895.7799999937415,5.3125666323867336e-05,0.11137782569478177,0.12230095180835221,-1.250752412967899,1.6861963994069389,-2.1511880159763324e-08,0.8497249028198546
5940.440000005066,5.176363527054994e-05,0.11080554029272571,0.19060893757001462,-1.2760903005054138,1.6680461873015466,-2.0990876190791782e-08,0.8495672011442202
5905.329999990761,5.163573960012374e-05,0.11051221281074726,0.19130862003738125,-1.2771277596591144,1.6680461873015466,-2.1007993744710364e-08,0.8494099465147351
5945.090000003576,5.16425420112967e-05,0.11067616326361387,0.2004892316836826,-1.2795266721257579,1.6680461873015466,-2.1013339374684948e-08,0.8492531539897397
5852.079999998212,5.293991348705449e-05,0.1109681725123672,0.13129358217743414,-1.2542498023521471,1.6861963994069389,-2.1529467889590467e-08,0.8490968386275739
5942.659999996424,5.195343460328697e-05,0.11117963606438838,0.1828404962271235,-1.2732495495830656,1.6680461873015466,-2.1051090790273355e-08,0.8489410154865784
5940.69999999553,5.1580302351836246e-05,0.11051013602350894,0.19358271585446918,-1.2780387513595914,1.6680461873015466,-2.097020442024895e-08,0.8487856996250933
5940.409999996424,5.151766953971981e-05,0.11041655851113384,0.2021091177124923,-1.2804934363502969,1.6680461873015466,-2.096900389095467e-08,0.8486309061014591
5932.689999997616,5.1612513951493085e-05,0.11055609065233761,0.19368133596045167,-1.2779203923888396,1.6680461873015466,-2.098814563128975e-08,0.848476649974016
5902.620000004768,5.172447584497004e-05,0.11072178247641298,0.20127763387388642,-1.2798098854212492,1.6680461873015466,-2.106510584283602e-08,0.8483229463011039
5938.260000005364,5.159505262696663e-05,0.11053402166462238,0.19183968489265135,-1.277710851033755,1.6680461873015466,-2.0977087516732768e-08,0.8481698101410636
5940.45000000298,5.145312249996181e-05,0.11034307651828068,0.21131739391131488,-1.2835923938372653,1.6680461873015466,-2.09775525145735e-08,0.8480172565522354
5932.85000000149,5.1472968737624337e-05,0.1103632601019374,0.2092252356140718,-1.2831144595965465,1.6680461873015466,-2.098941412796274e-08,0.8478653005929593
5910.129999995232,5.136827546170897e-05,0.11012703047630978,0.20780164972706405,-1.2837095815945359,1.6680461873015466,-2.09863715283943e-08,0.8477139573215757
5928.519999995828,5.1298246286374544e-05,0.1100489980291194,0.21863242767531688,-1.2864398884914916,1.6680461873015466,-2.0960427908301425e-08,0.847563241796425
5895.570000007749,5.255629557010768e-05,0.11051176663582826,0.15660778300880995,-1.2635534806644548,1.6861963994069389,-2.1459526324013984e-08,0.8474131690758475
5950.070000000298,5.124222643589095e-05,0.11002781814171969,0.21691338633319335,-1.2864044481808798,1.6680461873015466,-2.0936003339118283e-08,0.8472637542181831
5875.14999999851,5.254094675713546e-05,0.11043633414010583,0.15585986469318414,-1.2636836075076556,1.6861963994069389,-2.147877424612518e-08,0.8471150122817728
5717.7200000062585,5.2413538692399384e-05,0.10823022952615709,0.13583163832604628,-1.2604359682674802,1.5486422829414188,-2.1821242569314725e-08,0.8469669583249564
5842.059999994934,5.124326718977452e-05,0.10822247826703982,0.19889295525930706,-1.2826184633407736,1.6861963994069393,-2.1275432333206154e-08,0.8468196074060741
5866.200000010431,5.09057280141736e-05,0.10770645790038004,0.2093979934141017,-1.2870887563157711,1.6861963994069393,-2.1181161797570374e-08,0.8466729745834666
5874.25,5.0826937680390674e-05,0.10757903939668792,0.2059005070175881,-1.2863246174276228,1.6333152674167704,-2.1155496263124484e-08,0.8465270749154741
5835.5400000065565,5.0692655135373e-05,0.10727177060327472,0.21692812950858764,-1.2902503960875598,1.6333152674167704,-2.1179514351691808e-08,0.8463819234604366
5897.070000000298,5.080648248363745e-05,0.10763939982868836,0.21099369990491468,-1.2883017756882555,1.6333152674167704,-2.114926816961022e-08,0.8462375352766947
5868.710000000894,5.065858629288362e-05,0.10732751896733488,0.22477990665316883,-1.292872071624071,1.6333152674167704,-2.115968356500811e-08,0.8460939254225884
5878.920000001788,5.069040476425259e-05,0.10739022775350261,0.22259142295536138,-1.2913232227753373,1.6333152674167704,-2.1144572363389682e-08,0.8459511089564583
5871.289999999106,5.068562838493434e-05,0.10737948967218972,0.2255327578759152,-1.2925138799168296,1.6333152674167704,-2.116174678315699e-08,0.8458091009366446
5877.659999996424,5.0693647170076064e-05,0.10739701413013217,0.22224340138687282,-1.2913797221635208,1.6333152674167704,-2.1148554496957578e-08,0.8456679164214876
5850.2799999937415,4.996883740899668e-05,0.10611999390946389,0.2474842041990879,-1.303053538346709,1.6333152674167704,-2.1039653845928867e-08,0.8455275704693276
5852.04999999702,4.983200451384436e-05,0.10586878137608136,0.2548543985418723,-1.3045456196683465,1.6333152674167704,-2.099687057711808e-08,0.8453880781385048
5860.5299999937415,4.985557766091994e-05,0.10598213659308899,0.26198653511652203,-1.307424249888364,1.6333152674167704,-2.1025884060517492e-08,0.8452494544873597
5865.390000000596,4.982186323746623e-05,0.10591848880713153,0.2625493271826893,-1.3072512259601607,1.6333152674167704,-2.1003777248864086e-08,0.8451117145742322
5855.159999996424,4.9821450817163625e-05,0.10589008798968527,0.26376631267370865,-1.3073968153573863,1.6333152674167704,-2.1012570349360062e-08,0.844974873457463
5842.690000005066,4.98721840568751e-05,0.10596086448429864,0.26067714960131516,-1.3067426988344302,1.6333152674167704,-2.1042102145929996e-08,0.8448389461953923
5850.390000000596,4.972585683182661e-05,0.10574959630487525,0.26564241889449525,-1.3092953469930042,1.6333152674167704,-2.1013407751412452e-08,0.8447039478463603
5831.35000000149,5.0224871768306664e-05,0.10647521660655332,0.23204901377255815,-1.2973279843794578,1.6333152674167704,-2.1090768682783116e-08,0.8445698934687074
5839.429999999702,4.99121446274621e-05,0.10603364778822262,0.2593990476238135,-1.306465282407491,1.6333152674167704,-2.1060304686750946e-08,0.8444367981207738
5860.2799999937415,4.96489772113373e-05,0.10563073271976899,0.27315794331093723,-1.3113800475090545,1.6333152674167704,-2.098571848133992e-08,0.8443046768608997
5855.859999999404,4.951735851928919e-05,0.10539714508510374,0.271523329680571,-1.3117364087285424,1.6333152674167704,-2.0957189259252407e-08,0.8441735447474258
5856.130000002682,4.9459125208661475e-05,0.10530687467163462,0.2779226622468518,-1.314024305311765,1.6333152674167704,-2.095262452063151e-08,0.8440434168386919
5860.19999999553,4.946870694097369e-05,0.1053163863932763,0.27501528382881224,-1.312832890140952,1.6333152674167704,-2.094081143943431e-08,0.8439143081930386
5853.369999997318,4.9460427150838345e-05,0.10529770011599271,0.27832791463812834,-1.3139283205513725,1.6333152674167704,-2.095352027745048e-08,0.843786233868806
5855.789999991655,4.9428803294437656e-05,0.10525579683970664,0.2797596496943737,-1.3146065754298515,1.6333152674167704,-2.0947236612773867e-08,0.8436592089243348
5833.8499999940395,4.9455954200895544e-05,0.10528427485181946,0.2830169342166542,-1.3156283757028893,1.6333152674167704,-2.0992667272305192e-08,0.8435332484179647
5859.620000004768,4.944056657408156e-05,0.10529503746736717,0.28268369430559037,-1.3155147575573585,1.6333152674167704,-2.0943491922781736e-08,0.8434083674080366
5793.740000002086,5.076048376055996e-05,0.105826846543988,0.21360894510707285,-1.2909067597931385,1.4837627922386436,-2.152896238148137e-08,0.8432845809528904
5783.530000001192,4.9327400031876816e-05,0.10344244002631281,0.26605934590770586,-1.3123081382491741,1.4899412325200045,-2.1251740220721858e-08,0.8431619041108664
5781.129999995232,4.915902055333713e-05,0.10315240691901126,0.2714864732453717,-1.3150035920269627,1.4899412325200045,-2.1207530794201368e-08,0.8430403519403051
5813.330000005662,4.7883598936068414e-05,0.10264156683789402,0.3452622565622856,-1.3410613338812138,1.6333152674167704,-2.0706946615105765e-08,0.8429199394995467
5810.75,4.781942269897052e-05,0.10254319745664647,0.3545742532202585,-1.3437991879370959,1.6333152674167704,-2.070645545980489e-08,0.8428006818469316
5797.660000003874,4.90135219243058e-05,0.10295922203808895,0.2760466107403641,-1.3170255546441065,1.4948648605785353,-2.1172826814723476e-08,0.8426825940407997
5790.030000001192,4.9130857457235036e-05,0.10314148527534506,0.27182601123751216,-1.3151193502629963,1.4948648605785353,-2.1207355438599867e-08,0.8425656911394918
5800.0,4.908357685564263e-05,0.1030774365190822,0.27658848161856797,-1.316242447537932,1.4948648605785353,-2.1182885546448686e-08,0.842449988201348
5793.269999995828,4.9051845243177894e-05,0.10306973914779906,0.2848815343720097,-1.3194792087651783,1.4899412325200045,-2.1205727070479686e-08,0.8423355002847084
5811.460000000894,4.7842355665003796e-05,0.10256607488596871,0.3474277777389738,-1.3414915584464409,1.6333152674167704,-2.0697851865940354e-08,0.8422222424479135
5811.630000002682,4.780012131674813e-05,0.10252274930128337,0.35498807262139076,-1.3437137803242405,1.6333152674167704,-2.070373860734078e-08,0.8421102297493037
5772.689999997616,4.899435570112817e-05,0.10285464654926307,0.27474506161643486,-1.3164785975344997,1.4837627922386436,-2.1176959225776134e-08,0.841999477247219
3914.4500000029802,0.00013440193228865416,0.1537366460477904,-1.2047120724721052,-0.2607221798921457,5.866181331222693,-1.6159623076111852e-08,0.8416726263796
5942.880000010133,5.299200859362991e-05,0.11275363394238397,0.12431650355239166,-1.2501719904244841,1.6680461873015466,-2.113456705769694e-08,0.841564174856036
5933.929999999702,5.245820734103598e-05,0.11190461394844645,0.1501738277746596,-1.2609167765395581,1.6680461873015466,-2.1090181079321062e-08,0.8414558922803862
5933.539999999106,5.24800175586727e-05,0.11194493181722369,0.15295488002573254,-1.2613109529072155,1.6680461873015466,-2.109815527205122e-08,0.8413477877202687
5921.730000004172,5.250690181102512e-05,0.11196917511022135,0.1531318203496257,-1.2615889610224518,1.6680461873015466,-2.1119292289202776e-08,0.8412398702433013
5941.890000000596,5.246482793433603e-05,0.11197250833553224,0.1550479110868923,-1.2624868463916168,1.6680461873015466,-2.1105182746642405e-08,0.8411321489171016
5922.0400000065565,5.245078465988808e-05,0.11190867910495778,0.15970149752750373,-1.2637413508723803,1.6680461873015466,-2.112616999379211e-08,0.8410246328092875
5944.0299999937415,5.24573495784992e-05,0.1120006635421407,0.15788734277813976,-1.2638592127237007,1.6680461873015466,-2.1120727939616375e-08,0.840917330987477
2400.009999997914,0.00014929986061456278,0.11011067159907806,-1.0530323387876543,0.08801185622550974,0.9988455359952018,6.660773561338097e-09,0.8408102525192876
5868.39999999851,5.101878810756437e-05,0.10790901560906543,0.20997358862869397,-1.286734268851468,1.6922718656836104,-2.121890548777362e-08,0.8407034064723374
5955.359999999404,5.2412986302305926e-05,0.11204233928453003,0.18247503891081163,-1.2710720472617818,1.6680461873015466,-2.1158048369156025e-08,0.8405968019142441
5934.740000002086,5.193200299165616e-05,0.11114270598152715,0.18949753132504332,-1.2755218393558574,1.6680461873015466,-2.106898201093582e-08,0.8404904479126255
5923.509999997914,5.196121550600279e-05,0.11115900343074268,0.18656788176173045,-1.2745003427946813,1.6680461873015466,-2.1079811526939154e-08,0.8403843535350994
5947.469999998808,5.190613305233992e-05,0.11114934078204948,0.1907924835583259,-1.2764553947265433,1.6680461873015466,-2.106222018862514e-08,0.8402785278492838
5932.14999999851,5.172440729166357e-05,0.11077324349954666,0.1972642191575824,-1.2785593456207183,1.6680461873015466,-2.1028831357769662e-08,0.8401729799227962
5874.35000000149,5.3084695117053736e-05,0.11133769444078606,0.13867757354027344,-1.2559665327762253,1.6861963994069389,-2.157562778611743e-08,0.8400677188232546
5932.5,5.191518059871474e-05,0.11113285998437197,0.19294250708373184,-1.2770260557877806,1.6680461873015466,-2.1081879441835527e-08,0.8399627536182769
5898.339999996126,5.310947281245683e-05,0.11147097998372084,0.14279910153782627,-1.257229601260188,1.6861963994069389,-2.1573486514941997e-08,0.8398580933754806
5907.369999997318,5.201662471354992e-05,0.11130321407974206,0.20424422004248388,-1.279920989605797,1.6680461873015466,-2.1149715259641234e-08,0.8397537471624839
5884.1399999931455,5.330603092769347e-05,0.11178183958504603,0.13557626035739512,-1.2547446793509187,1.6861963994069389,-2.1633916373312775e-08,0.8396497240469043
5939.859999991953,5.2024668272222765e-05,0.11135830026653325,0.19965460204163277,-1.2780520129847186,1.6680461873015466,-2.1101507914446974e-08,0.8395460330963598
5956.130000002682,5.173871416605362e-05,0.11092984047674789,0.2137501431415103,-1.2831551345420305,1.6680461873015466,-2.1050749990664884e-08,0.8394426833784682
5953.469999998808,5.1709736298198616e-05,0.11089915174573481,0.21583580896896537,-1.2840158999727254,1.6680461873015466,-2.1060764530863636e-08,0.8393396839608472
5957.489999994636,5.168251931903267e-05,0.11085343299400965,0.21538587487602223,-1.2843348014915714,1.6680461873015466,-2.1050749320921435e-08,0.8392370439111146
5958.30000000447,5.171909053019916e-05,0.11093164586647414,0.2119116337204887,-1.2827336794229094,1.6680461873015466,-2.105800296139151e-08,0.8391347722968885
5948.070000000298,5.171777383290634e-05,0.1109053133289392,0.21556680895686497,-1.2840777022899539,1.6680461873015466,-2.107009383808396e-08,0.8390328781857864
5954.059999994934,5.1743940963572464e-05,0.11094676515993411,0.2135238452763697,-1.2832283391077053,1.6680461873015466,-2.1060908896936912e-08,0.8389313706454262
5957.140000000596,5.173580000550297e-05,0.11095589878600352,0.21333434243110005,-1.2832297840621483,1.6680461873015466,-2.106195216672405e-08,0.8388302587434258
5960.630000010133,5.17357726903431e-05,0.11094676515993411,0.2135238452763697,-1.2832283391077053,1.6680461873015466,-2.1051942518620377e-08,0.8387295515474029
5932.7200000062585,5.177722612135577e-05,0.11097785679789265,0.21137615996089343,-1.2828185320065417,1.6680461873015466,-2.109747812102563e-08,0.8386292581249756
5916.829999998212,5.188907605984563e-05,0.1110803430988167,0.21219281717550942,-1.2823589404239881,1.6680461873015466,-2.1099367506883604e-08,0.8385293875437614
5863.390000000596,5.330636898985786e-05,0.11176759584166605,0.1440422510360877,-1.2571860994011108,1.6861963994069389,-2.167873267881052e-08,0.838429948871378
5935.469999998808,5.212334294381068e-05,0.11159595346875757,0.20604009702680326,-1.2799086314061472,1.6680461873015466,-2.1173735863564456e-08,0.8383309511754437
5961.390000000596,5.193152955036403e-05,0.11129891569049448,0.20719385304664506,-1.281151208930534,1.6680461873015466,-2.1088656451733286e-08,0.8382324035235758
5970.70000000298,5.173474448849216e-05,0.110999030173482,0.21878787201247096,-1.2843943732431347,1.6680461873015466,-2.105589296533617e-08,0.8381343149833925
5964.159999996424,5.1765146057494526e-05,0.11101727084660984,0.2156207680327853,-1.283271985694853,1.6680461873015466,-2.105927704881922e-08,0.8380366946225114
5952.770000003278,5.175687785202311e-05,0.110999030173482,0.21878787201247096,-1.2843943732431347,1.6680461873015466,-2.1080439187883993e-08,0.8379395515085504
5959.009999990463,5.165628403869854e-05,0.11087432456161596,0.22392938619337865,-1.2873579859740776,1.6680461873015466,-2.1075018745328915e-08,0.8378428947091272
5962.219999998808,5.1410846319440903e-05,0.11045450068381772,0.23127881989177457,-1.2901383981826438,1.6680461873015466,-2.1018591537671627e-08,0.8377467332918598
5883.809999994934,5.279808494840761e-05,0.11099889931759473,0.16322410108809127,-1.2650999987900797,1.6861963994069389,-2.1578883604452224e-08,0.837651076324366
5892.479999989271,5.282689328153134e-05,0.11103900673614282,0.16239225711441518,-1.2644578772348394,1.6861963994069389,-2.156183125553398e-08,0.8375559328742633
5784.14999999851,5.423827234420827e-05,0.11140536288791056,0.08998519557215223,-1.2382760446881689,1.5486422829414188,-2.2100988077192683e-08,0.8374613120091701
5791.829999990761,5.23458904957969e-05,0.10842680886826814,0.16684527690358042,-1.2695125590162875,1.5486422829414188,-2.1807189549087717e-08,0.8373672227967036
5909.0,4.9504950877239997e-05,0.10711887579653077,0.303003799835039,-1.3197459547698842,1.615455054630568,-2.0716582083625057e-08,0.837273674304482
5878.640000000596,5.061598708821854e-05,0.10735897200540115,0.23886274217927284,-1.2971869657143167,1.6333152674167704,-2.118358368041789e-08,0.8371806756001229
5900.0,5.051153098082801e-05,0.1072371823428617,0.24949238484212888,-1.3005202824626234,1.6333152674167704,-2.1146346423629527e-08,0.837088235751244
5896.979999996722,5.035616357789926e-05,0.10695743913029492,0.2517963756909509,-1.3018942153931528,1.6333152674167704,-2.1111372326589358e-08,0.8369963638254636
5905.390000000596,4.9111721898995685e-05,0.10647990651669118,0.3284075252242675,-1.3287248640186544,1.615455054630568,-2.0666628619542645e-08,0.8369050688903992
5887.009999997914,5.037882654848541e-05,0.10694699568948006,0.2469667518731562,-1.300416066571132,1.6333152674167704,-2.111345847782234e-08,0.8368143600136687
5898.640000000596,5.037794754667835e-05,0.10699453494676532,0.24598894767154578,-1.3002986233236469,1.6333152674167704,-2.1105030783544935e-08,0.8367242462628898
5886.480000004172,5.031890907227208e-05,0.10690058214657604,0.25685026917273257,-1.3039652169654916,1.6333152674167704,-2.1132233429655532e-08,0.8366347367056804
5901.429999999702,4.9060124606653156e-05,0.10636119767840486,0.3272564904497388,-1.3290635153783237,1.615455054630568,-2.0648004545899892e-08,0.8365458404096583
5893.480000004172,5.0296850313853984e-05,0.10687224936163658,0.2580628076224083,-1.3041109713001422,1.6333152674167704,-2.1115769421449225e-08,0.8364575664424413
5893.0,5.035510941785257e-05,0.10698545758930618,0.25201303035862566,-1.302752606149684,1.6333152674167704,-2.113376505297943e-08,0.8363699238716472
5897.929999999702,5.0304383109055654e-05,0.10690058214657604,0.25685026917273257,-1.3039652169654916,1.6333152674167704,-2.1114940376247272e-08,0.8362829217648939
5880.479999996722,5.034279363764015e-05,0.10691141456819175,0.256519420245819,-1.303851703118321,1.6333152674167704,-2.112817018413904e-08,0.8361965691897991
5859.19999999553,4.954121983114237e-05,0.10556264506869045,0.29778126593094756,-1.31966055114209,1.6333152674167704,-2.101993210406277e-08,0.8361108752139808
5876.759999990463,4.945963832521748e-05,0.10544711770725827,0.295382809809269,-1.318771651963384,1.6333152674167704,-2.098010100036664e-08,0.8360258489050565
5883.6100000068545,4.9557271468544665e-05,0.10563035832027681,0.28852290860698293,-1.3169393830035891,1.6333152674167704,-2.0994295230214546e-08,0.8359414993306443
5840.850000008941,4.9531056241490507e-05,0.10544332024984206,0.29558896926360445,-1.3188203520756159,1.6333152674167704,-2.0989210444022616e-08,0.8358578355583619
5821.929999999702,4.798057021296605e-05,0.10291129963818527,0.36183241191815574,-1.3453745201897327,1.6333152674167704,-2.0769293930073023e-08,0.8357748666558271
5799.7200000062585,4.919075735537502e-05,0.10333014675553957,0.2893487077134833,-1.3198730628569433,1.4948648605785353,-2.124131943085734e-08,0.8356926016906577
5845.670000001788,4.9205292533302046e-05,0.10500400180697993,0.3144737978631884,-1.3256603425207012,1.6333152674167704,-2.099055691158733e-08,0.8356110497304716
5859.640000000596,4.912920071848578e-05,0.10485240635600158,0.3068946705742359,-1.3243339912678849,1.6333152674167704,-2.0922590135634072e-08,0.8355302198428867
5876.680000007153,4.902118994654642e-05,0.10478252970354106,0.319351727980687,-1.3284112344585093,1.6333152674167704,-2.0927469276761656e-08,0.8354501210955204
5870.169999994338,4.903238296869189e-05,0.1047711778950401,0.3141759683325329,-1.3267666827780276,1.6333152674167704,-2.0926002479610793e-08,0.835370762555991
5848.330000005662,4.9105828505012166e-05,0.10486110668362826,0.315281068152093,-1.3271276827543923,1.6333152674167704,-2.097547694634092e-08,0.835292153291916
5828.6399999931455,4.7489245717080105e-05,0.10212074801499087,0.38266360304314473,-1.3539745511341323,1.6333152674167704,-2.0667679515193735e-08,0.8352143023709135
5737.120000004768,4.8789078937302336e-05,0.10256894874207763,0.3137230942923801,-1.3291586671800006,1.4948648605785353,-2.1255619286209223e-08,0.835137218860601
5829.379999995232,4.753409471276365e-05,0.10220907314308436,0.38229046906404873,-1.3535861270528478,1.6333152674167704,-2.0681623143951928e-08,0.8350609118285965
5821.30000000447,4.728355736123551e-05,0.10174346131768847,0.3949354065473658,-1.3581295714716717,1.6333152674167704,-2.0627779077438568e-08,0.8349853903425178
5811.989999994636,4.727950967493487e-05,0.10170751795732488,0.39387298243006263,-1.3577520322450645,1.6333152674167704,-2.0630965166085688e-08,0.8349106634699827
5820.239999994636,4.7251061320103406e-05,0.10168443486485687,0.39458065010715915,-1.3578565920157752,1.6333152674167704,-2.0617630606587982e-08,0.834836740278609
5823.579999998212,4.723747853473399e-05,0.10166846946627964,0.39714933731669966,-1.3585460774096196,1.6333152674167704,-2.0613051347728873e-08,0.8347636298360145
5822.710000000894,4.743000518733292e-05,0.10200107870261564,0.38978871293644124,-1.3554249322059295,1.6333152674167704,-2.0658758641336732e-08,0.8346913412098169
5812.0999999940395,4.726250410102964e-05,0.10172313565597373,0.3971853051996086,-1.359095599378302,1.6333152674167704,-2.06459531122597e-08,0.8346198834676343
5809.979999996722,4.728445725625032e-05,0.1017493805419865,0.3960862476687361,-1.3587907548106655,1.6333152674167704,-2.0651455194197653e-08,0.8345492656770842
5812.179999992251,4.730529750133802e-05,0.10179592274254241,0.4011011321433253,-1.3594933764634427,1.5656017329967198,-2.065844000127272e-08,0.8344794969057847
5831.039999999106,4.7266917405261565e-05,0.1017513364201024,0.3948615477064359,-1.3582109588566706,1.6333152674167704,-2.0619268384793747e-08,0.8344105862213536
5812.229999996722,4.723618443283661e-05,0.10166220097629527,0.39974972889663274,-1.35955845468024,1.6333152674167704,-2.063438182875683e-08,0.8343425426914085
5815.0,4.715295240775231e-05,0.10156678802334226,0.41427284643606965,-1.3639621692962873,1.5656017329967198,-2.0636248256610196e-08,0.8342753753835672
5813.39999999851,4.7142384986793743e-05,0.10154025529969728,0.4161309975838221,-1.3642713929887933,1.5656017329967198,-2.063355257887078e-08,0.8342090933654478
5822.689999997616,4.7153218035660416e-05,0.10158079776501208,0.4111196834454427,-1.3631170709070495,1.5656017329967198,-2.0624692003128757e-08,0.8341437057046678
5800.0,4.839684395090856e-05,0.1021050873380735,0.33320853864209177,-1.3365911569358733,1.4948648605785353,-2.1132180798356294e-08,0.8340792214688452
5820.44999999553,4.716110684703594e-05,0.10157277872801891,0.4112113569868945,-1.3630466075323817,1.5656017329967198,-2.0622839989548352e-08,0.8340156497255977
5811.039999999106,4.70773437143319e-05,0.10138671839381469,0.4036069545241574,-1.3615258618597637,1.5656017329967198,-2.0597019210970432e-08,0.8339529995425433
5812.320000000298,4.7067655117228256e-05,0.10138330800108541,0.4077186922821694,-1.3631621311319264,1.5656017329967198,-2.0595101366153036e-08,0.8338912799872997
5801.530000001192,4.600175938442001e-05,0.09969988298221155,0.498028030548876,-1.3922553816217953,1.5676966833145993,-2.0455224295534688e-08,0.8338305001274848
5780.170000009239,4.832262557642497e-05,0.10207387510504187,0.37678080742033826,-1.3486983731567965,1.4948648605785353,-2.1236552216238217e-08,0.8337706690307163
5804.35000000149,4.7291830307745246e-05,0.1018940404549059,0.4388516130383566,-1.370097084300701,1.5656017329967198,-2.0743135500798727e-08,0.833711795764612
5863.640000000596,4.703960303190071e-05,0.10154198013045428,0.44487628198625817,-1.3722387331785588,1.5656017329967198,-2.0589948058465213e-08,0.8336538893967897
5821.35000000149,4.690801593549219e-05,0.10126332513279016,0.45461075509078874,-1.3759085446909434,1.5676966833145993,-2.0632525182420974e-08,0.8335969589948674
5900.0,4.7050013892750745e-05,0.10164069178232069,0.44013541815663837,-1.3702890826184488,1.5656017329967198,-2.0557658612993563e-08,0.8335410136264628
5872.120000004768,4.679679302458472e-05,0.10117705435366078,0.45930442552265305,-1.3772727389734913,1.5676966833145993,-2.0550121919501414e-08,0.8334860623591936
5890.039999999106,4.679223697260129e-05,0.10119211883963222,0.45644040139355635,-1.3764196095555816,1.5676966833145993,-2.052055373777299e-08,0.8334321142606778
5869.309999994934,4.676576688875319e-05,0.10110960099035796,0.46344718757683134,-1.378293457926249,1.5676966833145993,-2.0544569952354428e-08,0.833379178398533
5890.879999995232,4.672179053099617e-05,0.10111820431029156,0.46522507249094325,-1.3793364668115535,1.5676966833145993,-2.0524256150330347e-08,0.8333272638403773
5881.2900000065565,4.678070548478935e-05,0.10118551514212044,0.4591577028517473,-1.3773088855959246,1.5676966833145993,-2.0541298509353668e-08,0.8332763796538283
5891.579999998212,4.681772606524831e-05,0.10125538975680394,0.4566373694711965,-1.3766290438513713,1.5676966833145993,-2.053265262357894e-08,0.8332265349065039
5892.469999998808,4.676748136333843e-05,0.10118551514212044,0.4591577028517473,-1.3773088855959246,1.5676966833145993,-2.0524351014199457e-08,0.833177738666022
4042.390000000596,0.00012857574457491826,0.15293840494828878,-1.1936702647715065,-0.3403479525083766,5.650842589115181,-2.0230773233591356e-08,0.8330372899010416
5962.04999999702,5.2670812636058524e-05,0.11245574964587324,0.16489999292305058,-1.2641509972649319,1.6680461873015466,-2.1170752146721024e-08,0.8329921871638026
5955.64999999851,5.2621695439437946e-05,0.11238483115271414,0.1743934118806112,-1.26725103118384,1.6680461873015466,-2.1186866497820725e-08,0.8329478967254621
5953.730000004172,5.202201955907558e-05,0.11135042406695508,0.19577276805645916,-1.2762840975638885,1.6680461873015466,-2.1076396286619598e-08,0.8329044016540735
5900.0,5.337732703528896e-05,0.11189454655175386,0.13005200060818156,-1.2520453250618309,1.6861963994069389,-2.1603369926326607e-08,0.8328616850176908
5952.339999996126,5.220770621182181e-05,0.11172903160205169,0.19213567281510135,-1.2753458842597962,1.6680461873015466,-2.1145040675150935e-08,0.8328197298843674
5925.339999996126,5.2166265329795544e-05,0.1116299091284315,0.203384313492319,-1.2790719628225324,1.6680461873015466,-2.11776661673686e-08,0.8327785193221569
5927.95000000298,5.2147382285740296e-05,0.11161910005580483,0.20370229699829157,-1.279182823943023,1.6680461873015466,-2.118606994776005e-08,0.8327380363991133
5924.980000004172,5.208504192635764e-05,0.11145946848408221,0.20348376649459388,-1.279120703101618,1.6680461873015466,-2.1146401852973535e-08,0.8326982641832897
5950.770000003278,5.206489858755493e-05,0.11151044696090488,0.21038988277963,-1.2809080602723102,1.6680461873015466,-2.113129713998372e-08,0.8326591857427401
5953.289999991655,5.197042125486519e-05,0.11137951416155219,0.21090366628462398,-1.2815857881377202,1.6680461873015466,-2.1128068848533067e-08,0.8326207841455184
5972.809999994934,5.2011593368756454e-05,0.1115320434732167,0.2131042653487194,-1.2824002980182012,1.6680461873015466,-2.1135355861047307e-08,0.8325830424596777
5891.0999999940395,5.335648362339084e-05,0.11195501896380732,0.14726896908259546,-1.2578004442717148,1.6861963994069389,-2.167635690338182e-08,0.8325459437532721
5973.29999999702,5.22686962179263e-05,0.11200161249815027,0.20780716798195797,-1.2797670733780013,1.6680461873015466,-2.1197923880476247e-08,0.832509471094355
5922.079999998212,5.2074791200111405e-05,0.1115320434732167,0.2131042653487194,-1.2824002980182012,1.6680461873015466,-2.1203795088135886e-08,0.8324736075509802
5981.9599999934435,5.2125475319728143e-05,0.11173755355437559,0.2138947948302401,-1.2815927643707037,1.6680461873015466,-2.114545769811402e-08,0.8324383361912013
5974.469999991357,5.195079621926231e-05,0.11142980343200913,0.2221354088902152,-1.2848953617744185,1.6680461873015466,-2.112626024682156e-08,0.8324036400830719
5966.79999999702,5.1960421765368274e-05,0.11142980343200913,0.2221354088902152,-1.2848953617744185,1.6680461873015466,-2.1136976637436648e-08,0.8323695022946458
5987.64999999851,5.195958253146595e-05,0.11146606972282448,0.21640772954582355,-1.2831218296637183,1.6680461873015466,-2.1104399610639366e-08,0.8323359058939764
5941.560000002384,5.200567429116878e-05,0.11146238307846314,0.22231516753040959,-1.2850846360100725,1.6680461873015466,-2.11792681523682e-08,0.8323028339491177
5962.210000000894,5.215657173981702e-05,0.1117627585900164,0.2181871922772336,-1.2828292157592482,1.6680461873015466,-2.1184375945614983e-08,0.8322702695281229
5980.589999996126,5.206901450174759e-05,0.1116904215822649,0.21635716492780244,-1.283480894819842,1.6680461873015466,-2.1161293271883584e-08,0.8322381956990461
5974.340000003576,5.1940841382895004e-05,0.11141157389523866,0.22429013191808522,-1.2854274553139642,1.6680461873015466,-2.1125314069307855e-08,0.8322065955299408
5983.820000007749,5.197024060680148e-05,0.11153338592037544,0.2310840854056453,-1.287750176309441,1.6680461873015466,-2.1150003542887393e-08,0.8321754520888606
1300.0,0.00014597802197801905,0.061258235597929395,-1.1037691231355486,-0.23603490040311123,-0.0,-3.1799450549451476e-08,0.832144748443859
5921.859999991953,5.017098806167235e-05,0.10836490418496388,0.2929328207612767,-1.3141594570996025,1.6740220557704037,-2.0880582402913382e-08,0.83211446766299
5919.769999995828,5.217991518371013e-05,0.11176485366008948,0.21640686994240177,-1.283385250674348,1.6680461873015466,-2.1257245643125553e-08,0.832084592814307
5970.120000004768,5.1927161584568574e-05,0.11145889732250963,0.23398622178507456,-1.2886961077171724,1.6680461873015466,-2.1167363116649827e-08,0.8320551069658638
5968.070000000298,5.168616866112872e-05,0.11100227930510694,0.23402657119060466,-1.2897737189740635,1.6680461873015466,-2.1100702602665728e-08,0.8320259931857139
5964.469999998808,5.166694048626924e-05,0.11094945927611012,0.23234405088982424,-1.2895309070655623,1.6680461873015466,-2.109552238777652e-08,0.8319972345419111
5968.969999998808,5.168146695414839e-05,0.1110094344437406,0.24053375559540724,-1.291556987885609,1.6680461873015466,-2.110971188199619e-08,0.8319688141025091
5970.689999997616,5.1634343381807364e-05,0.11096987973162036,0.2425160278779228,-1.2929114438170417,1.6680461873015466,-2.1115843658494714e-08,0.8319407149355613
5933.270000003278,5.167912603710435e-05,0.11093900258737675,0.23611869107485806,-1.2909568225533707,1.6680461873015466,-2.114964918916154e-08,0.8319129201091215
5935.6100000068545,5.1803352027493444e-05,0.1111764216068834,0.2391744527408557,-1.2911004035069966,1.6680461873015466,-2.1184546875519047e-08,0.8318854126912435
5936.630000002682,5.178164345132129e-05,0.11110892848493793,0.23432806461206113,-1.290171467481935,1.6680461873015466,-2.1154284406182196e-08,0.8318581757499808
5965.480000004172,5.1584741126624365e-05,0.11088198324186978,0.245547661310483,-1.29417817026133,1.6680461873015466,-2.1117049152529778e-08,0.831831192353387
5937.789999999106,5.159253953600195e-05,0.1108210712638422,0.24597971670293628,-1.2940414577776358,1.6680461873015466,-2.114120291493636e-08,0.8318044455695157
5977.70000000298,5.148696382035256e-05,0.11075540914888862,0.2569537235761401,-1.2976357759856323,1.6680461873015466,-2.1096321346775906e-08,0.8317779184664209
5957.819999992847,5.141690000826963e-05,0.11058192818688808,0.2541182277711074,-1.297174208408538,1.6680461873015466,-2.109547011796073e-08,0.8317515941121559
5965.229999996722,5.122252084536553e-05,0.11025183789653056,0.2566561304094588,-1.2984656414497908,1.6680461873015466,-2.1038897966339845e-08,0.8317254555747745
5883.94999999553,5.263335596351776e-05,0.1108638537477235,0.192994729249373,-1.2751306582797661,1.6861963994069389,-2.1631548274613713e-08,0.8316994859223302
5936.379999995232,5.1104948225935255e-05,0.11002882881044823,0.2642649004303528,-1.3021197187039153,1.6680461873015466,-2.1069230017146483e-08,0.831673668222877
5935.910000003874,5.1305707273373e-05,0.11037170184565435,0.25975520157929655,-1.299929818335374,1.6680461873015466,-2.1112349194348318e-08,0.8316479855444683
5886.579999990761,5.06628456086395e-05,0.10757349346923319,0.2600735297912111,-1.3034139981784776,1.6333152674167704,-2.1250595280747505e-08,0.8316224209551577
5908.3600000068545,4.934663039078804e-05,0.10698340609799206,0.3381824637597193,-1.3308175858541884,1.615455054630568,-2.0760892010114353e-08,0.8315969575229991
5925.010000005364,4.931032379830314e-05,0.10696225267480006,0.3414735047897062,-1.3318493514782739,1.615455054630568,-2.074091996514046e-08,0.8315715783160459
5947.939999997616,5.073874008229528e-05,0.10944292621435461,0.28159396190853814,-1.3082654581383828,1.6740220557704037,-2.099366658533789e-08,0.8315462664023517
5942.559999994934,5.0777577058089665e-05,0.10947945386999401,0.27538109307003733,-1.3065570455878373,1.6740220557704037,-2.099595180324432e-08,0.8315210048499706
5886.960000000894,5.021713589820666e-05,0.10684222487831843,0.2816416934102892,-1.3116220352064833,1.6333152674167704,-2.117291825704285e-08,0.8314957767269557
5889.170000001788,5.016681587991262e-05,0.10677006684994281,0.2818308814343111,-1.3125494164086848,1.6333152674167704,-2.116505272214547e-08,0.8314705651013612
5907.079999998212,4.853267202714997e-05,0.10552506500477656,0.37454763490587073,-1.3441196776408357,1.615455054630568,-2.0573699056937518e-08,0.8314453530412403
5910.670000001788,4.874370226779934e-05,0.10596364723582868,0.36689316865580457,-1.3416842792211698,1.615455054630568,-2.0642022948609725e-08,0.8314201236146468
5899.10000000149,5.0059767504822375e-05,0.1066351017032115,0.2933866745488656,-1.315826755249887,1.6333152674167704,-2.1144422730312442e-08,0.8313948598896345
5893.640000000596,4.992323766562719e-05,0.1063956625321246,0.30259235452144395,-1.3188635640079687,1.6333152674167704,-2.1126620103927322e-08,0.8313695449342569
5898.679999999702,4.9950821058133735e-05,0.10643363360132896,0.2969546165641015,-1.3172059566173482,1.6333152674167704,-2.1115040003470317e-08,0.8313441618165677
5891.859999991953,4.999305601481239e-05,0.10649777059282957,0.2957732712633141,-1.3167734392760815,1.6333152674167704,-2.11354943131749e-08,0.8313186936046204
5821.310000009835,4.731613043252697e-05,0.10186028982909785,0.4101902649694833,-1.3617530818669237,1.5656017329967198,-2.066851336396043e-08,0.8312931233664689
5818.530000001192,4.734553864124473e-05,0.10191807388932912,0.40801627125981144,-1.361493884442131,1.5656017329967198,-2.0684275565548222e-08,0.8312674341701667
5820.230000004172,4.7280374694014105e-05,0.10183887101552888,0.4176857041437301,-1.3647252343969194,1.5656017329967198,-2.0684141692678812e-08,0.8312416090837674
5838.280000001192,4.7266813887819835e-05,0.10184399280299507,0.41603091594778974,-1.364058660963081,1.5656017329967198,-2.0656254942521878e-08,0.831215631175325
5836.809999994934,4.7206671237503075e-05,0.10174460659785083,0.4122658033793307,-1.363916215500176,1.5656017329967198,-2.0644032586701923e-08,0.8311894835128928
5832.839999996126,4.7253950743280934e-05,0.10184825729547027,0.41835805147516414,-1.365244540961281,1.5656017329967198,-2.06754169527508e-08,0.8311631491645246
5831.04999999702,4.7256077114314184e-05,0.10184825729547027,0.41835805147516414,-1.365244540961281,1.5656017329967198,-2.06780109549263e-08,0.8311366111982739
5839.619999989867,4.720959708288056e-05,0.10177109020866339,0.42109495521536555,-1.3658408765337973,1.5656017329967198,-2.0652493877427692e-08,0.8311098526821945
5836.3499999940395,4.7218707947097105e-05,0.1017679022688559,0.4118405930233644,-1.3636778191051122,1.5656017329967198,-2.0647983546238166e-08,0.83108285668434
5823.229999996722,4.7204788583809313e-05,0.10172715251751643,0.41856913499354453,-1.3651235861557727,1.5656017329967198,-2.066441680228317e-08,0.8310556062727641
5835.129999995232,4.7225154990280676e-05,0.10178921806976537,0.41849051246850033,-1.365194246385192,1.5656017329967198,-2.0659750857712657e-08,0.8310280845155206
5817.460000008345,4.7245736970853923e-05,0.10178921806976537,0.41849051246850033,-1.365194246385192,1.5656017329967198,-2.0684287886085544e-08,0.8310002744806628
5839.620000004768,4.724605074576965e-05,0.10184825729547027,0.41835805147516414,-1.365244540961281,1.5656017329967198,-2.0665963013010257e-08,0.8309721592362445
5826.2900000065565,4.7075133209019464e-05,0.10148194991323385,0.42348754097177643,-1.3668327851404911,1.5656017329967198,-2.0620139783193202e-08,0.8309437218503196
5829.7799999937415,4.7101969773532435e-05,0.10153307329019162,0.4196626319400014,-1.3657132251713908,1.5656017329967198,-2.0620220755330096e-08,0.8309149453909414
5844.480000004172,4.722504593982441e-05,0.10180950417933952,0.4159476389279728,-1.3646103771635303,1.5656017329967198,-2.06484284349617e-08,0.8308858129261636
5820.030000001192,4.720293675002599e-05,0.10169849089759138,0.41779117801317955,-1.3649353830324857,1.5656017329967198,-2.066082088187254e-08,0.83085630752404
5814.579999998212,4.7264396269873435e-05,0.10182798168041708,0.4209028081742252,-1.365828910296568,1.5656017329967198,-2.0698883469648073e-08,0.8308264122526243
5834.929999999702,4.7211742611440154e-05,0.10175826567295838,0.4193083732129175,-1.3652244192192424,1.5656017329967198,-2.0653074602834563e-08,0.8307961101799701
5832.3499999940395,4.709828286017833e-05,0.1015297345886895,0.42013189031981923,-1.3658458824837962,1.5656017329967198,-2.061594167325453e-08,0.8307653843741309
5835.7099999934435,4.709924381493724e-05,0.10158413478825312,0.4270875350142189,-1.3676424660172193,1.5656017329967198,-2.0633526952020172e-08,0.8307342179031605
5846.780000001192,4.712136376958657e-05,0.10167970510076506,0.43314461205190824,-1.3695058696715028,1.5656017329967198,-2.0646428904630515e-08,0.8307025938351125
5834.090000003576,4.72024276771979e-05,0.10174012952027472,0.42191414058121257,-1.3658710549623294,1.5656017329967198,-2.0653282580022027e-08,0.8306704952380405
5819.780000001192,4.725241666175092e-05,0.10183283493641161,0.4211946824589381,-1.366099190660996,1.5656017329967198,-2.0696155247615248e-08,0.8306379051799985
5847.019999988377,4.7226516972860935e-05,0.10182798168041708,0.4209028081742252,-1.365828910296568,1.5656017329967198,-2.065357900094844e-08,0.8306048067290397
5826.620000004768,4.715896173003808e-05,0.10165402718504499,0.4304269080712615,-1.3678777264850261,1.5656017329967198,-2.0655303790277825e-08,0.8305711829532179
5832.240000002086,4.7143908519791305e-05,0.1016431930852479,0.43272509462185305,-1.3686126363160462,1.5656017329967198,-2.0648911744499758e-08,0.8305370169205868
5832.769999995828,4.7040311097092135e-05,0.1014751910901363,0.43154385500323444,-1.3695901643217647,1.5737721495912707,-2.0626704129269948e-08,0.8305022916992
5843.859999999404,4.718589176786568e-05,0.10177847191146458,0.42700246742821735,-1.3675611502692073,1.5656017329967198,-2.0660063205933692e-08,0.8304669903571112
5818.25,4.717465984233703e-05,0.10164918484503961,0.4301336104336575,-1.3676065941291766,1.5656017329967198,-2.066241913730661e-08,0.8304310959623742
5826.3499999940395,4.72198114849908e-05,0.10177410873615925,0.4284147171416208,-1.3677128862024028,1.5656017329967198,-2.067960209241853e-08,0.8303945915830424
5845.759999990463,4.719316662161022e-05,0.1017576202396468,0.42357861113970197,-1.3665651925280833,1.5656017329967198,-2.0644390291126162e-08,0.8303574602871695
5834.780000001192,4.7149582806594325e-05,0.10165402718504499,0.4304269080712615,-1.3678777264850261,1.5656017329967198,-2.0643953400442232e-08,0.8303196851428094
3300.0100000053644,0.0001097979209331345,0.11422751868510254,-1.2455103631634894,-0.49698455269004094,1.468090781663233,-3.292520218490783e-08,0.8302812492180154
5790.359999999404,4.7249808799963995e-05,0.10020110695588205,0.3806313730231565,-1.3562002078195106,1.4948648605785353,-2.0907338908133416e-08,0.8302421355808413
5780.05000000447,4.8662397656842604e-05,0.10259795393650857,0.3446416283266194,-1.338677678511036,1.4948648605785353,-2.126899963821359e-08,0.8302023272993408
5783.14999999851,4.8781165257656354e-05,0.10280679308140135,0.342979067384265,-1.337884507859116,1.4948648605785353,-2.1285458130048382e-08,0.8301618074415676
5760.129999995232,4.881739410341897e-05,0.1028430482698763,0.340881154567211,-1.337435750635166,1.4948648605785353,-2.134261769692803e-08,0.8301205590755752
5831.19999999553,4.7596891380352454e-05,0.10243677945596857,0.4096431075335989,-1.3610616274121037,1.6333152674167704,-2.074992819608872e-08,0.8300785652694174
5810.939999997616,4.730665328041499e-05,0.10187579121733586,0.42910194076274966,-1.3675251228929206,1.6333152674167704,-2.06916540941326e-08,0.8300358090911477
5844.770000003278,4.7234453110855764e-05,0.10187942773990333,0.4325668972301515,-1.3689133543401724,1.5656017329967198,-2.0682374278800103e-08,0.8299922736088199
5862.039999991655,4.7176638041814956e-05,0.10183341193002793,0.43565305866551096,-1.369775327884031,1.5656017329967198,-2.065513459932049e-08,0.8299479418904876
5846.039999999106,4.7213487635336194e-05,0.10185418152331954,0.4324781228214212,-1.368818750701599,1.5656017329967198,-2.0677301822000355e-08,0.8299027970042044
5840.260000005364,4.7244198190655894e-05,0.10189889056464305,0.43914327755216664,-1.3703667614123733,1.5656017329967198,-2.0697951247370975e-08,0.829856822018024
4252.210000000894,0.0001159632530004072,0.14708041058305113,-1.148866887256204,-0.45659336164260705,5.318059279386594,-2.431284325174649e-08,0.8297121901542465
5980.04999999702,5.214058736393895e-05,0.11175031203731459,0.21177358595633233,-1.2806712421644164,1.6680461873015466,-2.1147427549784093e-08,0.8296608446866227
5982.289999999106,5.2125061131304025e-05,0.11173589323071431,0.21560724111085205,-1.2821068352828247,1.6680461873015466,-2.114729285294698e-08,0.8296079078093239
5968.740000002086,5.2148461111026575e-05,0.1117627585900164,0.2181871922772336,-1.2828292157592482,1.6680461873015466,-2.1175253619717012e-08,0.8295534062374679
5976.509999997914,5.216984337472022e-05,0.11182381976424649,0.220146326690271,-1.2827717175313482,1.6680461873015466,-2.1172821627692256e-08,0.8294973666861721
5981.030000008643,5.213776286809017e-05,0.11178408148889961,0.22558326959160224,-1.2844032146409503,1.6680461873015466,-2.1167888643508746e-08,0.8294398158705539
5949.359999999404,5.210716827380751e-05,0.11173452387304754,0.23650423264979192,-1.2885646745443315,1.6680461873015466,-2.1236580840099078e-08,0.8293807805057309
5996.269999995828,5.224113968753044e-05,0.11207671552974081,0.23286967327376162,-1.2867663730120686,1.6680461873015466,-2.12157447527547e-08,0.8293202873068207
5991.490000002086,5.217054016970224e-05,0.111956385438425,0.22794626340578228,-1.2860618467794989,1.6680461873015466,-2.1206183790667054e-08,0.8292583629889405
5990.5,5.217381512233295e-05,0.11198771156240146,0.23443847720891497,-1.288191753721465,1.6680461873015466,-2.1226089055405205e-08,0.8291950342672081
5972.230000011623,5.1864723998817756e-05,0.11140502338302653,0.24385455672018885,-1.2921188721900672,1.6680461873015466,-2.117988940799169e-08,0.8291303278567407
5970.059999994934,5.183290916953918e-05,0.11135886212988798,0.2502478170635829,-1.2938938047836621,1.6680461873015466,-2.1185187440049628e-08,0.829064270472656
5978.840000003576,5.183305481041014e-05,0.11138073334092775,0.2482536569703946,-1.2934744029088565,1.6680461873015466,-2.117552200587244e-08,0.8289968888300714
5987.240000009537,5.1771265041017294e-05,0.11133951915016599,0.2565120772482046,-1.2963262742025128,1.6680461873015466,-2.1178182141183264e-08,0.8289282096441045
5894.5,5.3075150513308166e-05,0.11169884223183434,0.19339395518500035,-1.273508928406016,1.6861963994069389,-2.1745337883940292e-08,0.8288582596298726
5759.5999999940395,4.966752326016781e-05,0.10422693343294054,0.30403364463440186,-1.3224679954906216,1.4948648605785353,-2.1507809006959102e-08,0.8287870655024934
5831.049999989569,4.8343428559803355e-05,0.1037072476750733,0.374490974660044,-1.3475296028025847,1.6333152674167704,-2.092127966399012e-08,0.8287146539770842
5780.339999988675,4.9424526210110404e-05,0.10386487535240017,0.31173908377494897,-1.3253680773803755,1.4948648605785353,-2.142703930175253e-08,0.8286410517687625
5842.359999999404,4.834576444605267e-05,0.10374876624411085,0.37853949268175713,-1.3484551801109428,1.6333152674167704,-2.0917265247061038e-08,0.8285662855926459
5803.609999999404,4.8135116149088576e-05,0.10329921844367201,0.38922468373347074,-1.3523089228783367,1.6333152674167704,-2.0909300480995506e-08,0.828490382163852
5856.939999990165,4.813854491302815e-05,0.10342771022766517,0.38251172094634,-1.3504108260362566,1.6333152674167704,-2.0851786554552337e-08,0.8284133681974981
5788.410000003874,4.9300145996642577e-05,0.10371061602408824,0.31873519173832543,-1.3288173934323824,1.4948648605785353,-2.1410783677133774e-08,0.8283352704087018
5785.390000000596,4.890762318388683e-05,0.10302668564218027,0.3351408119171815,-1.334960375720461,1.4948648605785353,-2.1320207075318558e-08,0.8282561155125805
5800.009999997914,4.887016609091171e-05,0.10306017546180773,0.3474021831255478,-1.3389431251552877,1.4948648605785353,-2.132799460537921e-08,0.8281759302242516
5788.420000001788,4.889258871324183e-05,0.10303101959805873,0.33927335494435784,-1.3368818268247462,1.4948648605785353,-2.131602917229375e-08,0.8280947412588329
5779.759999997914,4.88509359144496e-05,0.10295542719211526,0.33955153387106973,-1.3367088198892891,1.4948648605785353,-2.1330442855969004e-08,0.8280125753314416
5794.320000000298,4.885984945018576e-05,0.10304385872322902,0.3494696836046143,-1.3394379212377852,1.4948648605785353,-2.1338717643800622e-08,0.8279294591571954
5832.14999999851,4.7544995560843045e-05,0.10240852470475008,0.4262819261532518,-1.3662740683338537,1.6333152674167704,-2.0772323394644743e-08,0.8278454194512115
5787.679999999702,4.8626813869130176e-05,0.10259351908284689,0.35785655401911365,-1.3429363942830597,1.4948648605785353,-2.1267061729743816e-08,0.8277604829286077
5837.960000008345,4.752271973762451e-05,0.10236971325587665,0.4238659524796513,-1.3656387861859407,1.6333152674167704,-2.075328700788195e-08,0.8276746763045013
5829.429999999702,4.737896074717959e-05,0.10212257368719801,0.43598126879403987,-1.369385827743358,1.5656017329967198,-2.0738295354203193e-08,0.8275880262940101
5832.479999989271,4.7444709550507605e-05,0.10228383020254947,0.43593936253170806,-1.3699395016508704,1.5656017329967198,-2.0771862938702434e-08,0.8275005596122512
5835.870000012219,4.7398164239285105e-05,0.10218220543394355,0.43371344438941106,-1.3691669628996705,1.5656017329967198,-2.0742117589338223e-08,0.8274123029743422
5856.310000002384,4.734437939614307e-05,0.10214072905101793,0.4348906850707812,-1.3693131605939906,1.5676966833145993,-2.0718256209413785e-08,0.8273232830954008
5791.130000002682,4.8573999362330164e-05,0.10259135428053939,0.3728575135466152,-1.3470697341865812,1.4948648605785353,-2.130174062309506e-08,0.8272335266905443
5875.259999997914,4.733814412213342e-05,0.10218480544228116,0.43964628670231365,-1.3704066429336081,1.5676966833145993,-2.070327730964744e-08,0.8271430604748902
5792.599999986589,4.852489105314166e-05,0.10250053669800054,0.3670098874046728,-1.3463773452904881,1.4948648605785353,-2.1281198046683077e-08,0.8270519111635559
5867.320000000298,4.7397796697035147e-05,0.10229099402013421,0.43720297589729595,-1.3700293296915362,1.5595262667200485,-2.073647173395849e-08,0.8269601054716592
5819.859999999404,4.7247992564636544e-05,0.1019270745733118,0.44597244932429936,-1.3732128132316945,1.5656017329967198,-2.075232903603242e-08,0.8268676701143173
5857.730000004172,4.733463297814474e-05,0.10213364458361514,0.4430477132552699,-1.3710287209118401,1.5676966833145993,-2.0720461408122786e-08,0.8267746318066478
5849.679999999702,4.718863422186492e-05,0.10187520198586617,0.44753516158953666,-1.3735378962514728,1.5656017329967198,-2.0700692607320313e-08,0.8266810172637682
5855.940000005066,4.7228542014947704e-05,0.10197093166169867,0.44675641409381894,-1.3731861382354171,1.5656017329967198,-2.0708973402357602e-08,0.826586853200796
5858.10000000149,4.721932722685623e-05,0.10194283736680816,0.4420313260377169,-1.3718148307692684,1.5656017329967198,-2.0693810987934667e-08,0.8264921663328484
5849.839999996126,4.720569197048419e-05,0.10189597415022156,0.4432878428157996,-1.37217566609942,1.5656017329967198,-2.0697838238790948e-08,0.8263969833750434
5861.210000000894,4.725863573153656e-05,0.10204878638308197,0.44833876570871567,-1.37322579930194,1.5676966833145993,-2.0715907248561665e-08,0.8263013310424983
5863.359999999404,4.7228691790589124e-05,0.1020108155892068,0.4547272781295808,-1.375141022255845,1.5676966833145993,-2.0714135983177982e-08,0.8262052360503304
5823.100000008941,4.728223348305126e-05,0.10200553186505848,0.45698187033909354,-1.3757252600669971,1.5656017329967198,-2.0759288205439765e-08,0.8261087251136574
5873.890000000596,4.729238810337239e-05,0.10212233026612282,0.44543903071279445,-1.371778596263414,1.5676966833145993,-2.070212530086268e-08,0.8260118249475967
5876.509999990463,4.717322811116744e-05,0.10192010275030529,0.4539052500214824,-1.374836464412074,1.5676966833145993,-2.0674417093319765e-08,0.8259145622672658
5834.9599999934435,4.726378229336867e-05,0.10201729525464523,0.45488031373936444,-1.3753210174347938,1.5676966833145993,-2.075784030359149e-08,0.8258169637877824
5884.64999999851,4.730763809547051e-05,0.10215870007003816,0.44077490748031956,-1.3707085505888328,1.5676966833145993,-2.068667052604225e-08,0.8257190562242634
5858.55000000447,4.72012791078259e-05,0.10194820331026981,0.45694051566118166,-1.3759220372857368,1.5676966833145993,-2.071254874673838e-08,0.8256208662918271
5863.280000001192,4.7253253339335685e-05,0.10203845929423501,0.4486725133161258,-1.3733272253838846,1.5676966833145993,-2.0706624832716017e-08,0.8255224207055903
5852.589999988675,4.7231480165162414e-05,0.10199504806856306,0.4573320390716442,-1.3758396857364132,1.5676966833145993,-2.0729645846022338e-08,0.8254237461806709
5857.469999998808,4.721340078654699e-05,0.10196863786157315,0.4592570957107327,-1.3761635738017828,1.5676966833145993,-2.0717855093646316e-08,0.8253248694321862
5881.960000000894,4.7177704398171294e-05,0.10200040295699739,0.4594902092512858,-1.376861242523368,1.5676966833145993,-2.0697574466764213e-08,0.8252258171752537
5887.919999986887,4.7170600557565636e-05,0.10200040295699739,0.4594902092512858,-1.376861242523368,1.5676966833145993,-2.06885014088895e-08,0.825126616124991
5882.140000000596,4.721278999878742e-05,0.10201079482038664,0.453384527566298,-1.3744415715893592,1.5676966833145993,-2.0681799758066574e-08,0.8250272929965156
5863.419999986887,4.7256151102983536e-05,0.10204878638308197,0.44833876570871567,-1.37322579930194,1.5676966833145993,-2.071269030811266e-08,0.8249278745049449
5818.340000011027,4.723994026403305e-05,0.10197398582634076,0.4614169084510005,-1.3771855311455392,1.5676966833145993,-2.0784935534526894e-08,0.8248283873653964
5845.169999986887,4.704702121825934e-05,0.10169380623218267,0.4676412267662542,-1.3793319401890742,1.5676966833145993,-2.0706229894462822e-08,0.8247288582929876
5861.839999996126,4.6957388270064366e-05,0.10155043694114696,0.4664932654533036,-1.3797716112483758,1.5737721495912707,-2.0657371646912904e-08,0.8246293140028361
5863.8899999931455,4.6856252152922674e-05,0.10137662062349269,0.4705481166978549,-1.3809584716986898,1.5676966833145993,-2.062679934704612e-08,0.8245297812100592
5869.659999996424,4.675798886425258e-05,0.10122890517504314,0.48119874497503634,-1.384055285507342,1.5676966833145993,-2.0604998088565534e-08,0.8244302866297746
5861.070000000298,4.672288391948118e-05,0.10114538816981532,0.47420989429711735,-1.3831031943080825,1.5676966833145993,-2.060103679369507e-08,0.8243308569770995
5877.109999999404,4.670417932833416e-05,0.10117744104429209,0.47912104122536325,-1.3844652222644627,1.5676966833145993,-2.059243536744748e-08,0.8242315189671517
5864.420000001788,4.656906969983392e-05,0.10091704374145202,0.48742095640214256,-1.3873522572296193,1.5676966833145993,-2.0575457317176037e-08,0.8241322993150484
5814.450000010431,4.4891615272874974e-05,0.09804435033579637,0.5731057080666564,-1.4193223508679809,1.5676966833145993,-2.0276099706525862e-08,0.8240332247359073
5806.210000000894,4.492859368377895e-05,0.09805136870005852,0.5619930727558646,-1.4156051539813703,1.5676966833145993,-2.0270899292198174e-08,0.823934321944846
5813.320000000298,4.4990781129057495e-05,0.09818876522199071,0.562095048815729,-1.4152745182261537,1.5676966833145993,-2.0286165758333546e-08,0.8238356176569817
5797.730000011623,4.613893175819104e-05,0.09864430845660854,0.4834394428725899,-1.389749407000904,1.434312537366163,-2.0789384801078593e-08,0.823737138587432
5818.570000000298,4.5008758159217996e-05,0.09826805263915399,0.5668606755650245,-1.416737263974564,1.5676966833145993,-2.030308272839492e-08,0.8236389114513145
5809.320000000298,4.4939922032145395e-05,0.09808776768533137,0.5630185269805494,-1.4159749686453411,1.5676966833145993,-2.0276086025267956e-08,0.8235409629637466
5798.240000002086,4.60652533711245e-05,0.09853019485749417,0.494777149248558,-1.3929800186582717,1.434312537366163,-2.0779556965966854e-08,0.8234433198398458
5822.119999997318,4.489230686753821e-05,0.09805708587550158,0.5704597827831508,-1.418544813871154,1.5676966833145993,-2.0264889803297755e-08,0.8233460087947295
5823.810000002384,4.4881287298743273e-05,0.09804435033579637,0.5731057080666564,-1.4193223508679809,1.5676966833145993,-2.0263249933698782e-08,0.8232490565435154
5804.019999988377,4.4106968523986354e-05,0.09665212826578161,0.6113112907867011,-1.4332190833232725,1.5676966833145993,-2.0085366341954644e-08,0.8231524898013207
5785.359999999404,4.5270453582662436e-05,0.09715136983903738,0.5343380448727082,-1.4075952269516463,1.434312537366163,-2.0602224449565847e-08,0.8230563352832632
5767.320000000298,4.526648537172561e-05,0.09713150930237374,0.5396610674302158,-1.409485047581145,1.434312537366163,-2.0636480684864788e-08,0.8229606197044603
5786.270000003278,4.528342171816867e-05,0.0971829422008912,0.5333162252947146,-1.4075291568548025,1.434312537366163,-2.060808620788256e-08,0.8228653697800293
5793.819999992847,4.524581183521417e-05,0.09714925522496634,0.5367622926706539,-1.4087548552899924,1.434312537366163,-2.0595505729593016e-08,0.8227706122250878
5782.850000008941,4.520607721987448e-05,0.09703595530450852,0.5413530863432001,-1.4094776688644735,1.434312537366163,-2.0590153021084116e-08,0.8226763737547536
5801.89999999851,4.399175418802082e-05,0.09648925469287478,0.6269443419802423,-1.4378909224253225,1.5737721495912709,-2.007763527737756e-08,0.8225826810841438
5792.75,4.518559038027781e-05,0.09709116204035864,0.5494722650012109,-1.4126878187855365,1.434312537366163,-2.0606456812409578e-08,0.822489560928376
5762.050000011921,4.52543622906949e-05,0.09710964357627626,0.5460506400540486,-1.4114600572380769,1.434312537366163,-2.0636325188828246e-08,0.8223970400025676
5743.259999997914,4.533872253585031e-05,0.09719413953417978,0.533894213180135,-1.4079212815710065,1.434312537366163,-2.0675526004787474e-08,0.8223051450218363
5750.289999999106,4.388161196926129e-05,0.09479301638613229,0.6100290638828709,-1.4356838951680166,1.4404909776475237,-2.032862277821826e-08,0.8222139027012995
5742.85000000149,4.372265431452464e-05,0.09451212199487587,0.6209586617014633,-1.439063073151523,1.4404909776475237,-2.029896687263178e-08,0.8221233397560745
5752.149999991059,4.369447502505674e-05,0.09449555078137373,0.6253083531984918,-1.4405082189468343,1.4404909776475237,-2.0288053408229683e-08,0.8220334829012792
5732.840000011027,4.3660637211441034e-05,0.09440877580581458,0.6241257427769611,-1.4401743653011967,1.4404909776475237,-2.030136144004962e-08,0.8219443588520308
5749.310000002384,4.367135420251752e-05,0.09447887768418349,0.6263706985389828,-1.4407784992449817,1.4404909776475237,-2.029424334345132e-08,0.8218559943234468
5752.699999988079,4.367408000155797e-05,0.094473124458155,0.6261556156566872,-1.4405477074708797,1.4404909776475237,-2.0284851317474746e-08,0.8217684160306447
5746.909999996424,4.3661310709534166e-05,0.09445177569021403,0.6286823889568591,-1.4411754761816526,1.4404909776475237,-2.0292994783072573e-08,0.8216816506887421
5631.929999999702,4.4952498386930466e-05,0.09497394331739582,0.5511781612518591,-1.4158340436277408,1.4567866388555335,-2.0985780654665402e-08,0.8215957250128564
5746.920000001788,4.481301080048839e-05,0.09635858657282244,0.5718317031062252,-1.420491960807618,1.4404909776475237,-2.056898173297285e-08,0.8215106657181052
5732.05000000447,4.373540086375027e-05,0.09454925520514725,0.6312134204284989,-1.441509189648395,1.4404909776475237,-2.0333335417146804e-08,0.8214264995196059
5755.449999988079,4.36645337903387e-05,0.09447887768418349,0.6263706985389828,-1.4407784992449817,1.4404909776475237,-2.028496668881602e-08,0.8213432531324759
5748.509999997914,4.362731983046359e-05,0.09440218870358923,0.6272980400071586,-1.4414388191669567,1.4404909776475237,-2.0283444554541803e-08,0.8212609532718328
5754.679999999702,4.3636695862827254e-05,0.0944451977753082,0.6318548329942404,-1.4424393590851814,1.4404909776475237,-2.028656922709273e-08,0.8211796266527942
5751.640000000596,4.3615596116288684e-05,0.09439697255643321,0.6292227148447935,-1.442183449985875,1.4404909776475237,-2.028111040729328e-08,0.8210992999904774
4385.219999998808,0.00011325823705672143,0.1493875385007029,-1.0942600293887808,-0.5259558276127874,5.161050760653577,-2.669625541929325e-08,0.8208624924152306
5853.859999999404,4.812304544886991e-05,0.10336847042481627,0.3866788755351842,-1.3512537757775167,1.6333152674167704,-2.084321007974523e-08,0.820783778976414
5854.929999992251,4.809811795135268e-05,0.10334923925330708,0.3912977905149444,-1.3525334272207292,1.6333152674167704,-2.0847409073737265e-08,0.820705096366969
5841.479999996722,4.808055256995607e-05,0.10334457201503991,0.39656860693087914,-1.354899754939228,1.6333152674167704,-2.0884393396769436e-08,0.8206264475321403
5866.030000008643,4.8127216627876216e-05,0.10344943905443847,0.3915932760805001,-1.3530492090059918,1.6333152674167704,-2.0855595284342057e-08,0.8205478354171729
5846.859999999404,4.804603788535201e-05,0.10330509227717431,0.40228498514252653,-1.3564950204125132,1.6333152674167704,-2.0876790143234464e-08,0.8204692629673114
5844.830000013113,4.753959860483093e-05,0.10245622463326333,0.4304202429776902,-1.3669514259641837,1.5656017329967198,-2.0779466122802936e-08,0.8203907331278006
5853.910000003874,4.74985336502359e-05,0.10240471801233798,0.43788860261412577,-1.3688752383326825,1.5656017329967198,-2.0764097831578842e-08,0.8203122488438853
5859.609999999404,4.7433094671574275e-05,0.10234684575578382,0.43898261055960974,-1.3706146206571659,1.5737721495912707,-2.0761434542047782e-08,0.82023381306081
5857.240000002086,4.732965554923365e-05,0.1021685822992546,0.4456333292089032,-1.372280574070098,1.5676966833145993,-2.0740239534051592e-08,0.8201554287238199
5875.979999989271,4.7321597214824174e-05,0.10220204178309149,0.44560509827657535,-1.3724323801896299,1.5676966833145993,-2.0720619347877115e-08,0.8200770987781593
5842.719999998808,4.741952413601315e-05,0.10231713604124983,0.45401338357924015,-1.3740855443306503,1.5595262667200485,-2.078352930897114e-08,0.8199988261690732
5845.109999999404,4.7509236389258166e-05,0.10249861512086363,0.4522089418590589,-1.3731327194413,1.5595262667200485,-2.082142989916497e-08,0.8199206138418063
5879.259999997914,4.752423759449182e-05,0.10257311571652988,0.4427344735318517,-1.3702124386639316,1.5595262667200485,-2.0770944459083592e-08,0.8198424647416034
5874.780000001192,4.7429791803158165e-05,0.10244788533219983,0.45034010729886687,-1.3736045858600625,1.5737721495912707,-2.0777302568786212e-08,0.8197643818137094
5865.909999988973,4.739197155052171e-05,0.10234617643326245,0.4531464281268893,-1.374301547558716,1.5676966833145993,-2.0772639788322603e-08,0.8196863680033686
5865.210000000894,4.73825141274708e-05,0.10232818036677457,0.45576842387525707,-1.3749527065183602,1.5676966833145993,-2.077270254147413e-08,0.8196084262558261
5865.520000003278,4.73493349331374e-05,0.10229872618234835,0.4615913890086958,-1.3770531094265963,1.5676966833145993,-2.0778485677929974e-08,0.8195305595163265
5867.409999988973,4.735447124645427e-05,0.10230365098885633,0.4599522745165219,-1.3763920901588331,1.5676966833145993,-2.0772886037316765e-08,0.8194527707301147
5874.710000000894,4.724471320951177e-05,0.10214298579943028,0.4638268533664931,-1.3782938869448742,1.5676966833145993,-2.0744881463552412e-08,0.8193750628424354
5879.5,4.7311997903755175e-05,0.10226815311348368,0.45905492855090824,-1.3764660628524499,1.5676966833145993,-2.0751760825522475e-08,0.8192974387985333
5883.990000002086,4.7314268994515845e-05,0.10227010183242005,0.4630708535790493,-1.3772482262801948,1.5676966833145993,-2.0744843552813596e-08,0.8192199015436532
5866.049999989569,4.732970699974424e-05,0.10227511363991,0.46334070966113616,-1.377506506940788,1.5676966833145993,-2.0776186294145962e-08,0.8191424540230398
5868.5999999940395,4.733259530650513e-05,0.10227010183242005,0.4630708535790493,-1.3772482262801948,1.5676966833145993,-2.076802619445842e-08,0.8190650991819379
5860.530000001192,4.736276129125518e-05,0.10230365098885633,0.4599522745165219,-1.3763920901588331,1.5676966833145993,-2.078311877415812e-08,0.8189878399655923
5883.989999994636,4.7343069452131895e-05,0.10234058983455012,0.46575579990612725,-1.3779930323041945,1.5676966833145993,-2.0762549820110604e-08,0.8189106793192477
5874.44999999553,4.723362008772504e-05,0.10212342150720861,0.4711014712234278,-1.3794788486368987,1.5676966833145993,-2.0743325746125515e-08,0.8188336201881489
5823.359999999404,4.7416292674529965e-05,0.10233044264306408,0.4712180512466353,-1.3795711759302294,1.5595262667200485,-2.0827291871683633e-08,0.8187566655175404
5821.510000005364,4.758351583806531e-05,0.10265368662902996,0.4639033276526705,-1.37687968854386,1.5676966833145993,-2.0899652624642932e-08,0.8186798182526674
5785.05000000447,4.887474352308819e-05,0.10322440982798912,0.3863501832431968,-1.3503793420247598,1.4948648605785353,-2.145561751834299e-08,0.8186030813387744
5895.730000011623,4.760227948595927e-05,0.10283387953228759,0.45877921674052224,-1.3746129221410524,1.5676966833145993,-2.081865643488639e-08,0.818526457721106
5888.3499999940395,4.726236398128925e-05,0.10223781266724685,0.47765992261578516,-1.3812064678030245,1.5676966833145993,-2.075291754692805e-08,0.8184499503449073
5888.25,4.725593778370242e-05,0.1022394939555835,0.47838541031236037,-1.381639165446736,1.5676966833145993,-2.0756894195603298e-08,0.8183735621554229
5875.910000003874,4.729083004262122e-05,0.10226878289489061,0.47676933607141114,-1.3811631835452869,1.5676966833145993,-2.0778837448471257e-08,0.8182972960978975
5881.339999996126,4.7382152716528335e-05,0.10241477095973252,0.4682428504065501,-1.3781982884084234,1.5676966833145993,-2.0780859739692962e-08,0.8182211551175758
5886.0,4.7364648240058904e-05,0.10239049407457786,0.47048991952523744,-1.3786299117242446,1.5676966833145993,-2.0769939045256124e-08,0.8181451421597026
5847.240000002086,4.738320780590652e-05,0.10235367259549272,0.4678387500204866,-1.3789151444267627,1.5595262667200485,-2.08153011451222e-08,0.8180692601695227
5875.439999997616,4.6994905156168955e-05,0.10170635142853159,0.48175610350330356,-1.3832306663152347,1.5676966833145993,-2.0682236585812855e-08,0.817993512092281
5876.469999998808,4.6880096960113575e-05,0.10157763861533053,0.4947122634948413,-1.388391310145645,1.5676966833145993,-2.0688611854594793e-08,0.817917900873222
5877.140000000596,4.6855547292845034e-05,0.10156536955963548,0.4967220861840058,-1.3889697433018464,1.5676966833145993,-2.0692066753712918e-08,0.8178424294575907
5899.129999995232,4.681987438215627e-05,0.10154975819680977,0.49936909439911314,-1.389680340215589,1.5676966833145993,-2.0658166659655087e-08,0.8177671007906315
5892.219999998808,4.678633731803078e-05,0.1014809144061118,0.4997522152876499,-1.390252150017118,1.5676966833145993,-2.065974068528786e-08,0.8176919178175895
5835.030000001192,4.500740991248775e-05,0.09837536064442622,0.5851590994685365,-1.4221305526351644,1.5676966833145993,-2.032614689525292e-08,0.8176168834837093
5823.490000002086,4.496907336705934e-05,0.09826327342377122,0.5907545407248174,-1.422995874151243,1.5676966833145993,-2.03204470137234e-08,0.8175420007342356
5830.45000000298,4.5048704112881356e-05,0.09841703466303191,0.5795416717248645,-1.4201500141963603,1.5676966833145993,-2.0331376089554027e-08,0.8174672725144134
5819.910000003874,4.501341300676123e-05,0.0983552824301823,0.5879803387135998,-1.422777013470701,1.5676966833145993,-2.0345535919837073e-08,0.8173927017694872
5813.880000002682,4.507538932565884e-05,0.09845577601394695,0.5854660044531883,-1.421771615571339,1.5676966833145993,-2.0369177262479267e-08,0.8173182914447018
5820.7099999934435,4.5086850094509355e-05,0.09848157216706684,0.5812232263100219,-1.4205501149946185,1.5676966833145993,-2.0359775662085245e-08,0.817244044485302
5828.919999994338,4.5066279251713386e-05,0.09845929498204628,0.5839076297526598,-1.4211168932946237,1.5676966833145993,-2.0345407681679015e-08,0.8171699638365325
5838.670000001788,4.5940123484363547e-05,0.0999259839075254,0.5335462297654243,-1.4036042886304914,1.5676966833145993,-2.0520542449184274e-08,0.817096052443638
5774.04999999702,4.5469246896617e-05,0.0975846348484423,0.5467657723009816,-1.4107400002547748,1.434312537366163,-2.0725044713326437e-08,0.8170223132518635
5770.019999988377,4.5479115890127216e-05,0.09757271262487902,0.5491376427168237,-1.4112079617111022,1.434312537366163,-2.071505073210404e-08,0.8169487492064536
5796.820000000298,4.5442143564194125e-05,0.0975846348484423,0.5467657723009816,-1.4107400002547748,1.434312537366163,-2.0688563599576875e-08,0.816875363252653
5775.430000007153,4.534008150560218e-05,0.0973539788330351,0.550339922615751,-1.4121254884701135,1.434312537366163,-2.068400988734998e-08,0.8168021583357065
5699.740000002086,4.505030540618998e-05,0.09532078010159835,0.5611338249860731,-1.4175996032950295,1.4567866388555335,-2.0951457675420185e-08,0.816729137400859
5826.269999995828,4.426668702301166e-05,0.09709972013202477,0.6291952281447553,-1.4375920343705442,1.5737721495912709,-2.0163966926502836e-08,0.8166563033933549
5710.080000005662,4.370493180642522e-05,0.09453296562423943,0.6415856285706987,-1.444898521446854,1.4404909776475237,-2.0383509468056717e-08,0.8165836592584392
5799.030000001192,4.4594945058875924e-05,0.0961891735129816,0.5984546452506012,-1.428521212799867,1.4404909776475237,-2.049522630969555e-08,0.8165112079413568
5826.539999999106,4.503197440191311e-05,0.09841479580783738,0.5920222301444209,-1.4237643285505794,1.5676966833145993,-2.034020023055959e-08,0.8164389523873522
5734.79999999702,4.458898332347492e-05,0.09608133243776233,0.6113962849862515,-1.432368482641236,1.4404909776475237,-2.057905536771696e-08,0.8163668955416702
5782.05000000447,4.466911821284154e-05,0.09627624995944568,0.5920856494560862,-1.4272336495027733,1.4404909776475237,-2.052192118197113e-08,0.8162950403495556
5793.179999999702,4.453283589470601e-05,0.09607071718362131,0.5906541691831482,-1.4273600258807395,1.4404909776475237,-2.0480863644507015e-08,0.8162233897562531
5786.5,4.4461140684445e-05,0.09592770144306408,0.5998354581227159,-1.4299806724401254,1.4404909776475237,-2.0472016622918642e-08,0.8161519467070074
5789.509999997914,4.444184033663233e-05,0.09592077690084894,0.6028350915606082,-1.431063292937969,1.4404909776475237,-2.047239062164119e-08,0.8160807141470635
5780.29999999702,4.44524456807545e-05,0.09592077690084894,0.6028350915606082,-1.431063292937969,1.4404909776475237,-2.048707462515569e-08,0.816009695021666
5774.060000009835,4.450251572441547e-05,0.09602205754291564,0.6116457160221853,-1.4326343262277896,1.4404909776475237,-2.0522533418566348e-08,0.8159388922760596
5776.0,4.4561664535796605e-05,0.09610983269964975,0.6048742226907238,-1.430395217380266,1.4404909776475237,-2.0526434211305634e-08,0.8158683088554892
5777.229999996722,4.452163802365612e-05,0.09606396113461085,0.6064635333719686,-1.4314459708009486,1.4404909776475237,-2.0522389781475233e-08,0.8157979477051994
5751.510000012815,4.286500138704827e-05,0.09324247093952545,0.6915079343722712,-1.4619914270513807,1.3793563980264092,-2.0141820102676617e-08,0.815727811770435
5745.14999999851,4.284864855999614e-05,0.09319798185758174,0.697110896678732,-1.4632098221549334,1.3793563980264092,-2.014567823151037e-08,0.8156579039964407
5749.810000002384,4.2892638953920645e-05,0.09329690607218301,0.6880850199847517,-1.4613704850074436,1.3793563980264092,-2.0154668442949505e-08,0.8155882273284614
5745.440000005066,4.295884088042186e-05,0.09341646787317882,0.6885002882424578,-1.4611678497000167,1.3793563980264092,-2.0184725892846584e-08,0.8155187847117419
5745.920000001788,4.2807421612626917e-05,0.09317963709491932,0.7055688439797341,-1.4663898798623618,1.3793563980264092,-2.0156855252546844e-08,0.8154495790915266
5748.890000000596,4.282807443729442e-05,0.09315472006426366,0.6924455765802988,-1.4621943985110306,1.3793563980264092,-2.0127474237594417e-08,0.8153806134130606
5743.819999992847,4.284542255623598e-05,0.09321244815442292,0.6971097600611524,-1.4638192226204736,1.3793563980264092,-2.015486662466909e-08,0.8153118906215885
5799.839999996126,4.453309582759578e-05,0.09614209360357254,0.60480820799317,-1.4310472994806858,1.4404909776475237,-2.050142709900014e-08,0.8152434136623552
5791.760000005364,4.4472534705222154e-05,0.09600998389541537,0.6143548922793816,-1.433449635454851,1.4404909776475237,-2.0495137494042902e-08,0.8151751854806053
5798.289999999106,4.455665486974605e-05,0.09617387575405806,0.605479514058898,-1.4311422970247383,1.4404909776475237,-2.0509472843672142e-08,0.8151072090215835
5800.0,4.447866744593982e-05,0.09604988475974977,0.6168643280966823,-1.4341003087379387,1.4404909776475237,-2.049281182663651e-08,0.8150394872305348
5807.1500000059605,4.33155557168886e-05,0.09547939701442039,0.6939436607764904,-1.4591764311470221,1.5054860630359574,-1.9971559533883897e-08,0.8149720230527037
5806.560000009835,4.331610688975104e-05,0.09547939701442039,0.6939436607764904,-1.4591764311470221,1.5054860630359574,-1.997223272849421e-08,0.8149048194333351
5806.2900000065565,4.333179248504018e-05,0.09551900896390388,0.6964917210151338,-1.4598271592397523,1.5054860630359574,-1.998339976912473e-08,0.8148378793176737
5761.229999996722,4.453661613541224e-05,0.09607684619121445,0.6145840006654861,-1.4337079685350151,1.4404909776475237,-2.0559418571758873e-08,0.8147712056509642
5772.960000000894,4.4527037200858424e-05,0.09606025286252223,0.6164906335734948,-1.433982307232781,1.4404909776475237,-2.0522644912265225e-08,0.8147048013784515
5692.239999994636,4.577356709420588e-05,0.09654601854198733,0.5350030998548867,-1.4073250891764177,1.4567866388555335,-2.116208535235189e-08,0.8146386694453803
5755.020000010729,4.293131753999917e-05,0.09340478326051567,0.692215963538195,-1.4624214583365835,1.3793563980264092,-2.0173989096678543e-08,0.8145728127969952
5788.169999994338,4.4294324999708453e-05,0.09569248367510988,0.6188388232346984,-1.4354972291815804,1.4404909776475237,-2.0448658592126144e-08,0.8145072343785412
5736.590000011027,4.254611436174736e-05,0.0926808277207415,0.7168268289569317,-1.4703644973717802,1.3793563980264092,-2.008368610854034e-08,0.8144419371352629
5752.579999998212,4.2554263850400986e-05,0.09277142715972998,0.7241502665500281,-1.4721827123549005,1.3793563980264092,-2.0087520717389208e-08,0.814376924012405
5740.920000001788,4.2530720030495535e-05,0.09270267259120592,0.7235583808625092,-1.4723139755472052,1.3793563980264092,-2.0091864010186476e-08,0.8143121979552126
5757.85000000149,4.2558400894650174e-05,0.0927857804408433,0.7210699696198026,-1.4713323005562415,1.3793563980264092,-2.0079515294639626e-08,0.8142477619089299
5742.109999999404,4.2665319736897195e-05,0.09296848130139608,0.7192009867984246,-1.4711798611382099,1.3793563980264092,-2.0141537500639254e-08,0.8141836188188022
5684.5,4.393467700858999e-05,0.09357352153384214,0.6277078597849033,-1.4417185268593988,1.395190310070534,-2.074808526735819e-08,0.8141197716300739
5734.640000000596,4.2938731489877006e-05,0.0934019455717428,0.6983346942815478,-1.4640156736776704,1.3793563980264092,-2.0211842820570737e-08,0.8140562232879898
5677.39999999851,4.3962826930193866e-05,0.09359659903801083,0.6234496424201716,-1.4404667173865506,1.395190310070534,-2.0759291522954632e-08,0.8139929767377948
5729.519999995828,4.254742655259038e-05,0.09272312877055326,0.7225685332119984,-1.4724965797874807,1.3793563980264092,-2.0115097626857386e-08,0.8139300349247335
5736.910000003874,4.273016270053705e-05,0.09304362582280243,0.7092439561403077,-1.4679181803435277,1.3793563980264092,-2.0151267576497376e-08,0.8138674007940506
5742.8600000068545,4.268848463483763e-05,0.09297780068501353,0.7142912020097532,-1.4692208572250411,1.3793563980264092,-2.01326176698271e-08,0.8138050772909913
5747.380000002682,4.259102950490269e-05,0.09281335632133256,0.7207551216939851,-1.471305027237134,1.3793563980264092,-2.009963637355486e-08,0.8137430673607998
5733.7799999937415,4.223362723878327e-05,0.09218732675641732,0.7457469508521042,-1.4792987110474856,1.3793563980264092,-2.0024536393075718e-08,0.8136813739487211
4612.25,0.00010392273524895185,0.14651325438060495,-0.9888113355457073,-0.635703968639374,4.886759400018382,-2.8532212962199717e-08,0.8134978390287295
5819.719999998808,4.77990818436497e-05,0.10289856230430922,0.43502940554412417,-1.366889619913546,1.5595262667200485,-2.089491168538605e-08,0.8134369589927234
5849.320000000298,4.7669479731953564e-05,0.10276303029533647,0.445787754259765,-1.370938975022131,1.5595262667200485,-2.0838474073439057e-08,0.8133762137677062
5844.430000007153,4.755845306160509e-05,0.10259478736992561,0.4536327112690639,-1.3735093723785008,1.5595262667200485,-2.084291910431581e-08,0.8133156042371052
5882.560000002384,4.7615074526907056e-05,0.10278875683202644,0.4552340629201317,-1.3733373959648676,1.5676966833145993,-2.082014534366429e-08,0.8132551312843477
5804.010000012815,4.7509521301518136e-05,0.10245936772154275,0.46174253564879386,-1.3762141551539662,1.5676966833145993,-2.089063897672169e-08,0.8131947957928607
5890.810000009835,4.7786219981181125e-05,0.10313500970082232,0.4494805198040255,-1.37116740212564,1.5595262667200485,-2.086386499965675e-08,0.8131345986460712
5868.359999999404,4.7533382467075e-05,0.10266928421345875,0.4630946246730918,-1.3766880490776536,1.5676966833145993,-2.0842758724455162e-08,0.8130745407274069
5897.8600000068545,4.757024301749808e-05,0.10275891922468827,0.4601605764685184,-1.3746148004292387,1.5676966833145993,-2.0798536482441605e-08,0.8130146229202946
5854.20000000298,4.754439129340554e-05,0.10267415823059665,0.4633809658703707,-1.3769533798347553,1.5676966833145993,-2.0868148135295143e-08,0.8129548461081617
5838.320000000298,4.7623919455197087e-05,0.10272868110174474,0.473298024454043,-1.379031044862325,1.6333152674167704,-2.0853001041873856e-08,0.8128952111744352
5899.689999997616,4.7497178842378904e-05,0.10270584814380275,0.47220753275213667,-1.3789695437375686,1.5676966833145993,-2.0813142639264164e-08,0.8128357190025425
5896.619999997318,4.728847052487673e-05,0.10234082169550303,0.48285487198980803,-1.3828305214345453,1.5676966833145993,-2.0769471588070617e-08,0.8127763704759104
5907.6399999931455,4.60943442179124e-05,0.1018045325195792,0.5575067651729162,-1.4078919101008938,1.5503490189871907,-2.027233993668527e-08,0.8127171664779665
5904.710000000894,4.602971771006632e-05,0.10173144491869715,0.5699374774486285,-1.411593959415732,1.5503490189871907,-2.0282124444407723e-08,0.8126581078921381
5920.10000000149,4.6064798332473796e-05,0.10178951549389005,0.5612753092325371,-1.40918806086087,1.5503490189871907,-2.02594175767443e-08,0.8125991956018519
5905.509999997914,4.60681761913171e-05,0.10176104013627957,0.5627964691660439,-1.4093878850877286,1.5503490189871907,-2.0272985151347808e-08,0.8125404304905354
5903.4000000059605,4.6129318029887674e-05,0.10188499087755876,0.5642517897043975,-1.4094772731359502,1.5503490189871907,-2.029954303989435e-08,0.8124818134416155
5914.720000013709,4.6147090480068754e-05,0.10196570193739028,0.5717771471140871,-1.4111474785448699,1.5503490189871907,-2.030638749705941e-08,0.8124233453385199
5911.169999986887,4.609961370209804e-05,0.10187820061015433,0.56787890396197,-1.4108082872931138,1.5503490189871907,-2.0297464127624617e-08,0.8123650270646754
5904.7900000065565,4.6120906600626174e-05,0.10191416081616626,0.5689136583135688,-1.4111771829747115,1.5503490189871907,-2.0314748314842947e-08,0.8123068595035092
5907.10000000149,4.609930260462952e-05,0.10185218583595959,0.5707154070829237,-1.411432792735351,1.5503490189871907,-2.029718316651352e-08,0.8122488435384485
5904.820000007749,4.6132976293467475e-05,0.1019077263972343,0.5678280046332316,-1.4105752203124655,1.5503490189871907,-2.0307121732947883e-08,0.8121909800529209
5765.090000003576,4.869886703185645e-05,0.10295686056473648,0.4165469841983942,-1.3594277938578967,1.4948648605785353,-2.1485423347885053e-08,0.8121332699303531
5907.5,4.653394703225137e-05,0.10261265700219054,0.5454118393501171,-1.402761469125994,1.5503490189871907,-2.0396175532637193e-08,0.8120757140541722
5894.54999999702,4.734553501159799e-05,0.10246861859423195,0.49474598978435935,-1.3851558692529156,1.5676966833145993,-2.080509331538309e-08,0.8120183133078059
5894.960000008345,4.729946869431671e-05,0.10238155482488823,0.48602191338269307,-1.3839012815333234,1.5676966833145993,-2.0786569418523924e-08,0.811961068574681
5899.929999999702,4.734740295498548e-05,0.10250649007977292,0.49646629267120534,-1.3859529192057511,1.5676966833145993,-2.0809908633765423e-08,0.8119039807382248
5905.89999999851,4.615468091566109e-05,0.10198404193178061,0.5754708758001685,-1.4125850154910626,1.5503490189871907,-2.0329338123850787e-08,0.8118470506818645
5892.359999999404,4.7356370584418104e-05,0.10250649007977292,0.49646629267120534,-1.3859529192057511,1.5676966833145993,-2.0821684598154902e-08,0.8117902792890273
5897.259999990463,4.7420639552403316e-05,0.10264201819091975,0.48804178857142144,-1.384325028213203,1.5676966833145993,-2.0836541982840287e-08,0.8117336674431402
5883.619999989867,4.747621766520473e-05,0.1027309634309814,0.49267262594971495,-1.3851953567163728,1.5676966833145993,-2.0878157433133997e-08,0.8116772160276308
5841.239999987185,4.759700381982033e-05,0.10283819225030529,0.4952089170578833,-1.3851332993764491,1.5676966833145993,-2.094437745143103e-08,0.8116209259259258
5888.25,4.678333179922334e-05,0.10156712594853881,0.5234950694372986,-1.3966739587949486,1.5676966833145993,-2.071564839903221e-08,0.8115647980214529
5922.589999996126,4.609554528719466e-05,0.10194837973772587,0.5796804298911513,-1.4141198168491935,1.5503490189871907,-2.0311734933882823e-08,0.811508833197639
5923.070000000298,4.59906603223419e-05,0.10179743359406865,0.5899047147538052,-1.4172661223589107,1.5503490189871907,-2.0300029360069652e-08,0.8114530323379112
5915.050000011921,4.573824429443487e-05,0.10130390354925596,0.5944885938232645,-1.4198851574539395,1.5503490189871907,-2.0232210353336154e-08,0.8113973963256967
5903.280000001192,4.572618511844466e-05,0.1012478752391238,0.600705795037797,-1.4214265883420647,1.5503490189871907,-2.022963053348409e-08,0.811341926044423
5873.329999998212,4.646857917828025e-05,0.10105838078894609,0.547347502973619,-1.404490538853908,1.5676966833145993,-2.0698202814332264e-08,0.811286622377517
5889.070000000298,4.651527126408376e-05,0.10110611978326105,0.5396424314908765,-1.4019956444105404,1.5676966833145993,-2.0652471009737464e-08,0.8112314862084059
5835.580000005662,4.6557276174476214e-05,0.10110689510259993,0.5425550011943465,-1.4032438571097083,1.5676966833145993,-2.074243745867847e-08,0.811176518420517
5887.390000000596,4.6538829469696915e-05,0.10114603750990354,0.5343402809195479,-1.4007729300717444,1.5676966833145993,-2.0658770288549806e-08,0.8111217198972774
5889.359999999404,4.634862347358855e-05,0.10083489889992554,0.5460546725631232,-1.4048367887125526,1.5676966833145993,-2.0617916804865225e-08,0.8110670915221144
5884.2099999934435,4.639285660464832e-05,0.100917736538344,0.549757441924386,-1.405505160203876,1.5676966833145993,-2.0644392207493815e-08,0.8110126341784551
5884.479999996722,4.630248048079053e-05,0.10075333615202388,0.5488760872302674,-1.4055111420220807,1.5676966833145993,-2.061454492282877e-08,0.8109583487497268
5882.460000008345,4.608767684087459e-05,0.10040279893458309,0.5602642315956357,-1.409832205679907,1.5676966833145993,-2.0575638341697073e-08,0.8109042361193565
5896.830000013113,4.608513538772838e-05,0.10043652041348494,0.5601534322361648,-1.4099702099878373,1.5676966833145993,-2.0561555414731024e-08,0.8108502971707714
5897.810000002384,4.601271898912435e-05,0.10035855915406637,0.5704168680960588,-1.4131964576129301,1.5676966833145993,-2.0563192402056615e-08,0.8107965327873989
5891.060000002384,4.592208014977642e-05,0.10017888519816957,0.5780919052049578,-1.4155114759057934,1.5676966833145993,-2.0548922747590296e-08,0.8107429438526661
5845.390000000596,4.416505782060357e-05,0.0970428570359248,0.6558638690143823,-1.4450703136564311,1.5737721495912709,-2.01588683722627e-08,0.8106895312500001
5829.0400000065565,4.410901401624461e-05,0.09695787861741156,0.6680897763159859,-1.4484816998723944,1.5054860630359574,-2.0182160059816447e-08,0.810636295862828
5821.25,4.3585669785668785e-05,0.09600972614336689,0.6958062366902942,-1.457728319734796,1.5054860630359574,-2.0046387903742422e-08,0.8105832385745773
5806.259999997914,4.36066818375776e-05,0.09600068267177242,0.6861717026610115,-1.4554305224085957,1.5054860630359574,-2.0057515039061117e-08,0.810530360268675
5819.140000000596,4.3705299976972166e-05,0.09620400287665551,0.6802912319926238,-1.453820219846115,1.5054860630359574,-2.0073340936189034e-08,0.8104776618285482
5827.94999999553,4.3619503923154944e-05,0.09610505668748116,0.6908562440598667,-1.4572063455497828,1.5054860630359574,-2.0057471595895732e-08,0.8104251441376242
5824.759999990463,4.366025173937395e-05,0.0961519219277259,0.6825096182232748,-1.4547274324335386,1.5054860630359574,-2.006129475081422e-08,0.8103728080793303
5814.510000012815,4.373453287361867e-05,0.09628969208726289,0.6860846328729933,-1.4551535133362337,1.5054860630359574,-2.010455059795488e-08,0.8103206545370936
5754.829999998212,4.4974145866658345e-05,0.09685169753298323,0.6078695507931435,-1.4297743832131777,1.4404909776475237,-2.0703695871313153e-08,0.8102686843943412
5770.590000003576,4.514465539085322e-05,0.09717062484690797,0.5967280467124456,-1.4259633254626132,1.4404909776475237,-2.072449809135625e-08,0.8102168985345004
5834.289999999106,4.384527891600304e-05,0.09648420730817568,0.6804590667359505,-1.4528476468181892,1.5054860630359574,-2.009970190225592e-08,0.8101652978409982
5837.219999991357,4.360794917804157e-05,0.09613419734051509,0.6903577250582971,-1.4577275320396752,1.5054860630359574,-2.005578082669986e-08,0.8101138831972621
5825.980000004172,4.3600210762688046e-05,0.09610271547102073,0.7008737535122989,-1.4599715406722893,1.5054860630359574,-2.0071969867487482e-08,0.810062655486719
5824.420000001788,4.36483622445163e-05,0.09616049437251305,0.6900898151656571,-1.4568372455935075,1.5054860630359574,-2.007288844710433e-08,0.8100116155927962
5827.740000002086,4.3681804801929144e-05,0.09623854983620794,0.6930363770032462,-1.4572511963527708,1.5054860630359574,-2.0084459063603436e-08,0.8099607643989208
5828.919999986887,4.3627365229249236e-05,0.09614948930589971,0.6937308477314548,-1.4581317984278008,1.5054860630359574,-2.0070691090249093e-08,0.8099101027885204
5829.210000000894,4.367158369005053e-05,0.09622945154490273,0.6954535029404356,-1.4580446048840097,1.5054860630359574,-2.008379925937675e-08,0.8098596316450215
5830.369999997318,4.3663369510937085e-05,0.09623127009778465,0.6960983762328814,-1.4583345918661381,1.5054860630359574,-2.0085346736823583e-08,0.8098093518518519
5832.859999999404,4.369099997860376e-05,0.09627528796864923,0.6940156993904267,-1.4576125139188836,1.5054860630359574,-2.0086600957752146e-08,0.8097592642924385
5811.829999990761,4.377390353127401e-05,0.0963607217727482,0.6917579668320979,-1.4564770860155596,1.5054860630359574,-2.012516370275022e-08,0.8097093698502086
5817.0,4.3754402132347354e-05,0.09636316665098578,0.6935844949484102,-1.4572411980289441,1.5054860630359574,-2.0124595506775885e-08,0.809659669408589
5816.960000000894,4.377866071312702e-05,0.09637822590906382,0.6887413703974148,-1.4557290773329328,1.5054860630359574,-2.011904001519426e-08,0.8096101638510076
5822.35000000149,4.3754332741591694e-05,0.09635482185607144,0.6937470919369018,-1.4572153329385489,1.5054860630359574,-2.011264163362223e-08,0.8095608540608911
5816.390000000596,4.376313357838759e-05,0.09636906898806862,0.6915952163152523,-1.4565029547939958,1.5054860630359574,-2.0123321338205827e-08,0.8095117409216666
5820.350000008941,4.3778890807899864e-05,0.09639475540742096,0.6915460584108679,-1.4565979553365633,1.5054860630359574,-2.0121533637736966e-08,0.8094628253167617
5818.9000000059605,4.375234673421464e-05,0.09636316665098578,0.6935844949484102,-1.4572411980289441,1.5054860630359574,-2.012195309233611e-08,0.8094141081296033
5821.25,4.3749805132849657e-05,0.09636316665098578,0.6935844949484102,-1.4572411980289441,1.5054860630359574,-2.0118599344916813e-08,0.8093655902436186
5826.629999987781,4.3586382031411835e-05,0.09607364759762103,0.7026891884573709,-1.4602248273082492,1.5054860630359574,-2.0065094925701402e-08,0.8093172725422348
5826.990000002086,4.3586034722639144e-05,0.09607364759762103,0.7026891884573709,-1.4602248273082492,1.5054860630359574,-2.0064669077902125e-08,0.8092691559088794
5782.820000000298,4.4811578048907814e-05,0.09668171282300113,0.6157295117429875,-1.43293932986774,1.4404909776475237,-2.0646782379891815e-08,0.8092212412269791
5817.629999987781,4.3531839576887675e-05,0.09600322940660484,0.7090680716707984,-1.4624340849810336,1.5054860630359574,-2.007723685607088e-08,0.8091735293799613
5838.809999987483,4.3337976674839015e-05,0.09571948629457426,0.7187218838609475,-1.4660212322168193,1.5054860630359574,-2.0008430227182695e-08,0.8091260212512533
5739.960000000894,4.52038728457235e-05,0.09714649984084203,0.58231505679883,-1.4220739245457552,1.4404909776475237,-2.0746375887624744e-08,0.8090787177242821
5814.829999998212,4.324139033470205e-05,0.09546440014432221,0.7251746412246982,-1.4675275397362004,1.5054860630359574,-1.9993645522852464e-08,0.8090316196824752
5816.319999992847,4.333387012441784e-05,0.09565068716325188,0.7180041528341681,-1.465627280382842,1.5054860630359574,-2.002355354585807e-08,0.8089847280092594
5815.460000000894,4.336907292653304e-05,0.0957170382556282,0.7100611371299816,-1.4639118420361643,1.5054860630359574,-2.003353462642324e-08,0.808938043588062
5801.419999994338,4.341193589538435e-05,0.09578347167610757,0.7102819338253115,-1.4641636541587053,1.5054860630359574,-2.0068253777890243e-08,0.8088915673023102
5818.39999999851,4.330996150183385e-05,0.09561444912436584,0.7196925496861839,-1.466143947734149,1.5054860630359574,-2.0015345528747465e-08,0.8088453000354314
5811.460000000894,4.325363500852015e-05,0.09554242409662787,0.7341294145308739,-1.470155962889638,1.5054860630359574,-2.0028189486855877e-08,0.8087992426708525
5828.309999994934,4.321165370597556e-05,0.09549402324007655,0.7315040286715577,-1.4698973909963808,1.5054860630359574,-1.999483812449973e-08,0.8087533960920009
5812.5400000065565,4.312244535513405e-05,0.09528768661447812,0.7315117950403041,-1.4703592886126808,1.5136564796305083,-1.997791208007795e-08,0.8087077611823036
5755.530000001192,4.255855750026646e-05,0.09280561688195005,0.7372085459507396,-1.4749500577638646,1.3793563980264092,-2.0098903253692786e-08,0.8086623388251879
5759.509999997914,4.269924378518276e-05,0.09311621792637288,0.7379678413657857,-1.4753890639875074,1.3793563980264092,-2.0160563101834593e-08,0.808617129904081
5723.340000011027,4.270937182781538e-05,0.09307950197493446,0.7430684738212299,-1.4766625286957102,1.3793563980264092,-2.021338698461541e-08,0.8085721353024101
5762.159999996424,4.274025439740116e-05,0.09318990119945407,0.7292469676630242,-1.4730754652763596,1.3793563980264092,-2.0164265299374755e-08,0.8085273559036025
5770.900000013411,4.266675943958458e-05,0.09309378264436804,0.7399882262668349,-1.4758122905087838,1.3793563980264092,-2.0141144801886698e-08,0.8084827925910849
5715.980000011623,4.275841378338843e-05,0.09313603732951485,0.7347465398107045,-1.4746418416877531,1.3793563980264092,-2.0227591213036045e-08,0.8084384462482851
5777.670000001788,4.285861159810072e-05,0.09345573435613477,0.7306375858905954,-1.472685120064071,1.3793563980264092,-2.0192735423886798e-08,0.8083943177586298
5775.030000001192,4.2644606771962184e-05,0.09307892429788397,0.7443180149094761,-1.477254826101288,1.3793563980264092,-2.013774336341401e-08,0.8083504080055466
5768.29999999702,4.2588941755678344e-05,0.0929864340325262,0.7559055224796256,-1.4803133046187602,1.3793563980264092,-2.0140129588114148e-08,0.8083067178724623
5752.5,4.254150301373122e-05,0.09280973857585118,0.7473394552935391,-1.4783172996658236,1.3793563980264092,-2.0118870220213506e-08,0.8082632482428045
