ChargingTime,VoltageSlope,VoltageStd,VoltageKurtosis,VoltageSkewness,VoltageEntropy,VoltageCurvature,Capacity
2743.9881303324364,0.00012919997216547449,0.11029548709184941,-1.178053455344286,-0.588909746820423,2.8644035446004406,-1.5046755023648793e-08,3.3485142671723107
2751.4041306846775,0.00012967112851136806,0.11103389537634738,-1.1877206265479778,-0.5788853797868877,2.860927722773257,-1.4424266266909271e-08,3.346682512832439
2746.7081381357275,0.00012992873360406036,0.11121102526211961,-1.2006315161514982,-0.5662667070720258,2.874409394399218,-1.4026319129498497e-08,3.342557274938695
2745.192138059756,0.0001297830146210977,0.11101815186824295,-1.1988761835231911,-0.5683647073902435,2.874409394399218,-1.4232719117797452e-08,3.340207724427762
2738.4081377184993,0.00012997871559913203,0.11103883218082992,-1.2105957417280353,-0.5565880069385658,2.887996256796644,-1.3846396615377509e-08,3.337022264979384
2729.816137286194,0.0001302691825811075,0.11103947236165371,-1.2219832313887988,-0.5447649755454752,2.9016880549703385,-1.3413047216624419e-08,3.3336214151723875
2727.0862844572985,0.00013020682101535225,0.11086861951253733,-1.2193799189706807,-0.5484402101163472,2.905246634460074,-1.3602790074636876e-08,3.330205786372339
2724.3482841710793,0.00012999610717301277,0.11056827836102806,-1.217177760133654,-0.5517820431727384,2.905246634460074,-1.3786940310759274e-08,3.3260319652825263
2716.4382833462587,0.00012972730694493426,0.11016123785388432,-1.2245060409835629,-0.5451754087955543,2.919071460440882,-1.3940653291938472e-08,3.322175948239881
2709.1082825821068,0.00012980025431715892,0.10986884643259766,-1.2203976222098787,-0.5501399831133174,2.8923758055490465,-1.4131664362096003e-08,3.318982853043758
2727.9342845459178,0.0001298889179624601,0.11066453788841253,-1.2172846379119526,-0.5514242533856633,2.905246634460074,-1.3911135870995588e-08,3.315682295912141
2723.9222841269802,0.00012979192819998105,0.11037888909689232,-1.213564105874752,-0.5545273806465236,2.905246634460074,-1.40714518910831e-08,3.313166148881836
2718.922283605585,0.0001297249876644698,0.1100875067159655,-1.2110613391881735,-0.5580544328819862,2.905246634460074,-1.4196227223027373e-08,3.309924445648735
2711.1062827904243,0.00012943183864124567,0.10966484198025905,-1.2180649070837237,-0.5513945207521213,2.8923758055490465,-1.4368652916847387e-08,3.3064063556085825
2703.334281980002,0.0001293288594800213,0.10919521108662726,-1.2137948591667904,-0.5565932030057612,2.892375805549047,-1.4544039782020067e-08,3.3031670939682343
2698.6642814926454,0.0001292965288778436,0.10896104897945996,-1.210156016568509,-0.561837144822027,2.892375805549047,-1.474092828145489e-08,3.30047744780721
2693.798280984687,0.00012930897212815146,0.10872542034183878,-1.2076244115043384,-0.5636959585403865,2.892375805549047,-1.4816261421783802e-08,3.298110798898379
2686.1782801904774,0.00012913527976391392,0.1084395802347615,-1.2144359311566013,-0.5585230230276843,2.879390460715586,-1.4988083509203695e-08,3.295289791085884
2707.070282369852,0.00012917257052168923,0.10926456376711098,-1.2131702277794014,-0.5565754500027956,2.892375805549047,-1.4657957109311207e-08,3.292712780518256
2700.5442816884606,0.00012918922870699042,0.1089630867959601,-1.2088367555165458,-0.5617398032319235,2.892375805549047,-1.4824959019578176e-08,3.289228258281114
2689.708280558698,0.00012918042638274306,0.10842988961028635,-1.2021057166143507,-0.568929831790887,2.892375805549047,-1.5053298752354203e-08,3.2861257074825048
2673.3562788527925,0.00012894198228400342,0.10765691701634619,-1.2047292074609428,-0.5687149037248875,2.881338645555797,-1.5417106087889868e-08,3.283334743933919
2669.650278465764,0.00012881107775793998,0.10737895740442632,-1.2004213035704672,-0.5730003367187864,2.8813386455557968,-1.5625878662782014e-08,3.280650514435766
2690.0462805936113,0.00012863312122198746,0.10821383268007521,-1.2127723999673738,-0.5587553620555907,2.879390460715586,-1.5191649384781864e-08,3.2776416799639225
2673.378278854303,0.00012870614534028378,0.1074536676031214,-1.2049458227968741,-0.5681640486369413,2.881338645555797,-1.5460774642681285e-08,3.274330833778618
2686.2962802025722,0.00012868685926663116,0.10806623563062168,-1.2101460256681267,-0.5611092582657372,2.881338645555797,-1.5290145960006363e-08,3.270682369634876
2675.868279115064,0.00012830798764825737,0.1070952442060008,-1.184677373105079,-0.5881809108950417,2.8674066397723417,-1.6300311410896894e-08,3.2676455497199153
2681.710279724153,0.0001287051501645504,0.10786210637564889,-1.2065037992306016,-0.5643282237866578,2.881338645555797,-1.5416580939103516e-08,3.264574867301706
2672.6862787829596,0.00012824311039089453,0.1068844886467501,-1.1814578085562366,-0.5906128011790076,2.8690610885365055,-1.642119115583616e-08,3.261690898607042
2655.942277036549,0.0001280912286004534,0.10616632631883628,-1.1837175088252305,-0.5901960360323824,2.855887721791653,-1.673571533646233e-08,3.2588991662799764
2672.510278765112,0.00012801917041508265,0.10691498104185464,-1.192407814817525,-0.580403636479478,2.883006436648704,-1.6413532264897094e-08,3.255460021447753
2650.9442765145213,0.00012789737790634735,0.10576303225953204,-1.1797258370064159,-0.5939800247888094,2.855887721791653,-1.6936304836607796e-08,3.2524640096607813
2667.860278279637,0.00012794467945824624,0.10662008921864355,-1.1905288725741725,-0.5824828075729123,2.855887721791653,-1.649978159017499e-08,3.249421306945938
2649.320276344195,0.0001279355500843478,0.10573013559957857,-1.1778514012861023,-0.5962601003152271,2.8558877217916527,-1.7023790705849688e-08,3.2465776215924746
2664.6802779482096,0.00012802578413134626,0.10652864649749072,-1.1877486429808206,-0.5846839072156295,2.855887721791653,-1.657217912988072e-08,3.244129170109456
2645.520275949675,0.00012797051873812132,0.10555749753132204,-1.1747085555914754,-0.5982646799328459,2.857835906631864,-1.7101097507541232e-08,3.2413647031104884
2643.9682757863775,0.00012730915453730736,0.10498681571425397,-1.1671384679312589,-0.606155813069489,2.8288452737638057,-1.7838313758442616e-08,3.2385863200656466
2664.0322778802365,0.0001274162674696257,0.10583895500883361,-1.165536203979704,-0.6062381136941735,2.8419568294955555,-1.752612197244365e-08,3.235774723582766
2649.1442763276864,0.00012720635868148936,0.10516878013581715,-1.1691441053538951,-0.6045087651008414,2.8305130648567127,-1.7818289987271147e-08,3.233378292983129
2640.6702754442813,0.00012706829821251383,0.10464441196240057,-1.1628103676854267,-0.6110519107438582,2.8288452737638057,-1.807059412271973e-08,3.231450665790878
2634.770274827257,0.00012714962496803944,0.10441853861054437,-1.1595074230458975,-0.613887388158324,2.8288452737638057,-1.8204462225182452e-08,3.228983059483238
2652.144276640378,0.00012713887069199921,0.1052620777202358,-1.1701063225394175,-0.6030684903928764,2.8288452737638057,-1.7799800953606076e-08,3.226788744015437
2640.874275464681,0.00012708538920129598,0.1046754828022929,-1.1621819850142694,-0.6115628180907261,2.8288452737638057,-1.812629690159711e-08,3.224312553272167
2630.4502743778285,0.00012708298332258735,0.104161085998882,-1.1548476907925533,-0.6184854718229308,2.8288452737638057,-1.838975076802319e-08,3.2213741821857362
2654.0122768357396,0.00012701819838784617,0.10525853166731108,-1.1695071995223945,-0.6031990693469698,2.8288452737638057,-1.7873296504435876e-08,3.218481773481582
2642.9302756785182,0.00012693870558949267,0.10465624567471207,-1.1618076483758986,-0.6111677369079608,2.8288452737638057,-1.8147706780617796e-08,3.215999185061305
2631.1122744473396,0.00012697835805769396,0.10411718158124145,-1.1547107809024024,-0.618838224990652,2.8288452737638057,-1.8428896898707902e-08,3.2139325585987724
2621.654273459688,0.00012674018988432622,0.10368553083315846,-1.1608972825170307,-0.6134887478805072,2.842877418906299,-1.8622641936605774e-08,3.21170588518704
2615.7282728414284,0.0001267923073512805,0.10344057199109438,-1.1574662529519602,-0.6171302985728341,2.8153324402061464,-1.8750013306828748e-08,3.209519662211644
2632.522274594754,0.00012708920558042314,0.10427638812307112,-1.1551689361178732,-0.6180499954164481,2.8288452737638057,-1.84029134615173e-08,3.207097229482014
2625.6422738758847,0.00012706118759578128,0.10391847336862318,-1.1488934523041028,-0.6232567991081893,2.8288452737638052,-1.864035548035271e-08,3.204472540926245
2613.102272568154,0.0001267744973442345,0.10329793767133337,-1.1544205308456603,-0.6195368937472269,2.8153324402061464,-1.8885895736644074e-08,3.202208407568086
2610.1922722636955,0.00012670539571238385,0.1031074013175127,-1.152661050355274,-0.6219588335238567,2.817013790576232,-1.899277411005952e-08,3.20018232126248
2630.89427442383,0.00012696186674658792,0.1040897482393516,-1.1524526359530172,-0.6197724021449149,2.8288452737638052,-1.850286225419862e-08,3.198247574660918
2622.218273518607,0.0001267993434958491,0.10375565330796634,-1.160820286508638,-0.6128267162422022,2.842877418906299,-1.8624903472889818e-08,3.196737089823539
2614.430272705853,0.00012668565926236315,0.10329281209511541,-1.1549663878837708,-0.6190970282528727,2.8153324402061464,-1.8914626553622492e-08,3.194849732462024
2613.766272637062,0.0001266755842467605,0.10325513822052698,-1.1541643920194575,-0.6198810869478167,2.817013790576232,-1.892991015505799e-08,3.192689363620335
2609.858272229205,0.00012659330043688968,0.10301048377050256,-1.1515412890102656,-0.6233795207086962,2.817013790576232,-1.906420786097844e-08,3.190786485264623
2604.6082716807723,0.00012658802485992262,0.10274462039736203,-1.1475170412951317,-0.6267782259579586,2.8189778143175825,-1.9203523370634114e-08,3.1888490800489673
2625.44227385486,0.000126742776441223,0.10366244506413576,-1.1477578265759334,-0.6251039792644608,2.8288452737638052,-1.878336031150988e-08,3.186968935998128
2621.0702733984217,0.000126581359316223,0.10353777931006455,-1.1585364776196083,-0.6156952609905343,2.8153324402061464,-1.8790905767542583e-08,3.18449853717787
2616.5542729274603,0.00012654752046625077,0.10329275707024052,-1.1553749257024544,-0.6184905591513148,2.8153324402061464,-1.8934082363097517e-08,3.182909808977457
2619.326273217215,0.00012611099308714396,0.10289722920027031,-1.1356949618319696,-0.6366554933383454,2.8029896159449437,-1.9686806727012416e-08,3.180997726645236
2611.3062723801704,0.00012609303000888278,0.10248397705328356,-1.1305651988757208,-0.6408516904818111,2.804937800785155,-1.9865579288157775e-08,3.179086729827337
2602.998271513614,0.00012596797867946456,0.10222032306571584,-1.1391737048477089,-0.6346799058162221,2.8189778143175825,-1.997730950694494e-08,3.1772985968745924
2598.6062710562255,0.00012590661847846867,0.10195138687681446,-1.1354366894641348,-0.6376265258179751,2.8189778143175825,-2.014373645953317e-08,3.175636279905463
2599.8482711870456,0.00012589752930989456,0.10200806908669277,-1.1365697630815839,-0.637141777250384,2.8189778143175825,-2.0080397983760724e-08,3.1736915460179302
2591.862270354177,0.0001258843212054415,0.10160609808347755,-1.1307142382050412,-0.642239894808802,2.7912305975284823,-2.033942491947987e-08,3.171899627927106
2616.486272920156,0.0001260212040105982,0.10268869589460729,-1.1330269211860489,-0.6385825685556555,2.804937800785155,-1.9807263073028316e-08,3.1699492650793486
2613.092311504879,0.00012600805251308312,0.10251572663842677,-1.1308096176967612,-0.641121698713565,2.804937800785155,-1.9881074214402857e-08,3.168036040295952
2608.322310936055,0.00012602004640846322,0.10228420053133497,-1.1272510816575478,-0.6436746908406955,2.800252412793972,-1.9989452535250227e-08,3.1659634135461436
2597.110309601063,0.00012648093870720674,0.10230346771073238,-1.141355392072362,-0.6328798111511891,2.8189778143175825,-1.950333307255909e-08,3.164101575780031
2593.238309134962,0.0001262792765672028,0.10218211790630866,-1.151911854892735,-0.6240243213061204,2.8331402385001407,-1.955157293910461e-08,3.16205421935289
2594.62830930599,0.0001258170969802556,0.10168311025138374,-1.1324873037803063,-0.6403519589008185,2.7912305975284823,-2.025142255541394e-08,3.1602626871218544
2587.522308457177,0.00012579095724022914,0.10133104385571015,-1.126720579956191,-0.6466642778141015,2.7912305975284823,-2.053017646684844e-08,3.158339298764106
2603.7363103891257,0.0001258063990463355,0.10212816875922949,-1.1376979313442903,-0.6354551788994972,2.8189778143175825,-2.0109269252984797e-08,3.15685226059557
2600.7803100380115,0.00012585646776914198,0.10202101230715943,-1.1347189537863933,-0.6376982429651566,2.8189778143175825,-2.0218634404404654e-08,3.154939094824219
2599.2883098570164,0.00012579473515462382,0.10191161593694623,-1.133440623315855,-0.6397939552049324,2.7912305975284823,-2.0274585157337344e-08,3.153022955728084
2593.4003091549966,0.00012575340554831364,0.1015946492972138,-1.1283276427499285,-0.6445075477120132,2.7912305975284823,-2.047983616363968e-08,3.1522451521032706
2590.1203087649774,0.0001257391307349349,0.1014265087208697,-1.1255219160973882,-0.6472489914330042,2.7912305975284823,-2.0600909589942342e-08,3.1496360199947113
2582.876307901228,0.00012564757074079197,0.10099761054815443,-1.121022435798244,-0.6512038309609994,2.7912305975284823,-2.0797516318873577e-08,3.147335313287353
2572.154306625016,0.00012553456299668297,0.10061516062794548,-1.1279315113271093,-0.6460227467196888,2.802988382470861,-2.0957183041098213e-08,3.14565653962945
2567.734306097962,0.00012556578991792852,0.10042873439445169,-1.1243638661097606,-0.6492272803367998,2.775013729478572,-2.109562834337545e-08,3.1439780629953353
2568.966306243092,0.00012552559194657802,0.10046161024013471,-1.125278584804375,-0.648978885616889,2.775013729478572,-2.1067127433843605e-08,3.1420215318088114
2578.362307362957,0.00012622668153216724,0.10142216070671348,-1.139793232287847,-0.634959021008072,2.8053694812860526,-2.009370938912643e-08,3.140506682891437
2582.0123078003526,0.00012588043393430817,0.10113759600163325,-1.1199190818509908,-0.6516893753951756,2.7912305975284823,-2.081375158374844e-08,3.138608087996147
2569.980306362966,0.00012562126922401637,0.10058177590583628,-1.125307626656485,-0.6480868140021115,2.8029883824708612,-2.1083283825916467e-08,3.136876886290418
2573.0763067360967,0.0001256071065576519,0.10072147678105028,-1.1280838939624924,-0.6454831297867489,2.802988382470861,-2.0965141367624804e-08,3.1351716106454823
2561.5643053611275,0.00012569979513129626,0.10023976476677425,-1.1197284200658653,-0.6540013566460718,2.7773948282937626,-2.126079257430416e-08,3.1333623766853833
2558.158304954879,0.00012565625540744124,0.1000352569088892,-1.1160289949620923,-0.6566669310762455,2.7773948282937626,-2.1425516820710747e-08,3.131740313007541
2581.834307777928,0.0001258297496889745,0.10109413064400749,-1.1181979021255393,-0.6527390681016377,2.7912305975284823,-2.089336612315383e-08,3.1296170457447605
2576.4163071310613,0.00012588807918564136,0.10087041109861218,-1.1150061977933212,-0.6555437420585245,2.7912305975284823,-2.099986259995274e-08,3.1278647769121664
2577.3523072449025,0.00012579297220906285,0.10084043502291343,-1.114893430688015,-0.6554408237135315,2.7912305975284823,-2.100366622009249e-08,3.1259522546327005
2562.7243055002764,0.00012555097051840782,0.10017825502927338,-1.1186433895013068,-0.6537428868329276,2.7773948282937626,-2.1386129465840174e-08,3.124062532554795
2565.1623057890683,0.00012563513375520691,0.10036116991006651,-1.120311446606926,-0.6521902552622183,2.7773948282937626,-2.1304290842018876e-08,3.1222356418434
2559.2743050900754,0.00012557673198521476,0.1000341241640521,-1.1153502864823612,-0.6569752584106378,2.7773948282937626,-2.150469281706802e-08,3.120501472342667
2550.3543040279765,0.0001255951007936925,0.09961173297937083,-1.109479652298738,-0.662403589233837,2.7773948282937626,-2.172061506403852e-08,3.119336845123426
2546.316303541418,0.00012568278603038882,0.09949310898191671,-1.1054481701024048,-0.6660307133018215,2.7793749505903707,-2.1888544919569062e-08,3.1174112341803637
2549.3943039085716,0.00012553539261140402,0.09952206664641992,-1.1070052513712656,-0.6639357139328003,2.7793749505903707,-2.1838239778237203e-08,3.1153587332057033
2568.870306233177,0.0001255729263907917,0.1004965294596954,-1.1211924403986244,-0.6508855415000991,2.775013729478572,-2.126258569777237e-08,3.1136191276041667
2561.2863053299952,0.00012556735474135116,0.1001204791755107,-1.1159880585380284,-0.6555602037162549,2.7773948282937626,-2.1502409380299437e-08,3.111852554349638
2554.4223045078106,0.00012551085114483428,0.09975157110619884,-1.1091966585471216,-0.6620316932906014,2.7773948282937626,-2.1755906687584904e-08,3.110307054043648
2553.2823043740354,0.0001255183543330099,0.09970418505065899,-1.108856434613642,-0.6623411986683102,2.7773948282937626,-2.179423585938545e-08,3.108487408778485
2548.400303794304,0.00012556181017045598,0.09949994743202463,-1.1043853981896654,-0.6663131184093085,2.7793749505903707,-2.1985845329464912e-08,3.106765847389866
2546.086303514894,0.00012553800067060698,0.09936971033152572,-1.1026297727501333,-0.6675352876249359,2.7793749505903707,-2.204005003446425e-08,3.1049034372120476
2538.7863026449922,0.00012527154420797324,0.09904452856891524,-1.11262361249679,-0.659933669279793,2.791229658174175,-2.2183459592800308e-08,3.1030225276856815
2541.460302966181,0.00012527533508793678,0.09917674799988277,-1.113744247144888,-0.6595032778188591,2.791229658174175,-2.211181649848793e-08,3.1012663721770584
2532.052301838994,0.0001254190342590046,0.09882326157221948,-1.1076475339069054,-0.6647720730495732,2.7630238097026103,-2.2319463777902606e-08,3.099595548456082
2551.9843042190187,0.00012567582786858651,0.0997511780335995,-1.1083219151342514,-0.6620357212369712,2.7793749505903707,-2.1796492350400103e-08,3.097529524374591
2548.252303774003,0.00012569561074258313,0.09959014238045615,-1.1050872064024793,-0.6652867335991562,2.7793749505903707,-2.1922963643629703e-08,3.0957847945815713
2553.4883043991867,0.00012524611880633941,0.09930107210010589,-1.0853881978251014,-0.6805449085206097,2.7652485944871312,-2.2609746139516372e-08,3.094359058400337
2543.0343031520024,0.0001255561422044978,0.09946442871692943,-1.1155197007316502,-0.6569698814509423,2.7936304354919708,-2.199719753938603e-08,3.0924616557789446
2540.242302821018,0.00012553723338518742,0.09931534871339076,-1.113702835345367,-0.6587769933185263,2.791229658174175,-2.2111071203788585e-08,3.0912080148961
2554.4923045190517,0.00012530440993871816,0.09939708404020679,-1.0858003480971985,-0.679843188880573,2.7652485944871312,-2.2612225675966127e-08,3.0896993111743183
2547.438303675968,0.0001251025463595793,0.09913557824511002,-1.094454993222452,-0.6736859371287864,2.7769938517751793,-2.27539151463094e-08,3.0875945880164926
2534.596302146325,0.00012542430215354788,0.09895604565987154,-1.1079279973099347,-0.6636515026848573,2.7630238097026103,-2.2324885302508873e-08,3.086356532358808
2539.5763027428184,0.000124917291952161,0.09861384971421717,-1.0879206687523044,-0.6796137965416578,2.748818759199177,-2.3049561392754067e-08,3.0847605031389698
2522.4903007000685,0.00012538892334245717,0.09834119640376948,-1.09795808807242,-0.6725327343370426,2.76302380970261,-2.2742812229160463e-08,3.082830015505504
2520.0203004088253,0.00012537616054902496,0.09820982933818873,-1.096321499410938,-0.6735932288002354,2.76302380970261,-2.282131068748286e-08,3.081595637822674
2549.604303936707,0.00012503239973712905,0.09918529781715742,-1.0974671285583362,-0.671344473504935,2.7769938517751793,-2.2655763261243508e-08,3.080290624956873
2538.9803026700392,0.00012547017935304135,0.09920551892111099,-1.1117430593261657,-0.6603036970769826,2.791229658174175,-2.2189701867812237e-08,3.078990801338026
2533.9643020709045,0.00012548374265678797,0.09897208618395613,-1.107363099575146,-0.6645529976609382,2.7630238097026103,-2.235457015831684e-08,3.077327300709501
2545.700303469086,0.00012509326477205682,0.0990455555069463,-1.0941537993286026,-0.6738963036334172,2.7769938517751793,-2.2813890626256668e-08,3.075379815084907
2540.952302908059,0.0001250541707894031,0.09878349600514189,-1.0907082191617905,-0.6775635130242185,2.748818759199177,-2.292431412485999e-08,3.074121801757676
2536.6223023873754,0.0001250989402958211,0.09861521600155355,-1.0866764905860038,-0.6811587443315378,2.748818759199177,-2.3097372677742323e-08,3.0723922774994565
2531.7223018070217,0.0001250691769427337,0.09834769313073159,-1.0829434554516795,-0.6840144338147085,2.748818759199177,-2.3264495597508722e-08,3.0708835816706013
2528.0943013753276,0.00012517030508347028,0.09825237240829769,-1.078789307879372,-0.6875686378399053,2.748818759199177,-2.338266861861594e-08,3.069493235025771
2522.584300715942,0.00012517058911920518,0.0979832902615932,-1.0762020242012642,-0.689749012412095,2.748818759199177,-2.3492617896692766e-08,3.068105685048014
2512.138299468672,0.0001249980351620341,0.09757088355694285,-1.0824085534350931,-0.6851199090613158,2.76302380970261,-2.3726392316833937e-08,3.0664447637685823
2511.8542994400486,0.00012495441451852886,0.09753588629549634,-1.0805474079079904,-0.6873989628431086,2.734615865121847,-2.3830935545710386e-08,3.065000333536783
2511.686299412977,0.00012497965531847513,0.09754016714431384,-1.0820373667755652,-0.6856066712417973,2.76302380970261,-2.378752603776059e-08,3.063576449721952
2532.824301933404,0.0001253090673711015,0.09857920726110139,-1.0843677561734133,-0.6819983019810827,2.748818759199177,-2.3173574028644672e-08,3.0619494339111353
2529.9563015925232,0.0001253854093378483,0.098501081781555,-1.0827711714311927,-0.6837655559855118,2.748818759199177,-2.324359139805424e-08,3.060754969219021
2501.0342981449794,0.00012515297929335467,0.09714984950523377,-1.0726218995524448,-0.693205548180996,2.734615865121847,-2.4119026373788358e-08,3.0598644555619288
2522.4543006944004,0.0001253228673423224,0.09808435432235864,-1.0762165929281742,-0.6888427979780033,2.748818759199177,-2.3474034427844117e-08,3.058290969622939
2519.9463004011195,0.00012518355981883908,0.09809330025067665,-1.089495168927212,-0.6790336826505459,2.765424587020406,-2.341021490939772e-08,3.0565825060687932
2512.940299562644,0.00012517351188743136,0.09774366088065957,-1.0837791714307452,-0.683973968845424,2.765424587020406,-2.3669025695800386e-08,3.055477418503961
2511.5862994021736,0.00012518453130393626,0.09768460936371706,-1.0828115478495808,-0.6846342123775125,2.76302380970261,-2.366852852030197e-08,3.0541837404115144
2504.64829857694,0.00012518727060401271,0.09735158687724726,-1.0765871679650059,-0.6902582217768258,2.734615865121847,-2.3905685008579383e-08,3.052859184149715
2502.734298349358,0.00012516319493244282,0.09723815121413355,-1.076155393108924,-0.6903357135129545,2.734615865121847,-2.39708517601281e-08,3.051676467823488
2504.3882985450327,0.00012515147562448662,0.09730664628236702,-1.0772213982635561,-0.6893174934840228,2.734615865121847,-2.3937806979855714e-08,3.050060387672525
2504.3722985433415,0.0001252249656221943,0.09736238953632823,-1.077194066414211,-0.6897643509335297,2.734615865121847,-2.3934839122257007e-08,3.047801700909018
2503.3220602115616,0.00012475752322054884,0.09677065805043951,-1.049684007265717,-0.7110825765300665,2.7204465680111865,-2.492749318384798e-08,3.046640977078179
2500.02406281163,0.00012460988285013184,0.09674051504517917,-1.0635638244875614,-0.7007028402918359,2.734615865121847,-2.4887334571603254e-08,3.045278006668972
2521.5960461788345,0.0001248952656574978,0.09774960457735433,-1.0682117963514586,-0.6950655774828942,2.7511998580143677,-2.4181608586338022e-08,3.04514152370022
2519.3440477913246,0.00012497182174671566,0.09770192530054166,-1.064812275645076,-0.6979900858652176,2.7488187591991764,-2.4310279452426158e-08,3.0437133314874942
2489.684070870746,0.00012483353436568194,0.09638963251215915,-1.0550766326864982,-0.7066242767614459,2.736612352065534,-2.5160543460808104e-08,3.0416604290805376
2513.3860525749624,0.0001249800993358126,0.09740672187083761,-1.0604203584408243,-0.7009256667246639,2.7204465680111865,-2.443713253569582e-08,3.040460330631237
2508.3380564730614,0.00012485237756417673,0.09707193929576902,-1.054035482410479,-0.7059111774598724,2.7204465680111865,-2.4762050278974662e-08,3.039180764788412
2509.3000556011684,0.00012488815619339142,0.09714961786404294,-1.0548309978160062,-0.7054290756905411,2.7204465680111865,-2.47170123985035e-08,3.037958549575602
2507.71405690955,0.00012491559391019562,0.09709401527299082,-1.0530372418407332,-0.7073299701503564,2.7204465680111865,-2.4755368556965254e-08,3.03644939799452
2498.324064143002,0.00012457396001660316,0.09662752409647928,-1.060357139549388,-0.702446228213845,2.734615865121847,-2.5009214263850268e-08,3.035359890544568
2505.8080584062263,0.0001247691879849204,0.09689351342975493,-1.0502905373815306,-0.7096612186334857,2.7204465680111865,-2.4873002418978813e-08,3.033912413036837
2504.5380593687296,0.0001247566154850801,0.09681808170743864,-1.050661817545339,-0.7092117426236145,2.7204465680111865,-2.4883023595611922e-08,3.032571069563257
2499.972062901128,0.00012489724766556046,0.09669667735367068,-1.0476506222128146,-0.7114299802108742,2.7204465680111865,-2.4952097756278745e-08,3.0313377098113348
2496.910065251868,0.0001249149583652588,0.09655824318087212,-1.0467114637241508,-0.7119782654503588,2.7204465680111865,-2.4989049292152588e-08,3.0300694397458243
2489.5220709699206,0.00012472836866302245,0.09630654815200343,-1.0560996024736335,-0.7060754176770029,2.736612352065534,-2.5158035553372865e-08,3.028897715858152
2493.106068120338,0.0001247497058605912,0.09649482774800275,-1.0583150451037784,-0.7041795382117075,2.736612352065534,-2.505723482963926e-08,3.027952890425619
2485.970073697157,0.00012472911346921554,0.09613235258275114,-1.0526071682971587,-0.709105780718873,2.736612352065534,-2.52990273461094e-08,3.0265985631212002
2492.3840686501935,0.0001242664118594128,0.09590087090657201,-1.0320158703062243,-0.7242715780309896,2.6914795331093235,-2.6001269384076143e-08,3.025449699261473
2493.6020678072236,0.00012435758086938023,0.09602372764095793,-1.0338814149474786,-0.7225100368972901,2.7224266903077945,-2.588990206081168e-08,3.0240977854135447
2491.0300698280334,0.00012434405553120558,0.09589638994951734,-1.0303597581135648,-0.7259605622161035,2.6914795331093235,-2.601149659909924e-08,3.0229408143003997
2484.38207501499,0.0001243760310615825,0.09559338207664328,-1.0242247199613932,-0.730597826267661,2.6914795331093235,-2.625024317527383e-08,3.0223676727316606
2486.038073644042,0.0001244220711359634,0.0957092434648427,-1.0257720085418025,-0.7288792725425264,2.6914795331093235,-2.6211954117475302e-08,3.021638213179389
2484.0340752545744,0.0001245090420109751,0.09566482631247177,-1.0265280763456857,-0.7282415971220408,2.6914795331093235,-2.6158611957838596e-08,3.0203600618796123
2505.7460583979264,0.00012458289834745448,0.09677841077216139,-1.0454190147319555,-0.7130687605916303,2.7204465680111865,-2.5368537085973333e-08,3.0190238459966356
2475.992081440985,0.00012438861781638994,0.09543751782288525,-1.0348282578921875,-0.7231403306905827,2.7080056799586347,-2.6327902289159116e-08,3.017935722302514
2473.9060829859227,0.00012438150519247936,0.09532632408059208,-1.0325676912035924,-0.7246340084717922,2.7080056799586347,-2.6418287723628433e-08,3.016507675712483
2474.482082642149,0.0001243907046715862,0.09536317333015794,-1.0344397751362442,-0.7232409640371352,2.7080056799586347,-2.6370540229907536e-08,3.015352481583117
2496.682065484114,0.00012470072543334485,0.09641817680704158,-1.0388690202926547,-0.7177832005275672,2.7224266903077945,-2.5625091885973042e-08,3.014781245605197
2493.064068167936,0.00012479947048869773,0.09631787983471006,-1.0337971260686976,-0.721898038854001,2.7224266903077945,-2.5799969544835765e-08,3.013580482575683
2496.932065292727,0.0001242782657460297,0.09591035904799625,-1.011684176278831,-0.7375660015647856,2.677490797373036,-2.654169916722842e-08,3.0122636574319106
2499.686063040048,0.00012429932611838457,0.0960555516785507,-1.0154887793625238,-0.7342051959904515,2.708375540967115,-2.638954019432076e-08,3.011095915009496
2488.1660720999353,0.00012426629731690647,0.0954757599944011,-1.0044538479230145,-0.7430357862082205,2.679852537661274,-2.6863568209770104e-08,3.009900023188477
2484.69007473439,0.00012405851574402564,0.09540304448240125,-1.0160724115672384,-0.7357504928441502,2.693860631924515,-2.6873163663586986e-08,3.0091675660479043
2493.4580678832717,0.0001242419946240287,0.09572053817327575,-1.0076983638937886,-0.741036220892536,2.677490797373036,-2.670408926306145e-08,3.0081192683732096
2477.7520800940692,0.00012474835942783433,0.09553460420193148,-1.0212224684506805,-0.7314945148566766,2.6914795331093235,-2.6355887378641858e-08,3.006989735197619
2487.020072926767,0.00012411620769272043,0.09556342196673076,-1.0195260927781629,-0.7333336257293771,2.693860631924515,-2.676569238881227e-08,3.005973536365288
2483.140075996984,0.00012408391809838493,0.09533874351475413,-1.0160585351044327,-0.7346613781818231,2.693860631924515,-2.6855575627994286e-08,3.004729613544244
2472.694083963055,0.00012456868839572235,0.09539929024598551,-1.0332140587273824,-0.7233769969394875,2.7080056799586347,-2.6353133151598017e-08,3.003776926562908
2478.256079706829,0.00012404654207502096,0.09507921350367951,-1.0117861612866064,-0.7390633806325315,2.693860631924515,-2.704821301968773e-08,3.0029069927004652
2478.0600799010135,0.0001241247858650353,0.09512753592762616,-1.0119723519421289,-0.738959544753886,2.693860631924515,-2.703972013779382e-08,3.001479030433489
2475.646081629675,0.00012408649964407945,0.09498114014238436,-1.0100865339918417,-0.7405937457518238,2.693860631924515,-2.7128661683978472e-08,3.000277425855713
2466.8060885220766,0.000124182103187672,0.09461801417890219,-1.002023387786107,-0.7461810177349465,2.693860631924515,-2.7437552821523e-08,2.9992415100093597
2469.4660865110345,0.00012419116820887403,0.09476387860810583,-1.0024764009648648,-0.7462499585930629,2.693860631924515,-2.7428521149438403e-08,2.998352622469211
2471.536084942054,0.00012406696398931065,0.09476429148929318,-1.0042943228713117,-0.7444032736718486,2.693860631924515,-2.732210035052101e-08,2.996869673904486
2464.3300904189236,0.0001241656582428601,0.09448687811730787,-0.9981529543554712,-0.7493177280771991,2.662722734694419,-2.7584543115167343e-08,2.996221025603028
2467.754087836016,0.00012425436362828985,0.09471283314955138,-1.0047676681468622,-0.7441011867500654,2.693860631924515,-2.731740078258937e-08,2.995829015736085
2460.322093660943,0.00012426028634082177,0.09436222232012617,-0.9950044366830135,-0.7517725636536788,2.6627227346944196,-2.7702143894173323e-08,2.994272929234212
2460.6660934090614,0.0001243430604996864,0.09443547160882687,-0.996597895403752,-0.7507107446816764,2.662722734694419,-2.7594065682334312e-08,2.993463411113686
2465.2760897721164,0.00012383124408459333,0.09407046792640646,-0.9751872175846579,-0.7647570625987676,2.6487816080265714,-2.8307961936036187e-08,2.992313499829646
2486.9960729321465,0.00012394591711211613,0.09521207773049244,-0.9986208140257808,-0.747569719845002,2.679852537661274,-2.7366169980693733e-08,2.991309461457382
2487.536072469782,0.0001239424085980486,0.09523907321443659,-0.9964153540276128,-0.7492847149255929,2.679852537661274,-2.7441484070034828e-08,2.9904544597717324
2488.5120717659593,0.00012402457333511498,0.0953405854568246,-0.9989859266952243,-0.7468691694621875,2.679852537661274,-2.7314782160021815e-08,2.9895144380417213
2484.584074762184,0.00012382712685746647,0.0950178761532864,-0.994917103678131,-0.7507670524522344,2.679852537661274,-2.758052008990417e-08,2.9881893375187203
2477.728080090601,0.00012391259291566592,0.09473704476905713,-0.9886875610983217,-0.75434241145734,2.679852537661274,-2.777880709650664e-08,2.987622456531848
2481.740077011287,0.00012399579763551548,0.0949872531494675,-0.9929499125538968,-0.7508236157468264,2.679852537661274,-2.758842108483465e-08,2.9866851701489225
2482.532076358795,0.00012384941765133332,0.09493011026746934,-0.9911300831126084,-0.7531460890601707,2.679852537661274,-2.7693539492745537e-08,2.9861133858194986
2477.2860804428346,0.00012386861847053757,0.09468399604329092,-0.9872934134678268,-0.7559784056761715,2.679852537661274,-2.7840700571551616e-08,2.9852881761349823
2470.018086068332,0.0001239860042641717,0.09441324489555343,-0.9817836552564367,-0.7598926133732303,2.6798525376612745,-2.805675848587898e-08,2.984063223186712
2466.7720885798335,0.00012398248700682513,0.09425479985339513,-0.9789551930495421,-0.7616697774132457,2.6798525376612745,-2.8177265708734592e-08,2.983001120708413
2468.056087631732,0.0001240680497991375,0.09437652388131942,-0.9797170126070252,-0.7614865106130213,2.6487816080265714,-2.8092795773598337e-08,2.9822120106149628
2470.860085330438,0.000123944505174319,0.09442829757079485,-0.9816800084984827,-0.759726416418438,2.6798525376612745,-2.806715238055418e-08,2.981419556038953
2468.942086867988,0.00012400192157867776,0.09437820540515793,-0.97980746677979,-0.7609355168131025,2.6487816080265714,-2.8126870832587984e-08,2.980439368269991
2467.4480881239288,0.0001240421387485488,0.09433096421689283,-0.9766499888570213,-0.7636417221014564,2.6487816080265714,-2.819433098497369e-08,2.9796051929309084
2458.21809520619,0.00012381556297380076,0.09396735744342713,-0.9855926431573057,-0.7577236154471285,2.6627227346944196,-2.837672271957457e-08,2.9787884791640864
2459.4040942224674,0.00012390763418616284,0.09408310059892223,-0.9888106380457571,-0.7553660998739031,2.6627227346944196,-2.8216150459435472e-08,2.978269257025823
2459.950093933381,0.00012383903816038825,0.09406735971417762,-0.989414449692112,-0.7550105617828001,2.6627227346944196,-2.823675135671266e-08,2.9769735402294897
2458.0760954068974,0.0001238467107304893,0.09397699641519512,-0.9851373899741751,-0.7582332123129706,2.6627227346944196,-2.8336313195620592e-08,2.975985152049018
2457.858095488511,0.00012390007329744746,0.09400795609096681,-0.9869162425902291,-0.7570096063527512,2.6627227346944196,-2.8319265145180735e-08,2.9753477271312123
2455.7840971369296,0.00012386754866522946,0.09388341539635148,-0.9839433584758552,-0.7590468460345104,2.6627227346944196,-2.8437168227533252e-08,2.974667788657227
2445.8721048231237,0.00012384880557843572,0.09338492172832691,-0.974320510009048,-0.7662038515568853,2.6627227346944196,-2.881129315190543e-08,2.973940248560654
2450.438101266045,0.00012395946849364512,0.09368499175248626,-0.9794666563416694,-0.7627177804627518,2.6627227346944196,-2.8577575508005836e-08,2.9730035864061137
2460.048093765974,0.0001234419125981488,0.09357035621896417,-0.9616905023094944,-0.7740268036779259,2.6487816080265714,-2.915389628053664e-08,2.9719458584604217
2460.934093066957,0.00012336252593942175,0.0935547427121133,-0.961801593989692,-0.7740373810703085,2.6487816080265714,-2.9143735953132156e-08,2.9712104050490997
2449.5101019847207,0.00012393607564550787,0.09362635844240749,-0.980947995689772,-0.7613892893328157,2.6627227346944196,-2.8570637648408193e-08,2.9702373269699436
2460.734093293082,0.00012341087722537566,0.09358349133591186,-0.9616321347622501,-0.7744680186300205,2.6487816080265714,-2.914112211498174e-08,2.969234586934952
2454.600098076742,0.00012346075406220573,0.09331886092316145,-0.9580695400320409,-0.7770683963412673,2.6487816080265714,-2.9299680388271762e-08,2.968307647632378
2455.840096990578,0.00012352775092736034,0.09343258781449715,-0.957383502550011,-0.7777652768960581,2.6487816080265714,-2.9304801773726186e-08,2.968180296152751
2456.3080966542475,0.0001235652961840695,0.09347181403273366,-0.9607741447554439,-0.7742561868763554,2.6487816080265714,-2.9188371593832173e-08,2.966921766668293
2448.372102821246,0.0001221053437686392,0.0919892319556742,-0.9594309138487676,-0.7788368436723448,2.6487816080265714,-2.8788846601179574e-08,2.9660488904195157
2448.920102506876,0.00012358999597626358,0.09312894563026813,-0.952608766616069,-0.7803241121429396,2.6487816080265714,-2.948375537027492e-08,2.9653374116404847
2451.0881006713025,0.000123594524544666,0.09324112006577635,-0.9545020071834429,-0.7794089971121503,2.6487816080265714,-2.9411607465600858e-08,2.9644351381639273
2444.4021058450453,0.0001236487044949762,0.09295114189994941,-0.9497332007068007,-0.7824375779044358,2.6487816080265714,-2.9613084885824236e-08,2.963766316513675
2446.278104505036,0.00012371514412528377,0.09309288330684126,-0.950201949366769,-0.7824111674685347,2.6487816080265714,-2.955820217073496e-08,2.962941483726534
2439.1541100475006,0.00012348582416531737,0.09282827029892818,-0.9601864005709881,-0.7760712444976614,2.633778224123803,-2.964993727053279e-08,2.9619804308081013
2448.0741030755453,0.000122653528774235,0.09237781732018997,-0.9618511415059081,-0.7782793782293367,2.6487816080265714,-2.8846097733149914e-08,2.96157591414564
2466.4300889307633,0.00012384334333906917,0.09416075283002719,-0.9729803476045773,-0.766301071034645,2.6487816080265714,-2.8602581541314143e-08,2.960294653713514
2462.5780917787924,0.00012383683261281748,0.09396805697363847,-0.9683328904169328,-0.7692573375567081,2.6487816080265714,-2.8795181736663822e-08,2.959635137838542
2456.9500961657614,0.00012380457187448362,0.09367321589824831,-0.9625130772891177,-0.7734084765711047,2.6487816080265714,-2.9050336282781446e-08,2.9590844122893625
2438.8461102237925,0.0001236201246296156,0.0929156397464717,-0.9615081843221125,-0.7753561520577669,2.633778224123803,-2.96136585226648e-08,2.9582032051211216
2459.9180938438512,0.00012374431864591625,0.09376947018511093,-0.9657365694696551,-0.7709250129121682,2.6487816080265714,-2.8901523480390746e-08,2.957819447743055
2465.2780897310004,0.00012342239051095147,0.09357827518740217,-0.9452824175585484,-0.7845262956837696,2.6349781312231024,-2.9486689367931407e-08,2.9568532243514
2468.6320871477947,0.00012346787551880106,0.0937769542209577,-0.9475884712682205,-0.7826599395441095,2.6349781312231024,-2.9382222600936854e-08,2.956097664664306
2467.182088319678,0.00012343134919913396,0.09367777782626299,-0.9460767036688233,-0.7837965373410105,2.6349781312231024,-2.942520439057594e-08,2.955359714628497
2464.938090078067,0.00012332037694373394,0.09349809778576024,-0.941178560917947,-0.7872765197093171,2.6349781312231024,-2.9665393792065982e-08,2.95468866834242
2465.0520899803378,0.0001233772692280698,0.09353997460604123,-0.9436250021507062,-0.785953606158786,2.6349781312231024,-2.9551598620505453e-08,2.953900258832872
2438.1181108471937,0.0001230795626823149,0.09227362825154348,-0.9340524252616005,-0.793658908157047,2.621853165776382,-3.0513344930110184e-08,2.9532541427166037
2440.73210875364,0.00012308793979241668,0.09240744963240834,-0.9362642007313449,-0.7924620499335984,2.6198891420350314,-3.0410465429306974e-08,2.9525304612616665
2436.6521120299585,0.00012312024339761746,0.0922342271149899,-0.9302196733487889,-0.7963569322095952,2.621853165776382,-3.064084047757629e-08,2.9518238657781293
2439.6741095907055,0.00012314003300073319,0.09238393432632608,-0.936963364142477,-0.791559831809657,2.6198891420350314,-3.0344910891904375e-08,2.950794883779295
2435.688112727832,0.00012314762984624644,0.09219509621478414,-0.9314528512262306,-0.7953906682231099,2.6198891420350314,-3.055169879964077e-08,2.950250389311249
2461.854092315305,0.00012343586145398744,0.09342044851027768,-0.9410502599249617,-0.787743685832578,2.6349781312231024,-2.9611223020169407e-08,2.9493990898189333
2439.740109537728,0.00012312291121634585,0.09237699194696287,-0.9337786375551369,-0.7937793305718661,2.621853165776382,-3.043879661876086e-08,2.94857172514879
2442.0301077435724,0.000122997214921661,0.09240140778836493,-0.9363621022995932,-0.7921328670747444,2.6198891420350314,-3.0370153204563426e-08,2.9479574116661236
2434.23811382195,0.00012317598499783812,0.09215294543687154,-0.9280446395773305,-0.7977745390570686,2.621853165776382,-3.0706400875527406e-08,2.9472265294360342
2459.706094034016,0.00012345275233074864,0.09332887949439504,-0.9409940114905053,-0.7875547113369926,2.6349781312231024,-2.966424921030072e-08,2.9463933813182237
2436.1941122459248,0.00012321490841511143,0.09227095203101729,-0.9306870184517408,-0.7955403024941261,2.621853165776382,-3.058816937710249e-08,2.9459482969401067
2431.4001160510816,0.00012320102935630352,0.0920289581278161,-0.9268305984131389,-0.7981849179478243,2.621853165776382,-3.0763597164354664e-08,2.9452426066052237
2429.1121177501045,0.00012328688464160477,0.09197511422262136,-0.9259975618544516,-0.799287517150237,2.6198891420350314,-3.076284313180284e-08,2.944611502233343
2431.9201155244373,0.00012329835269869535,0.09211615576777045,-0.9285150027247813,-0.7978156927042702,2.621853165776382,-3.062522630985592e-08,2.9441226893017576
2441.770107955206,0.00012287215075319104,0.092084499783077,-0.9119731715733921,-0.8076212766133999,2.6080878523462308,-3.1145409780991793e-08,2.943202629254285
2458.4900950263254,0.00012321594707755376,0.09288137342548267,-0.9141271912793272,-0.8052988806628709,2.621311018685158,-3.0493055683102275e-08,2.9422979088614922
2433.976113991346,0.00012292631607459733,0.09174367651727701,-0.9030097060907756,-0.8135913793549947,2.6080878523462308,-3.148251034597172e-08,2.9420821466238065
2459.5880942204967,0.00012332311351916865,0.09301029422064504,-0.9167781370638002,-0.8031240127653021,2.621311018685158,-3.040811141260184e-08,2.9415150869184004
2457.8620954086073,0.00012327558991823316,0.09314347466616313,-0.9319213586997264,-0.7934346901600721,2.6349781312231024,-3.0249212835013976e-08,2.9414856091901282
2433.700114272069,0.00012299225339480635,0.0917746886045519,-0.9018539197088717,-0.8144613492682622,2.6080878523462308,-3.148968989949762e-08,2.9405621227262366
2434.4621136710048,0.0001231923662876504,0.09194542251471029,-0.9075255972563294,-0.8102533422619308,2.6080878523462308,-3.1249330956567175e-08,2.940015607842611
2453.4680988802575,0.00012336112658125893,0.0929878489895413,-0.9288234457577365,-0.7954279690156628,2.6373208252186937,-3.036983280869416e-08,2.9389930776112205
2452.2440998549573,0.00012315531131978891,0.09278471154194527,-0.9244414060670052,-0.7985652519175956,2.60613966750602,-3.054390040119752e-08,2.9383804363274453
2447.2241037720814,0.0001231848348564118,0.09256208105152872,-0.9197251909058815,-0.8023166203592811,2.60613966750602,-3.0747897554964435e-08,2.937894383562553
2450.2981014088728,0.00012322940537419966,0.09273733787535245,-0.9242234759766177,-0.7985935928939378,2.60613966750602,-3.0543186348985704e-08,2.937524606407469
2428.138118586503,0.00012293324831424702,0.09171437593255455,-0.9164171607810285,-0.8053186613757937,2.621853165776382,-3.1404971048993805e-08,2.936952337709556
2426.5261197700165,0.00012293761014565274,0.09163485385746484,-0.9137290101447384,-0.8067864122118464,2.621853165776382,-3.1493815646710775e-08,2.936063105715603
2438.522110470105,0.00012257121313080974,0.09149154082020627,-0.8775492003368455,-0.82931915979029,2.5944609832216656,-3.218650768113989e-08,2.9352876236797436
2459.2040944239125,0.00012260966517433792,0.09251412920132075,-0.9039444454022321,-0.8116734031679053,2.5925283838601767,-3.11357553184189e-08,2.934298253078206
2450.3681012201123,0.00012311200639024726,0.0926591418158654,-0.9226153746325072,-0.8000400874595663,2.60613966750602,-3.058592409249182e-08,2.933562890936684
2422.358122949023,0.00012282241599623794,0.09134942004112352,-0.9134232533620268,-0.8071148805800478,2.621853165776382,-3.1543670392548124e-08,2.933042224585778
2430.524116665125,0.00012238553102686343,0.09122015959532977,-0.8903505325607051,-0.8216518020355509,2.6080878523462308,-3.218427936218361e-08,2.932243289628229
2429.9961170936003,0.00012303688255176141,0.0916181495263071,-0.901195768365509,-0.8145058271475524,2.6080878523462308,-3.1486438799810856e-08,2.93195307495375
2455.0920976782218,0.0001226800940467923,0.09236288025336684,-0.8984453397046774,-0.8156029052899753,2.594460983221666,-3.13084970079253e-08,2.93124334236708
2433.008114770986,0.0001223466090645038,0.09131817794979269,-0.8950507265406231,-0.8187732464274147,2.6080878523462308,-3.204144231218217e-08,2.930324225360107
2438.050110861659,0.00012257692636038592,0.09146613050073943,-0.8796138192636795,-0.8277812641649661,2.5944609832216656,-3.206928395930247e-08,2.929982330100504
2437.776111044921,0.00012263782839405302,0.09149529986289805,-0.8818182797924852,-0.8266360134811008,2.5944609832216656,-3.200639851770973e-08,2.929298243983289
2439.614109575283,0.00012266085345028662,0.09160424358082575,-0.8857136601252642,-0.8245306983284797,2.5944609832216656,-3.1894610967477304e-08,2.9285770173409027
2432.3841152726673,0.00012267370648353008,0.09151297284104663,-0.8929081259242637,-0.8201276599337095,2.6080878523462308,-3.2061788691849416e-08,2.928147517247586
2434.700113497209,0.00012263683015415798,0.09159934026582867,-0.9003775401449037,-0.8149540083251985,2.6080878523462308,-3.178717870203199e-08,2.927031126220161
2424.064121636562,0.0001226780838002109,0.09110919420946136,-0.8871904855597026,-0.8239526343545572,2.6080878523462308,-3.230295024551762e-08,2.9267298380493125
2442.0701078027487,0.00012219927983839586,0.09143182162986818,-0.8760815114131644,-0.829570134701589,2.5944609832216656,-3.249797680115839e-08,2.926242014890137
2434.072113916278,0.00012214593392412097,0.09100286574730354,-0.8678168460270239,-0.8352353553539685,2.5944609832216656,-3.2794870439018694e-08,2.9255235719938173
2430.726116552949,0.00012265098932602459,0.0914025270881449,-0.8946914713078415,-0.8183064667796136,2.6080878523462308,-3.192836278207269e-08,2.925089314377169
2431.8761156937107,0.00012204292561789579,0.09082185858679363,-0.8617122865590625,-0.8394353415606227,2.5631821274623414,-3.2995830203889134e-08,2.9247081872082523
2436.6541119776666,0.00012217842076800377,0.09114762622655899,-0.8703187760879589,-0.8340141308284639,2.5944609832216656,-3.2675566451870976e-08,2.9238080673078057
2433.132114757318,0.00012206702376342971,0.09090308573520041,-0.8645102008125067,-0.8378781430890332,2.5631821274623414,-3.291634110098838e-08,2.923355929336208
2439.354109866079,0.00012207468750370805,0.09120859539373725,-0.8735297548459906,-0.831855273503017,2.5944609832216656,-3.2569028076103106e-08,2.922708522076011
2434.112114004791,0.00012220089410828298,0.09104233483565895,-0.8698598338561099,-0.8342285512818683,2.5944609832216656,-3.272319110018622e-08,2.9218907101056564
2426.700119625777,0.00012218742796657464,0.09067849632396814,-0.86012693274487,-0.840564031056208,2.5631821274623414,-3.313418405226011e-08,2.9211048627564806
2437.3301114849746,0.00012228528851571438,0.09125500256294541,-0.871556941198433,-0.8331238230669152,2.5944609832216656,-3.260002786335623e-08,2.9208126015889477
2441.4101083348505,0.000122314972822023,0.0914741728392653,-0.8804908765849406,-0.827014114556346,2.5944609832216656,-3.22987807322169e-08,2.9200997835213234
2439.4821097296663,0.0001222707898973545,0.09134784471709752,-0.8747926162863422,-0.8312398286075597,2.5944609832216656,-3.2485962530833144e-08,2.919263025566946
2441.1621085260995,0.00012230687941469607,0.09144874824032038,-0.878847304648704,-0.828185914013524,2.5944609832216656,-3.230323751397899e-08,2.9190308420898465
2444.023456734605,0.00012230941920593063,0.09159488632754255,-0.8829249472354532,-0.8255461370958674,2.5944609832216656,-3.218633566966933e-08,2.917986940317924
2440.6994547648355,0.00012240605358782806,0.09150271416722622,-0.8811408268279437,-0.8266233634322371,2.5944609832216656,-3.227571609859418e-08,2.917343361602106
2437.307452815119,0.00012234625569282608,0.09129520395489879,-0.8737492933998938,-0.8312574065628636,2.5944609832216656,-3.252429356472517e-08,2.9172076082223874
2438.5674535930157,0.00012251455819817884,0.09147642881577929,-0.8769830536989023,-0.8298169729171072,2.5944609832216656,-3.240065749478322e-08,2.9164930764936
2435.1054513817653,0.000122494967410947,0.09129119701443374,-0.8728582638650866,-0.8314794326398358,2.5925283838601763,-3.2548523020801434e-08,2.915239601996933
2430.4474487304688,0.00012251011083620725,0.09107392846909418,-0.8685089471345995,-0.834514671288117,2.5944609832216656,-3.2711980163442686e-08,2.914863598852404
2446.817458447069,0.00012200227904541784,0.09129498693489924,-0.8575901274272257,-0.8408059688645741,2.5809711129887654,-3.2913123510741115e-08,2.914090602475993
2430.4574486669153,0.00012249001255850282,0.09106076888896929,-0.8670628365048945,-0.8360503682958819,2.5631821274623414,-3.2760802669387164e-08,2.91375431181722
2442.7274560704827,0.00012200267278838822,0.09109671942447387,-0.8518119325103006,-0.8448303355929353,2.5809711129887654,-3.31143941494008e-08,2.913166154759517
2440.0534542649984,0.0001219567794399541,0.09093570997892318,-0.8477878284108584,-0.8476835015809454,2.5497721142726246,-3.3288379641289046e-08,2.91241315005466
2440.1674542948604,0.00012200896944009871,0.09098044621244733,-0.851063022204869,-0.844992935381004,2.5809711129887654,-3.320076584774935e-08,2.911766540487331
2435.187451622449,0.00012201337872094864,0.09073879474985513,-0.8440885025133524,-0.8493259715835854,2.5497721142726246,-3.3428307928547535e-08,2.9114831587997774
2426.5994462408125,0.00012200654914754437,0.09032443292416045,-0.8319783887538281,-0.8567480653001236,2.5497721142726246,-3.391160841746859e-08,2.9107563983102724
2436.1094518862665,0.00012201161289894567,0.090780569373841,-0.8423069978007529,-0.8505206591358768,2.5497721142726246,-3.346074426624534e-08,2.910034147034095
2439.0394537216052,0.00012197094562918375,0.09089582715907057,-0.8477661639516265,-0.8471170592931362,2.5809711129887654,-3.327461313830606e-08,2.909463842255184
2429.787448177114,0.00012205702627161977,0.09050865786959414,-0.8385082733866152,-0.8533198446269457,2.5497721142726246,-3.365977810421046e-08,2.9086032492913128
2428.193447208032,0.00012210424056753125,0.09046789087462048,-0.8332060225363094,-0.8560652239515881,2.5497721142726246,-3.3843127553974534e-08,2.907739035414499
2434.8194511011243,0.0001220920057909066,0.09077162894359873,-0.8441835984829726,-0.8493603724364364,2.5497721142726246,-3.338735016994605e-08,2.907164365508219
2440.1754542812705,0.00012216651107093681,0.09108555251839433,-0.852376164680464,-0.8441438982242223,2.5809711129887654,-3.309774300260032e-08,2.9062195519755027
2432.9154500672594,0.0001220930048226802,0.09068500440619295,-0.8416798478761209,-0.8514103460981263,2.5497721142726246,-3.3516485138474144e-08,2.905841126913113
2426.177446038462,0.00012194857617900732,0.09026173654550851,-0.8304289244508505,-0.8583350460183988,2.5478548530013057,-3.393839584567893e-08,2.9056269289729797
2429.49744808767,0.00012211064533274827,0.09052912853174017,-0.8367928157760893,-0.8539454324366001,2.5497721142726246,-3.3680393360192096e-08,2.904705147347549
2430.6454489678144,0.0001221555627513893,0.09061563862152874,-0.839396454311792,-0.8529635596102983,2.5497721142726246,-3.3599231320062695e-08,2.903690980650229
2436.2534517869353,0.00012209228622040761,0.0908400875173598,-0.8466296670108098,-0.8478839609273695,2.5497721142726246,-3.32904431966898e-08,2.902809188331298
2444.9754573227838,0.00012161576375822742,0.0907088582020173,-0.823848418644701,-0.8615250467083079,2.536498799913167,-3.3879655098488646e-08,2.902412694879555
2435.7514516487718,0.00012216984791440293,0.09087275570733727,-0.8453256389963464,-0.8485641978165409,2.5478548530013057,-3.335159427268607e-08,2.9015855637067354
2414.025438855402,0.0001218099789056529,0.08983759425023992,-0.8369632449423445,-0.855276992880083,2.5631821274623414,-3.426164563442252e-08,2.901704193409696
2434.2514506578445,0.00012225117338470333,0.09085705893976355,-0.8470825348100082,-0.8478789361270469,2.5497721142726246,-3.3321598723954696e-08,2.900903703617213
2417.651441141963,0.00012141225571272162,0.08952287816182322,-0.8104310840904505,-0.8703423754818145,2.5478548530013057,-3.50349129821607e-08,2.900211559958768
2419.9274424742907,0.00012139635101311505,0.08961648846718258,-0.8137716894558849,-0.8683612549613567,2.549772114272624,-3.488417411128974e-08,2.8994416836461046
2438.0874531650916,0.00012176123700953076,0.09048513410409696,-0.8183469457990089,-0.8648106745207315,2.536498799913167,-3.4157440390444794e-08,2.8985396339476175
2442.009455524385,0.00012170343619313817,0.09063150649137165,-0.8232160184305637,-0.8618109462771815,2.536498799913167,-3.396088185623835e-08,2.898383328528512
2413.463438496925,0.0001213781236860444,0.0892884238750116,-0.8039018500366186,-0.8744219420858766,2.5164899070170423,-3.521390031401469e-08,2.8978340784158005
2438.2214532382786,0.00012180094045483854,0.09051625736670002,-0.818154039401632,-0.8650796527581707,2.536498799913167,-3.4115931650014513e-08,2.897159351148003
2421.8994434177876,0.00012156399467653672,0.08981420458409121,-0.8184023750626928,-0.8653812419662272,2.549772114272624,-3.461834110240868e-08,2.8965642648925782
2411.7194373151287,0.00012130304281593638,0.08915170205745838,-0.8020084181490867,-0.8755045760132546,2.518795415393656,-3.528223793108593e-08,2.8958697724709745
2412.10343758855,0.00012142447540437511,0.08925161348478623,-0.8037745974008157,-0.8746274564862027,2.5164899070170423,-3.5214772128950934e-08,2.895260762743871
2411.5514372969046,0.0001214317633627583,0.08923854590667926,-0.8055591036824996,-0.8737971809165931,2.5184071682883613,-3.5204009461542636e-08,2.894393232828505
2417.1674405494705,0.0001215183137288703,0.08956002720239777,-0.815262038160808,-0.867644351599975,2.549772114272624,-3.481656742134364e-08,2.894062739977893
2413.8314389260486,0.00012155585569304172,0.08942519502305488,-0.8076030003095709,-0.872125308275674,2.549772114272624,-3.506464245246612e-08,2.893002554146457
2421.493443333544,0.00012161571487146752,0.08983154157574978,-0.8198326672993121,-0.8649752030848551,2.549772114272624,-3.45693235668546e-08,2.892425660666369
2421.3574430504814,0.00012131340083299045,0.08962012115919607,-0.8176332522190801,-0.8661555593921346,2.5478548530013057,-3.469479616124651e-08,2.89204643577433
2415.7774399109185,0.00012161745195846684,0.08955893368978562,-0.8122211773909487,-0.8695217789461718,2.549772114272624,-3.4892062690972684e-08,2.8913833680620677
2414.703439079225,0.00012161645686253887,0.089504988429755,-0.8097675231497097,-0.8707147113737345,2.5478548530013057,-3.495317430053822e-08,2.890540098053251
2416.407440156676,0.00012153619493398957,0.0895358077441743,-0.8121341822098236,-0.8692267931467976,2.549772114272624,-3.489797872147484e-08,2.890116162055529
2425.0734455576167,0.00012108445372517491,0.08942481903713109,-0.7926973376709294,-0.8803114334429488,2.534596635187292,-3.539042492263272e-08,2.8895351888717986
2416.863440629095,0.0001216287900158833,0.08961626304885015,-0.8154949574038151,-0.8671605086194226,2.549772114272624,-3.474722236251862e-08,2.888474978852675
2413.5894387215376,0.00012156282668548374,0.08941511679764105,-0.8091519167302597,-0.8713658805463665,2.549772114272624,-3.49953645976173e-08,2.887734546802571
2418.349441600032,0.00012113175078456226,0.08913972613035283,-0.7828277213988004,-0.8866145756742118,2.50560372362198,-3.5768877330547624e-08,2.8871890590886777
2419.9214422870427,0.00012126536327133199,0.08929821743095337,-0.7858313095582954,-0.8848079374894723,2.534596635187292,-3.561110664940499e-08,2.886293710395643
2421.8914437210187,0.00012119013674535938,0.08934200086589839,-0.7877161998464799,-0.8835049006639727,2.534596635187292,-3.5542281126446754e-08,2.885741790965444
2418.8054419383407,0.00012125836009456556,0.08924295560453703,-0.7872883695343935,-0.8835040787644335,2.534596635187292,-3.560151696134443e-08,2.8855234446168345
2421.3174434006214,0.00012130423352394602,0.08939592436353874,-0.7887636102940703,-0.8829004664942895,2.5364987999131676,-3.552420592453812e-08,2.884933781398384
2417.3814407130703,0.00012132196004208061,0.08921452104615567,-0.7844421314645404,-0.8852704876033136,2.5052185335805066,-3.5675496402060904e-08,2.884700024336889
2420.501442722976,0.0001213318977934154,0.08937287751117984,-0.7908919885012189,-0.8814172258836915,2.5364987999131676,-3.544933239305288e-08,2.883677164704998
2425.0154454410076,0.00012125600484369594,0.08953316669351605,-0.7951198473400605,-0.8786158765228353,2.534596635187292,-3.5250100097813446e-08,2.882766373451875
2419.259442143142,0.0001212762501937861,0.08927973401032109,-0.7863311374014352,-0.8839378864432796,2.534596635187292,-3.563809004674746e-08,2.882158003256565
2413.401438642293,0.00012135601301935352,0.08905663998066381,-0.7806405756642123,-0.8871286557566601,2.50560372362198,-3.588215623901308e-08,2.882046675370957
2419.2994418367743,0.00012143810377255801,0.08938379187542118,-0.7898692108456378,-0.8814220246722635,2.5364987999131676,-3.546357304426266e-08,2.88129492441108
2417.669441267848,0.0001213546712883958,0.08925041192544902,-0.785364356273841,-0.8839435068241696,2.534596635187292,-3.5618833859337615e-08,2.880740582040203
2420.313442379236,0.00012139249984956832,0.08940138748726115,-0.7865144805419124,-0.8835502100424192,2.534596635187292,-3.554283308423569e-08,2.879735393601482
2418.8874418446794,0.00012122843483974415,0.08922213266743838,-0.7859543475800024,-0.8844936049345588,2.503316368854631,-3.5584647147719575e-08,2.878741580077042
2411.2974372915924,0.00012136379185732546,0.08894847112792277,-0.7749755913587437,-0.8901770591910936,2.50560372362198,-3.5986477056100036e-08,2.8782563707233364
2413.7934389412403,0.00012114305877096478,0.08891205171359422,-0.7768882474027223,-0.8894118552131861,2.50560372362198,-3.589075561163146e-08,2.878485911704101
2417.1174406930804,0.00012141416519557994,0.08925718334445912,-0.7861590526379749,-0.8839783579133095,2.534596635187292,-3.556252511811134e-08,2.877183886877578
2419.763442207128,0.00012136231705768271,0.0893518607295704,-0.7875602506518224,-0.8829117502114293,2.534596635187292,-3.550991368460704e-08,2.876585106115994
2415.0734395980835,0.00012134907499566127,0.08911889488841618,-0.7806717619055892,-0.8873496756529659,2.50560372362198,-3.576526197768807e-08,2.87554013903307
2430.4114487171173,0.00012078597200415032,0.08924768782955154,-0.770878887813705,-0.8922943327180892,2.521473305859659,-3.585635287178449e-08,2.875100503388536
2423.105444128625,0.0001208888857798253,0.08897773985819786,-0.7599803962025642,-0.8988090249034768,2.4925481489133774,-3.631015068915708e-08,2.874063134779326
2421.587443280965,0.0001208461706057253,0.08887261389474896,-0.7608489483696088,-0.8980916701514144,2.4925481489133774,-3.6287446630601566e-08,2.8741045054088015
2426.0934461802244,0.00012089507576133202,0.08911565534298367,-0.7651553524792605,-0.8958691072511492,2.521473305859659,-3.606427047124158e-08,2.873327442216525
2428.6994474595413,0.00012096969754604152,0.08929174597709252,-0.7695329607938692,-0.8931641150711495,2.521473305859659,-3.5903047368990295e-08,2.872704611907958
2413.0054382700473,0.00012087147220656847,0.08873077581418451,-0.7699797214627657,-0.8936109353978396,2.50560372362198,-3.6434699989001905e-08,2.8716761483292625
2417.4694408765063,0.00012087101328047534,0.08893664091713223,-0.7758978651919417,-0.8900316567181598,2.50560372362198,-3.6147033496621406e-08,2.8710796203423383
2419.607442065142,0.00012111391084247839,0.08895845601678666,-0.7598063269266402,-0.8987967450130541,2.4925481489133774,-3.630742887069645e-08,2.870450498484836
2422.4474438130856,0.00012110059563931266,0.08908249070164022,-0.7609882565511268,-0.8977835890241713,2.4925481489133774,-3.622502887248457e-08,2.8700072157021776
2422.4954439103603,0.00012116357923557702,0.0891263054743182,-0.7626138328726118,-0.8968778281130169,2.4925481489133774,-3.615970495153441e-08,2.869229884132893
2423.327444560826,0.00012038698704968104,0.08866824299127651,-0.7474948224275955,-0.9059109538235264,2.4925481489133774,-3.689109965716382e-08,2.8687049401189535
2413.2114385878667,0.00012072199048322444,0.08863378743850897,-0.7706534125445992,-0.8932074662599803,2.50560372362198,-3.63863050382667e-08,2.8679913325524904
2414.339438878,0.00012092952736486755,0.0888271969573622,-0.7713903491523175,-0.892345545784126,2.50560372362198,-3.632925327375733e-08,2.867323557575277
2427.199446603656,0.00012047540191159087,0.08891474086442527,-0.758209350191065,-0.8993829740207868,2.4925481489133774,-3.653646553372917e-08,2.86676793962538
2392.2554257512093,0.0001207845890543253,0.08768055388548203,-0.7438603934022927,-0.908589635609087,2.5056037236219804,-3.746451222671325e-08,2.866308306397433
2401.533431403339,0.00012018681515327796,0.08750522472776145,-0.7201251273806761,-0.9212936725738465,2.492548148913378,-3.803181435104469e-08,2.865290214056396
2402.217431818135,0.00012028432118679914,0.08759814313355013,-0.7213407049726097,-0.9209950007795017,2.492548148913378,-3.794817211890642e-08,2.864743080317382
2400.009430527687,0.00012016964383330879,0.08742478764298636,-0.7158843958312731,-0.9240131641764314,2.461196959694956,-3.8189520825095276e-08,2.864218923002252
2396.6914283409715,0.00012019551736751535,0.08752270840409268,-0.7359668665596137,-0.9131667332599838,2.4741634547670412,-3.7890807305736555e-08,2.863736431752117
2403.027432299219,0.00012033427633697461,0.08767079391255395,-0.7243194029740905,-0.9188820118100941,2.492548148913378,-3.7850714188467485e-08,2.863120865420869
2401.307431329973,0.00012025939122120295,0.08754049413750298,-0.7177501301091831,-0.9232626917245403,2.492548148913378,-3.8079237933083156e-08,2.8624882356060106
2401.2134312465787,0.00012042277232493994,0.08764506716209755,-0.7216294426066394,-0.9207817395516796,2.492548148913378,-3.7955982792172e-08,2.8620494103251097
2409.141436032951,0.0001205902256299795,0.08813345022309778,-0.7333690441521683,-0.9140721975460651,2.492548148913378,-3.748344567971235e-08,2.8620765514758317
2404.3754329532385,0.00012049311972318083,0.08783715664639277,-0.7281018652443056,-0.9168143417467594,2.492548148913378,-3.7680918690656496e-08,2.860954403909232
2404.311433256604,0.00012050916593912592,0.08784692850416595,-0.7259942011867735,-0.9182810585562033,2.492548148913378,-3.7751041628536214e-08,2.859966009370119
2398.0614292249084,0.00012056175112679191,0.08759126915752728,-0.7205315264502428,-0.9208608580032216,2.492548148913378,-3.8030059603266274e-08,2.859369186742622
2396.879428772256,0.00012055660246073632,0.08753315176656894,-0.7205109316175009,-0.9209103745533392,2.492548148913378,-3.805716365474135e-08,2.8590313408481185
2402.079431861639,0.00012058772043515731,0.08779572273293723,-0.7259568432616881,-0.9178452180575005,2.492548148913378,-3.7795241502067804e-08,2.858155029602865
2404.1234328709543,0.00011988303224802778,0.08744965602601004,-0.716315607374177,-0.9233684529351479,2.492548148913378,-3.8319284030819305e-08,2.857563749269748
2397.6834293082356,0.00012072168542720963,0.08767592496163512,-0.7197401617637498,-0.9213385356927499,2.492548148913378,-3.8017596215765874e-08,2.8572004551940884
2395.525427877903,0.00012055530589586219,0.08770530225811307,-0.7391866581726849,-0.9108896230068712,2.5056037236219804,-3.774530807627404e-08,2.8561811260721837
2405.5254337862134,0.00012004396329863303,0.08762678911019978,-0.7184295796434239,-0.9220634610684832,2.492548148913378,-3.8239046841021194e-08,2.855654227252335
2402.89543238841,0.00012006000250380871,0.0875105069473723,-0.7162947501530206,-0.9231648181615579,2.461196959694956,-3.8320284485173854e-08,2.855052729093154
2405.52143381536,0.0001200328544051355,0.08761256234701041,-0.718850131419237,-0.921980479521979,2.492548148913378,-3.818464557271574e-08,2.8545093779146335
2405.1014333935454,0.00012008628899653126,0.08762598855785834,-0.7182580427262577,-0.9223172904632098,2.492548148913378,-3.81869886029863e-08,2.8540444120926924
2402.5654319301248,0.00012005621481644151,0.0874905970877484,-0.7141049362510015,-0.9242235395688628,2.492548148913378,-3.8372503638266516e-08,2.853261216099037
2401.573431376368,0.00012024553086881963,0.08757463838905793,-0.7156399394456798,-0.923623512733832,2.492548148913378,-3.836146361683974e-08,2.8526579930254465
2400.2954309294,0.00012014095992318658,0.08744011136917247,-0.7106316804862662,-0.9265461095346822,2.461196959694956,-3.8504237511335034e-08,2.8522473774837263
2398.4434294998646,0.00012019624209502251,0.0873896588058886,-0.7116386865456921,-0.9256473262169573,2.461196959694956,-3.849927528805875e-08,2.851501882081705
2404.8014335921034,0.0001201813292001102,0.08768024690730357,-0.7187402316017719,-0.9215429438323741,2.492548148913378,-3.819358289234438e-08,2.8508616439784102
2407.0334346815944,0.0001194861990423231,0.0871075948680448,-0.688159733630219,-0.9379754256370574,2.448365663040722,-3.9049580069077205e-08,2.85069536800171
2403.19743219018,0.0001201749867820261,0.0876018970797342,-0.718922169200046,-0.9216725476771468,2.492548148913378,-3.82381308891726e-08,2.8495419313602723
2396.7634286619723,0.00012013512100942006,0.08726824095511053,-0.7078284315175303,-0.9276790660820682,2.461196959694956,-3.8635710738028426e-08,2.848504781197511
2411.131437212229,0.00011960133985491985,0.08737740613405254,-0.6949449818193436,-0.9343407768542914,2.448365663040722,-3.879045485408807e-08,2.8483931829059497
2414.715439179912,0.00011955095838286813,0.08750527746117277,-0.6974033839507223,-0.9333168446414973,2.479627025706336,-3.8620794463693886e-08,2.847160243224555
2404.6454331176355,0.00011951199026148866,0.08701262456568505,-0.6852679196622184,-0.9398852492736739,2.448365663040722,-3.916378299814951e-08,2.846738794492323
2400.339430644177,0.00012007934931836292,0.08739842980169567,-0.7135755130752313,-0.924837458908881,2.461196959694956,-3.840852819060096e-08,2.8461989741011546
2398.591429710388,0.00012019682472205859,0.08739339618021578,-0.710132368649143,-0.9264095362246878,2.461196959694956,-3.850508328188855e-08,2.8452718628434255
2397.7194290030748,0.00012015103369328149,0.08732199790058028,-0.71029366402488,-0.9265809492298859,2.461196959694956,-3.8523153304339804e-08,2.844755820039199
2409.2334358990192,0.0001196609352267166,0.08732475707776632,-0.6901939976759222,-0.937199548703097,2.448365663040722,-3.8927425991310195e-08,2.8438851008200423
2398.9934299215674,0.00011958491603397074,0.0867915586502936,-0.6749568023035906,-0.9454119247968382,2.448365663040722,-3.951149239452353e-08,2.8432632642215983
2411.135437323712,0.00011973162763975164,0.08746355391905014,-0.695358380412554,-0.9340527928070329,2.479627025706336,-3.876424693283289e-08,2.84237011331733
2407.9654352078214,0.00011983011160278704,0.08738664762485267,-0.6928101970716827,-0.9359695237546435,2.479627025706336,-3.8920167105111816e-08,2.842046249167344
2403.903432879597,0.00011987123151457217,0.08721105332927817,-0.6888703191666963,-0.9375974506198443,2.448365663040722,-3.9006865495119186e-08,2.8415028831118434
2397.841429248452,0.00011988850864457108,0.08694446720974584,-0.6754607576391471,-0.9453592134240705,2.4502383368406147,-3.953368428371957e-08,2.840480949733615
2394.7554275384173,0.00011985801890929277,0.08677617152212543,-0.671421129657094,-0.9471021008884306,2.4502383368406147,-3.9676082520457956e-08,2.8398852028834347
2405.263433485292,0.00011923761605210946,0.08665132647496891,-0.6523564663938726,-0.9573270856032828,2.52269349792889,-4.0078485344673835e-08,2.839438885364447
2401.7774316677824,0.00011926621394760747,0.08650538932567371,-0.6449416069041263,-0.9610320777262669,2.4915226344195673,-4.032177377056459e-08,2.8386692487456595
2400.9254310885444,0.00011927282722561454,0.08646717624354561,-0.6457036976119443,-0.9603518727615099,2.4915226344195673,-4.029063698991531e-08,2.8382556326395676
2411.4054371863604,0.00011939811831336605,0.08703896258509718,-0.66194699935421,-0.9513959189807364,2.52269349792889,-3.965213961616067e-08,2.8376410163274466
2410.2794366264716,0.0001192839035719083,0.08691572720056319,-0.6598019598897951,-0.9529525561496225,2.52269349792889,-3.977688520897349e-08,2.8368186508505593
2407.683435020037,0.00011929141281016419,0.08679422527970211,-0.6528019902096012,-0.9563213933329539,2.52269349792889,-3.997369805096757e-08,2.836151729123805
2402.8194321766496,0.00011923011504071035,0.08652322169445864,-0.6471156749961988,-0.9598959212881911,2.4915226344195673,-4.019992344623557e-08,2.83568691281304
2411.2274370258674,0.00011940242656256094,0.08703509629655219,-0.6613761511451286,-0.9523283462328883,2.52269349792889,-3.96823249874556e-08,2.835032828684761
2406.7454345598817,0.00011930317862070837,0.08675173995116241,-0.6560477756207508,-0.9546874146901363,2.52269349792889,-3.985714047377438e-08,2.834192417516822
2397.53542908933,0.00011922936765269672,0.08627670292968433,-0.6431545206177542,-0.9620748676210056,2.4915226344195673,-4.0397154758745946e-08,2.8282069437030715
2388.3314237156883,0.00011925969808816754,0.08611882698790789,-0.6502640625916096,-0.9581613046627092,2.4502383368406147,-4.06644262016609e-08,2.8321793554603385
2386.3574223676696,0.00011905461468799442,0.0858846820853987,-0.6486005937130876,-0.9595690741857599,2.4502383368406147,-4.071955417214424e-08,2.831903457207982
2405.301433891058,0.00011941407808774573,0.08675487227527291,-0.651281729250115,-0.9576602516684435,2.4915226344195673,-3.999142450694232e-08,2.8311194202049417
2411.5954375425354,0.00011873658517361475,0.0863950654071783,-0.6286042972429637,-0.9690030193776606,2.5096099199069752,-4.0547718124340926e-08,2.8305754905338536
2409.69943627622,0.0001188629203568236,0.08639127864072822,-0.624825327284666,-0.9715165864789588,2.4785301583796118,-4.068539357133638e-08,2.8294081215127225
2411.849437632598,0.00011881986148284146,0.0864582543468758,-0.6259588915301553,-0.9703882987689207,2.4785301583796118,-4.058095686101663e-08,2.8289186862669538
2385.4934218525887,0.00011853655311548835,0.08528934306623077,-0.6096698102542426,-0.9796036277226488,2.4915226344195673,-4.174474447969172e-08,2.8282341372233066
2406.0234340941533,0.00011876838188597057,0.0861665298882376,-0.6204556903894716,-0.9731965599522697,2.4785301583796118,-4.091411738059459e-08,2.827530307384442
2407.627434925176,0.00011893900506680973,0.08635303325001001,-0.6220174674769017,-0.9727013068018964,2.4785301583796118,-4.0829269830805335e-08,2.82639478617526
2406.6014342885464,0.00011880019571828618,0.08620094720405054,-0.6182870964493321,-0.9745060582298657,2.4785301583796118,-4.087481853087602e-08,2.825722092160644
2407.2894349582493,0.00011891536905917472,0.08631134007143931,-0.622448728013612,-0.9722594852055666,2.4785301583796118,-4.0747274187561836e-08,2.8249002280909528
2409.3334358483553,0.00011890010420261942,0.08639085161056442,-0.6240867563875923,-0.9714352331728523,2.4785301583796118,-4.064419554945885e-08,2.824465858532038
2404.8494334677234,0.00011886262200817723,0.0861628989680458,-0.6159201511486008,-0.9755530569788136,2.4785301583796118,-4.0971239851761095e-08,2.824262609357775
2399.391430005431,0.00011885876892252211,0.08614594489866208,-0.6321145535089467,-0.9675343460800155,2.4915226344195673,-4.087372754114146e-08,2.823250035582547
2411.8014373546466,0.00011824457418558833,0.0861024133906319,-0.6120586077888062,-0.9778174252404402,2.4785301583796118,-4.117083214701085e-08,2.822164533143856
2398.7674299106,0.00011879448813790742,0.08607144072327469,-0.6292396311678914,-0.9690879015991694,2.4915226344195673,-4.094254985907807e-08,2.8215195172924825
2403.525432644412,0.0001182158305995071,0.08570389785460907,-0.600559230384138,-0.9833645592652599,2.4785301583796118,-4.164259800295145e-08,2.820819108587103
2383.0934202773497,0.00011799634152528344,0.08463036709281992,-0.571287648944002,-0.9987633038137829,2.4467403411391153,-4.2849373076754756e-08,2.820152111626654
2370.0014126226306,0.0001221712872428238,0.08800568462132986,-0.7817478932191433,-0.8885352593639455,2.500509024286471,-3.684858915868825e-08,2.818919893726671
2403.3174324957654,0.00011820245776492532,0.08568841803941922,-0.6038951883337185,-0.9816382484720493,2.4785301583796118,-4.156885553514875e-08,2.819672762567548
2399.6654301695526,0.00011822370328496113,0.08553663050007228,-0.5974163167286983,-0.9851197830921843,2.4785301583796118,-4.182359005791939e-08,2.8181363629409444
2402.357432060875,0.000118353399969371,0.08573750644318026,-0.6006574532590112,-0.9834313435481052,2.4785301583796118,-4.163534260071644e-08,2.817530514759793
2398.9454298606142,0.0001182865395347881,0.08553377927380221,-0.5944287084460478,-0.9866154879221266,2.4785301583796118,-4.1840510484491656e-08,2.816660301880427
2390.0794247081503,0.00011816736313039871,0.08505004802807765,-0.5814994412280305,-0.9934787296935734,2.4807476702533013,-4.2377437696785297e-08,2.8161310672998052
2388.4474235456437,0.00011822165309941814,0.08500996436055089,-0.5790439799980325,-0.9946533937049913,2.4807476702533013,-4.2459523680867246e-08,2.8162571398914946
2401.2374314432964,0.00011830627961057642,0.08565257237651834,-0.5972436317824297,-0.985046187873059,2.4785301583796118,-4.1726827663055546e-08,2.815333397198352
2396.233428114094,0.00011837146562323936,0.085470076896294,-0.5929429375327859,-0.9870313971418031,2.4785301583796118,-4.195982849629092e-08,2.813728617985026
2405.843434166163,0.00011777215990493127,0.08531035143557435,-0.5690902227269756,-0.9989799154985131,2.4656741567412435,-4.238694636123815e-08,2.813137868118763
2398.879430006258,0.00011765686483331968,0.08491441871249406,-0.5560777676310806,-1.0055205726176266,2.4678748692825567,-4.2843219191866226e-08,2.812340736370305
2392.259425864555,0.00011749514933358276,0.0847380014054486,-0.567049329488265,-1.0004858375839782,2.4467403411391153,-4.2909822474388546e-08,2.811902762056071
2396.729428716004,0.0001175948440465737,0.08477299363458651,-0.5542177758877598,-1.0067337863369095,2.4678748692825567,-4.2927536291135153e-08,2.811017967220866
2392.57342594862,0.00011757077731104106,0.08480133158034872,-0.5705045423425843,-0.9989028318483559,2.4467403411391153,-4.2810281455753e-08,2.8104574706823753
2391.7474256791174,0.00011760153159774319,0.08479200447467912,-0.5704657033089857,-0.9987361121203326,2.4467403411391153,-4.287334552945157e-08,2.8099266440789115
2393.485426657833,0.00011761933966312049,0.08487321545851606,-0.5697964665098327,-0.9991920807158562,2.4467403411391153,-4.279794490365388e-08,2.809546888385689
2384.615421488881,0.0001177369575923632,0.0845554619656274,-0.5618271858587831,-1.002972071556618,2.4467403411391153,-4.323138073093414e-08,2.8086607526780907
2385.255421973765,0.00011769413978125653,0.08455466038132682,-0.5604864494358908,-1.0038728917712294,2.4467403411391153,-4.32538936318038e-08,2.8081178581726065
2388.689424022101,0.00011780095605397499,0.0847821619455767,-0.5709692756463949,-0.9986754602259531,2.4467403411391153,-4.2917200243106116e-08,2.807073282689209
2386.1634222259745,0.00011783615579903458,0.08468111251687405,-0.5616534353960176,-1.0033679308374372,2.4467403411391153,-4.31563237889973e-08,2.806381133317056
2391.6414257157594,0.00011723337893881642,0.08434248263717437,-0.5331767090950441,-1.0169495380266829,2.4339832257983787,-4.380704783441051e-08,2.80576071174072
2379.5434182146564,0.00011717915659524729,0.08376069202262301,-0.5107986935792681,-1.02800352677315,2.436744801378684,-4.4628106842745917e-08,2.8049547595433224
2384.1314208991826,0.00011711132575895746,0.08392650720427879,-0.5184071072201362,-1.0242757602439043,2.436744801378684,-4.4356264298988206e-08,2.804288488667673
2379.909418587573,0.00011721824175440469,0.08381018238263968,-0.5150906780171649,-1.0258965607420374,2.436744801378684,-4.455683813605875e-08,2.803664773429904
2378.0874174023047,0.00011715534352149276,0.08367944656360765,-0.5099389460616162,-1.0285252833661753,2.436744801378684,-4.468427576508998e-08,2.8028938262896057
2380.405418958515,0.00011708727470034597,0.08373720161639076,-0.51333687310736,-1.0268899849455217,2.436744801378684,-4.45344833462792e-08,2.8024557295549872
2376.663416453637,0.00011712583554214525,0.08359745296098245,-0.5074658871760525,-1.0300601819410646,2.436744801378684,-4.478602468187183e-08,2.801948736413438
2401.011431128718,0.00011754527898362142,0.08474568088130281,-0.5296960658901644,-1.0179908874298145,2.455136943412721,-4.3505160857261263e-08,2.8011444175606295
2380.397418978624,0.00011721409476907486,0.08381935540781782,-0.5171178848603302,-1.0250088719442294,2.436744801378684,-4.44364271689933e-08,2.800770859552002
2384.1814211821184,0.00011728002827924612,0.08403169240372849,-0.5276301381175657,-1.0199316057563537,2.4339832257983787,-4.408227484266938e-08,2.799905864392228
2385.3994219452143,0.00011724975680001357,0.08407283284682907,-0.5290156674709747,-1.0193131018809332,2.4339832257983787,-4.4056064765864336e-08,2.7990575862198908
2405.381433560513,0.00011674536416504466,0.08444233350476826,-0.5184278034642613,-1.0243686977663615,2.4213610521578395,-4.387097046452955e-08,2.799852508755019
2382.0594198852777,0.00011712908197263725,0.08383342498343146,-0.5205805411520905,-1.0232457110547049,2.436744801378684,-4.427482957175997e-08,2.7982943883346896
2390.5554248429835,0.00011743051715161765,0.08441355152281993,-0.5344812988071586,-1.0163032250821782,2.4339832257983787,-4.373695046367474e-08,2.7974295778736686
2391.899425663054,0.00011734037802355838,0.08442073843463219,-0.5388177685579025,-1.0139136033750458,2.4339832257983787,-4.362819046229521e-08,2.796348504057478
2377.071416744031,0.00011715015247106949,0.08361681010897401,-0.5075906186488925,-1.0297116210254604,2.436744801378684,-4.468489028889232e-08,2.795594630478924
2378.2274177456275,0.00011723103990726544,0.08372959963276262,-0.5127949383074912,-1.0267311775395085,2.436744801378684,-4.456776649271765e-08,2.7948428708062045
2375.7894157916307,0.00011731012317400801,0.08367600072113689,-0.513067708100432,-1.026727578293758,2.436744801378684,-4.464445771746706e-08,2.7940964951878526
2375.1094158142805,0.00011714299484783108,0.08352374682862283,-0.5070895615714179,-1.0298653709946812,2.436744801378684,-4.473499753647453e-08,2.793418981783313
2374.0994149819016,0.0001172109602379947,0.08352568364466942,-0.5069872320486515,-1.0297037358599161,2.436744801378684,-4.47746586376945e-08,2.792966632967528
2377.579417258501,0.00011642140337518546,0.08319990503162639,-0.4949938175539397,-1.0361051889851922,2.4027130321597507,-4.518721394141859e-08,2.791676911895617
2379.2634183326736,0.00011637606239695979,0.08324234271742385,-0.49698349543215947,-1.0345355171737936,2.436744801378684,-4.506672429629853e-08,2.7911729687398275
2378.4074177797884,0.00011648433136647189,0.08327940222627579,-0.4993997244580246,-1.0333246482068654,2.436744801378684,-4.5058632671322105e-08,2.7905872859555405
2380.2494187168777,0.00011665961465484319,0.08325388533107056,-0.4786814653254141,-1.0430087630654183,2.424101864011977,-4.5352100514629366e-08,2.789817076550701
2386.259422495961,0.00011663723372370101,0.08350024780826797,-0.482049755963049,-1.0413896046936055,2.424101864011977,-4.509565742248144e-08,2.7896396563747823
2379.2394180335104,0.00011655785608699391,0.08337170910007151,-0.5022769796416893,-1.0320295695194162,2.436744801378684,-4.5008278232120424e-08,2.7892254981447993
2385.8154222397134,0.00011679480559618047,0.0835864614151138,-0.4862805300444726,-1.0393737571203499,2.424101864011977,-4.502071975261484e-08,2.787785069863825
2378.529417678714,0.00011646566438394511,0.083274821343673,-0.49770850430286595,-1.0340088751512964,2.436744801378684,-4.509975904155309e-08,2.7874533877473966
2379.1554179387167,0.00011663598959300147,0.08341138681866823,-0.502080264591886,-1.0319649004574607,2.436744801378684,-4.4967011372957846e-08,2.786911486662056
2388.725423803553,0.00011596883644828601,0.08321820888113961,-0.4782211182650853,-1.0431250265299936,2.424101864011977,-4.537067143385396e-08,2.7861797338943153
2375.2854160377756,0.00011648837352459366,0.08313799180564596,-0.4917444406954008,-1.0371119057665819,2.436744801378684,-4.529636599290786e-08,2.7853869804770253
2380.4414187669754,0.00011600253989435129,0.08287013667976392,-0.4637889760983849,-1.0496702233241442,2.3901886611009893,-4.5897178891315295e-08,2.785096944353297
2380.2494187224656,0.00011600251885945256,0.08285142759763653,-0.4593689036551578,-1.0522711829634404,2.3901886611009893,-4.59641171137752e-08,2.783889462935113
2376.2494162628427,0.00011593441526974836,0.0826395927831227,-0.4586801163883778,-1.0525870739494643,2.3901886611009893,-4.611972987130666e-08,2.783011958029243
2373.8214149288833,0.00011590773536506977,0.08250993860399151,-0.45223052078874293,-1.0554601121636362,2.3901886611009893,-4.6304761666165284e-08,2.782452493243136
2382.259419836104,0.00011605617176123115,0.0829795543614357,-0.46444891231159824,-1.0494766799908224,2.3901886611009893,-4.580864993184013e-08,2.781903334590523
2372.32741378434,0.00011593335215863888,0.08246064417483685,-0.448663989674575,-1.0573479531560626,2.3901886611009893,-4.643137294046518e-08,2.7810491490890823
2368.5834118863568,0.00011591578157910401,0.08227245290255668,-0.4416100132701901,-1.0606196297383579,2.3901886611009893,-4.662768314218262e-08,2.7803173621972643
2371.8214134713635,0.00011596333561449837,0.08244345692217074,-0.44712603162673803,-1.0578498818380546,2.3901886611009893,-4.6392374426812507e-08,2.779791538700631
2371.2354132542387,0.00011534673378013117,0.08183845714810688,-0.40475116051396665,-1.0776246063653394,2.3777975886824567,-4.742945021259509e-08,2.778554755493979
2364.0194090241566,0.00011581936749377907,0.0820050049276308,-0.4322226320231142,-1.065104907551759,2.3901886611009893,-4.693162422171412e-08,2.7781480744283047
2398.4954296071082,0.00011566083828458879,0.08325666063210184,-0.4558425247553144,-1.0535243996276924,2.411592291255808,-4.566777415838973e-08,2.777325997507731
2372.92341440171,0.00011532726917731525,0.08189960461382119,-0.4070260922747986,-1.0766336595371457,2.3777975886824567,-4.73357365098598e-08,2.7767729106290697
2375.145415879786,0.00011554636600409636,0.08214798322126872,-0.4163519722777975,-1.07237606765431,2.3777975886824567,-4.713361146294288e-08,2.7758578497058144
2367.235411048867,0.0001152325187533594,0.08181148596149355,-0.4246309644120867,-1.068600957248951,2.3901886611009893,-4.725565485141066e-08,2.7749552983893517
2394.5114272302017,0.00011585237975173317,0.08321496382950747,-0.4563489649629142,-1.0528063699731534,2.411592291255808,-4.579521817303602e-08,2.77432264166341
2393.0874264985323,0.00011582551226098605,0.08311947177113888,-0.44628405223858847,-1.0574984350999488,2.411592291255808,-4.598089410851928e-08,2.773548720773518
2399.6794305592775,0.00011533326059888241,0.08290785541998576,-0.41729127950368516,-1.0710575782076712,2.3992142108602477,-4.654245108262183e-08,2.773083542283935
2397.877429306507,0.00011520819955430017,0.08274710185072336,-0.4154183427681004,-1.0719193791833932,2.3992142108602477,-4.6624956061618465e-08,2.772240309821643
2389.1474238839,0.00011584703863103792,0.08296332337299173,-0.44426424931363107,-1.0582441090746952,2.411592291255808,-4.614176401594885e-08,2.771950885625542
2383.971420975402,0.00011574621107857262,0.0826621756152666,-0.42944590619854184,-1.0654440971803485,2.3777975886824567,-4.6581510287201234e-08,2.77112884062188
2392.0094257397577,0.00011526548010086983,0.08252219428536206,-0.4067950641567477,-1.0755038092630678,2.365537902362531,-4.6931612680430125e-08,2.7701424817986378
2388.731423777528,0.00011506891684151123,0.08225132617708877,-0.39817008033147294,-1.0799355297727107,2.365537902362531,-4.721032123083412e-08,2.769284935619031
2394.243426940404,0.00011527449600813361,0.08262632830016042,-0.408928038936339,-1.0747870068409286,2.365537902362531,-4.6837365733603203e-08,2.7685957775420422
2393.7234266456217,0.00011524138324568066,0.08258168777373778,-0.40906819241682557,-1.0748914316922806,2.365537902362531,-4.684324871868963e-08,2.768134906076796
2392.4074259763584,0.00011527278908702249,0.08255138865484232,-0.41031207387984914,-1.074030619001513,2.365537902362531,-4.688537042419295e-08,2.76753259578586
2389.4954242492095,0.00011534181772510889,0.08245582391716022,-0.4038475085864608,-1.0771714470166902,2.365537902362531,-4.703584755715528e-08,2.766520926879069
2366.727410814725,0.00011475584388848066,0.08129197559336979,-0.38516249052181184,-1.0862827578717478,2.3777975886824563,-4.813336338722339e-08,2.765880748691407
2365.905410320498,0.00011484683597851608,0.08131499106559109,-0.38198345826383484,-1.0877678244996325,2.3777975886824563,-4.82382651021656e-08,2.7652614550743277
2390.58142478019,0.00011528536980977748,0.08247430784124357,-0.4048100687765217,-1.076451773750143,2.365537902362531,-4.702217500307528e-08,2.764661841543242
2386.72142264992,0.00011528461234225518,0.08229709127781512,-0.3984258635422435,-1.0797478183781613,2.365537902362531,-4.722974934937775e-08,2.764113693479412
2383.2594204759225,0.0001152757848556995,0.08213515210667896,-0.39271555160527694,-1.0819992836614643,2.365537902362531,-4.7406855597790464e-08,2.7629545264854576
2380.847419247031,0.00011512915986770203,0.08194443242224368,-0.38805772609279154,-1.08443423677141,2.365537902362531,-4.762622213390238e-08,2.7619358394799822
2379.953418494202,0.00011513745824205092,0.08190468777175036,-0.384427224138971,-1.0859470844860402,2.365537902362531,-4.769401543345318e-08,2.76111563764757
2379.969418575987,0.0001143215781175032,0.08141636191830466,-0.3699126631287881,-1.0926028848290963,2.365537902362531,-4.8183992305089377e-08,2.7604574611074524
2379.48141825106,0.00011524656113001344,0.08195160267801906,-0.3866490160750815,-1.0849923222568736,2.365537902362531,-4.7641786781415616e-08,2.759603639606529
2386.72742290888,0.0001145581113238141,0.08164557691571982,-0.3548579513956396,-1.0993390518798447,2.353407714735395,-4.8190748567235105e-08,2.7589358298101145
2370.69941327814,0.00011505254681227697,0.0816586600159676,-0.39561316105554933,-1.0816355923993677,2.3777975886824563,-4.782950357840222e-08,2.7579981957192623
2386.1134223807603,0.00011458672996679295,0.08185063598254916,-0.38082647483179954,-1.0878882959394747,2.365537902362531,-4.778601207077832e-08,2.7576511934398082
2379.3134181601927,0.0001145273908850788,0.08152206105750352,-0.3713841986127524,-1.091598510880096,2.365537902362531,-4.81796582941322e-08,2.756992319453393
2377.0614169230685,0.00011450370880185576,0.08140407957472107,-0.3631663497270612,-1.0957257408283065,2.365537902362531,-4.840337635289538e-08,2.756337021955837
2374.9694155445322,0.00011449765905266545,0.08131128742288041,-0.35994691141775625,-1.097408062296785,2.365537902362531,-4.854292214550978e-08,2.7554909262554275
2368.003411431797,0.00011446476487355908,0.08098693021789102,-0.344831150280438,-1.1039945271768552,2.334431473113086,-4.904532663043444e-08,2.754491730848523
2375.315415994264,0.00011366891177170493,0.08061908253075746,-0.3176244728626414,-1.1160726904163287,2.3224021982855105,-4.94496098433596e-08,2.7538843912897417
2364.2534091873094,0.00011422386050055167,0.08065458932305658,-0.3379372248471286,-1.1075474603384585,2.334431473113086,-4.9194066621959086e-08,2.753229081389298
2370.735413044691,0.00011367000302201859,0.08042152890694405,-0.308250518995675,-1.1199023969605046,2.3224021982855105,-4.975450039802061e-08,2.752884038516438
2376.527416505851,0.00011377989745010468,0.08073706849436664,-0.31848587329889355,-1.1153795823004145,2.3224021982855105,-4.937793118482949e-08,2.7515407789556208
2370.3634126633406,0.00011380950868131974,0.08049632032898832,-0.31093623005327187,-1.1187981465606311,2.3224021982855105,-4.9724624227730495e-08,2.750936449915907
2366.729410729371,0.0001137333905721507,0.080296446206223,-0.3043897200743704,-1.1216749963660684,2.3224021982855105,-4.9983458176069144e-08,2.750186725485567
2361.159407325089,0.00011358697038620233,0.08015712076424934,-0.313077140543466,-1.1182831317156974,2.334431473113086,-4.9997047021198825e-08,2.749106878079158
2358.527405777015,0.0001135539338574284,0.08003532697190976,-0.31167928470429684,-1.1188842152201848,2.3365832809312588,-5.0166127683705485e-08,2.748315343036568
2380.819418913685,0.00011397662449686987,0.08104513210669449,-0.33323494292835676,-1.1090458304048074,2.353407714735395,-4.894289482901658e-08,2.747493059890003
2392.8754263734445,0.00011349938997453435,0.08108783454177032,-0.3123049242782665,-1.1175473175537793,2.3414051638535667,-4.911313323721592e-08,2.74679210431505
2379.873418642208,0.00011326458129510738,0.08038166983964203,-0.2856071103623239,-1.1295750773795086,2.310500597548078,-5.0010355523863726e-08,2.745797382255178
2391.4034254290164,0.00011345643643377017,0.08099653953824862,-0.3085280795277727,-1.1197891530383854,2.3414051638535667,-4.924124483934282e-08,2.7451391661762163
2388.88742398005,0.0001134761758441041,0.08090429789098064,-0.3035087805454775,-1.1219705846197772,2.3414051638535667,-4.942814231162825e-08,2.744143326248507
2385.865422025323,0.00011339316621804435,0.0807194136400107,-0.2984721006626443,-1.1242418100630462,2.307839809397711,-4.959454022443265e-08,2.743261865003662
2384.1574211781844,0.00011352958085444056,0.08073134046806808,-0.298326721136529,-1.1239612868667441,2.3414051638535667,-4.9631390022460245e-08,2.7429611766963706
2382.913420443423,0.00011355855707864497,0.08070358925086443,-0.29445038609697693,-1.1256498137085562,2.310500597548078,-4.9783132221386075e-08,2.7419516823693852
2376.33741618786,0.00011351823945107883,0.08040370953092658,-0.28401400280315814,-1.1307139551086034,2.310500597548078,-5.021992192505025e-08,2.741139284969888
2380.9094191957265,0.00011268160781130713,0.08009001045973152,-0.27004980098981335,-1.1365307785106498,2.3126209921134304,-5.045216216639375e-08,2.7402960524759945
2379.105417999439,0.00011264090906115111,0.07998157846408814,-0.2648570808264683,-1.1388682940353219,2.3126209921134304,-5.057625715823096e-08,2.739326245214707
2375.617416127585,0.00011260742660535899,0.07982166577003579,-0.2575816032815381,-1.1417342129340315,2.3126209921134304,-5.0857351517951164e-08,2.738768293656822
2372.3214140748605,0.0001126659397242601,0.07971294772918934,-0.250912255073521,-1.1445998973214762,2.3126209921134304,-5.1052787594354624e-08,2.7381909540778238
2370.25941271428,0.00011253124747747925,0.07954754554273215,-0.24745463765923104,-1.1459919069761935,2.3126209921134304,-5.120855672017459e-08,2.737107802626139
2388.9194237869233,0.00011300346716503493,0.08043292323751652,-0.26131724302593495,-1.1395864083947096,2.2987247985594643,-5.0308523472104925e-08,2.7366307705562347
2389.1334241945297,0.00011298320536050002,0.08043378289133228,-0.26247373062001245,-1.139267359092762,2.2987247985594643,-5.030407886254919e-08,2.736103977092419
2357.9014054611325,0.00011241863864387203,0.07895659964270575,-0.22694312496453017,-1.1546545269859179,2.312620992113431,-5.195161423770094e-08,2.735450311371257
2362.247408265248,0.00011247615580217071,0.07917564167949179,-0.23647350331791506,-1.1510533759477495,2.3126209921134304,-5.165698499200987e-08,2.734656610849471
2357.8354054475203,0.00011251677837170993,0.07902386611399458,-0.22963467451727748,-1.1535681967971299,2.312620992113431,-5.195704463935991e-08,2.733868885595839
2365.5534100392833,0.00011176627325281502,0.07869318455322745,-0.19131794849347017,-1.1700059707073178,2.2672631414495434,-5.239795188857279e-08,2.73316525841512
2386.239422380924,0.0001122253052302757,0.07985741463111078,-0.23985765185977703,-1.1486239256807045,2.3008298279468073,-5.092781463018836e-08,2.732244251341555
2392.8614260703325,0.00011233901586306192,0.08000709402722644,-0.22636927097387938,-1.154417371016581,2.2891628424128103,-5.08951761429121e-08,2.731692266392144
2362.0954078175128,0.00011173080949347235,0.0785296334365202,-0.1839052977051967,-1.1728604859218503,2.2672631414495434,-5.2654785069669014e-08,2.7309590548714233
2371.2914133667946,0.00011195742433419433,0.07905119340538863,-0.20441131081641517,-1.1642194030177333,2.3008298279468073,-5.198759465925293e-08,2.730026629668241
2380.4614188764244,0.00011208925767291048,0.07952546180619226,-0.2263481804227787,-1.1545476259238656,2.3008298279468073,-5.1335339010413464e-08,2.729108984384356
2368.6614118060097,0.00011190805359600403,0.0789159431828613,-0.2007575806700186,-1.1655109043385083,2.3008298279468073,-5.215756512112244e-08,2.728357525755343
2370.033412582241,0.00011196235133585575,0.07900826945971463,-0.20960691569603052,-1.1617350415743637,2.3008298279468073,-5.194414592343427e-08,2.727573653741048
2386.6574223712087,0.00011232665067197495,0.07994433165681714,-0.2400295113427955,-1.148328506781873,2.3008298279468073,-5.093912305171189e-08,2.726705598114012
2381.175419223495,0.00011213996899743269,0.07958797212092071,-0.22718453322556842,-1.154009931122871,2.3008298279468073,-5.1302840519913265e-08,2.726138263334689
2376.341416195035,0.00011134317715776665,0.07872785372337954,-0.17156496609793326,-1.1775531231752896,2.255718340230032,-5.256170626724922e-08,2.7255862017651378
2381.9794198144227,0.00011137658080752501,0.07897491475271487,-0.18237047651245053,-1.1730827496541514,2.2891628424128103,-5.21539232847102e-08,2.7247972556613482
2379.569418299012,0.00011144448293611057,0.07892148782986218,-0.1782762133313689,-1.1746707544768369,2.2891628424128108,-5.232174541016851e-08,2.724050216628688
2379.8794186459854,0.00011139493153749053,0.07889965850456736,-0.18009401841606598,-1.1737123291924907,2.2891628424128103,-5.224859409837791e-08,2.723421038003878
2373.8974148193374,0.0001112986568059046,0.07860513888700957,-0.17289130001772968,-1.1767484540325064,2.2891628424128108,-5.262467547108578e-08,2.722586415695936
2377.2194169200957,0.00011137527820434279,0.07877479674125897,-0.176306449965566,-1.1757009483504477,2.2891628424128108,-5.239559338720752e-08,2.721877801385769
2372.355414004065,0.00011126338402863396,0.0785049028404225,-0.16567778740974637,-1.17992732929887,2.255718340230032,-5.272698384282478e-08,2.721157249689265
2371.885413805954,0.00011127940807571469,0.07848978506406497,-0.16272746683660388,-1.1811191015574856,2.255718340230032,-5.277311046433336e-08,2.720569896800264
2378.27341748029,0.00011063665217545912,0.07839302892007914,-0.1600603130708822,-1.1822485388425388,2.255718340230032,-5.280146463969146e-08,2.7196369962931333
2373.2434145510197,0.00011056704984971547,0.07813739184670489,-0.14290300018122926,-1.1895490151825272,2.255718340230032,-5.324273340489431e-08,2.719020573775906
2370.299412894994,0.00011048483955122965,0.07795781653841884,-0.13944420954955916,-1.1906921962756147,2.255718340230032,-5.3341338881782933e-08,2.7186900716959617
2365.615409913473,0.00011026727195917043,0.07762397160958028,-0.12613296730682455,-1.1964941805408489,2.255718340230032,-5.368138492634572e-08,2.717441127441947
2385.567422002554,0.00011084388276269642,0.07862281174735047,-0.14574537129824083,-1.1879621831637126,2.3184004000172314,-5.2723689243512344e-08,2.7164514159159356
2373.129414423369,0.00011137333085638498,0.07859667638369351,-0.16806780543403077,-1.1788485903503865,2.255718340230032,-5.2624856630159297e-08,2.715727081036107
2376.5414165053517,0.00011066694835990679,0.07832128295023663,-0.15241032441084323,-1.1855145885797886,2.255718340230032,-5.289865836246732e-08,2.714960837670221
2382.381419852376,0.00011085818386984627,0.07849939020069373,-0.14247885331389165,-1.1893320226518913,2.3184004000172314,-5.286275687541473e-08,2.713995535163167
2361.081407428719,0.00011040159620817849,0.07753235757377346,-0.11901372208015903,-1.1992718222476042,2.255718340230032,-5.40027502157011e-08,2.7132978009012834
2378.9334180224687,0.00011082208596103345,0.0783438549871767,-0.13424436043336918,-1.192208756186406,2.3184004000172314,-5.31505614027191e-08,2.712638468761124
2382.7794201839715,0.00011099632429174692,0.0786105868087891,-0.14371349113282106,-1.1886649625558956,2.3184004000172314,-5.2887067541135734e-08,2.7118102569159634
2374.431415397674,0.00011086966445311593,0.07837328835893959,-0.15241954170164274,-1.1850441834050376,2.255718340230032,-5.3027055109897254e-08,2.710997912798668
2386.0894223302603,0.00011025121105409651,0.07832260422612392,-0.13463188925798386,-1.1921331759899128,2.3184004000172314,-5.3102007079539074e-08,2.7103411947504332
2374.185414931737,0.00011003047979528594,0.07769656722190786,-0.10322357775095803,-1.2053391255112282,2.285077682745155,-5.4008686287457025e-08,2.7096237097102858
2379.2394183278084,0.00011013466591459926,0.07796062862172791,-0.11416750031806844,-1.2007908324799712,2.285077682745155,-5.3630396486852335e-08,2.708497415328773
2375.933416196145,0.00011003039984135686,0.07776103308761467,-0.10678420371942332,-1.2036784281563784,2.285077682745155,-5.3850990421059556e-08,2.708019568958739
2377.689117964357,0.00010995355710235682,0.07777612335719798,-0.10558600097377902,-1.2043491968731892,2.285077682745155,-5.377728119029656e-08,2.707203210157606
2363.403098989278,0.00010982637349694363,0.07711796984185966,-0.07572126506245302,-1.2165480151215884,2.285077682745155,-5.473007536248305e-08,2.7064156340197782
2360.5970958312973,0.00010971962457121403,0.0769350386716376,-0.06895973711582792,-1.2193775999486853,2.285077682745155,-5.491280996314482e-08,2.7055885349153677
2358.0170919820666,0.00010966206802218777,0.07680207832393976,-0.06494513166597704,-1.2206991871381674,2.285077682745155,-5.508503205940308e-08,2.705017821497396
2358.929093150422,0.00010973591242370551,0.07688403248668844,-0.0709265449367158,-1.2184047405663634,2.285077682745155,-5.4955796618028e-08,2.704240415061849
2364.947101056576,0.00010893415422372568,0.07666023310344088,-0.06126992374768925,-1.2220922728033867,2.285077682745155,-5.500354160563746e-08,2.7035456530433457
2366.6311036273837,0.00010900390893862692,0.07677000693331132,-0.06504318056749891,-1.2207468113548579,2.285077682745155,-5.4892885337523585e-08,2.702653892435438
2388.751132272184,0.00010955039890771237,0.07782747800192982,-0.09110380461584011,-1.209703970366187,2.2734857488410984,-5.3764503359847286e-08,2.701806971481253
2387.6071305274963,0.00010955767933516728,0.07778075957259384,-0.08670467121059167,-1.2113162845117977,2.2734857488410984,-5.384899586694924e-08,2.7008084669696717
2381.0811221525073,0.00010941992311320612,0.07743579784523523,-0.06667837514945374,-1.2195974255927824,2.2734857488410984,-5.44128455957323e-08,2.700158284060195
2378.5311185717583,0.00010943552862089406,0.07733786933900696,-0.06529292082914973,-1.2199585461395732,2.2734857488410984,-5.448106846102415e-08,2.699169147368437
2366.70510391891,0.0001090710325385603,0.07680756353549031,-0.066918322071428,-1.2198493480836743,2.285077682745155,-5.482392426490044e-08,2.698208359168294
2369.9891077280045,0.000109257149077261,0.07688266370064975,-0.04486437981479474,-1.2285500887015262,2.2734857488410984,-5.508746491356704e-08,2.697419006489256
2361.305096551776,0.00010909156825887324,0.07660642509068027,-0.05566492558304903,-1.2242096757893646,2.285077682745155,-5.5192116070946056e-08,2.696782712395563
2373.895113002509,0.00010855447252911622,0.07662539436540186,-0.033820110336705955,-1.2326167971713033,2.2734857488410984,-5.516303672598603e-08,2.695895493602974
2372.887111455202,0.00010851936663442327,0.07657640556715335,-0.033432840659734175,-1.2328591719010875,2.2734857488410984,-5.5268006401480347e-08,2.695161540812719
2354.9890880584717,0.00010891219451649547,0.0762377797902141,-0.037332225733818,-1.2314795789098527,2.251639176917835,-5.565939467312846e-08,2.694417679048122
2364.245100349188,0.0001083339841195138,0.07611113062479191,-0.011223092642044907,-1.2415398187251703,2.240170705645537,-5.586217722545139e-08,2.693596560324574
2381.5031228419393,0.00010875979857769084,0.07688431417941609,-0.022078116054719654,-1.2371841502618628,2.262016248448023,-5.511451244225142e-08,2.6927990062611222
2385.6811283621937,0.00010808667021544631,0.07666105473997652,-0.011303836432685177,-1.2412652280583067,2.262016248448023,-5.522535800027149e-08,2.692373661926268
2378.2591184098274,0.00010876920022148928,0.07677326240123163,-0.02073009392734715,-1.2373122456219445,2.262016248448023,-5.529359448276216e-08,2.691101389253472
2381.153122100979,0.00010798476850653176,0.07642005460801775,-0.0008845706769582407,-1.2452918034881082,2.262016248448023,-5.553439084222132e-08,2.690375983981121
2385.441128268838,0.00010802986136922835,0.0766240661306072,-0.014319861395060585,-1.2400767556198498,2.262016248448023,-5.5215141538608144e-08,2.689599304515245
2383.805125683546,0.00010809178035953455,0.07660309112031406,-0.011535338930510175,-1.2411251663408756,2.262016248448023,-5.534918905928512e-08,2.6883033315713183
2366.8831035494804,0.00010765954564396559,0.0756577395814257,0.03547533252830082,-1.2595564223220905,2.228824169565436,-5.653818991477495e-08,2.6879422021527763
2370.1751081049442,0.00010780265011441068,0.07587433899363873,0.027935591629363987,-1.2567315190755426,2.228824169565436,-5.6332356613984e-08,2.686933387671845
2372.0211104154587,0.00010770557975894471,0.07588190878655346,0.02522077412400492,-1.2553943485317662,2.228824169565436,-5.618479463203065e-08,2.685731028174776
2365.1071014106274,0.00010756802568781372,0.07553321022580545,0.038940797533459026,-1.2606586503352024,2.2313912679921986,-5.6648548660623364e-08,2.685454513816052
2364.1491001844406,0.00010757504870600537,0.07549783549668229,0.03911936598513188,-1.2609102987793641,2.228824169565436,-5.667769857209653e-08,2.6845970310860197
2377.5151178762317,0.00010803610993322942,0.0763106741009335,0.004062313276574692,-1.247117393432264,2.262016248448023,-5.574161562505831e-08,2.683548082468803
2380.0991207398474,0.00010809930140653583,0.07646003588269967,-0.0030537967489832063,-1.2442352676730406,2.262016248448023,-5.558623766596021e-08,2.682879852970513
2381.0951223373413,0.00010810743642594294,0.07648790135007975,-0.004533238175437937,-1.243747416242849,2.262016248448023,-5.545416659972733e-08,2.682139509731443
2373.8551129847765,0.00010792687962679321,0.07609237248511785,0.014079216644870218,-1.2510165157605797,2.228824169565436,-5.597753636684248e-08,2.6810636933684617
2351.0510827302933,0.00010752686621189956,0.07512764183061939,0.04091290824767446,-1.2618883175540185,2.2427560104441207,-5.719056354475272e-08,2.6807126328625484
2376.9051167070866,0.00010723142025050672,0.07565691306782311,0.05710669320263717,-1.2674947202096472,2.217597711833112,-5.6637857571102645e-08,2.680071268040499
2367.2611039616168,0.0001070900146329284,0.07519896541167669,0.08061489946271028,-1.2764780588122686,2.2201468585226243,-5.732051987930875e-08,2.678974275319688
2379.8731206208467,0.00010735484445784827,0.07584730340320894,0.047277679936649886,-1.2634181342870507,2.217597711833112,-5.638422926227428e-08,2.6781799432980686
2359.7290940880775,0.00010691417523681714,0.07497301269398353,0.0682997593523762,-1.2718340451144146,2.2313912679921986,-5.743789762875407e-08,2.6773877933294
2367.743104605004,0.00010709691583821545,0.0752229589911351,0.08090206656361465,-1.2765360145960865,2.2201468585226243,-5.731491489593719e-08,2.676667885102403
2367.5191046055406,0.00010699374130579868,0.0751445114495759,0.0828535934624548,-1.277207136475381,2.2201468585226243,-5.731070642300792e-08,2.675751391683213
2366.2131026908755,0.00010611312074617088,0.07458179852039462,0.11367871890148917,-1.2889542495516002,2.2201468585226243,-5.7823614962797474e-08,2.6749061081476504
2354.9390879273415,0.00010669212634587872,0.07463024201734829,0.08627855598207201,-1.2789782283868592,2.2313912679921986,-5.774936394269415e-08,2.673926131378444
2359.665094334632,0.00010595891599050395,0.0742363001918906,0.12774914600956588,-1.2945611627482947,2.186968745747698,-5.823946477670487e-08,2.673187860674237
2363.2770986631513,0.00010610129054908416,0.07446255297012337,0.11430959920569883,-1.2892689569874825,2.2201468585226243,-5.793420536646444e-08,2.672341966262886
2379.709120452404,0.00010658048568866906,0.07524325596034385,0.10104334667704107,-1.283981870898608,2.2090209527254685,-5.730076854206748e-08,2.67141887501709
2380.1831210870296,0.00010650269852911529,0.07519595790669512,0.1030211900252116,-1.2846190299191587,2.2090209527254685,-5.7214056712031086e-08,2.670585418771567
2371.1971090994775,0.00010640080538912991,0.07494916684638406,0.09406783824747178,-1.2814184679842757,2.2201468585226243,-5.739527703192196e-08,2.669976262185465
2379.695120573044,0.00010661282420836658,0.07525633992612012,0.10001776116202787,-1.2831733843664028,2.2090209527254685,-5.724766381550758e-08,2.6690593803042293
2371.2911092042923,0.00010631258598528561,0.07490500637950666,0.09356568645411523,-1.2811642523262299,2.2201468585226243,-5.7404541642702607e-08,2.668252880448678
2356.571089906618,0.00010604102743127653,0.07416404541849314,0.1348361941123648,-1.296853462186127,2.186968745747698,-5.8436266962379896e-08,2.66756254791002
2364.1430998668075,0.00010630634652621723,0.07462228092706721,0.11118391501410763,-1.2878131829696782,2.2201468585226243,-5.788513740500738e-08,2.666045031298558
2376.0591155905277,0.00010568803224960066,0.07457606086760225,0.13628608183432567,-1.2971079178722686,2.2090209527254685,-5.7903967900051525e-08,2.665574737366941
2361.3510966300964,0.00010533915153494006,0.07380565633134513,0.1768764824046114,-1.3124639434101597,2.1759666594205687,-5.8958528508116775e-08,2.664845351623262
2360.8470959160477,0.00010528639229214024,0.07376011246183779,0.17336297587525795,-1.3106887396180933,2.1759666594205687,-5.891984786928164e-08,2.6642545923726404
2364.6531011387706,0.00010537847216541764,0.07395407421174287,0.16156118949938447,-1.3065376800554944,2.1759666594205687,-5.861481306852273e-08,2.66360515012424
2363.495099538937,0.00010538423681369255,0.07391171067696777,0.16662982922825487,-1.308555732024644,2.1759666594205687,-5.872543409127698e-08,2.662099534447697
2313.66903434135,0.0001108481238326423,0.07605808162049255,-0.05665411681968413,-1.2225450742891926,2.2362177948784856,-5.669768515278049e-08,2.641826248409834
2373.7491128481925,0.00010562439948330417,0.07444806161558729,0.13911824600985456,-1.2982706298856443,2.2090209527254685,-5.801689067299216e-08,2.662251281717258
2374.459113923833,0.00010555023314684367,0.07442378058876165,0.13816058745161452,-1.2977700287720975,2.2090209527254685,-5.7930953515051744e-08,2.6612688623974616
2363.8210994899273,0.00010525954029939035,0.07384437656350408,0.1702887253647849,-1.309994814950437,2.1759666594205687,-5.873940346683052e-08,2.660022769244928
2388.097131278366,0.00010511665570682278,0.07455720747976258,0.15762454980168172,-1.3049807987826374,2.1980117538151585,-5.785051412436161e-08,2.6589353865101457
2375.9091154038906,0.00010577494552410905,0.07462575147202624,0.13372955310701862,-1.2961704308107762,2.2090209527254685,-5.789550941951899e-08,2.658285986667344
2371.1371089387685,0.00010553157248379586,0.07428983577928606,0.14905327114403732,-1.3020531532248745,2.2090209527254685,-5.8230685037112936e-08,2.657609719121501
2378.823119567707,0.00010562865510713672,0.07462842520383245,0.12780974114879662,-1.2935906932929069,2.2090209527254685,-5.760088688585041e-08,2.6561984474768052
2380.087121039629,0.0001047934833360658,0.0740402233052611,0.18326235760346687,-1.3145237330893687,2.1980117538151585,-5.836529413172262e-08,2.655421785163166
2372.491111367941,0.00010467956083823325,0.07369819386099768,0.1925809876103246,-1.3179988593586438,2.165080686367197,-5.879015898977826e-08,2.654561749648301
2368.597105946392,0.00010460611819541706,0.07350336985109808,0.2053945061978384,-1.3227742965214235,2.165080686367197,-5.9080250772902924e-08,2.653375362052273
2363.4290994256735,0.00010442569382465313,0.07334400861086728,0.19721978783704586,-1.3198447060962162,2.1759666594205687,-5.9104508510436706e-08,2.6532397446466778
2362.4910982213914,0.00010445323683504871,0.07319585320144449,0.2201624047155124,-1.3280413691567705,2.1650806863671965,-5.953580236893885e-08,2.651704155017227
2361.035095926374,0.00010441311925190123,0.07324616309529097,0.19792221696248458,-1.3203441105565465,2.1759666594205687,-5.9192406665802964e-08,2.650777219648032
2377.7271176707,0.00010492725282483334,0.0740328199489974,0.1814656086843227,-1.3138701389810215,2.1980117538151585,-5.843262899778819e-08,2.649779032074652
2383.1191247068346,0.00010421744589505448,0.07369812781430077,0.21958018835358972,-1.3275067666868015,2.154309050990686,-5.886691627788668e-08,2.648849079259035
2378.689119320363,0.00010419181194414666,0.07352198275069288,0.23402682620016124,-1.3327142165186086,2.154309050990686,-5.922306143498665e-08,2.647944372280273
2373.0211117286235,0.00010482461183799764,0.07381334562526344,0.19174125354183635,-1.317426832748414,2.165080686367197,-5.881139464294483e-08,2.647580104368217
2370.7951089181006,0.00010470458683062838,0.07363552332000614,0.20614332282960746,-1.3228007162967224,2.165080686367197,-5.8970371535581587e-08,2.647323818574355
2371.7391098439693,0.00010385762644928499,0.07317434437519905,0.23053438846613528,-1.331577923850383,2.1650806863671965,-5.9226732049967816e-08,2.646444757843152
2357.0230907518417,0.00010356836384029529,0.07247938519418325,0.26657742543603824,-1.3443840068707977,2.165080686367197,-6.029490809907855e-08,2.645368763071152
2362.195097228512,0.0001037161314091504,0.07276148515885623,0.2461876058646375,-1.3373048931102103,2.165080686367197,-5.987396704405194e-08,2.644605949996067
2357.245090972632,0.00010359877756542759,0.0725052316833185,0.2637751598000735,-1.343637673483254,2.165080686367197,-6.02499205762356e-08,2.643707708389753
2356.3990901596844,0.00010355260475933479,0.07244818706137988,0.2659175124945814,-1.3443883972177126,2.165080686367197,-6.03191679258976e-08,2.643008068802897
2363.7570996172726,0.00010290533178500277,0.07221676325925869,0.30198039408765576,-1.3571598652690824,2.154309050990686,-6.05526722155564e-08,2.6417566908087853
2359.285093890503,0.00010266867585952171,0.07190879947080207,0.3146137484463223,-1.361945233859699,2.1213987322694363,-6.083419861408376e-08,2.640632807621257
2373.201112087816,0.00010326027747607768,0.0727735094635816,0.2726092464264487,-1.3464749017696287,2.154309050990686,-5.987433560200123e-08,2.639682582335204
2368.1551054120064,0.00010319756790776779,0.07256878379529813,0.28586130892066164,-1.35115613085243,2.154309050990686,-6.029638855699103e-08,2.638858341022406
2369.009106453508,0.00010331012583521105,0.0726605117328535,0.2810972176593829,-1.3497883921276392,2.154309050990686,-6.018201519639894e-08,2.637817918144397
2364.9471010584384,0.00010288637244097822,0.07224385262137344,0.29857369386718036,-1.3561033629813002,2.154309050990686,-6.044390018332976e-08,2.637115034731447
2363.4270989913493,0.00010291463741340092,0.07220669091070096,0.30301852938214724,-1.3575519107202112,2.154309050990686,-6.05665353385668e-08,2.6364241174943057
2361.069096043706,0.00010190516626368036,0.07140751667957106,0.3702553648804794,-1.3811576857318169,2.1108634240898625,-6.145791914066499e-08,2.635155624536405
2351.427083261311,0.00010269162242457883,0.07164763929071202,0.3380269105686087,-1.3698554741392543,2.1213987322694363,-6.145161816629462e-08,2.63456110807712
2385.211127448827,0.00010269473560929553,0.07274870965148258,0.3000252388018785,-1.3562201992985279,2.1436500102582596,-5.981121386673841e-08,2.63384909310262
2377.0971171241254,0.00010256298762312777,0.07237726175676362,0.322031434212938,-1.3638665590509451,2.1436500102582596,-6.03638751989515e-08,2.633020305931534
2373.7331129517406,0.00010252100996926576,0.07225663707871982,0.3218995512034395,-1.3637555127628915,2.1436500102582596,-6.059536278992769e-08,2.631982788929034
2377.291117262095,0.0001025784169985409,0.07240292281252884,0.32129461696145034,-1.3638490374804801,2.1436500102582596,-6.03991078522063e-08,2.630977079967313
2366.3351031541824,0.00010315863226998762,0.07246809834534973,0.28992166281083387,-1.3527175207714945,2.154309050990686,-6.036545012713492e-08,2.630157214662544
2374.4071135055274,0.00010239856346028108,0.07218304962368266,0.3251101514398216,-1.3648362291481304,2.1436500102582596,-6.04848873789112e-08,2.6295553226426867
2367.109103988856,0.0001013117237633109,0.07128764824492832,0.37759850689429664,-1.3834830802569207,2.1108634240898625,-6.129999589802644e-08,2.628754205499401
2373.597112685442,0.00010144163153423109,0.07147613593434343,0.3848301909649696,-1.3856601949860565,2.1004383322551194,-6.124210277097553e-08,2.628119489005669
2383.5331255048513,0.00010183171250131821,0.0720583821356978,0.3562594347399015,-1.375622951964083,2.1331018531453534,-6.05562503026593e-08,2.6269382490268303
2356.6210899353027,0.00010106853453767759,0.07077367219734473,0.40415318081838425,-1.3926895077733792,2.1133432062436057,-6.197284574441398e-08,2.625856441831056
2369.0951066296548,0.0001023650617537692,0.07197667277833025,0.33706389668371806,-1.368942887699908,2.1436500102582596,-6.083853219505002e-08,2.6255627932695877
2348.5050794146955,0.00010172566252845508,0.07098074457719213,0.3690497426219128,-1.3801347143724212,2.123895499232452,-6.182885643714608e-08,2.624457137575412
2381.3171227239072,0.00010178020932115034,0.07194528457004118,0.36662129810003163,-1.3794808371906393,2.1331018531453534,-6.075139185742369e-08,2.6233237872511124
2381.907123280689,0.00010180530207455476,0.07197757403406103,0.36210850973596154,-1.3778207051580402,2.1331018531453534,-6.065627659346783e-08,2.622322388079021
2366.8631035238504,0.00010150675043134143,0.07140141550229076,0.37429086530971434,-1.3823353312581104,2.1108634240898625,-6.132257685302352e-08,2.620925001346436
2372.6611112300307,0.00010077544911603368,0.07106781472775646,0.4165314246905143,-1.3967721536176374,2.1004383322551194,-6.162825020752116e-08,2.6203433686867954
2374.4271135888994,0.0001008563306357807,0.07119191333904235,0.4078025588845602,-1.3936928723545239,2.1004383322551194,-6.153002885871781e-08,2.6194380517396363
2365.0551013033837,0.0001014004027110911,0.07127759980031294,0.3748501842211285,-1.3825766095091065,2.1108634240898625,-6.139413245423259e-08,2.618576667962105
2356.2950899489224,0.00010112485389729797,0.07079583830409138,0.40558007230728554,-1.3931731871417234,2.1133432062436057,-6.201357612234463e-08,2.6176104750062392
2359.3890938162804,0.00010025434469500293,0.07028524486880869,0.4570264907929924,-1.410489149694759,2.1029013591240404,-6.247640491177891e-08,2.617482231627471
2371.893110126257,9.970251679262012e-05,0.07028998870903289,0.48097973353501944,-1.4187715429921792,2.0925682671521924,-6.229285892402333e-08,2.6160919415075683
2363.529099404812,9.947190641469835e-05,0.0698692153645569,0.5047629532002476,-1.4270425936326008,2.0599312696667913,-6.285770490775047e-08,2.6151081514685037
2389.365132700652,0.00010024780037044813,0.07110491501473923,0.44787163843543,-1.4073321691655236,2.1503948753420437,-6.141699674998739e-08,2.6142993343279364
2377.397117031738,0.00010090104104568657,0.0711790997144102,0.428106968982934,-1.4004676250022914,2.090121770664942,-6.161884297973233e-08,2.614342551801348
2376.0651155170053,0.00010081057807384002,0.07108504746195851,0.42859792228580584,-1.4005157518982012,2.0925682671521924,-6.169523442381059e-08,2.6126905392310933
2381.1691222470254,0.00010005286717364158,0.0708196422620746,0.44747936399126687,-1.4071021142293216,2.0925682671521924,-6.161792806761869e-08,2.6117590887725193
2375.9231154322624,9.982958882414731e-05,0.07050247025008709,0.46611373375183707,-1.4136742714284478,2.0925682671521924,-6.198950491875713e-08,2.610298332921413
2368.229105450213,9.975554458516483e-05,0.07021634481605096,0.48473825944980087,-1.4199721486624757,2.0925682671521924,-6.258234986673245e-08,2.609552936356608
2359.6070945076644,9.933330712651013e-05,0.0696539905716907,0.5169683579164013,-1.4309134066350386,2.0599312696667913,-6.31195498289136e-08,2.608969403986546
2371.075109221041,9.879083671129455e-05,0.06963879666622656,0.5382809233747707,-1.4378864598801522,2.1179754578398784,-6.297412763389069e-08,2.608296448423128
2381.037122139707,0.00010015563581844267,0.07088372100870362,0.4466667112029392,-1.4067028461538627,2.0925682671521924,-6.16648843112591e-08,2.6071223900233282
2364.5231005102396,9.873617952844206e-05,0.06949220403987053,0.5290279688466821,-1.434841869818777,2.0599312696667913,-6.303965481462895e-08,2.605874526177303
2359.6850943788886,9.857831485336744e-05,0.06923305534815553,0.5444698263092729,-1.4399518210586932,2.0599312696667913,-6.335540741242582e-08,2.605085528853082
2386.7751295734197,9.948961926902295e-05,0.0705880542438067,0.48646329167312574,-1.4200462220544878,2.1179754578398784,-6.192057819017256e-08,2.604040448421767
2384.8291270378977,9.934082818061914e-05,0.07042749563046868,0.49641495411379477,-1.4236753295094278,2.1179754578398784,-6.20601217676121e-08,2.6039392504972327
2381.6231226902455,9.925545664492569e-05,0.07025952265751964,0.5063767510561625,-1.4270808372651749,2.1179754578398784,-6.224453578014236e-08,2.602889699844156
2380.671121528372,9.824071744450298e-05,0.06954954915671571,0.5629383140904993,-1.4456792917060164,2.1076189491450834,-6.291538818325326e-08,2.60408602583618
2362.645098367706,9.886930149754029e-05,0.06952410378972254,0.5271329843605734,-1.4336349212271746,2.0599312696667913,-6.31802786880137e-08,2.601845252277967
2358.0210919808596,9.869867855118977e-05,0.06926256732225586,0.5455419242432211,-1.4398461311879176,2.0599312696667913,-6.3502566662692e-08,2.601116141729873
2370.4171082470566,0.00010009924989850752,0.07049021917265404,0.4747604950910773,-1.4158891274497878,2.0925682671521924,-6.239255835787055e-08,2.600124146497396
2344.5590742286295,9.925475466245454e-05,0.06922041294580797,0.5283320314440183,-1.4340955080268958,2.0701403572144303,-6.379550089275634e-08,2.599093623206923
2342.383071780205,9.902926220591763e-05,0.06900728866861996,0.5403728751913692,-1.438401186850378,2.0701403572144303,-6.395167701381044e-08,2.598386692131352
2368.2931051123887,9.990582128928613e-05,0.07029221722322526,0.48593832813506,-1.4198838230769437,2.0925682671521924,-6.253671050167701e-08,2.597385803225507
2370.1411080230027,9.905545543872735e-05,0.06976683964490456,0.5366393408242649,-1.4367663013005083,2.1179754578398784,-6.304546677024802e-08,2.596706031020236
2369.8871077727526,9.90842941369359e-05,0.06976705769620975,0.54273175874502,-1.4386956893984206,2.1179754578398784,-6.307952520591279e-08,2.595861520419108
2351.7050835229456,9.855221709926508e-05,0.06895986038177333,0.5663304578025166,-1.4467764432761778,2.0599312696667913,-6.393238433549293e-08,2.5947261418073198
2362.0430973190814,9.891555163399506e-05,0.0695199654069065,0.529343261555117,-1.4343506099612369,2.0599312696667913,-6.318349790916133e-08,2.5940903296914337
2356.3630900792778,9.87373712733221e-05,0.0692286431413358,0.5458845720364893,-1.4399249127362725,2.0599312696667913,-6.358144975111101e-08,2.5933076082857243
2360.395095203072,9.886611039918693e-05,0.06944580583432633,0.5296337237703033,-1.4344839402741636,2.0599312696667913,-6.329597636027595e-08,2.592382511762154
2358.9490933306515,9.789515780724967e-05,0.0687345349023854,0.6048607260937762,-1.4594807707026338,2.0854617450335957,-6.408689659093042e-08,2.591462964148356
2354.3290873989463,9.767325045789174e-05,0.06844809487816218,0.6213381673780214,-1.464601065622511,2.0854617450335957,-6.437232235844221e-08,2.590622011257185
2348.445079067722,9.754865071281079e-05,0.06819415056742696,0.6404695150125144,-1.4710427081057253,2.0854617450335957,-6.484960510455523e-08,2.589145036412488
2370.6511083506048,9.84017999424036e-05,0.06934176057469678,0.5908982038942612,-1.454303441569771,2.0752277975625297,-6.373504690094947e-08,2.5881605650554738
2354.847087766975,9.780200106080105e-05,0.06855496211942662,0.6189508899657117,-1.463621761151866,2.0854617450335957,-6.441634991800172e-08,2.5868891443101663
2366.5271028671414,9.814836523229468e-05,0.06912665088294141,0.5798786819320627,-1.4510857002528872,2.0854617450335957,-6.353209530548518e-08,2.586694484350856
2354.0050867479295,9.770740630506059e-05,0.06845417089324997,0.6229208385436453,-1.4650952894868452,2.0854617450335957,-6.440767275120377e-08,2.585675145460882
2366.4911028407514,9.824750941452235e-05,0.06919199390175725,0.5814561027811056,-1.4511673338138915,2.0854617450335957,-6.35959517401188e-08,2.5841379690370028
2352.319084789604,9.778087613932515e-05,0.06845713896527396,0.6191987246114934,-1.4635362430429446,2.0854617450335957,-6.450451981200057e-08,2.583063333350153
2355.907089199871,9.780498985465508e-05,0.0685789446357172,0.6066479084150447,-1.4595791006759125,2.0854617450335957,-6.419952989594335e-08,2.5832169995891627
2350.263081928715,9.764741477907074e-05,0.06830730784221613,0.6232812406129624,-1.4647932519867788,2.0854617450335957,-6.459291900649732e-08,2.5819083397142197
2346.3550769705325,9.750131377266777e-05,0.06808691112405992,0.6416518211606421,-1.4712531777805655,2.0854617450335957,-6.488927650717985e-08,2.5804902273948835
2348.9610800985247,9.668062916272482e-05,0.06771386001514391,0.667081222112333,-1.4794256168974202,2.0495864858026716,-6.494726197371997e-08,2.580018094650744
2365.6451024897397,9.828813189805067e-05,0.06918703732125091,0.5722519290730266,-1.4480685663445465,2.0854617450335957,-6.35332977256417e-08,2.578873357992487
2370.3271078951657,9.74694905746445e-05,0.06877838473942488,0.6255973410388891,-1.4657840034544294,2.0752277975625297,-6.390635275903586e-08,2.577841408443196
2364.2151002921164,9.714058516763633e-05,0.0683807113818623,0.6452713800913017,-1.4723071595592185,2.0752277975625297,-6.427103592572748e-08,2.577065802841119
2356.1510893292725,9.683320416891172e-05,0.06793128083059624,0.6799148725373345,-1.4837139871632765,2.0752277975625297,-6.486160742950091e-08,2.575544510569121
2348.831080067903,9.665151317760774e-05,0.06768284376015585,0.6696269181228027,-1.480103752701641,2.0495864858026716,-6.492392196749302e-08,2.5756432859034604
2362.1290975231677,9.613698038408681e-05,0.06764934608540545,0.7126111981791263,-1.4939683463250644,2.0651000997961244,-6.4975153562868e-08,2.574910011488852
2355.605088924989,9.602068745954921e-05,0.06746716880271832,0.7026215259363222,-1.4906033485613626,2.039498253416134,-6.503696992039174e-08,2.574090952529566
2362.3150972425938,9.52323631083497e-05,0.06713242668257781,0.7531682150985657,-1.5068265063907895,2.029515222647488,-6.515334680661437e-08,2.573227259792347
2357.913091806695,9.504837573254405e-05,0.06689665291171852,0.7651365249646509,-1.5109086000531997,2.0327403870927054,-6.546242261693674e-08,2.5723820545560696
2381.5511227902025,9.597939614316158e-05,0.06810565877594645,0.7175173622843092,-1.4952692871235616,2.055077021103303,-6.433850204442452e-08,2.571581851531847
2380.887122157961,9.590310655376045e-05,0.06803679869681661,0.7218508365240064,-1.4966125700734612,2.055077021103303,-6.437720959715704e-08,2.570787509654812
2379.877120839432,9.592387962717921e-05,0.06802194999685005,0.7227433766642588,-1.4967535299017434,2.055077021103303,-6.444558080580626e-08,2.569478449417452
2371.2011094186455,9.55637878941831e-05,0.06752631808973557,0.7539052207945862,-1.506986144618223,2.055077021103303,-6.49871687685401e-08,2.568480822027453
2352.7830853275955,9.494464386744153e-05,0.0666767786496846,0.7831004368008361,-1.5158680256310864,2.0327403870927054,-6.581402433073103e-08,2.567939083562012
2354.827087700367,9.495326506416675e-05,0.0667378795803965,0.7820744377464335,-1.5158077801995946,2.0327403870927054,-6.567792436841101e-08,2.5665796472313107
2356.7750902492553,9.515663308581928e-05,0.06693099115437945,0.7652625717323143,-1.5105675561241758,2.0327403870927054,-6.555337132234657e-08,2.565983407373587
2353.695086149499,9.500273710680379e-05,0.06673860197869733,0.7776825532328071,-1.5146884150040303,2.0327403870927054,-6.575004175414103e-08,2.5650721243348538
2348.399079337716,9.464950530745431e-05,0.06635728357309943,0.7982194180129607,-1.5208841140637934,2.0327403870927054,-6.603145557495683e-08,2.56396059969618
2368.5951062999666,9.54979921636179e-05,0.06741450173316846,0.7558387410697778,-1.507491534069403,2.055077021103303,-6.51496509334829e-08,2.56321714445882
2379.8431205097586,9.493285423910894e-05,0.0673663479510262,0.7883310977749374,-1.5176224640330305,2.0451569623546817,-6.500036307471474e-08,2.562094234626873
2372.7611115332693,9.489639647698981e-05,0.06721675512620584,0.7769137854330448,-1.5137803889630526,2.019635767122518,-6.50912571567312e-08,2.561333889036732
2361.8910972792655,9.435943348513217e-05,0.06655122722214961,0.8182448749335913,-1.527208132601011,2.022839852061557,-6.57697394090079e-08,2.560164220919326
2368.4111059196293,9.360487666204318e-05,0.06625639576598065,0.8605682850669436,-1.5401312776559997,2.0130415715047114,-6.589170088091583e-08,2.5592216288616276
2370.937108900398,9.372378591522988e-05,0.06639794437016969,0.8559129034441293,-1.5386308991586928,2.0130415715047114,-6.573854746674229e-08,2.558036634091797
2357.0010907072574,9.32116757634077e-05,0.06573989791693795,0.8718929446551971,-1.5437049445324345,2.022839852061557,-6.618128856628574e-08,2.557322767468942
2352.2050842903554,9.403467671491738e-05,0.06606438117783557,0.8482490028880205,-1.5362527138245767,2.022839852061557,-6.637055846483599e-08,2.556396544890409
2359.803094211966,9.323264024082782e-05,0.06577121215979057,0.8949708888901187,-1.5506995656929516,2.0130415715047114,-6.643447747127334e-08,2.5556581011245387
2360.1470945905894,9.324368849407279e-05,0.06578417729070452,0.8880948502913224,-1.5488341609059453,2.0130415715047114,-6.634732954610636e-08,2.555019473763698
2366.9231037683785,9.351044338084178e-05,0.06614761006069696,0.8685200882679065,-1.542556038835733,2.0130415715047114,-6.596291212576744e-08,2.554066868299968
2363.8190995212644,9.339911584138721e-05,0.065985749415906,0.8722640563221291,-1.543783826971212,2.0130415715047114,-6.60832825524781e-08,2.5529818897771537
2382.97912481986,9.31302052907686e-05,0.0663397303162141,0.8801961342875577,-1.546233095835603,2.0033439767431434,-6.539780004021516e-08,2.5524650503337947
2384.5611267406493,9.324824834502407e-05,0.06645953304907935,0.8710153753288727,-1.5434308195529507,2.0033439767431434,-6.528850496295986e-08,2.5517168388467057
2358.683092912659,9.330311694066251e-05,0.06578104269371084,0.896150490187773,-1.5510436460180461,2.0130415715047114,-6.651386261316119e-08,2.549863327368843
2360.6290954500437,9.24734633865403e-05,0.06537137062545996,0.9209390635295174,-1.5583959070715245,1.977656158096485,-6.646523388510606e-08,2.548990891211345
2359.3590940609574,9.234716130722973e-05,0.06525416991938912,0.9246925082311512,-1.5598818227463584,1.977656158096485,-6.650733282540985e-08,2.5484475014911583
2380.787121983245,9.313419880392994e-05,0.0662934742213069,0.8809462121570264,-1.5462461784601682,2.0033439767431434,-6.556910576025639e-08,2.546714767370876
2373.759112486616,9.281433115604202e-05,0.0658809765913396,0.9160644092392194,-1.5571183175061984,2.003343976743143,-6.603324377903322e-08,2.5468224600519447
2381.5711232572794,9.21060182167334e-05,0.06564578040439445,0.9515016301676371,-1.5677666101921564,1.9937455296997664,-6.597971917001834e-08,2.545768113686525
2363.219098860398,9.256641996511238e-05,0.06549495439026766,0.9128430980492124,-1.5561769931708798,2.0130415715047114,-6.627861546439926e-08,2.54520519513482
2377.321117579937,9.206234228729925e-05,0.06550068528452865,0.9619944595556786,-1.5708458348417222,1.9937455296997664,-6.62596860935079e-08,2.5437046944992403
2373.345112051815,9.205318245708856e-05,0.0654478675802356,0.9414417181141044,-1.564587930416351,2.003343976743143,-6.61386748876866e-08,2.54247884911811
2372.7531116120517,9.194186003352978e-05,0.06535552527560255,0.950305672180308,-1.5673150659472663,2.003343976743143,-6.617746469132366e-08,2.541614317412244
2377.025116980076,9.206598718707383e-05,0.0655032062735413,0.9575967042979063,-1.5696089602072258,1.9937455296997664,-6.628153574156893e-08,2.540402113848063
2357.785091577098,9.230519671501626e-05,0.06517668152022053,0.9360402380761377,-1.563363481349104,1.977656158096485,-6.663769862124243e-08,2.53946922626709
2361.5450963992625,9.138717891865502e-05,0.06469245095952249,0.9921701074540765,-1.580082598396402,1.9681014632924065,-6.681488646589552e-08,2.539031214136963
2367.6591050997376,9.16311710387149e-05,0.06501446190089372,0.9765930440602895,-1.5755664435413133,1.9681014632924065,-6.649399690404348e-08,2.538080343156737
2371.3791093975306,9.082076533565055e-05,0.06461026730287568,1.0294779159533558,-1.591201915762148,1.9586448555011398,-6.675207235040011e-08,2.5367781371567113
2350.485082508996,9.101008697339624e-05,0.06416118632190038,1.0289197871464166,-1.5909930762597697,1.968101463292407,-6.75468250842423e-08,2.5350264987517632
2376.459116049111,9.113685022433938e-05,0.06495372642866257,0.9973404694076029,-1.5815551775571863,1.9586448555011398,-6.640781632062707e-08,2.534468894265951
2358.3270926326513,9.031050100866284e-05,0.06394669341884772,1.0659468094051938,-1.6020895831698145,1.95864485550114,-6.750516923935003e-08,2.53413309519301
2379.6151200477034,9.117100382146089e-05,0.06504285276667093,0.9908624808135134,-1.5796045772532354,1.9586448555011398,-6.613271588196226e-08,2.532747491851803
2363.005098572001,9.058088431638271e-05,0.06423950877519773,1.0513859256603402,-1.5976833019423915,1.9586448555011398,-6.725820808745661e-08,2.5317994419356302
2352.189084528014,9.115030984598885e-05,0.06429906330148163,1.0249449082228805,-1.58981956577948,1.968101463292407,-6.749245268641232e-08,2.530360535052223
