ChargingTime,VoltageSlope,VoltageStd,VoltageKurtosis,VoltageSkewness,VoltageEntropy,VoltageCurvature,Normalized Capacity
5273.380000000005,6.0078987902739055e-05,0.10412869426953246,-0.6605623088533212,-0.9478768491051939,4.00413077405734,-2.2736429887240986e-08,1.0206545436248342
4450.850000000093,4.2001463288957e-05,0.07058610734928403,0.5271776665565131,-1.429482541826194,1.2335996825980602,-2.478333009699888e-08,1.0195802339827282
4481.689999999944,4.300752396011839e-05,0.07204118521477677,0.4525852480933912,-1.4070548120422364,1.290308294202244,-2.504663059246767e-08,1.0174731175086047
4429.819999999949,4.036934053781709e-05,0.06868315547068754,0.7187623768224847,-1.4894853363167118,1.2335996825980602,-2.4546037410755137e-08,1.0154275590734438
4456.320000000065,4.1575304220298917e-05,0.0702723927210677,0.6100512673354404,-1.4561318501459788,1.2335996825980602,-2.4823543369086445e-08,1.0144301969800416
4452.050000000047,4.152547489133125e-05,0.07019171813459191,0.6080114298945869,-1.4553743378548747,1.2335996825980602,-2.481065833378673e-08,1.0134510238278607
4458.070000000065,4.1552588674158456e-05,0.07029011310276863,0.6103451226182504,-1.4566407047293355,1.2335996825980602,-2.483822319820933e-08,1.0124909727607276
4461.64000000013,4.169087948519879e-05,0.07047333754227789,0.5968698778035071,-1.4523559405155204,1.2335996825980602,-2.4866696811915864e-08,1.0115509769224693
4469.550000000047,4.172382444717992e-05,0.07055861646523355,0.6008998067667939,-1.4531474276751326,1.2335996825980602,-2.487755718698924e-08,1.0106319694569128
4466.129999999888,4.171136439021205e-05,0.070491816087158,0.592088978823329,-1.4512265370089563,1.2335996825980602,-2.484817075565557e-08,1.0097348835078848
4466.289999999804,4.177704262359778e-05,0.07060340345698748,0.5953128289378258,-1.4516254101227408,1.2335996825980602,-2.4889522354438213e-08,1.008860652219212
4472.369999999879,4.176635676229628e-05,0.07060340345698748,0.5953128289378258,-1.4516254101227408,1.2335996825980602,-2.4871188785979327e-08,1.0080102087347216
4454.689999999944,4.0931945374385354e-05,0.06955466692337237,0.6888419759784834,-1.4796899799078498,1.2335996825980602,-2.4726246106624443e-08,1.0071844861982395
4362.139999999898,3.926684326247725e-05,0.06613620778210663,0.886685854193447,-1.5384644139346464,1.1786719389680018,-2.4868971169378723e-08,1.0063844177535937
4379.230000000214,3.952440622325102e-05,0.06649411761026451,0.8539006740978161,-1.529277917969347,1.1786719389680018,-2.489931847730303e-08,1.0056109365446102
4358.569999999832,3.951722646138044e-05,0.06642446154022703,0.8598248169618956,-1.53049763261087,1.1786719389680018,-2.4944950981541802e-08,1.004864975715116
4372.350000000093,3.9518113709316624e-05,0.0664717833354724,0.8601268220426252,-1.5308328637706614,1.1786719389680018,-2.491908652346793e-08,1.0041474684089382
4313.010000000009,3.7431461830697126e-05,0.06380805338487987,1.11637941194165,-1.6029892197161328,1.1786719389680018,-2.4452886396030474e-08,1.0034593477699034
4275.880000000121,3.880301192658066e-05,0.06431152297461952,0.9980057682586612,-1.5683148783407435,1.1961493136920085,-2.538979372120214e-08,1.0028015469418385
4311.300000000047,3.7406502332382234e-05,0.06375179141868027,1.1093146016083795,-1.6014672909201648,1.1786719389680018,-2.4430948118161558e-08,1.0021749990685702
4302.229999999981,3.723466409283912e-05,0.06354715103008485,1.1335477164855128,-1.6085687638598183,1.1786719389680018,-2.4412413099302837e-08,1.0015806372939253
4264.620000000112,3.700305515828745e-05,0.062075467266575174,1.1974369854269762,-1.624810121770927,1.1961493136920085,-2.4805138941854574e-08,1.0010193947617307
4263.540000000037,3.704020799640844e-05,0.06210136295753854,1.1859100132735447,-1.6213952714115756,1.1961493136920085,-2.4807881119044947e-08,1.0004922046158133
5136.029999999795,5.8228368203973705e-05,0.09936104530272298,-0.5867610969326273,-0.9940440673467696,3.910071179726334,-2.3643841894659167e-08,0.9990936921560696
4429.980000000447,4.175562109198459e-05,0.07046255729588828,0.5970765485181877,-1.4522876895199408,1.2335996825980602,-2.49480618515961e-08,0.9986705143991406
4424.769999999553,4.17467341421186e-05,0.07043832742913834,0.6024100530592889,-1.4535784482257943,1.2335996825980602,-2.4959763546459948e-08,0.9982656370577964
4427.629999999888,4.1849387385054195e-05,0.07057277396504108,0.5994583269893168,-1.4524978312704402,1.2335996825980602,-2.4984211494098728e-08,0.9978777973612072
4429.810000000056,4.1882697568768546e-05,0.07061978551567683,0.6011209352289058,-1.4525376360757893,1.2335996825980602,-2.4991969517456765e-08,0.9975057325385434
4440.439999999944,4.193705582333913e-05,0.07071551838926736,0.5906529882883116,-1.4496284080042918,1.2335996825980602,-2.4980374354726615e-08,0.9971481798189752
4438.4900000002235,4.196693824004851e-05,0.07076815244844387,0.5964606011060054,-1.4509545173241822,1.2335996825980602,-2.501120559004236e-08,0.9968038764316731
4441.129999999888,4.1993352699970943e-05,0.07079516618778121,0.5877264306596759,-1.4482162354559402,1.2335996825980602,-2.500017679213961e-08,0.9964715596058072
4446.709999999963,4.196127150826531e-05,0.0708036271894909,0.5960905086181558,-1.4516611149545182,1.2335996825980602,-2.5004837726036566e-08,0.996149966570548
4453.160000000149,4.2058635771992394e-05,0.07094280202684625,0.5835820739177064,-1.4473295839922875,1.2335996825980602,-2.5014149110613953e-08,0.9958378345550658
4453.600000000093,4.20242292225923e-05,0.07090555738186435,0.5921031792823883,-1.4497023424248427,1.2335996825980602,-2.5011162099015392e-08,0.9955339007885308
4452.069999999832,4.208342791775752e-05,0.07098488986659057,0.5823675141451004,-1.4473166510370254,1.2335996825980602,-2.503211824850151e-08,0.9952369025001134
4459.010000000242,4.205690205992446e-05,0.07097693712653953,0.5859415781590238,-1.448638140198288,1.2335996825980602,-2.5015461852211512e-08,0.9949455769189839
4464.429999999702,4.207258053931666e-05,0.07102620119391619,0.5890462875500644,-1.4494858664351031,1.2335996825980602,-2.5020698220333356e-08,0.9946586612743127
4456.869999999646,4.217130036137726e-05,0.07116635271288052,0.5878881907561322,-1.4491305503168195,1.2335996825980602,-2.509107774270201e-08,0.9943748927952701
4471.450000000186,4.218229797245115e-05,0.07121803291695435,0.5805523516378801,-1.4473114412860242,1.2335996825980602,-2.5056665496618067e-08,0.9940930087110263
4459.839999999851,4.2203071589585174e-05,0.07121803291695435,0.5805523516378801,-1.4473114412860242,1.2335996825980602,-2.509182516162824e-08,0.9938117462507519
4465.9199999999255,4.223296788968694e-05,0.07127931382743632,0.5819359643961701,-1.4468773136123005,1.2335996825980602,-2.5094603198792257e-08,0.993529842643617
4464.0,4.2201820309914984e-05,0.07123581645418076,0.5922811111694912,-1.449541469655287,1.2335996825980602,-2.509696240134688e-08,0.9932460351187918
4469.770000000019,4.2249870524940295e-05,0.07132768499918529,0.5792751718660543,-1.4468337949833598,1.2335996825980602,-2.5099183227291796e-08,0.9929590609054469
4470.040000000037,4.224828043824477e-05,0.07132238843299801,0.5794238906943292,-1.4467009351261209,1.2335996825980602,-2.50960847051984e-08,0.9926676572327527
4460.319999999832,4.159440407041301e-05,0.07046251958783957,0.6350134377904069,-1.4644596961397303,1.2335996825980602,-2.493453252046487e-08,0.9923705613298791
4448.299999999814,4.17286201986886e-05,0.07066052748831943,0.6398408087360141,-1.4656756222514,1.2335996825980602,-2.504576511951237e-08,0.9920665104259967
4451.469999999739,4.169757935276456e-05,0.07060927735297386,0.6402614588451017,-1.4655174893959866,1.2335996825980602,-2.5016367786679946e-08,0.9917542417502759
4448.319999999832,4.15691317608318e-05,0.07042274006910404,0.6469901958763855,-1.467983765015042,1.2335996825980602,-2.4974424658268156e-08,0.9914324925318868
5117.0,5.6743947787511054e-05,0.09726482453593328,-0.5258741120848347,-1.0276919202856347,3.8271679149096425,-2.3848340368476278e-08,0.990408279346519
4465.590000000317,4.2458357859808056e-05,0.0715860652243125,0.5659457207879277,-1.4421149646516402,1.2335996825980602,-2.517193790692155e-08,0.990052298106043
4479.569999999832,4.256828692163039e-05,0.07178482339300715,0.5558610562654405,-1.4397561362543438,1.2335996825980602,-2.5182536272994727e-08,0.989690673507972
4476.660000000149,4.2573571355719823e-05,0.07178482339300715,0.5558610562654405,-1.4397561362543438,1.2335996825980602,-2.5191564754571775e-08,0.9893242334909771
4480.200000000186,4.258751045060682e-05,0.07181880380311384,0.5518869673783864,-1.4390326358159662,1.2335996825980602,-2.5188998195399325e-08,0.9889538059937295
4460.7599999997765,4.1870242526951495e-05,0.07087347711559039,0.6177156285246936,-1.4592135058109603,1.2335996825980602,-2.505125912252209e-08,0.9885802189549004
4469.639999999665,4.18532115106641e-05,0.07086908731056081,0.6186219399696542,-1.4595685948806365,1.2335996825980602,-2.502271750061157e-08,0.9882043003131615
4464.660000000149,4.168558304324424e-05,0.07065301002849748,0.6433971412664641,-1.4669957234705464,1.2335996825980602,-2.5000716419761794e-08,0.9878268780071837
4387.179999999702,3.9979618431100504e-05,0.06720288143173088,0.8409626899762532,-1.5253200155022455,1.1786719389680018,-2.5111313661698472e-08,0.9874487799756383
4388.679999999702,3.999010685143162e-05,0.06725494236654493,0.8440173269388582,-1.526383596155236,1.1786719389680018,-2.5134467222662292e-08,0.9870708341571968
4399.340000000782,4.038065092944789e-05,0.06773409090485441,0.8045306790165099,-1.5139310947203926,1.2511967870979137,-2.5203607712406615e-08,0.9866938684905301
4385.30999999959,3.997096768887633e-05,0.06720868300083761,0.8417974982220633,-1.5258938330218665,1.1786719389680018,-2.5126186155493004e-08,0.9863187109143098
4389.860000000335,4.002884603751694e-05,0.06730919909513323,0.8506560603005329,-1.5276287211036912,1.1786719389680018,-2.5151448699781668e-08,0.9859461893672071
4382.5600000005215,4.0081385151676494e-05,0.06741203021851384,0.8576335005846376,-1.5295951380981745,1.1786719389680018,-2.5227562317180945e-08,0.9855771317878932
4396.140000000596,4.006891106980091e-05,0.06740621618069052,0.8568041625003113,-1.5290251529791408,1.1786719389680018,-2.517271855596218e-08,0.9852123661150394
4401.120000000112,3.8742132940022146e-05,0.06689754225246465,0.9692548954404576,-1.5628504976192448,1.1617288892779352,-2.437555776196609e-08,0.9848527202873171
4396.360000000335,4.0133081129368635e-05,0.06745434670122373,0.8468968108842359,-1.5258737643191431,1.1786719389680018,-2.516982404684104e-08,0.9844990222433974
4409.239999999292,3.8794733831965824e-05,0.06695769808866892,0.9567912063079991,-1.5593978196498388,1.1617288892779352,-2.4357366132127553e-08,0.9841520999219515
4397.9399999994785,4.0089281568910476e-05,0.06744927012506541,0.8547028739925451,-1.5288592589205787,1.1786719389680018,-2.5181590408711018e-08,0.9838127812616511
4400.0099999997765,4.015671895850539e-05,0.06752662774450874,0.8324421643773627,-1.5229030635895764,1.1786719389680018,-2.518027254852119e-08,0.9834818942011669
4393.450000000186,4.018315771720601e-05,0.06753121238704847,0.8291612994331903,-1.5216028865998636,1.1786719389680018,-2.5198273981617658e-08,0.9831602666791706
4396.929999999702,4.0197933677666426e-05,0.06756472392596541,0.8238922475561159,-1.5206027718964983,1.1786719389680018,-2.5194856483025814e-08,0.9828487266343334
4399.80999999959,4.0178210786266636e-05,0.06756014903309304,0.82716635955979,-1.521901624192989,1.1786719389680018,-2.5189567568503854e-08,0.9825481020053264
4405.859999999404,3.894441865896418e-05,0.06718563582966047,0.9386951752170156,-1.5554203000473916,1.1617288892779352,-2.4434679599964974e-08,0.982259220730821
4402.969999999739,3.894039081386049e-05,0.06714692592990211,0.9406037308141117,-1.55504950628399,1.1617288892779352,-2.4425109203637243e-08,0.9819829107494885
5096.0,5.549127267196439e-05,0.09539122936517873,-0.466348136042122,-1.0581133420465434,3.774698767271185,-2.4015721906507454e-08,0.9812220670138058
4404.320000000298,3.8888081708163535e-05,0.06710251728576926,0.9360831863240118,-1.554766619496495,1.1617288892779352,-2.4411325409271865e-08,0.9809830103872649
4401.9199999999255,3.89637529914992e-05,0.06718508576159056,0.9366312872541052,-1.5544443155302827,1.1617288892779352,-2.443947338530447e-08,0.9807500775608177
4411.089999999851,3.903439821342678e-05,0.06732093443023793,0.9397407339696495,-1.5542114197518198,1.1617288892779352,-2.4463853659762555e-08,0.9805229064512558
4416.110000000335,3.909299059136899e-05,0.06738585983928827,0.9272050851351987,-1.5506508004944892,1.2335996825980602,-2.445567711798897e-08,0.9803011349753714
4413.4000000003725,3.9119148060457465e-05,0.06742480871992064,0.9220316877874923,-1.549872985331938,1.2335996825980602,-2.4474457102917846e-08,0.9800844010499569
4424.410000000149,3.9119160252505164e-05,0.06744725618696266,0.9159020795675286,-1.5483695598058667,1.2335996825980602,-2.4446422543571514e-08,0.9798723425918038
4418.129999999888,3.9022983185957155e-05,0.06732093443023793,0.9397407339696495,-1.5542114197518198,1.1617288892779352,-2.444418905720615e-08,0.9796645975177045
4416.959999999963,3.8992712799081595e-05,0.06729368900357707,0.9500688121594592,-1.5573113383116797,1.1617288892779352,-2.444889144169117e-08,0.9794608037444508
4419.219999999739,3.900143376689514e-05,0.06734584472654846,0.9479810401874031,-1.5573216329239035,1.1617288892779352,-2.4466544958104924e-08,0.9792605991888347
4424.100000000559,3.907328188736841e-05,0.06741416084270141,0.9254860084485279,-1.5512501968692332,1.1617288892779352,-2.4450548546823503e-08,0.9790636217676486
4418.0,3.908299458054775e-05,0.06741416084270141,0.9254860084485279,-1.5512501968692332,1.1617288892779352,-2.4467658820169454e-08,0.978869509397684
4427.709999999963,3.9152754234653534e-05,0.06755362514722218,0.9237595404241836,-1.5507295171244537,1.2335996825980602,-2.4488123786202585e-08,0.9786778999957333
4425.850000000559,3.907042611340508e-05,0.06741416084270141,0.9254860084485279,-1.5512501968692332,1.1617288892779352,-2.4445565321025837e-08,0.9784884314785884
4383.4399999994785,3.841201633135113e-05,0.0653628334759136,1.042245027943805,-1.5825620595397951,1.1786719389680018,-2.472265653805394e-08,0.9783007417630414
4370.9000000003725,3.833728148449514e-05,0.0652452792518085,1.0544051053920533,-1.5860082219584177,1.1786719389680018,-2.4735143547247306e-08,0.9781144687658841
4380.519999999553,3.840528475423635e-05,0.06537023540394885,1.0427285899518903,-1.5829758945647876,1.1786719389680018,-2.4741176881149677e-08,0.9779292504039088
4382.839999999851,3.841314622142056e-05,0.0653628334759136,1.042245027943805,-1.5825620595397951,1.1786719389680018,-2.4724757670549106e-08,0.9777447245939074
4374.570000000298,3.839838601566261e-05,0.06535537661528135,1.0485171453946212,-1.5846567875285507,1.1786719389680018,-2.4761036735484982e-08,0.9775605292526719
4380.209999999963,3.841768477756515e-05,0.0653628334759136,1.042245027943805,-1.5825620595397951,1.1786719389680018,-2.473358797295264e-08,0.9773763022969943
4375.4900000002235,3.82240290262957e-05,0.06515002112451891,1.0567777771878513,-1.5881960675970557,1.1786719389680018,-2.4701501037388866e-08,0.9771916816436668
4378.929999999702,3.8240552198912674e-05,0.06518835956075464,1.0520321119010099,-1.587438854913967,1.1786719389680018,-2.470182171202351e-08,0.9770063052094813
4386.929999999702,3.826898192551837e-05,0.06524544180835688,1.0615868494966243,-1.5887474334423384,1.1786719389680018,-2.469903589969566e-08,0.9768198109112298
4379.160000000149,3.8240030441742165e-05,0.06518835956075464,1.0520321119010099,-1.587438854913967,1.1786719389680018,-2.4700978888660795e-08,0.9766318366657045
4380.290000000037,3.8267230110859436e-05,0.06524826713129148,1.0632200767773634,-1.5895933530756918,1.1786719389680018,-2.4728211791114958e-08,0.9764420203896972
5077.149999999441,5.40160487088051e-05,0.09320718449038091,-0.4026907256376693,-1.0896338660480882,3.705179316542715,-2.4067036795960862e-08,0.9758654505019245
4387.989999999292,3.841215370753612e-05,0.06539759517402353,1.036030522048815,-1.5815041274812403,1.1786719389680018,-2.472147051892168e-08,0.975674595669689
4386.139999998733,3.840744370816402e-05,0.0653628334759136,1.042245027943805,-1.5825620595397951,1.1786719389680018,-2.471362362463562e-08,0.9754846584077145
4382.629999999888,3.840164429409313e-05,0.06537023540394885,1.0427285899518903,-1.5829758945647876,1.1786719389680018,-2.4734086007605693e-08,0.9752956169352955
4384.969999999739,3.842397184434394e-05,0.06542226476722386,1.0459302602375544,-1.5838480151894583,1.1786719389680018,-2.4748871138542294e-08,0.9751074494717267
4382.9199999999255,3.850794338070166e-05,0.06553320540078152,1.0361360786966234,-1.58199436544034,1.1786719389680018,-2.4786763991645694e-08,0.9749201342363024
4388.329999999143,3.8520976190650854e-05,0.06557155086490096,1.0314779124026483,-1.5812530730616992,1.1786719389680018,-2.4780213048026655e-08,0.9747336494483173
4394.640000000596,3.851000388123142e-05,0.06557155086490096,1.0314779124026483,-1.5812530730616992,1.1786719389680018,-2.4758616119743483e-08,0.9745479733270662
4392.220000000671,3.8527394575214305e-05,0.06556897825260755,1.029794945172699,-1.5803890947469073,1.1786719389680018,-2.476019079976529e-08,0.9743630840918431
4395.25,3.8522118960643075e-05,0.06556897825260755,1.029794945172699,-1.5803890947469073,1.1786719389680018,-2.474978991795793e-08,0.9741789599619431
4396.790000000037,3.839293568305835e-05,0.06543382809056697,1.0454840159781336,-1.583792269704662,1.1786719389680018,-2.4718740497653298e-08,0.9739955791566604
4395.759999998845,3.844348352626742e-05,0.06552490466466274,1.0428633210625256,-1.5838237346658326,1.1786719389680018,-2.475631153122703e-08,0.9738129198952896
4398.5600000005215,3.843465639072698e-05,0.06550894765009002,1.0388044876020022,-1.5826071648696425,1.1786719389680018,-2.4736942831626566e-08,0.9736309603971255
4403.639999999665,3.721950798144284e-05,0.06506688123628207,1.1481979121772854,-1.615210279888976,1.1617288892779352,-2.3942544333620316e-08,0.9734496788814623
4397.11999999918,3.833043062390748e-05,0.06534580122221893,1.0546698675575499,-1.5862624244716133,1.1786719389680018,-2.4692268506121135e-08,0.973269053567595
4361.280000000261,3.692595453972992e-05,0.06351984498619874,1.2216908967382665,-1.6329264146669036,1.1786719389680018,-2.4324210125227787e-08,0.9730890626748178
4363.790000000037,3.688224502549547e-05,0.06353148428102011,1.2260532906237298,-1.6351154581774827,1.1786719389680018,-2.433628744518363e-08,0.9729096844224252
4366.510000000708,3.691602660882031e-05,0.06357618510992398,1.2200136489119808,-1.6335781620417111,1.1786719389680018,-2.4337937318852502e-08,0.972730897029712
4372.6899999994785,3.689130768999101e-05,0.06357493788650317,1.2228640238120088,-1.634768330431872,1.1786719389680018,-2.4322335820964286e-08,0.9725526787159727
4376.05999999959,3.754379779461342e-05,0.06436407649795309,1.153661417903173,-1.613868045465253,1.1786719389680018,-2.452074550807755e-08,0.972375007700502
4367.710000000894,3.698397642954443e-05,0.06369166572502472,1.2321478168792703,-1.6356041352037323,1.1786719389680018,-2.43832326528453e-08,0.9721978622025941
4365.860000000335,3.695668236801766e-05,0.06362475218740812,1.2218677148902595,-1.6337092653352825,1.1786719389680018,-2.4356010794297804e-08,0.9720212204415437
4360.1699999999255,3.695155065368352e-05,0.06362352179227844,1.2247115719808734,-1.6348973264723412,1.1786719389680018,-2.4379264455991493e-08,0.9718450606366456
4347.429999999702,3.7014703360727505e-05,0.06362325983411408,1.217246494178612,-1.6319140166638264,1.1786719389680018,-2.440410069539275e-08,0.971669361007194
4374.69000000041,3.712804839394756e-05,0.06388178001732438,1.2091366932332983,-1.6295278971094553,1.1786719389680018,-2.4409164375111598e-08,0.9714940997724837
4376.0800000000745,3.6955599913627565e-05,0.06368973086912692,1.2351455928186938,-1.6366996670868514,1.1786719389680018,-2.4360061736042826e-08,0.9713192551518092
4363.450000001118,3.70451155601393e-05,0.0637409371652714,1.2363852417122363,-1.6357018961194525,1.1786719389680018,-2.4410561397283795e-08,0.9711448053644649
4379.0600000005215,3.7074604177202115e-05,0.0638011430821256,1.216195018617098,-1.630589916403441,1.1786719389680018,-2.4367163486046856e-08,0.9709707286297456
4368.2599999997765,3.70001357991955e-05,0.06370572338431763,1.2268069119707796,-1.6341929416044265,1.1786719389680018,-2.4381732223971132e-08,0.9707970031669456
4374.230000000447,3.705495381662093e-05,0.0638023542202042,1.2227858130881835,-1.6328867681373365,1.1786719389680018,-2.4394946624432507e-08,0.9706236071953598
4374.219999998808,3.707475513823076e-05,0.06382881936725907,1.2155171066965185,-1.631279128985088,1.1786719389680018,-2.4400487587126158e-08,0.9704505189342825
4375.769999999553,3.706821794433515e-05,0.06380994507840528,1.216332367463834,-1.630840724576246,1.1786719389680018,-2.438677976484536e-08,0.9702777166030082
4378.6699999999255,3.6857663939815456e-05,0.06353148428102011,1.2260532906237298,-1.6351154581774827,1.1786719389680018,-2.4287227611628238e-08,0.9701051784208317
4379.640000000596,3.685605569066005e-05,0.06353148428102011,1.2260532906237298,-1.6351154581774827,1.1786719389680018,-2.428398727430863e-08,0.9699328826070474
4245.129999998957,3.254001923186937e-05,0.05670588691655974,1.8621685993907455,-1.7974004353997617,1.1302609003000592,-2.3276139121471556e-08,0.9697608073809498
4241.410000000149,3.2523736166880995e-05,0.05667592678141907,1.8720559813202469,-1.7993718414837239,1.1302609003000592,-2.3279566165986017e-08,0.9695889309618336
4244.779999999329,3.2518647482939636e-05,0.05667592678141907,1.8720559813202469,-1.7993718414837239,1.1302609003000592,-2.3268606239672345e-08,0.9694172315689933
4245.9000000003725,3.256850832632312e-05,0.05671817499009634,1.861203607353696,-1.7971318104323608,1.1302609003000592,-2.3242477469921148e-08,0.9692456874217233
4246.910000000149,3.251966879073562e-05,0.056698080253565465,1.868062849319335,-1.7992576434192389,1.1302609003000592,-2.3270942022541782e-08,0.9690742767393187
4252.539999999106,3.254929041800203e-05,0.056728443298488,1.8526502820154516,-1.795210238966733,1.1302609003000592,-2.3257148140212122e-08,0.9689029777410733
4258.410000000149,3.2519753260078605e-05,0.05670588691655974,1.8621685993907455,-1.7974004353997617,1.1302609003000592,-2.323212197910627e-08,0.9687317686462822
4251.229999998584,3.25512197930501e-05,0.056728443298488,1.8526502820154516,-1.795210238966733,1.1302609003000592,-2.326140879259744e-08,0.9685606276742398
4243.620000001043,3.2689271686010046e-05,0.05695376170645683,1.8477111314491825,-1.7947780672570648,1.1302609003000592,-2.3377447344895787e-08,0.9683895330442405
4255.569999998435,3.274087802453141e-05,0.057057609698657384,1.8510876970296302,-1.7946789344054135,1.1302609003000592,-2.3380065330472607e-08,0.9682184629755791
4254.269999999553,3.274297787028261e-05,0.057057609698657384,1.8510876970296302,-1.7946789344054135,1.1302609003000592,-2.3384479970078095e-08,0.9680473956875499
4244.709999999031,3.284585603696811e-05,0.05710397678712815,1.824704173342953,-1.7878512576672172,1.1302609003000592,-2.3415856251764506e-08,0.9678763093994478
4225.969999998808,3.1453125725468744e-05,0.055331802346854565,2.0463489326518207,-1.8425607310012606,1.0439817755637224,-2.2875331597019497e-08,0.9677051823305671
4220.050000000745,3.1524638466698895e-05,0.05540384123577223,2.0185415874926864,-1.836384003479189,1.0439817755637224,-2.2913562924825166e-08,0.9675339927002023
4206.779999999329,3.149850215120196e-05,0.055339868603769375,2.0297385657250757,-1.8387466532375505,1.0439817755637224,-2.293179418309236e-08,0.9673627187276483
4230.179999999702,3.152754859027872e-05,0.05541060930614874,2.0127251187103017,-1.8345339978974162,1.0439817755637224,-2.2881191030180035e-08,0.9671913386321993
4218.89999999851,3.1526303515345374e-05,0.05540384123577223,2.0185415874926864,-1.836384003479189,1.0439817755637224,-2.2917114856348344e-08,0.9670198306331501
4218.190000001341,3.155209056869711e-05,0.055447530575621386,2.011521966355759,-1.8354079439030484,1.0439817755637224,-2.2935343314168305e-08,0.9668481729497951
4231.120000001043,3.150856309456625e-05,0.05540384123577223,2.0185415874926864,-1.836384003479189,1.0439817755637224,-2.2878992494005454e-08,0.9666763438014288
4197.969999998808,3.141813071836583e-05,0.05426677264690175,2.077571700443773,-1.8486975023374852,1.0604827987794234,-2.3251241457644233e-08,0.966504321407346
4192.75,3.1426374381258606e-05,0.05426677264690175,2.077571700443773,-1.8486975023374852,1.0604827987794234,-2.3271044948259255e-08,0.966332083986841
4197.540000000969,3.141887447639716e-05,0.05426677264690175,2.077571700443773,-1.8486975023374852,1.0604827987794234,-2.325294553919799e-08,0.9661596097592087
4201.010000001639,3.0328945480546823e-05,0.05385675150689345,2.2337682110783916,-1.8869863968240854,1.0439817755637224,-2.2428139196710487e-08,0.9659868769437432
4195.820000000298,3.147882786035667e-05,0.05438053443022559,2.0832277280035116,-1.8503083438801877,1.0604827987794234,-2.3310546260850854e-08,0.9658138637597393
4209.390000000596,3.0343513752507107e-05,0.05390698962709196,2.229948939377726,-1.8867132245362597,1.0439817755637224,-2.2423418268203827e-08,0.9656405484264916
4204.829999998212,3.020827834989649e-05,0.05368793924426593,2.2573711453978715,-1.8915703154592118,1.0439817755637224,-2.2354455023306898e-08,0.9654669091632946
4191.109999999404,3.148635701029761e-05,0.05438053443022559,2.0832277280035116,-1.8503083438801877,1.0604827987794234,-2.332835156961892e-08,0.965292924189443
4179.279999999329,3.0535939798618455e-05,0.053138559763850554,2.252469640144879,-1.8889188464185502,1.0604827987794234,-2.291109902509302e-08,0.9651185717242311
4157.3300000000745,3.056904061818845e-05,0.053138559763850554,2.252469640144879,-1.8889188464185502,1.0604827987794234,-2.2989492318251894e-08,0.9649438299869535
4189.519999999553,3.058836971192927e-05,0.05322053409323743,2.2294385737771645,-1.8837871601771732,1.0604827987794234,-2.290143191098331e-08,0.964768677196905
4179.059999998659,3.060423092622859e-05,0.05322053409323743,2.2294385737771645,-1.8837871601771732,1.0604827987794234,-2.2939698798511064e-08,0.9645930915733798
4180.859999999404,3.060156122417988e-05,0.05322053409323743,2.2294385737771645,-1.8837871601771732,1.0604827987794234,-2.293325350350457e-08,0.9644170513356728
4188.479999998584,3.0589956729384926e-05,0.05322053409323743,2.2294385737771645,-1.8837871601771732,1.0604827987794234,-2.2905277122337916e-08,0.9642405347030782
4179.530000001192,3.068067649948694e-05,0.053349616838668956,2.210849284259684,-1.8808419294388887,1.0604827987794234,-2.2988958436928643e-08,0.964063519894891
4175.2400000002235,3.066452525594943e-05,0.053321669544078396,2.222537703067413,-1.883237123042807,1.0604827987794234,-2.2995823531098333e-08,0.9638859851304055
4182.629999998957,3.0653281119141596e-05,0.053321669544078396,2.222537703067413,-1.883237123042807,1.0604827987794234,-2.296889498772999e-08,0.963707908628916
4187.9000000003725,3.061652887419936e-05,0.05326420284337719,2.220665278711092,-1.8825123266454231,1.0604827987794234,-2.2924022211427366e-08,0.9635292686097177
4178.160000000149,3.063136288374908e-05,0.05326420284337719,2.220665278711092,-1.8825123266454231,1.0604827987794234,-2.2959709393628163e-08,0.9633500432921045
4184.230000000447,3.077616371858163e-05,0.0535154628299594,2.225642075428718,-1.8829070676291508,1.0604827987794234,-2.3045682476502528e-08,0.9631702108953714
4180.4399999994785,3.0656617345052587e-05,0.053321669544078396,2.222537703067413,-1.883237123042807,1.0604827987794234,-2.2976909318884408e-08,0.9629897496388127
4165.510000001639,3.1054399625762716e-05,0.05381940392834784,2.1752752676514495,-1.8718078583937638,1.0604827987794234,-2.322353961748701e-08,0.962808637741723
4189.070000000298,3.0590571500341236e-05,0.05331543858152773,2.2358190568369363,-1.8874481521884219,1.0604827987794234,-2.2951239895629363e-08,0.962626853423397
4180.7400000002235,3.0781510332113844e-05,0.0535154628299594,2.225642075428718,-1.8829070676291508,1.0604827987794234,-2.305860562639616e-08,0.9624443749031292
4153.230000000447,3.0228482955567637e-05,0.052700516197950645,2.313812951513759,-1.903240548065556,1.0604827987794234,-2.2838350857877985e-08,0.9622611804002142
4172.890000000596,3.088129788621584e-05,0.05361317089133289,2.2044599377677496,-1.878788023299279,1.0604827987794234,-2.3119982125358423e-08,0.9620772481339463
4178.300000000745,3.0853170316766886e-05,0.05359788346426933,2.2028212728087944,-1.8778223442827873,1.0604827987794234,-2.3095358171557187e-08,0.9618925563236204
4184.230000000447,3.0744564660194154e-05,0.05344622948618689,2.2069158542680203,-1.8797378648574843,1.0604827987794234,-2.3010441254501525e-08,0.9617070831885308
4151.449999999255,2.962732439211523e-05,0.051934141359607534,2.398938185653755,-1.9243681906147718,1.0604827987794234,-2.2546759390523835e-08,0.961520806947972
4162.38000000082,2.9611396327148385e-05,0.051934141359607534,2.398938185653755,-1.9243681906147718,1.0604827987794234,-2.2509028756967668e-08,0.9613337058212391
4162.699999999255,2.957906239014733e-05,0.051948618025205354,2.400428755556206,-1.9252643654400359,1.0604827987794234,-2.251871691710324e-08,0.9611457580276259
4158.63000000082,2.9583582188642633e-05,0.051941742645144326,2.4033938888634143,-1.9260573366721392,1.0604827987794234,-2.2530123014446604e-08,0.9609569417864277
4131.210000000894,2.8212611916233094e-05,0.05011986739227984,2.6545335075174723,-1.9818348521989124,0.9721971827701485,-2.1903862642868494e-08,0.9607672353169383
4137.860000001267,2.823234514903034e-05,0.050178319893908585,2.655484418906508,-1.9824480638869526,0.9721971827701485,-2.19079682988915e-08,0.9605766168384527
4131.200000001118,2.8273231939209333e-05,0.050249962121824025,2.6774186857722135,-1.9860053004373495,0.9835977640648709,-2.196530499496228e-08,0.9603850645702656
4141.370000001043,2.8316854182637228e-05,0.05027418730513293,2.615184694941121,-1.974122350202337,0.9721971827701485,-2.1929533959161195e-08,0.9601925567316713
4132.120000001043,2.8322052966228745e-05,0.05032766390518074,2.652601034410374,-1.9819270669904194,0.9835977640648709,-2.199174760252159e-08,0.9599990715419644
4136.729999998584,2.8382366905041756e-05,0.05039668773942599,2.630675915644849,-1.9770325718191237,0.9721971827701485,-2.2001475506661074e-08,0.9598045872204394
4125.7400000002235,2.801396925140238e-05,0.04988029968623372,2.714146883147836,-1.9945952691677262,0.9835977640648709,-2.1830358537862883e-08,0.9596090819863908
4127.840000001714,2.808244571256227e-05,0.0499746779733318,2.67760408887702,-1.9877122266447458,0.9835977640648709,-2.185817912599551e-08,0.9594125340591134
4129.870000001043,2.8155338012545742e-05,0.05009159937351013,2.677153044696844,-1.9875331595749475,0.9721971827701485,-2.1901915794918606e-08,0.9592149216579017
4133.089999999851,2.8151040369423762e-05,0.05009159937351013,2.677153044696844,-1.9875331595749475,0.9721971827701485,-2.1891536319002997e-08,0.9590162230020502
4129.1699999999255,2.8156400312740218e-05,0.05009159937351013,2.677153044696844,-1.9875331595749475,0.9721971827701485,-2.1904243770387166e-08,0.9588164163108533
4110.3100000005215,2.7437405902457135e-05,0.049095743467006174,2.8217206989082175,-2.019826926487791,0.9835977640648709,-2.1557709966685827e-08,0.9586154798036057
4108.109999999404,2.7461528945806067e-05,0.0491116994765062,2.810333745231447,-2.017054362434126,0.9835977640648709,-2.1569494011655793e-08,0.9584133916996022
4106.3499999996275,2.744262346693683e-05,0.049095743467006174,2.8217206989082175,-2.019826926487791,0.9835977640648709,-2.156986057650665e-08,0.958210130218137
4114.570000000298,2.743178164014303e-05,0.049095743467006174,2.8217206989082175,-2.019826926487791,0.9835977640648709,-2.1544539075568373e-08,0.9580056735785047
4953.359999999404,5.271579952912452e-05,0.08966000962509849,-0.3137067520982484,-1.1330368040919105,3.618449897745771,-2.4872376721155977e-08,0.9573788808275894
4229.0999999996275,3.369160809391354e-05,0.058232928792665804,1.7495409758143694,-1.7685238568455546,1.1302609003000592,-2.3872006874969357e-08,0.9571620782421236
4220.910000000149,3.37674280246939e-05,0.05830735704724673,1.7338391378533364,-1.7645957391249654,1.1302609003000592,-2.3919999019614098e-08,0.9569412580285137
4237.959999999031,3.383129938458762e-05,0.05844002274065374,1.7211620017592804,-1.7624386119054396,1.1302609003000592,-2.3911636680454196e-08,0.9567165284652817
4231.070000000298,3.3786318790137e-05,0.058397341304709964,1.720219307692524,-1.7627001628194015,1.1302609003000592,-2.39236500832527e-08,0.9564879978309498
4236.460000000894,3.38555729864009e-05,0.058470534311427805,1.711978299655911,-1.7606106267958417,1.1302609003000592,-2.3925199509424704e-08,0.9562557744040404
4244.719999998808,3.37932452736307e-05,0.05838479558223799,1.7183343249206295,-1.7616026602116468,1.1302609003000592,-2.3865238185571563e-08,0.9560199664630754
4241.059999998659,3.372833380274154e-05,0.0583441165911645,1.7361197365803882,-1.7661589049995756,1.1302609003000592,-2.387651592553339e-08,0.9557806822865771
4249.9199999999255,3.3784390416037485e-05,0.05845257469412363,1.7230435750054776,-1.7635338538120922,1.1302609003000592,-2.388570487009039e-08,0.9555380301530674
4220.980000000447,3.234581436969091e-05,0.0565128425599632,1.9396054564869356,-1.8161612326080692,1.0439817755637224,-2.331624338406694e-08,0.9552921183410689
4227.089999999851,3.2320469831485656e-05,0.05651230478370329,1.943009702988423,-1.817476315300079,1.0439817755637224,-2.3300301584312815e-08,0.9550430551291033
4233.110000001267,3.235237194621147e-05,0.05655656301700082,1.9330179576627797,-1.815254625552873,1.0439817755637224,-2.3293747010061122e-08,0.954790948795693
4234.979999998584,3.2293862792650195e-05,0.05651751865955727,1.9443344760843182,-1.8181720457561072,1.0439817755637224,-2.328084448072114e-08,0.9545359076193601
4232.9000000003725,3.2296969135677725e-05,0.05651751865955727,1.9443344760843182,-1.8181720457561072,1.0439817755637224,-2.3287525564915767e-08,0.9542780398786267
4234.970000000671,3.2293877734405724e-05,0.05651751865955727,1.9443344760843182,-1.8181720457561072,1.0439817755637224,-2.3280876660223267e-08,0.9540174538520151
4239.629999998957,3.2286907113451034e-05,0.05651751865955727,1.9443344760843182,-1.8181720457561072,1.0439817755637224,-2.326581934680391e-08,0.9537542578180472
4240.6899999994785,3.2326300532136905e-05,0.05656179150210962,1.9343363121855193,-1.8159486547775257,1.0439817755637224,-2.3275082764384013e-08,0.9534885600552457
4240.479999998584,3.234557020396603e-05,0.056576296966446296,1.9263102209934333,-1.813792562453338,1.0439817755637224,-2.327795392318244e-08,0.9532204688421322
4246.0,3.2359296878996335e-05,0.05660599236912138,1.9162553460888407,-1.8117825348374825,1.0439817755637224,-2.3268669793973336e-08,0.9529500924572288
4220.320000000298,3.1033456006175385e-05,0.05489367004100596,2.1445711116946686,-1.8651200873721228,1.0439817755637224,-2.2762223432820575e-08,0.9526775391790582
4222.800000000745,3.1128712455492176e-05,0.05506310045495514,2.1302305754196365,-1.8626479319499285,1.0439817755637224,-2.282074724973627e-08,0.952402917286142
4224.320000000298,3.105107771587387e-05,0.054929952511132495,2.13441263620304,-1.8633638166935207,1.0439817755637224,-2.2762054092429423e-08,0.9521263350570028
4221.639999998733,3.108108251765646e-05,0.05498016171145907,2.131050643683251,-1.863156470206253,1.0439817755637224,-2.27904252263414e-08,0.9518479007701626
4224.639999998733,3.1097292562440274e-05,0.0550011483639485,2.1209388494067056,-1.8608081691690084,1.0439817755637224,-2.278643817105853e-08,0.9515677227041434
4227.4199999999255,3.102896644666778e-05,0.054924164515995466,2.1400277464681663,-1.8651711273928722,1.0439817755637224,-2.2753017173920207e-08,0.9512859091374674
4231.329999998212,3.099295403473645e-05,0.054850146613382195,2.1522221725096014,-1.8661958005885153,1.0439817755637224,-2.2711825573493195e-08,0.9510025683486569
4207.63000000082,3.007637150623179e-05,0.0536271680224279,2.3019389887901784,-1.9036777297037126,1.0439817755637224,-2.2340276969585643e-08,0.950717808616234
4208.7599999997765,3.0047221567291785e-05,0.05357046198664901,2.299920118949716,-1.902943613105376,1.0439817755637224,-2.231260336449726e-08,0.9504317382187208
4205.3100000005215,3.0104328919952762e-05,0.05366777352782032,2.2852932489346864,-1.899902611570742,1.0439817755637224,-2.2361109058195798e-08,0.9501444654346396
4205.9199999999255,3.01841065257897e-05,0.05374072022750377,2.281383509896524,-1.897907113036815,1.0439817755637224,-2.2384165963720775e-08,0.9498560985425124
4219.910000000149,3.0099020765633642e-05,0.053659820362661224,2.284945499832647,-1.8995755480090428,1.0439817755637224,-2.231135687907599e-08,0.9495667458208613
4208.089999999851,3.0144549722785187e-05,0.053671673349026235,2.283876928758647,-1.8992941370162273,1.0439817755637224,-2.2317163162594856e-08,0.9492765155482086
4215.6899999994785,3.015438736844221e-05,0.05374263310545763,2.284125737703258,-1.899024260218292,1.0439817755637224,-2.2358282541035947e-08,0.9489855160030766
4209.040000000969,3.016358390663613e-05,0.05374263310545763,2.284125737703258,-1.899024260218292,1.0439817755637224,-2.237831965984305e-08,0.948693855463987
4215.879999998957,3.0154127260057194e-05,0.05374263310545763,2.284125737703258,-1.899024260218292,1.0439817755637224,-2.2357607953655543e-08,0.9484016422094622
4216.0800000000745,3.0153738436973306e-05,0.05374263310545763,2.284125737703258,-1.899024260218292,1.0439817755637224,-2.2357031084413556e-08,0.9481089845180246
4192.389999998733,3.129853598506962e-05,0.054216211262653184,2.136215517553861,-1.862568312350377,1.0604827987794234,-2.3278994198702452e-08,0.947815990668196
4216.400000002235,3.02043659701513e-05,0.05383651157772357,2.271926762001816,-1.8975606384178259,1.0439817755637224,-2.2392185793421683e-08,0.9475227689384987
4208.690000001341,3.0128697856843435e-05,0.05373041705311725,2.2949746739972365,-1.9017960286774565,1.0439817755637224,-2.237981889178161e-08,0.947229427607455
4216.5,3.0163180483317475e-05,0.0537941028071736,2.276166567412921,-1.8981702818044768,1.0439817755637224,-2.2377647507972137e-08,0.9469360749535868
4216.3300000000745,3.0178223731126976e-05,0.05378613884172266,2.275821540824497,-1.8978447932859204,1.0439817755637224,-2.237231692253767e-08,0.9466428192554163
4215.88000000082,3.0190218527753192e-05,0.05384447790877456,2.2722723485284755,-1.8978856039558278,1.0439817755637224,-2.239958812685975e-08,0.9463497687914657
4225.230000000447,3.0237230227324457e-05,0.0539008564457134,2.249686929180694,-1.8933856536509228,1.0439817755637224,-2.238600133248043e-08,0.9460570318402572
4225.679999999702,3.0176532641365652e-05,0.05384447790877456,2.2722723485284755,-1.8978856039558278,1.0439817755637224,-2.23694526392235e-08,0.945764716680313
4209.150000002235,2.9708453739670112e-05,0.05319922963565021,2.366870173286034,-1.9196152512511524,1.0439817755637224,-2.218373206124592e-08,0.9454729315901551
4198.9199999999255,3.013301369918759e-05,0.05273835834336377,2.3122760299524945,-1.9045635336546325,1.0604827987794234,-2.2695225447770274e-08,0.9451817848483057
4191.540000000969,3.0080592378480412e-05,0.05268031840112452,2.339709884931045,-1.9108885181945723,1.0604827987794234,-2.270619390134479e-08,0.944891384733287
4183.679999999702,3.015748832527709e-05,0.052746032690265635,2.3092473610562605,-1.9040035825989745,1.0604827987794234,-2.2754693217796287e-08,0.9446018395236214
4167.489999998361,2.887795566842296e-05,0.05108461484394459,2.5265019258820027,-1.9543059903142221,1.0604827987794234,-2.2168027660571206e-08,0.9443132574978305
4160.629999998957,2.88195777450246e-05,0.051005601933233224,2.549821540022781,-1.9591410156511138,1.0604827987794234,-2.2163319471270964e-08,0.9440257469344369
4157.660000000149,2.886926524818206e-05,0.05105830163756889,2.539386359973207,-1.9569698953146155,1.0604827987794234,-2.2193341651808756e-08,0.9437394161119624
4165.070000002161,2.879670634275418e-05,0.05101096444794206,2.551347566647996,-1.9598829446276116,1.0604827987794234,-2.2152160804578865e-08,0.9434543733089296
4168.490000002086,2.8793349876190157e-05,0.05101703187689633,2.5488126513703158,-1.9589200731753287,1.0604827987794234,-2.2142823922370514e-08,0.9431707268038604
4171.579999998212,2.8831282254285173e-05,0.05105668575785028,2.544039557129917,-1.9585820756393149,1.0604827987794234,-2.214623939616678e-08,0.9428885848752769
4166.6500000003725,2.8556987852680213e-05,0.05069568076992826,2.5781148864257393,-1.9666963124741332,1.0604827987794234,-2.2018338856476727e-08,0.9426080558017013
4165.789999999106,2.8589971136264033e-05,0.05076689829355088,2.5994477741596906,-1.970175578838348,0.9721971827701485,-2.2056795979824563e-08,0.9423292478616558
4174.109999999404,2.8525069946273683e-05,0.050672771678587546,2.6165320240985483,-1.9724111108347444,0.9721971827701485,-2.1989898085439788e-08,0.9420522693336625
4170.520000001416,2.8555976169857028e-05,0.05071587195123528,2.605555678614296,-1.9707813854311895,0.9721971827701485,-2.2019226101319728e-08,0.9417772284962438
4149.3100000005215,2.7777557690068722e-05,0.04965497792547724,2.74877799146833,-2.00433924015699,0.9721971827701485,-2.1663491030227255e-08,0.9415042336279216
4151.9399999994785,2.772250574780847e-05,0.04956948655962825,2.769713793532036,-2.007549204287842,0.9835977640648709,-2.1621093515311762e-08,0.9412333930072179
4143.3300000000745,2.781143930553637e-05,0.04969789128998436,2.7369735044972314,-2.002573044274167,0.9721971827701485,-2.170000416834654e-08,0.9409648149126553
4160.9000000003725,2.7857035125508518e-05,0.049780926491011006,2.7186716772798443,-1.9981649372383463,0.9721971827701485,-2.167371603697738e-08,0.9406986076227555
4151.2400000002235,2.772345904176646e-05,0.04956948655962825,2.769713793532036,-2.007549204287842,0.9835977640648709,-2.1623430177794296e-08,0.940434879416041
4144.549999998882,2.780980444476425e-05,0.04969789128998436,2.7369735044972314,-2.002573044274167,0.9721971827701485,-2.1695945919056645e-08,0.9401737385710339
4161.520000001416,2.776086862660479e-05,0.04965497792547724,2.74877799146833,-2.00433924015699,0.9721971827701485,-2.1622410503318546e-08,0.9399152933662561
4162.450000001118,2.7732360268396497e-05,0.049603857064334435,2.755633169148398,-2.005049901580559,0.9835977640648709,-2.1598248381965106e-08,0.9396596520802302
3980.9700000006706,2.2150529159922307e-05,0.04014273314549288,4.084906020579205,-2.273807035763311,0.9251465386504006,-1.923665898224006e-08,0.9394069229914779
3973.75,2.227098995819995e-05,0.04029985172156958,4.061726134886032,-2.2690607959074103,0.9251465386504006,-1.9338842662119833e-08,0.9391572143785215
3977.7000000011176,2.22085695656752e-05,0.040210831570731874,4.067377142733172,-2.270628537092901,0.9251465386504006,-1.9281497907123326e-08,0.9389106345198834
3980.170000001788,2.2238637494314607e-05,0.04028331071239338,4.078970968376305,-2.272910132806217,0.9251465386504006,-1.9307287732953992e-08,0.9386672916940856
3978.579999998212,2.218484335928672e-05,0.040204795855172656,4.07781977623595,-2.2734504612029074,0.9251465386504006,-1.927392794963995e-08,0.9384272941796499
3986.0999999996275,2.2175638269227432e-05,0.040204795855172656,4.07781977623595,-2.2734504612029074,0.9251465386504006,-1.9247099176865236e-08,0.938190750255099
3974.879999998957,2.2189360292161655e-05,0.040204795855172656,4.07781977623595,-2.2734504612029074,0.9251465386504006,-1.928700711121543e-08,0.9379577681989548
3992.5500000026077,2.227403108467556e-05,0.04032753099431663,4.039554950685262,-2.2648807886049394,0.9251465386504006,-1.9284732184624735e-08,0.9377284562897396
3989.1500000003725,2.2194389759100863e-05,0.040210831570731874,4.067377142733172,-2.270628537092901,0.9251465386504006,-1.9240505852254132e-08,0.9375029228059752
3980.1100000012666,2.218297319926549e-05,0.040204795855172656,4.07781977623595,-2.2734504612029074,0.9251465386504006,-1.9268496165909555e-08,0.9372812760261842
3992.280000001192,2.2201164240619622e-05,0.04027730099708474,4.089389463556852,-2.2757245794089616,0.9251465386504006,-1.925929797314002e-08,0.9370636242288884
3986.5999999996275,2.2154055149347815e-05,0.04020807163232595,4.08154024625899,-2.274774051328054,0.9251465386504006,-1.924462401428778e-08,0.9368500756926101
3992.589999999851,2.219028244941785e-05,0.040210831570731874,4.067377142733172,-2.270628537092901,0.9251465386504006,-1.9228091905664635e-08,0.9366407386958716
3993.469999998808,2.219969802669327e-05,0.04027730099708474,4.089389463556852,-2.2757245794089616,0.9251465386504006,-1.925497101961073e-08,0.9364357215171949
3992.0200000014156,2.2248542143383336e-05,0.04029985172156958,4.061726134886032,-2.2690607959074103,0.9251465386504006,-1.927348413193767e-08,0.9362351324351021
3973.379999998957,2.225043245105017e-05,0.04030502601352873,4.067098427289827,-2.271528709137382,0.9251465386504006,-1.93401224242443e-08,0.9360390797281154
4003.460000000894,2.150106239074107e-05,0.04009880364083508,4.233189809797211,-2.3044020688904068,0.9094652062254913,-1.853513054978329e-08,0.9358476716747571
3996.949999999255,2.2141389684846044e-05,0.04020807163232595,4.08154024625899,-2.274774051328054,0.9251465386504006,-1.920719213287768e-08,0.9356610165535492
3996.6199999991804,2.2268996530025167e-05,0.04032753099431663,4.039554950685262,-2.2648807886049394,0.9251465386504006,-1.9269971955195452e-08,0.9354792226430139
3997.400000002235,2.2273165848517044e-05,0.04036099300187703,4.02668540172434,-2.2639953146063636,0.9251465386504006,-1.9280633048181323e-08,0.9353023982216733
4003.910000000149,2.1438678407584992e-05,0.03996720490677827,4.214718018315935,-2.301427718986128,0.9094652062254913,-1.8473048688957006e-08,0.9351306515680495
4003.4199999999255,2.1369940527461443e-05,0.03992496591858873,4.252776954154487,-2.3092754539003955,0.9094652062254913,-1.8450742471310868e-08,0.9349640909606649
4005.9099999982864,2.1343714677910377e-05,0.039908402673483494,4.270409325381896,-2.3131437163241344,0.9094652062254913,-1.843506468265718e-08,0.9348028246780417
4000.009999997914,2.2221170817467067e-05,0.040324869769798724,4.05356873890328,-2.268998095293539,0.9251465386504006,-1.925231627936524e-08,0.9346469609987016
3995.0199999976903,2.1779480205790204e-05,0.03968756025537966,4.204294535506181,-2.2964236135029306,0.9251465386504006,-1.8963232041998107e-08,0.934496608201167
3996.3199999984354,2.180228554464363e-05,0.039703335855426326,4.186979136957569,-2.29254121483519,0.9251465386504006,-1.896729422660639e-08,0.9343518745639601
3994.8499999996275,2.1832040294735736e-05,0.03974237156437671,4.1627554229037855,-2.2886911694712864,0.9251465386504006,-1.899073438115139e-08,0.9342128683656031
3990.3599999975413,2.178519076044681e-05,0.03968756025537966,4.204294535506181,-2.2964236135029306,0.9251465386504006,-1.898002952152505e-08,0.9340796978846182
3995.5400000009686,2.1831202950958094e-05,0.03974237156437671,4.1627554229037855,-2.2886911694712864,0.9251465386504006,-1.8988245787671134e-08,0.9339524713995273
4006.080000001937,2.0935622239341086e-05,0.039292826935055224,4.40672972501737,-2.3368486824633403,0.9094652062254913,-1.8146369558645126e-08,0.9338312971888527
3993.280000001192,2.1781686555079806e-05,0.03968756025537966,4.204294535506181,-2.2964236135029306,0.9251465386504006,-1.89695708162152e-08,0.9337162835311167
3975.9700000006706,2.180251420402295e-05,0.03968756025537966,4.204294535506181,-2.2964236135029306,0.9251465386504006,-1.9030890389710517e-08,0.9336075387048411
4002.8199999984354,2.107987310523728e-05,0.0395311371123287,4.348860419894776,-2.328451873288582,0.9094652062254913,-1.826434046382786e-08,0.9335051709885486
4001.3699999991804,2.0940535814590345e-05,0.039292826935055224,4.40672972501737,-2.3368486824633403,0.9094652062254913,-1.8159434616970107e-08,0.9334092886607608
4891.519999999553,4.96587945547771e-05,0.08488088054482493,-0.13482292869875945,-1.2092348547509573,3.4704700564930846,-2.4982255894016585e-08,0.9331515810609792
4220.9900000002235,3.1808341716371634e-05,0.05592653649336576,2.0301882517206327,-1.8389447218321575,1.0439817755637224,-2.3131599587261792e-08,0.933069942056416
4221.929999999702,3.187123817353688e-05,0.05600405829450717,2.0195508608157287,-1.8361835257653418,1.0439817755637224,-2.315484708688498e-08,0.9329899731996869
4210.459999999031,3.1887974685094355e-05,0.05600405829450717,2.0195508608157287,-1.8361835257653418,1.0439817755637224,-2.319046413502618e-08,0.9329116418691942
4221.529999999329,3.193192280923464e-05,0.05606230960404278,2.0074885067146475,-1.8332563962092947,1.0439817755637224,-2.317261469483031e-08,0.93283491544334
4205.280000001192,3.0940218781635155e-05,0.054810359200493396,2.180870129696009,-1.8741218515602747,1.0439817755637224,-2.279095772008436e-08,0.932759761300526
4203.2599999997765,3.094295081344357e-05,0.054810359200493396,2.180870129696009,-1.8741218515602747,1.0439817755637224,-2.2796970878393074e-08,0.9326861468191547
4210.5800000000745,3.0932609622623535e-05,0.054810359200493396,2.180870129696009,-1.8741218515602747,1.0439817755637224,-2.2774850105692347e-08,0.9326140393776278
4215.789999999106,3.092533832848862e-05,0.054810359200493396,2.180870129696009,-1.8741218515602747,1.0439817755637224,-2.2758992609916205e-08,0.9325434063543477
4190.289999999106,3.207824202327759e-05,0.05521391000690209,2.0269160888007214,-1.836856792183444,1.0604827987794234,-2.3622308120645183e-08,0.9324742151277164
4225.5800000000745,3.103374882334035e-05,0.05501567622070229,2.160633686283318,-1.8706739207153822,1.0439817755637224,-2.2807906174208626e-08,0.932406433076136
4234.320000000298,3.083318365426115e-05,0.05472774727095088,2.1944717677699677,-1.8775352159378935,1.0439817755637224,-2.2672194717951424e-08,0.9323400275780085
4178.210000000894,3.206256360004199e-05,0.05521022944360902,2.0351108707729875,-1.839801710052109,1.0604827987794234,-2.3673475348126606e-08,0.9322749660117359
4209.590000003576,3.108848364801714e-05,0.05504326570404191,2.156783964314128,-1.8704049586226663,1.0439817755637224,-2.283381706663634e-08,0.9322112157557203
4232.570000000298,3.090142272192796e-05,0.054810359200493396,2.180870129696009,-1.8741218515602747,1.0439817755637224,-2.2706677997255338e-08,0.932148744188364
4225.70000000298,3.078396704875165e-05,0.054668750712264784,2.180177638864677,-1.8761114641066041,1.0439817755637224,-2.2675022643326622e-08,0.9320875186880688
4229.689999997616,3.083696319965874e-05,0.05471669780814161,2.178985927429135,-1.875288234819183,1.0439817755637224,-2.2677703458589475e-08,0.9320275066332371
4235.14999999851,3.077051054211912e-05,0.054668750712264784,2.180177638864677,-1.8761114641066041,1.0439817755637224,-2.2645266000172097e-08,0.9319686754022707
4238.900000002235,3.0823002855333204e-05,0.05479276738123269,2.2001400533204754,-1.8798743075362097,1.0439817755637224,-2.269076801037113e-08,0.9319109923735716
4239.829999998212,3.0763823791130095e-05,0.054668750712264784,2.180177638864677,-1.8761114641066041,1.0439817755637224,-2.2630344957801565e-08,0.9318544249255423
4241.329999998212,3.073977301739217e-05,0.054640256322547244,2.1912805434941918,-1.87834680486825,1.0439817755637224,-2.2616859972895354e-08,0.9317989404365843
4248.179999999702,3.0732786252110277e-05,0.0546560018774354,2.188324651154499,-1.8783297817144033,1.0439817755637224,-2.260116432122254e-08,0.9317445062851002
4243.269999999553,3.07369966942564e-05,0.054640256322547244,2.1912805434941918,-1.87834680486825,1.0439817755637224,-2.26106237003273e-08,0.9316910898494919
4197.480000000447,3.201699064330613e-05,0.05521786107426508,2.035677105042347,-1.840224525376582,1.0604827987794234,-2.3606551891497955e-08,0.9316386585081613
4251.369999997318,3.0999340633047254e-05,0.055031314360586614,2.1578007751293473,-1.8706764643235734,1.0439817755637224,-2.2731493186596993e-08,0.9315871796395108
4247.719999998808,3.078007050580409e-05,0.05472527485764919,2.182500733222147,-1.8768820701044735,1.0439817755637224,-2.262908768631499e-08,0.9315366206219422
4255.179999999702,3.0769331057676616e-05,0.05472527485764919,2.182500733222147,-1.8768820701044735,1.0439817755637224,-2.2604694083844143e-08,0.9314869488338577
4255.179999999702,3.0769331057674374e-05,0.05472527485764919,2.182500733222147,-1.8768820701044735,1.0439817755637224,-2.2604694083844014e-08,0.9314381316536594
4179.460000000894,3.198530937424431e-05,0.05514839539778261,2.0344460281783574,-1.8397354160205321,1.0604827987794234,-2.3684459092554797e-08,0.9313901364597493
4261.339999999851,3.103140915892368e-05,0.055100729401249174,2.1520433341001297,-1.869245193418364,1.0439817755637224,-2.2724936664704284e-08,0.9313429306305296
4253.989999998361,3.080141881812992e-05,0.05479276738123269,2.2001400533204754,-1.8798743075362097,1.0439817755637224,-2.2641826151324474e-08,0.9312964815444023
4247.710000000894,3.078079058431655e-05,0.054781263096695315,2.2010337710544583,-1.8800813423253258,1.0439817755637224,-2.269358454657603e-08,0.9312507565797692
4263.550000000745,3.0787499997352354e-05,0.05479276738123269,2.2001400533204754,-1.8798743075362097,1.0439817755637224,-2.261003249838612e-08,0.9312057231150329
4264.550000000745,3.0810851425736885e-05,0.054836423097219436,2.192368804134711,-1.8787797364072543,1.0439817755637224,-2.2622717462243236e-08,0.9311613485285951
4273.379999998957,3.07733152528464e-05,0.05479276738123269,2.2001400533204754,-1.8798743075362097,1.0439817755637224,-2.257698462759532e-08,0.9311176001988581
4234.060000002384,2.9641844043967032e-05,0.053203958547029195,2.3721817774478184,-1.9215557262333725,1.0439817755637224,-2.2114124478220047e-08,0.9310744455042239
4237.009999997914,2.9684428353876318e-05,0.05327087328741091,2.376691029528878,-1.921723676559254,1.0439817755637224,-2.2132910084204976e-08,0.9310318518230944
4237.900000002235,2.9683199717093483e-05,0.05327087328741091,2.376691029528878,-1.921723676559254,1.0439817755637224,-2.2130111733233693e-08,0.930989786533872
4200.0,2.9489580187259315e-05,0.052036404328270926,2.466251165857189,-1.9396205464266738,1.0604827987794234,-2.2441823632975036e-08,0.9309482170149586
4166.479999996722,2.948291360923477e-05,0.051928468988338965,2.4663146729745105,-1.9391441341212028,1.0604827987794234,-2.2516666533180885e-08,0.9309071106447562
4203.539999999106,2.864590313264267e-05,0.05181763333784875,2.5508437053906263,-1.9616392928173292,1.0439817755637224,-2.16826761755647e-08,0.9308664348016672
4212.990000002086,2.8458037082740396e-05,0.05160175911091006,2.602398031802407,-1.9715296639731703,1.0439817755637224,-2.1577818873937656e-08,0.9308261568640931
4205.660000000149,2.8467607339398158e-05,0.05160175911091006,2.602398031802407,-1.9715296639731703,1.0439817755637224,-2.15992207563924e-08,0.9307862442104365
4210.64999999851,2.846109765052996e-05,0.05160175911091006,2.602398031802407,-1.9715296639731703,1.0439817755637224,-2.1584714512862898e-08,0.9307466642190992
4212.109999999404,2.8348108075688837e-05,0.05146412367241856,2.6266420906852908,-1.9775874614700795,1.0439817755637224,-2.152868933697752e-08,0.9307073842684837
4205.539999999106,2.8074284236553723e-05,0.05113644538400799,2.6858728601298942,-1.9906913881541348,1.0439817755637224,-2.1426338374032833e-08,0.9306683717369916
4198.969999998808,2.91664151379249e-05,0.051627338298624974,2.514679872891011,-1.9507996891860926,1.0604827987794234,-2.2285675334622643e-08,0.9306295940030249
4206.710000000894,2.8157695263596155e-05,0.05122633006743305,2.66765953203163,-1.9866609120397185,1.0439817755637224,-2.145550450217175e-08,0.9305910184449863
4001.739999998361,2.1943469670511602e-05,0.040663037004105104,4.1074735163777545,-2.2798790853968325,0.9094652062254913,-1.8809793602002225e-08,0.9305526124412772
4005.010000001639,2.193984903451286e-05,0.040663037004105104,4.1074735163777545,-2.2798790853968325,0.9094652062254913,-1.8800413171324992e-08,0.9305143433703
4013.4799999967217,2.1859647965639764e-05,0.04060852453375238,4.152021963654972,-2.288730326024445,0.9094652062254913,-1.8748375326691883e-08,0.9304761786104568
3982.789999999106,2.281094176295857e-05,0.041050949901371175,3.9285437234058147,-2.243562339701848,0.9251465386504006,-1.9671422445340264e-08,0.9304380855401496
4021.009999997914,2.1921985509872648e-05,0.040663037004105104,4.1074735163777545,-2.2798790853968325,0.9094652062254913,-1.8753602555401938e-08,0.9304000315377807
3988.6800000034273,2.2698927678019833e-05,0.04093457004037356,3.954287825029331,-2.2491797659483765,0.9251465386504006,-1.9592183703023297e-08,0.9303619839817518
4017.320000000298,2.1954647939764505e-05,0.04071372536648048,4.089976267274666,-2.2776747186194197,0.9094652062254913,-1.8786883961091903e-08,0.9303239102504651
4019.650000002235,2.1857679397604067e-05,0.04064094500808063,4.140131878155122,-2.2880340358445097,0.9094652062254913,-1.8742911428367282e-08,0.9302857777223229
4021.719999998808,2.1878962994616693e-05,0.04065812394802907,4.122748834786712,-2.284228289598005,0.9094652062254913,-1.8745554631892612e-08,0.930247553775727
4029.260000001639,2.1846893153815e-05,0.04064094500808063,4.140131878155122,-2.2880340358445097,0.9094652062254913,-1.8714114963205066e-08,0.9302092057890796
4028.5,2.182910916782201e-05,0.040651353241008,4.138707532479419,-2.28777733190471,0.9094652062254913,-1.8718698550598008e-08,0.9301707011407829
3998.099999997765,2.2763699660807645e-05,0.04106871101447246,3.9401659292166613,-2.247219577587865,0.9251465386504006,-1.9572506628392635e-08,0.9301320072092387
4036.280000001192,2.194314547965831e-05,0.04077717701024085,4.088560515529118,-2.2789610563448797,0.9094652062254913,-1.875612497636005e-08,0.9300930913728492
4025.800000000745,2.1805670079695648e-05,0.04055156880897164,4.147921633108625,-2.288676089216705,0.9094652062254913,-1.864174858474492e-08,0.9300539210100166
4036.370000001043,2.1891016815149375e-05,0.04070884695829202,4.105188407643986,-2.2820127432087345,0.9094652062254913,-1.8723715175483357e-08,0.930014463499143
4021.719999998808,2.1860260672461434e-05,0.04066854206372363,4.121326526263093,-2.283972297233421,0.9094652062254913,-1.8747742055221457e-08,0.9299746862186302
4044.849999997765,2.196669481496771e-05,0.04085756824254903,4.123958503931408,-2.2840917886253185,0.9094652062254913,-1.8767865144203534e-08,0.9299345565468804
4047.550000000745,2.1807638901174367e-05,0.040651353241008,4.138707532479419,-2.28777733190471,0.9094652062254913,-1.866030064408742e-08,0.9298940418622957
4036.759999997914,2.1819861837014026e-05,0.040651353241008,4.138707532479419,-2.28777733190471,0.9094652062254913,-1.8693674664915865e-08,0.9298531095432783
4015.0699999965727,2.147817165939537e-05,0.04010668843980306,4.245645523799121,-2.3081175206905913,0.9094652062254913,-1.8461421086117556e-08,0.9298117269682302
4039.969999998808,2.144887909543795e-05,0.04015716076835621,4.240599862629582,-2.3081867484996916,0.9094652062254913,-1.8449197790786742e-08,0.9297698615155533
4038.970000002533,2.1334553299315384e-05,0.03994756289999743,4.2466508409955654,-2.3094252051885253,0.9094652062254913,-1.8355743546246568e-08,0.9297274805636498
4043.970000002533,2.141438390302327e-05,0.04009576225721646,4.2474990868261395,-2.3085186408036824,0.9094652062254913,-1.840975115578242e-08,0.9296845514909221
4032.609999999404,2.1314697888961616e-05,0.039908402673483494,4.270409325381896,-2.3131437163241344,0.9094652062254913,-1.8357349887035804e-08,0.9296410416757718
4038.940000001341,2.1367831563132996e-05,0.04002873532311441,4.28381550481689,-2.314750139675257,0.9094652062254913,-1.839399556650092e-08,0.9295969184966011
4033.660000000149,2.1455760463089564e-05,0.04015716076835621,4.240599862629582,-2.3081867484996916,0.9094652062254913,-1.846812226534843e-08,0.9295521493318122
4050.219999998808,2.147006426244934e-05,0.040168084707090546,4.23875728256289,-2.3077870566743255,0.9094652062254913,-1.8381975356062744e-08,0.929506701559807
4025.64999999851,2.1410966491124288e-05,0.040079313063676805,4.264978325259238,-2.312361873964713,0.9094652062254913,-1.8456045386369683e-08,0.9294605425589879
4016.5,2.1528376731188127e-05,0.04023480011798569,4.241884740745538,-2.3076647631080927,0.9094652062254913,-1.8556607710934118e-08,0.9294136397077567
4055.730000000447,2.1536973768915354e-05,0.04030194543740399,4.196089450375291,-2.2998580431397517,0.9094652062254913,-1.8468398877520666e-08,0.9293659603845155
4021.719999998808,2.1415264742003274e-05,0.040079313063676805,4.264978325259238,-2.312361873964713,0.9094652062254913,-1.8467625885971578e-08,0.9293174719676665
3993.019999999553,2.245621935939268e-05,0.040655137976674464,4.048998142936224,-2.2692075724049663,0.9251465386504006,-1.9342656780198914e-08,0.9292681418356115
4052.440000001341,2.1676305616459928e-05,0.04050852708443652,4.186653885579579,-2.2973883509943915,0.9094652062254913,-1.8576172195417193e-08,0.9292179373667528
4037.559999998659,2.1515615538402434e-05,0.040239678270546246,4.250518265977386,-2.310052220743554,0.9094652062254913,-1.845381725859543e-08,0.9291668259394927
4035.870000001043,2.1531063130658647e-05,0.04024089050074167,4.249700440059999,-2.309758570666554,0.9094652062254913,-1.8421972307436583e-08,0.9291147749322329
4051.320000000298,2.1436212737702308e-05,0.04015716076835621,4.240599862629582,-2.3081867484996916,0.9094652062254913,-1.8414325846836353e-08,0.9290617517233757
4049.329999998212,2.1250842840179107e-05,0.039884385762379286,4.296605733306985,-2.3185785744540577,0.9094652062254913,-1.829258378540756e-08,0.9290077236913229
3888.60000000149,1.8980363263224166e-05,0.034957850077647526,5.057650101416396,-2.456607260972275,0.8287124922704872,-1.7374370438345512e-08,0.9289526582144769
3955.609999999404,1.8232871825007618e-05,0.03472278720407553,5.257498962814736,-2.4907679080414873,0.8325543072260392,-1.6597610913944443e-08,0.9288965226712398
3950.419999998063,1.8013563054312066e-05,0.03435868903487336,5.359006668758807,-2.508557117042287,0.8325543072260392,-1.638360056313319e-08,0.9288392844400132
3945.1599999964237,1.7984629074929236e-05,0.03434807482090437,5.361500236693782,-2.5090572779996347,0.8325543072260392,-1.6437414367171643e-08,0.9287809108991998
3952.119999997318,1.7953387721529357e-05,0.03433903772960342,5.37828532356305,-2.5129791649788973,0.8325543072260392,-1.6408321872721637e-08,0.9287213694272012
3956.440000001341,1.7973595066922765e-05,0.03434807482090437,5.361500236693782,-2.5090572779996347,0.8325543072260392,-1.6404269241823958e-08,0.9286606274024196
3961.859999999404,1.794382043555624e-05,0.03433903772960342,5.37828532356305,-2.5129791649788973,0.8325543072260392,-1.637934851940356e-08,0.9285986522032573
3965.469999998808,1.794026295652476e-05,0.03433903772960342,5.37828532356305,-2.5129791649788973,0.8325543072260392,-1.63684882868466e-08,0.9285354112081161
3957.570000000298,1.7921848930283418e-05,0.034317598415035025,5.405612938092737,-2.5182439303884285,0.8325543072260392,-1.6378862935922768e-08,0.9284708717953983
3920.730000000447,1.6449509721781145e-05,0.032097127749318936,5.939908623282012,-2.6097026836565695,0.8325543072260392,-1.533752516516444e-08,0.9284050013435059
3908.959999997169,1.6526586923830586e-05,0.03218424474422386,5.945375598694252,-2.6112000992707203,0.8325543072260392,-1.5366428325461717e-08,0.9283377672308408
3922.040000002831,1.6481528956501132e-05,0.03217391762918778,5.948161450097199,-2.6117422020994097,0.8325543072260392,-1.5369010335364782e-08,0.9282691368358053
3928.730000000447,1.6475600771277514e-05,0.03217391762918778,5.948161450097199,-2.6117422020994097,0.8325543072260392,-1.5351291014272032e-08,0.9281990775368013
3935.349999997765,1.6469757587763008e-05,0.03217391762918778,5.948161450097199,-2.6117422020994097,0.8325543072260392,-1.5333632600256395e-08,0.9281275567122311
3937.170000001788,1.6434915132585524e-05,0.032097127749318936,5.939908623282012,-2.6097026836565695,0.8325543072260392,-1.529385303720421e-08,0.9280545417404966
4812.480000000447,4.738039247275636e-05,0.08086463265606539,0.024733543928233015,-1.2721930674760076,3.3528705260885987,-2.519437012408786e-08,0.9278253417240995
4228.550000000745,3.1403491344717995e-05,0.05547444319486351,2.1065160799264397,-1.8581044310914674,1.0439817755637224,-2.2895820078898264e-08,0.9277450285475497
4268.199999999255,3.137579159751466e-05,0.05557001849561102,2.0856142422352555,-1.853666742386824,1.0439817755637224,-2.2868132776938035e-08,0.9276627577187868
4258.39999999851,3.1264582050790016e-05,0.05542789060646695,2.1201383602209045,-1.8613286936818314,1.0439817755637224,-2.2857053930915558e-08,0.9275785530179511
4270.839999999851,3.1246278719761225e-05,0.05542789060646695,2.1201383602209045,-1.8613286936818314,1.0439817755637224,-2.2815105673368584e-08,0.9274924382251828
4275.369999997318,3.1239587226870195e-05,0.05542789060646695,2.1201383602209045,-1.8613286936818314,1.0439817755637224,-2.2799614389987765e-08,0.9274044371206218
4273.300000000745,3.124264667279374e-05,0.05542789060646695,2.1201383602209045,-1.8613286936818314,1.0439817755637224,-2.2806707478099558e-08,0.9273145734844084
4281.460000000894,3.1230450104034615e-05,0.05542789060646695,2.1201383602209045,-1.8613286936818314,1.0439817755637224,-2.2778552539169268e-08,0.9272228710966828
4277.960000000894,3.12357550946935e-05,0.05542789060646695,2.1201383602209045,-1.8613286936818314,1.0439817755637224,-2.2790705609517945e-08,0.9271293537375846
4258.480000000447,3.0091703704248593e-05,0.05389852261386885,2.3092310343073734,-1.9064928286653395,1.0439817755637224,-2.230248600701651e-08,0.9270340451872546
4256.109999999404,3.0025144171874256e-05,0.05379270268892699,2.3299372118900843,-1.9102476819807015,1.0439817755637224,-2.2272092448549694e-08,0.9269369692258326
4263.339999999851,3.0033994323738104e-05,0.053804673751892414,2.321730438184753,-1.9080055741410211,1.0439817755637224,-2.2250583239273842e-08,0.9268381496334586
4222.410000000149,3.007226546007776e-05,0.05379270268892699,2.3299372118900843,-1.9102476819807015,1.0439817755637224,-2.2379117393687714e-08,0.9267376101902729
4235.770000003278,2.886557111900121e-05,0.05222416716773606,2.5069496001153233,-1.9525203595854157,1.0439817755637224,-2.1745373060383778e-08,0.9266353746764157
4232.089999999851,3.0133536874932204e-05,0.05386687843161311,2.3166115272127294,-1.90742066600583,1.0439817755637224,-2.2340590424580982e-08,0.9265314668720268
4234.779999997467,2.8820233041021005e-05,0.05215382192753522,2.5289728203209645,-1.9564206578855958,1.0439817755637224,-2.1723647439397587e-08,0.9264259105572465
4238.839999999851,2.8770931713326788e-05,0.05209985939364148,2.5521218551523885,-1.9611164281485836,1.0439817755637224,-2.1693493893635346e-08,0.9263187295122152
4161.45000000298,2.557230933488973e-05,0.04473916131757072,2.7387007204501215,-2.0302300031753253,2.4378620758813487,-2.094418619860617e-08,0.9262099475170725
4249.059999998659,3.0238481715972322e-05,0.05398901207604336,2.260097050161458,-1.8945425814446948,1.0439817755637224,-2.2352095923309764e-08,0.9260995883519587
4264.039999999106,3.0114766785170552e-05,0.05388783276477707,2.306466505963476,-1.905165273291,1.0439817755637224,-2.2275162469915947e-08,0.9259876757970142
4228.919999998063,2.878425753616933e-05,0.05209985939364148,2.5521218551523885,-1.9611164281485836,1.0439817755637224,-2.1724191722062683e-08,0.9258742336323789
4234.04999999702,2.8761152282571916e-05,0.052103871496724206,2.5541103050817355,-1.9619924248525857,1.0439817755637224,-2.171172654941117e-08,0.9257592856381929
4231.519999999553,2.8780469748393337e-05,0.05209985939364148,2.5521218551523885,-1.9611164281485836,1.0439817755637224,-2.1716023842629873e-08,0.9256428555945962
4232.210000000894,2.8763598228956727e-05,0.052103871496724206,2.5541103050817355,-1.9619924248525857,1.0439817755637224,-2.171737290138997e-08,0.9255249672817292
4235.370000001043,2.8759386856817126e-05,0.052103871496724206,2.5541103050817355,-1.9619924248525857,1.0439817755637224,-2.170764429976988e-08,0.925405644479732
4040.570000000298,2.218862302601738e-05,0.04105869569836144,4.038105164414451,-2.2671083827612994,0.9094652062254913,-1.888031118340586e-08,0.9252849109687444
4031.690000001341,2.2149960725710684e-05,0.04100955952123163,4.059841238174465,-2.2708095730262388,0.9094652062254913,-1.8884116580719174e-08,0.9251627905289067
4037.640000000596,2.2144825314749122e-05,0.041017885110701494,4.05410558001545,-2.269126516240446,0.9094652062254913,-1.8869274955282904e-08,0.9250393069403592
4048.259999997914,2.2112398117744556e-05,0.04101944950990007,4.058805206750652,-2.270687439705529,0.9094652062254913,-1.8835082575838696e-08,0.9249144839832418
4048.969999998808,2.1982413189105744e-05,0.04085548594384023,4.119587569212422,-2.2826190180156187,0.9094652062254913,-1.8756287899133026e-08,0.9247883454376946
4044.339999999851,2.2044558809677643e-05,0.040955033271752636,4.109471812715738,-2.2808470832588226,0.9094652062254913,-1.8816259655131728e-08,0.924660915083858
4051.449999999255,2.2063263396618588e-05,0.040994581948459036,4.087080285312791,-2.27734740282353,0.9094652062254913,-1.881143268030715e-08,0.9245322167018718
3994.370000001043,2.2989679005843694e-05,0.04137695541028116,3.915905047004113,-2.241794330060186,0.9251465386504006,-1.9737039484549885e-08,0.9244022740718763
4063.619999997318,2.2361050261267843e-05,0.04140803588121603,4.001839387044957,-2.261040766542475,0.9094652062254913,-1.8966474510510273e-08,0.9242711109740114
4056.969999998808,2.2085370878856665e-05,0.04104537021145736,4.069906086665326,-2.2751854474739064,0.9094652062254913,-1.8816115692527422e-08,0.9241387511884175
4068.3600000031292,2.218096429277623e-05,0.041211671384503386,4.071107853466277,-2.273453802112604,0.9094652062254913,-1.8858156175568168e-08,0.9240052184952346
4068.980000000447,2.202281039283358e-05,0.04099669967737288,4.0914042585625605,-2.2788096052538975,0.9094652062254913,-1.8754004041155112e-08,0.9238705366746028
4043.079999998212,2.210450824724477e-05,0.04106497500173538,4.056982738905248,-2.2728733643187367,0.9094652062254913,-1.8867398098894178e-08,0.9237347295066622
4072.529999997467,2.2232990145437913e-05,0.041311316304615354,4.061239203717769,-2.271728038251505,0.9094652062254913,-1.8889939811703398e-08,0.9235978207715531
4072.059999998659,2.170770430654985e-05,0.040586438636094284,4.187771930936072,-2.296836107457229,0.9094652062254913,-1.85510506919352e-08,0.9234598342494152
4068.140000000596,2.1658590658891357e-05,0.04050852708443652,4.186653885579579,-2.2973883509943915,0.9094652062254913,-1.8526409032820195e-08,0.9233207937203892
4072.460000000894,2.1653692916388493e-05,0.04050852708443652,4.186653885579579,-2.2973883509943915,0.9094652062254913,-1.851248646783231e-08,0.9231807229646147
4069.199999999255,2.1657389827234244e-05,0.04050852708443652,4.186653885579579,-2.2973883509943915,0.9094652062254913,-1.8523002012975192e-08,0.9230396457622322
4037.059999998659,2.1725890245671397e-05,0.040519485282671026,4.184834742244379,-2.2969926432131524,0.9094652062254913,-1.858836755867579e-08,0.9228975858933817
4054.859999999404,2.1779094458841833e-05,0.040653945955084606,4.142741025553474,-2.289162922134855,0.9094652062254913,-1.8636258925278537e-08,0.922754567138203
4061.75,2.1746195365021024e-05,0.04062591730403675,4.164820182361752,-2.293252336949953,0.9094652062254913,-1.860155714043006e-08,0.9226106132768366
4062.25,2.1803502874693924e-05,0.04066492208896693,4.140942705616453,-2.288771000667858,0.9094652062254913,-1.857662719749607e-08,0.9224657480894226
4044.310000002384,2.176912941164327e-05,0.04064752457844647,4.153270585692403,-2.2919622919350924,0.9094652062254913,-1.86644155282255e-08,0.9223199953561009
4087.6399999968708,2.1770189765820892e-05,0.040704716971621896,4.125102762549151,-2.286936080104496,0.9094652062254913,-1.8552267648333565e-08,0.9221733788570118
4086.669999998063,2.1625266196026407e-05,0.040566409326207024,4.219377832212857,-2.304736043484661,0.9094652062254913,-1.8488230756678113e-08,0.9220259223722955
3982.870000001043,1.8299689041496032e-05,0.034909796654220546,5.22150354851377,-2.487549015409677,0.8325543072260392,-1.6600607273270965e-08,0.921877649682092
3986.030000001192,1.8179637856559363e-05,0.03472696639676366,5.276793079598523,-2.4959548177994586,0.8325543072260392,-1.6500427459066e-08,0.9217285845665412
3977.550000000745,1.8247500848200732e-05,0.03482499803022075,5.227691815633957,-2.4892363633780636,0.8325543072260392,-1.6573891016124068e-08,0.9215787508057836
3979.800000000745,1.82783872306842e-05,0.03490039834841505,5.238137987804336,-2.491444317477766,0.8325543072260392,-1.6601531268760614e-08,0.921428172179959
3982.300000000745,1.821128919793696e-05,0.0347623640050488,5.243913201145659,-2.4906699825383884,0.8325543072260392,-1.6530266542180133e-08,0.9212768724692079
3952.940000001341,1.674570767138749e-05,0.03261361005739187,5.810540737244107,-2.590825531353198,0.8325543072260392,-1.5510610046600408e-08,0.9211248754536698
3959.489999998361,1.6709988068901083e-05,0.03256569345559685,5.847345143065063,-2.595736632363908,0.8325543072260392,-1.5468698816670208e-08,0.9209722049134854
3957.829999998212,1.664689783919953e-05,0.03242644584662193,5.861377586884153,-2.595830651839825,0.8325543072260392,-1.540977337973984e-08,0.9208188846287947
3950.660000000149,1.6686624048847336e-05,0.0325030767774376,5.869870133825035,-2.5978912261059794,0.8325543072260392,-1.5464657559983947e-08,0.9206649383797377
3959.919999998063,1.6739275458122553e-05,0.03261361005739187,5.810540737244107,-2.590825531353198,0.8325543072260392,-1.5490856202345772e-08,0.9205103899464546
3965.660000000149,1.6672875983596813e-05,0.0325030767774376,5.869870133825035,-2.5978912261059794,0.8325543072260392,-1.5422133535208885e-08,0.9203552631090856
3949.5,1.6257937778724497e-05,0.03190905521757187,6.002889468211336,-2.623272884623806,0.8325543072260392,-1.5151141474574068e-08,0.9201995816477705
3953.0,1.6251331390635877e-05,0.03187926920238375,5.988421210065015,-2.619375307640868,0.8325543072260392,-1.5130801253310607e-08,0.9200433693426495
3949.989999998361,1.622605670559442e-05,0.03184641113907544,6.027157411108902,-2.6256278943518137,0.8325543072260392,-1.5120855902157703e-08,0.9198866499738632
3937.009999997914,1.5776030541905457e-05,0.031196564069719306,6.187034913487324,-2.653422070814788,0.8325543072260392,-1.4809598514856807e-08,0.9197294473215512
3941.559999998659,1.5772106087732126e-05,0.031196564069719306,6.187034913487324,-2.653422070814788,0.8325543072260392,-1.4797569125379184e-08,0.9195717851658538
3953.140000000596,1.5728973504652727e-05,0.031119302299533688,6.179592358676061,-2.651453157041123,0.8325543072260392,-1.4731951089215592e-08,0.9194136872869109
3940.60000000149,1.568381521562801e-05,0.031055241888938722,6.2500490368115305,-2.6627045747552263,0.8325543072260392,-1.4728528651907317e-08,0.9192551774648631
3949.310000002384,1.5765464766587895e-05,0.031196564069719306,6.187034913487324,-2.653422070814788,0.8325543072260392,-1.477700590155974e-08,0.9190962794798501
3951.050000000745,1.5730713523953192e-05,0.031119302299533688,6.179592358676061,-2.651453157041123,0.8325543072260392,-1.4737507628722974e-08,0.918937017112012
3952.820000000298,1.5762437979797777e-05,0.031196564069719306,6.187034913487324,-2.653422070814788,0.8325543072260392,-1.4767577591055492e-08,0.9187774141414893
3950.710000000894,1.5764234747894416e-05,0.031196564069719306,6.187034913487324,-2.653422070814788,0.8325543072260392,-1.4773198680501771e-08,0.918617494348422
3954.960000000894,1.5760590050875264e-05,0.031196564069719306,6.187034913487324,-2.653422070814788,0.8325543072260392,-1.4761801550445993e-08,0.9184572815129499
3888.030000001192,1.6617977857366644e-05,0.0316584233535211,5.98949654882,-2.615370239430919,0.847584679824574,-1.554127195721667e-08,0.9182967994152134
3956.609999999404,1.6021105691726507e-05,0.031583262007341684,6.081622293176887,-2.637068951642006,0.8325543072260392,-1.4958896894900495e-08,0.9181360718353525
3949.780000001192,1.5796439010422432e-05,0.031259223029215695,6.1609148054328084,-2.650855174423834,0.8325543072260392,-1.4804648786492764e-08,0.9179751225535075
3933.029999997467,1.584827140517442e-05,0.03129817262646652,6.24620705505075,-2.6608337809290963,0.8325543072260392,-1.4823436913875179e-08,0.9178139753498182
3959.570000000298,1.59277086654137e-05,0.031425909770093345,6.1277799026011905,-2.643172790621812,0.8325543072260392,-1.4873836154928987e-08,0.9176526540044251
3950.619999997318,1.579927672742309e-05,0.03128800128468172,6.249120688567011,-2.6613877762770715,0.8325543072260392,-1.4814432308152396e-08,0.9174911822974681
3961.489999998361,1.575493941527506e-05,0.031196564069719306,6.187034913487324,-2.653422070814788,0.8325543072260392,-1.474404688371828e-08,0.9173295840090874
3961.119999997318,1.5755216972519504e-05,0.031196564069719306,6.187034913487324,-2.653422070814788,0.8325543072260392,-1.4744984719539216e-08,0.9171678829194229
3962.420000001788,1.57541332023491e-05,0.031196564069719306,6.187034913487324,-2.653422070814788,0.8325543072260392,-1.4741502401857104e-08,0.9170061028086149
3963.070000000298,1.5753549411019846e-05,0.031196564069719306,6.187034913487324,-2.653422070814788,0.8325543072260392,-1.4739668838029432e-08,0.9168442674568037
3972.050000000745,1.571959261546018e-05,0.031179496076905427,6.215697563051485,-2.6590709047237784,0.8325543072260392,-1.4701636602404664e-08,0.9166824006441292
3923.949999999255,1.4552099848759549e-05,0.029341284491476532,6.753988154256838,-2.7452792357034457,0.7205446862784923,-1.3869952397718753e-08,0.9165205261507313
3926.210000000894,1.434222251672054e-05,0.029017656525706988,6.845984743286861,-2.7605632618119094,0.7205446862784923,-1.3695550178724175e-08,0.9163586677567507
3920.910000000149,1.4346326376541085e-05,0.029017656525706988,6.845984743286861,-2.7605632618119094,0.7205446862784923,-1.370817630318479e-08,0.916196849242327
3927.14999999851,1.4341493531614792e-05,0.029017656525706988,6.845984743286861,-2.7605632618119094,0.7205446862784923,-1.36932982644212e-08,0.9160350943876004
3796.580000001937,1.5721883040538376e-05,0.029738877075582384,6.3274826215771185,-2.6730954708321497,0.6769759597680174,-1.5415599217082297e-08,0.9158734269727113
3889.420000001788,1.362855799828857e-05,0.02729373695416368,7.246295054544234,-2.821237914312279,0.7338054550605168,-1.3320653063455171e-08,0.9157118707777997
3891.609999999404,1.31857150837332e-05,0.026592063111252232,7.427507676978511,-2.847825205092883,0.7338054550605168,-1.2937831157776482e-08,0.9155504495830056
3879.89999999851,1.3138410171213472e-05,0.026557038277098672,7.503022411874994,-2.8615873529582165,0.7338054550605168,-1.2936471688088573e-08,0.9153891871684691
3861.669999998063,1.3187060302236214e-05,0.02663769259276542,7.5007304086641575,-2.8627034345167113,0.7338054550605168,-1.3020834792413263e-08,0.9152281073143305
3882.029999997467,1.3260728410265224e-05,0.026734580986296087,7.378306486396287,-2.843949551137687,0.7338054550605168,-1.3030985123280376e-08,0.9150672338007299
3876.869999997318,1.3140754202267313e-05,0.026557038277098672,7.503022411874994,-2.8615873529582165,0.7338054550605168,-1.2944466486429569e-08,0.9149065904078071
3839.660000000149,1.3239501305351949e-05,0.02664764145045107,7.496849995480263,-2.8620021650140535,0.7338054550605168,-1.30356238137143e-08,0.9147462009157025
3891.39999999851,1.3284409589976262e-05,0.0267782441353865,7.319472100529023,-2.8358715227620164,0.7338054550605168,-1.3030396235959757e-08,0.9145860891045564
3879.699999999255,1.3138563859042621e-05,0.026557038277098672,7.503022411874994,-2.8615873529582165,0.7338054550605168,-1.2936998673420334e-08,0.9144262787545085
3843.800000000745,1.3200697219140736e-05,0.02663769259276542,7.5007304086641575,-2.8627034345167113,0.7338054550605168,-1.3066030676209719e-08,0.9142667936456991
3886.539999999106,1.3350109470584847e-05,0.02687101192830829,7.398285375130456,-2.8447389313034916,0.7338054550605168,-1.3095794777749266e-08,0.9141076575582685
3884.410000000149,1.3134940584632208e-05,0.026557038277098672,7.503022411874994,-2.8615873529582165,0.7338054550605168,-1.2924542791302313e-08,0.9139488942723567
3872.870000001043,1.3178515174146083e-05,0.02663769259276542,7.5007304086641575,-2.8627034345167113,0.7338054550605168,-1.2991913032842993e-08,0.9137905275681036
3878.060000002384,1.3294803762383895e-05,0.0267782441353865,7.319472100529023,-2.8358715227620164,0.7338054550605168,-1.3066130094840626e-08,0.9136325812256495
3889.030000001192,1.3255284583794289e-05,0.026734580986296087,7.378306486396287,-2.843949551137687,0.7338054550605168,-1.3012241092962961e-08,0.9134750790251347
3848.179999999702,1.3189826263340995e-05,0.026566365857448343,7.476234317044959,-2.8560071539374277,0.7338054550605168,-1.303150852529611e-08,0.913318044746699
3901.710000000894,1.4569520245002957e-05,0.029341284491476532,6.753988154256838,-2.7452792357034457,0.7205446862784923,-1.3922555324510778e-08,0.9131615021704825
3867.390000000596,1.3520155486163086e-05,0.02709355822766551,7.218610853645817,-2.819513538871669,0.7338054550605168,-1.3271636287741065e-08,0.9130054750766258
3878.129999998957,1.3391465874730653e-05,0.02695151154126567,7.396790158248965,-2.845928120044657,0.7338054550605168,-1.3155312530828584e-08,0.9128499872452686
3890.120000001043,1.3347358913916324e-05,0.02687101192830829,7.398285375130456,-2.8447389313034916,0.7338054550605168,-1.3086152115217558e-08,0.912695062456551
3886.070000000298,1.3325182665457339e-05,0.026876247734899616,7.401759766495779,-2.8458876146402003,0.7338054550605168,-1.3088393835416756e-08,0.9125407244906133
3895.85000000149,1.3249963215988024e-05,0.026734580986296087,7.378306486396287,-2.843949551137687,0.7338054550605168,-1.2993777062995834e-08,0.9123869971275955
3895.75,1.3280966895717105e-05,0.0267782441353865,7.319472100529023,-2.8358715227620164,0.7338054550605168,-1.3018516187930352e-08,0.9122339041476379
3894.60000000149,1.322367492271514e-05,0.026725384072940048,7.404539665778678,-2.849451365511169,0.7338054550605168,-1.298354679229637e-08,0.9120814693308804
3898.6599999964237,1.3278724922505898e-05,0.0267782441353865,7.319472100529023,-2.8358715227620164,0.7338054550605168,-1.3010627873088311e-08,0.9119297164574631
3886.460000000894,1.3168123043582701e-05,0.02663769259276542,7.5007304086641575,-2.8627034345167113,0.7338054550605168,-1.295605061456843e-08,0.9117786693075264
3894.839999999851,1.3161593724809871e-05,0.02663769259276542,7.5007304086641575,-2.8627034345167113,0.7338054550605168,-1.2933481903925095e-08,0.9116283516612103
3890.309999998659,1.3130390323844185e-05,0.026557038277098672,7.503022411874994,-2.8615873529582165,0.7338054550605168,-1.2908806402624688e-08,0.9114787872986546
4819.5,4.264327939578282e-05,0.0749225126505903,0.35184046846180594,-1.3904564668751613,3.1569352620959306,-2.4152713335797503e-08,0.9110305863214805
4063.710000000894,2.2724595271141347e-05,0.041893295403533475,3.893236990206354,-2.2405051968342447,0.9094652062254913,-1.919137153819572e-08,0.9108789567090431
4061.4499999955297,2.2727262403411707e-05,0.041893295403533475,3.893236990206354,-2.2405051968342447,0.9094652062254913,-1.9198731194661676e-08,0.910726090781799
4066.289999999106,2.272158027961032e-05,0.041893295403533475,3.893236990206354,-2.2405051968342447,0.9094652062254913,-1.918297770976723e-08,0.9105720226902317
4061.0399999953806,2.2653892777345485e-05,0.04181606202134886,3.9462644758424945,-2.2505408060458345,0.9094652062254913,-1.916485309022314e-08,0.9104167865848252
4067.079999998212,2.2720643765560983e-05,0.041893295403533475,3.893236990206354,-2.2405051968342447,0.9094652062254913,-1.918037784680796e-08,0.9102604166160628
4067.0,2.2598147580528716e-05,0.04176422956406769,3.950603028426701,-2.2506465594513507,0.9094652062254913,-1.9120334689169858e-08,0.9101029469344286
4079.559999998659,2.2638479682388085e-05,0.041854540436712655,3.924623851545344,-2.246674404673215,0.9094652062254913,-1.9118690025598038e-08,0.9099444116904062
4080.2000000029802,2.2562221770437712e-05,0.04176543230539126,3.9554362718325464,-2.252243256622574,0.9094652062254913,-1.9075188818185888e-08,0.9097848450344792
4088.269999999553,2.257296372672354e-05,0.04176422956406769,3.950603028426701,-2.2506465594513507,0.9094652062254913,-1.9049258417767456e-08,0.9096242811171313
4094.0,2.2575594863461017e-05,0.041826670717082765,3.9504379919660098,-2.2521373342548925,0.9094652062254913,-1.905513121937086e-08,0.9094627540888465
4089.0499999970198,2.2614838339267717e-05,0.041837783356005194,3.94871448965724,-2.2517541926917377,0.9094652062254913,-1.9035033572946498e-08,0.9093002981001082
4078.209999997169,2.212900398188812e-05,0.04121482768259406,4.080603024159894,-2.276061094533321,0.9094652062254913,-1.882298754143525e-08,0.9091369473014003
4090.3199999965727,2.200788809689085e-05,0.04105793193380068,4.072826250738295,-2.2763929850576736,0.9094652062254913,-1.8707665412893304e-08,0.9089727358432061
4095.119999997318,2.2025715212668075e-05,0.04107541716733243,4.055596619608416,-2.272622978505954,0.9094652062254913,-1.870013137744111e-08,0.90880769787601
4090.560000002384,2.2061115229223005e-05,0.04113677929684748,4.050043701512061,-2.272451481214313,0.9094652062254913,-1.874263596123848e-08,0.9086418675502952
4102.710000000894,2.1254403860115682e-05,0.040816975275654324,4.280365392493129,-2.316929201398798,0.894353416234965,-1.7980035951598116e-08,0.9084752790165455
4106.339999999851,2.113992558529638e-05,0.040609135457597645,4.2855997575924505,-2.3179809979043235,0.894353416234965,-1.7878798045161642e-08,0.9083079664252445
4096.120000001043,2.2031116280473114e-05,0.04111933427924079,4.067216126561009,-2.2762133770471107,0.9094652062254913,-1.8715042257973465e-08,0.9081399639268762
4108.629999998957,2.119371133067016e-05,0.040720232318152354,4.2624467536141,-2.3156286999167697,0.894353416234965,-1.7919687825645518e-08,0.9079713056719243
4113.760000001639,2.1243035830188707e-05,0.040816975275654324,4.280365392493129,-2.316929201398798,0.894353416234965,-1.7950500791556447e-08,0.9078020258108723
4046.080000001937,2.208889802534063e-05,0.04111933427924079,4.067216126561009,-2.2762133770471107,0.9094652062254913,-1.8878621572455685e-08,0.907632158494204
4017.900000002235,1.8146664508126752e-05,0.03548493488720109,5.255078931876845,-2.4954185840042045,0.8001224810147909,-1.6245037993591087e-08,0.9074617378724031
4005.5699999965727,1.7911545153751997e-05,0.03505833863739038,5.367575809785645,-2.5136737691794124,0.8180959929710641,-1.6032791059056234e-08,0.9072907980959533
4004.190000001341,1.788092988174672e-05,0.035048042355293484,5.369908521223344,-2.514140161111375,0.8180959929710641,-1.6070356244510425e-08,0.9071193733153384
4013.129999998957,1.789965591629323e-05,0.03508363989978644,5.3375358011472365,-2.5090196233016586,0.8180959929710641,-1.6065127746097556e-08,0.906947497681042
4015.5,1.787063551122539e-05,0.035048042355293484,5.369908521223344,-2.514140161111375,0.8180959929710641,-1.6041515392070117e-08,0.9067752053435477
4019.89999999851,1.786656938256227e-05,0.035048042355293484,5.369908521223344,-2.514140161111375,0.8180959929710641,-1.603005147990547e-08,0.9066025304533395
4012.25,1.787359958831375e-05,0.035048042355293484,5.369908521223344,-2.514140161111375,0.8180959929710641,-1.604986414359001e-08,0.906429507160901
3992.8399999961257,1.7174125166597365e-05,0.03331519831885138,5.6275292046279795,-2.559160199969669,0.8325543072260392,-1.5751381880961933e-08,0.9062561696167157
3980.689999997616,1.697820574079675e-05,0.03297804147477828,5.698389727697007,-2.571362991067053,0.8325543072260392,-1.562080192778408e-08,0.9060825519712676
3984.859999999404,1.7092867393424422e-05,0.03317058644157581,5.71918714368595,-2.571577351791908,0.8325543072260392,-1.5705548688648506e-08,0.9059086883750402
3989.720000002533,1.7149224835993896e-05,0.03328135785222429,5.663285871234624,-2.564942829253968,0.8325543072260392,-1.5742819139722528e-08,0.9057346129785174
3985.689999997616,1.712343397254826e-05,0.03323317472705595,5.698286495041218,-2.569607510452662,0.8325543072260392,-1.573178594437577e-08,0.9055603599321829
3996.379999998957,1.7113224878481356e-05,0.03323317472705595,5.698286495041218,-2.569607510452662,0.8325543072260392,-1.569917941967973e-08,0.9053859633865201
3994.370000001043,1.7059313744747973e-05,0.033163692312601176,5.734934699845459,-2.575320400012327,0.8325543072260392,-1.5667870223814255e-08,0.905211457492013
3997.300000000745,1.7141965013819028e-05,0.03328135785222429,5.663285871234624,-2.564942829253968,0.8325543072260392,-1.571957713393487e-08,0.9050368763991454
3994.669999998063,1.7113118595498277e-05,0.03321887870532402,5.684046350277292,-2.5669099853638078,0.8325543072260392,-1.569897038123504e-08,0.9048622542584007
3987.510000001639,1.669612283724448e-05,0.03258181072690564,5.84684714067213,-2.5960618796738966,0.8325543072260392,-1.5342670734404446e-08,0.9046876252202629
3987.730000000447,1.662987004669657e-05,0.0325088355719473,5.872077667790915,-2.5987477942835486,0.8325543072260392,-1.5353320743734336e-08,0.9045130234352154
3969.059999998659,1.661393577736188e-05,0.03243219944708672,5.8635952355628564,-2.5966918198896494,0.8325543072260392,-1.5373298545256536e-08,0.9043384830537422
3963.420000001788,1.630951882051604e-05,0.03196697991487542,5.961430563173106,-2.6175638594009047,0.8325543072260392,-1.5096970553610302e-08,0.9041640382263267
3983.539999999106,1.625710297933274e-05,0.03195669707283401,5.964186913150883,-2.618101335830879,0.8325543072260392,-1.5078494233782374e-08,0.903989723103453
3978.369999997318,1.6178001209282386e-05,0.03185355208587904,6.02782243004544,-2.626074689972922,0.8325543072260392,-1.5036747016919738e-08,0.9038155718356046
3959.339999999851,1.616889000967463e-05,0.03183555306609882,6.056344767830428,-2.631664292642534,0.8325543072260392,-1.5077300191630494e-08,0.9036416185732652
3982.269999999553,1.6228605439040676e-05,0.03190905521757187,6.002889468211336,-2.623272884623806,0.8325543072260392,-1.5058884542973565e-08,0.9034678974669184
3987.64999999851,1.6145231593637407e-05,0.031848900122679186,6.042112958981786,-2.629555247763697,0.8325543072260392,-1.5001234619647705e-08,0.9032944426670482
3978.120000001043,1.6153857258772808e-05,0.031848900122679186,6.042112958981786,-2.629555247763697,0.8325543072260392,-1.5028815991627188e-08,0.9031212883241381
3989.60000000149,1.616794412190912e-05,0.03185355208587904,6.02782243004544,-2.626074689972922,0.8325543072260392,-1.5004322323138828e-08,0.902948468588672
3978.349999997765,1.6153651117737017e-05,0.031848900122679186,6.042112958981786,-2.629555247763697,0.8325543072260392,-1.5028156359695867e-08,0.9027760176111331
3978.920000001788,1.612697846873176e-05,0.03183087931629888,6.070704156868288,-2.635153873579139,0.8325543072260392,-1.5013244319006953e-08,0.9026039695420057
3990.120000001043,1.6167464514661005e-05,0.03185355208587904,6.02782243004544,-2.626074689972922,0.8325543072260392,-1.5002726687065515e-08,0.9024323585317733
3996.3599999956787,1.6137439556961353e-05,0.031848900122679186,6.042112958981786,-2.629555247763697,0.8325543072260392,-1.4975744433591678e-08,0.9022612187309197
3985.570000000298,1.6121016153342312e-05,0.03183087931629888,6.070704156868288,-2.635153873579139,0.8325543072260392,-1.499405835569925e-08,0.9020905842899283
3987.5199999958277,1.6201156964477064e-05,0.03191620125326675,6.00356122676269,-2.6237188426787723,0.8325543072260392,-1.5039056481679736e-08,0.901920489359283
3996.660000000149,1.6168533109932635e-05,0.03191157753054221,6.017769229750916,-2.627185599641207,0.8325543072260392,-1.5003549890678793e-08,0.9017509680894676
3969.800000000745,1.621713912614901e-05,0.03191620125326675,6.00356122676269,-2.6237188426787723,0.8325543072260392,-1.5090086113209847e-08,0.9015820546309657
3994.390000000596,1.6259457443843182e-05,0.03205433648985547,6.023746083458404,-2.626174031524643,0.8325543072260392,-1.5082765883707583e-08,0.9014137831342612
3992.699999999255,1.6231372340283064e-05,0.032006839970200936,6.062773738372115,-2.6313845886692233,0.8325543072260392,-1.506447044277472e-08,0.9012461877498376
4000.0,1.610801393728603e-05,0.03183087931629888,6.070704156868288,-2.635153873579139,0.8325543072260392,-1.495172439585373e-08,0.9010793026281787
3990.330000001937,1.6020865928922312e-05,0.03163075841722395,6.041941054295366,-2.6317631458978954,0.8325543072260392,-1.4886988965132874e-08,0.900913161919768
3951.330000001937,1.471393933970961e-05,0.02966530781577832,6.674597429787452,-2.7330288478385443,0.7205446862784923,-1.3961974338853942e-08,0.9007477997750896
3954.539999999106,1.471132165053836e-05,0.02966530781577832,6.674597429787452,-2.7330288478385443,0.7205446862784923,-1.3953738784717532e-08,0.9005832503446268
3963.929999999702,1.472815884646053e-05,0.029666273862385368,6.663378182018539,-2.7301732204614404,0.7205446862784923,-1.3938145263908853e-08,0.9004195477788637
3964.910000000149,1.4702928026991844e-05,0.02966530781577832,6.674597429787452,-2.7330288478385443,0.7205446862784923,-1.3926847070798283e-08,0.9002567262282837
3922.170000001788,1.2973667703382887e-05,0.02689591500400089,7.5768887001040675,-2.8744757202926032,0.7205446862784923,-1.2584608899225269e-08,0.9000948198433706
3918.75,1.291484850528767e-05,0.026789513783950843,7.52172508770337,-2.8701301292963337,0.7205446862784923,-1.2537525030319012e-08,0.8999338627746081
3919.060000002384,1.2975923647123255e-05,0.02689591500400089,7.5768887001040675,-2.8744757202926032,0.7205446862784923,-1.2591465788010164e-08,0.8997738891724799
3917.6800000034273,1.2976865146824937e-05,0.02689591500400089,7.5768887001040675,-2.8744757202926032,0.7205446862784923,-1.2594485022179322e-08,0.8996149331874699
3926.290000002831,1.2827406256804433e-05,0.02672499971480076,7.633002469882804,-2.8873361611235255,0.7205446862784923,-1.2470553631144594e-08,0.8994570289700617
3916.599999997765,1.2802620526347886e-05,0.026663439845418406,7.68018732198167,-2.8923008838206026,0.7205446862784923,-1.2462578368869928e-08,0.8993002106707388
3919.2300000041723,1.2884789201857547e-05,0.026745936550272884,7.580574182657315,-2.878090758425594,0.7205446862784923,-1.2513020618390747e-08,0.8991445124399853
3927.4600000046194,1.2884309264132225e-05,0.026794497979085626,7.525304939567469,-2.871281797947043,0.7205446862784923,-1.2509742640145695e-08,0.8989899684282845
3925.859999999404,1.2913927307624244e-05,0.026755578401704557,7.576827954705095,-2.877415837898074,0.7205446862784923,-1.2461188340610825e-08,0.8988366127861204
3899.0,1.3541120021871019e-05,0.027191439075090532,7.322074683520924,-2.8342292506745994,0.7338054550605168,-1.3172715094467338e-08,0.8986844796639767
3931.6400000043213,1.3000294996805193e-05,0.026975350084755607,7.576182166293513,-2.875736297787706,0.7205446862784923,-1.2598549897362983e-08,0.8985336032123368
3938.929999999702,1.2876276866375028e-05,0.026794497979085626,7.525304939567469,-2.871281797947043,0.7205446862784923,-1.2484125622492669e-08,0.8983840175816847
3919.810000002384,1.2859895629954147e-05,0.026750906070818602,7.584171539316003,-2.8792452784045137,0.7205446862784923,-1.2503011411308894e-08,0.8982357569225041
3883.859999999404,1.3525976607879883e-05,0.027267137636205925,7.328255789547708,-2.837247531708737,0.7338054550605168,-1.3286181528194849e-08,0.8980888553852786
3940.730000000447,1.3082999631029589e-05,0.02710719461692781,7.424872252511747,-2.8552011034272913,0.7205446862784923,-1.2648670825211825e-08,0.897943347120492
3937.779999997467,1.2819354302486684e-05,0.02672499971480076,7.633002469882804,-2.8873361611235255,0.7205446862784923,-1.2444960066730404e-08,0.8977992662786279
3936.390000000596,1.291302830945291e-05,0.026891040306772983,7.607587286184453,-2.8811859301917546,0.7205446862784923,-1.2530897490717279e-08,0.8976566470101702
3934.769999999553,1.284947337988006e-05,0.026750906070818602,7.584171539316003,-2.8792452784045137,0.7205446862784923,-1.2470001391069777e-08,0.8975155234656025
3935.75,1.2946698530292765e-05,0.02697053496127883,7.606708316288811,-2.8824127340886276,0.7205446862784923,-1.2567218199069486e-08,0.8973759297954085
3936.1400000043213,1.291320413449483e-05,0.026891040306772983,7.607587286184453,-2.8811859301917546,0.7205446862784923,-1.2531460862865056e-08,0.8972379001500718
3935.570000000298,1.291360493485891e-05,0.026891040306772983,7.607587286184453,-2.8811859301917546,0.7205446862784923,-1.2532744432116335e-08,0.8971014686800762
3930.6399999968708,1.2824380323399147e-05,0.02672499971480076,7.633002469882804,-2.8873361611235255,0.7205446862784923,-1.2460945568244249e-08,0.8969666695359055
3936.349999997765,1.2820422527094444e-05,0.02672499971480076,7.633002469882804,-2.8873361611235255,0.7205446862784923,-1.2448217967086927e-08,0.8968335368680433
3930.64999999851,1.2824373359726107e-05,0.02672499971480076,7.633002469882804,-2.8873361611235255,0.7205446862784923,-1.2460923395385722e-08,0.8967021048269734
3937.339999999851,1.2819723048992179e-05,0.02672499971480076,7.633002469882804,-2.8873361611235255,0.7205446862784923,-1.2446027685139068e-08,0.8965724075631796
3952.8600000031292,1.2777381524607402e-05,0.026663439845418406,7.68018732198167,-2.8923008838206026,0.7205446862784923,-1.2381785565922927e-08,0.8964444792271451
3924.699999999255,1.2828510661796532e-05,0.02672499971480076,7.633002469882804,-2.8873361611235255,0.7205446862784923,-1.2474047045290607e-08,0.8963183539693541
3930.530000001192,1.285243511762825e-05,0.026750906070818602,7.584171539316003,-2.8792452784045137,0.7205446862784923,-1.2479446284083403e-08,0.8961940659402904
3941.310000002384,1.2816930565331994e-05,0.02672499971480076,7.633002469882804,-2.8873361611235255,0.7205446862784923,-1.2437064759670645e-08,0.8960716492904374
3927.779999997467,1.2826370520937911e-05,0.02672499971480076,7.633002469882804,-2.8873361611235255,0.7205446862784923,-1.2467270937919571e-08,0.8959511381702788
3931.879999998957,1.2887086492222115e-05,0.02677826748981534,7.570046561964194,-2.8786683423429764,0.7205446862784923,-1.2444088867307948e-08,0.8958325667302985
3938.640000000596,1.2818798412810632e-05,0.02672499971480076,7.633002469882804,-2.8873361611235255,0.7205446862784923,-1.2443082286118244e-08,0.8957159691209802
3937.75,1.281942048590101e-05,0.02672499971480076,7.633002469882804,-2.8873361611235255,0.7205446862784923,-1.2445081942657894e-08,0.8956013794928074
3937.029999997467,1.2819877141730904e-05,0.02672499971480076,7.633002469882804,-2.8873361611235255,0.7205446862784923,-1.2446647374696933e-08,0.895488831996264
3947.989999998361,1.2696939971017094e-05,0.0265804806431245,7.7105251888347475,-2.897433038742661,0.7205446862784923,-1.2336076128459303e-08,0.8953783607818336
4763.429999999702,4.057640043299002e-05,0.07168412419293083,0.5618448015663531,-1.4609631713520546,3.0462774850418186,-2.4084765081143763e-08,0.8950573435633423
4111.689999997616,2.1445355759740696e-05,0.04108945485292726,4.192447553398156,-2.3013995701235346,0.894353416234965,-1.807875605459217e-08,0.8949524436942433
4117.10000000149,2.1489755890692985e-05,0.041157881469865425,4.148862827593949,-2.294088676934822,0.894353416234965,-1.8093449578885315e-08,0.8948484777501082
4115.95000000298,2.1598620377291224e-05,0.0413472451849623,4.180218989786036,-2.2995127852184964,0.894353416234965,-1.8182818467539158e-08,0.8947454320000453
4119.060000002384,2.154684221606386e-05,0.04128731407385332,4.167119608056236,-2.2970514455942417,0.894353416234965,-1.8144992284278884e-08,0.8946432927131622
4119.060000002384,2.1577161612725237e-05,0.04135732790484145,4.178887300718506,-2.299275325187559,0.894353416234965,-1.8175548294982127e-08,0.8945420461585676
4112.589999999851,2.1526318690278628e-05,0.041236803654463486,4.183639949608024,-2.2990933106242797,0.894353416234965,-1.814154427816971e-08,0.894441678605369
4128.580000001937,2.1567145204918353e-05,0.04135732790484145,4.178887300718506,-2.299275325187559,0.894353416234965,-1.8149160559485257e-08,0.8943421763226749
4136.309999998659,2.1501403419501966e-05,0.041236803654463486,4.183639949608024,-2.2990933106242797,0.894353416234965,-1.8075698985103985e-08,0.8942435255795931
4135.629999995232,2.150211456556995e-05,0.041236803654463486,4.183639949608024,-2.2990933106242797,0.894353416234965,-1.8077538616147816e-08,0.8941457126452317
4134.150000002235,2.1561259095437432e-05,0.04135732790484145,4.178887300718506,-2.299275325187559,0.894353416234965,-1.8133463515958506e-08,0.8940487237886988
4139.610000003129,2.1528153399866348e-05,0.041306916503801853,4.195520895474507,-2.30133733679642,0.894353416234965,-1.809677056780787e-08,0.8939525452791026
4146.140000000596,2.1548535198302174e-05,0.04135732790484145,4.178887300718506,-2.299275325187559,0.894353416234965,-1.8099157385581662e-08,0.8938571633855511
4137.730000000447,2.155743010873856e-05,0.04135732790484145,4.178887300718506,-2.299275325187559,0.894353416234965,-1.8123224959913972e-08,0.8937625643771524
4143.880000002682,2.149945364835041e-05,0.04127835446169512,4.217200875914762,-2.30527810851975,0.894353416234965,-1.8072020547157576e-08,0.8936687345230143
4143.179999995977,2.1504656372876792e-05,0.04130891376675446,4.199789089222006,-2.3027619194696944,0.894353416234965,-1.8084801164839953e-08,0.8935756600922451
4144.609999999404,2.1550162902145453e-05,0.04135732790484145,4.178887300718506,-2.299275325187559,0.894353416234965,-1.8103574299635137e-08,0.8934833273539529
4032.869999997318,1.816451479853942e-05,0.035559049383122786,5.266032085945753,-2.4976518981439315,0.8001224810147909,-1.623800658277313e-08,0.8933917225772458
4043.920000001788,1.815406764549845e-05,0.035559049383122786,5.266032085945753,-2.4976518981439315,0.8001224810147909,-1.6207898546987625e-08,0.8933008320312317
4040.6600000038743,1.8157132532896583e-05,0.035559049383122786,5.266032085945753,-2.4976518981439315,0.8001224810147909,-1.6216828672180356e-08,0.8932106419850188
4025.030000001192,1.8171841553711685e-05,0.035559049383122786,5.266032085945753,-2.4976518981439315,0.8001224810147909,-1.6258984713889805e-08,0.8931211387077149
4048.339999999851,1.8284030850484635e-05,0.03574058845601664,5.149226042059167,-2.478992627405428,0.8001224810147909,-1.6284359658145448e-08,0.8930323084684285
4046.5699999965727,1.8151654156810903e-05,0.035559049383122786,5.266032085945753,-2.4976518981439315,0.8001224810147909,-1.6200594441971813e-08,0.8929441375362676
4051.140000000596,1.814733215859574e-05,0.035559049383122786,5.266032085945753,-2.4976518981439315,0.8001224810147909,-1.6187995220457696e-08,0.8928566121803398
4040.7999999970198,1.8157035521167214e-05,0.035559049383122786,5.266032085945753,-2.4976518981439315,0.8001224810147909,-1.6216422233190698e-08,0.8927697186697539
4050.0,1.817684354376412e-05,0.035608343448027234,5.237856458547544,-2.493991226882939,0.8001224810147909,-1.621335119619277e-08,0.8926834432736174
4017.489999998361,1.6708351723382488e-05,0.033302375287173065,5.787426512026014,-2.5880268130941544,0.8180959929710641,-1.517655010284825e-08,0.8925977722610384
4019.089999999851,1.6707051387498106e-05,0.033302375287173065,5.787426512026014,-2.5880268130941544,0.8180959929710641,-1.5172647908052333e-08,0.8925126919011253
4018.269999999553,1.673949273894277e-05,0.03337785644425071,5.797949359441343,-2.5902622616021103,0.8180959929710641,-1.5207396142652623e-08,0.8924281884629858
4014.679999999702,1.6710822910332742e-05,0.033302375287173065,5.787426512026014,-2.5880268130941544,0.8180959929710641,-1.5183499340253037e-08,0.8923442482157283
4021.2000000029802,1.685414313468137e-05,0.03359598034691631,5.769593157457802,-2.585639043181558,0.8180959929710641,-1.530111568723226e-08,0.8922608574284606
4022.7199999950826,1.6680352806358255e-05,0.033294902352283405,5.8036004267572014,-2.591806087885907,0.8180959929710641,-1.5154874159404816e-08,0.8921780023702911
4026.919999998063,1.6700334823320354e-05,0.033302375287173065,5.787426512026014,-2.5880268130941544,0.8180959929710641,-1.5153168898214487e-08,0.8920956693103276
4022.800000000745,1.668028428102542e-05,0.033294902352283405,5.8036004267572014,-2.591806087885907,0.8180959929710641,-1.5154675252312578e-08,0.8920138445176782
4021.400000002235,1.6327511884050055e-05,0.03280651935153803,6.003377729131049,-2.624062665745985,0.8180959929710641,-1.490832339611926e-08,0.8919325142614509
4008.510000001639,1.6273209984625047e-05,0.032642477830045605,5.937510066253413,-2.6146197104888143,0.8180959929710641,-1.4868324344508142e-08,0.8918516648107541
4024.3600000031292,1.6325096938982334e-05,0.03280651935153803,6.003377729131049,-2.624062665745985,0.8180959929710641,-1.4901109100464016e-08,0.8917712824346955
3998.119999997318,1.6513935838378165e-05,0.03241388215097912,5.908626199705855,-2.6065228987384463,0.8325543072260392,-1.5261258781943666e-08,0.8916913534023834
4014.6100000031292,1.583191976206297e-05,0.03204509199584346,6.187930016940477,-2.6551287324614865,0.8180959929710641,-1.4544685736417344e-08,0.8916118639829257
4014.339999999851,1.5832138538210292e-05,0.03204509199584346,6.187930016940477,-2.6551287324614865,0.8180959929710641,-1.4545323186577682e-08,0.8915328004454307
4005.870000001043,1.5838926483810243e-05,0.03204509199584346,6.187930016940477,-2.6551287324614865,0.8180959929710641,-1.4565110559732436e-08,0.8914541490590061
4018.010000001639,1.5856014236724337e-05,0.03207775831315546,6.14939370324484,-2.6489818488039534,0.8180959929710641,-1.4554140554152579e-08,0.8913758960927604
4010.5,1.586210880377451e-05,0.03207775831315546,6.14939370324484,-2.6489818488039534,0.8180959929710641,-1.4571880622876275e-08,0.8912980278158014
4018.6399999968708,1.5757873114214587e-05,0.032028370118547124,6.232361259288414,-2.664668008269154,0.8180959929710641,-1.4508516605974678e-08,0.8912205304972373
4021.189999997616,1.585342677847184e-05,0.03207775831315546,6.14939370324484,-2.6489818488039534,0.8180959929710641,-1.4546556343705062e-08,0.8911433904061759
4029.870000001043,1.5846366468820215e-05,0.03207775831315546,6.14939370324484,-2.6489818488039534,0.8180959929710641,-1.4525652912740734e-08,0.8910665938117257
4026.460000000894,1.582554611372333e-05,0.03207248070516287,6.164215499949467,-2.6525162202882693,0.8180959929710641,-1.4525116951309398e-08,0.8909901269829945
4009.579999998212,1.5902954816349915e-05,0.032158299297459704,6.170003651138202,-2.654023693905362,0.8180959929710641,-1.456377780376093e-08,0.8909139761890903
4013.080000001937,1.5950372119469327e-05,0.03226326267547814,6.096946851774419,-2.6438377699489997,0.8180959929710641,-1.4648272655749878e-08,0.8908381276991215
4030.609999999404,1.5907548418734103e-05,0.032215700142263166,6.1347522351551245,-2.6488139401606863,0.8180959929710641,-1.4583804249037982e-08,0.8907625677821958
4029.459999997169,1.5856447559515197e-05,0.032160529404348236,6.158614143866689,-2.651455534698576,0.8180959929710641,-1.455444718665408e-08,0.8906872827074215
4033.359999999404,1.5875185390170073e-05,0.03215363995159884,6.157925184661238,-2.6510180867039086,0.8180959929710641,-1.4549691591156178e-08,0.8906122587439065
4035.140000000596,1.5828219682414595e-05,0.03215526538148579,6.1733962810659655,-2.6549792371944814,0.8180959929710641,-1.453178477613659e-08,0.8905374821607591
3991.550000000745,1.504545609404765e-05,0.03030078884910511,6.539303093134762,-2.712300665096595,0.7205446862784923,-1.4167943151400442e-08,0.8904629392270872
4000.0,1.503832752613674e-05,0.03030078884910511,6.539303093134762,-2.712300665096595,0.7205446862784923,-1.4144222198675299e-08,0.8903886162119988
3948.419999998063,1.328539989019569e-05,0.0274216177850838,7.325451294198341,-2.8391695941394217,0.7205446862784923,-1.2799338841370371e-08,0.8903144993846023
3960.35000000149,1.3224316342159073e-05,0.027399083125126032,7.3774652439977615,-2.8484139981045344,0.7205446862784923,-1.2744112399745641e-08,0.8902405750140053
3952.5200000032783,1.3200323010560403e-05,0.02735489433177258,7.433984072413779,-2.8560367866499665,0.7205446862784923,-1.2739324971418665e-08,0.8901668293693163
3962.6600000038743,1.3192953146194133e-05,0.02735489433177258,7.433984072413779,-2.8560367866499665,0.7205446862784923,-1.2715203570076136e-08,0.8900932487196431
3955.859999999404,1.3171706091301838e-05,0.02734446035662665,7.46125369480114,-2.8616188270463647,0.7205446862784923,-1.2718116517775252e-08,0.890019819334094
3957.119999997318,1.3170792515140123e-05,0.02734446035662665,7.46125369480114,-2.8616188270463647,0.7205446862784923,-1.2715126402262998e-08,0.8899465274817768
3962.879999998957,1.321722996031485e-05,0.027350681090195273,7.4292816218324464,-2.8546261703600297,0.7205446862784923,-1.2723412855502633e-08,0.8898733594317997
3950.779999997467,1.3201548900794683e-05,0.02735489433177258,7.433984072413779,-2.8560367866499665,0.7205446862784923,-1.2743363209048428e-08,0.8898003014532708
3958.640000000596,1.3195879236712806e-05,0.02735489433177258,7.433984072413779,-2.8560367866499665,0.7205446862784923,-1.2724815437061502e-08,0.8897273398152982
3958.719999998808,1.3195821061224294e-05,0.02735489433177258,7.433984072413779,-2.8560367866499665,0.7205446862784923,-1.2724624782719422e-08,0.8896544607869898
3957.010000001639,1.317087229391781e-05,0.02734446035662665,7.46125369480114,-2.8616188270463647,0.7205446862784923,-1.2715387695661305e-08,0.889581650637454
3958.910000000149,1.3234052444360609e-05,0.02748471859229357,7.483746385028686,-2.863550733715239,0.7205446862784923,-1.2775069533973791e-08,0.8895088956357984
3968.039999999106,1.3253603763756056e-05,0.027495054987769982,7.456717347896063,-2.8580160972728885,0.7205446862784923,-1.2766380191804551e-08,0.8894361820511314
3961.730000000447,1.316742568114162e-05,0.02734446035662665,7.46125369480114,-2.8616188270463647,0.7205446862784923,-1.2704086202152238e-08,0.8893634961525608
3968.890000000596,1.316223177095672e-05,0.02734446035662665,7.46125369480114,-2.8616188270463647,0.7205446862784923,-1.268689037626011e-08,0.8892908242091953
3966.14999999851,1.3164179873361968e-05,0.02734446035662665,7.46125369480114,-2.8616188270463647,0.7205446862784923,-1.2693462110720107e-08,0.8892181524901421
3963.640000000596,1.322191476397256e-05,0.027399083125126032,7.3774652439977615,-2.8484139981045344,0.7205446862784923,-1.2736215576081667e-08,0.88914546726451
3975.219999998808,1.3157607779850485e-05,0.02734446035662665,7.46125369480114,-2.8616188270463647,0.7205446862784923,-1.2671477872288242e-08,0.8890727548014067
3968.879999998957,1.316223906481831e-05,0.02734446035662665,7.46125369480114,-2.8616188270463647,0.7205446862784923,-1.2686914599230193e-08,0.8890000013699403
3974.35000000149,1.3158241587608544e-05,0.02734446035662665,7.46125369480114,-2.8616188270463647,0.7205446862784923,-1.267354570240425e-08,0.888927193239219
3977.359999999404,1.3067080494463138e-05,0.027208454568387407,7.5089970861625766,-2.8660697188865245,0.7205446862784923,-1.2594102000817724e-08,0.8888543166783505
3972.859999999404,1.3103403312913206e-05,0.027287806622077665,7.508822854084656,-2.8673544111424185,0.7205446862784923,-1.2639595655153633e-08,0.8887813579564434
3968.469999998808,1.3131070250894295e-05,0.027282733751873418,7.5054490386772965,-2.8662534860440836,0.7205446862784923,-1.2659023002554865e-08,0.8887083033426054
3965.960000000894,1.3132949051922203e-05,0.027282733751873418,7.5054490386772965,-2.8662534860440836,0.7205446862784923,-1.266511168905126e-08,0.8886351391059448
3975.789999999106,1.3157190718305985e-05,0.02734446035662665,7.46125369480114,-2.8616188270463647,0.7205446862784923,-1.2670082246107236e-08,0.8885618515155697
3965.890000000596,1.3047475944133184e-05,0.02718224402517025,7.556978660347774,-2.8740094299717724,0.7205446862784923,-1.2603698044361307e-08,0.8884884268405878
3978.660000000149,1.3130671765881313e-05,0.027349544072536456,7.464617659018177,-2.8627159351397453,0.7205446862784923,-1.2654302820976355e-08,0.8884148513501074
3976.5499999970198,1.3125234521525874e-05,0.027282733751873418,7.5054490386772965,-2.8662534860440836,0.7205446862784923,-1.263941731686833e-08,0.8883411113132367
3967.480000000447,1.3107412812361936e-05,0.027287806622077665,7.508822854084656,-2.8673544111424185,0.7205446862784923,-1.265271500408914e-08,0.8882671929990836
3978.330000001937,1.3099516309819523e-05,0.027287806622077665,7.508822854084656,-2.8673544111424185,0.7205446862784923,-1.2626322188130418e-08,0.8881930826767561
3978.280000001192,1.3155311731288347e-05,0.02734446035662665,7.46125369480114,-2.8616188270463647,0.7205446862784923,-1.2663933059330395e-08,0.8881187666153626
3982.390000000596,1.3127940788982037e-05,0.027349544072536456,7.464617659018177,-2.8627159351397453,0.7205446862784923,-1.2645097285431498e-08,0.8880442310840108
3963.990000002086,1.3076775879149162e-05,0.027208454568387407,7.5089970861625766,-2.8660697188865245,0.7205446862784923,-1.2626414956946515e-08,0.887969462351809
3979.599999997765,1.3154400096696316e-05,0.02734446035662665,7.46125369480114,-2.8616188270463647,0.7205446862784923,-1.2660720668378422e-08,0.8878944466878651
3973.7299999967217,1.3015635911262389e-05,0.027172551609585933,7.5835625531716175,-2.8794812838453048,0.7205446862784923,-1.2571513717429065e-08,0.8878191703612873
3973.199999999255,1.3016019232903709e-05,0.027172551609585933,7.5835625531716175,-2.8794812838453048,0.7205446862784923,-1.2572798306850986e-08,0.8877436196411838
3489.459999997169,1.3794507809458602e-06,0.004134542833790051,30.165492369023028,-5.392474696922989,0.18312206830137276,-1.771349759339147e-09,0.8876677807966622
3968.480000000447,1.2715743856599155e-05,0.026660123689172054,7.708888571161019,-2.8985923542472656,0.7205446862784923,-1.2323311707765271e-08,0.8875916400968311
3964.120000001043,1.2542535657699707e-05,0.02641311111975253,7.762815008439238,-2.9095770685193703,0.7205446862784923,-1.219448819029499e-08,0.8875151838107983
3978.25,1.25012965577645e-05,0.026351563104468463,7.81188748437058,-2.914759978805915,0.7205446862784923,-1.2132620664997308e-08,0.8874383982076718
3961.570000000298,1.2512873848357012e-05,0.026351563104468463,7.81188748437058,-2.914759978805915,0.7205446862784923,-1.2171551233415598e-08,0.88736126955656
3978.39999999851,1.2501192028727334e-05,0.026351563104468463,7.81188748437058,-2.914759978805915,0.7205446862784923,-1.213226578098727e-08,0.8872837841265705
3967.2799999937415,1.248448939146432e-05,0.026359174827011916,7.811172202347034,-2.914875482055161,0.7205446862784923,-1.214960729791091e-08,0.8872059281868119
3973.5399999916553,1.2535980173532143e-05,0.02641311111975253,7.762815008439238,-2.9095770685193703,0.7205446862784923,-1.2172539069454105e-08,0.8871276880063917
3971.14999999851,1.2506235780201812e-05,0.026351563104468463,7.81188748437058,-2.914759978805915,0.7205446862784923,-1.2149320994388412e-08,0.8870490498544185
4745.509999997914,3.8241026023706446e-05,0.06848914889342722,0.7888216495574865,-1.533039761712964,2.934378480683596,-2.3541111910028896e-08,0.8868124698687795
4043.6600000038743,1.8455738771798804e-05,0.036008750065793994,5.115345481071117,-2.4721205383846065,0.8001224810147909,-1.6425452792698518e-08,0.88673442711335
4028.380000002682,1.7095979117684033e-05,0.03396254854737432,5.662051406506947,-2.5671079417618903,0.8180959929710641,-1.5465162288984797e-08,0.8866568476622089
4032.380000002682,1.7092387841423045e-05,0.03396254854737432,5.662051406506947,-2.5671079417618903,0.8180959929710641,-1.5454832989775344e-08,0.886579717838482
4031.759999997914,1.7040913467336253e-05,0.03390737708336697,5.724616953502737,-2.577927921060916,0.8180959929710641,-1.5425947865902854e-08,0.886503023965295
4034.310000002384,1.701188925566576e-05,0.03387001181500289,5.719866228261477,-2.5756920923960243,0.8180959929710641,-1.54002882151454e-08,0.8864267523657738
4043.109999999404,1.7056167076845215e-05,0.03392815391882006,5.6967895434793085,-2.5726279932741236,0.8180959929710641,-1.5409479380924603e-08,0.8863508893630444
1300.0,0.00010934065934058133,0.04934722232961404,-0.8178017312364068,-0.8380492777087485,-0.0,-1.1923076923076994e-07,0.8862754212802324
4148.95000000298,2.069019909235392e-05,0.04017257897972968,4.434783355500713,-2.3493305878390935,0.894353416234965,-1.755010575217476e-08,0.8862003344404636
4035.280000001192,1.7089895348893542e-05,0.03396254854737432,5.662051406506947,-2.5671079417618903,0.8180959929710641,-1.5447392017527688e-08,0.8861256151668642
4035.25,1.6567106988208565e-05,0.03319729499356336,5.906463901058208,-2.6087292580784256,0.8180959929710641,-1.5065766339846793e-08,0.8860512497825594
4033.10000000149,1.662265902894285e-05,0.0332652382274977,5.843180938817191,-2.5987273037375025,0.8180959929710641,-1.5106509360851418e-08,0.8859772246106759
4036.1500000059605,1.615257776403373e-05,0.03258902753147379,6.021099676833108,-2.6305636544535753,0.8180959929710641,-1.475689502201196e-08,0.8859035259743387
4031.780000001192,1.6127766498882997e-05,0.03254133438674811,6.057974437157235,-2.6354139613603147,0.8180959929710641,-1.4745498880968746e-08,0.8858301401966739
4035.060000002384,1.607951187458901e-05,0.03254176267866593,6.0745176492907955,-2.6396331989649857,0.8180959929710641,-1.4723749904391986e-08,0.8857570536008077
4042.60000000149,1.6043154192209092e-05,0.032479681846790925,6.096932173675043,-2.6417572893751595,0.8180959929710641,-1.467762672004095e-08,0.8856842525098656
4032.469999998808,1.6051577468143703e-05,0.032479681846790925,6.096932173675043,-2.6417572893751595,0.8180959929710641,-1.4702868192115962e-08,0.8856117232469733
4037.4000000059605,1.61279609343619e-05,0.032583280236759875,6.036070372246492,-2.6341269642058345,0.8180959929710641,-1.4745002506900786e-08,0.885539452135257
4039.4400000050664,1.6075863495250747e-05,0.03254176267866593,6.0745176492907955,-2.6396331989649857,0.8180959929710641,-1.4712821252592453e-08,0.8854674254978421
4050.1900000050664,1.6118844808485104e-05,0.03259525485085374,6.022560825978932,-2.6312029359027065,0.8180959929710641,-1.4716553749436474e-08,0.8853956296578548
4047.140000000596,1.6039388924677464e-05,0.032479681846790925,6.096932173675043,-2.6417572893751595,0.8180959929710641,-1.4666189428542724e-08,0.8853240509384208
4027.280000001192,1.6118156553191323e-05,0.03255169211727754,6.071911335946286,-2.639130470661498,0.8180959929710641,-1.4707996673982755e-08,0.8852526756626659
4044.820000000298,1.6175382064142487e-05,0.03264784117060493,5.956768504029789,-2.6197816425177813,0.8180959929710641,-1.4760676843073609e-08,0.885181490153716
4052.9799999967217,1.6138397715743125e-05,0.03258902753147379,6.021099676833108,-2.6305636544535753,0.8180959929710641,-1.471425293787431e-08,0.8851104807346968
4038.969999998808,1.6076255358206633e-05,0.03254176267866593,6.0745176492907955,-2.6396331989649857,0.8180959929710641,-1.4713997917918037e-08,0.8850396337287343
4058.240000002086,1.608853893700665e-05,0.03258949083511413,6.037550377556727,-2.6347691944987908,0.8180959929710641,-1.4687136724633141e-08,0.8849689354589543
4060.140000000596,1.6058516863222812e-05,0.03254176267866593,6.0745176492907955,-2.6396331989649857,0.8180959929710641,-1.4660056519679376e-08,0.8848983722484824
3970.280000001192,1.527093044843992e-05,0.03062778110816645,6.454247547445199,-2.6980205270659585,0.7205446862784923,-1.4394044082613119e-08,0.8848279304204448
3973.5100000053644,1.3631639672998607e-05,0.028046477105846672,7.16438926911168,-2.8148884921370523,0.7205446862784923,-1.3052385160932378e-08,0.8847575962979671
3924.429999999702,1.3493941144003446e-05,0.027739884994574113,7.256698558483489,-2.8298323254132858,0.7205446862784923,-1.2964229365975527e-08,0.884687356204175
3975.859999999404,1.360196024099557e-05,0.02801878725113548,7.210794074281498,-2.8225345113600904,0.7205446862784923,-1.3028408071489738e-08,0.8846171964621947
3975.8400000035763,1.3422313895566035e-05,0.027730167599961497,7.260160274169451,-2.830463400068882,0.7205446862784923,-1.287903255689688e-08,0.8845471033951517
3986.8499999940395,1.3386181651437753e-05,0.02770290994664997,7.307145227371134,-2.8382189548797894,0.7205446862784923,-1.2833309987345117e-08,0.8844770633261722
3960.0999999940395,1.3376343049502537e-05,0.027658434959162925,7.362535344488084,-2.8456814157444184,0.7205446862784923,-1.2876062070719943e-08,0.8844070625783816
3984.320000000298,1.351009054642841e-05,0.027915726837717317,7.311758571043146,-2.8357513772565506,0.7205446862784923,-1.2946222277780276e-08,0.8843370874749059
3975.64999999851,1.3394544381098162e-05,0.02770290994664997,7.307145227371134,-2.8382189548797894,0.7205446862784923,-1.2861362594891346e-08,0.8842671243388711
3982.329999998212,1.3389506248403287e-05,0.02770290994664997,7.307145227371134,-2.8382189548797894,0.7205446862784923,-1.2844651379691235e-08,0.8841971594934028
3980.890000000596,1.3418540753664031e-05,0.027730167599961497,7.260160274169451,-2.830463400068882,0.7205446862784923,-1.2866428553567434e-08,0.884127179261627
3975.4599999934435,1.35481688449212e-05,0.02797756069493957,7.270544426726293,-2.831449893826866,0.7205446862784923,-1.2997348066595035e-08,0.8840571699666696
3965.2700000032783,1.4353543196595615e-05,0.029174433344550423,6.892219999563167,-2.7683939569768903,0.7205446862784923,-1.36597418929006e-08,0.8839871179316561
3962.640000000596,1.3458261248433472e-05,0.027741159875165924,7.2329011886115175,-2.824877849794985,0.7205446862784923,-1.2924755647917267e-08,0.8839170094797125
3890.280000001192,1.4967282645734546e-05,0.029332925405089,6.584401398869392,-2.7163104112944296,0.7338054550605168,-1.4425843051347583e-08,0.8838468309339648
3967.369999997318,1.3282046243628936e-05,0.0275217209118766,7.409276855004663,-2.85018098156182,0.7205446862784923,-1.2786184048344224e-08,0.8837765686175384
3976.079999998212,1.3547737812228545e-05,0.02797756069493957,7.270544426726293,-2.831449893826866,0.7205446862784923,-1.2995852736360728e-08,0.8837062088535598
3980.0200000032783,1.3544766994918916e-05,0.02797756069493957,7.270544426726293,-2.831449893826866,0.7205446862784923,-1.2985935630221805e-08,0.8836357379651542
3969.5,1.3582353204456276e-05,0.028022290778731973,7.216443005094412,-2.824165142366291,0.7205446862784923,-1.3035616703041234e-08,0.8835651422754477
3978.259999997914,1.3546094745491487e-05,0.02797756069493957,7.270544426726293,-2.831449893826866,0.7205446862784923,-1.2990373358485971e-08,0.8834944081075662
3984.2000000029802,1.3541595303362106e-05,0.02797756069493957,7.270544426726293,-2.831449893826866,0.7205446862784923,-1.2975310263576642e-08,0.8834235217846353
3980.869999997318,1.3544125355963903e-05,0.02797756069493957,7.270544426726293,-2.831449893826866,0.7205446862784923,-1.29837879301505e-08,0.8833524696297811
3972.719999998808,1.3396724824634317e-05,0.02770290994664997,7.307145227371134,-2.8382189548797894,0.7205446862784923,-1.2868618576554148e-08,0.8832812379661293
3944.7600000053644,1.3421706228367305e-05,0.02766813347076559,7.359007658039129,-2.845040169836258,0.7205446862784923,-1.2874532403301274e-08,0.8832098131168057
3982.3499999940395,1.3543007534441315e-05,0.02797756069493957,7.270544426726293,-2.831449893826866,0.7205446862784923,-1.2980041447465343e-08,0.8831381814049362
3982.60000000149,1.3389360214075456e-05,0.02770290994664997,7.307145227371134,-2.8382189548797894,0.7205446862784923,-1.2844013921879938e-08,0.8830663291536465
3984.689999997616,1.3333726721055358e-05,0.02766271154019612,7.36709503910836,-2.847058431787229,0.7205446862784923,-1.2806700906037264e-08,0.8829942426860626
3984.109999999404,1.3454493292774235e-05,0.02786076006176991,7.343330977955894,-2.843348191049429,0.7205446862784923,-1.2909635018254335e-08,0.8829219083253104
3978.64999999851,1.3392308701909895e-05,0.02770290994664997,7.307145227371134,-2.8382189548797894,0.7205446862784923,-1.2853897647422689e-08,0.8828493123945153
3981.810000002384,1.3424829844988345e-05,0.027798600596468,7.384905878257955,-2.847663970207074,0.7205446862784923,-1.2886670675709402e-08,0.8827764412168037
3992.8200000077486,1.3503705930932738e-05,0.027915726837717317,7.311758571043146,-2.8357513772565506,0.7205446862784923,-1.2924573043610136e-08,0.8827032811153008
3983.9500000029802,1.3334310403781981e-05,0.02766271154019612,7.36709503910836,-2.847058431787229,0.7205446862784923,-1.2808571354367893e-08,0.8826298184131331
3989.780000001192,1.3389216809392434e-05,0.027754300919176366,7.440649437851846,-2.8551628521464743,0.7205446862784923,-1.2843233747462583e-08,0.8825560394334261
3987.570000000298,1.3331599460457217e-05,0.02766271154019612,7.36709503910836,-2.847058431787229,0.7205446862784923,-1.2799489725466082e-08,0.8824819304993056
3984.2300000041723,1.3334089153720693e-05,0.02766271154019612,7.36709503910836,-2.847058431787229,0.7205446862784923,-1.2807902858913052e-08,0.8824074779338974
3982.570000000298,1.3335315705552433e-05,0.02766271154019612,7.36709503910836,-2.847058431787229,0.7205446862784923,-1.2812001278646286e-08,0.8823326680603276
3968.7999999970198,1.3314113020387362e-05,0.027600923455742565,7.409781512415698,-2.8515259341184436,0.7205446862784923,-1.281731254518342e-08,0.8822574872017216
3987.7000000029802,1.2885164466671869e-05,0.02697643506433885,7.608799525624793,-2.8832096586672513,0.7205446862784923,-1.2435839129773003e-08,0.8821819216812057
3954.4499999955297,1.2757059829679187e-05,0.026721736835621256,7.6614904324458255,-2.893597267071132,0.7205446862784923,-1.2384995987388182e-08,0.8821059578219054
3975.259999997914,1.2894155514161358e-05,0.02697643506433885,7.608799525624793,-2.8832096586672513,0.7205446862784923,-1.2466205749032228e-08,0.8820295819469466
3986.64999999851,1.2831893592929137e-05,0.026941807207567916,7.682979883279533,-2.896594061692146,0.7205446862784923,-1.2407046060178337e-08,0.8819527803794552
3978.6999999955297,1.2739939345970717e-05,0.026721736835621256,7.6614904324458255,-2.893597267071132,0.7205446862784923,-1.2327876521615821e-08,0.881875539442557
3976.5500000044703,1.275154598081544e-05,0.026738024444964422,7.658599391559662,-2.893418172254896,0.7205446862784923,-1.2284775250759288e-08,0.8817978454593779
3978.4799999967217,1.277500611149435e-05,0.026818632038011263,7.744113041954375,-2.903493909764174,0.7205446862784923,-1.2369108505449889e-08,0.8817196847530436
3986.869999997318,1.2798634387526485e-05,0.026862159439555458,7.6842653769822675,-2.895427107647724,0.7205446862784923,-1.2372025907461904e-08,0.88164104364668
3984.64999999851,1.2746120274016268e-05,0.026825383865141526,7.744813206319243,-2.9039542266809724,0.7205446862784923,-1.2345397688540367e-08,0.8815619084634129
3980.5,1.2803191284605649e-05,0.026862159439555458,7.6842653769822675,-2.895427107647724,0.7205446862784923,-1.2387530818161975e-08,0.8814822655263681
3990.3099999949336,1.2796167845539036e-05,0.026862159439555458,7.6842653769822675,-2.895427107647724,0.7205446862784923,-1.2363587812986428e-08,0.8814021011586717
3938.25,1.2833067644466267e-05,0.026862159439555458,7.6842653769822675,-2.895427107647724,0.7205446862784923,-1.2486385520330714e-08,0.8813214016834492
3947.60000000149,1.1774715549341138e-05,0.02521645320411105,8.33139950854937,-2.991157270920229,0.7205446862784923,-1.1588099505685255e-08,0.8812401534238266
3944.390000000596,1.1650966793411817e-05,0.024972887737528975,8.364964529523453,-2.9974621708012505,0.7205446862784923,-1.1477495816383827e-08,0.8811583427029295
3933.10000000149,1.0525080635301838e-05,0.023081800453931815,9.16460557837849,-3.114280659543796,0.6075575039285437,-1.0511604601317206e-08,0.881075955843884
3904.429999999702,1.0541394687502305e-05,0.023081800453931815,9.16460557837849,-3.114280659543796,0.6075575039285437,-1.056485816226701e-08,0.880992979169816
3925.89999999851,1.0623678544719083e-05,0.02326263097760011,9.145991751077576,-3.1095964201547464,0.7205446862784923,-1.0613741868275321e-08,0.8809093990038511
3933.9000000059605,1.0524596158646401e-05,0.023081800453931815,9.16460557837849,-3.114280659543796,0.6075575039285437,-1.0510063349475404e-08,0.8808252016691152
3916.3000000044703,1.0534710580723605e-05,0.023081800453931815,9.16460557837849,-3.114280659543796,0.6075575039285437,-1.0543207154171094e-08,0.8807403734887341
3933.2900000065565,1.0524939322422412e-05,0.023081800453931815,9.16460557837849,-3.114280659543796,0.6075575039285437,-1.0511234417121257e-08,0.8806549007858337
3930.5499999970198,1.0526554427368831e-05,0.023081800453931815,9.16460557837849,-3.114280659543796,0.6075575039285437,-1.0516483893997036e-08,0.8805687698835397
3934.670000001788,1.0524189891200025e-05,0.023081800453931815,9.16460557837849,-3.114280659543796,0.6075575039285437,-1.050863911245571e-08,0.8804819671049783
3942.0900000035763,1.0519919384092488e-05,0.023081800453931815,9.16460557837849,-3.114280659543796,0.6075575039285437,-1.0494368665688652e-08,0.8803944787732748
3935.060000002384,1.0523965816058176e-05,0.023081800453931815,9.16460557837849,-3.114280659543796,0.6075575039285437,-1.05078936004243e-08,0.8803062912115553
3917.0599999949336,1.0599388968431765e-05,0.023151015359917267,9.08660916481837,-3.1056050299976534,0.7205446862784923,-1.0533947403244692e-08,0.8802173907429458
3925.8000000044703,1.0560761811943236e-05,0.023141900548045168,9.091313559585695,-3.106404372905478,0.6075575039285437,-1.0554524193314438e-08,0.8801277636905719
3936.0800000056624,1.0523379571005033e-05,0.023081800453931815,9.16460557837849,-3.114280659543796,0.6075575039285437,-1.0505941410537743e-08,0.8800373963775595
3936.3899999931455,1.0467251344117404e-05,0.023043648931919732,9.257643653015768,-3.1282945102889697,0.6075575039285437,-1.046851413210779e-08,0.8799462751270343
3938.219999998808,1.0522103009610622e-05,0.023081800453931815,9.16460557837849,-3.114280659543796,0.6075575039285437,-1.050180310420525e-08,0.8798543862621223
3914.570000000298,1.053568025541302e-05,0.023081800453931815,9.16460557837849,-3.114280659543796,0.6075575039285437,-1.054637614804502e-08,0.8797617161059494
3849.2300000041723,8.098214728097133e-06,0.018478244311094984,11.407598634414311,-3.4170024074951564,0.6189955935892812,-8.521129668120958e-09,0.8796682509816411
3816.0500000044703,8.148910733432182e-06,0.018487071019277122,11.400362955135865,-3.4158588921963586,0.6189955935892812,-8.536004696830933e-09,0.8795739772123237
3847.89999999851,8.09883830161394e-06,0.018478244311094984,11.407598634414311,-3.4170024074951564,0.6189955935892812,-8.523374192470276e-09,0.8794788811211227
3862.179999999702,7.991524069213185e-06,0.01827875325378682,11.351473299908532,-3.4116890342085155,0.6189955935892812,-8.398961524227696e-09,0.879382949031164
3844.0,7.999961178994541e-06,0.01827875325378682,11.351473299908532,-3.4116890342085155,0.6189955935892812,-8.42952436458645e-09,0.8792861672655735
3861.009999997914,7.99206930749326e-06,0.01827875325378682,11.351473299908532,-3.4116890342085155,0.6189955935892812,-8.40095669996183e-09,0.8791885221474768
4698.530000001192,3.537607033536409e-05,0.06418882580639668,1.1092527253530227,-1.628597662813637,2.798905468008744,-2.28695264427517e-08,0.8788867447237552
4066.5999999940395,1.6243812123236438e-05,0.0328057050787556,6.0210876413862024,-2.6285503480249783,0.8180959929710641,-1.4779621595752817e-08,0.8787812091378681
4061.0,1.627864260269336e-05,0.03286777084084748,5.999483869001324,-2.6265182477829363,0.8180959929710641,-1.4821652562185642e-08,0.878673144411455
4061.859999999404,1.6277908156010486e-05,0.03286777084084748,5.999483869001324,-2.6265182477829363,0.8180959929710641,-1.4819395513093666e-08,0.8785626076630036
4053.5899999961257,1.6176049312074e-05,0.03271724497060994,6.042002968264338,-2.632582413338984,0.8180959929710641,-1.4763388395608894e-08,0.8784496560110017
4062.460000000894,1.6305812084887296e-05,0.03291562613212998,5.963421317522101,-2.621776570730773,0.8180959929710641,-1.4839964400264487e-08,0.8783343465739369
4068.7999999970198,1.6250008021920732e-05,0.03287403368302011,6.000897151810154,-2.6271441543907796,0.8180959929710641,-1.4796123474287202e-08,0.878216736470297
4066.0800000056624,1.6274241421183473e-05,0.03286777084084748,5.999483869001324,-2.6265182477829363,0.8180959929710641,-1.4808219745716615e-08,0.8780968828185698
4073.2000000029802,1.6268195758418784e-05,0.03286777084084748,5.999483869001324,-2.6265182477829363,0.8180959929710641,-1.4789335340747928e-08,0.877974842737243
4083.2799999937415,1.6237622956509495e-05,0.03287403368302011,6.000897151810154,-2.6271441543907796,0.8180959929710641,-1.475727861405863e-08,0.8778506733448044
4084.560000002384,1.6206513508906983e-05,0.032811962069037894,6.022500049105522,-2.629177968930517,0.8180959929710641,-1.472673750991141e-08,0.8777244317597417
4083.380000002682,1.6100476183570746e-05,0.03267820792115822,6.094507567362676,-2.6421016078437893,0.8180959929710641,-1.4658585762486348e-08,0.8775961751005427
4088.460000000894,1.609612929010852e-05,0.03267820792115822,6.094507567362676,-2.6421016078437893,0.8180959929710641,-1.4644795063407052e-08,0.8774659604856951
4090.6299999952316,1.606097552926273e-05,0.03258949083511413,6.037550377556727,-2.6347691944987908,0.8180959929710641,-1.4600987027707102e-08,0.8773338450336867
4085.4799999967217,1.6212210218154655e-05,0.032868406896184574,6.015580040183295,-2.630651229351874,0.8180959929710641,-1.4742532397643404e-08,0.8771998858630052
3990.280000001192,1.3537002430706011e-05,0.02797756069493957,7.270544426726293,-2.831449893826866,0.7205446862784923,-1.2959756963594969e-08,0.8770641400921384
4000.9500000029802,1.302663337677359e-05,0.0277250583730426,7.48630891016764,-2.8681992666690834,0.7077989816294474,-1.2382214128516706e-08,0.8769266648395739
4011.2399999946356,1.2991289934355085e-05,0.027680733308850083,7.541500283005185,-2.875531923044668,0.7077989816294474,-1.2339216721792583e-08,0.8767875172237997
3994.140000000596,1.3533919993696837e-05,0.02797756069493957,7.270544426726293,-2.831449893826866,0.7205446862784923,-1.2949742488924701e-08,0.8766467543633034
4008.6900000050664,1.2967753602626196e-05,0.02766983245954235,7.569053107178467,-2.8810882529754243,0.7077989816294474,-1.2331355262879323e-08,0.8765044333765727
3978.0900000035763,1.354622293556225e-05,0.02797756069493957,7.270544426726293,-2.831449893826866,0.7205446862784923,-1.2990801339979518e-08,0.8763606113820953
4009.289999999106,1.3709787405707177e-05,0.028854605688765328,7.192175864005673,-2.819985828971615,0.7077989816294474,-1.2929542782752876e-08,0.8762153454983592
4008.219999998808,1.3113802942100337e-05,0.027924820259534317,7.5182486447443075,-2.8712958840843865,0.7077989816294474,-1.2456387201997013e-08,0.8760686928438521
4010.1100000068545,1.2886203058885517e-05,0.027585744269019233,7.663775443189158,-2.894596884982898,0.7077989816294474,-1.227470897762817e-08,0.8759207105370617
4014.2199999913573,1.2940478392715187e-05,0.027673893239208353,7.573665712956753,-2.882452644823549,0.7077989816294474,-1.231137968333536e-08,0.8757714556964754
4014.609999999404,1.2989043001140365e-05,0.027680733308850083,7.541500283005185,-2.875531923044668,0.7077989816294474,-1.2332371753633741e-08,0.8756209854405815
4014.0900000035763,1.294055668516927e-05,0.027673893239208353,7.573665712956753,-2.882452644823549,0.7077989816294474,-1.231159972883403e-08,0.8754693568878673
4000.0,1.352961672473931e-05,0.02797756069493957,7.270544426726293,-2.831449893826866,0.7205446862784923,-1.2934683014093122e-08,0.8753166271568209
4027.1600000038743,1.2931870108128637e-05,0.027673893239208353,7.573665712956753,-2.882452644823549,0.7077989816294474,-1.2284774106684413e-08,0.8751628533659299
4025.4299999922514,1.2906163306958945e-05,0.027647072669230336,7.621196893592423,-2.8902011419809734,0.7077989816294474,-1.2270854252546616e-08,0.875008092633682
4033.780000001192,1.2927378218469905e-05,0.027673893239208353,7.573665712956753,-2.882452644823549,0.7077989816294474,-1.2270829762976385e-08,0.874852402078565
3989.3399999961257,1.3427898203995919e-05,0.027882112458024993,7.390167855775054,-2.850370920561045,0.7205446862784923,-1.289339940070377e-08,0.8746958388190667
4036.079999998212,1.2977895623944724e-05,0.027714195912064025,7.513647225507112,-2.8737300077020174,0.7077989816294474,-1.2297050539355841e-08,0.8745384599736749
4023.8300000056624,1.290723029785857e-05,0.027647072669230336,7.621196893592423,-2.8902011419809734,0.7077989816294474,-1.2274166161078869e-08,0.8743803226608771
4039.64999999851,1.2923493000552284e-05,0.027673893239208353,7.573665712956753,-2.882452644823549,0.7077989816294474,-1.2258482413844252e-08,0.8742214839991611
4041.3700000047684,1.2895488141208311e-05,0.027647072669230336,7.621196893592423,-2.8902011419809734,0.7077989816294474,-1.2237352795445023e-08,0.8740620011070148
4035.3399999961257,1.2869452475875186e-05,0.027585744269019233,7.663775443189158,-2.894596884982898,0.7077989816294474,-1.2222842257729232e-08,0.873901931102926
4034.670000001788,1.2776391196233773e-05,0.027368744943232486,7.6402155628428865,-2.891260464875981,0.7077989816294474,-1.2131133397153588e-08,0.8737413311053822
4032.490000002086,1.2777837258559056e-05,0.027368744943232486,7.6402155628428865,-2.891260464875981,0.7077989816294474,-1.2135670985697316e-08,0.8735802582328714
4046.75,1.2719602988549284e-05,0.02736331250196403,7.670796867544585,-2.8978535508199927,0.7077989816294474,-1.2083946497280012e-08,0.8734187696038813
4041.5399999916553,1.2723035909861563e-05,0.02736331250196403,7.670796867544585,-2.8978535508199927,0.7077989816294474,-1.2094924763791209e-08,0.8732569223368994
4047.140000000596,1.2744530030329013e-05,0.027373614125474222,7.643604581458895,-2.892345084027242,0.7077989816294474,-1.2096081715341685e-08,0.8730947735504139
4040.880000002682,1.2723501918907815e-05,0.02736331250196403,7.670796867544585,-2.8978535508199927,0.7077989816294474,-1.2096370071153603e-08,0.8729323803629121
4042.130000002682,1.2722672570445442e-05,0.02736331250196403,7.670796867544585,-2.8978535508199927,0.7077989816294474,-1.2093734820084943e-08,0.872769799892882
4041.920000001788,1.2784585550405116e-05,0.027502095791747276,7.693223488198626,-2.8997748115394626,0.7077989816294474,-1.2154589030572764e-08,0.8726070892588111
4060.4799999967217,1.2829018324653108e-05,0.02759063829850503,7.667095094331415,-2.895662257641593,0.7077989816294474,-1.216006134740227e-08,0.8724443055791875
4050.390000000596,1.2717179757719701e-05,0.02736331250196403,7.670796867544585,-2.8978535508199927,0.7077989816294474,-1.2076180834160544e-08,0.8722815059724988
4046.710000000894,1.2662750375516055e-05,0.027275650161889434,7.762955748749606,-2.9102691493470636,0.7077989816294474,-1.2039349139043075e-08,0.8721187475572326
4042.859999999404,1.2665297543632079e-05,0.027275650161889434,7.762955748749606,-2.9102691493470636,0.7077989816294474,-1.2047483882081621e-08,0.8719560874518768
4032.8500000089407,1.2245001363810205e-05,0.02661765239986255,8.024758235360304,-2.949761333255634,0.7077989816294474,-1.1726772104921875e-08,0.8717935827749193
4035.9100000038743,1.2211343380622e-05,0.026538742962860556,8.026198325240868,-2.9485937384325602,0.7077989816294474,-1.168796004420377e-08,0.8716312906448475
4029.4099999964237,1.2166677605483483e-05,0.026537780138523336,8.051137377169702,-2.953970251332974,0.7077989816294474,-1.1679268573293084e-08,0.8714692681801495
4040.429999999702,1.2159693877423521e-05,0.026537780138523336,8.051137377169702,-2.953970251332974,0.7077989816294474,-1.165700728028856e-08,0.8713075724993127
4037.89999999851,1.2101142671200825e-05,0.02641697488617978,8.016576250869331,-2.9521929932448727,0.7077989816294474,-1.160643309988613e-08,0.871146260720825
4039.2600000053644,1.2160447798601241e-05,0.026537780138523336,8.051137377169702,-2.953970251332974,0.7077989816294474,-1.1659419488413986e-08,0.8709853899631743
4044.509999997914,1.2188811165541459e-05,0.02661673606571819,8.049556271575037,-2.9551102803066094,0.7077989816294474,-1.1681275010244285e-08,0.8708250173448481
4041.2000000029802,1.2159217329168786e-05,0.026537780138523336,8.051137377169702,-2.953970251332974,0.7077989816294474,-1.1655470610607971e-08,0.8706651999843343
4038.710000000894,1.2160796434791363e-05,0.026537780138523336,8.051137377169702,-2.953970251332974,0.7077989816294474,-1.1660536651512787e-08,0.8705059950001207
4051.219999998808,1.2152859103109266e-05,0.026537780138523336,8.051137377169702,-2.953970251332974,0.7077989816294474,-1.1634893691024214e-08,0.8703474595106949
4052.740000002086,1.2151874329075707e-05,0.026537780138523336,8.051137377169702,-2.953970251332974,0.7077989816294474,-1.1631712698469945e-08,0.8701896506345447
4008.5200000032783,1.1015541812653557e-05,0.024572689579505473,8.887452981005548,-3.0766121857333775,0.7077989816294474,-1.0735250033768982e-08,0.8700326254901579
3967.359999999404,1.0421444596775949e-05,0.023025595514133655,9.309665624058997,-3.1372143264149193,0.6075575039285437,-1.0389564237147294e-08,0.8698764411960223
3976.0500000044703,1.0474011943289402e-05,0.023082249541637918,9.17819593057805,-3.1174297520633085,0.6075575039285437,-1.0413452742618288e-08,0.8697211548706254
3979.710000000894,1.0414272152925374e-05,0.023025595514133655,9.309665624058997,-3.1372143264149193,0.6075575039285437,-1.0364478141477171e-08,0.8695668236324553
3980.2699999958277,1.0502935654219009e-05,0.0231423748175317,9.104783873032643,-3.109535474915031,0.6075575039285437,-1.0433571236300437e-08,0.8694135045999992
3991.1600000038743,1.0407605395252328e-05,0.023025595514133655,9.309665624058997,-3.1372143264149193,0.6075575039285437,-1.0340782128730555e-08,0.8692612548917455
3985.8600000068545,1.046826310980045e-05,0.023082249541637918,9.17819593057805,-3.1174297520633085,0.6075575039285437,-1.0393224081772034e-08,0.8691101316261816
3990.5900000035763,1.0407920031172092e-05,0.023025595514133655,9.309665624058997,-3.1372143264149193,0.6075575039285437,-1.0341961253261427e-08,0.8689601919217953
3985.380000002682,1.0411007739121704e-05,0.023025595514133655,9.309665624058997,-3.1372143264149193,0.6075575039285437,-1.0352826625099174e-08,0.8688114928970743
3982.7200000062585,1.047358902695002e-05,0.023124451213000538,9.155780119861372,-3.1183462041156402,0.6075575039285437,-1.0410361478256247e-08,0.8686640916705066
3996.14999999851,1.0404701138505377e-05,0.023025595514133655,9.309665624058997,-3.1372143264149193,0.6075575039285437,-1.03303481013449e-08,0.8685180453605796
3991.670000001788,1.040729905024556e-05,0.023025595514133655,9.309665624058997,-3.1372143264149193,0.6075575039285437,-1.0339693655180058e-08,0.8683734110857813
3901.85000000149,7.617864231253649e-06,0.018042666235289346,11.826325211743605,-3.476621410557268,0.6075575039285437,-7.914335576369202e-09,0.8682302459645991
3904.960000000894,7.585079278198604e-06,0.017987326161467834,11.96316210049154,-3.49155237685567,0.6075575039285437,-7.880933374715022e-09,0.8680886071155213
3897.619999997318,7.881979202636853e-06,0.01818986404144227,11.623681548270175,-3.4478999903676883,0.6189955935892812,-8.262784146143766e-09,0.8679485516570351
3895.2099999934435,7.883108165943774e-06,0.01818986404144227,11.623681548270175,-3.4478999903676883,0.6189955935892812,-8.26709648767544e-09,0.8678101367076286
3901.3700000047684,7.558525607273321e-06,0.017983291703350796,11.997743161698054,-3.498065935763765,0.6075575039285437,-7.8675307333967e-09,0.8676734193857895
3888.25,7.919217065834516e-06,0.018245828465987993,11.489164105648834,-3.4330341029174787,0.6189955935892812,-8.310038532699017e-09,0.8675384568100053
3906.039999999106,7.617891828470527e-06,0.018067589902309895,11.753254355606872,-3.4679641765492093,0.6075575039285437,-7.913828293416399e-09,0.8674053060987642
3900.0,7.880863039403092e-06,0.01818986404144227,11.623681548270175,-3.4478999903676883,0.6189955935892812,-8.258509782900017e-09,0.8672740243705536
3826.789999999106,5.605597964118806e-06,0.013928388277184164,14.57249608440448,-3.81103062300947,0.5031837316805837,-6.112120423712543e-09,0.8671446687438613
3835.3399999961257,5.6028407388662235e-06,0.013928388277184164,14.57249608440448,-3.81103062300947,0.5031837316805837,-6.101971730616015e-09,0.8670172963371751
3822.8000000044703,5.606880655140254e-06,0.013928388277184164,14.57249608440448,-3.81103062300947,0.5031837316805837,-6.1168042025444794e-09,0.8668919642689826
3808.9499999955297,5.615345131097399e-06,0.013922772344026552,14.660997111597418,-3.824684791960428,0.5031837316805837,-6.068665913127429e-09,0.866768729657772
3829.4799999967217,5.604725641079986e-06,0.013928388277184164,14.57249608440448,-3.81103062300947,0.5031837316805837,-6.1089248101188205e-09,0.8666476496220304
3827.6900000050664,5.574223856543363e-06,0.013914551505159793,14.672572131901418,-3.826391716879069,0.5031837316805837,-6.086240479872498e-09,0.866528781280246
3827.369999997318,5.6054224362955554e-06,0.013928388277184164,14.57249608440448,-3.81103062300947,0.5031837316805837,-6.111434986405272e-09,0.8664121817509066
3833.509999997914,5.6034318668766314e-06,0.013928388277184164,14.57249608440448,-3.81103062300947,0.5031837316805837,-6.1041567403880214e-09,0.8662979081524996
3822.880000002682,5.6068520919702275e-06,0.013928388277184164,14.57249608440448,-3.81103062300947,0.5031837316805837,-6.1166772408178295e-09,0.866186017603513
3833.759999997914,5.6033511432916105e-06,0.013928388277184164,14.57249608440448,-3.81103062300947,0.5031837316805837,-6.103858653656332e-09,0.8660765672224345
3821.070000000298,5.607436013863773e-06,0.013928388277184164,14.57249608440448,-3.81103062300947,0.5031837316805837,-6.118824658539454e-09,0.8659696141277518
3842.35000000149,5.56949325933345e-06,0.013914551505159793,14.672572131901418,-3.826391716879069,0.5031837316805837,-6.068747934447038e-09,0.8658652154379527
3823.0499999970198,5.6435525862387746e-06,0.014048428144576734,14.804161446637195,-3.8338478400117477,0.5031837316805837,-6.160791694126213e-09,0.8657634282715249
3833.3499999940395,5.603483524720817e-06,0.013928388277184164,14.57249608440448,-3.81103062300947,0.5031837316805837,-6.104347447482533e-09,0.8656643097469561
3810.6399999931455,5.682442869796561e-06,0.014131162145759445,14.637348638036173,-3.8206582540788383,0.5031837316805837,-6.2127862380221985e-09,0.8655679169827343
3835.8700000047684,5.6742342670832605e-06,0.014131162145759445,14.637348638036173,-3.8206582540788383,0.5031837316805837,-6.1828484074703e-09,0.8654743070973469
3832.920000001788,5.572546981193686e-06,0.013914551505159793,14.672572131901418,-3.826391716879069,0.5031837316805837,-6.080061831617339e-09,0.8653835372092817
3836.060000002384,5.571513688031134e-06,0.013914551505159793,14.672572131901418,-3.826391716879069,0.5031837316805837,-6.076303413027562e-09,0.8652956644370269
3838.280000001192,5.636725071672129e-06,0.014011876830306932,14.413933602070337,-3.798615776786114,0.5031837316805837,-6.13577469506637e-09,0.8652107458990699
3842.89999999851,5.600393028814401e-06,0.013928388277184164,14.57249608440448,-3.81103062300947,0.5031837316805837,-6.09287119568267e-09,0.8651288387138982
4696.369999997318,3.233168787356801e-05,0.06015773102850928,1.4791175452496939,-1.7324794054703732,2.645101290193487,-2.1731989649907015e-08,0.8648984373214944
4041.6099999919534,1.2922079151809314e-05,0.027673893239208353,7.573665712956753,-2.882452644823549,0.7077989816294474,-1.2254153861684644e-08,0.864824865235223
4034.880000002682,1.2975449714388511e-05,0.027680733308850083,7.541500283005185,-2.875531923044668,0.7077989816294474,-1.229032829277409e-08,0.8647527242986827
4035.109999999404,1.2980201489344665e-05,0.02772915295036885,7.4908601881145795,-2.869554831426496,0.7077989816294474,-1.230330907268506e-08,0.8646819832476816
4037.6600000038743,1.292480564315581e-05,0.027673893239208353,7.573665712956753,-2.882452644823549,0.7077989816294474,-1.2262696305928204e-08,0.8646126108180275
4046.810000002384,1.2918610737367186e-05,0.027673893239208353,7.573665712956753,-2.882452644823549,0.7077989816294474,-1.2243096785515906e-08,0.8645445757455286
4050.1900000050664,1.2916354657020031e-05,0.027673893239208353,7.573665712956753,-2.882452644823549,0.7077989816294474,-1.2235855437776498e-08,0.8644778467659924
4048.170000001788,1.2890909160655367e-05,0.027647072669230336,7.621196893592423,-2.8902011419809734,0.7077989816294474,-1.2222781451180816e-08,0.8644123926152271
4039.039999999106,1.292387737288695e-05,0.027673893239208353,7.573665712956753,-2.882452644823549,0.7077989816294474,-1.2259768001388136e-08,0.8643481820290403
4058.789999999106,1.2910495573477994e-05,0.027673893239208353,7.573665712956753,-2.882452644823549,0.7077989816294474,-1.2217040497300593e-08,0.8642851837432403
4060.60000000149,1.288250065214465e-05,0.027647072669230336,7.621196893592423,-2.8902011419809734,0.7077989816294474,-1.2195715010212149e-08,0.8642233664936344
4055.8200000077486,1.2912540972068773e-05,0.027673893239208353,7.573665712956753,-2.882452644823549,0.7077989816294474,-1.2223610604855672e-08,0.864162699016031
4064.5900000035763,1.2906580017451242e-05,0.027673893239208353,7.573665712956753,-2.882452644823549,0.7077989816294474,-1.2204309040049426e-08,0.8641031500462378
4046.890000000596,1.2868131651989028e-05,0.027651976845446225,7.6245068995460805,-2.8912628409929124,0.7077989816294474,-1.221662787063304e-08,0.8640446883200628
4074.8100000098348,1.2899602440914237e-05,0.027673893239208353,7.573665712956753,-2.882452644823549,0.7077989816294474,-1.218146762272673e-08,0.8639872825733135
4069.460000000894,1.2852942413727212e-05,0.027651976845446225,7.6245068995460805,-2.8912628409929124,0.7077989816294474,-1.2167322881879328e-08,0.8639309015417982
4066.25,1.2878662245341594e-05,0.027647072669230336,7.621196893592423,-2.8902011419809734,0.7077989816294474,-1.2183228411676947e-08,0.8638755139613247
4050.0200000032783,1.2866103913395145e-05,0.027651976845446225,7.6245068995460805,-2.8912628409929124,0.7077989816294474,-1.2210020623995487e-08,0.8638210885677008
4069.5500000044703,1.2852881200442288e-05,0.027651976845446225,7.6245068995460805,-2.8912628409929124,0.7077989816294474,-1.216712205311592e-08,0.8637675940967344
4075.960000000894,1.279329646385247e-05,0.027580480902791908,7.6939052354796935,-2.901099407808282,0.7077989816294474,-1.2112673676387864e-08,0.8637149992842336
4075.0899999961257,1.2849108223625122e-05,0.027651976845446225,7.6245068995460805,-2.8912628409929124,0.7077989816294474,-1.2154704125396751e-08,0.8636632728660059
4070.079999998212,1.2703970073463786e-05,0.02736331250196403,7.670796867544585,-2.8978535508199927,0.7077989816294474,-1.2033293258225169e-08,0.8636123835778596
4075.630000002682,1.279356904438218e-05,0.027580480902791908,7.6939052354796935,-2.901099407808282,0.7077989816294474,-1.2113460335960281e-08,0.8635623001556022
4060.5299999937415,1.274370106088047e-05,0.027458129882273884,7.750346768064674,-2.9073554863545836,0.7077989816294474,-1.2092355756512759e-08,0.8635129913350419
4061.2700000032783,1.2803239462136427e-05,0.027580480902791908,7.6939052354796935,-2.901099407808282,0.7077989816294474,-1.2145321588782703e-08,0.8634644258519866
4061.75,1.283298923561452e-05,0.02764186299820648,7.651113333560589,-2.896673509961568,0.7077989816294474,-1.2171406963637034e-08,0.8634165724422439
4086.1299999952316,1.2816448872085091e-05,0.02764186299820648,7.651113333560589,-2.896673509961568,0.7077989816294474,-1.2116742012818463e-08,0.8633693998416219
4087.7700000032783,1.2701738513882768e-05,0.027463850170762465,7.752366654701483,-2.9081153369944635,0.7077989816294474,-1.202276346243838e-08,0.8633228767859283
4051.5699999928474,1.2781357957398518e-05,0.027536661234848974,7.750881049873657,-2.9086787572950286,0.7077989816294474,-1.2144241722831527e-08,0.8632769720109713
4069.689999997616,1.282762784814637e-05,0.02764186299820648,7.651113333560589,-2.896673509961568,0.7077989816294474,-1.2153875033190929e-08,0.8632316542525585
4085.119999997318,1.2758725888190106e-05,0.027536661234848974,7.750881049873657,-2.9086787572950286,0.7077989816294474,-1.206991272578379e-08,0.863186892246498
4082.2000000029802,1.264554054581191e-05,0.027342633895423154,7.720948472609745,-2.9064766338793286,0.7077989816294474,-1.1980201032839818e-08,0.8631426547285974
4074.75,1.2650551508247529e-05,0.027342633895423154,7.720948472609745,-2.9064766338793286,0.7077989816294474,-1.1996864154474591e-08,0.8630989104346651
3915.3799999952316,1.2838507465875632e-05,0.027009980088668045,7.66108195978128,-2.897418694087914,0.7205446862784923,-1.2570252819873595e-08,0.8630556281005085
4088.030000001192,1.2761609294875087e-05,0.02758621792272199,7.695913109141568,-2.901853606963283,0.7077989816294474,-1.2076570906995632e-08,0.8630127764619356
4073.7300000041723,1.2198461661622966e-05,0.026659780614983055,7.988506131612887,-2.9469725103111513,0.7077989816294474,-1.1641826024466186e-08,0.8629703242547545
4072.429999999702,1.222932859474015e-05,0.026720995759923663,7.941101196704356,-2.942035432272447,0.7077989816294474,-1.1671748505184902e-08,0.862928240214773
4082.3499999940395,1.2082591088379354e-05,0.026521100227158784,8.098628102770281,-2.9618593071293366,0.7077989816294474,-1.1542566197964658e-08,0.8628864930777986
4041.539999999106,1.222312433012536e-05,0.026625865272510357,8.045960768150039,-2.954483055180364,0.7077989816294474,-1.1651907895380255e-08,0.8628450515796399
4079.640000000596,1.2224637072852814e-05,0.026720995759923663,7.941101196704356,-2.942035432272447,0.7077989816294474,-1.1656061773783108e-08,0.8628038844561041
4066.189999997616,1.223335759318921e-05,0.026720995759923663,7.941101196704356,-2.942035432272447,0.7077989816294474,-1.1685101850286496e-08,0.8627629604429996
4075.469999998808,1.2086943763418405e-05,0.026521100227158784,8.098628102770281,-2.9618593071293366,0.7077989816294474,-1.1557412074564374e-08,0.862722248276134
4074.75,1.2197737258281069e-05,0.026659780614983055,7.988506131612887,-2.9469725103111513,0.7077989816294474,-1.1639523629486705e-08,0.8626817166913153
4050.0499999970198,1.221529271256284e-05,0.026678071748069073,8.001677005731398,-2.9501407945904825,0.7077989816294474,-1.1697006492634722e-08,0.8626413344243513
4052.039999999106,1.1132821430356477e-05,0.024778976514772184,8.675206351023434,-3.048215181379002,0.7077989816294474,-1.0767291296536396e-08,0.86260107021105
4070.310000002384,1.225586060414511e-05,0.02672917687905529,7.9160449520613625,-2.9368533810233552,0.7077989816294474,-1.1689255416711257e-08,0.8625608927872193
4009.740000002086,1.0070467674364306e-05,0.022891109706619027,9.416065719814553,-3.155777735589994,0.5965734820440878,-9.904572954683581e-09,0.862520770888667
4007.75,1.0104885158873223e-05,0.022991843223629932,9.525315583351832,-3.1679827258808175,0.5965734820440878,-9.946283780871676e-09,0.8624806732512009
4018.420000001788,1.0099317119192354e-05,0.022991843223629932,9.525315583351832,-3.1679827258808175,0.5965734820440878,-9.928487996067523e-09,0.8624405686106292
4006.7700000032783,1.0015010262818811e-05,0.022813654549722145,9.543629462387281,-3.1726662018083998,0.5965734820440878,-9.864505685502957e-09,0.8624004257027597
4016.7200000062585,1.0131959245668178e-05,0.02307203535302017,9.507616401105007,-3.167697838049205,0.5965734820440878,-9.96409381380847e-09,0.8623602132634
4006.60000000149,1.0137199901390056e-05,0.02307203535302017,9.507616401105007,-3.167697838049205,0.5965734820440878,-9.980935443266641e-09,0.8623199000283582
4014.85000000149,1.0132919966278104e-05,0.02307203535302017,9.507616401105007,-3.167697838049205,0.5965734820440878,-9.967212318541965e-09,0.8622794547334421
4017.210000000894,1.0131661317435888e-05,0.02307203535302017,9.507616401105007,-3.167697838049205,0.5965734820440878,-9.963233782177493e-09,0.8622388461144597
4025.460000000894,1.0127376888861816e-05,0.02307203535302017,9.507616401105007,-3.167697838049205,0.5965734820440878,-9.949274751191601e-09,0.8621980429072188
3929.829999998212,7.704249327681369e-06,0.01826368514626642,11.814160820162465,-3.4738662896837944,0.6075575039285437,-7.974464203102544e-09,0.8621570138475274
3927.25,7.70535303158161e-06,0.01826368514626642,11.814160820162465,-3.4738662896837944,0.6075575039285437,-7.978264647121146e-09,0.8621157276711934
3936.4299999922514,7.673514007624071e-06,0.01825984532298983,11.847342327804013,-3.480168897264136,0.6075575039285437,-7.946559930399511e-09,0.8620741531140245
3939.579999998212,7.574296837120015e-06,0.018038677957073954,11.860434635378736,-3.4830808202413976,0.6075575039285437,-7.842559263118192e-09,0.8620322589118287
3934.3000000044703,7.611456157911277e-06,0.018149044186349085,12.021777893168089,-3.4998657787793626,0.6075575039285437,-7.89125243562287e-09,0.861990013800414
3928.7700000032783,7.578784838658e-06,0.018038677957073954,11.860434635378736,-3.4830808202413976,0.6075575039285437,-7.858252756493843e-09,0.8619473865155881
3902.880000010133,7.689543240697603e-06,0.018139701775051444,11.77870053908609,-3.475669729866781,0.6075575039285437,-7.8571209447106e-09,0.861904345793159
3861.3799999952316,5.6658138411263305e-06,0.014131162145759445,14.637348638036173,-3.8206582540788383,0.5031837316805837,-6.151180725533533e-09,0.8618608603689344
3860.3499999940395,5.563665729860522e-06,0.013914551505159793,14.672572131901418,-3.826391716879069,0.5031837316805837,-6.046695785430353e-09,0.8618168989787225
3856.5599999949336,5.564867563252007e-06,0.013914551505159793,14.672572131901418,-3.826391716879069,0.5031837316805837,-6.051342162799206e-09,0.861772430358331
3844.3700000047684,5.604571767515077e-06,0.013922772344026552,14.660997111597418,-3.824684791960428,0.5031837316805837,-6.0253553069766226e-09,0.8617274232435679
3858.0199999958277,5.66691793785012e-06,0.014131162145759445,14.637348638036173,-3.8206582540788383,0.5031837316805837,-6.155435537767138e-09,0.8616818463702408
3868.259999997914,5.561102397253016e-06,0.013914551505159793,14.672572131901418,-3.826391716879069,0.5031837316805837,-6.036827423725668e-09,0.8616356684741581
3861.9500000029802,5.563160289357047e-06,0.013914551505159793,14.672572131901418,-3.826391716879069,0.5031837316805837,-6.044735703824826e-09,0.8615888582911271
3853.3000000044703,5.637463346699459e-06,0.014117614928947886,14.734922000870583,-3.8356602026456543,0.5031837316805837,-6.136665980924655e-09,0.8615413845569562
3864.7900000065565,5.597016346930478e-06,0.013998168378352853,14.512071241359394,-3.813774621536392,0.5031837316805837,-6.078316406181414e-09,0.861493216007453
3864.4400000050664,5.633794413415116e-06,0.014117614928947886,14.734922000870583,-3.8356602026456543,0.5031837316805837,-6.1226580705058395e-09,0.8614443213784255
3858.789999999106,5.564166655610882e-06,0.013914551505159793,14.672572131901418,-3.826391716879069,0.5031837316805837,-6.048639410329631e-09,0.8613946694056815
3863.4100000038743,5.634134471183225e-06,0.014117614928947886,14.734922000870583,-3.8356602026456543,0.5031837316805837,-6.12396408124354e-09,0.8613442288250289
3864.7700000032783,5.56224137008541e-06,0.013914551505159793,14.672572131901418,-3.826391716879069,0.5031837316805837,-6.041211507318378e-09,0.8612929683722758
3864.2000000029802,5.562402312850511e-06,0.013914551505159793,14.672572131901418,-3.826391716879069,0.5031837316805837,-6.041907021184636e-09,0.8612408567832297
3871.079999998212,5.59682947895292e-06,0.014034755394176316,14.903674389435757,-3.8490497429646555,0.5031837316805837,-6.077104172515493e-09,0.8611878627936989
3869.109999999404,5.560824707707133e-06,0.013914551505159793,14.672572131901418,-3.826391716879069,0.5031837316805837,-6.0357558893195856e-09,0.8611339551394909
3865.539999999106,5.596770213347379e-06,0.013998168378352853,14.512071241359394,-3.813774621536392,0.5031837316805837,-6.0773706130667515e-09,0.8610791025564138
3844.4500000029802,5.640363939450815e-06,0.014117614928947886,14.734922000870583,-3.8356602026456543,0.5031837316805837,-6.147609571255511e-09,0.8610232737802755
3869.820000000298,5.695917054483947e-06,0.014179051901326631,14.422072813053951,-3.7963825636280433,0.5031837316805837,-6.1711339738862985e-09,0.860966437546884
3866.140000000596,5.633232783967659e-06,0.014117614928947886,14.734922000870583,-3.8356602026456543,0.5031837316805837,-6.120497695403447e-09,0.8609085625920468
3752.570000000298,6.835822739105209e-06,0.015924458988049825,12.840652364399983,-3.6004302987972605,0.4618817047103702,-7.510108062148039e-09,0.8608496176515723
3842.5299999937415,5.369914821829292e-06,0.013594658641898516,15.247523700537542,-3.896933752060406,0.5031837316805837,-5.875945216177816e-09,0.860789571461268
3867.990000002086,5.663634970325078e-06,0.014131162145759445,14.637348638036173,-3.8206582540788383,0.5031837316805837,-6.1427916450242064e-09,0.860728392756942
3867.320000000298,5.632842676970646e-06,0.014117614928947886,14.734922000870583,-3.8356602026456543,0.5031837316805837,-6.118994611230863e-09,0.860666050274402
3877.219999998808,5.594804933195305e-06,0.014034755394176316,14.903674389435757,-3.8490497429646555,0.5031837316805837,-6.069236226399263e-09,0.8606025127494561
3871.820000000298,5.6313529516506485e-06,0.014117614928947886,14.734922000870583,-3.8356602026456543,0.5031837316805837,-6.113235996113469e-09,0.8605377489179119
3885.0900000035763,5.62694124981491e-06,0.014117614928947886,14.734922000870583,-3.8356602026456543,0.5031837316805837,-6.096010680521308e-09,0.8604717275155775
3871.3400000035763,5.631512008754121e-06,0.014117614928947886,14.734922000870583,-3.8356602026456543,0.5031837316805837,-6.1138522482648044e-09,0.8604044172782609
3876.3300000056624,5.629856694806521e-06,0.014117614928947886,14.734922000870583,-3.8356602026456543,0.5031837316805837,-6.10742250570686e-09,0.8603357869417699
3879.8500000089407,5.659679510430284e-06,0.014131162145759445,14.637348638036173,-3.8206582540788383,0.5031837316805837,-6.1274561531090235e-09,0.8602658052419122
3871.9700000062585,5.631289546572057e-06,0.014117614928947886,14.734922000870583,-3.8356602026456543,0.5031837316805837,-6.113013593626936e-09,0.8601944409144959
3871.530000001192,5.256524034167187e-06,0.013345026923530193,15.429599034005005,-3.9152536592593052,0.5031837316805837,-5.729563473151614e-09,0.8601216626953287
3863.6600000038743,5.227909877791647e-06,0.013335873155534842,15.513134087133075,-3.928468300713362,0.5031837316805837,-5.714300011236434e-09,0.8600474393202189
3879.7200000062585,5.2539720573983306e-06,0.013345026923530193,15.429599034005005,-3.9152536592593052,0.5031837316805837,-5.719599511320418e-09,0.8599717395249737
3866.9099999964237,5.2269362280264685e-06,0.013335873155534842,15.513134087133075,-3.928468300713362,0.5031837316805837,-5.710454687688496e-09,0.8598945320454018
3874.6699999943376,5.25556217604365e-06,0.013345026923530193,15.429599034005005,-3.9152536592593052,0.5031837316805837,-5.7257687368631594e-09,0.8598157856173104
3878.4499999955297,5.223395023103424e-06,0.013335873155534842,15.513134087133075,-3.928468300713362,0.5031837316805837,-5.696597316283245e-09,0.8597354689765077
3878.390000000596,5.188648679936391e-06,0.013253349842635384,15.714163507851183,-3.944622209069776,0.5031837316805837,-5.659618046383643e-09,0.8596535508588017
4727.420000001788,2.7357187755029093e-05,0.05352137833930492,2.189268280484188,-1.914419752440854,2.442580701767691,-1.9332585737821934e-08,0.8593862813320062
4071.9100000038743,1.2796093622422885e-05,0.027580480902791908,7.6939052354796935,-2.901099407808282,0.7077989816294474,-1.2121794665426037e-08,0.8592834372433475
4080.60000000149,1.3018884926465987e-05,0.027952257289396074,7.555930977248469,-2.881535518224373,0.7077989816294474,-1.228772537388995e-08,0.859173481336215
4071.320000000298,1.2878456567848321e-05,0.027678813643989133,7.57695178570491,-2.883511619515118,0.7077989816294474,-1.2180550160749174e-08,0.8590565721240837
4089.3199999928474,1.2927746037670148e-05,0.02781752595559791,7.599201225490269,-2.885467135069301,0.7077989816294474,-1.2199528410020511e-08,0.8589328681204293
4076.9499999955297,1.2847793023685511e-05,0.027651976845446225,7.6245068995460805,-2.8912628409929124,0.7077989816294474,-1.2150462154092276e-08,0.8588025278387275
4091.329999998212,1.2837943727756904e-05,0.027651976845446225,7.6245068995460805,-2.8912628409929124,0.7077989816294474,-1.2117543371825234e-08,0.8586657097924534
4096.270000003278,1.286133939480893e-05,0.027678813643989133,7.57695178570491,-2.883511619515118,0.7077989816294474,-1.2123540934277123e-08,0.8585225724950826
4090.8600000068545,1.2813183675610624e-05,0.02764186299820648,7.651113333560589,-2.896673509961568,0.7077989816294474,-1.2105851462307469e-08,0.8583732744600905
4097.170000001788,1.2755362906291671e-05,0.02758621792272199,7.695913109141568,-2.901853606963283,0.7077989816294474,-1.2055486475256122e-08,0.8582179742009525
4100.0,1.280690381654647e-05,0.02764186299820648,7.651113333560589,-2.896673509961568,0.7077989816294474,-1.2084625527620284e-08,0.8580568302311441
4095.060000002384,1.27867965183163e-05,0.027647608285391364,7.653122663472278,-2.897425749225898,0.7077989816294474,-1.2087384673924924e-08,0.8578900010641409
4088.929999999702,1.2790976321033025e-05,0.027647608285391364,7.653122663472278,-2.897425749225898,0.7077989816294474,-1.2101501127100422e-08,0.8577176452134181
4105.009999997914,1.2287274868482817e-05,0.02735902150271145,7.926682294995111,-2.941026990741759,0.6955381149147434,-1.1536071028454569e-08,0.8575399211924514
4075.820000000298,1.2227127600826793e-05,0.026720995759923663,7.941101196704356,-2.942035432272447,0.7077989816294474,-1.1664403562740722e-08,0.8573569875147159
4090.1299999952316,1.230779003160563e-05,0.026903675987664744,7.997540269266837,-2.9477913065739325,0.7077989816294474,-1.1715992058638377e-08,0.8571690026936875
4086.6400000080466,1.2278414230390692e-05,0.026824763638303935,7.998624633511252,-2.9466175112115565,0.7077989816294474,-1.1691429111393849e-08,0.8569761252428411
4081.5,1.2256688175545601e-05,0.026816633335694725,8.023648213348965,-2.9517772444237114,0.7077989816294474,-1.168990610042566e-08,0.8567785136756527
4085.619999997318,1.2254013256869626e-05,0.026816633335694725,8.023648213348965,-2.9517772444237114,0.7077989816294474,-1.16808021558017e-08,0.8565763265055973
4092.079999998212,1.2216522458353559e-05,0.026720995759923663,7.941101196704356,-2.942035432272447,0.7077989816294474,-1.1628625943992384e-08,0.8563697222461507
4089.5299999937415,1.2283052383320576e-05,0.026895591131255225,8.022420175973883,-2.9529255380419235,0.7077989816294474,-1.170442718741943e-08,0.8561588594107883
4097.7200000062585,1.2246052108899755e-05,0.026816633335694725,8.023648213348965,-2.9517772444237114,0.7077989816294474,-1.165377593698893e-08,0.8559438965129852
4086.810000002384,1.2253214934041503e-05,0.026816633335694725,8.023648213348965,-2.9517772444237114,0.7077989816294474,-1.1678177352050369e-08,0.8557249920662173
4090.3399999961257,1.2250901275670108e-05,0.026816633335694725,8.023648213348965,-2.9517772444237114,0.7077989816294474,-1.1670326720241996e-08,0.8555023045839597
4091.3300000056624,1.22502517288389e-05,0.026816633335694725,8.023648213348965,-2.9517772444237114,0.7077989816294474,-1.166811731639439e-08,0.8552759925796882
4105.7099999934435,1.1768028545960017e-05,0.02653543985138204,8.305065334284384,-2.995786362149882,0.6955381149147434,-1.112422243610556e-08,0.8550462145668778
4094.719999998808,1.2214745456755783e-05,0.026720995759923663,7.941101196704356,-2.942035432272447,0.7077989816294474,-1.1622647615120868e-08,0.8548131290590043
4094.759999997914,1.2224477549836472e-05,0.026824850232790052,8.021572920154128,-2.9515352998449202,0.7077989816294474,-1.1651622021339608e-08,0.854576894569543
4095.0,1.2279451777682334e-05,0.026895591131255225,8.022420175973883,-2.9529255380419235,0.7077989816294474,-1.169215794953122e-08,0.8543376696119694
4098.820000000298,1.2245310544560321e-05,0.026816633335694725,8.023648213348965,-2.9517772444237114,0.7077989816294474,-1.1651252651572917e-08,0.854095612699759
4104.2200000062585,1.1799235746054448e-05,0.026613533722284182,8.303873842297905,-2.9969438119591367,0.6955381149147434,-1.1157544541671988e-08,0.8538508823463872
4099.670000001788,1.2244768092623779e-05,0.026816633335694725,8.023648213348965,-2.9517772444237114,0.7077989816294474,-1.164937167621964e-08,0.8536036370653294
4095.670000001788,1.2247400741546118e-05,0.026816633335694725,8.023648213348965,-2.9517772444237114,0.7077989816294474,-1.165839205813734e-08,0.8533540353700609
4090.2200000062585,1.2282557080254646e-05,0.026895591131255225,8.022420175973883,-2.9529255380419235,0.7077989816294474,-1.17028362904152e-08,0.8531022357740576
4102.0999999940395,1.1800458945224918e-05,0.026613533722284182,8.303873842297905,-2.9969438119591367,0.6955381149147434,-1.116124716261219e-08,0.8528483967907945
4115.289999999106,1.17624958028048e-05,0.02653543985138204,8.305065334284384,-2.995786362149882,0.6955381149147434,-1.1107319881000675e-08,0.8525926769337474
4114.229999996722,1.1740366343998505e-05,0.02654334719241696,8.303025236985698,-2.995554100948541,0.6955381149147434,-1.1100447648684505e-08,0.8523352347163914
4107.210000008345,1.1744413757838871e-05,0.02654334719241696,8.303025236985698,-2.995554100948541,0.6955381149147434,-1.1112835511810573e-08,0.8520762286522023
4105.969999998808,1.171326192645205e-05,0.026448805519338276,8.218920016657847,-2.985750702054602,0.6955381149147434,-1.1079151568662333e-08,0.8518158172546553
4047.0499999970198,1.0063974748940316e-05,0.02305566913386429,9.570892308687561,-3.1791917206083147,0.5965734820440878,-9.881290559193855e-09,0.851554159037226
4044.1000000089407,1.0033835489421864e-05,0.022975369329323436,9.589078198695052,-3.1795449627373076,0.5965734820440878,-9.853921143786562e-09,0.8512914125133896
4046.9599999934435,1.0089208990003827e-05,0.02305434673983339,9.559353867038828,-3.1764957758093355,0.5965734820440878,-9.894414961436836e-09,0.8510277361966216
4053.390000000596,1.0087424706261277e-05,0.02307338190168391,9.51906446809909,-3.170382915289334,0.5965734820440878,-9.88744486875687e-09,0.850763288600398
4021.890000000596,1.0077186413276737e-05,0.02305566913386429,9.570892308687561,-3.1791917206083147,0.5965734820440878,-9.924858106988919e-09,0.8504982282381935
4051.85000000149,1.0088200952986912e-05,0.02307338190168391,9.51906446809909,-3.170382915289334,0.5965734820440878,-9.890167493470453e-09,0.850232713623484
4053.719999998808,1.0060445597262468e-05,0.02305566913386429,9.570892308687561,-3.1791917206083147,0.5965734820440878,-9.869427800602889e-09,0.8499669032697447
4037.109999999404,1.0004129858772465e-05,0.022874512491393877,9.479922572313603,-3.1673951079391647,0.5965734820440878,-9.827845855894468e-09,0.8497009556904513
4035.5599999949336,1.0069985369834501e-05,0.02305566913386429,9.570892308687561,-3.1791917206083147,0.5965734820440878,-9.901388086647163e-09,0.849435029399079
4042.429999999702,1.0118424144418601e-05,0.02307203535302017,9.507616401105007,-3.167697838049205,0.5965734820440878,-9.919854702150988e-09,0.8491692829091034
4041.7099999934435,1.0066792143579453e-05,0.02305566913386429,9.570892308687561,-3.1791917206083147,0.5965734820440878,-9.890693544874134e-09,0.848903874734
3955.8099999949336,7.792807851293133e-06,0.01851149939243438,11.774734109991504,-3.471501308228435,0.6075575039285437,-8.040234423305157e-09,0.848638963387244
3956.8000000044703,7.792380112416954e-06,0.01851149939243438,11.774734109991504,-3.471501308228435,0.6075575039285437,-8.038701144403585e-09,0.8483747073823111
3874.5599999949336,5.694328467048583e-06,0.014179051901326631,14.422072813053951,-3.7963825636280433,0.5031837316805837,-6.164993647190842e-09,0.8481112652326765
3865.719999998808,5.664389486663564e-06,0.014131162145759445,14.637348638036173,-3.8206582540788383,0.5031837316805837,-6.145693504846639e-09,0.8478487954518161
3872.5599999949336,5.731625058318401e-06,0.014298646161482728,14.647616394467644,-3.8186102533868285,0.5031837316805837,-6.211383863696122e-09,0.8475874565532049
3881.829999998212,5.7284914920917205e-06,0.014298646161482728,14.647616394467644,-3.8186102533868285,0.5031837316805837,-6.199155842154022e-09,0.8473274070503185
3876.7699999958277,5.730222947414357e-06,0.014298646161482728,14.647616394467644,-3.8186102533868285,0.5031837316805837,-6.205897367998132e-09,0.8470688054566323
3875.5299999937415,5.730642021503589e-06,0.014298646161482728,14.647616394467644,-3.8186102533868285,0.5031837316805837,-6.207525919440407e-09,0.8468118102856218
3901.1299999952316,5.390105025666176e-06,0.013954193355229206,15.177881602511299,-3.889298622447327,0.4936191872801263,-5.783112864922562e-09,0.8465565800507626
3888.810000002384,5.6256995231800846e-06,0.014117614928947886,14.734922000870583,-3.8356602026456543,0.5031837316805837,-6.091116794279313e-09,0.8463032732655299
3887.390000000596,5.626173772718766e-06,0.014117614928947886,14.734922000870583,-3.8356602026456543,0.5031837316805837,-6.092988243943766e-09,0.8460520484433991
3891.710000000894,5.6247300000945815e-06,0.014117614928947886,14.734922000870583,-3.8356602026456543,0.5031837316805837,-6.0872819736929036e-09,0.845803064097846
3889.539999999106,5.625455595360874e-06,0.014117614928947886,14.734922000870583,-3.8356602026456543,0.5031837316805837,-6.0901531009756036e-09,0.8455564787423457
3898.5,5.75752628714433e-06,0.01438158990533146,14.48844852828256,-3.806040346839132,0.5031837316805837,-6.2136836877119536e-09,0.8453124508903739
3914.310000002384,5.774851023149938e-06,0.014741967635159812,14.443048790676627,-3.8018889867410954,0.4936191872801263,-6.1562988596400795e-09,0.845071139055406
3891.2700000032783,5.6248771852251395e-06,0.014117614928947886,14.734922000870583,-3.8356602026456543,0.5031837316805837,-6.087864917538622e-09,0.8448327017509173
3903.0,5.389560514007851e-06,0.013954193355229206,15.177881602511299,-3.889298622447327,0.4936191872801263,-5.781208044790381e-09,0.8445972974903834
3904.0900000035763,5.389242890129123e-06,0.013954193355229206,15.177881602511299,-3.889298622447327,0.4936191872801263,-5.780094743842012e-09,0.8443650847872795
3894.35000000149,5.6238462507148654e-06,0.014117614928947886,14.734922000870583,-3.8356602026456543,0.5031837316805837,-6.0837759889793675e-09,0.8441362221550813
3912.3499999940395,5.386820410708097e-06,0.013954193355229206,15.177881602511299,-3.889298622447327,0.4936191872801263,-5.771552110450355e-09,0.8439108681072642
3911.0699999928474,5.387204839243078e-06,0.013954193355229206,15.177881602511299,-3.889298622447327,0.4936191872801263,-5.772913108752676e-09,0.8436891811573036
3913.9800000041723,5.386333748567236e-06,0.013954193355229206,15.177881602511299,-3.889298622447327,0.4936191872801263,-5.769864588559917e-09,0.8434713198186752
3898.4400000050664,5.622457342065708e-06,0.014117614928947886,14.734922000870583,-3.8356602026456543,0.5031837316805837,-6.078287047482554e-09,0.8432574426048541
3905.2700000032783,5.423944200776811e-06,0.014072937183673199,15.408243030078793,-3.911591588317579,0.4936191872801263,-5.820210440120439e-09,0.8430477080293158
3918.079999998212,5.420155150938724e-06,0.014072937183673199,15.408243030078793,-3.911591588317579,0.4936191872801263,-5.806809184766473e-09,0.8428422746055358
3912.539999999106,5.421789618752763e-06,0.014072937183673199,15.408243030078793,-3.911591588317579,0.4936191872801263,-5.812631873282757e-09,0.8426413008469897
3965.960000000894,3.985033030170366e-06,0.01133841947087704,18.58900817467949,-4.2695705825276535,0.4936191872801263,-4.349396631338765e-09,0.8424449452671529
4000.009999997914,4.526111847240231e-06,0.012381930185635555,17.132085628517384,-4.119153348811828,0.4936191872801263,-4.860566838091599e-09,0.8422533663795007
3993.740000002086,4.494632652466968e-06,0.012300456069276301,17.383476540615035,-4.139308567308123,0.4936191872801263,-4.832549661845773e-09,0.8420667226975085
4010.2300000041723,4.280143609083739e-06,0.012159341820013776,17.914464982376277,-4.201314491304613,0.4844439338352439,-4.565051450387852e-09,0.8418851727346519
3967.140000000596,4.471715277396288e-06,0.012299960341002931,17.423120964890895,-4.146057201647141,0.4936191872801263,-4.835684270412264e-09,0.8417088750044063
3990.14999999851,4.594899136495823e-06,0.0125451380145808,17.136196576374726,-4.114129757830023,0.4936191872801263,-4.939998807617715e-09,0.8415379880202473
4000.009999997914,4.4633961800459325e-06,0.012299960341002931,17.423120964890895,-4.146057201647141,0.4936191872801263,-4.802907985284868e-09,0.8413726702956501
3990.8700000047684,4.465733599151577e-06,0.012299960341002931,17.423120964890895,-4.146057201647141,0.4936191872801263,-4.812203874139024e-09,0.8412130803440901
3993.7299999967217,4.465008221027535e-06,0.012299960341002931,17.423120964890895,-4.146057201647141,0.4936191872801263,-4.80931549807735e-09,0.8410593766790433
3975.3999999910593,3.982888362772563e-06,0.01133841947087704,18.58900817467949,-4.2695705825276535,0.4936191872801263,-4.341035706657255e-09,0.8409117178139844
3976.5299999937415,4.015781512882539e-06,0.011418854754415637,18.27607374243263,-4.244269488326985,0.4936191872801263,-4.3746334277274565e-09,0.8407702622623896
3989.0400000065565,3.979833904175593e-06,0.01133841947087704,18.58900817467949,-4.2695705825276535,0.4936191872801263,-4.328806147005124e-09,0.8406351685377337
3983.2099999934435,3.98114906975096e-06,0.01133841947087704,18.58900817467949,-4.2695705825276535,0.4936191872801263,-4.334071299081407e-09,0.8405065951534925
3976.8300000056624,3.98258424423201e-06,0.01133841947087704,18.58900817467949,-4.2695705825276535,0.4936191872801263,-4.339779186047641e-09,0.8403847006231412
3973.2999999970198,3.519262766178362e-06,0.010225207970930588,19.89337092139164,-4.412713107652945,0.4936191872801263,-3.8565662101303164e-09,0.8402696434601555
3967.2399999946356,3.5204623131484667e-06,0.010225207970930588,19.89337092139164,-4.412713107652945,0.4936191872801263,-3.861318121576367e-09,0.8401615821780107
3959.960000000894,3.5533275561262023e-06,0.010254386330950889,19.60315284745659,-4.378121847586971,0.4936191872801263,-3.895857300572338e-09,0.8400606752901824
3967.7700000032783,3.4871962934469393e-06,0.010146728416636419,20.30653837511766,-4.446362202506977,0.4936191872801263,-3.826239423905577e-09,0.839967081310146
3952.789999999106,3.2909864447888616e-06,0.009679246090375473,21.099548642893634,-4.5279778297874,0.3299742842369207,-3.628466876939507e-09,0.8398809587513767
3957.4000000059605,3.2901398830240257e-06,0.009679246090375473,21.099548642893634,-4.5279778297874,0.3299742842369207,-3.625156808500162e-09,0.8398024661273503
3953.679999999702,3.255888137707316e-06,0.009548847459504184,20.745951044671227,-4.496460498478635,0.3299742842369207,-3.586916442849781e-09,0.8397317619515421
3956.8600000068545,3.255296832520597e-06,0.009548847459504184,20.745951044671227,-4.496460498478635,0.3299742842369207,-3.5846451193305054e-09,0.8396690047374276
3879.5999999940395,4.411546766400664e-06,0.011828231113824745,17.202852023256135,-4.123100516892972,0.5031837316805837,-4.879155006776983e-09,0.839614352998482
3879.560000002384,3.932550496459832e-06,0.010859209727113529,18.393579496922477,-4.249579110666736,0.5031837316805837,-4.3843591560557505e-09,0.839567965248181
4623.469999998808,2.6671179123304604e-05,0.05166353493090874,2.384874675383882,-1.9619894885210762,2.3724472558739405,-1.954355622156192e-08,0.8394642422496418
4046.390000000596,1.0116324507130032e-05,0.02307203535302017,9.507616401105007,-3.167697838049205,0.5965734820440878,-9.91286689903976e-09,0.8394325732711938
4041.39999999851,1.0118989636147972e-05,0.02307203535302017,9.507616401105007,-3.167697838049205,0.5965734820440878,-9.921692584005148e-09,0.8394016899755052
3973.310000002384,7.7852170377901e-06,0.01851149939243438,11.774734109991504,-3.471501308228435,0.6075575039285437,-8.01276265461623e-09,0.8393715766762799
3885.0499999970198,5.657938192067333e-06,0.014131162145759445,14.637348638036173,-3.8206582540788383,0.5031837316805837,-6.120640413867172e-09,0.8393422176872223
3894.070000000298,5.62393438225661e-06,0.014117614928947886,14.734922000870583,-3.8356602026456543,0.5031837316805837,-6.08411504035787e-09,0.8393135973220358
3890.670000001788,5.6250778431890916e-06,0.014117614928947886,14.734922000870583,-3.8356602026456543,0.5031837316805837,-6.088659201876492e-09,0.8392856998944247
3892.060000002384,5.624612899289187e-06,0.014117614928947886,14.734922000870583,-3.8356602026456543,0.5031837316805837,-6.086817985248504e-09,0.839258509718093
3887.2200000062585,5.62623052779811e-06,0.014117614928947886,14.734922000870583,-3.8356602026456543,0.5031837316805837,-6.093212013318291e-09,0.8392320111067447
3893.25,5.624214612621238e-06,0.014117614928947886,14.734922000870583,-3.8356602026456543,0.5031837316805837,-6.085238548909455e-09,0.8392061883740838
3906.6800000071526,5.124058019897644e-06,0.013328586553427045,15.371173746932087,-3.9139742788589458,0.4936191872801263,-5.50155509514053e-09,0.8391810258338143
3890.369999997318,5.590449062207333e-06,0.014034755394176316,14.903674389435757,-3.8490497429646555,0.5031837316805837,-6.052125507129289e-09,0.8391565077996399
3902.780000001192,5.389624600615623e-06,0.013954193355229206,15.177881602511299,-3.889298622447327,0.4936191872801263,-5.781432479362146e-09,0.8391326185852651
3889.0999999940395,5.625602630384989e-06,0.014117614928947886,14.734922000870583,-3.8356602026456543,0.5031837316805837,-6.0907340880730955e-09,0.8391093425043937
3903.9000000059605,5.3892883169210354e-06,0.013954193355229206,15.177881602511299,-3.889298622447327,0.4936191872801263,-5.780254516350173e-09,0.8390866638707295
3905.7099999934435,5.3887705060950425e-06,0.013954193355229206,15.177881602511299,-3.889298622447327,0.4936191872801263,-5.778436025751038e-09,0.8390645669979767
3905.429999999702,5.388852179987946e-06,0.013954193355229206,15.177881602511299,-3.889298622447327,0.4936191872801263,-5.778723067022107e-09,0.8390430361998393
3921.60000000149,5.3841168816692056e-06,0.013954193355229206,15.177881602511299,-3.889298622447327,0.4936191872801263,-5.761907559418597e-09,0.8390220557900211
3921.85000000149,5.38404337350198e-06,0.013954193355229206,15.177881602511299,-3.889298622447327,0.4936191872801263,-5.761643767879404e-09,0.8390016100822264
3917.8899999931455,5.385196209816495e-06,0.013954193355229206,15.177881602511299,-3.889298622447327,0.4936191872801263,-5.765782039646473e-09,0.8389816833901589
3921.5200000032783,5.384140402377751e-06,0.013954193355229206,15.177881602511299,-3.889298622447327,0.4936191872801263,-5.761991948229301e-09,0.8389622600275227
3915.1799999922514,5.386001477393895e-06,0.013954193355229206,15.177881602511299,-3.889298622447327,0.4936191872801263,-5.768641997790388e-09,0.8389433243080219
3919.179999999702,5.384810053095902e-06,0.013954193355229206,15.177881602511299,-3.889298622447327,0.4936191872801263,-5.764426293597712e-09,0.8389248605453604
3930.6200000047684,5.381459003277394e-06,0.013954193355229206,15.177881602511299,-3.889298622447327,0.4936191872801263,-5.752316670864921e-09,0.8389068530532421
3922.4500000029802,5.383866917081689e-06,0.013954193355229206,15.177881602511299,-3.889298622447327,0.4936191872801263,-5.761010195321521e-09,0.8388892861453714
3913.5,4.997882059484853e-06,0.013180963731004297,15.97326873842507,-3.9829555399450673,0.4936191872801263,-5.383586985427491e-09,0.8388721441354516
3910.6499999910593,4.998656371998946e-06,0.013180963731004297,15.97326873842507,-3.9829555399450673,0.4936191872801263,-5.386351943134911e-09,0.8388554113371874
3918.070000000298,4.996632952953636e-06,0.013180963731004297,15.97326873842507,-3.9829555399450673,0.4936191872801263,-5.379107524102269e-09,0.8388390720642824
3908.859999999404,4.999142135910754e-06,0.013180963731004297,15.97326873842507,-3.9829555399450673,0.4936191872801263,-5.388081317170636e-09,0.8388231106304407
3917.2100000083447,4.90234688719974e-06,0.0130480818139829,16.50388733622046,-4.039258731900011,0.4936191872801263,-5.29230281762582e-09,0.8388075113493663
3915.3400000035763,4.836352294318411e-06,0.012884335355810022,16.498560480866242,-4.043392500280847,0.4936191872801263,-5.2237832667159435e-09,0.8387922585347631
3910.469999998808,4.869146883120779e-06,0.012926905199961062,16.250589096176135,-4.015276775782153,0.4936191872801263,-5.2575234638701034e-09,0.8387773365003353
3906.9400000050664,4.870060003574617e-06,0.012926905199961062,16.250589096176135,-4.015276775782153,0.4936191872801263,-5.260788401806325e-09,0.8387627295597867
3400.0,6.5714285714345345e-06,0.013928689937009311,13.449670251432238,-3.674122338864399,0.5007115883735379,-8.011755070579161e-09,0.8387484220268214
3846.9500000029802,3.940082150534142e-06,0.010859209727113529,18.393579496922477,-4.249579110666736,0.5031837316805837,-4.414400997097823e-09,0.8387343982151433
3916.7200000062585,4.902498081126713e-06,0.0130480818139829,16.50388733622046,-4.039258731900011,0.4936191872801263,-5.29279397395514e-09,0.8387206424384567
3899.060000002384,5.081912823226387e-06,0.013079025095009848,15.78444438524027,-3.96049210061863,0.5031837316805837,-5.5356988478627695e-09,0.8387071390104651
3913.530000001192,4.86833691304949e-06,0.012926905199961062,16.250589096176135,-4.015276775782153,0.4936191872801263,-5.2546235911232855e-09,0.8386938722448727
3918.759999997914,4.803930151480848e-06,0.012839629961995586,16.537655670705067,-4.04376890223146,0.4936191872801263,-5.191092798647821e-09,0.8386808264553838
3923.1699999943376,4.736307770850413e-06,0.012674874319865729,16.53321021238165,-4.047984074103181,0.4936191872801263,-5.116668155576928e-09,0.838667985955702
3888.060000002384,4.5445118490419285e-06,0.012073466351615448,16.91399283865689,-4.0908702616824195,0.5031837316805837,-5.005988338316261e-09,0.8386553350595314
3898.25,4.5417512221524165e-06,0.012073466351615448,16.91399283865689,-4.0908702616824195,0.5031837316805837,-4.9947829081462845e-09,0.8386428580805763
3916.4700000062585,4.349491828430728e-06,0.011932227318505479,17.40526676023163,-4.146892582899574,0.4936191872801263,-4.736350015182573e-09,0.8386305393325401
3901.869999997318,4.258360903275448e-06,0.011813954130396959,17.98586808153977,-4.205744187309135,0.4936191872801263,-4.660948431619436e-09,0.8386183631291273
3890.5200000032783,3.929978830651118e-06,0.010859209727113529,18.393579496922477,-4.249579110666736,0.5031837316805837,-4.373911316152527e-09,0.8386063137840418
3875.810000002384,3.933427995363528e-06,0.010859209727113529,18.393579496922477,-4.249579110666736,0.5031837316805837,-4.387919251011211e-09,0.8385943756109874
3891.6400000080466,3.929730922437078e-06,0.010859209727113529,18.393579496922477,-4.249579110666736,0.5031837316805837,-4.372852854136546e-09,0.8385825329236681
3887.7200000062585,3.9306490004647754e-06,0.010859209727113529,18.393579496922477,-4.249579110666736,0.5031837316805837,-4.376618438883163e-09,0.8385707700357883
3888.6200000047684,3.930451707641944e-06,0.010859209727113529,18.393579496922477,-4.249579110666736,0.5031837316805837,-4.3757852439614574e-09,0.8385590712610514
3881.9099999964237,3.932000511975997e-06,0.010859209727113529,18.393579496922477,-4.249579110666736,0.5031837316805837,-4.382132396879404e-09,0.838547420913162
3886.6999999955297,3.6877382476357196e-06,0.0102976223295005,19.460247873506848,-4.35254922201855,0.5031837316805837,-4.1181674311260285e-09,0.8385358033058237
3876.960000000894,3.6203505522023256e-06,0.010137389539061188,19.422394019672527,-4.357417661549577,0.5031837316805837,-4.052446170144225e-09,0.8385242027527405
3878.2600000053644,3.656702914765987e-06,0.010267917422979679,19.75327759961037,-4.387524637397616,0.5031837316805837,-4.09505899490956e-09,0.8385126035676166
3884.380000002682,3.688239977990494e-06,0.0102976223295005,19.460247873506848,-4.35254922201855,0.5031837316805837,-4.120253979762136e-09,0.8385009900641558
3867.369999997318,3.7267303952171967e-06,0.010376718269823282,19.064698529230462,-4.319917990543474,0.5031837316805837,-4.1724251212379564e-09,0.8384893465560622
3876.8400000035763,3.6570252060213233e-06,0.010267917422979679,19.75327759961037,-4.387524637397616,0.5031837316805837,-4.096360892305508e-09,0.8384776573570399
3888.429999999702,3.654495911644138e-06,0.010267917422979679,19.75327759961037,-4.387524637397616,0.5031837316805837,-4.086031156418429e-09,0.8384659067807927
3874.369999997318,3.6209054267613606e-06,0.010137389539061188,19.422394019672527,-4.357417661549577,0.5031837316805837,-4.054698101860048e-09,0.8384540791410247
3885.960000000894,3.618417122165939e-06,0.010137389539061188,19.422394019672527,-4.357417661549577,0.5031837316805837,-4.044549051972559e-09,0.8384421587514398
3893.1600000038743,3.616864474484233e-06,0.010137389539061188,19.422394019672527,-4.357417661549577,0.5031837316805837,-4.038151283520421e-09,0.8384301299257422
3880.030000001192,3.6196919609970377e-06,0.010137389539061188,19.422394019672527,-4.357417661549577,0.5031837316805837,-4.049764905735583e-09,0.8384179769776355
3899.0900000035763,3.615581768865491e-06,0.010137389539061188,19.422394019672527,-4.357417661549577,0.5031837316805837,-4.032828800165214e-09,0.8384056842208243
3890.719999998808,3.617374982204609e-06,0.010137389539061188,19.422394019672527,-4.357417661549577,0.5031837316805837,-4.0403152257394665e-09,0.8383932359690119
3890.0399999916553,3.6541449352398377e-06,0.010267917422979679,19.75327759961037,-4.387524637397616,0.5031837316805837,-4.08456594197981e-09,0.838380616535903
3891.7699999958277,3.617164629589872e-06,0.010137389539061188,19.422394019672527,-4.357417661549577,0.5031837316805837,-4.039391935841619e-09,0.838367810235201
3893.8599999919534,3.6167132434454325e-06,0.010137389539061188,19.422394019672527,-4.357417661549577,0.5031837316805837,-4.037525494889363e-09,0.8383548013806102
3859.039999999106,3.4154111398119914e-06,0.009663040876161112,20.18311793998669,-4.437146671914214,0.3363969571159562,-3.844064530604587e-09,0.8383415742858346
3837.85000000149,2.2700523686097562e-06,0.0072035870694166886,25.17256149722949,-4.943449040408915,0.3363969571159562,-2.6248695511993582e-09,0.8383281132645781
3831.130000002682,2.199353344341626e-06,0.0069944575127336645,25.596681208412985,-4.979508845969656,0.3363969571159562,-2.546828417233547e-09,0.8383144026305446
3828.670000001788,2.1996665732783656e-06,0.0069944575127336645,25.596681208412985,-4.979508845969656,0.3363969571159562,-2.5480767585016452e-09,0.8383004266974383
3746.0999999940395,1.184136422610463e-06,0.004092222965445664,34.55503691337922,-5.7897147370359,0.17203694935311378,-1.427015087305728e-09,0.8382861697789633
3738.5299999937415,9.977409912918542e-07,0.0037015880897211667,37.59502492781096,-6.093173218327096,0.17203694935311378,-1.2141214193021955e-09,0.8382716161888232
3745.4800000041723,1.0338756128333915e-06,0.0037215860099090218,36.555521585843024,-5.9867828743774725,0.17203694935311378,-1.2522741314316485e-09,0.8382567502407223
3753.6599999964237,1.0333546929800556e-06,0.0037215860099090218,36.555521585843024,-5.9867828743774725,0.17203694935311378,-1.2500380678731896e-09,0.8382415562483646
3739.920000001788,9.590487001822242e-07,0.0035428740896502383,37.46825034193455,-6.080005668813653,0.17203694935311378,-1.1661998115155936e-09,0.8382260185254538
3745.8400000035763,9.363723902173094e-07,0.003551244293538379,37.28108478560335,-6.057373834618537,0.17203694935311378,-1.1659936892969731e-09,0.8382101213856943
3752.8700000047684,9.582861896157692e-07,0.0035428740896502383,37.46825034193455,-6.080005668813653,0.17203694935311378,-1.1629277661327059e-09,0.8381938491427898
3750.0200000032783,9.584586717383693e-07,0.0035428740896502383,37.46825034193455,-6.080005668813653,0.17203694935311378,-1.163665362248676e-09,0.8381771861104443
3747.25,9.586182572350939e-07,0.0035428740896502383,37.46825034193455,-6.080005668813653,0.17203694935311378,-1.1643597159610869e-09,0.838160116602362
3752.3100000098348,9.583193193722802e-07,0.0035428740896502383,37.46825034193455,-6.080005668813653,0.17203694935311378,-1.1630710603160671e-09,0.8381426249322467
3753.380000002682,9.582560099693566e-07,0.0035428740896502383,37.46825034193455,-6.080005668813653,0.17203694935311378,-1.1627971489570132e-09,0.8381246954138026
3749.960000000894,9.58458246698005e-07,0.0035428740896502383,37.46825034193455,-6.080005668813653,0.17203694935311378,-1.1636709155887824e-09,0.8381063123607335
3758.3099999949336,9.57963884474959e-07,0.0035428740896502383,37.46825034193455,-6.080005668813653,0.17203694935311378,-1.1615287666534005e-09,0.8380874600867434
3743.539999999106,9.588369656560994e-07,0.0035428740896502383,37.46825034193455,-6.080005668813653,0.17203694935311378,-1.1652975586307226e-09,0.8380681229055366
3748.329999998212,9.97140566818148e-07,0.0037015880897211667,37.59502492781096,-6.093173218327096,0.17203694935311378,-1.2115512041868774e-09,0.8380482851308168
3757.109999999404,9.580350549241014e-07,0.0035428740896502383,37.46825034193455,-6.080005668813653,0.17203694935311378,-1.1618384595209292e-09,0.8380279310762878
3754.3400000035763,9.967709090778594e-07,0.0037015880897211667,37.59502492781096,-6.093173218327096,0.17203694935311378,-1.2099536907460808e-09,0.8380070450556542
3749.8900000080466,9.970447206188325e-07,0.0037015880897211667,37.59502492781096,-6.093173218327096,0.17203694935311378,-1.2111380942016718e-09,0.8379856113826195
3748.4099999964237,9.585497917869244e-07,0.0035428740896502383,37.46825034193455,-6.080005668813653,0.17203694935311378,-1.1640652656561753e-09,0.8379636143708877
3752.6699999943376,9.968691437220233e-07,0.0037015880897211667,37.59502492781096,-6.093173218327096,0.17203694935311378,-1.210395272276045e-09,0.8379410383341631
3765.109999999404,9.961057533052837e-07,0.0037015880897211667,37.59502492781096,-6.093173218327096,0.17203694935311378,-1.2070506227127113e-09,0.8379178675861496
3756.8199999928474,9.580522481900943e-07,0.0035428740896502383,37.46825034193455,-6.080005668813653,0.17203694935311378,-1.1619132094610916e-09,0.837894086440551
3750.820000000298,9.584074238174469e-07,0.0035428740896502383,37.46825034193455,-6.080005668813653,0.17203694935311378,-1.163451669360741e-09,0.8378696792110715
3752.1100000068545,9.583311492139807e-07,0.0035428740896502383,37.46825034193455,-6.080005668813653,0.17203694935311378,-1.1631222041826668e-09,0.8378446302114151
3768.39999999851,9.573638130360108e-07,0.0035428740896502383,37.46825034193455,-6.080005668813653,0.17203694935311378,-1.15890043188513e-09,0.8378189237552855
3761.6600000038743,9.57764979764582e-07,0.0035428740896502383,37.46825034193455,-6.080005668813653,0.17203694935311378,-1.1606609471961854e-09,0.837792544156387
3754.35000000149,9.58198588620665e-07,0.0035428740896502383,37.46825034193455,-6.080005668813653,0.17203694935311378,-1.1625484122184356e-09,0.8377654757284236
3762.2000000029802,9.96285819093513e-07,0.0037015880897211667,37.59502492781096,-6.093173218327096,0.17203694935311378,-1.2078401048532896e-09,0.8377377027850992
3753.1699999943376,9.968392439428346e-07,0.0037015880897211667,37.59502492781096,-6.093173218327096,0.17203694935311378,-1.2102603943948249e-09,0.8377092096401179
3762.130000002682,9.577370477696738e-07,0.0035428740896502383,37.46825034193455,-6.080005668813653,0.17203694935311378,-1.1605388097717967e-09,0.8376799806071834
4578.520000003278,2.4026570031702908e-05,0.04749384590241699,2.920477068729724,-2.0855364070837816,2.234187360563265,-1.835334811355487e-08,0.8375851695760183
3925.6999999955297,5.382910208804886e-06,0.013954193355229206,15.177881602511299,-3.889298622447327,0.4936191872801263,-5.757566746934792e-09,0.8375497172302625
3911.670000001788,5.387029318577887e-06,0.013954193355229206,15.177881602511299,-3.889298622447327,0.4936191872801263,-5.772291546087413e-09,0.8375122785727627
3917.2000000029802,5.385409147514883e-06,0.013954193355229206,15.177881602511299,-3.889298622447327,0.4936191872801263,-5.766531311628835e-09,0.8374728824365933
3928.4000000059605,5.382114247076721e-06,0.013954193355229206,15.177881602511299,-3.889298622447327,0.4936191872801263,-5.754691155364781e-09,0.8374315576548287
3929.7600000053644,5.3817129206213935e-06,0.013954193355229206,15.177881602511299,-3.889298622447327,0.4936191872801263,-5.7532375983025095e-09,0.8373883330605433
3930.7299999967217,5.351674552520357e-06,0.013942390178962854,15.269614502791661,-3.903442488264487,0.4936191872801263,-5.7286911158270285e-09,0.8373432374868116
3909.85000000149,5.387561570250724e-06,0.013954193355229206,15.177881602511299,-3.889298622447327,0.4936191872801263,-5.774174888464832e-09,0.8372962997667079
3928.8799999952316,5.381972632851684e-06,0.013954193355229206,15.177881602511299,-3.889298622447327,0.4936191872801263,-5.754178526099859e-09,0.8372475487333065
3937.390000000596,5.3497386286379595e-06,0.013942390178962854,15.269614502791661,-3.903442488264487,0.4936191872801263,-5.721554241652745e-09,0.8371970132196821
3941.8799999952316,5.3169541995031076e-06,0.01389639363639219,15.494066092446793,-3.928612898754326,0.4936191872801263,-5.687699687170302e-09,0.8371447220589089
3936.859999999404,5.349894798280229e-06,0.013942390178962854,15.269614502791661,-3.903442488264487,0.4936191872801263,-5.722126610071689e-09,0.8370907040840615
3937.740000002086,5.349621022795233e-06,0.013942390178962854,15.269614502791661,-3.903442488264487,0.4936191872801263,-5.721147061595546e-09,0.8370349881282142
3949.4799999967217,5.314718563556422e-06,0.01389639363639219,15.494066092446793,-3.928612898754326,0.4936191872801263,-5.679411907969587e-09,0.8369776030244414
3948.0200000032783,5.349202718064793e-06,0.013904245710590993,15.48248315044561,-3.92692859466686,0.4936191872801263,-5.642658880236092e-09,0.8369185776058174
3961.7000000029802,5.311106820678429e-06,0.01389639363639219,15.494066092446793,-3.928612898754326,0.4936191872801263,-5.6658655122006214e-09,0.8368579407054167
3950.9900000095367,5.345714704017156e-06,0.013942390178962854,15.269614502791661,-3.903442488264487,0.4936191872801263,-5.706680937588823e-09,0.836795721156314
3951.8400000035763,5.314000068481956e-06,0.01389639363639219,15.494066092446793,-3.928612898754326,0.4936191872801263,-5.676796912001249e-09,0.8367319477915833
3964.320000000298,5.277143612521744e-06,0.013814052583528462,15.672450537683961,-3.9425963259782595,0.4936191872801263,-5.628213082217179e-09,0.8366666494442992
3949.109999999404,5.3148275926576004e-06,0.01389639363639219,15.494066092446793,-3.928612898754326,0.4936191872801263,-5.6798178315055245e-09,0.8365998549475361
3953.560000002384,5.409582006455537e-06,0.014072937183673199,15.408243030078793,-3.911591588317579,0.4936191872801263,-5.768162036042082e-09,0.8365315931343684
3931.460000000894,5.027970577535994e-06,0.013301522010840757,16.220630479628586,-4.006506755519837,0.4936191872801263,-5.406962117498193e-09,0.8364618928378704
3941.179999999702,5.025264578640876e-06,0.013301522010840757,16.220630479628586,-4.006506755519837,0.4936191872801263,-5.397016867187899e-09,0.8363907828911168
3944.570000000298,4.95965923080782e-06,0.013173606280704858,16.048674129284716,-3.994953600740421,0.4936191872801263,-5.32906365146549e-09,0.8363182921271818
3948.9300000071526,4.958465996803833e-06,0.013173606280704858,16.048674129284716,-3.994953600740421,0.4936191872801263,-5.32461880677615e-09,0.8362444493791398
3946.3300000056624,4.959180573507438e-06,0.013173606280704858,16.048674129284716,-3.994953600740421,0.4936191872801263,-5.327291102108693e-09,0.8361692834800653
3936.7000000029802,5.026506562237223e-06,0.013301522010840757,16.220630479628586,-4.006506755519837,0.4936191872801263,-5.401607673270629e-09,0.8360928232630326
3947.539999999106,4.894204026294689e-06,0.0130480818139829,16.50388733622046,-4.039258731900011,0.4936191872801263,-5.262254153528275e-09,0.8360150975611161
3940.079999998212,4.896219539884911e-06,0.0130480818139829,16.50388733622046,-4.039258731900011,0.4936191872801263,-5.26982272979181e-09,0.8359361352073904
3938.1900000050664,4.961411983180284e-06,0.013173606280704858,16.048674129284716,-3.994953600740421,0.4936191872801263,-5.3355825599987805e-09,0.8358559650349298
3945.740000002086,4.894687547845891e-06,0.0130480818139829,16.50388733622046,-4.039258731900011,0.4936191872801263,-5.2641174038630685e-09,0.8357746158768088
3939.119999997318,4.831806887439939e-06,0.012921149235303164,16.318804019536362,-4.0262744665396255,0.4936191872801263,-5.206283447296456e-09,0.8356921165661018
3934.2299999967217,4.801629896949354e-06,0.012878513018239958,16.568084900096327,-4.054519382046927,0.4936191872801263,-5.182089974032389e-09,0.8356084959358829
3943.7200000062585,4.830572557412762e-06,0.012921149235303164,16.318804019536362,-4.0262744665396255,0.4936191872801263,-5.201723274962845e-09,0.8355237828192269
3950.969999998808,4.893268238866842e-06,0.0130480818139829,16.50388733622046,-4.039258731900011,0.4936191872801263,-5.258797329022835e-09,0.835438006049208
3941.439999997616,4.831164482180695e-06,0.012921149235303164,16.318804019536362,-4.0262744665396255,0.4936191872801263,-5.203970256683878e-09,0.8353511944589008
3945.640000000596,4.830038245539768e-06,0.012921149235303164,16.318804019536362,-4.0262744665396255,0.4936191872801263,-5.199787661504799e-09,0.8352633768813795
3941.009999997914,4.8312962767811595e-06,0.012921149235303164,16.318804019536362,-4.0262744665396255,0.4936191872801263,-5.204420252517589e-09,0.8351745821497186
3942.990000002086,4.830767600552643e-06,0.012921149235303164,16.318804019536362,-4.0262744665396255,0.4936191872801263,-5.202450976734647e-09,0.8350848390969926
3951.0099999904633,4.828621045418338e-06,0.012921149235303164,16.318804019536362,-4.0262744665396255,0.4936191872801263,-5.1944073546712536e-09,0.8349941765562758
3945.8799999952316,4.829995042550185e-06,0.012921149235303164,16.318804019536362,-4.0262744665396255,0.4936191872801263,-5.1995648539651114e-09,0.8349026233606426
3950.0499999970198,4.828878424294417e-06,0.012921149235303164,16.318804019536362,-4.0262744665396255,0.4936191872801263,-5.1953758431503235e-09,0.8348102083431675
3943.310000002384,4.7992247594792515e-06,0.012878513018239958,16.568084900096327,-4.054519382046927,0.4936191872801263,-5.173154514761193e-09,0.834716960336925
3942.7000000029802,4.736469876164047e-06,0.012792671301350237,16.85201732600313,-4.082082587782019,0.4936191872801263,-5.115480446618032e-09,0.8346229081749892
3954.35000000149,4.766595549255093e-06,0.012874582635906335,16.626259559579264,-4.064055968477195,0.4936191872801263,-5.138704541904808e-09,0.8345280806904347
3925.1600000038743,4.804021837815526e-06,0.012878513018239958,16.568084900096327,-4.054519382046927,0.4936191872801263,-5.190878176078045e-09,0.834432506716336
3940.380000010133,4.378745984172487e-06,0.012055916470813043,17.683819252831395,-4.172700788805211,0.4936191872801263,-4.7562516079064046e-09,0.8343362150857673
3940.009999997914,4.31416015496553e-06,0.011933555886556264,17.43356483856786,-4.151930419736966,0.4936191872801263,-4.692107471093666e-09,0.8342392346318032
3939.9700000062585,4.249494183324197e-06,0.011813954130396959,17.98586808153977,-4.205744187309135,0.4936191872801263,-4.628297285837132e-09,0.834141594187518
3946.0400000065565,4.281267644094133e-06,0.011894967166934065,17.704966246045743,-4.183109688824459,0.4936191872801263,-4.657705969173797e-09,0.8340433225859862
3943.9100000038743,4.281758814742684e-06,0.011894967166934065,17.704966246045743,-4.183109688824459,0.4936191872801263,-4.659599138110317e-09,0.8339444486602823
3933.320000000298,4.251037469752305e-06,0.011813954130396959,17.98586808153977,-4.205744187309135,0.4936191872801263,-4.6341322415942554e-09,0.8338450012434804
3946.579999998212,4.247939097280113e-06,0.011813954130396959,17.98586808153977,-4.205744187309135,0.4936191872801263,-4.622411247275642e-09,0.8337450091686551
3917.890000000596,3.7611034612112666e-06,0.010731365016713968,18.917469994216503,-4.307124939363091,0.4936191872801263,-4.1379969431921996e-09,0.8336445012688809
3920.9099999964237,3.7604982661377294e-06,0.010731365016713968,18.917469994216503,-4.307124939363091,0.4936191872801263,-4.135706772037551e-09,0.833543506377232
3922.630000002682,3.760143982018982e-06,0.010731365016713968,18.917469994216503,-4.307124939363091,0.4936191872801263,-4.134388165496858e-09,0.833442053326783
3914.0499999970198,3.728648757543307e-06,0.010652321400498311,19.278000333586938,-4.336445546956532,0.4936191872801263,-4.105908895745353e-09,0.8333401709506083
3921.0499999970198,3.7954405541863062e-06,0.010858232798765863,19.23204159456981,-4.335734094819517,0.4936191872801263,-4.17673769252326e-09,0.8332378880817822
3912.5099999904633,3.697452145220468e-06,0.010619815808425298,19.575168056391323,-4.371057104086614,0.4936191872801263,-4.077931005910575e-09,0.8331352335533793
3809.1600000038743,3.948670165359472e-06,0.010859209727113529,18.393579496922477,-4.249579110666736,0.5031837316805837,-4.447201219586026e-09,0.8330322361984737
3927.4600000083447,3.6944303316183753e-06,0.010619815808425298,19.575168056391323,-4.371057104086614,0.4936191872801263,-4.066659247339375e-09,0.83292892485014
3886.060000002384,3.655011639101954e-06,0.010267917422979679,19.75327759961037,-4.387524637397616,0.5031837316805837,-4.088152858959435e-09,0.8328253283414526
3905.789999999106,3.5306786922542985e-06,0.010176191726219693,20.006952472385212,-4.411052481883762,0.4936191872801263,-3.901004049496418e-09,0.832721475505486
3914.5,3.4974983933780566e-06,0.010146728416636419,20.30653837511766,-4.446362202506977,0.4936191872801263,-3.865721636735362e-09,0.8326173951753145
3905.670000001788,3.4991804633817157e-06,0.010146728416636419,20.30653837511766,-4.446362202506977,0.4936191872801263,-3.871923931873872e-09,0.8325131161840126
3900.0,3.651969981238274e-06,0.010267917422979679,19.75327759961037,-4.387524637397616,0.5031837316805837,-4.075561793790338e-09,0.8324086673646545
3822.4100000038743,3.7364926936882225e-06,0.010376718269823282,19.064698529230462,-4.319917990543474,0.5031837316805837,-4.210589709751232e-09,0.8323040775503148
3906.060000002384,3.6987500882903886e-06,0.010619815808425298,19.575168056391323,-4.371057104086614,0.4936191872801263,-4.082696578454219e-09,0.832199375574068
3907.6499999910593,3.5320750207280587e-06,0.010225207970930588,19.89337092139164,-4.412713107652945,0.4936191872801263,-3.9055990568626294e-09,0.8320945902689884
3914.0399999916553,3.497586202109665e-06,0.010146728416636419,20.30653837511766,-4.446362202506977,0.4936191872801263,-3.866047161944211e-09,0.8319897504681503
3908.3099999949336,3.4986666161251335e-06,0.010146728416636419,20.30653837511766,-4.446362202506977,0.4936191872801263,-3.870059927386496e-09,0.8318848850046283
3920.5200000032783,3.4963474133807327e-06,0.010146728416636419,20.30653837511766,-4.446362202506977,0.4936191872801263,-3.861437055815367e-09,0.8317800227114966
3908.5899999961257,3.532108333581822e-06,0.010154117271381935,20.28553444232479,-4.4435487805244795,0.4936191872801263,-3.833310323780686e-09,0.8316751924218299
3911.0900000035763,3.529660965642975e-06,0.010176191726219693,20.006952472385212,-4.411052481883762,0.4936191872801263,-3.897266682339252e-09,0.8315704229687023
3918.1399999931455,3.4968028583633387e-06,0.010146728416636419,20.30653837511766,-4.446362202506977,0.4936191872801263,-3.863136387074861e-09,0.8314657431851884
3927.939999997616,3.4949240919193764e-06,0.010146728416636419,20.30653837511766,-4.446362202506977,0.4936191872801263,-3.856093642831365e-09,0.8313611819043627
3920.7699999958277,3.4962995417051526e-06,0.010146728416636419,20.30653837511766,-4.446362202506977,0.4936191872801263,-3.86125814296923e-09,0.8312567679592995
3913.7000000029802,3.4976510914351608e-06,0.010146728416636419,20.30653837511766,-4.446362202506977,0.4936191872801263,-3.8662875969630746e-09,0.8311525301830731
3908.75,3.4985804966246125e-06,0.010146728416636419,20.30653837511766,-4.446362202506977,0.4936191872801263,-3.869754763413179e-09,0.831048497408758
3919.4499999955297,3.4965522379688862e-06,0.010146728416636419,20.30653837511766,-4.446362202506977,0.4936191872801263,-3.862201918606387e-09,0.8309446984694286
3927.9199999943376,3.494927935285044e-06,0.010146728416636419,20.30653837511766,-4.446362202506977,0.4936191872801263,-3.856108138079746e-09,0.8308411621981595
3917.75,3.297368830556615e-06,0.009679246090375473,21.099548642893634,-4.5279778297874,0.3299742842369207,-3.652816778587413e-09,0.8307379174280248
3904.6200000047684,3.2646905984743967e-06,0.009548847459504184,20.745951044671227,-4.496460498478635,0.3299742842369207,-3.620253321881083e-09,0.8306349929920992
3856.429999999702,2.2675790091899866e-06,0.0072035870694166886,25.17256149722949,-4.943449040408915,0.3363969571159562,-2.614840899273131e-09,0.8305324177234568
3854.6999999955297,2.2678193380361647e-06,0.0072035870694166886,25.17256149722949,-4.943449040408915,0.3363969571159562,-2.615796371118104e-09,0.8304302204551723
3769.7400000095367,1.0323245886813439e-06,0.0037215860099090218,36.555521585843024,-5.9867828743774725,0.17203694935311378,-1.2455526997883465e-09,0.8303284300203199
3746.4800000041723,1.0724024959337998e-06,0.00387942425156322,36.7457807492133,-6.006008886133889,0.17203694935311378,-1.2994872807975102e-09,0.8302270752519743
3753.5200000032783,1.0719373112547178e-06,0.00387942425156322,36.7457807492133,-6.006008886133889,0.17203694935311378,-1.2974879293998454e-09,0.8301261849832096
3775.9500000029802,1.0319246159533663e-06,0.0037215860099090218,36.555521585843024,-5.9867828743774725,0.17203694935311378,-1.2437888050203135e-09,0.8300257880471004
3759.7600000053644,1.0329648687280654e-06,0.0037215860099090218,36.555521585843024,-5.9867828743774725,0.17203694935311378,-1.2483505030203388e-09,0.8299259132767209
3754.0199999958277,1.0333317192571282e-06,0.0037215860099090218,36.555521585843024,-5.9867828743774725,0.17203694935311378,-1.249938949610509e-09,0.8298265895051459
3783.5599999949336,1.0699343340268217e-06,0.00387942425156322,36.7457807492133,-6.006008886133889,0.17203694935311378,-1.2886912477834343e-09,0.8297278455654494
3770.5,9.957715581939617e-07,0.0037015880897211667,37.59502492781096,-6.093173218327096,0.17203694935311378,-1.2055783973612792e-09,0.8296297102907061
3763.3400000035763,9.962153081666983e-07,0.0037015880897211667,37.59502492781096,-6.093173218327096,0.17203694935311378,-1.2075312712488936e-09,0.8295322125139902
3761.14999999851,1.0328758773805333e-06,0.0037215860099090218,36.555521585843024,-5.9867828743774725,0.17203694935311378,-1.2479635658574568e-09,0.8294353810683762
3617.390000000596,1.0512325375690348e-06,0.0037681754888721354,35.49453143755066,-5.894713653020537,0.17556502585750278,-1.4053981726654862e-09,0.8293392447869388
3789.2699999958277,1.2194490063286687e-06,0.00424804471970583,34.85985386619145,-5.819221013172631,0.17203694935311378,-1.4602097591614668e-09,0.8292438325027518
3762.920000001788,1.0327624702745963e-06,0.0037215860099090218,36.555521585843024,-5.9867828743774725,0.17203694935311378,-1.2474695635707432e-09,0.8291491730488902
3770.9099999964237,1.0322454951672253e-06,0.0037215860099090218,36.555521585843024,-5.9867828743774725,0.17203694935311378,-1.245216101592707e-09,0.829055295258428
3759.929999999702,1.0329539881207148e-06,0.0037215860099090218,36.555521585843024,-5.9867828743774725,0.17203694935311378,-1.2483032274005215e-09,0.8289622279644397
4552.5,2.1924892131643783e-05,0.04422498454086848,3.4049393829607446,-2.1914758117568307,2.1237879421236747,-1.726460117507526e-08,0.8286861307068669
3951.9499999955297,5.474698700081115e-06,0.014202112518917856,15.021680756454082,-3.8740381940056547,0.4936191872801263,-5.833671387769461e-09,0.8285939924756552
3966.3900000080466,5.438877846944354e-06,0.014155366128924582,15.239891959491853,-3.8984562919478094,0.4936191872801263,-5.788286760538187e-09,0.8285017188344528
3963.4799999967217,5.406593408933646e-06,0.014072937183673199,15.408243030078793,-3.911591588317579,0.4936191872801263,-5.756939016897194e-09,0.828409310018088
3959.939999997616,5.3779797665267305e-06,0.014061277047093692,15.49941470509841,-3.925582515363106,0.4936191872801263,-5.737585500138987e-09,0.8283167662613906
3969.4400000050664,5.437949225995257e-06,0.014155366128924582,15.239891959491853,-3.8984562919478094,0.4936191872801263,-5.7847624374812755e-09,0.8282240877991892
3884.1599999964237,5.258239149025979e-06,0.013457911599330252,15.755415923594082,-3.951813320040366,0.5031837316805837,-5.733315802872057e-09,0.8281312748663134
3962.439999997616,5.118847516098892e-06,0.0135481075989304,16.024422104585053,-3.9869447255323034,0.4936191872801263,-5.479176538817628e-09,0.828038327697592
3960.4800000041723,5.019868671958679e-06,0.013301522010840757,16.220630479628586,-4.006506755519837,0.4936191872801263,-5.376814926722914e-09,0.8279452465278542
3945.9400000050664,5.057143532188264e-06,0.01338364491532535,16.020424207991017,-3.9906770769027413,0.4936191872801263,-5.426913056073274e-09,0.8278520315919293
3966.2999999970198,5.051414968383224e-06,0.01338364491532535,16.020424207991017,-3.9906770769027413,0.4936191872801263,-5.405307002313458e-09,0.8277586831246463
3948.219999998808,5.023307466565634e-06,0.013301522010840757,16.220630479628586,-4.006506755519837,0.4936191872801263,-5.389732390823943e-09,0.8276652013608344
3958.0100000053644,5.053754167350583e-06,0.01338364491532535,16.020424207991017,-3.9906770769027413,0.4936191872801263,-5.414191226254138e-09,0.8275715865353226
3958.939999997616,5.053492205271554e-06,0.01338364491532535,16.020424207991017,-3.9906770769027413,0.4936191872801263,-5.41320049590559e-09,0.8274778388829401
3954.4099999964237,5.054767123223331e-06,0.01338364491532535,16.020424207991017,-3.9906770769027413,0.4936191872801263,-5.41801215546408e-09,0.827383958638516
3951.7900000065565,5.055503978103873e-06,0.01338364491532535,16.020424207991017,-3.9906770769027413,0.4936191872801263,-5.420754809550766e-09,0.8272899460368794
3963.5299999937415,5.019028506198551e-06,0.013301522010840757,16.220630479628586,-4.006506755519837,0.4936191872801263,-5.373594881218941e-09,0.8271958013128597
3951.539999999106,4.992686986016118e-06,0.013294277147632056,16.295438957917018,-4.018348687094964,0.4936191872801263,-5.3628556381944494e-09,0.8271015247012857
3959.960000000894,5.020029063186091e-06,0.013301522010840757,16.220630479628586,-4.006506755519837,0.4936191872801263,-5.377393987324856e-09,0.8270071164369867
3962.119999997318,4.9897456387822015e-06,0.013294277147632056,16.295438957917018,-4.018348687094964,0.4936191872801263,-5.351727130524241e-09,0.8269125767547917
3961.719999998808,4.98984201970703e-06,0.013294277147632056,16.295438957917018,-4.018348687094964,0.4936191872801263,-5.35212484173613e-09,0.8268179058895301
3967.210000000894,4.922000740212846e-06,0.013130071610155315,16.291850854636305,-4.022427982331453,0.4936191872801263,-5.276652393975853e-09,0.8267231040760306
3964.2700000032783,4.9227904785850585e-06,0.013130071610155315,16.291850854636305,-4.022427982331453,0.4936191872801263,-5.279731402294763e-09,0.8266281715491228
3964.1999999955297,4.922829925736811e-06,0.013130071610155315,16.291850854636305,-4.022427982331453,0.4936191872801263,-5.27982280472875e-09,0.8265331085436355
3956.75,4.924877161587361e-06,0.013130071610155315,16.291850854636305,-4.022427982331453,0.4936191872801263,-5.287603916498972e-09,0.8264379152943978
3956.4100000038743,4.924970420001227e-06,0.013130071610155315,16.291850854636305,-4.022427982331453,0.4936191872801263,-5.287956783734613e-09,0.8263425920362392
3967.1200000047684,4.8591929095160095e-06,0.01304242607986648,16.571510378348624,-4.050103754641584,0.4936191872801263,-5.2187267335341775e-09,0.8262471390039884
3966.679999999702,4.859312662593276e-06,0.01304242607986648,16.571510378348624,-4.050103754641584,0.4936191872801263,-5.2191863274090044e-09,0.826151556432475
3968.6599999964237,4.8587668462174784e-06,0.01304242607986648,16.571510378348624,-4.050103754641584,0.4936191872801263,-5.217085959567351e-09,0.8260558445565276
3954.960000000894,4.862507895120033e-06,0.01304242607986648,16.571510378348624,-4.050103754641584,0.4936191872801263,-5.2313384895629735e-09,0.8259600036109757
3968.3399999961257,4.921689147595667e-06,0.013130071610155315,16.291850854636305,-4.022427982331453,0.4936191872801263,-5.2754582228022565e-09,0.8258640338306483
3973.4800000041723,4.857472190229269e-06,0.01304242607986648,16.571510378348624,-4.050103754641584,0.4936191872801263,-5.212060291035229e-09,0.8257679354503746
3954.1699999943376,4.862707060744968e-06,0.01304242607986648,16.571510378348624,-4.050103754641584,0.4936191872801263,-5.2321178285975475e-09,0.8256717087049836
3964.030000001192,4.860039898000702e-06,0.01304242607986648,16.571510378348624,-4.050103754641584,0.4936191872801263,-5.221937618335619e-09,0.8255753538293045
3972.1299999952316,4.857808496299589e-06,0.01304242607986648,16.571510378348624,-4.050103754641584,0.4936191872801263,-5.2134519912800335e-09,0.8254788710581665
3967.070000000298,4.859206519069517e-06,0.01304242607986648,16.571510378348624,-4.050103754641584,0.4936191872801263,-5.218778976404489e-09,0.8253822606263986
3960.460000000894,4.861002878768337e-06,0.01304242607986648,16.571510378348624,-4.050103754641584,0.4936191872801263,-5.22564867455868e-09,0.8252855227688302
3975.3799999952316,4.856940218450042e-06,0.01304242607986648,16.571510378348624,-4.050103754641584,0.4936191872801263,-5.2100389495323435e-09,0.8251886577202899
3966.429999999702,4.859380693058109e-06,0.01304242607986648,16.571510378348624,-4.050103754641584,0.4936191872801263,-5.219447316176e-09,0.8250916657156075
3974.0399999916553,4.8904558643121105e-06,0.01312449766750682,16.35806268853312,-4.033116957660328,0.4936191872801263,-5.246077751915207e-09,0.8249945469896115
3968.289999999106,4.858874354522362e-06,0.01304242607986648,16.571510378348624,-4.050103754641584,0.4936191872801263,-5.217503058390892e-09,0.8248973017771316
3969.490000002086,4.85854744932268e-06,0.01304242607986648,16.571510378348624,-4.050103754641584,0.4936191872801263,-5.216245632654588e-09,0.8247999303129965
3974.170000001788,4.8572599494048076e-06,0.01304242607986648,16.571510378348624,-4.050103754641584,0.4936191872801263,-5.211302647829914e-09,0.8247024328320354
3970.939999997616,4.858152192933404e-06,0.01304242607986648,16.571510378348624,-4.050103754641584,0.4936191872801263,-5.214723037225355e-09,0.8246048095690778
3972.170000001788,4.857816695606715e-06,0.01304242607986648,16.571510378348624,-4.050103754641584,0.4936191872801263,-5.2134287075618985e-09,0.8245070607589523
3968.329999998212,4.762874809124289e-06,0.012874582635906335,16.626259559579264,-4.064055968477195,0.4936191872801263,-5.124477695064373e-09,0.8244091866364884
3972.009999997914,4.761891301561103e-06,0.012874582635906335,16.626259559579264,-4.064055968477195,0.4936191872801263,-5.120679324617916e-09,0.824311187436515
3965.2700000032783,4.7636913225680104e-06,0.012874582635906335,16.626259559579264,-4.064055968477195,0.4936191872801263,-5.127619206004967e-09,0.8242130633938614
3972.039999999106,4.7618832768616925e-06,0.012874582635906335,16.626259559579264,-4.064055968477195,0.4936191872801263,-5.120648268444368e-09,0.8241148147433566
3968.570000000298,4.82738428681107e-06,0.013000234519460684,16.82061919799232,-4.078267941220927,0.4936191872801263,-5.1883647487504696e-09,0.8240164417198298
3963.929999999702,4.730880153582476e-06,0.012792671301350237,16.85201732600313,-4.082082587782019,0.4936191872801263,-5.094298869885497e-09,0.8239179445581103
3971.4199999943376,4.341504487668208e-06,0.012057281981462054,17.711678192267456,-4.17763907656545,0.4936191872801263,-4.7039226326621095e-09,0.8238193234930268
3952.8399999961257,4.3145894091969624e-06,0.01201914123794052,17.982158953100754,-4.208635842911825,0.4936191872801263,-4.692468599360057e-09,0.823720578759409
3949.35000000149,4.2507579859230385e-06,0.011898298710114915,17.71945137358516,-4.185938531785059,0.4936191872801263,-4.631253413671269e-09,0.8236217105920854
3959.9199999943376,4.344313003063603e-06,0.012057281981462054,17.711678192267456,-4.17763907656545,0.4936191872801263,-4.714805215799095e-09,0.8235227192258857
3968.5399999916553,4.310803003291549e-06,0.01201914123794052,17.982158953100754,-4.208635842911825,0.4936191872801263,-4.6778384578534574e-09,0.8234236048956386
3956.5300000086427,4.249075930287595e-06,0.011898298710114915,17.71945137358516,-4.185938531785059,0.4936191872801263,-4.624785456376833e-09,0.8233243678361736
3954.0600000098348,4.345733120042335e-06,0.012057281981462054,17.711678192267456,-4.17763907656545,0.4936191872801263,-4.7202620593480585e-09,0.8232250082823195
3963.289999999106,4.343484749225206e-06,0.012057281981462054,17.711678192267456,-4.17763907656545,0.4936191872801263,-4.7116171842747116e-09,0.8231255264689055
3967.2999999970198,4.311102910650288e-06,0.01201914123794052,17.982158953100754,-4.208635842911825,0.4936191872801263,-4.679007025044254e-09,0.823025922630761
3934.3799999952316,3.792688454662969e-06,0.010858232798765863,19.23204159456981,-4.335734094819517,0.4936191872801263,-4.166345115651399e-09,0.8229261970027149
3939.179999999702,3.7916958824400427e-06,0.010858232798765863,19.23204159456981,-4.335734094819517,0.4936191872801263,-4.162551788028387e-09,0.8228263498195962
3944.820000000298,3.790499013879948e-06,0.010858232798765863,19.23204159456981,-4.335734094819517,0.4936191872801263,-4.158008353426057e-09,0.8227263813162343
3941.7699999958277,3.824344942681496e-06,0.010937962533774019,18.88274101135239,-4.307417530116188,0.4936191872801263,-4.195285935945513e-09,0.8226262917274583
3938.9799999967217,3.791711649405649e-06,0.010858232798765863,19.23204159456981,-4.335734094819517,0.4936191872801263,-4.1626715185514055e-09,0.8225260812880971
3941.3799999952316,3.7912216538307313e-06,0.010858232798765863,19.23204159456981,-4.335734094819517,0.4936191872801263,-4.160771525864098e-09,0.82242575023298
3945.9400000050664,3.7902634784736145e-06,0.010858232798765863,19.23204159456981,-4.335734094819517,0.4936191872801263,-4.157105286134689e-09,0.8223252987969362
3949.5900000035763,3.7894950093356265e-06,0.010858232798765863,19.23204159456981,-4.335734094819517,0.4936191872801263,-4.154150574233769e-09,0.8222247272147947
3953.219999998808,3.788729422794913e-06,0.010858232798765863,19.23204159456981,-4.335734094819517,0.4936191872801263,-4.15119434307875e-09,0.8221240357213847
3946.280000001192,3.790191951668081e-06,0.010858232798765863,19.23204159456981,-4.335734094819517,0.4936191872801263,-4.156830807554135e-09,0.8220232245515352
3939.509999997914,3.7916139835957444e-06,0.010858232798765863,19.23204159456981,-4.335734094819517,0.4936191872801263,-4.162266925742917e-09,0.8219222939400757
3933.4500000029802,3.593536867129105e-06,0.01038261915355685,19.933231694527112,-4.407924573409855,0.4936191872801263,-3.957081000387074e-09,0.8218212441218348
3936.3000000044703,3.5929717389906113e-06,0.01038261915355685,19.933231694527112,-4.407924573409855,0.4936191872801263,-3.954934913229538e-09,0.821720075331642
3937.640000000596,3.526270458298256e-06,0.010225207970930588,19.89337092139164,-4.412713107652945,0.4936191872801263,-3.883864518429161e-09,0.8216187878043264
3936.9199999943376,3.592848695796364e-06,0.01038261915355685,19.933231694527112,-4.407924573409855,0.4936191872801263,-3.954466668396849e-09,0.821517381774717
3937.1999999955297,3.5927811292892226e-06,0.01038261915355685,19.933231694527112,-4.407924573409855,0.4936191872801263,-3.954235253487684e-09,0.8214158574776429
3926.0499999970198,3.528524942975615e-06,0.010225207970930588,19.89337092139164,-4.412713107652945,0.4936191872801263,-3.892402791449131e-09,0.8213142151479335
3937.710000000894,3.561225250030302e-06,0.010353861068431947,20.2208430525763,-4.4420954729005855,0.3299742842369207,-3.9248451652429665e-09,0.8212124550204176
3930.5199999958277,3.494386782906257e-06,0.010146728416636419,20.30653837511766,-4.446362202506977,0.4936191872801263,-3.854171446446436e-09,0.8211105773299245
3933.8000000044703,3.5934516237358835e-06,0.01038261915355685,19.933231694527112,-4.407924573409855,0.4936191872801263,-3.956805038511592e-09,0.8210085823112834
3940.780000001192,3.4924489511768076e-06,0.010146728416636419,20.30653837511766,-4.446362202506977,0.4936191872801263,-3.846684691504773e-09,0.8209064701993232
3927.890000000596,3.528179954050426e-06,0.010225207970930588,19.89337092139164,-4.412713107652945,0.4936191872801263,-3.891079399569928e-09,0.8208042412288733
3940.939999997616,3.5605768841838725e-06,0.010353861068431947,20.2208430525763,-4.4420954729005855,0.3299742842369207,-3.9224102725563075e-09,0.8207018956347626
3940.1600000038743,3.525780912480587e-06,0.010225207970930588,19.89337092139164,-4.412713107652945,0.4936191872801263,-3.881993900994256e-09,0.8205994336518203
3935.3099999949336,3.561697104363116e-06,0.010353861068431947,20.2208430525763,-4.4420954729005855,0.3299742842369207,-3.926663237375649e-09,0.8204968555148756
3937.4499999955297,3.4930806875696665e-06,0.010146728416636419,20.30653837511766,-4.446362202506977,0.4936191872801263,-3.849125324854926e-09,0.8203941614587577
3935.6600000038743,3.526658080438841e-06,0.010225207970930588,19.89337092139164,-4.412713107652945,0.4936191872801263,-3.885340735430051e-09,0.8202913517182956
3941.7700000032783,3.5254666195562225e-06,0.010225207970930588,19.89337092139164,-4.412713107652945,0.4936191872801263,-3.880790301062036e-09,0.8201884265283184
3926.439999997616,3.495212240677959e-06,0.010146728416636419,20.30653837511766,-4.446362202506977,0.4936191872801263,-3.857179399372301e-09,0.8200853861236552
3945.820000000298,3.5596253313500015e-06,0.010353861068431947,20.2208430525763,-4.4420954729005855,0.3299742842369207,-3.918726272880527e-09,0.8199822307391353
3929.780000001192,3.4945703423838035e-06,0.010146728416636419,20.30653837511766,-4.446362202506977,0.4936191872801263,-3.8547579427835334e-09,0.8198789606095879
3927.570000000298,3.5947003539746304e-06,0.01038261915355685,19.933231694527112,-4.407924573409855,0.4936191872801263,-3.961475834171136e-09,0.8197755759698417
3928.25,3.494864514964134e-06,0.010146728416636419,20.30653837511766,-4.446362202506977,0.4936191872801263,-3.855868902613426e-09,0.8196720770547262
3940.8099999949336,3.525650659599231e-06,0.010225207970930588,19.89337092139164,-4.412713107652945,0.4936191872801263,-3.88148637767451e-09,0.8195684640990706
3944.390000000596,3.491750296064933e-06,0.010146728416636419,20.30653837511766,-4.446362202506977,0.4936191872801263,-3.844002363769808e-09,0.8194647373377036
3948.380000002682,3.4909766915511156e-06,0.010146728416636419,20.30653837511766,-4.446362202506977,0.4936191872801263,-3.841018849866955e-09,0.8193608970054548
3947.4099999964237,3.491154286888139e-06,0.010146728416636419,20.30653837511766,-4.446362202506977,0.4936191872801263,-3.841726418657976e-09,0.819256943337153
3941.030000001192,3.4924006068654577e-06,0.010146728416636419,20.30653837511766,-4.446362202506977,0.4936191872801263,-3.846499456976229e-09,0.8191528765676277
3938.8899999931455,3.4927876803076496e-06,0.010146728416636419,20.30653837511766,-4.446362202506977,0.4936191872801263,-3.8480479210468765e-09,0.8190486969317076
3784.719999998808,1.0698564069409947e-06,0.00387942425156322,36.7457807492133,-6.006008886133889,0.17203694935311378,-1.288343006236628e-09,0.818944404664222
