ChargingTime,VoltageSlope,VoltageStd,VoltageKurtosis,VoltageSkewness,VoltageEntropy,VoltageCurvature,Capacity
2817.604706577811,8.78701870139074e-05,0.0710806596255854,-1.3892167656055334,0.0599753806589687,3.0701777569819813,2.958796985441474e-09,1.3339221050476988
2800.8526990509126,8.834162626682194e-05,0.0709830877510975,-1.4027269383433711,0.039927827136902,3.053830292615639,2.7123920053461864e-09,1.3306470007320896
2868.2387655813072,9.015860490249712e-05,0.0741724811692231,-1.3969503377850534,0.0553904222040095,3.061239454420149,3.225416605363219e-09,1.3282447959615824
2819.2836121761065,8.853655031340804e-05,0.0715242426844794,-1.3938628917799774,0.053727178441157,3.0701777569819813,2.760617300357177e-09,1.3247648918886978
2812.2300133390527,8.859650589682435e-05,0.0712442436284485,-1.4034315500494534,0.037424282809758,3.055774480436973,2.3917915909482967e-09,1.3225052266144477
2786.881175279996,8.86507836376146e-05,0.0707471785560192,-1.3980647832782411,0.0443586640898977,3.070588231852815,2.4463061717670796e-09,1.3202455975299865
2787.4715680478257,8.877212928403807e-05,0.070689173633241,-1.4042271830092985,0.0353206303225785,3.05181518531379,2.1637401718696027e-09,1.3212222780853615
2856.367551511299,8.895502936141756e-05,0.0725541502987156,-1.3968474824618184,0.0509433867015014,3.060077492471369,2.61331387193102e-09,1.3253386549791413
2865.037311578024,8.919652921279276e-05,0.0733424218338338,-1.3963213254383375,0.053651022181748,3.061239454420149,3.158154485428178e-09,1.3253388766842813
2814.9014835917915,8.899499677484429e-05,0.0716497705584466,-1.4011051606848972,0.0422130556237254,3.051606571158429,2.5099853865816652e-09,1.3159083090856432
2797.361227081361,8.872094857675456e-05,0.0708745760295378,-1.398259564809119,0.044423041546723,3.070588231852815,2.2521443121311237e-09,1.3139096783932138
2804.198433869344,8.867609776984501e-05,0.0708077955222252,-1.401315979002688,0.0401600578216883,3.070588231852815,1.984074260948357e-09,1.3125524712708627
2787.378841270169,8.894949995952528e-05,0.0707691226298748,-1.4062084415993932,0.0317158581338062,3.054063077656404,2.049050466741829e-09,1.3102509383789354
2778.374318402552,8.874896189170095e-05,0.070166450938942,-1.40142993889325,0.0338721256497504,3.068236984225493,1.5483667597293719e-09,1.3148766800372371
2842.5684225463774,8.935224908652244e-05,0.0727375985665905,-1.3990987533589,0.0486789496108045,3.058540142256009,2.824782550221828e-09,1.3165356336044332
2757.393664651434,9.006283344182068e-05,0.0727394821490464,-1.3764384821896256,0.0790294941368796,3.0822881660936163,4.5545781396092264e-09,1.316820315035554
2785.253897313669,8.99279636095318e-05,0.073308470878775,-1.378637736893514,0.0791848422255336,3.086523783009027,4.6688235355942645e-09,1.3168542056347716
2774.7229919072124,9.032554130418312e-05,0.0735038539241331,-1.3812050326095453,0.0749928662238327,3.071081352849347,4.734452782551801e-09,1.3168059240611365
2784.1973820757703,9.02554603798194e-05,0.0735667129464363,-1.3778608002853,0.0778348895253695,3.086523783009027,4.630340894178083e-09,1.3165641974958129
2790.288163576508,9.028734247282711e-05,0.0736790698869732,-1.376252845396882,0.0812311813476711,3.086523783009027,4.627457455460736e-09,1.3162823480072745
2790.423201711936,9.037373528774485e-05,0.0737262269831656,-1.3778638700220696,0.0800399659050331,3.086523783009027,4.614074076125608e-09,1.3155774594926166
2790.900327386684,9.048609373923548e-05,0.0738068899598727,-1.378014536036958,0.0791304332691931,3.0688812880033844,4.591824580662177e-09,1.314999103918013
2789.2802091886406,9.04687805924081e-05,0.0738024490083177,-1.376962784834492,0.0806016245222137,3.086523783009027,4.658272187040244e-09,1.3144885351447153
2784.8753949045204,9.05629938191156e-05,0.0738382302241133,-1.3781995190166263,0.0791431371307866,3.086523783009027,4.674672164649437e-09,1.314092613376891
2788.277981261373,9.061111399107438e-05,0.0738946444295178,-1.3787141130456806,0.07860041254279,3.071081352849347,4.601127279540743e-09,1.313933164211401
2787.232407088566,9.067172030488884e-05,0.0739801401708688,-1.376172976491998,0.0811369755015258,3.086523783009027,4.6886740044209935e-09,1.313404473323201
2789.207335112267,9.070832479553338e-05,0.0739678507197829,-1.378653659390962,0.0790392483683188,3.0688812880033844,4.635204673584564e-09,1.3127300594708406
2792.0388259405154,9.07576877416889e-05,0.0740015686508752,-1.379562877838342,0.0764919492820766,3.071081352849347,4.4839878874144595e-09,1.3120219610871948
2770.1507022485603,9.122612447711285e-05,0.074174589160343,-1.3818022258654676,0.0770954205929926,3.071081352849347,5.012039713124529e-09,1.3034632948247291
2810.485387247114,8.97446411945603e-05,0.0717820334482648,-1.3992384972945413,0.0440826706133787,3.070588231852815,1.987252189940749e-09,1.2990624554509218
2810.637184489926,8.958766099503172e-05,0.0716697040589223,-1.400347418206697,0.0456731389349813,3.067852368037123,2.0665006309970156e-09,1.297060851616227
2797.418299532321,8.937308072958704e-05,0.0709964495161353,-1.3955118014939836,0.0498544101950146,3.0646620349109,1.7747291914960004e-09,1.2953300776188124
2782.889495873708,8.981335600362239e-05,0.0710112722520966,-1.403691281311764,0.0364157128902767,3.0666489521349014,1.633948004547483e-09,1.2938195094212863
2718.6481308164075,9.052155579800698e-05,0.0719824617736039,-1.390989524159523,0.0584254099077469,3.0641410594469485,4.124385127266129e-09,1.3007731953328048
2721.793263849569,9.088042876952616e-05,0.0724852986057221,-1.3829061925891923,0.0679995821719621,3.0799191946101,4.287642431346635e-09,1.3017095807801062
2757.0675411364064,8.877632216848071e-05,0.0696641914387651,-1.39951092795051,0.0449110605475037,3.0584914500660183,1.7598452715172907e-09,1.3046256939555103
2792.179811506183,8.905280631375054e-05,0.0705605221579381,-1.403693272741258,0.0415491197121564,3.0646620349109,1.6252189450415646e-09,1.3030253749359113
2764.688080951746,8.940946888869352e-05,0.0704505521666162,-1.4094546343933885,0.0328212466775249,3.0476696083811614,1.949375002299818e-09,1.2990803851260329
2752.721949466329,8.897904852874937e-05,0.069582507312348,-1.4076622099832012,0.0331745363299226,3.064179760495755,1.4865246296620023e-09,1.294854447843815
2851.9569631118798,8.806922422548773e-05,0.0694790702162222,-1.4149116580115246,0.0195376379706984,3.044989535144752,-1.1450519949180694e-09,1.2933599876716633
2716.1164010296343,8.930483784783015e-05,0.0690538735337161,-1.4086577571106371,0.0288815645788007,2.900493260403437,1.3408124950325108e-09,1.2915260332149814
2722.006366234505,8.956513449365783e-05,0.0691129524105079,-1.415583164458826,0.0203582764235153,2.902524827452696,9.675292467464024e-10,1.2878826285284912
2844.1291424955707,8.785730494174012e-05,0.0690172393937379,-1.422856052064683,0.0061190656949895,3.04929637473258,-1.468215191318444e-09,1.2880150962955683
2748.599480793928,8.908087870677905e-05,0.0691785902341351,-1.4057560078413724,0.033854681877758,2.900493260403437,8.530641976450178e-10,1.2871358975788267
2747.906688959105,8.924274786998634e-05,0.0692606952039833,-1.40747252017459,0.0323660907944598,2.900493260403437,8.370884022972992e-10,1.283783561665822
2704.152182920836,8.953756392563009e-05,0.0684258132448651,-1.4151464684242492,0.0141752480543225,2.8968586726803576,3.4739513308142235e-10,1.2814203160161897
2689.652935832739,8.960888676900263e-05,0.0683618714965366,-1.4157435465187438,0.0132762103805404,2.8950333212836306,6.329895492622528e-10,1.2804923309380132
2694.304590216023,8.956792462537883e-05,0.0683240601891426,-1.4163470581194488,0.0099762682330502,2.8968586726803576,3.7728156622569675e-10,1.2794524355076529
2711.5699485045625,8.944902017622448e-05,0.0685319913189977,-1.410434024507374,0.0224450816989076,2.8950333212836306,4.871830391098035e-10,1.2766131763995507
2723.61198145221,8.933038570711376e-05,0.0686429189077773,-1.407428365051003,0.0275805434679362,2.8950333212836306,3.8486096574233557e-10,1.2780903766969354
2703.950932594482,8.983577700044589e-05,0.0686389079533264,-1.4151373625850103,0.0120171496377126,2.8968586726803576,2.1465709342830575e-10,1.2769945986958158
2723.224715478602,8.950532417902521e-05,0.0688204753765974,-1.4056037707116442,0.0292087991851354,2.8950333212836306,4.25836204876295e-10,1.2756391110583325
2705.3745128181763,8.98230634843721e-05,0.0687869894370536,-1.411489677386749,0.0208459383194716,2.8950333212836306,5.266747929340446e-10,1.2744945330946242
2708.414863801212,8.977083439920865e-05,0.0687206470332225,-1.4123101577057655,0.0169780936633106,2.8950333212836306,2.9711874943783603e-10,1.2733899542342804
2716.6091968738474,8.986619362174767e-05,0.0688664499001839,-1.412183884787716,0.0194081274033038,2.8950333212836306,2.3276904512655147e-10,1.2726882863827012
2711.7679909846047,8.997085879697895e-05,0.0688244272838382,-1.4143482720896865,0.0122489776543783,2.8968586726803576,3.7282808869968816e-11,1.271139419057474
2699.9469611051027,8.98475717611493e-05,0.0683507406120035,-1.407604085903541,0.0216123860673368,2.891482642616201,-1.6482461613440928e-10,1.2701203376963492
2719.50081192411,8.97309200728643e-05,0.0688907445838715,-1.409218506701159,0.0243684233873292,2.8950333212836306,3.157580229031367e-10,1.2685597886552953
2689.03994337481,9.019941733670816e-05,0.0683350673474169,-1.4135241127920597,0.0104781397558911,2.893143687676475,-3.1554290015533917e-10,1.2673244135746975
2675.5944142227527,9.0373227413177e-05,0.0682656915909313,-1.417595318420655,0.0051345702619833,2.893143687676475,-2.1122617560692007e-10,1.2662643321541511
2710.680270051351,9.002970291653622e-05,0.0687815945235494,-1.41798383086156,0.0112018107082594,2.8968586726803576,8.396173540477953e-11,1.2653935422973754
2683.390430545667,8.999108206062197e-05,0.0683742539863214,-1.4064590065294984,0.0256811243638471,2.908957518318153,3.731773909320616e-10,1.2649739290681457
2695.441172517254,9.000448377471687e-05,0.0684240235350489,-1.408283018387693,0.0219619005643129,2.891482642616201,-3.6145044684220365e-11,1.263368678447118
2793.0088954546954,8.913659371767493e-05,0.0686435704967604,-1.4245049681068849,-0.0045121182857288,2.8825337471568795,-2.5031605338362527e-09,1.2623757420866182
2691.501680927351,9.020782807255636e-05,0.0683192750858015,-1.41635492899282,0.0081793186302398,2.893143687676475,-4.6510445073703886e-10,1.260363279700507
2675.110259429552,8.982771150448508e-05,0.0676274695314727,-1.410728808307042,0.0227179373031283,2.9034304107565228,-2.7028296885323864e-10,1.2547603923248305
2771.2184552839026,8.844434269842635e-05,0.0669461622071921,-1.4259249945496617,-0.0119376214456007,2.8742084554260106,-3.98991635761073e-09,1.2527975918139638
2639.2163409384666,9.030385143220956e-05,0.0674667192886323,-1.4162281443918456,0.0059221777021163,2.8897225759219443,-1.272030602117245e-10,1.254452510227224
2680.189222767367,9.016908318575488e-05,0.0681256945657123,-1.4194910798562277,0.0054241944744569,2.893143687676475,-2.815493890089697e-10,1.2541511493501525
2684.549669322092,8.937489633247135e-05,0.0677854549548917,-1.4124943451306355,0.0187808383363554,2.891482642616201,1.0507321185655224e-10,1.259819624363255
2711.313333918224,9.06855067202939e-05,0.0695226246960085,-1.4105285700117685,0.0193787032054789,2.8950333212836306,2.3715574902819717e-10,1.2604382076213858
2729.3769076339668,9.070940987783018e-05,0.0698124091525855,-1.4064502081165469,0.0283037421766503,2.8950333212836306,1.7530269144238784e-10,1.255309573564359
2758.6864414412994,8.944571249658079e-05,0.070050517302476,-1.4076268002945755,0.0379513248680935,3.060789295571801,1.5438318743424363e-09,1.280208112503366
2693.4106643924024,8.976142545401609e-05,0.0686096377676508,-1.4160956163684744,0.0234677977956762,2.8950333212836306,9.77764257445353e-10,1.2805814116610912
2740.592413316015,8.952310026834539e-05,0.0695008438764614,-1.40814975620173,0.0410663183221052,2.892988456358589,1.3806476205276266e-09,1.2782433627186156
2731.443222763017,8.955701581198973e-05,0.0693022171279108,-1.413816943426872,0.0309088854435818,2.900493260403437,1.2031036614576224e-09,1.2748412614184754
2695.063007972203,9.001325974428108e-05,0.0688495847220672,-1.416910388503795,0.0260578773098223,2.8950333212836306,1.0587194572435516e-09,1.2796204479585946
2768.5988569386536,9.002283574332979e-05,0.0707242524100258,-1.4044002966581872,0.0441810691179358,3.0584914500660183,1.4780879904122939e-09,1.282098197796424
2786.4158069207333,9.034155504460776e-05,0.0714577869643394,-1.4086668763309116,0.0374297199117421,3.0666489521349014,1.5990921554683127e-09,1.2775425147149062
2707.565515659284,8.987014979391506e-05,0.0689336508759684,-1.4112360081085125,0.0310795718544686,2.8950333212836306,9.256139458520235e-10,1.2685420644940577
2726.901199962129,8.973043889696465e-05,0.0689447926236558,-1.412017387756593,0.0281667067909073,2.8950333212836306,3.696650557729639e-10,1.2674536074529956
2709.7820626569446,8.990081652425177e-05,0.0689129411983467,-1.4141610086979044,0.0327735695587187,2.8950333212836306,1.0390265118968141e-09,1.26570638770581
2711.0994286157656,8.970063506399033e-05,0.0686451399814032,-1.418388440759867,0.0209216893716648,2.8950333212836306,4.98040623947051e-10,1.2625076441529426
2679.246889141388,8.940754476133322e-05,0.067633101545383,-1.414931678567758,0.0055494567483309,2.893143687676475,-3.273312879881061e-10,1.2683588285375602
2745.7722309906967,9.04560280771872e-05,0.0702386436604206,-1.4086402979489951,0.0333229431625343,2.900493260403437,8.418025451074527e-10,1.2704250580722332
2660.243979382561,9.15902172439095e-05,0.0707393344474191,-1.3959125172550846,0.0540216760640192,2.912671204172056,3.3667595003301004e-09,1.264176585314832
2692.330508585321,9.038797582241926e-05,0.0684751296342989,-1.41869041408374,0.0135034890059155,2.891482642616201,-2.124341106609389e-10,1.2571480945995934
2683.69455895084,9.008811681131588e-05,0.0682577095683156,-1.4157137950177097,0.0183576009754101,2.891482642616201,1.9446437673348838e-10,1.25731028643073
2699.0731512126517,9.003272778868085e-05,0.0683900909036193,-1.4141983201135016,0.0211834761919662,2.891482642616201,-8.235597828292186e-11,1.2553126700302712
2673.3489891637582,8.939873506919268e-05,0.0674767231401268,-1.4228719910808154,0.0094555450751874,2.893143687676475,9.80407018063462e-11,1.2600606056172747
2746.5577765447088,9.07213597648636e-05,0.07023167496191,-1.415781696198247,0.0191684308391035,2.902524827452696,2.6362910864645124e-10,1.261877476988009
2734.378069996834,9.09850746362526e-05,0.0705603970349979,-1.4079102485118349,0.0322724073315275,2.900493260403437,1.020155326545021e-09,1.2616704921439204
2648.5055574346334,9.198447607719745e-05,0.0704882342428938,-1.3927648954933745,0.0512773218091918,2.9102549658141506,2.7208756120180704e-09,1.2614964868504517
2647.690504713217,9.197401877614558e-05,0.0707735930703449,-1.4024900286957511,0.0415435686552743,2.898688418572965,3.192501466097358e-09,1.2613744050680475
2649.9946143999696,9.201379932019392e-05,0.070856657136317,-1.4014471722615751,0.0433707222434661,2.912671204172056,3.18860374012212e-09,1.262219514033901
2658.3685339358635,9.20687583545547e-05,0.0710571718026145,-1.3984253942414495,0.0491407849177584,2.912671204172056,3.2087530678646754e-09,1.2619606376124184
2657.3936022385024,9.221241672382558e-05,0.0711996082959094,-1.39576044780057,0.0499305981673585,2.912671204172056,3.210069169901786e-09,1.2618039028311063
2665.899534485536,9.198619702934668e-05,0.0711656371605682,-1.3923666404408996,0.0555873320539908,2.9106396371227965,3.226308508676066e-09,1.261060216343684
2664.577060779324,9.209890109784188e-05,0.0711296096815627,-1.397452745926532,0.0499615571209754,2.912671204172056,3.1129422006251803e-09,1.2608461058860572
2651.67524132831,9.231747915055942e-05,0.0711754175314709,-1.3987088992111885,0.047232514250876,2.912671204172056,3.276529270808822e-09,1.2602132092145335
2657.7095918904524,9.22980677383017e-05,0.0711927615322119,-1.398934982904014,0.0466345399162819,2.912671204172056,3.132276706498688e-09,1.25979397679647
2665.1630194764584,9.228510781562976e-05,0.0713267692275388,-1.3954655541924628,0.054851209922661,2.9106396371227965,3.3033830480563997e-09,1.2595806507470255
2668.284571327502,9.2266440393282e-05,0.0713064815210618,-1.3971272131143804,0.0502144874460279,2.912671204172056,3.025082276403979e-09,1.259681056280914
2719.1459375030827,9.12059446236574e-05,0.0699604245029915,-1.4119344191032428,0.0220779794374501,2.8950333212836306,2.2552811771231776e-10,1.245676533411759
2668.4321299712174,9.125734184624686e-05,0.0690025970714345,-1.4170929724518522,0.0155250966907627,2.891482642616201,3.887373234184119e-10,1.2440760248110043
2689.344948527636,9.098131406685462e-05,0.0689138865205854,-1.4184575777201047,0.0139794992533179,2.891482642616201,-1.4913044779924984e-10,1.2419553005951436
2653.3572341986,9.10321576412422e-05,0.0682650539141084,-1.4165861842413707,0.0189280018842727,2.8857523388254784,8.609161302388543e-11,1.2402229013442243
2611.94934984087,9.126779221716756e-05,0.0675306085813457,-1.41936892536731,0.011401935111525,2.8824013852024493,-4.3430243709000223e-11,1.2432829602727384
2721.713449774077,9.148877743339427e-05,0.0700493099197238,-1.4182432884551257,0.0135629783717735,2.8968586726803576,-1.8227763633144206e-10,1.2489365696124273
2630.2896843932103,9.25777829179154e-05,0.0704993321788018,-1.4055296012403662,0.0367948490361002,2.9123096188526056,2.7421006410842727e-09,1.2498214297358516
2664.026275158627,9.222259050014964e-05,0.0717794649046444,-1.3984517739898965,0.0517097338742901,3.0584914500660183,3.83067554471706e-09,1.271878743021298
2690.752299623331,9.111021726125577e-05,0.0696024328340289,-1.4176452926664849,0.02183742050628,2.8950333212836306,9.495716170386504e-10,1.262758547341816
2710.293682268588,9.070010447643676e-05,0.0695734989015484,-1.411618834393448,0.0312804685503382,2.8950333212836306,8.78218654290711e-10,1.2625882841919616
2736.810480420944,8.981186270948151e-05,0.0695859882169606,-1.4094908302869646,0.0262310864421155,2.900493260403437,7.16014438612051e-10,1.2694020621763389
2672.2330053192563,9.24278666111654e-05,0.071969139287615,-1.3993310119443123,0.0502601370353214,3.0584914500660183,3.6418633331549564e-09,1.2704973516750024
2692.031316832872,9.224430051278204e-05,0.0720983674709666,-1.3937224756242574,0.0580331058207555,3.074909061878756,3.4748025227102053e-09,1.2688265121230375
2682.151102612959,9.260068171954936e-05,0.0721523460855429,-1.3997972429530758,0.0494751361763965,3.0584914500660183,3.431271840386986e-09,1.2677163270396683
2661.406647739932,9.312157671937192e-05,0.0724134158234604,-1.4015409319876715,0.0503730924660926,3.0584914500660183,3.915855974224507e-09,1.2669549022110271
2659.8534389052074,9.292871328954572e-05,0.0722315529525003,-1.40102375236649,0.0473810253662739,3.0600971269576163,3.7929169207663854e-09,1.266487378512798
2700.311608918011,9.241090432926016e-05,0.072458247508971,-1.3866807959775047,0.0688790968003589,3.074909061878756,3.6713853568399902e-09,1.2664068698969488
2681.106409119442,9.290451460016976e-05,0.0724087202384667,-1.3986946799826347,0.050395988072675,3.0584914500660183,3.4663102075421843e-09,1.2659016759971933
2664.7393040368333,9.303000937618422e-05,0.0723653297390729,-1.3999610491558152,0.0482249037923721,3.0584914500660183,3.710286719913298e-09,1.265065020280379
2669.4333782538306,9.306819010973618e-05,0.0723640723314728,-1.4024635712831452,0.044649791539283,3.0600971269576163,3.514695118786888e-09,1.26403170697046
2698.220093794167,9.285103196645328e-05,0.0727535999956099,-1.3876784235313333,0.064868139983844,3.074909061878756,3.540781771996245e-09,1.263317267769026
2701.20854738052,9.261763326121774e-05,0.0726018492997218,-1.3868249917768072,0.0660541350782824,3.074909061878756,3.530124302993337e-09,1.2627501664931582
2696.398333977675,9.2718444198041e-05,0.0725752168336423,-1.390687222551551,0.0624896270671596,3.074909061878756,3.5417854438454e-09,1.2623680150840522
2691.586150615709,9.28246766324392e-05,0.0725972914160056,-1.3918904475198206,0.0609997334720787,3.074909061878756,3.59364316355724e-09,1.2618830944210315
2685.927612863248,9.299004569359522e-05,0.0726886403083469,-1.391781112585277,0.0601849870465393,3.074909061878756,3.6616811754872512e-09,1.261031204091808
2697.877224926371,9.275458428728526e-05,0.0726179781142013,-1.3909778914728144,0.0616797077774555,3.074909061878756,3.447378653936338e-09,1.2603359275407708
2695.7476789937355,9.28955558970927e-05,0.0725932430808182,-1.394525393647345,0.0566813238996128,3.076918055960801,3.4033473509621387e-09,1.260027222523854
2741.796147525776,9.259392350897276e-05,0.0717508182835232,-1.4110434305764696,0.0274395044636006,2.900493260403437,6.934795191958412e-10,1.245441029646657
2677.624274638016,9.1370809938562e-05,0.0692310739710023,-1.4169232439780903,0.0225548071827767,2.891482642616201,4.669655398306554e-10,1.244896678560963
2686.0323292645626,9.172755747296696e-05,0.0694384081249094,-1.4202466949953203,0.0144899691281513,2.891482642616201,-5.1763457083879936e-11,1.2424373012749037
2689.629610485863,9.143646834290386e-05,0.0693057406222809,-1.4182683553661002,0.0188749843610063,2.891482642616201,6.301159295689473e-11,1.2394111733337467
2653.159559656633,9.201163013490278e-05,0.0689502604035633,-1.420699336155572,0.0170652804451971,2.8857523388254784,3.8469313662226777e-11,1.2404786477169818
2635.5823075701483,9.347298349497596e-05,0.0713905690422326,-1.398737241243188,0.0570383623089824,2.9084296144174235,3.571512551083019e-09,1.2386259594558373
2652.4395681698807,9.198272252028664e-05,0.0687665012280541,-1.421426374018706,0.0044712671048617,2.890781512528126,-5.198988272881817e-10,1.2343234488257102
2653.9870800946373,9.17379681769379e-05,0.0686102102505654,-1.4228022079989862,0.0055633298033581,2.8878547744927348,-5.213455477149242e-10,1.2343264402173597
2646.979046326829,9.175315766812572e-05,0.0685007595287951,-1.4238542814398498,0.0034209737628144,2.890781512528126,-3.997302680990719e-10,1.2336177952279614
2649.6647644292098,9.213393278435278e-05,0.0688132655695118,-1.4233919966256392,0.0034174381260375,2.890781512528126,-4.723315152106368e-10,1.2287537291038086
2680.59009734937,9.17818034117601e-05,0.069464337075897,-1.4193912620357103,0.0139495414143301,2.891482642616201,3.786911809640004e-12,1.2385553357941737
2618.4313404744025,9.326305489526258e-05,0.0706719666555241,-1.3937876118390409,0.053837486868766,2.905032916130842,2.8923529702610715e-09,1.230875262445594
2605.921770047862,9.23409241028504e-05,0.0680333575805665,-1.4251775863854337,-0.0037499380707555,2.8874897256545404,-5.521549322056744e-10,1.2257581101204449
2650.928072380135,9.136577239030812e-05,0.0679382489445807,-1.418537658200924,0.0163589966210699,2.885362555450022,-7.636315879699191e-10,1.2238626701755202
2618.795924251433,9.125116087946268e-05,0.0671048903207552,-1.4195729365494625,0.0081417319750179,2.8983558375477823,-1.2842378075869455e-09,1.228669819020246
2695.859044025652,9.213795412685664e-05,0.0699667492244347,-1.4168714105892044,0.0229533004951743,2.891482642616201,1.8845525529212417e-11,1.2319390438404922
2677.586909743492,9.241912420631236e-05,0.0698993964267683,-1.4198450783075651,0.0098955779478693,2.891482642616201,-1.5637602103857508e-10,1.2291992666553426
2737.690771902213,8.330625998811623e-05,0.0630086421600047,-1.436778225188956,-0.0070629190097589,2.8769930627763607,-1.7727094137776863e-09,1.264881253859128
2757.158001752803,8.829484716182785e-05,0.067299230403237,-1.4293842923711366,0.0098415478141279,2.891482642616201,-1.7421447810078496e-09,1.2706697465861485
2745.2749418686144,9.08104870454733e-05,0.070883464166388,-1.4170135231242698,0.0359194976376336,3.0432047471123966,1.861033345001613e-09,1.2720023446560869
2727.7257988161878,9.109898825342872e-05,0.0709971689105852,-1.4170155501806565,0.0362713346663146,3.0415990702207982,2.254963619026936e-09,1.2709094011362807
2753.941363967955,9.110055242701332e-05,0.07120877190586,-1.4158095227049328,0.0363968644143478,3.060789295571801,1.659964453463946e-09,1.2701538791125928
2751.118558202172,9.11116212751688e-05,0.0712490348545459,-1.413520803011546,0.0386241136832244,3.0623949724633994,1.7702443083881212e-09,1.268910812510879
2754.3868400466163,9.130748819315007e-05,0.0713880157486784,-1.4146889425887057,0.036149211426382,3.0623949724633994,1.6148830669471735e-09,1.268533528055651
2735.370372863952,9.15412327598986e-05,0.071411951843051,-1.4168380847681987,0.034541119228278,3.0432047471123966,1.964798470873101e-09,1.2676982593287658
2746.924706930294,9.160060777413684e-05,0.0714901696356375,-1.4166555696194991,0.031974656461415,3.044989535144752,1.629224932427263e-09,1.266074266037428
2663.218267145566,9.200646133790629e-05,0.0712828748629541,-1.391686979651049,0.071310755726656,2.906234229344811,4.008407301298776e-09,1.2648504010336736
2750.040348316543,9.130833032328152e-05,0.0716085450664191,-1.4077942862448798,0.051006080847008,3.0584914500660183,2.229469500317608e-09,1.264695473147051
2761.462427192135,9.143164461703788e-05,0.0717327344415614,-1.4083457327985471,0.0467821137924165,3.060789295571801,1.821293234866113e-09,1.2635835490180125
2662.199265206,9.22087954621986e-05,0.0713564555119049,-1.3942311436577808,0.0651593944549444,2.9080390711752835,3.803474837261971e-09,1.2628940693042574
2668.5829178022686,9.24440025379763e-05,0.0716164854412863,-1.3923219049071591,0.0655096209718006,2.9080390711752835,3.6432995615734304e-09,1.2625557501564542
2657.543084191857,9.24917811123453e-05,0.071592029600926,-1.3918688200684035,0.066724941866769,2.9080390711752835,3.9153229561722706e-09,1.2619457947952737
2653.55774288578,9.251339134158578e-05,0.0715164620125955,-1.3947570514856291,0.0623872602891115,2.9080390711752835,3.8406125583434805e-09,1.2529946989938645
2640.154924300965,9.092716891744392e-05,0.0679312468845396,-1.4236304081850115,0.0147502138083173,2.885752338825479,3.4997114249591265e-10,1.24386228354059
2645.060161690228,9.117295130364128e-05,0.0680914295996899,-1.4264432334822443,0.0109781898364292,2.8878547744927348,6.108047849155384e-11,1.2419907842487938
2643.353848068742,9.124610443662032e-05,0.0682010162194782,-1.4236148688084775,0.0142318471777508,2.8878547744927348,2.3325727839807165e-10,1.2396151747271664
2629.2143615200184,9.091411145260769e-05,0.0674527445971658,-1.419867282166606,0.0173208410793691,2.898397658886659,-1.7667089551578126e-10,1.2446299421073426
2658.942634618841,9.108703258712918e-05,0.0682629174232035,-1.4213062358500546,0.0179994439991279,2.885752338825479,-1.4308936250912451e-11,1.234073801251471
2633.4607944670133,9.078981253211492e-05,0.0673609606123649,-1.4223826222168607,0.0179120544162775,2.8824013852024493,-2.264690428120024e-10,1.233203705921912
2619.1319517111406,9.143612116643748e-05,0.0677365108728496,-1.4214166138266413,0.0171023493122375,2.8824013852024493,7.014318648989395e-11,1.2319633252401092
2625.625549991149,9.11834387001706e-05,0.0675305355486467,-1.4230402356493763,0.0136545810708076,2.8824013852024493,-2.106794097367801e-10,1.2306176609223998
2602.655796734616,9.099907127299266e-05,0.0666870326527512,-1.4234494494033767,0.008456872601872,2.8983558375477823,-7.473256503525691e-10,1.2345742741541357
2652.9059423622675,9.17413579829547e-05,0.0687763083085537,-1.4189132804599327,0.0187905329890882,2.8857523388254784,9.065264846447808e-11,1.2377708412453152
2682.587277698796,9.182795903746594e-05,0.0694829766058073,-1.421650047026484,0.014182985873012,2.891482642616201,-6.603857596625496e-12,1.2348213794492562
2607.965954814572,9.127404293541647e-05,0.0670996238465289,-1.417627212979798,0.0205338369456149,2.8962033438884487,-3.789156210694204e-10,1.2235735586474772
2697.23611452058,9.009355160187149e-05,0.0668051377128612,-1.440231467090671,-0.0256908358076233,2.870532044319833,-3.7658840631573704e-09,1.221518531291995
2586.994141045958,9.148057649420274e-05,0.066727437092923,-1.430323206481757,-0.0009420730772676,2.880256859142189,-7.018738350957e-10,1.2208954843942348
2712.8984264596365,8.956337232603793e-05,0.0662683099102078,-1.4363843421168814,-0.0189715773958211,2.88388950013214,-4.843605396651645e-09,1.2218447956631953
2645.566699351184,9.260019957802682e-05,0.0688694363460059,-1.415269203748617,0.014045595641563,2.9032486046979025,-8.511545712712457e-10,1.2182121901259475
2696.688121628482,8.9839265320374e-05,0.0661825959145733,-1.4403146280594166,-0.0271877883386822,2.8671620671998785,-4.840132768064206e-09,1.2161147435879565
2682.939939207863,9.01487832600768e-05,0.0662959695561795,-1.4401805905806766,-0.0241373276187673,2.8650095735405445,-4.3161650659904965e-09,1.2155268688277094
2553.067102880683,9.175302919186476e-05,0.0660497377822563,-1.4315635600718497,-0.0102963130651999,2.8789114736440897,-1.1633729636915826e-09,1.2139792544974772
2583.833120299969,9.131735403069986e-05,0.0661653729318351,-1.4259804291300595,0.0015201895835871,2.895050084712593,-1.4371200898753092e-09,1.2145339113539904
2597.953546657227,9.17806469733341e-05,0.0673198973338572,-1.4200269261469876,0.0113405110182412,2.8983558375477823,-6.018352362453241e-10,1.2214183485860262
2629.971842676867,9.182390373014185e-05,0.0681860270137827,-1.4171992317233877,0.0183319362038162,2.900287434450329,-2.4396298524925187e-10,1.2224142498609245
2605.3288354920223,9.32880960424044e-05,0.0683109812501819,-1.4219268171325457,-0.0014216178379976,2.88197722724033,-1.3679926586931754e-09,1.210933355768244
2576.2599158552475,9.200802559972672e-05,0.0671736767039786,-1.424184795378176,0.0058813843913336,2.880256859142189,-2.120285136923628e-10,1.2162957201280669
2599.60415559588,9.2003109953601e-05,0.0674479356094006,-1.421297970825836,0.0076312406172032,2.8983558375477823,-8.110579989171115e-10,1.217117285616526
2614.479268346913,9.220293487166512e-05,0.0680299378342774,-1.4263897703264743,-0.0009305841722362,2.885362555450022,-6.621572600829927e-10,1.217668649628509
2604.6990633052774,9.235609608942484e-05,0.0681314824858132,-1.4244805274666994,0.0037989902028789,2.885362555450022,-1.9944924094867015e-10,1.2180287258677525
2626.1030753455125,9.224116670378404e-05,0.0683384448597793,-1.4207119408126143,0.0094854983280201,2.885362555450022,-5.533583057273528e-10,1.2192284545885588
2640.218492195476,9.214672169584264e-05,0.0685975502904084,-1.413853702967843,0.0208239544639534,2.9032486046979025,-4.771004620129338e-10,1.2195705019343148
2649.744166233111,9.24462449459684e-05,0.0691250260527827,-1.4235006357804874,0.0100862049792199,2.8878547744927348,-2.0432446422608363e-10,1.2192630216841267
2634.8754573143087,9.258509989096207e-05,0.0690528714105373,-1.4237929342462552,0.0051144075237849,2.890781512528126,-6.628026530030215e-11,1.2192691049997857
2623.872153775301,9.27834457023217e-05,0.0691193082835798,-1.4244744373924003,0.0050943872129205,2.8878547744927348,1.854211835010023e-10,1.2192848263674856
2654.4295404478908,9.242835835171763e-05,0.0691213576654552,-1.4233331104201643,0.0053873098989061,2.890781512528126,-5.788938909679661e-10,1.218794032495277
2651.782630054746,9.25882071778362e-05,0.0692273617103951,-1.4234728226666395,0.0069069542655435,2.890781512528126,-4.303387481852576e-10,1.2187157348787117
2648.775467971805,9.257486132007276e-05,0.0691957177298825,-1.4219258702302495,0.0070631195605467,2.8878547744927348,-3.5546547939629804e-10,1.218810072841342
2648.5786368609406,9.262218921526448e-05,0.0692673179467614,-1.421972136591591,0.0084868164471542,2.890781512528126,-2.973448572190737e-10,1.219242454869038
2651.659504648298,9.259001388276578e-05,0.0693497972724468,-1.4190013366223078,0.0136342698648639,2.8878547744927348,-1.5742881779713959e-10,1.219210592895492
2651.971832603682,9.26827648501572e-05,0.069467949423992,-1.418450556286075,0.0149227799156396,2.8857523388254784,-1.5988375125460327e-10,1.218952014081849
2654.736603264697,9.25822074446072e-05,0.0694005725777639,-1.4189218867930091,0.0146390865112659,2.885752338825479,-2.2237499459997264e-10,1.2187705135634237
2639.468215532135,9.330294461484549e-05,0.0696272471385263,-1.424754234584202,0.0144866636674331,2.8857523388254784,3.2179290611416415e-10,1.206636019516137
2661.523597340565,9.061217216675776e-05,0.0659705952634519,-1.4407939197852635,-0.0316032392697845,2.8573124383523494,-5.176610969386527e-09,1.200253385269219
2677.235402084887,9.03894033590508e-05,0.0660359445296201,-1.4389110541057295,-0.0270951192796249,2.8789114736440897,-5.360500577101522e-09,1.198802132114638
2662.9216691013426,9.066600593803374e-05,0.0659401232573949,-1.4423935590566694,-0.0351401492366156,2.8573124383523494,-5.3743408010238305e-09,1.1975315349042686
2619.5284429425374,9.092878120840924e-05,0.0654310809943773,-1.4393492801910854,-0.02957685750658,2.8740240110040043,-4.923788708017421e-09,1.1941231271755002
2550.651383993681,9.13862187298151e-05,0.0656003395134695,-1.4228385958914371,0.0053099429242272,2.890359434402612,-1.445049012457761e-09,1.2056071786596465
2603.2052989467047,9.262879946561234e-05,0.0680052402708849,-1.419414176941942,0.0099953668661303,2.8983558375477823,-8.797812028688906e-10,1.1992884645180577
2634.240124023985,9.09456274484692e-05,0.0656153616540654,-1.437492733404969,-0.0297570254206301,2.8759829246980533,-5.384905214528343e-09,1.1927874279741646
2652.50452345144,9.029807993902902e-05,0.0654496691800727,-1.4342617163889124,-0.0193199785075733,2.871819017499321,-5.3302556376862734e-09,1.1928995629985877
2645.3601712365635,9.04413492369073e-05,0.0653449602057277,-1.437225846699696,-0.0280900520094501,2.8740240110040043,-5.571325581744895e-09,1.1908388326935142
2600.63923073886,9.109665102958778e-05,0.0653193456777448,-1.4394609697471334,-0.0343686099301319,2.8759829246980533,-4.6254321522444815e-09,1.1915907301202648
2614.6044922089204,8.972426436298242e-05,0.0643931771953398,-1.4400575210938826,-0.0395788855708446,2.857484465411911,-5.260747617850156e-09,1.1993256830412895
2585.1246300307103,9.276252093290672e-05,0.0677800060787336,-1.4239511364228217,0.0006351781300374,2.88197722724033,-7.753882076333241e-10,1.1968713929251285
2579.662034628447,9.176150334373008e-05,0.0654155252670451,-1.443503719584702,-0.045473278386647,2.857484465411911,-4.604947988600375e-09,1.1881058961188202
2615.987613215577,9.051741366203288e-05,0.0647337985156951,-1.437260301701193,-0.0306539827158318,2.868983965750727,-5.940216996164279e-09,1.1881674363609824
2623.0783501830883,9.059330833012992e-05,0.0647156196773935,-1.4399425994833186,-0.0385193694181668,2.868983965750727,-6.5466155412849985e-09,1.1851489665269948
2620.500172683038,9.061386800560704e-05,0.064636153069456,-1.445092871833053,-0.0400526289995358,2.872389475229132,-6.5318671251712285e-09,1.1851298898018066
2615.7486403551884,9.048181124157925e-05,0.0643568673206894,-1.444016365740467,-0.0524543653364296,2.8502571304240147,-7.021665147024608e-09,1.1932576973915614
2555.2452083742246,9.287719526983323e-05,0.0670277293019268,-1.425762096409007,-0.0077636504688951,2.8789114736440897,-1.2981663375024031e-09,1.1938287777247925
2627.841919497587,9.105476981986184e-05,0.0654643124452239,-1.441156901397347,-0.0384435799878988,2.854120486536901,-5.619667545764133e-09,1.1831943433663783
2609.823907068465,9.052542967977285e-05,0.0647383856810153,-1.434832890208671,-0.0249568885908384,2.869836313556039,-5.461131091354381e-09,1.1847094033583452
2618.8658520621248,9.06474414617692e-05,0.0645213848449129,-1.4430343309524876,-0.0527392207948226,2.8524893460707315,-7.190566251385905e-09,1.1834124290718555
2585.112612005789,9.091927268498298e-05,0.0647369095277352,-1.4358549624750088,-0.028693101781257,2.869836313556039,-4.9539975305066295e-09,1.181988507404708
2557.3752410854213,9.118325630591171e-05,0.0637846445349081,-1.4449531723481668,-0.0597332184108262,2.847339760719655,-6.838160034348365e-09,1.1862550342607352
2539.3830425306223,9.250574177392608e-05,0.0661117769042876,-1.4271312626137511,-0.0118496940448549,2.8692969919441933,-2.0066971943613646e-09,1.1923258329415616
2516.214681389276,9.313084590332674e-05,0.0663462872339911,-1.4262849579261692,-0.0126018892774523,2.8692969919441933,-1.4114015568184423e-09,1.1938683282743865
2691.139243036509,9.220122741313886e-05,0.0705304135538916,-1.4170511605313092,0.0314229075936245,2.8950333212836306,1.3473002085110883e-09,1.2442586918014873
2681.124629149213,9.214864236456398e-05,0.0705028697457001,-1.4141655723455924,0.0398541364238861,2.8950333212836306,1.962243014005016e-09,1.2429529957268288
2709.294040602166,9.189470723359188e-05,0.0705485806307348,-1.4136198225532806,0.0384406731444917,2.8950333212836306,1.2029078552768919e-09,1.2409240019682142
2672.4721359200776,9.225805459687107e-05,0.0700614573941662,-1.4121721261056783,0.0384368728940899,2.905032916130842,1.2484853240013656e-09,1.2426284369980454
2619.138223697897,9.341493412462036e-05,0.0713853361997125,-1.396869056003022,0.0596696281298828,2.905294997738437,3.836965229622448e-09,1.2455463744720834
2604.5416805557907,9.391454342646651e-05,0.0714053195944495,-1.406195581534416,0.0436614779745934,2.9102549658141506,3.619801445433261e-09,1.2455439543247566
2699.8754885331728,9.257043228095588e-05,0.0710314724326403,-1.4113225642966547,0.038296122112528,2.8950333212836306,1.3494871604011843e-09,1.237737516236663
2660.148462551646,9.257882532267424e-05,0.0700288315944156,-1.418890893401168,0.0258320298762421,2.891482642616201,1.0311952066175055e-09,1.2363781453116118
2651.406986705959,9.298145223863448e-05,0.0702959958738861,-1.416596813516159,0.0271499323412078,2.889636310168937,1.2686796516902926e-09,1.2355322670463362
2663.1632880289108,9.296868681866716e-05,0.0702737036354179,-1.4193386274575297,0.0206273237292186,2.891482642616201,7.335343453408191e-10,1.2335215316050938
2657.767706040758,9.275398177179114e-05,0.0702348087031497,-1.4155462336218705,0.0305173029705846,2.8875580404288903,1.2448602385261815e-09,1.2349837414169915
2679.7872895882465,9.325114022764864e-05,0.0712218266048539,-1.4163378707605516,0.0249288361312733,2.8950333212836306,1.2639427050921695e-09,1.2381231712138543
2601.510703941341,9.392791886683574e-05,0.0710683386979247,-1.3970523674207125,0.0536831499883143,2.905032916130842,3.251922610879433e-09,1.2382757639118849
2660.474651098252,9.326700372193316e-05,0.0704224130119054,-1.421091791694048,0.0158189755344723,2.891482642616201,5.738685575860919e-10,1.228451820605627
2640.568546647206,9.2765890141441e-05,0.0694181625294644,-1.420503279143815,0.0171754003777833,2.8857523388254784,3.0228284623453617e-10,1.2276798285139372
2663.1093559903093,9.300847998734048e-05,0.0701683029682172,-1.4244454709919627,0.0122603999618937,2.891482642616201,3.8154910916010077e-10,1.2276932837298635
2623.711657945998,9.319153041072078e-05,0.069086766253328,-1.4178090475654996,0.0132830712967224,2.885362555450022,-3.3215101958075817e-10,1.210432389880765
2563.112762049306,9.183595127897372e-05,0.0669550280813315,-1.4266360005830905,0.0067247373908857,2.880256859142189,1.548824744783885e-10,1.2130065039594673
2610.8110576281324,9.321779114981032e-05,0.0688886554730124,-1.4234092163708465,0.0061868801224728,2.885362555450022,-3.266709496210764e-10,1.215379996331092
2623.303159187548,9.32379778811476e-05,0.0692356956627792,-1.416058528362938,0.018392191614048,2.9032486046979025,-1.7757115359947118e-10,1.216268978711332
2635.600432626903,9.346972109151592e-05,0.0697682598464614,-1.4231502086942898,0.0067176578206908,2.8878547744927348,-7.489872599187407e-11,1.2167032760001997
2648.7978077898733,9.336708877818464e-05,0.0698926740863676,-1.420987991215221,0.0115837646634395,2.890781512528126,-2.2120751920239944e-10,1.2170764989371017
2654.815513886512,9.333865587845678e-05,0.0701219428462685,-1.413923478194494,0.0220067344230004,2.9034304107565228,1.5808649715665115e-11,1.2187185811473047
2659.572339452337,9.363155117466264e-05,0.0706496556528826,-1.4209167443873776,0.009825561455253,2.893143687676475,2.589245404634925e-10,1.2183814841264675
2680.5584197025746,9.327866749738108e-05,0.0706985971557166,-1.4159899821263078,0.0167277016275362,2.893143687676475,-5.0400185789878456e-12,1.2171253073478314
2655.217878508847,9.347396407405995e-05,0.0702294432787214,-1.414069091510635,0.0213912685131374,2.8857523388254784,-3.445871266618028e-11,1.2166187704463705
2655.1281122514047,9.349744927429464e-05,0.0701922016620697,-1.415695762793301,0.018286645170871,2.8857523388254784,-1.6336617356948866e-10,1.2161498456666706
2646.2708271662705,9.362154684804824e-05,0.0701676315509853,-1.4169919037796723,0.0151633442757866,2.885752338825479,-6.932947615130036e-11,1.2154050882453902
2545.6333954231814,9.457269940273703e-05,0.0697982653811581,-1.4052132544107063,0.0325109345607954,2.896270488682141,2.19490837706907e-09,1.2154501965232916
2552.724462264217,9.457892422592748e-05,0.0699122625874123,-1.4029421774653723,0.035008251578498,2.896270488682141,2.089426122123564e-09,1.2151680439852437
2645.831221448723,9.381669573257932e-05,0.0703343746638967,-1.41576339863016,0.01680347580637,2.8857523388254784,8.143863622874442e-12,1.2149754716602943
2548.3105447185226,9.47118573053312e-05,0.0699626100768467,-1.4036843459041677,0.0343811005802633,2.896270488682141,2.190457952239373e-09,1.2146116061984242
2636.485264259856,8.951318497814742e-05,0.0646408547215968,-1.4410240517015338,-0.0217880198025714,2.871819017499321,-4.973765680099114e-09,1.1976755726279174
2622.6890360517427,9.198215115919524e-05,0.0667237060427032,-1.4387163182836729,-0.0237336978479174,2.8789114736440897,-3.7677987764164725e-09,1.193898037074478
2535.252370983362,9.169329170690285e-05,0.0655715754431303,-1.4234652636363492,-0.0073084373823769,2.890359434402612,-1.666335559033396e-09,1.20362150392658
2612.821808174718,9.362354994036116e-05,0.0692423388124008,-1.4205306380991405,0.0057327351405012,2.885362555450022,-4.733694299396812e-10,1.1998759798922076
2522.0646745627746,9.357292546287522e-05,0.066637391438026,-1.4315025059740962,-0.0120935815507186,2.8692969919441933,-1.456462190805059e-09,1.1890043089920794
2641.7513703065924,9.164401064647862e-05,0.0664589109956882,-1.4431267381616997,-0.0362759668152706,2.859804078057415,-4.9307739099112975e-09,1.188785997606336
2643.8764417613856,9.145787599441794e-05,0.0661725718384894,-1.4359130886173248,-0.0233421393481763,2.871819017499321,-5.418130933326227e-09,1.1875171283605257
2597.5777458711527,9.14538091718937e-05,0.0650867365223231,-1.440693733659404,-0.0404931347997176,2.872389475229132,-6.005828428153398e-09,1.1915868650920252
2586.092878655065,9.370817037780426e-05,0.0684515288195085,-1.4240629837820609,-0.002386706663831,2.88197722724033,-9.920586010650887e-10,1.1951772602296276
1993.0546908439137,5.402672092621936e-05,0.0297316309986294,-1.0421654015557051,-0.6947032055093031,1.7127988020363625,-5.314151904789984e-08,1.185116964080823
2595.8082256242637,9.014785007311296e-05,0.0643360658887048,-1.4360810927634875,-0.0238433350632969,2.869836313556039,-4.9942838017289905e-09,1.1860571996021343
2612.073301002849,9.017359267648586e-05,0.0643791366625747,-1.440961027793992,-0.0315551239661812,2.872389475229132,-5.858164353315808e-09,1.1857889422281371
2682.6760901389644,9.06361748613e-05,0.0663203614424692,-1.4355412845961792,-0.0245377620111525,2.8789114736440897,-5.432608251540735e-09,1.1879561161005698
2572.1992423725314,9.106942179656667e-05,0.064705939834579,-1.4388233443134613,-0.0260824944025317,2.868983965750727,-4.444148255516801e-09,1.1874574809894394
2630.465823879,9.114905144299704e-05,0.0654852045470867,-1.4465135421193094,-0.0413273029942318,2.854120486536901,-5.871165956495599e-09,1.1856797133100383
2609.620206872467,9.096836813686312e-05,0.0647947720755312,-1.4440225888695164,-0.0388276013314947,2.872389475229132,-6.209661665796991e-09,1.18418615691356
2629.399079267401,9.067657185109592e-05,0.0650282365342363,-1.4384161297978677,-0.0213822417104405,2.8664308040776345,-5.8548186824784165e-09,1.1860604945586868
2548.638148400467,9.415150286440856e-05,0.0674327561663541,-1.4232939935064324,-0.0076329907507398,2.890359434402612,-2.1082746438890788e-09,1.1826839041506163
2624.6545307408087,9.106101648998798e-05,0.065262344835893,-1.4374464175827435,-0.0233814445329235,2.8664308040776345,-5.881008270669733e-09,1.1798774850172953
2614.754516083281,9.14092021798704e-05,0.0653199222436717,-1.440266090693166,-0.0304460594483225,2.872389475229132,-5.993881550421814e-09,1.1771766386142408
2606.1031761593185,9.090700364615196e-05,0.0644705060698962,-1.439599076924435,-0.0327356291258822,2.862895678762129,-6.911130474806159e-09,1.1751746604801312
2543.624272263609,9.183880687841856e-05,0.0643012716051851,-1.4434746487636458,-0.0458657044831525,2.867740873298436,-5.7680066759351715e-09,1.1742992054609969
2623.940335935448,9.17553062520001e-05,0.0660428194714719,-1.4403160615568846,-0.0337472731158126,2.8759829246980533,-5.4009030025376375e-09,1.1840734800210135
2525.693010996096,9.354476692453458e-05,0.0666259639390684,-1.4305798896040185,-0.0201555045327379,2.871819017499321,-2.0635215709774062e-09,1.1775502009718268
2582.242942067329,9.107925893974608e-05,0.0641841644045435,-1.443082788975454,-0.0450567197809506,2.867740873298436,-6.8632939437778095e-09,1.17358579753653
2605.806651401799,9.153263046281988e-05,0.0650746166140859,-1.444878221600857,-0.0487541683744224,2.8502571304240147,-6.704376431479037e-09,1.1756531985165
2608.551683087833,9.1838704821648e-05,0.0655255992094674,-1.4406799596863495,-0.0365633066058509,2.872389475229132,-6.2001593212448755e-09,1.1750242741379604
2604.5661431271583,9.193644696680808e-05,0.0655347573721769,-1.4400267726158689,-0.0396098531348567,2.872389475229132,-6.261675943354673e-09,1.1746899200918546
2587.0888213864528,9.211542406900904e-05,0.0652414105662998,-1.4437484845410438,-0.0539394510560874,2.8524893460707315,-6.449038044878617e-09,1.1792042182177396
2529.396968367975,9.37204215377358e-05,0.0670322681348967,-1.4234838094370472,-0.0036259366921853,2.890359434402612,-1.4217048010171927e-09,1.1822163148753373
2532.3452154840343,9.392603878732328e-05,0.0669861011739503,-1.429093544282254,-0.018730938435526,2.871819017499321,-2.233201125226798e-09,1.1814971022367813
2508.9839678327558,9.361020212084988e-05,0.0661091507211242,-1.4302404203581516,-0.0149612745915288,2.8877532766898604,-2.3197631215458803e-09,1.1730078819092968
2557.086371284444,9.25484343967682e-05,0.0653864249860064,-1.441782683137177,-0.0475870438325104,2.872389475229132,-5.279580945186328e-09,1.1737067885056711
2483.0368254445493,9.362336343046212e-05,0.0653556140628692,-1.4305290748165382,-0.0214321912125702,2.884484682282008,-2.915137946887052e-09,1.1734265843178016
2609.5005519501865,9.202550971748187e-05,0.0656608212035969,-1.4393295692598649,-0.0403460861795086,2.872389475229132,-6.474073032489942e-09,1.172483097212816
2612.6072235759348,9.185245073262096e-05,0.0657294218726829,-1.4352100273099666,-0.0275650401063014,2.869836313556039,-5.874673150866243e-09,1.1741739770334536
2520.981418919284,9.373846032769089e-05,0.0665573060247431,-1.4207087999025678,-0.0023413002730102,2.885521061043144,-2.1460670534595436e-09,1.179331205064605
2539.5745720500126,9.387521993685964e-05,0.0672145866582616,-1.4234357082519942,-0.0055276870002274,2.890359434402612,-1.8168477841715302e-09,1.180392518588119
2540.5424015447497,9.39155516657134e-05,0.0673923689833848,-1.4198620347570097,0.0021107881553982,2.890359434402612,-1.5236551905348272e-09,1.1806371785575571
2544.536299403757,9.397112515906004e-05,0.0674900385880811,-1.418193805575198,0.0041277520209333,2.890359434402612,-1.5234349676863103e-09,1.180522125895833
2524.216265758965,9.434863200607567e-05,0.0671755068707628,-1.4291260047655077,-0.0210584550483413,2.87377793119337,-2.124026295073266e-09,1.1806621510684594
2520.971985931974,9.440609113480693e-05,0.0672377965730794,-1.4294099569132843,-0.0203116157554043,2.871819017499321,-2.0307950775434395e-09,1.1808729629634571
2525.2410888080485,9.423150905560942e-05,0.0672671878792974,-1.4252482895418557,-0.0128088295607826,2.8692969919441933,-1.7968679750951163e-09,1.1823119803734832
2547.56733598141,9.424084889536837e-05,0.0676081493303396,-1.421463250630182,-0.0055537208693511,2.890359434402612,-2.129545643352988e-09,1.182435728033547
2569.314204944764,9.409983329319768e-05,0.0682885744632808,-1.4180939047678978,0.0037340302983667,2.895050084712593,-1.3113644811957034e-09,1.182496852191162
2575.169228977058,9.405817624092708e-05,0.0683179586576,-1.4177775644367174,0.0048946285946807,2.895050084712593,-1.414600680770953e-09,1.1824963320902635
2568.726508971304,9.413985126439426e-05,0.068297857323196,-1.418327174292893,0.0037611049082285,2.895050084712593,-1.271501439688688e-09,1.1824119862191995
2543.2527608424425,9.445688300913888e-05,0.0683139854737219,-1.4189027900872355,0.0041532372794399,2.895050084712593,-5.726840358944728e-10,1.1821170261738263
2575.82448566705,9.416714910837695e-05,0.068362820260301,-1.4187943378692514,0.0044939288816349,2.895050084712593,-1.413245996160662e-09,1.180232412614488
2524.292017677799,9.45456445183885e-05,0.0674107982665211,-1.4272192315516363,-0.0173934149711285,2.8692969919441933,-2.0049491091797703e-09,1.1799206272027756
2529.8227115413174,9.44744745250621e-05,0.0673714733309256,-1.427626972488618,-0.0197834839658811,2.871819017499321,-2.251005108665526e-09,1.1797302336699504
2522.213329296093,9.458592339460706e-05,0.0673717077711369,-1.4285375107781155,-0.0207088704960355,2.87377793119337,-2.103270503929984e-09,1.1792861174049551
2531.493522466626,9.468543576078854e-05,0.068034500736691,-1.4290929586996837,-0.0167112819127473,2.8789114736440897,-1.16627736443632e-09,1.173803338315954
2550.810131590348,8.908193762830606e-05,0.0618764760249791,-1.4455987606468483,-0.0604088026306853,2.6857382509196306,-7.712243708248218e-09,1.1778201994931232
2542.796035310253,9.316107753290653e-05,0.0655610473903745,-1.4431097087821383,-0.0550444043982858,2.8524893460707315,-5.253243167274853e-09,1.1757606623395067
2569.403067563195,9.212147811759794e-05,0.0649763458274245,-1.4367225293892247,-0.034799390838606,2.862895678762129,-6.061136780175541e-09,1.1813163791377927
2522.999775255099,9.42622885678636e-05,0.067292476045584,-1.4251999149153134,-0.0093560675017576,2.8692969919441933,-1.5253372494092803e-09,1.1828258440575492
2616.544783275109,9.231975264360205e-05,0.0662993693529312,-1.4402362548911194,-0.04031963180995,2.854120486536901,-5.585670143357176e-09,1.172006295817804
2586.123538322281,9.227966533336212e-05,0.0656560339299526,-1.4382740130712748,-0.0332135595558266,2.872389475229132,-5.368999344130057e-09,1.1685199617085429
2579.1675032679923,9.254033911246956e-05,0.0657709744149473,-1.4392360876568346,-0.0350342346068525,2.872389475229132,-5.2873344606575244e-09,1.1701839379957903
2596.856987979263,9.210136398501566e-05,0.0656077662731494,-1.4393354167181522,-0.0360292738865491,2.872389475229132,-5.846912330587226e-09,1.1687707059873311
2541.20448494656,9.300480123032408e-05,0.0654706654625352,-1.4445267191126914,-0.049576443758415,2.8502571304240147,-4.8811480378631354e-09,1.1710143440057703
2478.980983416084,9.436988577688776e-05,0.066283652490881,-1.4312165567212882,-0.024529706509386,2.869836313556039,-1.9631116974201957e-09,1.1759186115920293
2604.139156471938,9.30718583042659e-05,0.0670512405528391,-1.4318951325243554,-0.0256655870034865,2.87377793119337,-4.608488409008417e-09,1.17661862207412
2582.7005183468573,9.394358742717908e-05,0.0667998993619224,-1.4345918138161706,-0.0432385997450271,2.872389475229132,-5.978766771980174e-09,1.166510688218088
2562.354316907935,9.2365098872564e-05,0.0649169333296873,-1.441575328973457,-0.0468534730160478,2.867740873298436,-6.521845183015541e-09,1.1645120867812515
2561.1091980640776,9.250943754602464e-05,0.0651987480954301,-1.437417937503574,-0.0343805146273887,2.86515579710443,-5.856561149059812e-09,1.165420584586743
2581.031611590646,9.232184703365892e-05,0.0652184993106875,-1.4366265660062425,-0.0391663250300099,2.86515579710443,-6.691415226236608e-09,1.163962993863389
2569.721138468478,9.244214155449052e-05,0.0650784152768922,-1.4396171919005736,-0.0457771411459273,2.867740873298436,-6.709446064513512e-09,1.1625017768753907
2596.469552037306,9.238467291889608e-05,0.0657660205685772,-1.4397185026886623,-0.0425527881575985,2.872389475229132,-6.257380666196156e-09,1.170200086759953
2508.3565839976072,9.413082415241252e-05,0.0666710924303774,-1.4222903216799463,-0.0056418546922338,2.885521061043144,-1.945595498523101e-09,1.171150207609421
2483.049016623292,9.465851670026816e-05,0.066458689972792,-1.4320195709055474,-0.0282093072098861,2.869836313556039,-2.2875012496840333e-09,1.1636007602400849
2565.6164285833947,9.246052392022808e-05,0.0652331997250074,-1.435828311304458,-0.0328278828796311,2.862895678762129,-5.896571425730599e-09,1.1592219708884
2575.146919467952,9.203170500993394e-05,0.0649361793915399,-1.438427754512133,-0.0392415463825754,2.86515579710443,-6.5181108432406835e-09,1.1608360360120562
2564.683579224162,9.240015533285856e-05,0.0648638729238211,-1.4422425661923477,-0.0552535124740998,2.8697487598348355,-7.064853093713223e-09,1.160339049639812
2586.464059893973,9.212143449989792e-05,0.065133184910451,-1.4377366232751183,-0.0367038193228976,2.862895678762129,-6.710779597423798e-09,1.157453218354841
2555.6725761969574,9.199486745618926e-05,0.0644123830501877,-1.4422819372053797,-0.0626559324950009,2.847339760719655,-7.128544926820218e-09,1.163978065031223
2600.332381274085,9.273300314292357e-05,0.0661193741838734,-1.4371946283526549,-0.0404686387112057,2.872389475229132,-6.310610294438611e-09,1.1662624043198366
2596.7457068306394,9.325351860036584e-05,0.0667401654970586,-1.4408057871624045,-0.0468264769446402,2.857484465411911,-5.449574228734e-09,1.1631426744556554
2560.499567361083,9.193831047161448e-05,0.0642527672114152,-1.43866869900033,-0.0454288172589691,2.685738250919631,-7.506652408065308e-09,1.1572378729707469
2557.703431448899,9.260626951895284e-05,0.0649753814582968,-1.4407447585752615,-0.0522819200352855,2.8697487598348355,-6.692016311295639e-09,1.1572014797091197
2566.2034005969763,9.246538647785793e-05,0.0648976380726422,-1.4435834746261358,-0.0557733470438144,2.867740873298436,-7.1388193081837285e-09,1.1562523106298843
2552.378710011952,9.227425157841906e-05,0.0643553613413239,-1.439551972661563,-0.0490351119979638,2.685738250919631,-7.469016264995886e-09,1.1590392330511998
2579.184671790339,9.292673750726992e-05,0.0661174299140574,-1.4349369066846889,-0.0361280920906913,2.872389475229132,-5.463013639055422e-09,1.163133818746486
2466.2888197610155,9.452288160490724e-05,0.0657601844637657,-1.43020958687009,-0.0304788690689583,2.86515579710443,-2.972599795838466e-09,1.1637453742306163
2574.258954161778,9.324491953881224e-05,0.0661970861435609,-1.436596901519248,-0.0437538445522627,2.872389475229132,-5.738817259605693e-09,1.164247260194143
2570.6956420904025,9.338397230393991e-05,0.0663094513632601,-1.4366700930213814,-0.0408803798133602,2.872389475229132,-5.504110526539697e-09,1.1645833895083215
2584.6610567430034,9.319398918502033e-05,0.0663877423258961,-1.4337083816585454,-0.0358089287554057,2.872389475229132,-5.646706294869931e-09,1.165022477415438
2481.7199707068503,9.478464390193102e-05,0.0665186072523295,-1.4320271029002631,-0.0307740843225386,2.872389475229132,-2.4165005956714543e-09,1.1657360722731858
2470.649071161635,9.50035733177698e-05,0.066640044287903,-1.430135996964725,-0.0272956899732358,2.869836313556039,-1.914188609782859e-09,1.1662052480188445
2472.3099960964173,9.493789678656388e-05,0.0667044596277115,-1.4280965720026344,-0.0223581281345169,2.869836313556039,-1.7706074953579581e-09,1.166492744442053
2467.278500049375,9.502370587270258e-05,0.0667996262404052,-1.425749974518497,-0.0188191132024673,2.891158786168265,-1.4762053786403224e-09,1.1668066229444614
2487.98176526092,9.487355826275808e-05,0.0669134539471754,-1.4246740532309907,-0.0164859622892737,2.891158786168265,-1.979242244720102e-09,1.1672901976069965
2499.930719969794,9.475428528647976e-05,0.0669823163288711,-1.4227700973459,-0.01247575470356,2.891158786168265,-2.0973147243490555e-09,1.1677126100626574
2497.732776902616,9.47604903533852e-05,0.0670187443693442,-1.4215515159266126,-0.0104658239680514,2.891158786168265,-1.961004213414116e-09,1.1677035307903536
2509.7548946654424,9.470032511649582e-05,0.0671057668961324,-1.4211992442354369,-0.0084626801311976,2.8877532766898604,-2.2201930058702792e-09,1.1678959633609074
2484.4294671248645,9.512991396823858e-05,0.0667842622539971,-1.431369105768318,-0.033375116231706,2.872389475229132,-2.669411753508618e-09,1.1682047669149127
2482.366745335981,9.525368514965013e-05,0.0669026577565492,-1.4303578395697056,-0.0308635243667173,2.872389475229132,-2.5016502136725953e-09,1.168505728398665
2489.7856156351045,9.509311581836128e-05,0.0669029211962757,-1.4288485329343146,-0.0281592673596941,2.869836313556039,-2.6013516263848662e-09,1.1685225955726817
2518.4691468961537,9.496200901624698e-05,0.0676216486072934,-1.4270593641696698,-0.0212606670636926,2.8771419100683797,-2.0633823001577813e-09,1.1617991553442304
2627.258772025816,8.964124501971467e-05,0.0625366334232922,-1.4524570455708723,-0.0837535216100728,2.664136315756873,-1.2482275851968771e-08,1.1543216188903818
2542.733808293938,9.276626550273868e-05,0.0649543260860678,-1.441890926369923,-0.0515702421907702,2.8697487598348355,-6.237920225105391e-09,1.1593972028085584
2536.6031766133383,9.208729611061876e-05,0.0638589206372856,-1.443625422660591,-0.0612701203960601,2.688026978354872,-7.642912087702553e-09,1.149385577966485
2510.198762822896,9.219475352069258e-05,0.0631330909807276,-1.446117673516405,-0.0734496686674201,2.682954905692971,-8.702584074955888e-09,1.1499595662965676
2504.321134891361,9.231412045339345e-05,0.0632283022706003,-1.4445288408613552,-0.068555247898634,2.682954905692971,-8.240220034612227e-09,1.1507610136171371
2552.370806224644,9.22919164747981e-05,0.0644879020766526,-1.4364866939729064,-0.042213932417697,2.685738250919631,-7.131673018453277e-09,1.1509547115398628
2510.418783060275,9.280380424367716e-05,0.0642948879416588,-1.4400714890447064,-0.05002589855939,2.685738250919631,-6.2814255238435756e-09,1.151831940831476
2518.4884100873023,9.35544115329677e-05,0.0651384984377536,-1.443138879640388,-0.0611364782455401,2.847339760719655,-6.056589802316378e-09,1.1560762949343886
2580.578113134019,9.272866472208274e-05,0.0654811084652835,-1.4373617279735136,-0.043801356738518,2.86515579710443,-7.023676866715691e-09,1.156909599748672
2543.7123362068087,9.428537809019698e-05,0.065793776144129,-1.4363513657123232,-0.0470158813697471,2.685738250919631,-7.320849897599751e-09,1.1487782858801243
2533.7687124200165,9.248457415058556e-05,0.0642071215980018,-1.4421727976062395,-0.0558279800143807,2.6857382509196306,-7.310793400437907e-09,1.1482528140975772
2527.6407201560214,9.27070568120626e-05,0.0643229836823144,-1.4420642000687571,-0.0539039304035703,2.685738250919631,-7.0057633587462065e-09,1.1493400442585882
2555.1951002003625,9.25397656868662e-05,0.0646970420674723,-1.4364190160266537,-0.0421082785304241,2.685738250919631,-7.2544777164807325e-09,1.1502013374260756
2538.1500386875123,9.292920874475604e-05,0.0647962696064473,-1.4373155691151218,-0.0407924603208648,2.685738250919631,-6.691176193069929e-09,1.1481818523053122
2525.0710578346625,9.24406217413152e-05,0.0639736498917282,-1.4448108301547145,-0.0640030580270513,2.688026978354872,-7.499163270200015e-09,1.153378338670635
2535.442970662378,9.336628741247824e-05,0.065269037142909,-1.440690983211616,-0.0569324856696957,2.8697487598348355,-6.3686302604933265e-09,1.1538910871965742
2551.9612558586523,9.324032861774176e-05,0.0654057520846829,-1.4396633064836906,-0.054699194266412,2.8697487598348355,-6.773259474216031e-09,1.1481761559788632
2511.4161957120523,9.255811681725516e-05,0.0636793461436003,-1.4409292711747834,-0.0554194987871445,2.6808955348864068,-7.792308706331714e-09,1.144221901761202
2472.9929566588253,9.285707346031774e-05,0.0633912450656039,-1.4420938161382109,-0.0610661702226006,2.6808955348864068,-6.856948565103819e-09,1.1446214436126416
2508.6290277400985,9.263448542435308e-05,0.063615744696238,-1.4418578148840118,-0.0609731564227794,2.6808955348864068,-8.009616661934421e-09,1.1444120365873498
2504.937695365399,9.273594764624025e-05,0.0636755421443845,-1.440240566107409,-0.0590726084576887,2.6808955348864068,-7.79713419473482e-09,1.1439921557453594
2515.012449942529,9.246687545252865e-05,0.0637008425622769,-1.4386723450347043,-0.0534392119508753,2.6808955348864068,-7.80952961040764e-09,1.1493636919791443
2543.577774833888,9.319549346514912e-05,0.0654124157655841,-1.437222162155474,-0.0460336845563547,2.867740873298436,-6.030163381450492e-09,1.1523006819145465
2550.78235864453,9.328575820835214e-05,0.0653913107494935,-1.4403544820751284,-0.0575610519628683,2.8697487598348355,-6.902742344478997e-09,1.1535932790397667
2563.254174471833,9.29608605721106e-05,0.0655110681191896,-1.43507581450736,-0.0416699168226925,2.86515579710443,-6.397187860675227e-09,1.1492118600014645
2555.4582672081888,9.235085339800224e-05,0.0643737412509036,-1.438409081836908,-0.0608587937640771,2.688026978354872,-8.296910175395803e-09,1.148572994517317
2547.164674420841,9.304312610643104e-05,0.0647905696714005,-1.4398151489415054,-0.0583292462663211,2.6857382509196306,-8.003941667360157e-09,1.149522797469598
2565.521586692892,9.313329110426136e-05,0.0655455066078247,-1.439053674120764,-0.0491176352017999,2.867740873298436,-6.868556197603026e-09,1.1492829203176933
2558.300702155568,9.291322814202138e-05,0.0650862822273784,-1.4438199208705702,-0.0648200453049512,2.847339760719655,-7.539648200639161e-09,1.1538843402943637
2453.0266822464764,9.514366600744278e-05,0.0659598198733886,-1.43283631286635,-0.0384409620963965,2.86515579710443,-3.0221442815863563e-09,1.1550421336912895
2467.866182426922,9.50931923269917e-05,0.0661834039179666,-1.429440383106186,-0.0314614710544225,2.8867448006243084,-3.1474564714472997e-09,1.1558345496240152
2461.919237865135,9.520225254939748e-05,0.06629150725436,-1.4275449701953953,-0.0261141304510602,2.884484682282008,-2.6942017985426407e-09,1.156236338993441
2452.8357925983146,9.524335560078585e-05,0.0663336578064448,-1.4254512223796296,-0.0228158241472946,2.884484682282008,-2.339796614690911e-09,1.1565480966238348
2474.057710422203,9.510177355123416e-05,0.0665105119156487,-1.423473877882135,-0.0167420525322474,2.884484682282008,-2.661336042828607e-09,1.1572784112301022
2448.542309313081,9.564058844688733e-05,0.0662823618825821,-1.4316183731374594,-0.0401106070215906,2.86515579710443,-3.054586525451642e-09,1.1577970227353689
2478.8124442761764,9.491286199854144e-05,0.0663420451590593,-1.4234406594736422,-0.0239661771755602,2.884484682282008,-3.1518496248253043e-09,1.157756229126243
2471.5092635583133,9.534790483522376e-05,0.066443074765033,-1.4280998893228662,-0.0310466044565075,2.8867448006243084,-3.304980980341013e-09,1.158590516483485
2485.780713840388,9.540372855622026e-05,0.0672114417039882,-1.4253865718206142,-0.0208730246513127,2.891158786168265,-2.1646105918972702e-09,1.158825259325006
2477.991722947918,9.495048711554948e-05,0.0664903907540754,-1.4205961452998908,-0.0185553784006403,2.884484682282008,-2.9492073107309462e-09,1.1580438693949688
2495.418041994795,9.5260169561774e-05,0.0672013633074131,-1.4245687200874848,-0.0212476256729422,2.891158786168265,-2.4492550639448423e-09,1.158737888061287
2500.1048483503982,9.52740468637455e-05,0.0673497265258925,-1.4224764976468964,-0.0152983910238123,2.891158786168265,-2.326105555177444e-09,1.159747653565791
2511.495061654597,9.519337806015788e-05,0.0674529214849208,-1.4207402080265643,-0.0129574606593441,2.891158786168265,-2.5743587032824717e-09,1.159332797199741
2475.6959282299504,9.56814256422291e-05,0.0674215463165448,-1.4229497691523494,-0.0155459244512277,2.891158786168265,-1.6372493382658823e-09,1.1591150117756224
2507.8955906927586,9.525877100272092e-05,0.0674029452544619,-1.4226256612112398,-0.0164343402263864,2.891158786168265,-2.622854027110656e-09,1.1586569434874496
2510.2350389463827,9.01103825170743e-05,0.061768714247048,-1.4423283838803669,-0.075345420796938,2.682954905692971,-8.668386326642005e-09,1.1606559054757677
2582.092871898785,9.35514908203578e-05,0.0662888204639188,-1.4399985251151208,-0.0568785363554667,2.8524893460707315,-6.723216731830447e-09,1.160652460830188
2587.732881755568,9.34025322637232e-05,0.0664622786067818,-1.436777325323532,-0.0415034588973499,2.872389475229132,-6.034357867081623e-09,1.1625918304858882
2466.1913691079244,9.557485289786922e-05,0.0669750848660045,-1.4302864989252322,-0.0294785347419493,2.869836313556039,-1.929112215467777e-09,1.1657777479871043
2481.520138588734,9.548570322752248e-05,0.0672768773524481,-1.4249759164839089,-0.0178444666927831,2.891158786168265,-1.878768897723645e-09,1.1660317141799206
2470.019292289391,9.593112420317292e-05,0.0672778452651023,-1.4294199336689115,-0.0291057938302847,2.869836313556039,-2.053761520616024e-09,1.160192944659891
2595.5400359509517,9.352779530978884e-05,0.0666553239933773,-1.4361859636477226,-0.0403140881559811,2.872389475229132,-6.232766741124018e-09,1.157100212973618
2585.545742404647,9.36780818820956e-05,0.0665652115042341,-1.438601460735728,-0.0473867706810118,2.872389475229132,-6.339502284435281e-09,1.1574295484337285
2572.0306460615247,9.389978620145744e-05,0.066708891861111,-1.4353144813827092,-0.0399908120445887,2.872389475229132,-5.560060880048026e-09,1.1569000899042403
2578.4994434816763,9.386573508379148e-05,0.0666445728894427,-1.437963239650522,-0.0455524213411577,2.872389475229132,-6.025685884860072e-09,1.1556091955410783
2485.9491405757144,9.535645373127372e-05,0.0671019988030842,-1.4292038990602678,-0.0229449124118944,2.869836313556039,-2.1988526224115473e-09,1.1620150773565971
2481.0670355902985,9.582082116522978e-05,0.0674129567181739,-1.4272516190469131,-0.0257641045430656,2.869836313556039,-2.3086274168441163e-09,1.16239249555934
2492.844985145144,9.57249584023888e-05,0.0675581926717181,-1.4245347558850987,-0.0196594836470178,2.891158786168265,-2.363216613153807e-09,1.1585270479744498
2469.026117392816,9.559586007001068e-05,0.0668099285326889,-1.4232176092212334,-0.0159213818688276,2.884484682282008,-2.472324583141507e-09,1.1547545659833125
2561.0350879160687,9.42528716599919e-05,0.0666862924981185,-1.4385935508104215,-0.0513284446863625,2.8746216908758484,-5.844599893722957e-09,1.1536234697415182
2532.3890280704945,9.460767640104733e-05,0.0665481061220489,-1.4408584047060309,-0.0578615585750868,2.8524893460707315,-5.338063373149205e-09,1.1527470106044675
2444.245456471108,9.542042846378544e-05,0.0658737911856264,-1.4262185051140506,-0.0232495651523711,2.698305010063356,-3.120560751893927e-09,1.1516695185253871
2454.055370104499,9.518900746480384e-05,0.0658864144898181,-1.423893541278502,-0.0218752983029757,2.698305010063356,-3.410425125996984e-09,1.1568176272514783
2499.267395862378,9.555047498216942e-05,0.0674747924033057,-1.4250152143233614,-0.0187009836218537,2.891158786168265,-2.469028792690715e-09,1.1585881367827413
2506.674245760776,9.543188266786937e-05,0.0675836991249968,-1.4215816659404206,-0.0145140067250119,2.891158786168265,-2.5405557146534206e-09,1.1574113879051071
2462.2152981609106,9.56931818811228e-05,0.0667828506049181,-1.4228973012159805,-0.0196036615912509,2.884484682282008,-2.467953854275651e-09,1.1517178415262954
2554.158527668565,9.413165934346642e-05,0.0661259772150952,-1.437011141960708,-0.0527294057840397,2.8697487598348355,-6.844628256993807e-09,1.1492279279910411
2577.20756138023,9.275759695602436e-05,0.0655217491015274,-1.4340498071674206,-0.0414778130318772,2.86515579710443,-6.832555698555298e-09,1.1456627704001352
2526.960050315596,9.224029701395764e-05,0.0640879485878986,-1.4404680413141948,-0.0507033464762649,2.685738250919631,-6.83527580861283e-09,1.15771882696731
2553.840648039244,9.330706187697793e-05,0.065596302504599,-1.4372419823751887,-0.0437430139050187,2.86515579710443,-6.244934501109359e-09,1.1460156278420994
2474.709932005033,9.315076738853644e-05,0.0637229399988771,-1.440811178337572,-0.051033856527321,2.6808955348864068,-6.373312185738535e-09,1.1424820798740525
2580.987067801878,9.134489520927976e-05,0.0632827510183231,-1.4495862351576452,-0.0803794156292243,2.685272975787638,-1.119097657612377e-08,1.1390250525142214
2443.425454461947,9.322814823757783e-05,0.06272877228471,-1.4474342284408386,-0.0719959817980251,2.676376600250449,-7.734716402258041e-09,1.138518526275464
2479.97345358599,9.259159879021016e-05,0.0628660513423032,-1.4446462192605385,-0.0568302941464848,2.674028425349358,-8.021538130110258e-09,1.1406678990579706
2541.123338428326,9.513157003274172e-05,0.0663659949295002,-1.434069633521333,-0.047287788084355,2.685738250919631,-7.345198095962517e-09,1.13689424847362
2470.59065058548,9.26381426313634e-05,0.0625742513091926,-1.4481811279815746,-0.0741185525038508,2.676376600250449,-8.712531488589708e-09,1.1333006456671808
2577.153759593144,9.112356370279e-05,0.0628108453760817,-1.4548382354910323,-0.0980065368096668,2.664136315756873,-1.211764003689167e-08,1.1314809726861668
2434.3609504085034,9.288344878613035e-05,0.0619941114110806,-1.448656879423949,-0.0744804600115298,2.6674926467511373,-8.82186014852883e-09,1.129957956333996
2545.546166979708,9.144997334097563e-05,0.062563041916689,-1.4514766409123614,-0.0824402657102478,2.676376600250449,-1.1458918588786797e-08,1.1264734429662038
2486.505805830471,9.192911598401668e-05,0.0626138826854127,-1.4443110471368004,-0.0496291763407626,2.694624708903825,-7.835671483596584e-09,1.1380449654377771
2513.9390625404194,9.397162381426092e-05,0.0649902823181641,-1.4424751318545834,-0.0633142146083541,2.688026978354872,-7.284711308323584e-09,1.1322188477917965
2573.556211207062,9.10761145682166e-05,0.0625214312182581,-1.4516976667093957,-0.0911688792340679,2.6549654381413625,-1.2779577874068497e-08,1.1237216575408002
2568.2613663626835,9.028574194872297e-05,0.0615641723871958,-1.45317886985884,-0.0954137386021587,2.6756148396201747,-1.403129986788138e-08,1.1231803415091242
2515.8425938440487,9.12252438964152e-05,0.0615185558362802,-1.4518215333480131,-0.1013057195235004,2.675614839620174,-1.2835698999131512e-08,1.121580737505124
2551.624989123084,9.049425203666812e-05,0.0612700399070087,-1.4543405465844397,-0.1139101214552183,2.653921951693863,-1.4635885464471044e-08,1.118196460711436
2508.3852610299364,9.045474610823926e-05,0.0602577035581542,-1.454239521198561,-0.1283236008266836,2.6472840547625727,-1.5418147451241384e-08,1.1194728552781434
2420.871330955066,9.374347232556584e-05,0.0624261374226746,-1.4441103676250442,-0.0827596593488788,2.669606211526295,-8.933713270704221e-09,1.1242417707526196
2437.249742362648,9.361664976201692e-05,0.0626930781873504,-1.4410735077624508,-0.0695367789774611,2.688359934036584,-8.771174729384432e-09,1.1236664219966626
2554.674664524384,9.182457375643564e-05,0.0628966232959381,-1.4481926905527485,-0.0943081979582506,2.6549654381413625,-1.2548838479223008e-08,1.12369662090874
2561.241222220473,9.178966621714974e-05,0.062983301486254,-1.4479723456581537,-0.0915150518786187,2.676376600250449,-1.2536247031108233e-08,1.1242450158045207
2457.6368389949203,9.374022657091324e-05,0.0631347162068564,-1.4464991055339094,-0.0840486177360793,2.676376600250449,-9.055410488739204e-09,1.1246158758648304
2448.8408774044365,9.399381148990956e-05,0.0632834468331332,-1.445298829868726,-0.0803353500838584,2.676376600250449,-8.537684920352523e-09,1.1246466878957713
2457.841441388242,9.382683842674718e-05,0.0632966611538424,-1.443542076702671,-0.0801760061237502,2.676376600250449,-8.857460107353133e-09,1.1249063428944153
2447.0907324953005,9.41474515416101e-05,0.0634426564759045,-1.4441612400896096,-0.07618685890144,2.676376600250449,-8.248430979276358e-09,1.1249528136250506
2458.730688629672,9.389275684712785e-05,0.0634078461614946,-1.443526737253816,-0.077164552501393,2.676376600250449,-8.701937385067156e-09,1.1243378805172426
2457.7620957996696,9.397013892583311e-05,0.0633656573191296,-1.4442814357842142,-0.0806863258316441,2.676376600250449,-8.865117704412863e-09,1.1235143590991372
2439.0287885377184,9.423011575847131e-05,0.0632432598909337,-1.4458101221574036,-0.0873730714371264,2.676376600250449,-8.650764391052842e-09,1.1225707408066443
2441.5470484970137,9.382416875119785e-05,0.0628566150943705,-1.4411884317732095,-0.0726539993236253,2.6674926467511373,-9.105985971701317e-09,1.1221168233962044
2544.0328483264893,9.22466364284557e-05,0.0630516092323034,-1.4481622593319594,-0.0962699179941932,2.6570515540233366,-1.2373308638620376e-08,1.1214770432595529
2431.3037709277123,9.4010525546157e-05,0.062796585157803,-1.4431495193044688,-0.0782462019570249,2.669606211526295,-9.108922076815478e-09,1.1211658057773894
2424.278396977112,9.41548215683862e-05,0.0628483912613235,-1.4413951811214236,-0.0767146165657678,2.669606211526295,-8.807534203288032e-09,1.1216291281984134
2440.0614486122504,9.396727431614366e-05,0.062968745137897,-1.438988422714131,-0.0723671978917311,2.690473498811742,-9.091931091208297e-09,1.1219018709717663
2450.529783657752,9.382796766580876e-05,0.0629816317154545,-1.4404936056947857,-0.0721035659642484,2.688359934036584,-9.406681993085064e-09,1.1211108189073635
2407.735945565626,9.460228062515115e-05,0.0629526763280552,-1.441309945012363,-0.0784228189197683,2.673235767680911,-8.394528030133938e-09,1.1202652110376563
2443.300804493017,9.39111065309302e-05,0.0628129557780136,-1.4429359501536922,-0.0820812545514972,2.6719852834655597,-9.759258880938493e-09,1.119881997949205
2465.088197788224,9.409577155285978e-05,0.0637922051150676,-1.4397396516584982,-0.0659462989631682,2.676376600250449,-8.297604839224864e-09,1.1300837291408252
2450.632488893345,9.4146593304549e-05,0.063346398312023,-1.445438222229793,-0.0853323758493265,2.676376600250449,-8.935180200208335e-09,1.1283071171149788
2564.879451010376,9.243463654397574e-05,0.0638308914019979,-1.4475193859280504,-0.0898883683811166,2.664136315756873,-1.1409009141586632e-08,1.1269886096433694
2451.4139212882146,9.408778700395394e-05,0.0634919668837547,-1.441841152754411,-0.0725546509760401,2.676376600250449,-8.163488450391032e-09,1.1262588175296224
2450.147658306174,9.424454490626552e-05,0.0635610777026524,-1.4432181766677106,-0.0744450905419015,2.676376600250449,-8.265010273288416e-09,1.127009014860617
2412.044060694985,9.51648665770832e-05,0.0636557436902903,-1.4435727941936751,-0.0876055713721077,2.676376600250449,-7.857563772656028e-09,1.1276274157243362
2459.164212308824,9.435650315858136e-05,0.0636586572152358,-1.4432264702799995,-0.0820318789305159,2.676376600250449,-9.066408408834048e-09,1.1282130705205484
2447.997204902582,9.469249384121298e-05,0.0637514632370666,-1.4437993790531658,-0.0829128500711496,2.676376600250449,-8.770544693497659e-09,1.1255584090121784
2445.6545104105026,9.44863349738284e-05,0.0637159552833274,-1.441635573391306,-0.0743247756476555,2.676376600250449,-8.153971304207819e-09,1.124108314123199
2454.392425236292,9.427505270452664e-05,0.0635488136260377,-1.443458241412797,-0.0818145626568498,2.676376600250449,-8.87309702722217e-09,1.123166573243542
2411.052411969751,9.49290327117652e-05,0.0634883869837197,-1.443200426769866,-0.0837161055890068,2.676376600250449,-7.531209034520979e-09,1.1222806812563395
2437.6642857389525,9.413558711557087e-05,0.0631197284622771,-1.4390127804167443,-0.0705845320038081,2.688359934036584,-8.953844624328436e-09,1.1212979114954629
2437.1841812059283,9.441638553438114e-05,0.0633634627852264,-1.4458995724694683,-0.0900526097271855,2.676376600250449,-8.796947341372916e-09,1.123288228348657
2494.9866786738858,9.607252037662346e-05,0.0663859977306177,-1.4455921732987629,-0.0520826049147579,2.685738250919631,-6.2408415495686545e-09,1.1220590412516074
2406.8585207844158,9.448673554538456e-05,0.0626152525077348,-1.4458848210023032,-0.0933745575333946,2.6756148396201747,-9.255068348809846e-09,1.11614060319459
2407.7280141022056,9.428091003418206e-05,0.0624647597764492,-1.4476576722597705,-0.0922028456820185,2.6756148396201747,-9.147074134403138e-09,1.1124751972733558
2391.928413490765,9.40471917499493e-05,0.0617335426228888,-1.4454697129158562,-0.096113173355252,2.666855388296115,-1.00947287795058e-08,1.1105767864047422
2528.0956143373623,9.134066482406372e-05,0.0614455074807603,-1.4486755106966218,-0.1097185811107019,2.6692661811945686,-1.5084846863242964e-08,1.1088720684592273
2516.59363141004,9.146049295320996e-05,0.061224696383052,-1.450497014946385,-0.1207252771743839,2.6472840547625727,-1.5463001422348952e-08,1.1070410749505712
2546.4038890022784,9.093954302139967e-05,0.061460311572409,-1.4483788838289835,-0.103307162508698,2.666855388296115,-1.5193839899462032e-08,1.1073748304881494
2554.747392076999,9.100930099601874e-05,0.0617073102037308,-1.4495237147610844,-0.1178532057783316,2.653921951693863,-1.5024379499176584e-08,1.107277306291732
2517.933922957629,9.156429001829956e-05,0.0614119888600907,-1.4478506242837672,-0.1157555000969446,2.6692661811945686,-1.5178686457938274e-08,1.106541324287538
2549.5384564530104,9.087950006074778e-05,0.0614516090888552,-1.4477121828811794,-0.1047027175718206,2.6692661811945686,-1.5373630748525468e-08,1.1044012055623575
2487.506082961336,9.188413049643374e-05,0.0611435812177236,-1.4502159374528785,-0.1211833505883685,2.6472840547625727,-1.4569631481807813e-08,1.1005198324392522
2510.0195895200595,9.064862501753152e-05,0.0603896176876138,-1.4500813383753437,-0.1122253684627226,2.6627332071277388,-1.5838374914219888e-08,1.0968996395473662
2385.1477367682382,9.207150170689958e-05,0.0590790185722532,-1.4514477275044826,-0.1443966969282974,2.631147404167291,-1.5330697700079593e-08,1.0953001508436162
2458.6799090411514,9.067098579600912e-05,0.0593954328804982,-1.447544948926442,-0.1216988840450244,2.656564740851129,-1.6100224861124836e-08,1.0967396045049378
2502.476389692165,9.077000715849508e-05,0.060235990808474,-1.4521366927500772,-0.1226645704061604,2.6627332071277388,-1.630185521351753e-08,1.09599798581436
2426.117919071577,9.144879206671316e-05,0.0592454338057711,-1.4494237107638537,-0.1409323612252933,2.631147404167291,-1.644044059702708e-08,1.0958737423544267
2450.4450816158205,9.0940974241575e-05,0.059095389661361,-1.4499741072916967,-0.1504268138767489,2.631147404167291,-1.774483504942172e-08,1.0934843868045618
2437.852186592296,9.114225988188828e-05,0.0591750575652431,-1.449763102230567,-0.1404640308705763,2.631147404167291,-1.6674083353501763e-08,1.0924394195830789
2447.5878031337634,9.083941984318652e-05,0.0590467515307382,-1.4500294072260764,-0.1447965904013859,2.631147404167291,-1.7266963181144348e-08,1.0910926270581138
2398.931834217161,9.123028546253578e-05,0.0586341891708516,-1.4477888888603756,-0.1299478284026075,2.6499952757441423,-1.6124833547500174e-08,1.0902038165988146
2423.872328698635,9.068390964339454e-05,0.058492016815042,-1.448191309217984,-0.1376866231246165,2.652226260784587,-1.7401851188301993e-08,1.089403310640138
2424.5301855746657,9.055304196780804e-05,0.058344917610109,-1.448807159381778,-0.1429006263287923,2.652226260784587,-1.7675695852515716e-08,1.0904797935606256
2429.7348538879305,9.114679156116838e-05,0.0589761396269133,-1.4507151737579842,-0.1485247082900638,2.633127005814467,-1.6972040959223802e-08,1.0906932012617023
2475.6564205829054,9.038630605182684e-05,0.0591572118203789,-1.4499774095450306,-0.14254248163092,2.631147404167291,-1.7958654386367595e-08,1.0910570353386184
2444.390309904702,9.09915004731892e-05,0.0591292704193812,-1.450649767253629,-0.1436329159210834,2.631147404167291,-1.7143710478486306e-08,1.0909618667830498
2460.248651075177,9.07162240243375e-05,0.059147761060071,-1.4489926764999657,-0.1456860453944363,2.631147404167291,-1.7725952621551017e-08,1.090318196635232
2445.5266771046445,9.058794959384112e-05,0.0587995199568366,-1.4474489873465208,-0.1315962714098071,2.6499952757441423,-1.769148548906718e-08,1.0899547225693398
2466.7152800932527,9.02142384685676e-05,0.0588579908391572,-1.4471636140860191,-0.1295766463682789,2.6499952757441423,-1.8176990793236824e-08,1.0894726918954871
2431.620931857265,9.083383263688015e-05,0.0587406726215532,-1.4466573014574209,-0.1353951368702918,2.6499952757441423,-1.7534302991688275e-08,1.0889078813967383
2419.7134896814823,9.098794400021808e-05,0.0586158373319398,-1.4472950683603334,-0.1403649283344212,2.6479881796296447,-1.7458979438449593e-08,1.0884033159227855
2437.041031302884,9.069083595332903e-05,0.0586742042653422,-1.4487083950195745,-0.1382181009310444,2.652226260784587,-1.7892362532149827e-08,1.088073056153338
2396.4002975439653,9.139414673301032e-05,0.0585556936555795,-1.4478148920011231,-0.1432934011577089,2.652226260784587,-1.6948625710516946e-08,1.0877610079582605
2388.02478715498,9.15238615759582e-05,0.0584700265863184,-1.4485791044791216,-0.1473871843845426,2.652226260784587,-1.692529838267044e-08,1.0865020014581674
2384.352431183681,9.141248333063696e-05,0.058204485535718,-1.4486607210830826,-0.1599448474867349,2.628967148138252,-1.7656745775370438e-08,1.0854863876582503
2547.4756647199392,8.097230452183957e-05,0.0527136423447681,-1.436032583305067,-0.2175644632987877,2.613981232954756,-2.5347347118453908e-08,1.098579822937826
2513.989872378297,9.062245976437428e-05,0.0605483618341022,-1.45047226725751,-0.1253453067440945,2.6494258004013997,-1.5485227850799222e-08,1.1006802634936053
2472.222404913977,9.104927901859432e-05,0.0599453575514913,-1.4515617884375398,-0.1308284025972336,2.637659347966655,-1.5894860657983187e-08,1.1002952321087422
2482.0512998281047,9.078835791946255e-05,0.0597862464300493,-1.4518566530924315,-0.1372358811001152,2.640454024933148,-1.6577679511936362e-08,1.1000891979458511
2496.6451212326065,8.99979363325282e-05,0.0594069351541162,-1.4484913940580857,-0.1238010736784174,2.656564740851129,-1.7350896590416124e-08,1.0998806357611115
2484.178097056225,9.030354047738827e-05,0.0593938772896848,-1.4497078221887654,-0.1264448625568902,2.656564740851129,-1.719469823481384e-08,1.0994522781619906
2460.912039751187,9.107328030939614e-05,0.0597094643833359,-1.4478283972003765,-0.1210445643503877,2.656564740851129,-1.6281394393367297e-08,1.0978427586561543
2452.708792765625,9.100825561081351e-05,0.0595532581004731,-1.448987191139713,-0.12000084235264,2.656564740851129,-1.5894324758805573e-08,1.0936543773855176
2468.475882555358,9.02398435696965e-05,0.058875296846645,-1.4516486333037515,-0.1456194898718109,2.631147404167291,-1.7874880219784153e-08,1.091200678591226
2559.474250030704,8.799492321115414e-05,0.058452966371332,-1.4518401460304748,-0.1638528311601545,2.6381603896286108,-2.102741050982812e-08,1.089512953749978
2434.219093662686,9.016643873583846e-05,0.0580817034296385,-1.4507017340399384,-0.1514098593713621,2.652226260784587,-1.8495268427230892e-08,1.088899397778522
2416.783481183462,9.080065668263454e-05,0.0584322699613351,-1.4494857786482644,-0.1406709006442902,2.652226260784587,-1.7361124775174205e-08,1.0902069988365424
2463.3149452498183,9.022792302907088e-05,0.0588029790412803,-1.4477926395584284,-0.1290510126999796,2.645115872747416,-1.8023384269212315e-08,1.0907902650950547
2461.220497239381,9.09933274525036e-05,0.0594578550286477,-1.4501856383390328,-0.1372663025833566,2.656564740851129,-1.7295759631814952e-08,1.0877052168836217
2450.3563015563414,9.015504863267386e-05,0.0584900286774936,-1.4490963386052746,-0.1348237402518089,2.6479881796296447,-1.7938272753873847e-08,1.084887233058262
2425.8897717613727,9.042483415000878e-05,0.0581691542055415,-1.4501967215326703,-0.1492045427558675,2.652226260784587,-1.8169365988010357e-08,1.0834316911040165
2439.612477943301,9.009751108919432e-05,0.0580341888603223,-1.45096334934321,-0.156321602182962,2.628967148138252,-1.896854743522672e-08,1.0823992192162502
2417.504920409061,9.006708217952554e-05,0.0576749018428022,-1.448972166629118,-0.1431986825688666,2.6433838742948805,-1.88045623402972e-08,1.0809568639013327
2395.523025461473,9.03729211076416e-05,0.057591352989292,-1.4490794141387513,-0.1439122427987678,2.6433838742948805,-1.817215213685649e-08,1.0827597783046394
2444.1950735598803,9.04078784240844e-05,0.0584450728642666,-1.4498959221377672,-0.1472259001787356,2.652226260784587,-1.8655277130796567e-08,1.08249877610533
2393.695640761405,9.13556176604058e-05,0.0584095990306765,-1.4490394990491111,-0.1487267687756775,2.654737503387143,-1.7210802679791865e-08,1.0818491464964393
2519.646021564491,8.838556442974513e-05,0.0579356496896557,-1.4489539438725028,-0.1711983642273745,2.628967148138252,-2.1750064322640382e-08,1.0786536718486293
2383.961850041524,9.054799044506216e-05,0.057259828154316,-1.4495413104142505,-0.167140133435845,2.620163318204745,-1.940749293649288e-08,1.077053738062186
2429.025581230409,8.98588844860143e-05,0.0576446948943263,-1.447192530579351,-0.1463008811987355,2.6433838742948805,-1.9288404892917715e-08,1.0757159463651935
2530.45282245148,8.717972416739036e-05,0.0570685276999998,-1.4491213936565337,-0.1727143663989782,2.620163318204745,-2.314120408898908e-08,1.0754750660989778
2414.5355998110026,9.04834904408814e-05,0.0579307866312451,-1.4453554608382846,-0.1476419150469959,2.6433838742948805,-1.9081685989171125e-08,1.0820143097252133
2442.1473146993667,9.100505546969694e-05,0.0590469628153787,-1.4462942494627378,-0.135150274497574,2.652226260784587,-1.7875121571217892e-08,1.0838876947264888
2425.178078769706,9.198593295806275e-05,0.0596148495991329,-1.4475248113937746,-0.1429104521530922,2.658544342498305,-1.6610093459632484e-08,1.0850147541317063
2466.2363013476133,9.137493364853396e-05,0.0598646746908718,-1.4468441863584398,-0.1349470298019259,2.656564740851129,-1.7347109767012012e-08,1.085523888140109
2434.1071386495605,9.202412273780625e-05,0.0599480033698243,-1.4467876723204742,-0.1303847404478498,2.656564740851129,-1.6124079540650408e-08,1.0857348934375457
2468.6009862031788,9.146407519022842e-05,0.0600717473359981,-1.4461488765715131,-0.1263476201706614,2.656564740851129,-1.6899665398278682e-08,1.085937769407676
2489.516718053259,9.112791318950078e-05,0.0601395101661965,-1.4451424008423492,-0.1249726985726677,2.656564740851129,-1.74125460197662e-08,1.086079869896336
2470.607228259556,9.10730941727585e-05,0.0596954647731164,-1.4454236152003213,-0.1384099994656838,2.656564740851129,-1.7622982726385656e-08,1.0848904024037156
2445.480190774426,9.189800681172528e-05,0.0596870861015991,-1.4463500247951997,-0.155071090391167,2.6381603896286108,-1.80937441063581e-08,1.0855782364552105
2464.709686020389,9.149607687636848e-05,0.0596948310702394,-1.4478561834403227,-0.1544404227730636,2.6339803643799007,-1.8646645668002483e-08,1.0855623987827785
2450.189010041766,9.20112882678916e-05,0.0602320491697511,-1.445469568142746,-0.1243351695849961,2.656564740851129,-1.6299461256798076e-08,1.0853237868965062
2422.7626736164093,9.253611309574976e-05,0.0602160539938946,-1.4458481499359053,-0.125965409499889,2.656564740851129,-1.5567404817871128e-08,1.0825809871468377
2376.622376495041,9.152730052097022e-05,0.0579916713295037,-1.4462096183898316,-0.1556835519563642,2.6462966362036195,-1.8548109702270037e-08,1.0731583755407612
2501.62030746229,8.873620657840195e-05,0.0578263160027864,-1.4480365968533486,-0.1795357684895954,2.631839455020481,-2.186856014646649e-08,1.0734037273220152
2535.2894399799407,8.838504092461122e-05,0.0580800434896476,-1.448382012670565,-0.1774826260856445,2.631839455020481,-2.257875496980605e-08,1.0716945351847096
2368.387718316168,9.0810869386673e-05,0.0571604312361124,-1.4462101769760178,-0.1555133499312868,2.6349505188835503,-1.9593628411914763e-08,1.0687767072225032
2373.1065507186577,9.02939866983847e-05,0.0566136714204353,-1.4464694768768656,-0.1779122344716918,2.640487884067901,-2.111189305346446e-08,1.0672306501049138
2501.895647039637,8.199075217312056e-05,0.0525275997500478,-1.4429636077363657,-0.2063175243243151,2.42859545444618,-2.6515039225978833e-08,1.0750675166410568
2510.6143815508112,8.843036739884495e-05,0.0577296960128001,-1.449218626536709,-0.180101274773129,2.631839455020481,-2.2071375468143513e-08,1.0786528134505244
2536.301711150445,8.815137044659747e-05,0.057813622057167,-1.4477315653722829,-0.1884120020457584,2.631839455020481,-2.321022415509096e-08,1.073659994776916
2557.096455702558,8.676593739181947e-05,0.0571317017439179,-1.448315452736832,-0.1763609899108741,2.620163318204745,-2.3891606198785193e-08,1.0714605673121789
2395.0841285660863,8.985107609962667e-05,0.0568888515246673,-1.4447360852992357,-0.1558838411767893,2.6349505188835503,-2.017426412098141e-08,1.0719404381365931
2419.913265416398,9.047581320605708e-05,0.0577998608341881,-1.4479337947053437,-0.1578771212943308,2.6462966362036195,-1.990041653896742e-08,1.0729503250787369
2414.129573307,9.072476667153766e-05,0.0580016325845504,-1.4471193466954564,-0.1503574381623037,2.6462966362036195,-1.9307218317023907e-08,1.074843030939539
2401.323088766076,9.11255706463393e-05,0.0579887712234961,-1.4461038243793332,-0.1620374047135268,2.6462966362036195,-1.9726434391516744e-08,1.0757074976963104
2410.784610964358,9.106298110835464e-05,0.0580204919952184,-1.4470719135372458,-0.1640175621789135,2.6462966362036195,-2.0199744734714777e-08,1.073376115637919
2522.4635882088915,8.877157622374856e-05,0.0582066947788931,-1.44945063094359,-0.1739125020791335,2.631839455020481,-2.2135189314132118e-08,1.072340345388755
2396.585699581541,9.094036823841636e-05,0.0577829948297591,-1.4462675948417092,-0.1610137100437552,2.6462966362036195,-1.9497638629289904e-08,1.070876170730998
2393.6278168987483,9.041162860521352e-05,0.057185240849375,-1.4461644663784268,-0.1598104239178435,2.6349505188835503,-2.0644687222891942e-08,1.0671648761764772
2528.9687752984464,8.67822637813556e-05,0.0565031967060588,-1.445715152785086,-0.1868866773860164,2.613981232954756,-2.5107639432040457e-08,1.0657307626055346
2399.139157027006,9.009967867488412e-05,0.0570533083079144,-1.4466711399807102,-0.1574374213045599,2.6349505188835503,-2.0497245057607373e-08,1.0649478983186145
2453.6367752552032,8.834961759435716e-05,0.0562876349113063,-1.446338115242502,-0.2003022501259567,2.613981232954756,-2.4377287117684722e-08,1.0636041991579015
2500.8534485744312,8.710357954210943e-05,0.0560322224644661,-1.4444569021571485,-0.2114325325032869,2.613981232954756,-2.5940116232483386e-08,1.0627314815717923
2325.193140514195,9.16389699534986e-05,0.0573735224150681,-1.4477607081528012,-0.158652515944138,2.6462966362036195,-1.7027603306896764e-08,1.0653272078559637
2377.615967383608,9.099956610911702e-05,0.0577730091134562,-1.449995163099454,-0.1446457635626242,2.6433838742948805,-1.783982262205442e-08,1.0650865140650772
2342.3852706784382,9.161573844862227e-05,0.0575062501645533,-1.4473913225414057,-0.1617360436590689,2.6462966362036195,-1.7813776971643337e-08,1.0621463448538224
2356.207342717797,9.05899341214318e-05,0.056832155841926,-1.4468942530448743,-0.1574386936423241,2.6349505188835503,-1.925070546252092e-08,1.06116579101776
2377.4455812694505,9.004819116157672e-05,0.0566090019564074,-1.4476247750725597,-0.1691754943223022,2.6349505188835503,-2.066725240773963e-08,1.06051401654653
2361.6926915086806,9.038106359257984e-05,0.0565523125789801,-1.4487250614171827,-0.1738473235266769,2.6349505188835503,-2.0553940117040363e-08,1.0595632715750063
2518.7104406142607,8.683176634090969e-05,0.0564108283996479,-1.4496944318238016,-0.1823767084153495,2.613981232954756,-2.4631383600177543e-08,1.05900888439639
2353.8066585436463,9.07553877265052e-05,0.0566683854701135,-1.4500687607008256,-0.1762831042487894,2.6379048916767003,-2.052870700147436e-08,1.0617223524146029
2522.646250893362,8.785358519826216e-05,0.0573359066703034,-1.4487349260119775,-0.1849620018417762,2.620163318204745,-2.3854087296043972e-08,1.0632172656213938
2378.0535154668614,9.109056377315724e-05,0.0575024038720556,-1.4466092987081542,-0.1519104545925393,2.6349505188835503,-1.9744974889482712e-08,1.0608916227502074
2514.017362220213,8.721297257954985e-05,0.0565750362066114,-1.4470807450648753,-0.1852969079347124,2.613981232954756,-2.4781542899296097e-08,1.0581856802473095
2457.1192017942667,8.809228575531627e-05,0.0561118818972078,-1.4461466652077586,-0.2035971311853668,2.613981232954756,-2.467576841894326e-08,1.0569760362512404
2477.907548462972,8.708665230283879e-05,0.0557353295034083,-1.4432848176605366,-0.1977923614662333,2.4148971085210205,-2.585980430636028e-08,1.0556195905629036
2479.0738728651777,8.670997554444278e-05,0.0553750587057422,-1.4432089725492412,-0.2092109423922445,2.4148971085210205,-2.6489294667035853e-08,1.0539973186921452
2490.9470217311755,8.630339925677505e-05,0.0551570859925129,-1.4409778327425309,-0.2198051022865534,2.4148971085210205,-2.72435847118154e-08,1.0542378895735676
2468.256813989021,8.731390329062353e-05,0.0556858457661728,-1.4434240237123117,-0.2022680651015308,2.4148971085210205,-2.5893472113270653e-08,1.05828892112623
2496.2640605820343,8.800513430262213e-05,0.0568093184230513,-1.4453227609088004,-0.1904798112265997,2.613981232954756,-2.4819576847015554e-08,1.057412102130443
2501.9024993376806,8.680655094637155e-05,0.0558943569776976,-1.4432109966430915,-0.1989679819766361,2.4148971085210205,-2.6413777043867214e-08,1.0520065401318124
2503.614559276961,8.573234408421991e-05,0.0549250172951353,-1.4417790385506766,-0.223636880089384,2.4148971085210205,-2.7625631130782132e-08,1.0486711318648303
2448.8877660781145,8.634776128644718e-05,0.0544610347835186,-1.4400628045722468,-0.2195556696280395,2.406125164533245,-2.7527824667313868e-08,1.0470003303103386
2395.68093621824,8.72903920856863e-05,0.054108339990149,-1.4378010162660573,-0.2317353184983481,2.406125164533245,-2.716579821772508e-08,1.0457573704191518
2391.485091409646,8.751941238666061e-05,0.0544283749627498,-1.4419961005801585,-0.2115670678940113,2.406125164533245,-2.5790301848880605e-08,1.0445899995487289
2441.653639448806,8.547446036034075e-05,0.0536517866223794,-1.4388439101241508,-0.2219844717009715,2.420213708521921,-2.8497922550947283e-08,1.046561244681138
2425.5084603521973,8.687384040787134e-05,0.0543732932453828,-1.4385297658117042,-0.2274285449081178,2.406125164533245,-2.7580367050931738e-08,1.043974167167129
2466.657908727415,8.585248589682373e-05,0.0545162315975256,-1.4417828270388344,-0.2058175933489593,2.42859545444618,-2.691983416730079e-08,1.042457112469683
2386.6205311296508,8.748550913235214e-05,0.0541538230558594,-1.4368804125467425,-0.2304358006445316,2.406125164533245,-2.6940689290354576e-08,1.0418312558163878
2429.942260189913,8.588378012262036e-05,0.0537999802283334,-1.4390462239455766,-0.2164120336625091,2.420213708521921,-2.79933576855863e-08,1.0405665347274524
2332.078638589941,8.809058565741862e-05,0.0535953826599716,-1.4372858585734425,-0.2268835610074956,2.394709392380673,-2.6661628966740836e-08,1.0397903338116594
2450.633279018104,8.503052755902528e-05,0.0534046485985567,-1.4345786227831336,-0.2349286107063844,2.3992637482486705,-2.93259083449516e-08,1.038212272465009
2408.062577465549,8.454344290850578e-05,0.0522856939913316,-1.429258108576437,-0.244439938501546,2.4165275976377654,-2.9936751025404155e-08,1.0393123978093886
2412.9515185998757,8.707762223925465e-05,0.0542706998019645,-1.435196742169493,-0.2337004821966833,2.406125164533245,-2.7655984049306527e-08,1.0396510443471347
2456.1473140902817,8.576149790772663e-05,0.0540770356161987,-1.4369909315914429,-0.2308363786368215,2.406125164533245,-2.8141899113024922e-08,1.0420063680436384
2464.560987064615,8.591596848381334e-05,0.0542385344752481,-1.4321746930526311,-0.2383342908075291,2.408250325125066,-2.8823020258888737e-08,1.0387899166517285
2410.304449196905,8.59907061561206e-05,0.0532525275092694,-1.430848527271992,-0.2493236524624111,2.401962397015597,-2.9524933198081854e-08,1.035402400329966
2401.251097271219,8.529079540522097e-05,0.0526270151595301,-1.4307637389053436,-0.2451344628951186,2.390636852464074,-3.0121239364833246e-08,1.0347345090650406
2374.213399933651,8.596523803350662e-05,0.0526481431073738,-1.4319495787963823,-0.2420627284138568,2.4165275976377654,-2.95174543185688e-08,1.035004982547168
2390.330732371658,8.552489362028517e-05,0.0526009421482695,-1.4297688546719642,-0.2457246407245942,2.390636852464074,-2.9991476259929345e-08,1.0345801542989252
2309.230910332873,8.750802173906543e-05,0.0525325847620845,-1.4299838519108188,-0.2518126765838001,2.390636852464074,-2.8925475890673883e-08,1.0339810435636718
2495.8449081713334,8.304036317966945e-05,0.0524457798522685,-1.422325290721732,-0.2829778683735726,2.375596540572261,-3.209579708013532e-08,1.0325882563860098
2400.7132529001683,8.55584860715468e-05,0.0529436225425603,-1.4338371339763958,-0.2266657621739597,2.4165275976377654,-2.907169819956957e-08,1.032485146820629
2384.559962573461,8.533974798979721e-05,0.0522629491097157,-1.4238777563099914,-0.2585598698273676,2.390636852464074,-3.0425563836929016e-08,1.0297411008960349
2365.084879090078,8.61194312750818e-05,0.0525991489440825,-1.4295284795907346,-0.2444623687786639,2.4165275976377654,-2.944596044001255e-08,1.029924832543567
2377.4831080483277,8.569172165094379e-05,0.0524382998811518,-1.4291755926941168,-0.251926153086545,2.390636852464074,-3.0074980238516024e-08,1.0294569737562784
2363.006643449888,8.60669305196879e-05,0.0524042299528953,-1.4286376720121172,-0.2580560312037256,2.390636852464074,-3.0307138532065895e-08,1.0291901541479902
2327.8277409663424,8.680646390823326e-05,0.0522900316674123,-1.4247452938847778,-0.2621686813104489,2.390636852464074,-2.9892502085568296e-08,1.0290571508502369
2401.41050454136,8.524825904505888e-05,0.0525380997170631,-1.427794669776396,-0.2549486434759025,2.390636852464074,-3.0705908003668765e-08,1.0329846113231584
2389.8908273391426,8.582469605772549e-05,0.0528046906914779,-1.4303683519557937,-0.2464995374641262,2.390636852464074,-3.0180544701696544e-08,1.033430309052764
2361.4606809318066,7.535418828660263e-05,0.0452438978275862,-1.396143589553969,-0.3222549307720727,2.3503499608629665,-3.447161872375073e-08,1.0409558798567689
2474.097624012269,8.510107077088114e-05,0.0529125648828703,-0.516014522365861,-1.004544255807836,2.7767183893191776,-2.7577530537187977e-08,1.0462631217926073
2465.225109764375,8.681377556239409e-05,0.0552677798126907,-1.4423404610624622,-0.2082439804417531,2.4148971085210205,-2.6088923623662658e-08,1.04889567689981
2342.131563003175,8.964542381170413e-05,0.055439781937945,-1.4447020485438895,-0.1715157971006307,2.42859545444618,-2.247792185396544e-08,1.0504514319050402
2483.9879816891626,8.66689169096801e-05,0.0555088678655509,-1.4439226811631016,-0.2006144164447472,2.412569124130992,-2.6056062427662096e-08,1.0505936062679229
2494.9168872721493,8.62124918224078e-05,0.0552751376870036,-1.445113724891904,-0.2068879161748966,2.4148971085210205,-2.6559501182742826e-08,1.050271440983003
2480.3935172967613,8.656684931813942e-05,0.05518270938275,-1.4448634464014427,-0.2145966175395272,2.4148971085210205,-2.685148864272105e-08,1.0511304669871602
2470.437994697131,8.705735424148923e-05,0.0555089498012928,-1.4474051231915523,-0.2008579491402472,2.4148971085210205,-2.591404916222284e-08,1.051106147830983
2481.028046291321,8.649292242055282e-05,0.055188889134847,-1.4422482827368437,-0.2130009758674353,2.4148971085210205,-2.666898934566747e-08,1.0514792790633878
2377.3697696560994,8.917926527190604e-05,0.0552979391263424,-1.441342243940546,-0.2206361520267215,2.4148971085210205,-2.5084889558540845e-08,1.047238354837427
2439.567980847321,8.536203743912743e-05,0.053605222466566,-1.4407208615245115,-0.2129517102567102,2.420213708521921,-2.789898343623413e-08,1.045896643099023
2418.065415346064,8.60862456333989e-05,0.0535662240162722,-1.4402931002205794,-0.2280893925275698,2.3968662717872977,-2.851143363968361e-08,1.0443390615433945
2386.873966895975,8.603307980268438e-05,0.052922671999488,-1.4325248485372826,-0.2458206298457423,2.401962397015597,-2.8676947287561233e-08,1.0406776792178614
2466.5931179970503,8.45808937176041e-05,0.0533295527611764,-1.4372034410597363,-0.2315404656491877,2.3992637482486705,-2.9349629414868528e-08,1.0397306057371007
2421.51417982392,8.556179814723861e-05,0.0531902408510569,-1.4364255131603982,-0.2400119658262847,2.3992637482486705,-2.9115021911814298e-08,1.040212948084332
2408.652551890351,8.600664276836069e-05,0.0532977359124834,-1.4348945630072971,-0.2375923517106951,2.3992637482486705,-2.8770537649182864e-08,1.043104508913551
2448.9302140958607,8.653182588842268e-05,0.0544803078801003,-1.434764264172908,-0.222596802889824,2.4247680643899185,-2.8956531617652612e-08,1.0377131406172548
2433.583015412092,8.446884847539481e-05,0.0525808272053008,-1.4335165933325775,-0.2435347820017569,2.4165275976377654,-3.0439971512328454e-08,1.0357796211593522
2406.0645827399567,8.500945196028304e-05,0.0523547490175734,-1.4305156922543192,-0.2580018982979704,2.390636852464074,-3.0962870047003985e-08,1.035946673231542
2331.5472698137164,8.691641334269488e-05,0.0524479914951992,-1.4315652109487846,-0.2499684213856274,2.390636852464074,-2.9268989957025174e-08,1.0342708004533308
2419.776092239656,8.503161877353138e-05,0.052806113780477,-1.436679512171774,-0.2315112981871726,2.4165275976377654,-2.965932126113769e-08,1.0323929039342783
2495.411537972279,8.308287382692774e-05,0.0525440149971672,-1.4264126390000171,-0.2720238139299646,2.375596540572261,-3.148459784980831e-08,1.0335704411953872
2371.332616072148,8.596973238064412e-05,0.0525563985790704,-1.431093650251769,-0.2467676326704293,2.390636852464074,-2.9829657648638895e-08,1.0362040639073875
2398.02971558366,8.587555357347574e-05,0.0530684078205833,-1.4336529466817345,-0.2318087146768879,2.4165275976377654,-2.947232755324264e-08,1.036247897855267
2442.334952791221,8.466674179512521e-05,0.0529453880477728,-1.4319733433003343,-0.2347999433012965,2.4165275976377654,-3.020413857618026e-08,1.034750197363337
2304.126369035803,8.78744787983319e-05,0.0526852006061117,-1.4296574134087003,-0.2515522517114585,2.390636852464074,-2.8864071026265664e-08,1.0337034795388371
2519.331515142694,8.451358727498906e-05,0.0535831809433097,-1.441920385869856,-0.2096476224502555,2.4165275976377654,-3.119132456214616e-08,1.033463958756293
2374.422903591767,8.625789773557408e-05,0.0527345601078747,-1.431683641831604,-0.2528796783437634,2.390636852464074,-3.031021775565841e-08,1.0328805788323625
2380.008944146335,8.592423758582649e-05,0.0525758627098836,-1.4283324463321163,-0.2580854709764397,2.390636852464074,-3.072008035705928e-08,1.034456029298338
2395.6107253525406,8.61635131781108e-05,0.0532655925964139,-1.4363860897343352,-0.2274848237672501,2.4165275976377654,-2.9236257068586108e-08,1.0376525550378426
2432.006644216366,8.651975888434695e-05,0.0540774521192166,-1.433492500349348,-0.2342950235783762,2.3992637482486705,-2.927943163132845e-08,1.0366375313727925
2432.7307103145868,8.648303597628646e-05,0.0541135094803308,-1.4360870605758806,-0.2281127698565427,2.394709392380673,-2.8956689301490144e-08,1.0353798210554133
2350.82961644698,8.83629803598976e-05,0.0540950475238064,-1.4346320819367009,-0.2261181689916943,2.420213708521921,-2.7235070544068285e-08,1.0329069096142092
2384.068841201253,8.623619217201197e-05,0.0528316044344164,-1.427364829794096,-0.2569264579395725,2.390636852464074,-3.078107301424392e-08,1.03195424712714
2410.856459768489,8.566745218819773e-05,0.0529903307449719,-1.431581192090736,-0.2453256128798083,2.390636852464074,-3.0463649405418163e-08,1.0269838338429635
2400.0055302847177,8.473813530594654e-05,0.0521084292140452,-1.4285299678524828,-0.2524428184578808,2.4055881993673984,-3.1709889135973536e-08,1.0259609705665058
2352.187543580309,8.56347672689058e-05,0.0519463845635051,-1.4278808901300477,-0.2523296463039934,2.4055881993673984,-3.086813561080994e-08,1.0290474663654554
2431.9936269726604,8.507425604378676e-05,0.052987815564482,-1.4279880126603344,-0.2452127965303102,2.4165275976377654,-3.075516050540152e-08,1.0278336785108253
2368.127930372022,8.639809213567353e-05,0.0527229590379323,-1.4267745929817708,-0.2564429896755964,2.390636852464074,-3.0402285459568715e-08,1.0282891577980673
2374.213572024368,8.686217822597941e-05,0.0530439195313859,-1.4304135205295048,-0.2580148657734784,2.390636852464074,-3.086315961870581e-08,1.0245843279060154
2343.330670162104,8.589802360037842e-05,0.0517666825594114,-1.4251088836995878,-0.2705272964404179,2.38208081915079,-3.1940815802655394e-08,1.023306537062837
2384.244762031361,8.522636947293413e-05,0.0521924991199531,-1.4287727784969368,-0.2498370682293243,2.4055881993673984,-3.1286801431533e-08,1.0210950720998624
2397.7063472848386,8.454541801420256e-05,0.0518414356817249,-1.4253775262529358,-0.2662228268603843,2.378899186912013,-3.2332267573103766e-08,1.0195651463550064
2368.428241564892,8.512390012497051e-05,0.051697832685239,-1.4241914796288029,-0.2698712648799661,2.38208081915079,-3.218934961087593e-08,1.021835224426764
2384.827424184419,8.505718132431519e-05,0.0519606021059025,-1.4239726984008283,-0.2666615126048844,2.38208081915079,-3.231816772237084e-08,1.0241342221081646
2318.615309879184,8.725639647538301e-05,0.0524335333007427,-1.4285142539091251,-0.2517438710064061,2.4055881993673984,-3.059768791426407e-08,1.0251230576534602
2395.0408897353336,8.494410179214485e-05,0.0521211242595648,-1.4242021536664702,-0.2612386541610715,2.408369883480999,-3.2122765225600625e-08,1.0224287735328892
2381.202380636707,8.523238994169448e-05,0.0519805412845301,-1.4220026789988394,-0.2741393272540979,2.38208081915079,-3.2760145442004946e-08,1.0221209897496395
2352.445776786655,7.883671116305413e-05,0.0473104961629677,-1.40539126215793,-0.302027895104339,2.3812466588788386,-3.4856553126695726e-08,1.0343231143544138
2358.023095984012,8.831613478700824e-05,0.0541303736217412,-1.435202069345516,-0.2299835556289832,2.3992637482486705,-2.76503615988446e-08,1.034687014540973
2404.616512523964,8.685238832175235e-05,0.0537441265918971,-1.4321243107351584,-0.245993505456081,2.401962397015597,-2.9531483130162967e-08,1.035066813497214
2405.365337385796,8.687373727911114e-05,0.0537295702179942,-1.4333386402900865,-0.2486944946063659,2.401962397015597,-2.9734480978317665e-08,1.0351380556375227
2446.3333666156977,8.593619293619617e-05,0.0537625229119334,-1.4322168542011249,-0.251174486393905,2.401962397015597,-3.054381080636018e-08,1.0345048747383756
2347.5099606309086,8.879783664372354e-05,0.0543964603165654,-1.4379074114511523,-0.2184531733980345,2.4223705879285453,-2.67776419777847e-08,1.0342128532210284
2458.7559517566115,8.696987798641236e-05,0.0548921965346289,-1.435960418524936,-0.2330842424019493,2.406125164533245,-2.8789152769345454e-08,1.0380337575503435
2457.6772712478414,8.71404417406184e-05,0.054980729460157,-1.434200908321138,-0.2358972065819881,2.406125164533245,-2.8952539776805905e-08,1.034598673512037
2382.154160234146,8.782537395946687e-05,0.0539751951067256,-1.4330078330495402,-0.2506921505488493,2.401962397015597,-2.9612073213960977e-08,1.0320992348852525
2428.3188215140253,8.68129315115217e-05,0.054212463079098,-1.435472327966203,-0.2347152171614598,2.3992637482486705,-2.9402106113522494e-08,1.0307994578310458
2443.672776629217,8.619107775245298e-05,0.053920618697506,-1.4317359528586973,-0.2474098239863358,2.401962397015597,-3.0304489913536295e-08,1.0289831482829277
2393.083442035131,8.662420274909752e-05,0.0534284253961323,-1.4309101498702028,-0.2380570298522981,2.4165275976377654,-2.9946873233360984e-08,1.027558944783037
2336.354136801325,8.78930461477802e-05,0.0532400523460228,-1.4300008320346518,-0.248992709279483,2.390636852464074,-2.9608337905493343e-08,1.0267297770375134
2401.482674267143,8.618264796908366e-05,0.0531324216333266,-1.4306469279389011,-0.2535258566654097,2.390636852464074,-3.1025320933282915e-08,1.0253908547296515
2383.159238537773,8.652629247369264e-05,0.0529545858962576,-1.426539391353156,-0.2634633939941715,2.390636852464074,-3.13110602961144e-08,1.0252253822459334
2369.2960949502885,8.568493332062574e-05,0.0522698430265627,-1.4260600120503342,-0.2538027281915695,2.4055881993673984,-3.1342791603149776e-08,1.0208382712581916
2526.460335819982,8.259921465557755e-05,0.0527191400194251,-1.426286988301293,-0.2694874042632202,2.390636852464074,-3.283163639285484e-08,1.0189829266544734
2352.9864377919585,8.603437431183672e-05,0.0520556213333519,-1.4231769067350286,-0.2686173458517033,2.38208081915079,-3.2030630635857316e-08,1.016999150935433
2374.8377619031817,8.460125487655356e-05,0.0515019833166915,-1.4243482143077515,-0.2639248563701135,2.397478908203315,-3.3059333372925924e-08,1.0157866527572792
2377.2988441614434,8.43349170878026e-05,0.0513159478866468,-1.422396007255522,-0.2706335984817365,2.397478908203315,-3.340675673380549e-08,1.015014907051262
2509.4913465743884,8.138675131166269e-05,0.0514502838516115,-1.4126032401948545,-0.2994229749830236,2.38208081915079,-3.4773218710322034e-08,1.0154599466186376
2353.2209011306986,8.591895172408044e-05,0.0519053982921256,-1.422021906250687,-0.2766369772517384,2.38208081915079,-3.2532258619923693e-08,1.0167134254167711
2349.116687115282,8.619169150932e-05,0.0520528802422136,-1.4202564584240682,-0.2769259871196307,2.38208081915079,-3.25744643349878e-08,1.016513967243473
2364.18354944326,8.582687104558032e-05,0.0520748060357412,-1.4207730483688652,-0.2727460661650513,2.38208081915079,-3.2445546811503256e-08,1.016245939099899
2353.016100548208,8.54267090254345e-05,0.0516691517680118,-1.4241338889477355,-0.2638125228508812,2.397478908203315,-3.2920306239011335e-08,1.0142894850452628
2304.444066623226,8.642366310496197e-05,0.0514101003376742,-1.422133259513886,-0.2725196803035648,2.397478908203315,-3.264481278467494e-08,1.0136671564506663
2351.697851848789,8.510109834763045e-05,0.0512930364932262,-1.416353468489925,-0.2833387550644087,2.367547732000439,-3.3887763755493745e-08,1.013099628976111
2490.2788046337664,8.192511105485589e-05,0.0514921664759997,-1.4143906467102303,-0.2989499441556005,2.38208081915079,-3.4659886539011385e-08,1.0157320346795389
2353.207457431592,8.64069539348655e-05,0.0523193777505145,-1.42098513031161,-0.2684060698253447,2.38208081915079,-3.2139981141637904e-08,1.0158710973747778
2366.2565372921526,8.598149345789958e-05,0.0522376642161059,-1.4252039479564167,-0.2662795219452583,2.38208081915079,-3.2281639104394433e-08,1.0180773412247088
2344.5256289588287,8.698490420650257e-05,0.052544767601547,-1.423481552502209,-0.2651839042084896,2.38208081915079,-3.191845660257172e-08,1.0139393016126927
2331.248971506022,8.589848257164387e-05,0.0515579735970978,-1.4211733370835429,-0.2705388565677363,2.397478908203315,-3.297072932634789e-08,1.0126323226052525
2350.2659227298573,8.491202391713627e-05,0.0510744409971042,-1.4145750667533048,-0.2908929186952147,2.367547732000439,-3.42640789345663e-08,1.010211545396425
2329.7070443537086,8.583199684678456e-05,0.0513858880673256,-1.4197652791655049,-0.2793851093338279,2.367547732000439,-3.3478717590637005e-08,1.0086666449320567
2492.0219995742664,8.160618335670293e-05,0.0511710927813395,-1.4065310854264663,-0.3156687359041001,2.351722073347344,-3.544092187969885e-08,1.0068608644201475
2311.108628898859,8.586723348178723e-05,0.051033528365444,-1.41513772687525,-0.2893387474675917,2.367547732000439,-3.369992858788266e-08,1.0092699908044296
2513.9412664268166,8.19773788811783e-05,0.0519799377472294,-1.4165534855677713,-0.2863405380346203,2.38208081915079,-3.4352772183628614e-08,1.0085609101928046
2320.819570397958,8.617653326684051e-05,0.0515131032793379,-1.423390507503214,-0.2727723573838254,2.397478908203315,-3.300265193841481e-08,1.00789953585704
2315.157403865829,8.615020140098886e-05,0.051272215624513,-1.4158910833869365,-0.2878945838019541,2.367547732000439,-3.379125494089596e-08,1.0044017028093428
2333.437071613036,8.424262257166916e-05,0.0502556798095709,-1.4130115536251535,-0.2983161608805683,2.361613428006597,-3.543889487531187e-08,1.0020980848048289
2479.723333082162,7.947849634049899e-05,0.0496406554811894,-1.4001665000774353,-0.3224050314505327,2.361613428006597,-3.687792213356846e-08,1.0012875085967357
2483.479457403533,7.935144287373625e-05,0.0495493961974168,-1.397600249304266,-0.3293691618162133,2.3648960644434305,-3.7160717688782685e-08,1.0004314370733152
2489.4540342157707,7.896092079686187e-05,0.0493570313727646,-1.396205812298335,-0.3375222926069073,2.3648960644434305,-3.755915633477755e-08,0.9999630291285152
2323.2291200123727,8.492037376063456e-05,0.0506892106172101,-1.4203532135499108,-0.2731654740997998,2.389149710698661,-3.392951113971596e-08,1.0055074558258663
2306.2989886235446,8.644976868040535e-05,0.0513703879542311,-1.418853569446329,-0.2827552372824385,2.367547732000439,-3.3395315342120075e-08,1.0061105770368184
2336.553200313821,8.565072885182813e-05,0.0513180857173034,-1.417182980846407,-0.2873802552094333,2.367547732000439,-3.40903275143096e-08,1.0064533114668408
2370.5565576869994,8.492098874598149e-05,0.0514595147866251,-1.4153799717387523,-0.2879853826329935,2.367547732000439,-3.4501796630652843e-08,1.0068547782109831
2369.8867751918733,8.521305237222655e-05,0.0517166848776592,-1.41984431671476,-0.2748761550028261,2.397478908203315,-3.3838609725428133e-08,1.0066201725052442
2397.11056419462,7.351116401653437e-05,0.0445226889928734,-1.3740307748777445,-0.3642162914164519,2.327433275484765,-3.805036782687764e-08,1.00925930119718
2336.675991091877,8.64901829202775e-05,0.0520856464675967,-1.4224959000807418,-0.2706338925529325,2.38208081915079,-3.1990395661141284e-08,1.009996821362265
2486.593283785507,8.216000885669528e-05,0.0516602810547234,-1.4189997533443666,-0.2893824954579309,2.38208081915079,-3.426067210709187e-08,1.0110366858387982
2332.674601189792,8.548954322805064e-05,0.0512625565257547,-1.422954594550571,-0.2743852185522135,2.397478908203315,-3.3181146760327893e-08,1.011426145960628
2304.217119988054,8.61959007853973e-05,0.0511751305205977,-1.4227285217653391,-0.2799346943042683,2.367547732000439,-3.3106031125891707e-08,1.0111402935483855
2398.6053640339524,8.435376081859039e-05,0.0517937711445952,-1.4300136648875998,-0.2505861020676119,2.397478908203315,-3.2717175086599623e-08,1.0100190718249649
2353.073598818853,8.470681580387534e-05,0.0510631682397406,-1.4216333956661684,-0.2796488169841679,2.367547732000439,-3.3624233617481164e-08,1.013283036599267
2335.453124349937,8.61299944430465e-05,0.051856948097664,-1.4279050458578817,-0.2564784056211256,2.397478908203315,-3.229363597564468e-08,1.0140661965439712
2345.706526907161,8.613292285160937e-05,0.0520380499427578,-1.4275921060446632,-0.255356581786351,2.397478908203315,-3.2530917714689785e-08,1.0134279397292711
2342.779389627278,8.603395130195833e-05,0.0517597361023506,-1.421690456695346,-0.2753293560464732,2.397478908203315,-3.36604389292245e-08,1.0093866784774668
2320.994889240712,8.627808893845113e-05,0.0517135228633094,-1.4280708151225487,-0.2586447057052371,2.397478908203315,-3.220609011175057e-08,1.0083552948345642
2312.76978690736,8.644332007424928e-05,0.0515306964955606,-1.4241615230369749,-0.2724171375612585,2.397478908203315,-3.2877380969344484e-08,1.007290893557141
2502.218361677602,8.169872521236224e-05,0.0514397209306943,-1.411333007223001,-0.3095091141712391,2.351722073347344,-3.535616652422707e-08,1.0061801961529453
2301.968819528818,8.596736242138214e-05,0.051007661706236,-1.423403648684738,-0.2700079822439214,2.386600013509582,-3.370470015392788e-08,1.0073574409349637
2311.0097501054406,8.694750226380205e-05,0.0518793615088302,-1.4247264804528164,-0.2658469859843352,2.397478908203315,-3.255569337232151e-08,1.0080860421700493
2301.9700642861426,8.718461487328317e-05,0.0519248060740225,-1.4263511186256406,-0.2626483254932494,2.397478908203315,-3.228054863671619e-08,1.007942240954402
2480.181944873184,8.296887792768457e-05,0.0520105167238233,-1.4161119109098383,-0.2943253177870262,2.38208081915079,-3.4721751486952645e-08,1.0073473350151307
2327.3175960388035,8.646004469768587e-05,0.0517836393193587,-1.4213842840435662,-0.2742819046934939,2.397478908203315,-3.3364345643707335e-08,1.0065032692250455
2318.7015463579446,8.652815542286033e-05,0.0516782005111874,-1.4194054211345033,-0.2774542736156973,2.397478908203315,-3.335424566878803e-08,1.0060742663522766
2299.9411962982267,8.693756160775501e-05,0.0515530780088561,-1.4177180606083513,-0.2836750720455167,2.367547732000439,-3.346115131386528e-08,1.0054560520104856
2411.403065489605,8.388784085441045e-05,0.0514966506271358,-1.4167866829141371,-0.2887541484538618,2.367547732000439,-3.484764530150868e-08,1.0054725610105109
2340.754588447511,8.622380078608784e-05,0.0519000217107713,-1.419121006276923,-0.2735250334496359,2.397478908203315,-3.3496333811252225e-08,1.0071734472967968
2348.44687130861,8.664065872799419e-05,0.0524204133592492,-1.4260054554427368,-0.2552515785128783,2.397478908203315,-3.2704068821662856e-08,1.008978408447308
2366.964875524864,8.677062197705424e-05,0.0526685336221316,-1.417812887198402,-0.2801510545795475,2.38208081915079,-3.335513617330349e-08,1.006636552759177
2290.747473549098,8.741814106638285e-05,0.0517153808004473,-1.4160766387983366,-0.282532611655392,2.367547732000439,-3.327903657979746e-08,1.0039384923690915
2283.753801835701,8.68214737753534e-05,0.0512217929383774,-1.418345031127069,-0.2781896051753694,2.389149710698661,-3.411631810955804e-08,1.0021097406866264
2274.524551583454,8.671514259607153e-05,0.0508845172455399,-1.4140733994462942,-0.2918101556006328,2.389149710698661,-3.4741337699616734e-08,0.9978012701498724
2298.558582060039,8.495948250762871e-05,0.0502427927193963,-1.4175109933662835,-0.2820555434519817,2.3779110766930245,-3.5372375973813574e-08,0.9955262474594512
2430.478276759386,8.123180164202827e-05,0.0498979510328698,-1.3983302652371938,-0.3300692426650582,2.3648960644434305,-3.735584118742381e-08,0.9949707938684832
2518.9633294101804,7.856850730721534e-05,0.0495933312986034,-1.394746606356566,-0.3358692678064737,2.3648960644434305,-3.7503701847988966e-08,0.993799219716497
2402.7626058403403,8.324741353541118e-05,0.0507806347628757,-1.4040627961041794,-0.3185891158219049,2.3732889354134468,-3.607108451974821e-08,0.9985817966478676
2495.895018009469,8.132605192047058e-05,0.0510804092008726,-1.4056346334011842,-0.3154826280268563,2.3732889354134468,-3.645214939993942e-08,0.9948887867253072
2387.202821126208,8.238550078002108e-05,0.0498114056169579,-1.3961267918556617,-0.3361316985683526,2.3648960644434305,-3.7648638323791664e-08,0.9913960287880846
2458.1497517134994,7.922314349129419e-05,0.0490778196982229,-1.3955720563019032,-0.3373507756474529,2.3503499608629665,-3.8299025920073554e-08,0.9900446775662984
2476.4867897499357,7.844693338744875e-05,0.0488328476281608,-1.388508540719896,-0.3481210345569662,2.3503499608629665,-3.869248393747605e-08,0.988727304785077
2488.7963929679245,7.788559647730371e-05,0.0486504990639935,-1.3826399620032543,-0.3579846182202468,2.3503499608629665,-3.9032814195678034e-08,0.9890689347427738
2514.7922337539494,7.955453979534374e-05,0.0503434841935398,-1.404906375451648,-0.311963352231848,2.361613428006597,-3.673991627793836e-08,0.9946421090483868
2451.817185189575,8.248900509109106e-05,0.0510827571997889,-1.4008965911765532,-0.3227742484434979,2.376114083341322,-3.6736281058179556e-08,0.9947161154002112
2422.9970472399145,8.281848312963507e-05,0.0508980128023046,-1.404849137234868,-0.3101701746389668,2.361613428006597,-3.688630595234224e-08,0.9949883949316454
2472.832892635837,8.089020823192905e-05,0.0504924166172147,-1.399480995776244,-0.318125865509228,2.361613428006597,-3.7177678077441536e-08,0.9928579995973136
2278.6879587061703,8.553682051584619e-05,0.050164928879315,-1.411159606187651,-0.2995904793282021,2.3779110766930245,-3.624934965753532e-08,0.9894887333268964
2498.956620110199,7.944177478657561e-05,0.0498286093461737,-1.3939406261848162,-0.3378766126228458,2.3648960644434305,-3.7825568700792734e-08,0.9880938444714296
2291.517805987969,8.464835815828163e-05,0.0496728296071537,-1.4005305658834086,-0.3187165797757809,2.3503499608629665,-3.734081915864644e-08,0.9871704340696356
2444.684279905632,8.00496777889967e-05,0.049435333937108,-1.3970866918354046,-0.3265059529197595,2.3503499608629665,-3.7977388861602835e-08,0.987236444219522
2451.088887760416,8.061565255339598e-05,0.0497505539479865,-1.3888395248483298,-0.3435482340201503,2.3335735489319385,-3.8054463438607236e-08,0.987748189166332
2500.645205514505,7.901479717812088e-05,0.0497389019893577,-1.3975191617387654,-0.326005985239414,2.3503499608629665,-3.8069351195868585e-08,0.9866726285391784
2340.001480029896,6.646107371500656e-05,0.0394886471815229,-1.3028774359462618,-0.4634280935364857,2.062797581917267,-4.1949737412877006e-08,0.9911237353975698
2339.6135763041675,8.615246069222154e-05,0.0519655045179745,-1.4223266470358529,-0.2641798710133836,2.397478908203315,-3.2989937264584455e-08,0.9964024224003114
2446.266095008701,8.340519372684948e-05,0.0517124659675764,-1.4081961860676655,-0.31050577771915,2.351722073347344,-3.52734151308135e-08,0.9986432813291424
2448.220105165616,8.39625367022063e-05,0.0522603697493028,-1.420113324048453,-0.281607318020406,2.38208081915079,-3.3896905526438695e-08,0.9943254800219874
2429.7145546171814,8.265516458110383e-05,0.0508708004610267,-1.411169891587721,-0.3106326530602548,2.3707790772429465,-3.5911341738441784e-08,0.9932264974295596
2460.749214876443,8.148079035868041e-05,0.0505350301181563,-1.4032551211488524,-0.3249521164912302,2.3452809821346974,-3.668364507997932e-08,0.99472767198593
2416.8927408754826,8.276690810019946e-05,0.0506210231493603,-1.4040079098441027,-0.3248302374161687,2.3452809821346974,-3.6466190756598335e-08,0.9937840460925512
2485.23053458333,8.042827302658717e-05,0.0503852569788439,-1.409713788410321,-0.3071688364465089,2.361613428006597,-3.667113259039903e-08,0.9957244480929468
2296.2057154197246,8.660994415236191e-05,0.0513270405810172,-1.4225246312181905,-0.2714758039600918,2.386600013509582,-3.3982157680841443e-08,0.9980666505316732
2283.2855880633,8.637949074924756e-05,0.0507438114298236,-1.4129216271359044,-0.3014063237884284,2.361613428006597,-3.5480653669381945e-08,0.9999232415882628
2303.231361731887,8.62147908919689e-05,0.0509599413174911,-1.4124125428248466,-0.3005350816640794,2.361613428006597,-3.5788743594595647e-08,0.996776817819865
2284.475335318595,8.696813309373189e-05,0.0511685685066267,-1.4165723929570266,-0.2916029759659752,2.389149710698661,-3.5068699772499535e-08,0.9920645528427794
2511.232115766033,8.005857167049821e-05,0.0506117993294411,-1.4087582802573853,-0.3038659824758354,2.361613428006597,-3.659249025122332e-08,0.9896660771878196
2500.742855399847,7.941981870372038e-05,0.0498792185705016,-1.4004811916194362,-0.3284350537803684,2.3648960644434305,-3.7466338776867995e-08,0.9884276378248444
2378.130826432258,8.243306220971197e-05,0.0496284847142174,-1.39350323259223,-0.3397456061778501,2.3648960644434305,-3.768001541518911e-08,0.9886672496853915
2496.186148719862,8.026350273779382e-05,0.0504765299937004,-1.407185196885205,-0.3102112948818405,2.361613428006597,-3.679515374345524e-08,0.9933835027448336
2467.5106924772263,8.108330459450158e-05,0.0505166224382776,-1.4031646620541147,-0.3157027645876072,2.361613428006597,-3.70679549366016e-08,0.9928726872930556
2421.269014187157,8.225200198367716e-05,0.0504834373140181,-1.403893974649783,-0.3155452323936733,2.361613428006597,-3.694367495020828e-08,0.994990193679004
2417.354547923431,8.404602109977422e-05,0.0516388573936821,-1.4131405301206346,-0.2983317347835829,2.3732889354134468,-3.552040708712343e-08,0.991983400396266
2469.5021728556603,8.102862036971309e-05,0.050397638397266,-1.3998059876621878,-0.329248183419226,2.361613428006597,-3.7832536774356326e-08,0.9904040607076832
2453.6818336099386,8.090739107334828e-05,0.0499913982577186,-1.3937119864677807,-0.3415935940654336,2.3335735489319385,-3.8276159004000364e-08,0.9899371432583112
2485.1577687505637,8.106752730650277e-05,0.0508437819321166,-1.406722516649478,-0.3084120416846172,2.361613428006597,-3.6918565527523985e-08,0.9899478431247476
2426.462310343981,8.267650961133702e-05,0.0508556474691542,-1.408560763726006,-0.3081966782728449,2.361613428006597,-3.681477363665438e-08,0.9897714739462102
2277.2522382792085,8.614251683838481e-05,0.0504517249934107,-1.4080660479598197,-0.3031695801420255,2.3812466588788386,-3.6685472850923706e-08,0.9925828106000746
2421.098779663444,8.397945610869968e-05,0.0515879248626124,-1.4078842982126942,-0.3073598509207618,2.3732889354134468,-3.6027878379643526e-08,0.9929346536009392
2477.352042403072,8.150153216859605e-05,0.0509065800947979,-1.4016906667967248,-0.3187079328696148,2.361613428006597,-3.7491864666430864e-08,0.9892911574235358
2383.747070511803,8.394394086099815e-05,0.0509299053793546,-1.4073216307827736,-0.3098807742278162,2.361613428006597,-3.671886675153333e-08,0.9892083437439616
2271.487611386925,8.673941591228412e-05,0.0506300258894663,-1.3997557791037178,-0.3161941760588435,2.3812466588788386,-3.7586645512359636e-08,0.9891549101812626
2500.8003002982587,8.068839884763466e-05,0.0508067640716501,-1.4021983502459423,-0.3171866287644772,2.361613428006597,-3.734813540175636e-08,0.9863452716891132
2490.7273619771004,8.050596957844081e-05,0.0504415630230925,-1.3969502820660455,-0.3316518843322544,2.3648960644434305,-3.7946335122969926e-08,0.9851804509449852
2409.593365799636,8.184796952750867e-05,0.0499803798383861,-1.3898791557512735,-0.3323068687766695,2.3503499608629665,-3.85592734636309e-08,0.9850076909059318
2464.255650099367,8.142410921769226e-05,0.0506073584819386,-1.399294196660248,-0.3290174979848204,2.361613428006597,-3.7881695099875686e-08,0.9864348015287128
2281.0587094221264,8.626837189609661e-05,0.0505278389365947,-1.4037783841826053,-0.3115818719933163,2.3812466588788386,-3.731535375163585e-08,0.9826995296904052
2355.2945265788585,8.332705548625598e-05,0.049949686163713,-1.39375276594126,-0.3338707678826882,2.3503499608629665,-3.860196327922897e-08,0.983891301214454
2454.9877837691456,8.052106368553532e-05,0.0499351418408731,-1.3896696303645255,-0.3354331880195599,2.3503499608629665,-3.878023115255828e-08,0.977767724373146
2453.0084878969938,7.999310322480277e-05,0.0494023995300839,-1.3845255428905072,-0.3527387902048608,2.3503499608629665,-3.940517633520064e-08,0.9760625183171472
2454.20562444441,7.827817993523141e-05,0.0483619863032274,-1.3764271669236363,-0.3650556401104344,2.339098679777877,-4.023079755676086e-08,0.9711560650029852
2433.866293584928,7.71460808572401e-05,0.0473184978653378,-1.3706731087588746,-0.3768505109238764,2.327433275484765,-4.1111204646803016e-08,0.9692687364629384
2429.515138834715,7.787975909884287e-05,0.0477990748575789,-1.3825994962377366,-0.3524258297527523,2.3593598634344994,-4.0295193550504576e-08,0.9709207979533062
2419.274947715923,7.901818423389021e-05,0.048185465450455,-1.369780207776137,-0.376458785542918,2.342062769407124,-4.079321566637067e-08,0.9723969141653716
2349.423432419077,8.120920237523216e-05,0.0483374901712282,-1.374733860730855,-0.3696115427148861,2.339098679777877,-4.068617639020421e-08,0.9728096108045964
2443.0856186319143,7.872653789703387e-05,0.0484522253551001,-1.3782366064738594,-0.3636953742584676,2.339098679777877,-4.026223283820597e-08,0.972607203832179
2434.0763594843447,7.915658933137198e-05,0.0485792715337578,-1.3768478359250125,-0.3646558850433661,2.339098679777877,-4.0449231114837595e-08,0.9720389513484308
2421.394678916782,7.940128113420953e-05,0.0484424677504217,-1.3759798702365909,-0.3698601173159609,2.339098679777877,-4.0698987933936064e-08,0.9710091272119736
2404.181528797373,7.835809471256605e-05,0.047513380902659,-1.364505581927106,-0.3869154064204044,2.327433275484765,-4.1917692274802826e-08,0.9646779674556032
2409.5790078584105,7.853137761406184e-05,0.047863709037364,-1.379550547533306,-0.357793299696205,2.327433275484765,-4.0570440299886046e-08,0.9678181046347668
2411.80392590724,7.962791970751563e-05,0.0484604126563734,-1.3759923382626478,-0.3666161715231052,2.339098679777877,-4.049900270415419e-08,0.9696057884191563
2372.9200623705983,8.110692471535868e-05,0.0487466021928411,-1.3793763508504833,-0.3576907910140453,2.339098679777877,-4.0250931838812766e-08,0.9678182620982272
2457.6268738042563,7.8718520792434e-05,0.0487260947570495,-1.378114464078226,-0.3625749284738391,2.339098679777877,-4.0386305012238815e-08,0.9688057776989883
2484.836250158027,7.831239412000182e-05,0.0489531011117079,-1.3822742428523027,-0.3530832674006158,2.339098679777877,-3.9903262232764734e-08,0.9673001608732408
2535.4964298009872,6.53397111929091e-05,0.0416233601488294,-1.305813424190953,-0.46436023138613,2.061183469606867,-4.025040820916661e-08,0.9759657349764034
2440.580583302304,8.025456665143404e-05,0.0493338507774392,-1.3868830686897655,-0.3484379385363006,2.3503499608629665,-3.912874913222408e-08,0.9752077110605296
2443.094590732828,7.917632694316892e-05,0.0488218870666453,-1.38700176446416,-0.3463473706283247,2.339098679777877,-3.9711817833041415e-08,0.9739423670561284
2376.8620280474424,8.078246193948695e-05,0.0485926610205847,-1.3839530066669492,-0.3550962066028043,2.339098679777877,-4.0124779901948055e-08,0.9709778067292306
2408.981148356572,7.98686785714312e-05,0.0486139168330434,-1.3883826419290095,-0.3487654114223344,2.339098679777877,-3.979836905804712e-08,0.9667989183786592
2442.0884265918285,7.75032193073715e-05,0.0477287780412369,-1.3784637421186827,-0.3637934958202761,2.3244197843616976,-4.0728057596364407e-08,0.9654432201642044
2353.6761859953403,8.036055467469658e-05,0.0480048971363181,-1.380449274395807,-0.3584663943680975,2.3244197843616976,-4.089350134431112e-08,0.9681877543651828
2474.261234814301,7.889724450611735e-05,0.0491930413104371,-1.3941003574678512,-0.3369194963319287,2.335708415916886,-3.9398881925331845e-08,0.9695627065339534
2421.893888749182,8.020360680008947e-05,0.0490321425456212,-1.3812502096069814,-0.3563229891637098,2.339098679777877,-4.035414870114064e-08,0.9713640323589394
2456.6400748882443,7.900816852484999e-05,0.0488356931223554,-1.3740240946792357,-0.3688291615647639,2.339098679777877,-4.080547244728192e-08,0.9688695123763528
2409.716335684061,8.100550369100583e-05,0.0494100155267924,-1.390836311971029,-0.3402882546583641,2.335708415916886,-3.980420491499316e-08,0.967184792992099
2435.3458948824555,7.945320772527097e-05,0.048776626996516,-1.376177583234542,-0.3638441923039718,2.339098679777877,-4.0514906270406896e-08,0.9653562863895304
2395.7106133811176,7.968211841735768e-05,0.0483749152775375,-1.380129663163453,-0.3547192008896412,2.356346372311432,-4.088637527525933e-08,0.964405980294436
2450.6837407741696,7.851874568984716e-05,0.0484009877564768,-1.3711419122397452,-0.3752472109849469,2.339098679777877,-4.08409935951194e-08,0.9668422525604478
2428.4696872401983,8.028032843377827e-05,0.0492592905760605,-1.3854878289519372,-0.345587204608043,2.339098679777877,-3.983106886894778e-08,0.9684824145344976
2409.939904322848,8.112399089003608e-05,0.0494755378866131,-1.3834009631283664,-0.3464332972115454,2.339098679777877,-4.010166816911688e-08,0.9667860908467016
2414.9264619406317,8.074749774119612e-05,0.0493259975221716,-1.3853922739591198,-0.3470132721699246,2.339098679777877,-4.0086401081930094e-08,0.9687701290511536
2335.2419447898865,8.353068913802744e-05,0.0496706731299814,-1.3888634738617347,-0.3399031437952871,2.339098679777877,-3.985461342129988e-08,0.966506255736871
2352.6809350717813,8.237680945899399e-05,0.0491738349168261,-1.3765997924408229,-0.3613267366031217,2.339098679777877,-4.077363135634559e-08,0.9642815163928372
2377.276589922607,8.031378080861712e-05,0.0484042315516972,-1.379530472124603,-0.359029293642825,2.3244197843616976,-4.118107282467332e-08,0.9619615808075864
2283.139696672559,8.264406132516576e-05,0.048034292104155,-1.3691467098985843,-0.3757087584238505,2.327433275484765,-4.193483173278188e-08,0.960233731675225
2390.6721715759486,8.002931969236612e-05,0.0484820517143286,-1.3817827405517529,-0.3538238585872862,2.3593598634344994,-4.0949336278213775e-08,0.9596062339667304
2427.800669884309,7.788578164107935e-05,0.0476873813032244,-1.365412515191096,-0.3818709795478957,2.327433275484765,-4.1637824944548795e-08,0.962513548326834
2411.9262530840933,7.97420629579798e-05,0.0486982073607614,-1.3790550503576144,-0.3561745962180803,2.3593598634344994,-4.111352679657385e-08,0.9619949628441692
2407.8685908429325,7.972127733398445e-05,0.0485899485512175,-1.3776499352503009,-0.3592506476362083,2.327433275484765,-4.125506180084554e-08,0.9630204306670758
2382.292008748278,8.038320186904075e-05,0.0485211685247034,-1.3749548767795414,-0.3640445846155505,2.327433275484765,-4.152762250929344e-08,0.958964740016592
2377.011627789587,8.049914045548674e-05,0.0484987575481338,-1.3775234133428251,-0.3602323032966863,2.327433275484765,-4.1315710460857985e-08,0.9574334527530802
2392.1052551828325,7.972314065332031e-05,0.0482564018129781,-1.3714334011733071,-0.3716319977483592,2.327433275484765,-4.1680941029543456e-08,0.955991678293086
2412.515621921048,7.884419345577346e-05,0.0480004091458733,-1.36436047863014,-0.3838347910603292,2.327433275484765,-4.205786835706469e-08,0.9548656142038704
2405.926603440196,7.612332028372744e-05,0.0463559184891955,-1.3589681907832365,-0.3883746161763237,2.119937215390797,-4.2802997027350494e-08,0.954078890964026
2358.1078211292624,8.050974432438492e-05,0.0480751079189018,-1.3613274836547236,-0.3868095536808566,2.327433275484765,-4.246942298998905e-08,0.958597001971586
2214.136012399569,9.038972441906994e-05,0.052225018542089,-1.4137527634876874,-0.2881964556914568,2.389149710698661,-3.4370890168167124e-08,0.9648766540435812
2257.523416435346,8.76757586258854e-05,0.0510742061379528,-1.4060448729439088,-0.3073085227942289,2.3812466588788386,-3.7295063121236396e-08,0.9623152254110492
2275.1969128362834,8.633776775484205e-05,0.0505508602093836,-1.4053385024720495,-0.3074216813247351,2.3671116171789195,-3.848805728663742e-08,0.9604672097140928
2336.116713458672,8.270826527961056e-05,0.0490727121794222,-1.3770939658093506,-0.3621208157966155,2.339098679777877,-4.0825003274518006e-08,0.9562213270832756
2257.744839554653,8.563047887819027e-05,0.0497767857745135,-1.4021360970624004,-0.3114918579132396,2.352899604052757,-3.9510825572822094e-08,0.9598626072382124
2250.588500926271,8.71807580856851e-05,0.0505422066154351,-1.3998225449964878,-0.3196289691395675,2.3671116171789195,-3.9132766189858076e-08,0.960750683468107
2222.524603249505,8.819667900987836e-05,0.050706255574289,-1.4027823148006366,-0.3119930132631198,2.3671116171789195,-3.8367666275487126e-08,0.9611250130638428
2223.2641681153327,8.791342080995915e-05,0.0503994804727601,-1.394645970880708,-0.3309912807317657,2.36711161717892,-3.9605431877790253e-08,0.9581862104292584
2342.932461682707,8.510002695243889e-05,0.0507523892205727,-1.3899517217606787,-0.3426757545108786,2.3503499608629665,-3.977508850671265e-08,0.9558660604026892
2413.9148131906986,8.194922825884005e-05,0.0501109784859832,-1.3903269147755242,-0.3402972002037102,2.335708415916886,-4.04198310751437e-08,0.9541283030327232
2389.8362356033176,8.20339757515642e-05,0.0496342425912063,-1.3796123705287977,-0.3596961966706489,2.339098679777877,-4.1174362516477974e-08,0.9523302747802554
2205.120356222614,8.590092569851787e-05,0.0487822623253074,-1.3868154184524413,-0.3412003127604871,2.1284651652834383,-4.17887573800276e-08,0.9481284158842924
2368.368641600013,8.177134068740172e-05,0.0492092727974764,-1.384675617432965,-0.3490596952200412,2.356346372311432,-4.1402064628767396e-08,0.9493942816470344
2389.0417111068964,8.045008348852865e-05,0.0486024251018114,-1.367326063523329,-0.3781325122277484,2.327433275484765,-4.2395017769341145e-08,0.9495896554737692
2417.354437042028,8.01627397415064e-05,0.0490157652377014,-1.376644178561962,-0.364938877772925,2.3244197843616976,-4.189601799084197e-08,0.9509642055945288
2210.1838667634875,8.605139480224053e-05,0.0490303616829888,-1.386451777910641,-0.3418616498822256,2.1284651652834383,-4.198465127877775e-08,0.947667580673231
2504.8654503524303,5.419295031843016e-05,0.0354779946425504,-1.1913957819950012,-0.5793805462815524,1.993886685743992,-4.135288152676804e-08,0.949959875844446
2204.8076266497374,8.785754147072174e-05,0.0501156174002427,-1.3912687240285102,-0.3325786669696071,2.36711161717892,-3.92648869313012e-08,0.953046022999432
2339.6176478322595,8.529431782689367e-05,0.0509235979774537,-1.392974130860868,-0.336852219744803,2.3503499608629665,-3.9573413369002256e-08,0.9531444081168772
2414.214100725949,8.326009975280633e-05,0.0509625129344651,-1.3967426233500138,-0.333156730737016,2.3503499608629665,-3.9569085369830175e-08,0.9517400605531512
2381.3981114029884,8.317965269899954e-05,0.0503906516972432,-1.396056964447721,-0.331456319561689,2.36711161717892,-4.0188250256015294e-08,0.9505460056202208
2293.602958843112,8.516291094815874e-05,0.049888397625883,-1.3879413068434223,-0.3519967325917023,2.339098679777877,-4.09371235832312e-08,0.9498827215726272
2407.336685208604,8.083192000675865e-05,0.049352149622289,-1.3868345998012466,-0.3487229163710658,2.356346372311432,-4.1450800512511586e-08,0.9489565448481062
2414.5940990634263,8.025894975539125e-05,0.0490557864946852,-1.3798133808929856,-0.3615364295357532,2.3244197843616976,-4.18643773215549e-08,0.9491635986714636
2295.383624808863,8.399711966383214e-05,0.0492353476471857,-1.383279485002075,-0.3549612783001694,2.3244197843616976,-4.1822116569731836e-08,0.9511219039978352
2391.4161631800234,8.230043037762448e-05,0.0498497321662819,-1.3804680226978223,-0.3610970932418487,2.339098679777877,-4.1470595146595385e-08,0.9517534652248788
2363.169137964025,8.361317796746532e-05,0.0502158467362095,-1.385970384837646,-0.3507763224652866,2.339098679777877,-4.112508109947905e-08,0.9539322948017976
2409.98145667091,8.256849849681521e-05,0.0503686624717839,-1.3854861107317995,-0.3518972952075374,2.339098679777877,-4.1352513727522495e-08,0.9511750027490262
2419.52943440713,8.144373188727302e-05,0.0497232515830925,-1.369754455986117,-0.3745122940494478,2.339098679777877,-4.2035749960762926e-08,0.9510064889913664
2204.987216839567,8.689196564225673e-05,0.0494896887217543,-1.392344272400313,-0.328702406898152,2.1284651652834383,-4.1444127780851214e-08,0.9486983512919178
2372.6882545910776,8.136942427699184e-05,0.0488744432098075,-1.3640899969423752,-0.3857620648322748,2.327433275484765,-4.326639866270427e-08,0.9456889468654072
2418.5951854307204,8.070876121249092e-05,0.0493445432019829,-1.3711683279993665,-0.3704398513440965,2.327433275484765,-4.248520235714772e-08,0.946604108748414
2344.551424628124,8.263123068439182e-05,0.049187722786767,-1.3706208571545608,-0.3747202963798688,2.327433275484765,-4.2859387581747225e-08,0.9482253700404706
2349.5820042360574,8.249181930170999e-05,0.0491259042367934,-1.3669554362156084,-0.3834044165439987,2.327433275484765,-4.3361857314376244e-08,0.948219832004806
2343.8017948213965,8.278812556492123e-05,0.0492334656352668,-1.3671055270560786,-0.3813876754475622,2.327433275484765,-4.3339367351160547e-08,0.9452131539115524
