ChargingTime,VoltageSlope,VoltageStd,VoltageKurtosis,VoltageSkewness,VoltageEntropy,VoltageCurvature,Capacity
3432.728,1.4308858697292223e-05,0.014517730280865733,-0.4046443173375187,0.16416055996896747,4.8471466296870185,8.682133612289263e-10,1.064
3432.727999999999,1.4308858697294293e-05,0.014517730280865733,-0.4046443173375187,0.16416055996896747,4.8471466296870185,8.682133612287684e-10,1.064
3482.7599999999948,1.3888387945177454e-05,0.014362427952567229,-0.2558976172388041,0.04368177159667488,4.827267667577964,4.005792622401803e-10,1.065
3482.7599999999948,1.3888387945177454e-05,0.014362427952567229,-0.2558976172388041,0.04368177159667488,4.827267667577964,4.005792622401803e-10,1.065
3239.997000000003,1.3122602599976541e-05,0.013292596499296969,-0.14754957005652036,0.35874413935288035,0.9666186325481028,1.6212835169636336e-09,1.058
3240.002999999997,1.3184180106951877e-05,0.013365190117551906,-0.1672647211965259,0.3965504151690905,0.9666186325481028,1.8135189164274685e-09,1.058
3239.998999999996,1.3058750910978945e-05,0.013222755758209803,-0.17840241163831427,0.3826806584698117,0.9666186325481028,1.7528424153130155e-09,1.058
3239.998999999996,1.3083833699069012e-05,0.013272231025796555,-0.11984154160466032,0.36779103130923924,0.9852281360342515,1.7214186617394625e-09,1.057
3240.002999999997,1.306102186130431e-05,0.013265053343716362,-0.08285691596236289,0.4015838622360131,0.9852281360342515,1.8105897107916828e-09,1.057
3240.001999999993,1.2999459313215477e-05,0.013186493009272729,-0.13419796140487206,0.3765317809943247,0.9852281360342515,1.7250775143002476e-09,1.057
3240.004000000001,1.2988045565941731e-05,0.013183433166399057,-0.12641654739842823,0.3854819827345083,0.9666186325481028,1.7682008414943623e-09,1.057
3240.0020000000077,1.2949280860550834e-05,0.013145502379301942,-0.10198607701281981,0.39419295521858166,0.9666186325481028,1.76746607147315e-09,1.056
3240.0,1.3058755039427235e-05,0.013250736227923733,-0.11311671053511363,0.3655712722824766,0.9666186325481028,1.651976696142795e-09,1.056
3239.9980000000214,1.3081557986405228e-05,0.013271284192834692,-0.1186214267209631,0.3761577908825471,0.9666186325481028,1.685605117583553e-09,1.056
3240.0010000000184,1.3038217757391228e-05,0.013233905069413295,-0.09150222152826126,0.3788577870949132,0.9666186325481028,1.6673210664357697e-09,1.056
3239.997000000003,1.3038226907036705e-05,0.013233905069413295,-0.09150222152826126,0.3788577870949132,0.9666186325481028,1.6673228729299853e-09,1.056
3239.9989999999816,1.3004017832258329e-05,0.01321034547289461,-0.06690887746773821,0.38596239150395023,0.9666186325481028,1.6739023660194445e-09,1.056
3240.002999999997,1.3031370335222291e-05,0.013238552007650185,-0.08353920719532715,0.39824516654565306,0.9666186325481028,1.7557634322574563e-09,1.055
3239.9979999999923,1.2992610337038476e-05,0.013198274297969539,-0.10137663488245297,0.4102102345752894,0.9666186325481028,1.810595151033656e-09,1.055
3239.9989999999816,1.2860336281574934e-05,0.013083927294170964,-0.05703539397374824,0.42027760967824435,0.9666186325481028,1.858833839291573e-09,1.055
3240.0009999999893,1.2860336576210808e-05,0.013083927294170964,-0.05703539397374824,0.42027760967824435,0.9666186325481028,1.8588374365111523e-09,1.055
3240.0,1.2908222558942847e-05,0.01312112880677648,-0.07487360827922895,0.41630286444289183,0.9666186325481028,1.8259420638895419e-09,1.055
3240.0009999999893,1.2933315131474877e-05,0.013141225168978633,-0.08743130700909774,0.4204816969491967,0.9666186325481028,1.8515318572518605e-09,1.055
3239.9979999999923,1.2871740196427695e-05,0.013062325161483977,-0.14057179506854967,0.3952060101052026,0.9852281360342515,1.7660050458708087e-09,1.054
3240.0039999999863,1.292647576420748e-05,0.01313322052969035,-0.1023532071535116,0.37319913584814585,0.9852281360342515,1.7265307869113742e-09,1.054
3240.0,1.29013851453021e-05,0.01311906202286531,-0.08426810612139546,0.38187466777379897,0.9852281360342515,1.7521209604652038e-09,1.054
3239.9990000000107,1.290138526195486e-05,0.01311906202286531,-0.08426810612139546,0.38187466777379897,0.9852281360342515,1.7521203243083679e-09,1.054
3240.003999999957,1.2889986481096823e-05,0.013116087298876311,-0.07641688245209188,0.3908704532631462,0.9666186325481028,1.7952372781423471e-09,1.054
3240.0019999999786,1.2871743605311345e-05,0.013090042259259704,-0.0687020251365138,0.39192786925379436,0.9666186325481028,1.7791642154870673e-09,1.054
3239.9980000000214,1.2871732948604964e-05,0.013090042259259704,-0.0687020251365138,0.39192786925379436,0.9666186325481028,1.7791649061704847e-09,1.054
3239.997999999963,1.2871742816279582e-05,0.013090042259259704,-0.0687020251365138,0.39192786925379436,0.9666186325481028,1.7791696301390757e-09,1.054
3240.0019999999786,1.28717313183111e-05,0.013090042259259704,-0.0687020251365138,0.39192786925379436,0.9666186325481028,1.7791660115714144e-09,1.053
3239.996999999974,1.287173421337842e-05,0.013090042259259704,-0.0687020251365138,0.39192786925379436,0.9666186325481028,1.7791719348308161e-09,1.053
3239.9990000000107,1.2899105786327082e-05,0.013114473607027345,-0.0753269378717456,0.40083234969976894,0.9666186325481028,1.799628535615828e-09,1.053
3240.002999999968,1.2915069584469997e-05,0.013120675150392041,-0.08647320436391981,0.3917342796995603,0.9666186325481028,1.7608846338844842e-09,1.053
3240.0009999999893,1.2899099794526937e-05,0.013114473607027345,-0.0753269378717456,0.40083234969976894,0.9666186325481028,1.7996277039708123e-09,1.053
3239.996999999974,1.2821565197236902e-05,0.013053613499595598,-0.021614930964366064,0.41111117099644523,0.9666186325481028,1.7879458615604441e-09,1.052
3239.9980000000214,1.282156082171972e-05,0.013053613499595598,-0.021614930964366064,0.41111117099644523,0.9666186325481028,1.7879275460586137e-09,1.053
3239.996999999974,1.2821572447862575e-05,0.013053613499595598,-0.021614930964366064,0.41111117099644523,0.9666186325481028,1.7879479546570388e-09,1.053
3239.996999999974,1.282156395854916e-05,0.013053613499595598,-0.021614930964366064,0.41111117099644523,0.9666186325481028,1.7879373797205416e-09,1.052
3240.0009999999893,1.285578063937645e-05,0.01307826461312831,-0.037364274961217525,0.4135468943788446,0.9666186325481028,1.7945152382889374e-09,1.052
3240.0,1.2965242407821487e-05,0.013183433166398981,-0.05017227052253048,0.38436719492041516,0.9666186325481028,1.6790290697688892e-09,1.052
3240.0,1.2876300349351753e-05,0.013126168378330926,0.014070670189617385,0.40729227014562425,0.9666186325481028,1.723610714545164e-09,1.052
3240.0019999999786,1.289682863398327e-05,0.013135989981886831,-0.0008302606675076873,0.39824657570150157,0.9666186325481028,1.6907195282110887e-09,1.052
3240.0019999999786,1.2926473582552292e-05,0.01315415318565754,-0.02265967326885665,0.39002861462865474,0.9666186325481028,1.6739096611601289e-09,1.052
3239.997999999963,1.289682681537632e-05,0.013135989981886831,-0.0008302606675076873,0.39824657570150157,0.9666186325481028,1.6907209901361612e-09,1.052
3239.997999999963,1.287629622503535e-05,0.013126168378330926,0.014070670189617385,0.40729227014562425,0.9666186325481028,1.7236102785846373e-09,1.052
3239.9990000000107,1.2915065990792545e-05,0.013152896154409325,-0.002896618826427666,0.4088365883432306,0.9666186325481028,1.7184973521077581e-09,1.052
3239.9990000000107,1.2858052570097636e-05,0.01308074233771993,-0.028525423710867415,0.3895948707614638,0.9666186325481028,1.6519773411712663e-09,1.051
3240.0050000000047,1.280559923485002e-05,0.013019470563606361,-0.025205327456409243,0.37874910062107037,0.9666186325481028,1.6029966310962304e-09,1.051
3240.0009999999893,1.2876299340247481e-05,0.013126168378330926,0.014070670189617385,0.40729227014562425,0.9666186325481028,1.7236107967901983e-09,1.051
3240.0010000000475,1.2876305137263217e-05,0.013126168378330926,0.014070670189617385,0.40729227014562425,0.9666186325481028,1.723616216772156e-09,1.051
3239.996999999974,1.2805600514588943e-05,0.013019470563606361,-0.025205327456409243,0.37874910062107037,0.9666186325481028,1.6030035265773902e-09,1.051
3240.000999999931,1.2812436173934522e-05,0.013029068031007148,-0.02992274000545736,0.3861414092882702,0.9666186325481028,1.649058257657901e-09,1.051
3239.996999999974,1.2816998557498023e-05,0.013031910367658555,-0.032541453782965135,0.3854717307188805,0.9666186325481028,1.6461316246732418e-09,1.051
3239.9980000000214,1.2823838791544313e-05,0.013041397253670367,-0.03704316635655802,0.39286619977383225,0.9666186325481028,1.692184891649644e-09,1.051
3240.0010000000475,1.2812437853848084e-05,0.013029068031007148,-0.02992274000545736,0.3861414092882702,0.9666186325481028,1.6490509680777993e-09,1.051
3239.9989999999525,1.282384337207397e-05,0.013041397253670367,-0.03704316635655802,0.39286619977383225,0.9666186325481028,1.6921779322764773e-09,1.051
3240.0019999999786,1.2826122160073985e-05,0.013047937662660564,-0.03859200270421459,0.40082408934499425,0.9666186325481028,1.7396900491503766e-09,1.05
3240.0019999999786,1.2842086779436386e-05,0.01306288210499075,-0.04773495003968353,0.40677875362088495,0.9666186325481028,1.7784338620178571e-09,1.05
3240.0,1.2839808154193877e-05,0.013066375118224541,-0.04605621592812481,0.41519500530510534,0.9666186325481028,1.825943603475985e-09,1.05
3240.003000000026,1.2839810244266497e-05,0.013066375118224541,-0.04605621592812481,0.41519500530510534,0.9666186325481028,1.825945573972469e-09,1.05
3240.0,1.2842092688330716e-05,0.01306288210499075,-0.04773495003968353,0.40677875362088495,0.9666186325481028,1.7784338982964553e-09,1.05
3239.9989999999525,1.2842099562259187e-05,0.01306288210499075,-0.04773495003968353,0.40677875362088495,0.9666186325481028,1.778431250367272e-09,1.05
3240.0010000000475,1.2860333776461647e-05,0.013083927294170976,-0.05703539397376023,0.42027760967823496,0.9666186325481028,1.8588395684605554e-09,1.05
3240.0019999999786,1.2860335912035845e-05,0.013083927294170976,-0.05703539397376023,0.42027760967823496,0.9666186325481028,1.8588421958232225e-09,1.05
3240.0,1.2791921155146435e-05,0.01300523907455155,-0.10555862167051444,0.40358004744220627,0.9666186325481028,1.8193690974635311e-09,1.05
3239.999000000069,1.2766836602284554e-05,0.012991246544211448,-0.08705937925228069,0.41245618820900004,0.9666186325481028,1.8449536035805622e-09,1.049
3240.003999999957,1.2773663442196882e-05,0.012990991995066124,-0.09200765516880827,0.4036033433078944,0.9666186325481028,1.7988974420060414e-09,1.049
3239.996999999974,1.2798756667910775e-05,0.013004883087786034,-0.11028850837586113,0.3947459183251999,0.9666186325481028,1.7733257317720512e-09,1.049
3240.0010000000475,1.2766827686377941e-05,0.012991246544211448,-0.08705937925228069,0.41245618820900004,0.9666186325481028,1.8449526737334998e-09,1.049
3239.9980000000214,1.2766840027493489e-05,0.012991246544211448,-0.08705937925228069,0.41245618820900004,0.9666186325481028,1.8449528994930316e-09,1.049
3240.0019999999786,1.2766824099390238e-05,0.012991246544211448,-0.08705937925228069,0.41245618820900004,0.9666186325481028,1.8449469933205513e-09,1.049
3240.0,1.276683264846673e-05,0.012991246544211448,-0.08705937925228069,0.41245618820900004,0.9666186325481028,1.8449527002645666e-09,1.049
3239.9980000000214,1.2744023662810308e-05,0.012962910052802042,-0.07743313310282174,0.4144707580303731,0.9666186325481028,1.837642068709585e-09,1.049
3240.0010000000475,1.2766833704895689e-05,0.012991246544211448,-0.08705937925228069,0.41245618820900004,0.9666186325481028,1.844948563882819e-09,1.049
3239.9980000000214,1.2791922652775736e-05,0.013011340190194575,-0.09971349751017211,0.4166953681975068,0.9666186325481028,1.8705338786460994e-09,1.048
3240.0,1.2791921682867169e-05,0.013011340190194575,-0.09971349751017211,0.4166953681975068,0.9666186325481028,1.870527422473336e-09,1.049
3240.0050000000047,1.2791918354016483e-05,0.01299994912484954,-0.09530123705982518,0.4106048285456753,0.9666186325481028,1.8047434871388786e-09,1.048
3239.9959999999264,1.2780522345441404e-05,0.012996947138487331,-0.08699380423861713,0.4197042546539812,0.9666186325481028,1.847878888011847e-09,1.048
3240.0,1.2732619747768408e-05,0.012960001551374885,-0.06913008640403806,0.4235934741579165,0.9666186325481028,1.88077283268424e-09,1.048
3240.0010000000475,1.2744030350633152e-05,0.012962910052802042,-0.07743313310282174,0.4144707580303731,0.9666186325481028,1.8376354591306438e-09,1.048
3239.999000000069,1.2791911775300451e-05,0.01299994912484954,-0.09530123705982518,0.4106048285456753,0.9666186325481028,1.8047555145703325e-09,1.048
3240.0,1.278051713436024e-05,0.012996947138487331,-0.08699380423861713,0.4197042546539812,0.9666186325481028,1.847875172442036e-09,1.048
3239.996000000043,1.2780511646296151e-05,0.012996947138487331,-0.08699380423861713,0.4197042546539812,0.9666186325481028,1.8478798961859742e-09,1.048
3240.0029999999097,1.2780516139865032e-05,0.012996947138487331,-0.08699380423861713,0.4197042546539812,0.9666186325481028,1.8478696938041658e-09,1.048
3240.000999999931,1.2780520787834933e-05,0.012996947138487331,-0.08699380423861713,0.4197042546539812,0.9666186325481028,1.847874311175773e-09,1.048
3239.9970000000903,1.2780519803253812e-05,0.012996947138487331,-0.08699380423861713,0.4197042546539812,0.9666186325481028,1.8478790117685038e-09,1.048
3239.9980000000214,1.278051805977336e-05,0.012996947138487331,-0.08699380423861713,0.4197042546539812,0.9666186325481028,1.8478789753677152e-09,1.048
3239.996999999974,1.2780516807133556e-05,0.012996947138487331,-0.08699380423861713,0.4197042546539812,0.9666186325481028,1.8478758012448925e-09,1.047
3240.0,1.278051553632444e-05,0.012996947138487331,-0.08699380423861713,0.4197042546539812,0.9666186325481028,1.8478696762322748e-09,1.047
3239.996000000043,1.2780525356593767e-05,0.012996947138487331,-0.08699380423861713,0.4197042546539812,0.9666186325481028,1.847879344704018e-09,1.047
3239.997999999905,1.2842099347279479e-05,0.013067741695330218,-0.054218545933083284,0.38842284763152113,0.9666186325481028,1.7623531950631675e-09,1.047
3240.0019999999786,1.2764550171598646e-05,0.01300727309773853,-0.0003354569870701596,0.3986830423265318,0.9666186325481028,1.7506523983686434e-09,1.047
3239.999000000069,1.2737183160382318e-05,0.012959593288412155,-0.05836626565784675,0.42284954870220276,0.9666186325481028,1.829608048114552e-09,1.047
3240.0040000000736,1.274630649261081e-05,0.012973874847994631,-0.061663713382155816,0.4272667535567664,0.9666186325481028,1.8544491423295148e-09,1.047
3239.999000000069,1.2842088964534748e-05,0.013067741695330218,-0.054218545933083284,0.38842284763152113,0.9666186325481028,1.7623572712456851e-09,1.047
3240.0,1.2798755942356812e-05,0.013030489276832615,-0.025755767147831232,0.391322923553776,0.9666186325481028,1.7440792634786186e-09,1.047
3239.999000000069,1.280788413439217e-05,0.013044693218470878,-0.029207077520676084,0.39578320282188434,0.9666186325481028,1.7689334697261728e-09,1.047
3239.9949999999953,1.2794203061757255e-05,0.013029474117062238,-0.015062655521891788,0.40219045123255176,0.9666186325481028,1.7674662641746887e-09,1.046
3240.000999999931,1.2794197288651812e-05,0.013029474117062238,-0.015062655521891788,0.40219045123255176,0.9666186325481028,1.7674787721627813e-09,1.046
3240.0,1.276455445060462e-05,0.01300727309773853,-0.0003354569870701596,0.3986830423265318,0.9666186325481028,1.7506629033198566e-09,1.046
3239.9980000000214,1.2842092106612195e-05,0.013067741695330218,-0.054218545933083284,0.38842284763152113,0.9666186325481028,1.7623508913504853e-09,1.046
3240.0,1.2794186943491332e-05,0.013029474117062238,-0.015062655521891788,0.40219045123255176,0.9666186325481028,1.7674707880372703e-09,1.046
3239.9980000000214,1.2794198026823875e-05,0.013029474117062238,-0.015062655521891788,0.40219045123255176,0.9666186325481028,1.7674668092706533e-09,1.046
3240.0010000000475,1.2764552407562593e-05,0.01300727309773853,-0.0003354569870701596,0.3986830423265318,0.9666186325481028,1.750660988206698e-09,1.046
3240.0,1.2794209331519712e-05,0.013029474117062238,-0.015062655521891788,0.40219045123255176,0.9666186325481028,1.7674719877662886e-09,1.046
3240.003000000026,1.2794199971027906e-05,0.013029474117062238,-0.015062655521891788,0.40219045123255176,0.9666186325481028,1.767470436968735e-09,1.046
3239.9989999999525,1.2748583547038962e-05,0.013001017461201029,0.011216071695519414,0.40787091054717256,0.9666186325481028,1.7894002747978992e-09,1.046
3239.998999999836,1.2764552377252274e-05,0.01300727309773853,-0.0003354569870701596,0.3986830423265318,0.9666186325481028,1.7506531211595184e-09,1.046
3239.996999999974,1.2842097192553103e-05,0.013067741695330218,-0.054218545933083284,0.38842284763152113,0.9666186325481028,1.7623589298220417e-09,1.045
3239.999000000069,1.2746305387992727e-05,0.012973874847994631,-0.061663713382155816,0.4272667535567664,0.9666186325481028,1.8544560385971569e-09,1.045
3240.000999999931,1.2780510050461796e-05,0.012996947138487331,-0.08699380423861713,0.4197042546539812,0.9666186325481028,1.8478732215429016e-09,1.045
3240.0,1.2780516247728234e-05,0.012996947138487331,-0.08699380423861713,0.4197042546539812,0.9666186325481028,1.8478724645598825e-09,1.045
3239.997999999905,1.2807876231297153e-05,0.013044693218470878,-0.029207077520676084,0.39578320282188434,0.9666186325481028,1.7689312213120196e-09,1.045
3240.000999999931,1.2764549857711048e-05,0.01300727309773853,-0.0003354569870701596,0.3986830423265318,0.9666186325481028,1.7506641428106198e-09,1.045
3239.997999999905,1.2780517211779549e-05,0.012996947138487331,-0.08699380423861713,0.4197042546539812,0.9666186325481028,1.8478714152515745e-09,1.045
3239.999000000069,1.2780513847100376e-05,0.012996947138487331,-0.08699380423861713,0.4197042546539812,0.9666186325481028,1.8478766142140047e-09,1.045
3240.0,1.2780514486596441e-05,0.012996947138487331,-0.08699380423861713,0.4197042546539812,0.9666186325481028,1.8478786636232654e-09,1.045
3240.0,1.2780514312333539e-05,0.012996947138487331,-0.08699380423861713,0.4197042546539812,0.9666186325481028,1.8478773142785781e-09,1.045
3240.0,1.2780516326611452e-05,0.012996947138487331,-0.08699380423861713,0.4197042546539812,0.9666186325481028,1.8478682153406427e-09,1.045
3240.0,1.274630414951976e-05,0.012973874847994631,-0.061663713382155816,0.4272667535567664,0.9666186325481028,1.8544537448043242e-09,1.045
3240.000999999931,1.2746307544413868e-05,0.012973874847994631,-0.061663713382155816,0.4272667535567664,0.9666186325481028,1.8544518344209524e-09,1.044
3119.996999999974,1.2357555219217384e-05,0.012121653061132857,0.05976647786012279,0.2900750219097947,0.9751190649408661,1.3072515049461743e-09,1.044
3120.0,1.2265973815124002e-05,0.012047389806078328,0.12053898614329617,0.2952136454713762,0.9751190649408661,1.2698279987665837e-09,1.044
3120.000999999931,1.2230364559090879e-05,0.01199299415625255,0.06111983041314417,0.33681992976171554,0.9751190649408661,1.3864913202965593e-09,1.044
3119.997999999905,1.231684820438573e-05,0.01209259150185633,0.09019633344505706,0.29621520483444447,0.9751190649408661,1.3043329006085072e-09,1.044
3120.0,1.2250714829842979e-05,0.0120164891460031,0.04816780852983049,0.3326936734986285,0.9751190649408661,1.3993517333232926e-09,1.044
3120.003999999957,1.22659731128907e-05,0.012047389806078328,0.12053898614329617,0.2952136454713762,0.9751190649408661,1.269827753054822e-09,1.044
3119.996999999974,1.2276155360375744e-05,0.012058617516542067,0.11871365516192878,0.3102689182675734,0.9751190649408661,1.3306460345257471e-09,1.044
3119.998999999836,1.2296500849486785e-05,0.012069008603069576,0.10263757969671516,0.3002928425576972,0.9751190649408661,1.2914722369284444e-09,1.044
3119.996000000043,1.2210007187359896e-05,0.011982656032117608,0.07762624785092775,0.3469575446752414,0.9751190649408661,1.42567912368458e-09,1.044
3119.997999999905,1.2276151425376597e-05,0.012058617516542067,0.11871365516192878,0.3102689182675734,0.9751190649408661,1.330649120469514e-09,1.044
3120.002000000095,1.2296501715411675e-05,0.012069008603069576,0.10263757969671516,0.3002928425576972,0.9751190649408661,1.2914643070610018e-09,1.044
3119.996000000043,1.235755388718261e-05,0.012121653061132857,0.05976647786012279,0.2900750219097947,0.9751190649408661,1.3072558444350738e-09,1.043
3119.99599999981,1.219984133447652e-05,0.011971119091701132,0.07849601053832789,0.3320067842595749,0.9751190649408661,1.364859597337972e-09,1.043
3119.999000000069,1.219983601230696e-05,0.011971119091701132,0.07849601053832789,0.3320067842595749,0.9751190649408661,1.3648518812953725e-09,1.043
3119.998000000138,1.2230364716597824e-05,0.012000474824414032,0.053889613877169396,0.34078404140218344,0.9751190649408661,1.4554936821325845e-09,1.043
3119.996000000043,1.2148962231619788e-05,0.011932979988083889,0.10212295822168693,0.3354195326510125,0.9751190649408661,1.3993559321790507e-09,1.043
3120.000999999931,1.226597150241712e-05,0.012047389806078328,0.12053898614329617,0.2952136454713762,0.9751190649408661,1.2698268843615467e-09,1.043
3120.000999999931,1.227615305783832e-05,0.012058617516542067,0.11871365516192878,0.3102689182675734,0.9751190649408661,1.330643580953451e-09,1.043
3120.00400000019,1.2276146938552594e-05,0.012058617516542067,0.11871365516192878,0.3102689182675734,0.9751190649408661,1.3306405102161916e-09,1.043
3120.0,1.2276145219940442e-05,0.012058617516542067,0.11871365516192878,0.3102689182675734,0.9751190649408661,1.33065217677416e-09,1.043
3120.002000000095,1.2276149632372625e-05,0.012058617516542067,0.11871365516192878,0.3102689182675734,0.9751190649408661,1.3306424694773862e-09,1.043
3119.999000000069,1.2276155628886569e-05,0.012058617516542067,0.11871365516192878,0.3102689182675734,0.9751190649408661,1.3306464720781614e-09,1.043
3120.0,1.2276146237594424e-05,0.012058617516542067,0.11871365516192878,0.3102689182675734,0.9751190649408661,1.3306466230935744e-09,1.043
3119.996999999974,1.2230361923076527e-05,0.012022533449373695,0.15201309871412905,0.3139255668755802,0.9751190649408661,1.312818253805509e-09,1.042
3119.996999999974,1.2230364195193256e-05,0.012022533449373695,0.15201309871412905,0.3139255668755802,0.9751190649408661,1.3128139727634698e-09,1.042
3239.996000000043,1.2762271495637269e-05,0.013023381496695276,0.22084706833975343,0.04740559290660419,1.0,3.5524512161374326e-10,1.042
3240.003000000026,1.276226633887288e-05,0.013023381496695276,0.22084706833975343,0.04740559290660419,1.0,3.552473045699571e-10,1.042
3239.996999999974,1.2728057575455712e-05,0.012999542116478345,0.2440399333480885,0.05273412345422839,1.0,3.6183206904206447e-10,1.042
3239.997999999905,1.2728059996156957e-05,0.012999542116478345,0.2440399333480885,0.05273412345422839,1.0,3.6182646009328155e-10,1.042
3239.997999999905,1.2728058134109254e-05,0.012999542116478345,0.2440399333480885,0.05273412345422839,1.0,3.618221653963809e-10,1.042
3239.996999999974,1.2728059050726047e-05,0.012999542116478345,0.2440399333480885,0.05273412345422839,1.0,3.618313724908666e-10,1.042
3239.997999999905,1.272806084778876e-05,0.012999542116478345,0.2440399333480885,0.05273412345422839,1.0,3.618264950856441e-10,1.042
3239.998000000138,1.2728061349684079e-05,0.012999542116478345,0.2440399333480885,0.05273412345422839,1.0,3.6183312726125004e-10,1.042
3239.999000000069,1.2728067078785025e-05,0.012999542116478345,0.2440399333480885,0.05273412345422839,1.0,3.6182597771966784e-10,1.042
3240.000999999931,1.2728061095767008e-05,0.012999542116478345,0.2440399333480885,0.05273412345422839,1.0,3.618248118557899e-10,1.042
3240.002000000095,1.2728054496769404e-05,0.012999542116478345,0.2440399333480885,0.05273412345422839,1.0,3.6183153027127985e-10,1.042
3240.0,1.2728064109468382e-05,0.012999542116478345,0.2440399333480885,0.05273412345422839,1.0,3.618308873045266e-10,1.042
3239.997999999905,1.2728059339755744e-05,0.012999542116478345,0.2440399333480885,0.05273412345422839,1.0,3.618242085843002e-10,1.041
3239.996999999974,1.2702979521068638e-05,0.012984117281790882,0.2609002531653992,0.06021455148798807,1.0,3.874100001018671e-10,1.041
3240.0,1.2702975853490688e-05,0.012984117281790882,0.2609002531653992,0.06021455148798807,1.0,3.8740346782563807e-10,1.041
3240.0,1.27280575519743e-05,0.012999542116478345,0.2440399333480885,0.05273412345422839,1.0,3.618285992648605e-10,1.041
3240.0,1.2702973833278164e-05,0.012984117281790882,0.2609002531653992,0.06021455148798807,1.0,3.874137627644697e-10,1.041
3239.997999999905,1.273262232784802e-05,0.013002797826727535,0.24274916947635505,0.06647426694042266,1.0,4.042200775640623e-10,1.041
3240.0,1.270297291700409e-05,0.012984117281790882,0.2609002531653992,0.06021455148798807,1.0,3.8740162377933306e-10,1.041
3240.000999999931,1.2732617365461575e-05,0.013002797826727535,0.24274916947635505,0.06647426694042266,1.0,4.042284874025268e-10,1.041
3239.999000000069,1.270297103174711e-05,0.012984117281790882,0.2609002531653992,0.06021455148798807,1.0,3.874116644666203e-10,1.041
3240.000999999931,1.2702971332468959e-05,0.012984117281790882,0.2609002531653992,0.06021455148798807,1.0,3.87406068725101e-10,1.041
3240.0,1.273262358643051e-05,0.013002797826727535,0.24274916947635505,0.06647426694042266,1.0,4.0422001656766204e-10,1.041
3239.998000000138,1.2702973028207296e-05,0.012984117281790882,0.2609002531653992,0.06021455148798807,1.0,3.874095207512394e-10,1.041
3240.001000000164,1.2732623301765356e-05,0.013002797826727535,0.24274916947635505,0.06647426694042266,1.0,4.042185381105872e-10,1.04
3240.003000000026,1.273261887584668e-05,0.013002797826727535,0.24274916947635505,0.06647426694042266,1.0,4.042172044305133e-10,1.04
3240.0,1.2771392717103529e-05,0.01302703741085066,0.22083211176880946,0.07101319094828276,1.0,3.9910719249678184e-10,1.04
3240.0,1.273262149016574e-05,0.013002797826727535,0.24274916947635505,0.06647426694042266,1.0,4.0422760329208673e-10,1.04
3239.997999999905,1.2771396401033829e-05,0.01302703741085066,0.22083211176880946,0.07101319094828276,1.0,3.9911166795362095e-10,1.04
3239.998000000138,1.277139249691037e-05,0.01302703741085066,0.22083211176880946,0.07101319094828276,1.0,3.9910125200321083e-10,1.04
3240.000999999931,1.277139142403874e-05,0.01302703741085066,0.22083211176880946,0.07101319094828276,1.0,3.990983751879827e-10,1.04
3240.000999999931,1.2771393766538275e-05,0.01302703741085066,0.22083211176880946,0.07101319094828276,1.0,3.9910498208226155e-10,1.04
3240.001000000164,1.2771382980420945e-05,0.01302703741085066,0.22083211176880946,0.07101319094828276,1.0,3.9910185895998914e-10,1.04
3239.998000000138,1.2709819541942583e-05,0.012948565322665794,0.17202976148353155,0.039537110152589185,1.0,3.135788420914209e-10,1.04
3240.0,1.2771391041020598e-05,0.01302703741085066,0.22083211176880946,0.07101319094828276,1.0,3.9910635533579286e-10,1.04
3240.002000000095,1.2732618396582877e-05,0.013002797826727535,0.24274916947635505,0.06647426694042266,1.0,4.0422365676273075e-10,1.04
3239.999000000069,1.2771388276339444e-05,0.01302703741085066,0.22083211176880946,0.07101319094828276,1.0,3.9909897597949024e-10,1.04
3239.997999999905,1.2823837635806151e-05,0.013079478251166983,0.20445703543528815,0.06067715577023172,1.0,3.5013400414514576e-10,1.04
3239.997999999905,1.2771393574735186e-05,0.01302703741085066,0.22083211176880946,0.07101319094828276,1.0,3.9910844777882805e-10,1.039
3240.0,1.2709817378206972e-05,0.012948565322665794,0.17202976148353155,0.039537110152589185,1.0,3.1358330664340036e-10,1.039
3239.997999999905,1.2709816159833215e-05,0.012948565322665794,0.17202976148353155,0.039537110152589185,1.0,3.1358387671791104e-10,1.039
3239.997999999905,1.2709819211638795e-05,0.012948565322665794,0.17202976148353155,0.039537110152589185,1.0,3.1358170175569963e-10,1.039
3240.001999999862,1.2771388256520777e-05,0.01302703741085066,0.22083211176880946,0.07101319094828276,1.0,3.9910969773807755e-10,1.039
3240.002000000095,1.2709813280930138e-05,0.012948565322665794,0.17202976148353155,0.039537110152589185,1.0,3.135821884316951e-10,1.039
3239.996000000043,1.276226907759745e-05,0.013001220943886196,0.15620569607956458,0.029365780093101135,1.0,2.6461011087393276e-10,1.039
3240.003000000026,1.276226764180337e-05,0.013001220943886196,0.15620569607956458,0.029365780093101135,1.0,2.64606161762582e-10,1.039
3240.0,1.2709820148991084e-05,0.012948565322665794,0.17202976148353155,0.039537110152589185,1.0,3.135844200290903e-10,1.039
3240.000999999931,1.2709822520132941e-05,0.012948565322665794,0.17202976148353155,0.039537110152589185,1.0,3.1357626814206947e-10,1.039
3240.000999999931,1.2762269718523643e-05,0.013001220943886196,0.15620569607956458,0.029365780093101135,1.0,2.6460728937322685e-10,1.039
3240.001000000164,1.2759989308901262e-05,0.0129938426606584,0.14361539188583317,0.04534829571856611,1.0,3.2820108676658496e-10,1.039
3239.999000000069,1.2709815151670595e-05,0.012948565322665794,0.17202976148353155,0.039537110152589185,1.0,3.1358973383494724e-10,1.039
3240.0,1.2817009822336144e-05,0.013048951386036014,0.1249351184423122,0.0351917271663145,1.0,2.7776439807906973e-10,1.039
3240.003000000026,1.2819279405945021e-05,0.013052752147510406,0.12139177305364113,0.043897298896542314,1.0,3.252780010132458e-10,1.038
3239.996999999974,1.2769116937932557e-05,0.013012966671259117,0.1452393829888896,0.055433005480908605,0.996316519558962,4.0568074812876103e-10,1.038
3239.998999999836,1.2769113336740469e-05,0.013012966671259117,0.1452393829888896,0.055433005480908605,0.996316519558962,4.056777121361841e-10,1.038
3240.0,1.2819283935380033e-05,0.013052752147510406,0.12139177305364113,0.043897298896542314,1.0,3.2527999906283284e-10,1.038
3240.000999999931,1.276910926228336e-05,0.013012966671259117,0.1452393829888896,0.055433005480908605,0.996316519558962,4.056878911293992e-10,1.038
3240.000999999931,1.2769112503383189e-05,0.013012966671259117,0.1452393829888896,0.055433005480908605,0.996316519558962,4.056841646340404e-10,1.038
3239.997999999905,1.2828409102169978e-05,0.013062882104990762,0.11214985523169574,0.06085476182478777,0.996316519558962,4.1591848182913735e-10,1.038
3239.999000000069,1.2828403001033396e-05,0.013062882104990762,0.11214985523169574,0.06085476182478777,0.996316519558962,4.1592348617726693e-10,1.038
3239.996999999974,1.277367877511559e-05,0.013020283321716807,0.13921303485435477,0.07243158022634388,0.996316519558962,4.948634576712228e-10,1.038
3239.999000000069,1.276911153416676e-05,0.013012966671259117,0.1452393829888896,0.055433005480908605,0.996316519558962,4.056871962375085e-10,1.038
3240.0,1.287857414141554e-05,0.013131961494704868,0.17004869126587652,0.08358230206396335,0.996316519558962,4.583113536230333e-10,1.038
3240.001000000164,1.2817007972081612e-05,0.013053613499595591,0.12108562228965436,0.05271787696640337,0.996316519558962,3.727914779111217e-10,1.038
3239.999000000069,1.2819290090576615e-05,0.013052752147510406,0.12139177305364113,0.043897298896542314,1.0,3.2527618240945525e-10,1.038
3239.996999999974,1.2817010045740128e-05,0.013053613499595591,0.12108562228965436,0.05271787696640337,0.996316519558962,3.727963195148858e-10,1.038
3239.997999999905,1.2817007100003819e-05,0.013053613499595591,0.12108562228965436,0.05271787696640337,0.996316519558962,3.727933147370414e-10,1.037
3240.0,1.2817003938513755e-05,0.013053613499595591,0.12108562228965436,0.05271787696640337,0.996316519558962,3.7279111804913696e-10,1.037
3239.996999999974,1.2769113794023535e-05,0.013012966671259117,0.1452393829888896,0.055433005480908605,0.996316519558962,4.0569070966111675e-10,1.037
3239.998000000138,1.2826126463217294e-05,0.013083573448408235,0.2008349016565547,0.06932025690408028,1.0,3.976464083868597e-10,1.037
3240.000999999931,1.2771385450349107e-05,0.013012000972647072,0.14563092872598027,0.0465879094498829,1.0,3.5817468303299707e-10,1.037
3239.998000000138,1.277139691904767e-05,0.013012000972647072,0.14563092872598027,0.0465879094498829,1.0,3.5817415582614443e-10,1.037
3239.996999999974,1.2782793699432201e-05,0.01302150236376444,0.13628596562737094,0.0547317931892813,1.0,4.012984954453101e-10,1.037
3240.002000000095,1.282840119966477e-05,0.013062882104990762,0.11214985523169574,0.06085476182478777,0.996316519558962,4.159191680196892e-10,1.037
3240.0,1.2780515628419317e-05,0.01302236578283722,0.13611090205874543,0.06357131253054243,0.996316519558962,4.4881451408900503e-10,1.037
3239.99599999981,1.2769119939882769e-05,0.013012966671259117,0.1452393829888896,0.055433005480908605,0.996316519558962,4.056833766438547e-10,1.037
3239.996999999974,1.2769110218689157e-05,0.013012966671259117,0.1452393829888896,0.055433005480908605,0.996316519558962,4.056894736749456e-10,1.037
3240.001000000164,1.2716659559808374e-05,0.012960664951260609,0.16097434903397279,0.06565794483811706,0.996316519558962,4.546591188798196e-10,1.037
3240.003000000026,1.2828401961993692e-05,0.013062882104990762,0.11214985523169574,0.06085476182478777,0.996316519558962,4.159164752839038e-10,1.037
3239.998000000138,1.2780516417366858e-05,0.01302236578283722,0.13611090205874543,0.06357131253054243,0.996316519558962,4.4880782481688026e-10,1.037
3240.0,1.2821565253219526e-05,0.013060704827152688,0.11529304628344539,0.069685023441626,0.996316519558962,4.619674027082591e-10,1.036
3239.998000000138,1.282156249932161e-05,0.013060704827152688,0.11529304628344539,0.069685023441626,0.996316519558962,4.619644087108596e-10,1.036
3239.998999999836,1.2773677587174321e-05,0.013020283321716807,0.13921303485435477,0.07243158022634388,0.996316519558962,4.948594734115385e-10,1.036
3240.003000000026,1.2764548709275812e-05,0.01299302824859479,0.1015046859178268,0.0487922107654773,0.996316519558962,3.954489307930208e-10,1.036
3240.0,1.2764545532732672e-05,0.01299302824859479,0.1015046859178268,0.0487922107654773,0.996316519558962,3.9544483219944134e-10,1.036
3240.0,1.2821569216051577e-05,0.013060704827152688,0.11529304628344539,0.069685023441626,0.996316519558962,4.6196810799265094e-10,1.036
3240.001999999862,1.2821565330482542e-05,0.013060704827152688,0.11529304628344539,0.069685023441626,0.996316519558962,4.619701868525067e-10,1.036
3240.0,1.2821571618065827e-05,0.013060704827152688,0.11529304628344539,0.069685023441626,0.996316519558962,4.6197289596978415e-10,1.036
3239.998000000138,1.2821568635175535e-05,0.013060704827152688,0.11529304628344539,0.069685023441626,0.996316519558962,4.6197175149961455e-10,1.036
3240.001999999862,1.2734902127775255e-05,0.012973518000610649,0.1209673317473019,0.05535210561601549,0.996316519558962,4.12263756834713e-10,1.036
3239.996999999974,1.2807879285121755e-05,0.013053208164518115,0.12368483739434843,0.08404265850981203,0.996316519558962,5.175242201087424e-10,1.036
3240.0,1.2821564759956392e-05,0.013060704827152688,0.11529304628344539,0.069685023441626,0.996316519558962,4.6197143821802415e-10,1.036
3240.001000000164,1.2807879640783502e-05,0.013053208164518115,0.12368483739434843,0.08404265850981203,0.996316519558962,5.175169134415863e-10,1.036
3240.0009999996983,1.2780517954430844e-05,0.013004883087786035,0.0900267550895828,0.05657689529231071,0.996316519558962,4.3418483280369384e-10,1.036
3240.001000000164,1.276454626517354e-05,0.01299302824859479,0.1015046859178268,0.0487922107654773,0.996316519558962,3.954500478953449e-10,1.036
3240.001000000164,1.2807886449380718e-05,0.013053208164518115,0.12368483739434843,0.08404265850981203,0.996316519558962,5.175195667605356e-10,1.036
3239.998999999836,1.2739460413965763e-05,0.012979837844757139,0.11621865147059696,0.0719135408484748,0.996316519558962,4.941289308194379e-10,1.035
3239.998000000138,1.2739464011144564e-05,0.012979837844757139,0.11621865147059696,0.0719135408484748,0.996316519558962,4.941288705923352e-10,1.035
3240.001000000164,1.2750863606404411e-05,0.012985288786458469,0.10956491084027586,0.06314501466473547,0.996316519558962,4.510037528145875e-10,1.035
3240.0,1.2739463934485048e-05,0.012979837844757139,0.11621865147059696,0.0719135408484748,0.996316519558962,4.941289197736929e-10,1.035
3240.00400000019,1.2739461954650683e-05,0.012979837844757139,0.11621865147059696,0.0719135408484748,0.996316519558962,4.941282012460035e-10,1.035
3239.997999999672,1.272350137674589e-05,0.012968164111518625,0.1274445857784694,0.06412443692030728,0.996316519558962,4.553939102313614e-10,1.035
3240.0,1.2739461265592169e-05,0.012979837844757139,0.11621865147059696,0.0719135408484748,0.996316519558962,4.941327126327874e-10,1.035
3239.998000000138,1.2739463409268583e-05,0.012979837844757139,0.11621865147059696,0.0719135408484748,0.996316519558962,4.941295542141701e-10,1.035
3240.00400000019,1.2739461334370907e-05,0.012979837844757139,0.11621865147059696,0.0719135408484748,0.996316519558962,4.941338560277824e-10,1.035
3380.8560000001453,1.294282227614493e-05,0.013134168405749937,0.035965199720165764,-0.06472754999385495,4.690610439491407,-2.958149190166683e-11,1.041
3400.7069999999367,1.2988280562900156e-05,0.013264505666417974,0.04894098305156813,-0.07777719214750473,4.722483341690343,-7.222631057778921e-11,1.042
3400.7700000000186,1.2996488244040638e-05,0.013273262848349145,0.04809380510034611,-0.07407020316277348,4.716979594418801,-5.771606952316516e-11,1.042
3400.7700000000186,1.2996488244040638e-05,0.013273262848349145,0.04809380510034611,-0.07407020316277348,4.716979594418801,-5.771606952316516e-11,1.042
3400.7700000000186,1.2996488244040638e-05,0.013273262848349145,0.04809380510034611,-0.07407020316277348,4.716979594418801,-5.771606952316516e-11,1.042
3391.6659999997355,1.2726884371977137e-05,0.012978573888680189,-0.06170328637054645,0.29250184108173194,4.710449900217742,1.3851222759471427e-09,1.054
3391.6659999997355,1.2726884371977137e-05,0.012978573888680189,-0.06170328637054645,0.29250184108173194,4.710449900217742,1.3851222759471427e-09,1.054
3451.5789999999106,1.2987086550425726e-05,0.013465189109386036,-0.0017300765950412078,0.04831958431236796,4.7346847785078285,4.297547339217732e-10,1.054
3451.5789999999106,1.2987086550425726e-05,0.013465189109386036,-0.0017300765950412078,0.04831958431236796,4.7346847785078285,4.297547339217732e-10,1.054
3240.0,1.2550187420092924e-05,0.012836940330041124,0.0658882027598402,0.4680223165432159,0.9402859586706311,1.9524006369397874e-09,1.048
3239.992999999784,1.2689301425766005e-05,0.012966378990565679,0.06306555252327328,0.4349859658418462,0.9666186325481028,1.8508018879863725e-09,1.047
3240.001999999862,1.2632270461340886e-05,0.012893694369627102,0.03707452341671491,0.41543506348934833,0.9666186325481028,1.784284227881601e-09,1.047
3240.003000000026,1.2461220674304901e-05,0.012706703642578442,-0.02987652041268518,0.42579239196645174,0.9666186325481028,1.81717278131902e-09,1.047
3240.0009999996983,1.246123013630357e-05,0.012706703642578442,-0.02987652041268518,0.42579239196645174,0.9666186325481028,1.8171805886193705e-09,1.046
3239.9990000003017,1.2579824338143796e-05,0.012859229695428399,0.051342958907903746,0.4711811743242553,0.9402859586706311,1.969219097051278e-09,1.04
3240.0049999998882,1.268472833055952e-05,0.01294391646855664,0.15782843893152565,0.12601823930541164,0.996316519558962,6.578652409997689e-10,1.041
3239.9990000003017,1.2541061393473742e-05,0.012809295153443886,0.22658947400337937,0.11435187127776333,0.996316519558962,5.57726144516454e-10,1.042
3240.003000000026,1.260263009443801e-05,0.012889025724506236,0.2817441466865782,0.07837801342836312,1.0,4.722027425117901e-10,1.042
3239.9990000003017,1.2602627086399218e-05,0.012889025724506236,0.2817441466865782,0.07837801342836312,1.0,4.722131883441787e-10,1.042
3239.998999999836,1.2541049286172002e-05,0.012810121246467809,0.23219581924203636,0.04623644646255262,1.0,3.8667229333784896e-10,1.042
3240.003000000026,1.2655076517449371e-05,0.012931392015977967,0.24558422663054635,0.0975617070650437,1.0,5.474891024338169e-10,1.042
3239.994999999646,1.2541059301012047e-05,0.012816315246900573,0.22670362189047255,0.0639982928920136,0.996316519558962,4.817097188007639e-10,1.042
3240.003000000026,1.2584386991084831e-05,0.012840700833038569,0.2067659347832178,0.048529300929260166,1.0,3.6840325941420624e-10,1.042
3240.0,1.2741738820285438e-05,0.013014186398659219,0.23217565058676515,0.0835460893612699,1.0,4.97785149475641e-10,1.042
3240.0,1.2463508394035074e-05,0.012737635357371244,0.09939553543964808,0.39647520290764177,0.9666186325481028,1.690718077948286e-09,1.041
3239.996999999974,1.2541048994167226e-05,0.012810121246467809,0.23219581924203636,0.04623644646255262,1.0,3.8668372524888154e-10,1.041
3240.005000000354,1.2641391420865373e-05,0.01290558920794522,0.21254314945230934,0.028375683787420024,1.0,3.0188322406653815e-10,1.041
3239.9970000004396,1.264824904771043e-05,0.01291834346515052,0.20016271434535504,0.05457030117930513,0.996316519558962,4.429631946532516e-10,1.041
3240.00400000019,1.2586657135235209e-05,0.01285094647863825,0.19791079943345702,0.07481353915648117,1.0,5.080268598663618e-10,1.041
3240.003000000026,1.264139207717541e-05,0.01290558920794522,0.21254314945230934,0.028375683787420024,1.0,3.0190106899647495e-10,1.041
3239.9970000004396,1.268245228653909e-05,0.012944478506665424,0.17597444679399965,0.07802227366401336,0.996316519558962,5.489526088643468e-10,1.041
3239.996999999974,1.2652797259305764e-05,0.012925304331561844,0.1960744524660667,0.08482080622813082,0.996316519558962,5.657685217957288e-10,1.041
3239.997999999672,1.2618601816034188e-05,0.012899438074796205,0.21992958817428665,0.06134349263131859,0.996316519558962,4.5977393689418023e-10,1.041
3240.001999999862,1.2689284634994346e-05,0.012946368819420562,0.17296861925134266,0.06910555778449828,0.996316519558962,5.029074258838726e-10,1.04
3239.997999999672,1.2652801809696837e-05,0.012925304331561844,0.1960744524660667,0.08482080622813082,0.996316519558962,5.65758895145596e-10,1.04
3240.006000000052,1.2682448196617266e-05,0.012944478506665424,0.17597444679399965,0.07802227366401336,0.996316519558962,5.489559609284258e-10,1.04
3239.99599999981,1.2652808100094966e-05,0.012925304331561844,0.1960744524660667,0.08482080622813082,0.996316519558962,5.65766371988843e-10,1.04
3240.003000000026,1.2641398236904131e-05,0.012920339979473625,0.2026580390867032,0.0936814412939848,0.996316519558962,6.088935294723897e-10,1.04
3240.001000000164,1.2641398018630478e-05,0.012920339979473625,0.2026580390867032,0.0936814412939848,0.996316519558962,6.088824387193149e-10,1.04
3240.0,1.264138979612487e-05,0.012915834586614307,0.20524609053373677,0.0766781007917047,0.996316519558962,5.226357042329092e-10,1.04
3240.0,1.2744023546474725e-05,0.013023381496695267,0.22596441733102024,0.1092583940244233,0.996316519558962,6.344639573255815e-10,1.039
3239.9920000000857,1.264139922979049e-05,0.012920339979473625,0.2026580390867032,0.0936814412939848,0.996316519558962,6.089005940511556e-10,1.039
3239.998999999836,1.2657361362622525e-05,0.012932466015755718,0.19105380469496502,0.10133641738001528,0.996316519558962,6.476419946412113e-10,1.039
3240.001000000164,1.2696123862494753e-05,0.012955918342819986,0.17033091044989312,0.10597589193654583,0.996316519558962,6.425185821894988e-10,1.039
3240.001000000164,1.265736677867649e-05,0.012932466015755718,0.19105380469496502,0.10133641738001528,0.996316519558962,6.476345828522611e-10,1.039
3240.001000000164,1.2584376235385474e-05,0.012852027200975055,0.18906998575498202,0.07236181449628801,0.996316519558962,5.423752925138744e-10,1.039
3239.9990000003017,1.2682456921867648e-05,0.012944478506665424,0.17597444679399965,0.07802227366401336,0.996316519558962,5.489582278665804e-10,1.039
3240.0,1.2641399800222767e-05,0.012920339979473625,0.2026580390867032,0.0936814412939848,0.996316519558962,6.088930057786212e-10,1.039
3240.0,1.2641407621465337e-05,0.012920339979473625,0.2026580390867032,0.0936814412939848,0.996316519558962,6.088915401155718e-10,1.038
3239.9990000003017,1.2657358793760774e-05,0.012932466015755718,0.19105380469496502,0.10133641738001528,0.996316519558962,6.476358630595842e-10,1.038
3239.998000000138,1.2641383053020336e-05,0.012920339979473625,0.2026580390867032,0.0936814412939848,0.996316519558962,6.088947475629635e-10,1.038
3239.998999999836,1.2780510133154607e-05,0.013039622158319811,0.14039914131528963,0.10136764802025904,0.996316519558962,5.993939576233367e-10,1.038
3240.006000000052,1.26231493325445e-05,0.012879323900227979,0.1662334554946261,0.09355743053775069,0.996316519558962,6.147421240766978e-10,1.038
3239.9920000000857,1.2600353488854075e-05,0.01286411480574739,0.17721941486197412,0.08012458400350593,0.996316519558962,5.811097604822932e-10,1.038
3240.002000000328,1.264139378320236e-05,0.012920339979473625,0.2026580390867032,0.0936814412939848,0.996316519558962,6.088986331333147e-10,1.038
3240.001000000164,1.2657362516240467e-05,0.012932466015755718,0.19105380469496502,0.10133641738001528,0.996316519558962,6.476332131442649e-10,1.037
3239.998999999836,1.2696121252354291e-05,0.012955918342819986,0.17033091044989312,0.10597589193654583,0.996316519558962,6.425169128456836e-10,1.037
3240.003000000026,1.2696123841844698e-05,0.012955918342819986,0.17033091044989312,0.10597589193654583,0.996316519558962,6.425074015489286e-10,1.037
3239.99599999981,1.2623151868577373e-05,0.012879323900227979,0.1662334554946261,0.09355743053775069,0.996316519558962,6.147380840936539e-10,1.037
3240.001999999862,1.2639119308336557e-05,0.012887588878061969,0.15620271499447336,0.0848968467410666,0.996316519558962,5.759936018581108e-10,1.037
3239.9960000002757,1.2696138578588317e-05,0.012955918342819986,0.17033091044989312,0.10597589193654583,0.996316519558962,6.425086292338768e-10,1.037
3239.996999999974,1.2641401844921049e-05,0.012924434428283685,0.2011057902733282,0.11001838154027867,0.996316519558962,6.86377886346278e-10,1.037
3239.997999999672,1.2627711155662609e-05,0.012894515055577583,-0.04124300016552773,0.4510790906446917,0.9852281360342515,2.0328123737491624e-09,1.008
3119.998000000138,1.2271062251474303e-05,0.012078919028633443,0.20898543926771396,0.0032044695227967644,0.9990102708804813,2.1343920838995302e-10,1.007
3119.998000000138,1.2271060586775783e-05,0.012078919028633504,0.20898543926772328,0.003204469522590599,0.9990102708804813,2.1344015630264975e-10,1.008
3119.9970000004396,1.2240535626505436e-05,0.012056254656951971,0.23473587407013152,-0.024150035668062477,0.9990102708804813,8.711998179672802e-11,1.009
3119.996999999974,1.2240543053081619e-05,0.012053773155881398,0.23812488758346406,-0.03407342713343308,0.9990102708804813,3.392191520104951e-11,1.01
3119.993999999948,1.2260888832352422e-05,0.012074554724496943,0.21426665812161438,0.01301096866641189,0.9990102708804813,2.6314585876787036e-10,1.011
3120.001000000164,1.2230367983484353e-05,0.012044551675808625,0.22834520708979733,0.009932227078950648,0.9990102708804813,2.286471827856634e-10,1.011
3120.0049999998882,1.2220186211724534e-05,0.012039938287221958,0.23406096213037042,0.019759384568489635,0.9990102708804813,2.7835111272249496e-10,1.011
3120.00400000019,1.2342283473167567e-05,0.012151934647187413,0.21265081951992348,-0.06475683452560055,0.9990102708804813,4.269368057909134e-11,1.012
3120.001999999862,1.2235447952043073e-05,0.012065821380413521,0.2665446745837903,-0.06064316435421651,0.9990102708804813,4.531594350001168e-11,1.013
3120.003000000026,1.2087915292537495e-05,0.011915418917403062,0.27528215511189424,-0.080175888055243,0.9990102708804813,7.599229097359291e-12,1.013
3120.001999999862,1.2210024270143353e-05,0.012022533449373679,0.2433002089191607,-0.10653835703459875,0.9990102708804813,-1.2864550118059663e-10,1.014
3120.0039999997243,1.227106399800629e-05,0.012090470924636706,0.24202505485839065,-0.06594729072657855,0.9990102708804813,3.5090757470023336e-11,1.014
3120.0,1.205229832486075e-05,0.011890646087890398,0.30031979591791025,-0.07492800844840163,0.9990102708804813,1.7832302302037112e-11,1.014
3120.0,1.2159124422465586e-05,0.011989073848212392,0.27650587055813824,-0.09221873468507998,0.9990102708804813,-7.310108129389298e-11,1.014
3120.006000000052,1.2271060006244775e-05,0.012090470924636706,0.24202505485839065,-0.06594729072657855,0.9990102708804813,3.5090212862614514e-11,1.015
3120.001000000164,1.2215097428167324e-05,0.012022414962829239,0.2375025951377796,-0.07601554014235055,0.9990102708804813,-3.070601623676449e-11,1.015
3119.99599999981,1.2215099518513152e-05,0.012023244344119579,0.23468928790438515,-0.058348480407938184,0.9990102708804813,4.7660630174379175e-11,1.015
3120.003000000026,1.215405611346363e-05,0.011987172631288262,0.2762220584256516,-0.07403524256308798,0.9990102708804813,1.1405711509499032e-11,1.015
3120.001000000164,1.2215103854229313e-05,0.012022414962829239,0.2375025951377796,-0.07601554014235055,0.9990102708804813,-3.069604664798312e-11,1.015
3119.996999999974,1.2194752434677013e-05,0.012010085979798983,0.25080523970661783,-0.067321269858548,0.9990102708804813,8.481394965680065e-12,1.015
3119.998999999836,1.2154060216107156e-05,0.011987172631288262,0.2762220584256516,-0.07403524256308798,0.9990102708804813,1.1407572660600259e-11,1.015
3119.996999999974,1.2154045569445248e-05,0.011987172631288262,0.2762220584256516,-0.07403524256308798,0.9990102708804813,1.1402287082436252e-11,1.016
3120.002000000328,1.221508773586424e-05,0.012022414962829239,0.2375025951377796,-0.07601554014235055,0.9990102708804813,-3.069491339546191e-11,1.016
3119.993999999948,1.2357551268232996e-05,0.012138211661368444,0.16313013742147842,-0.06195253961192502,0.9990102708804813,-2.953385930437082e-11,1.016
3120.0079999999143,1.2215092675235171e-05,0.012023244344119579,0.23468928790438515,-0.058348480407938184,0.9990102708804813,4.766310029116675e-11,1.016
3120.003000000026,1.2174397787680261e-05,0.012000474824414019,0.2597147035836884,-0.06504754353340257,0.9990102708804813,5.0575824602516543e-11,1.016
3120.0,1.2215098354992337e-05,0.012023244344119579,0.23468928790438515,-0.058348480407938184,0.9990102708804813,4.7655541826182953e-11,1.016
3120.00400000019,1.2306667422052647e-05,0.012096949298735652,0.19268349096333148,-0.06063973483886615,0.9990102708804813,4.979217980056054e-12,1.016
3119.996999999974,1.2250713180085193e-05,0.012042659217367226,0.21273397566062302,-0.05075662151237717,0.9990102708804813,5.790457896994241e-11,1.016
3119.998999999836,1.2215102187648279e-05,0.012023244344119579,0.23468928790438515,-0.058348480407938184,0.9990102708804813,4.766011258604685e-11,1.016
3119.998999999836,1.2357548904975835e-05,0.012138211661368444,0.16313013742147842,-0.06195253961192502,0.9990102708804813,-2.9524083877530615e-11,1.016
3119.998000000138,1.225071067911556e-05,0.012042659217367226,0.21273397566062302,-0.05075662151237717,0.9990102708804813,5.789647442767368e-11,1.016
3120.003000000026,1.2143866890327204e-05,0.011972308980985294,0.2814835610716355,-0.04945010708804067,0.9990102708804813,6.111141971910618e-11,1.016
3119.997999999672,1.2194749122370663e-05,0.012010085979798983,0.25080523970661783,-0.067321269858548,0.9990102708804813,8.481634692538989e-12,1.016
3120.003000000026,1.2215090772412989e-05,0.012023244344119579,0.23468928790438515,-0.058348480407938184,0.9990102708804813,4.766506806474262e-11,1.016
3119.998999999836,1.2250716537357078e-05,0.012042659217367226,0.21273397566062302,-0.05075662151237717,0.9990102708804813,5.7894097995787157e-11,1.016
3120.006000000052,1.225071060156826e-05,0.012042659217367226,0.21273397566062302,-0.05075662151237717,0.9990102708804813,5.789329994237581e-11,1.016
3120.0,1.235754101271527e-05,0.012138211661368444,0.16313013742147842,-0.06195253961192502,0.9990102708804813,-2.9534294793031325e-11,1.016
3120.0,1.2332108408636528e-05,0.01212224063235491,0.17985200199203355,-0.054066237698165834,0.9990102708804813,1.75693297893735e-12,1.016
3120.005000000354,1.2286332899336966e-05,0.012087053656572581,0.2083566387378295,-0.05324291099224818,0.9990102708804813,-1.608875043633067e-11,1.016
3119.998000000138,1.213878626519497e-05,0.011962548394993545,0.28725790504107884,-0.03802945736392822,0.9990102708804813,6.842655484125817e-11,1.016
3119.994999999646,1.2113350285013939e-05,0.01191099470538854,0.20678801319221618,-0.07877331772904547,0.9990102708804813,-2.367926140605557e-11,1.016
3120.001999999862,1.2215095825142647e-05,0.012023244344119579,0.23468928790438515,-0.058348480407938184,0.9990102708804813,4.7655195240921574e-11,1.016
3120.001000000164,1.2250711042564843e-05,0.012042659217367226,0.21273397566062302,-0.05075662151237717,0.9990102708804813,5.7893090072152406e-11,1.016
3120.003000000026,1.225071523829221e-05,0.012042659217367226,0.21273397566062302,-0.05075662151237717,0.9990102708804813,5.7890975448529447e-11,1.016
3120.00400000019,1.2306673835148438e-05,0.012096949298735652,0.19268349096333148,-0.06063973483886615,0.9990102708804813,4.97192825276966e-12,1.016
3120.00400000019,1.2332103798732406e-05,0.01212224063235491,0.17985200199203355,-0.054066237698165834,0.9990102708804813,1.7634888441054087e-12,1.016
3119.998000000138,1.2311761777376772e-05,0.012102600318647763,0.1903221266098556,-0.04482152592365468,0.9990102708804813,1.5210461496795644e-11,1.016
3120.001000000164,1.2042122821349603e-05,0.011861859200972776,0.254818452324987,-0.06839617596824223,0.9990102708804813,-4.970556169686243e-12,1.016
3120.001999999862,1.2128608248597415e-05,0.011936202682299469,0.21321163216347427,-0.0852284816509321,0.9990102708804813,-7.953012479237416e-11,1.016
3120.0049999998882,1.222527072686719e-05,0.012026798187542405,0.22990668453499374,-0.04273720398251828,0.9990102708804813,8.918125154109986e-11,1.016
3120.0,1.22507114773831e-05,0.012042659217367226,0.21273397566062302,-0.05075662151237717,0.9990102708804813,5.789481379733461e-11,1.016
3119.998999999836,1.2281244463314217e-05,0.012081041633549876,0.2095766172422162,-0.052706312439333484,0.9990102708804813,3.6265858839584904e-11,1.016
3119.998000000138,1.2286312579788578e-05,0.012087053656572581,0.2083566387378295,-0.05324291099224818,0.9990102708804813,-1.6083926404868626e-11,1.016
3120.0,1.2286328359611683e-05,0.012087053656572581,0.2083566387378295,-0.05324291099224818,0.9990102708804813,-1.6076368535392036e-11,1.016
3119.998999999836,1.2337207312370464e-05,0.012158614593443931,0.28779229208989676,-0.08031296925725068,0.9990102708804813,-8.27498081154316e-11,1.016
3120.0,1.2123526774657791e-05,0.011930353445448795,0.21242393188643804,-0.07444757747620141,0.9990102708804813,-9.56097186850545e-11,1.016
3120.001000000164,1.2098084323520829e-05,0.011915060258708707,0.23101232611532474,-0.08315702593044386,0.9990102708804813,-1.2689286048428769e-10,1.016
3120.0,1.2169311130680874e-05,0.011965525027084605,0.18654364252408095,-0.08856329242868012,0.9990102708804813,-7.661264513315909e-11,1.016
3119.997999999672,1.2281242009924746e-05,0.012081041633549876,0.2095766172422162,-0.052706312439333484,0.9990102708804813,3.62630571889266e-11,1.016
3120.003000000026,1.2281229666077993e-05,0.012081041633549876,0.2095766172422162,-0.052706312439333484,0.9990102708804813,3.6255161602240966e-11,1.016
3119.998000000138,1.2281245027247784e-05,0.012081041633549876,0.2095766172422162,-0.052706312439333484,0.9990102708804813,3.625855224369959e-11,1.016
3120.001999999862,1.233211009691873e-05,0.01212224063235491,0.17985200199203355,-0.054066237698165834,0.9990102708804813,1.7526875845080616e-12,1.016
3120.0009999996983,1.2311762384994597e-05,0.012102600318647763,0.1903221266098556,-0.04482152592365468,0.9990102708804813,1.52041775388672e-11,1.016
3119.9950000001118,1.2240532481690712e-05,0.012053773155881338,0.2381248875834423,-0.03407342713322698,0.9990102708804813,3.391215933457816e-11,1.016
3119.998999999836,1.206756360907143e-05,0.01187770062258562,0.23319145488470605,-0.08504970000461151,0.9990102708804813,-1.4852768235683884e-10,1.016
3119.998999999836,1.2067566169952648e-05,0.01187770062258562,0.23319145488470605,-0.08504970000461151,0.9990102708804813,-1.4852251624705018e-10,1.016
3119.998999999836,1.2179491359247562e-05,0.011977543089529544,0.18265186409734335,-0.08634926236481573,0.9990102708804813,-1.1403196907653313e-10,1.016
3120.0009999996983,1.2179480771157446e-05,0.011977543089529544,0.18265186409734335,-0.08634926236481573,0.9990102708804813,-1.1403233722119443e-10,1.016
3120.001999999862,1.2281237467388713e-05,0.012081041633549876,0.2095766172422162,-0.052706312439333484,0.9990102708804813,3.626034395459921e-11,1.016
3120.0009999996983,1.2286320710853737e-05,0.012087053656572581,0.2083566387378295,-0.05324291099224818,0.9990102708804813,-1.608278118855134e-11,1.016
3120.005000000354,1.2311758902725704e-05,0.012102600318647763,0.1903221266098556,-0.04482152592365468,0.9990102708804813,1.5201437589849967e-11,1.016
3119.998999999836,1.2377897076329678e-05,0.012187635600823513,0.2609698503068376,-0.0837500142807429,0.9990102708804813,-7.98195901005614e-11,1.016
3120.0,1.2240539197308643e-05,0.012053773155881338,0.2381248875834423,-0.03407342713322698,0.9990102708804813,3.39249414807311e-11,1.016
3119.996999999974,1.2067565700452327e-05,0.01187770062258562,0.23319145488470605,-0.08504970000461151,0.9990102708804813,-1.4852718373096135e-10,1.016
3119.9990000003017,1.2067561777565095e-05,0.01187770062258562,0.23319145488470605,-0.08504970000461151,0.9990102708804813,-1.4853130749887298e-10,1.016
3120.0039999997243,1.2271055491555463e-05,0.012073492898462688,0.21725437166268025,-0.04111494988099498,0.9990102708804813,1.2278362187819888e-11,1.016
3120.002000000328,1.2174396327597103e-05,0.01197302285779472,0.1845493870745578,-0.07087094628516519,0.9990102708804813,-6.110978854115732e-11,1.016
3119.998000000138,1.2311758659862388e-05,0.012102600318647763,0.1903221266098556,-0.04482152592365468,0.9990102708804813,1.520451564194823e-11,1.016
3119.99599999981,1.2286330189278636e-05,0.012087053656572581,0.2083566387378295,-0.05324291099224818,0.9990102708804813,-1.608532340908696e-11,1.016
3119.998999999836,1.2271068260953268e-05,0.012073492898462688,0.21725437166268025,-0.04111494988099498,0.9990102708804813,1.2288311972989522e-11,1.016
3119.9960000002757,1.2306677606057136e-05,0.012138915781620503,0.3083960510653627,-0.0735060374905357,0.9990102708804813,-6.111398294758908e-11,1.016
3120.001000000164,1.2240535528853027e-05,0.012053773155881338,0.2381248875834423,-0.03407342713322698,0.9990102708804813,3.391891196388563e-11,1.016
3120.0,1.2174393765278915e-05,0.01197302285779472,0.1845493870745578,-0.07087094628516519,0.9990102708804813,-6.110567944783226e-11,1.016
3120.002000000328,1.2204923231431572e-05,0.011992994156252528,0.1642050523314138,-0.07770374540207475,0.9990102708804813,-8.274454718205272e-11,1.016
3120.0,1.2311755362148875e-05,0.012102600318647763,0.1903221266098556,-0.04482152592365468,0.9990102708804813,1.5202641493978348e-11,1.016
3119.994999999646,1.231176507152221e-05,0.012102600318647763,0.1903221266098556,-0.04482152592365468,0.9990102708804813,1.5209411911721196e-11,1.016
3119.993999999948,1.2179493259453962e-05,0.011977543089529544,0.18265186409734335,-0.08634926236481573,0.9990102708804813,-1.1403311098601067e-10,1.016
3120.0,1.233210855165635e-05,0.01212224063235491,0.17985200199203355,-0.054066237698165834,0.9990102708804813,1.7519032657222983e-12,1.016
3120.001999999862,1.2311764440585986e-05,0.012102600318647763,0.1903221266098556,-0.04482152592365468,0.9990102708804813,1.520934500449496e-11,1.015
3119.998000000138,1.2311760375887603e-05,0.012102600318647763,0.1903221266098556,-0.04482152592365468,0.9990102708804813,1.5205233854273818e-11,1.015
3119.998000000138,1.2240538617334522e-05,0.012053773155881338,0.2381248875834423,-0.03407342713322698,0.9990102708804813,3.391685269209854e-11,1.015
3119.998999999836,1.2098086882662579e-05,0.011915060258708707,0.23101232611532474,-0.08315702593044386,0.9990102708804813,-1.2689652803393623e-10,1.015
3120.0,1.2204925549198603e-05,0.011992994156252528,0.1642050523314138,-0.07770374540207475,0.9990102708804813,-8.274849318543992e-11,1.015
3119.998000000138,1.2311761326228032e-05,0.012102600318647763,0.1903221266098556,-0.04482152592365468,0.9990102708804813,1.5206008208890516e-11,1.015
3120.003000000026,1.2271063076235263e-05,0.012073492898462688,0.21725437166268025,-0.04111494988099498,0.9990102708804813,1.227454728411828e-11,1.015
3120.0009999996983,1.2271052709125725e-05,0.012073492898462688,0.21725437166268025,-0.04111494988099498,0.9990102708804813,1.2274539363008105e-11,1.015
3119.9990000003017,1.2311768135682515e-05,0.012102600318647763,0.1903221266098556,-0.04482152592365468,0.9990102708804813,1.520790651602578e-11,1.015
3120.0,1.2311764738507816e-05,0.012102600318647763,0.1903221266098556,-0.04482152592365468,0.9990102708804813,1.519955888983636e-11,1.015
3120.0,1.2311765667306409e-05,0.012102600318647763,0.1903221266098556,-0.04482152592365468,0.9990102708804813,1.520669686785636e-11,1.015
3120.0,1.2240541693620315e-05,0.012053773155881338,0.2381248875834423,-0.03407342713322698,0.9990102708804813,3.3914330711492794e-11,1.015
3120.001000000164,1.2174396848749255e-05,0.01197302285779472,0.1845493870745578,-0.07087094628516519,0.9990102708804813,-6.110893748752676e-11,1.015
3120.0,1.2148956700250475e-05,0.011957665114300263,0.20294065894290192,-0.07952286484312315,0.9990102708804813,-9.238532437061855e-11,1.015
3120.0,1.222019020990981e-05,0.012006883116164697,0.1563806231687317,-0.08965681952549581,0.9990102708804813,-1.1110887443112513e-10,1.015
3120.001000000164,1.2235443049004873e-05,0.012045852568521776,0.23854784187032685,-0.05186930800893973,0.9990102708804813,1.842150616605081e-11,1.015
3119.998000000138,1.2225274186472482e-05,0.012026798187542405,0.22990668453499374,-0.04273720398251828,0.9990102708804813,8.917940931828052e-11,1.015
3120.0009999996983,1.2332110750042255e-05,0.01212224063235491,0.17985200199203355,-0.054066237698165834,0.9990102708804813,1.7566187344736682e-12,1.015
3119.996999999974,1.2286329266867256e-05,0.012087053656572581,0.2083566387378295,-0.05324291099224818,0.9990102708804813,-1.6080907101074234e-11,1.015
3120.001000000164,1.2225276064944848e-05,0.012026798187542405,0.22990668453499374,-0.04273720398251828,0.9990102708804813,8.917062468035514e-11,1.015
3119.997999999672,1.2179489144048336e-05,0.011991568737980848,0.2594000285678675,-0.04182889916965864,0.9990102708804813,7.134609911432831e-11,1.015
3120.0,1.228632802287756e-05,0.012087053656572581,0.2083566387378295,-0.05324291099224818,0.9990102708804813,-1.6082004495877892e-11,1.015
3119.9990000003017,1.2215105879154232e-05,0.012038400098147394,0.2561512637429413,-0.04252316120512784,0.9990102708804813,2.629870126031757e-12,1.015
3120.0,1.2271063154364518e-05,0.012073492898462688,0.21725437166268025,-0.04111494988099498,0.9990102708804813,1.2282231500829863e-11,1.015
3119.998000000138,1.2164219273582265e-05,0.011978375577743417,0.26856378918333146,-0.029639474943132425,0.9990102708804813,9.97092246856402e-11,1.015
3119.998999999836,1.2108264967973715e-05,0.011943003292108992,0.3086737837515283,-0.030857306441166743,0.9990102708804813,9.005236848776022e-11,1.015
3120.0,1.2179489648563211e-05,0.011991568737980848,0.2594000285678675,-0.04182889916965864,0.9990102708804813,7.134302349168143e-11,1.015
3119.996999999974,1.2225268952530176e-05,0.012026798187542405,0.22990668453499374,-0.04273720398251828,0.9990102708804813,8.918369331752967e-11,1.015
3119.996999999974,1.2225275259523092e-05,0.012026798187542405,0.22990668453499374,-0.04273720398251828,0.9990102708804813,8.918413864950857e-11,1.015
3119.998000000138,1.2225283873521495e-05,0.012026798187542405,0.22990668453499374,-0.04273720398251828,0.9990102708804813,8.917530980214869e-11,1.015
3119.996999999974,1.2281236196062884e-05,0.012081041633549876,0.2095766172422162,-0.052706312439333484,0.9990102708804813,3.625418051319475e-11,1.014
3120.0009999996983,1.233211238681209e-05,0.01212224063235491,0.17985200199203355,-0.054066237698165834,0.9990102708804813,1.7523008418140633e-12,1.014
3120.0,1.231176135506966e-05,0.012102600318647763,0.1903221266098556,-0.04482152592365468,0.9990102708804813,1.5203058577899254e-11,1.014
3120.0009999996983,1.2337194905663568e-05,0.012158614593443931,0.28779229208989676,-0.08031296925725068,0.9990102708804813,-8.27486092740507e-11,1.014
3119.998000000138,1.218965414260938e-05,0.012022177986237054,0.2751100123503716,-0.084317434919964,0.9990102708804813,-3.274579173555509e-11,1.014
3120.003000000026,1.2296495951831866e-05,0.012137155404399308,0.2507892103099931,0.03570888174762298,0.9990102708804813,3.33033491865007e-10,1.014
3120.001999999862,1.2011592766127853e-05,0.011865701487685872,0.3321751110681195,-0.09310905269620544,0.9990102708804813,-5.349438738078787e-11,1.014
3119.998000000138,1.2037051219195301e-05,0.011879139704286628,0.31860385478674225,-0.11228499182624357,0.9990102708804813,-1.485278631098352e-10,1.014
3120.0039999997243,1.213369570661809e-05,0.0119694530479803,0.29660069340665496,-0.09502397523781327,0.9990102708804813,-8.566511311172257e-11,1.014
3120.0039999997243,1.2133699208288296e-05,0.011972665924710666,0.2903125535685529,-0.07553643826141,0.9990102708804813,1.3744197039740175e-11,1.014
3119.9970000004396,1.2072655426851428e-05,0.01190644920887548,0.2875522961004209,-0.09786997347419629,0.9990102708804813,-5.935156717971144e-11,1.014
3120.0009999992326,1.2098095578871986e-05,0.011950872847761394,0.3190987521651514,-0.11441653579984602,0.9990102708804813,-1.222105242681601e-10,1.014
3119.998999999836,1.2220180343471014e-05,0.01205542754668335,0.27974917936199617,-0.07000129615645119,0.9990102708804813,-5.053566747994621e-15,1.014
3120.006000000052,1.2174391671175499e-05,0.011999406443060157,0.26298972271533394,-0.0827436931982869,0.9990102708804813,-2.7778360741097955e-11,1.014
3119.9969999995083,1.2154058530417713e-05,0.011987172631288262,0.2762220584256516,-0.07403524256308798,0.9990102708804813,1.1403610780767321e-11,1.014
3119.998999999836,1.2154051155750759e-05,0.011987172631288262,0.2762220584256516,-0.07403524256308798,0.9990102708804813,1.1399654837318108e-11,1.014
3119.997999999672,1.2128615873682893e-05,0.01197159506160674,0.2931870219313155,-0.06600363330293313,0.9990102708804813,4.269199012726217e-11,1.014
3120.0040000006557,1.2108249751954352e-05,0.011957665114300273,0.30618237365813084,-0.07848975758227755,0.9990102708804813,2.9239460328759806e-11,1.014
3119.9959999993443,1.2154046491891743e-05,0.011987172631288262,0.2762220584256516,-0.07403524256308798,0.9990102708804813,1.140006080190322e-11,1.014
3120.0019999993965,1.2154047830213166e-05,0.011987172631288262,0.2762220584256516,-0.07403524256308798,0.9990102708804813,1.1403074938348407e-11,1.014
3120.0039999997243,1.215404943840319e-05,0.011987172631288262,0.2762220584256516,-0.07403524256308798,0.9990102708804813,1.1398002565872752e-11,1.014
3120.0,1.2154052191322393e-05,0.011987172631288262,0.2762220584256516,-0.07403524256308798,0.9990102708804813,1.1406349596990344e-11,1.014
3120.0039999997243,1.2154046932885994e-05,0.011987172631288262,0.2762220584256516,-0.07403524256308798,0.9990102708804813,1.1406965469550508e-11,1.014
3120.0,1.2154049268355091e-05,0.011987172631288262,0.2762220584256516,-0.07403524256308798,0.9990102708804813,1.1399229725274092e-11,1.014
3120.001000000164,1.2154048721125136e-05,0.011987172631288262,0.2762220584256516,-0.07403524256308798,0.9990102708804813,1.139526443331838e-11,1.014
3119.998999999836,1.215405657649098e-05,0.011987172631288262,0.2762220584256516,-0.07403524256308798,0.9990102708804813,1.1401782802060525e-11,1.014
3120.001000000164,1.2154045523085072e-05,0.011987172631288262,0.2762220584256516,-0.07403524256308798,0.9990102708804813,1.1409737959950325e-11,1.013
3119.998999999836,1.2154050322134363e-05,0.011987172631288262,0.2762220584256516,-0.07403524256308798,0.9990102708804813,1.1410258182788202e-11,1.013
3120.006000000052,1.2154051451866214e-05,0.011987172631288262,0.2762220584256516,-0.07403524256308798,0.9990102708804813,1.140014259223137e-11,1.013
3119.997999999672,1.2154061145838595e-05,0.011987172631288262,0.2762220584256516,-0.07403524256308798,0.9990102708804813,1.1400385451344689e-11,1.013
3120.0039999997243,1.2154044360198665e-05,0.011987172631288262,0.2762220584256516,-0.07403524256308798,0.9990102708804813,1.1410481503734794e-11,1.013
3120.001000000164,1.21540548449826e-05,0.011987172631288262,0.2762220584256516,-0.07403524256308798,0.9990102708804813,1.1407080991874014e-11,1.013
3120.001000000164,1.2174397733154224e-05,0.012000474824414019,0.2597147035836884,-0.06504754353340257,0.9990102708804813,5.0584811485601335e-11,1.013
3119.997999999672,1.2108262828937667e-05,0.011957665114300273,0.30618237365813084,-0.07848975758227755,0.9990102708804813,2.924451389780045e-11,1.013
3119.993999999948,1.2154049081883391e-05,0.011987172631288262,0.2762220584256516,-0.07403524256308798,0.9990102708804813,1.140271191675874e-11,1.013
3120.0030000004917,1.2154054477275873e-05,0.011987172631288262,0.2762220584256516,-0.07403524256308798,0.9990102708804813,1.1404456867802179e-11,1.013
3120.0049999998882,1.215405224363293e-05,0.011987172631288262,0.2762220584256516,-0.07403524256308798,0.9990102708804813,1.1402271787443303e-11,1.013
3119.9950000001118,1.2154048855725576e-05,0.011987172631288262,0.2762220584256516,-0.07403524256308798,0.9990102708804813,1.1391889200682355e-11,1.013
3120.0,1.2154039933314145e-05,0.011987172631288262,0.2762220584256516,-0.07403524256308798,0.9990102708804813,1.1412239621462782e-11,1.013
3119.9980000006035,1.2154041629336974e-05,0.011987172631288262,0.2762220584256516,-0.07403524256308798,0.9990102708804813,1.1405981180304373e-11,1.013
3119.998999999836,1.2154046381725442e-05,0.011987172631288262,0.2762220584256516,-0.07403524256308798,0.9990102708804813,1.138873402696608e-11,1.013
3119.9970000004396,1.2128610673629013e-05,0.01197159506160674,0.2931870219313155,-0.06600363330293313,0.9990102708804813,4.2696614056138644e-11,1.013
3120.001000000164,1.229649218567893e-05,0.012103306510620434,0.2010801780074507,-0.06174559311897166,0.9990102708804813,-8.466764349544735e-12,1.013
3119.9949999991804,1.2154056555336422e-05,0.011987172631288262,0.2762220584256516,-0.07403524256308798,0.9990102708804813,1.1398958359974046e-11,1.013
3120.0,1.2210004232906502e-05,0.012042067763112552,0.25540320682370954,-0.08409826029646861,0.9990102708804813,-4.1512672684377294e-11,1.013
3120.0029999995604,1.2148959765742687e-05,0.011984795686006758,0.2768074335114754,-0.05701361878997582,0.9990102708804813,8.187336849550159e-11,1.013
3119.998999999836,1.2204924044901502e-05,0.012039465019207305,0.2559161012114868,-0.06714165019979998,0.9990102708804813,2.8948623346236925e-11,1.013
3120.002000000328,1.2189664024973234e-05,0.012007476303515485,0.25180393185185945,-0.050324328690673624,0.9990102708804813,7.894083423545919e-11,1.013
3119.9969999995083,1.2148957999698517e-05,0.011984795686006758,0.2768074335114754,-0.05701361878997582,0.9990102708804813,8.186912668920133e-11,1.001
3119.9950000001118,1.233213206803622e-05,0.012154396107143497,0.20967203514434463,0.062466935181751115,0.9990102708804813,4.765844166031319e-10,1.0
3120.0,1.2230363174423323e-05,0.012091649069005289,0.3374363416895547,0.013383369193036062,0.9990102708804813,3.2338009287445135e-10,1.002
3120.0069999992847,1.2276138221435434e-05,0.012121300504728242,0.30873286275889456,0.01705997527310429,0.9990102708804813,3.05540861127499e-10,1.003
3120.001000000164,1.2215092898719883e-05,0.012066529724868652,0.3338564787621112,0.02448724497301775,0.9990102708804813,3.23081920296186e-10,1.004
3120.007000000216,1.217438808071516e-05,0.012038518427361623,0.36085595006373605,0.003727117871358738,0.9990102708804813,2.7045790316567233e-10,1.004
3119.998999999836,1.208283705707541e-05,0.011940856149541549,0.32108169152812316,-0.02598724118268076,0.9990102708804813,2.06716737145105e-10,1.005
3120.0,1.1975982212894385e-05,0.011838658967714421,0.3482093235379904,-0.04746584426924554,0.9990102708804813,1.1578298064782444e-10,1.006
3119.9969999995083,1.2047215228544278e-05,0.011889208398933685,0.30002801530260825,-0.05660267505765765,0.9990102708804813,1.0233633160775613e-10,1.006
3120.0,1.21693099496175e-05,0.012024310607433766,0.30932114766661556,-0.05616561621555379,0.9990102708804813,1.0233611968419165e-10,1.006
3120.006000000052,1.2209998877097697e-05,0.012051645748285319,0.2807997839135905,-0.03490183560300878,0.9990102708804813,1.5495992354335947e-10,1.007
3120.0,1.2210012478420615e-05,0.012051645748285319,0.2807997839135905,-0.03490183560300878,0.9990102708804813,1.5495895080612132e-10,1.007
3119.9950000001118,1.2235460474992615e-05,0.012067119980151978,0.26367052523976797,-0.043024011703349824,0.9990102708804813,1.236673328444479e-10,1.007
3119.993999999948,1.2148961937606104e-05,0.011984795686006758,0.2768074335114754,-0.05701361878997582,0.9990102708804813,8.186799965908201e-11,1.007
3120.002000000328,1.2225271608054645e-05,0.012026798187542405,0.22990668453499374,-0.04273720398251828,0.9990102708804813,8.918168726873672e-11,1.007
3120.0,1.218967366790421e-05,0.012007476303515485,0.25180393185185945,-0.050324328690673624,0.9990102708804813,7.895790703295471e-11,1.008
3119.998999999836,1.2103173344710084e-05,0.011949680823974773,0.3067326481299535,-0.056170174584160494,0.9990102708804813,6.403676099446187e-11,1.008
3119.993999999948,1.2148971759793772e-05,0.011984795686006758,0.2768074335114754,-0.05701361878997582,0.9990102708804813,8.186436174583622e-11,1.008
3120.0039999997243,1.214896734278227e-05,0.011984795686006758,0.2768074335114754,-0.05701361878997582,0.9990102708804813,8.186272808306646e-11,1.008
3119.993999999948,1.2245624679311536e-05,0.01206192474234635,0.23120730541527568,-0.060359469904508335,0.9990102708804813,2.6016797417821242e-11,1.008
3120.0030000004917,1.251017617519924e-05,0.012307434114100856,0.2237218034241435,-0.11281783966226828,0.9990102708804813,-1.6636692827187537e-10,1.008
3119.9950000001118,1.2286315757272966e-05,0.012087053656572627,0.20835663873787036,-0.053242910992456476,0.9990102708804813,-1.608184503743353e-11,1.008
3119.9980000006035,1.2271062525974495e-05,0.012073492898462749,0.21725437166270112,-0.04111494988120108,0.9990102708804813,1.2275307655974542e-11,1.008
3120.0,1.2240535438257412e-05,0.012056254656951971,0.23473587407013152,-0.024150035668062477,0.9990102708804813,8.714461914279454e-11,1.008
3120.007000000216,1.2240530579764609e-05,0.012060861804381443,0.22885611123950644,-0.004458825064049383,0.9990102708804813,1.917996476487998e-10,1.008
3120.006000000052,1.2189664222962517e-05,0.012022177986237056,0.2536310630646068,0.012070232604972884,0.9990102708804813,2.567100266316776e-10,1.008
3120.0039999997243,1.2031956444216853e-05,0.011862939969895474,0.24234235302185336,-0.029619896916386043,0.9990102708804813,1.1899905799117172e-10,1.008
3120.001000000164,1.2006504178754732e-05,0.01184671808328063,0.26190359636701555,-0.02976950013174337,0.9990102708804813,1.146258486406366e-10,1.008
3301.5419999994338,1.2583875724767887e-05,0.01255653734302137,0.20142429492188363,-0.3135861984351154,4.609155186030725,-9.239453535007619e-10,1.016
3311.587999999523,1.2646289774087338e-05,0.012642531762345656,0.171639873206324,-0.2888589070971294,4.64287820827558,-8.429258623387603e-10,1.016
3321.5890000006184,1.262937193464639e-05,0.012666115374156442,0.17802463157008308,-0.2605380419653194,4.611839134331186,-7.326853057271626e-10,1.017
3321.5890000006184,1.262937193464639e-05,0.012666115374156442,0.17802463157008308,-0.2605380419653194,4.611839134331186,-7.326853057271626e-10,1.017
3291.9539999999106,1.2327128867006595e-05,0.012212807100409206,0.04170104887164294,0.18292329670877303,4.630573288833385,9.312467273007397e-10,1.028
3291.9539999999106,1.2327128867006595e-05,0.012212807100409206,0.04170104887164294,0.18292329670877303,4.630573288833385,9.312467273007397e-10,1.028
3361.7179999994114,1.2707898109106248e-05,0.012890127918970198,0.15523906729691062,-0.1539184640411754,4.635768142319138,-3.109954411138595e-10,1.029
3361.7179999994114,1.2707898109106248e-05,0.012890127918970198,0.15523906729691062,-0.1539184640411754,4.635768142319138,-3.109954411138595e-10,1.029
3120.0049999998882,1.2133693890765546e-05,0.011958737224782388,0.29003413923287624,-0.022461974417848366,0.9990102708804813,1.2134263751184598e-10,1.016
3120.0029999995604,1.2230360505580933e-05,0.012056609115411475,0.23393220623837507,0.005360688637253773,0.9990102708804813,2.4150888850314864e-10,1.016
3119.9969999995083,1.2230358195909264e-05,0.012056609115411475,0.23393220623837507,0.005360688637253773,0.9990102708804813,2.4151492580502085e-10,1.016
3120.001000000164,1.2016689084189696e-05,0.011854651556784048,0.25195092570359456,-0.02004711730818874,0.9990102708804813,1.6432557819885865e-10,1.016
3119.9960000002757,1.2113346484771585e-05,0.011932263715612226,0.206988950146906,-0.034588303461698146,0.9990102708804813,1.1198913537587524e-10,1.016
3119.998999999836,1.2067567533720787e-05,0.011887291209846386,0.21736665037816083,-0.035312617395268614,0.9990102708804813,1.0877536914281543e-10,1.016
3119.9959999993443,1.2072648735794761e-05,0.011908243691085037,0.2310043671998523,-0.009577053541234263,0.9990102708804813,2.1724406649515926e-10,1.016
3120.0030000004917,1.2082809203343463e-05,0.011940021045379327,0.32430545779202014,-0.06069907236215263,0.9990102708804813,6.929087728230895e-11,1.016
3120.0039999997243,1.2098080180390475e-05,0.011950872847761397,0.3104320569477528,-0.05133728484626163,0.9990102708804813,1.1461822692079665e-10,1.016
3119.998999999836,1.2108259566145428e-05,0.011957665114300273,0.30618237365813084,-0.07848975758227755,0.9990102708804813,2.923566073869812e-11,1.016
3119.9959999993443,1.2021778169424938e-05,0.011873742248581691,0.3173980667403007,-0.04841009892792239,0.9990102708804813,1.3362360995914987e-10,1.016
3120.0019999993965,1.2016690972669045e-05,0.011872182526760484,0.3206375971890303,-0.0649026962499876,0.9990102708804813,8.070264612256499e-11,1.016
3120.001000000164,1.2047201155712162e-05,0.011889208398933685,0.30002801530260825,-0.05660267505765765,0.9990102708804813,1.023352557938129e-10,1.016
3120.0,1.2001425337694496e-05,0.011861498922781877,0.3346455511883355,-0.07438654971072098,0.9990102708804813,3.537797898333262e-11,1.016
3120.001000000164,1.2077729213545255e-05,0.011939066569096152,0.32389249310244317,-0.04241931904335023,0.9990102708804813,1.53799495730753e-10,1.016
3120.0,1.2108265841593227e-05,0.011956116340547909,0.30367906308188086,-0.03426701754664366,0.9990102708804813,1.7543363945276563e-10,1.016
3120.001000000164,1.2047211972459986e-05,0.011889208398933685,0.30002801530260825,-0.05660267505765765,0.9990102708804813,1.0233462454668273e-10,1.016
3119.998999999836,1.2047214061321706e-05,0.011889208398933685,0.30002801530260825,-0.05660267505765765,0.9990102708804813,1.0232898300766683e-10,1.016
3119.9969999995083,1.216931711297011e-05,0.012024310607433766,0.30932114766661556,-0.05616561621555379,0.9990102708804813,1.0232775044103389e-10,1.015
3119.998999999836,1.2154049869558147e-05,0.011987172631288262,0.2762220584256516,-0.07403524256308798,0.9990102708804813,1.1400909600082221e-11,1.015
3120.001000000164,1.2148964278284897e-05,0.011984795686006758,0.2768074335114754,-0.05701361878997582,0.9990102708804813,8.187700026080584e-11,1.015
3120.0009999992326,1.2103178793592569e-05,0.011949680823974773,0.3067326481299535,-0.056170174584160494,0.9990102708804813,6.403047403349244e-11,1.015
3119.9970000004396,1.2042129718866817e-05,0.011881657677857411,0.30146936781197153,-0.03429764825525986,0.9990102708804813,1.3712976127679483e-10,1.015
3119.9970000004396,1.203703713278035e-05,0.011907167034212024,0.3535619941283117,-0.06965071610695742,0.9990102708804813,4.269337880997917e-11,1.015
3120.002000000328,1.1975984398012394e-05,0.011838658967714421,0.3482093235379904,-0.04746584426924554,0.9990102708804813,1.1577858598605266e-10,1.015
3119.9960000002757,1.2021771602189402e-05,0.011873742248581691,0.3173980667403007,-0.04841009892792239,0.9990102708804813,1.3362319701816784e-10,1.015
3120.001000000164,1.2143877150243185e-05,0.012009018453500796,0.32636994006049225,-0.04802370028787029,0.9990102708804813,1.3362442379107653e-10,1.015
3119.9980000006035,1.2148960011735893e-05,0.011984795686006758,0.2768074335114754,-0.05701361878997582,0.9990102708804813,8.187365829274831e-11,1.015
3120.001000000164,1.2148959073896153e-05,0.011984795686006758,0.2768074335114754,-0.05701361878997582,0.9990102708804813,8.18625537746555e-11,1.015
3119.997999999672,1.2148968058063213e-05,0.011984795686006758,0.2768074335114754,-0.05701361878997582,0.9990102708804813,8.18565814297138e-11,1.015
3119.9990000007674,1.2103172852777841e-05,0.011949680823974773,0.3067326481299535,-0.056170174584160494,0.9990102708804813,6.403367901103959e-11,1.015
3119.9969999995083,1.210317980100813e-05,0.011949680823974773,0.3067326481299535,-0.056170174584160494,0.9990102708804813,6.402931472399498e-11,1.014
3120.0019999993965,1.2103182770056599e-05,0.011949680823974773,0.3067326481299535,-0.056170174584160494,0.9990102708804813,6.402760539701541e-11,1.014
3119.9969999995083,1.210317713879942e-05,0.011949680823974773,0.3067326481299535,-0.056170174584160494,0.9990102708804813,6.403201535916348e-11,1.014
3120.0029999995604,1.2031950548884324e-05,0.011901423219257145,0.3563069092753577,-0.045228767418778106,0.9990102708804813,8.275198662734615e-11,1.014
3119.9990000007674,1.2031945551258289e-05,0.011901423219257145,0.3563069092753577,-0.045228767418778106,0.9990102708804813,8.27355344031208e-11,1.014
3120.001000000164,1.2031951637876857e-05,0.011901423219257145,0.3563069092753577,-0.045228767418778106,0.9990102708804813,8.274001313042146e-11,1.014
3120.0039999997243,1.2103175285471846e-05,0.011949680823974773,0.3067326481299535,-0.056170174584160494,0.9990102708804813,6.403119550857681e-11,1.014
3119.998999999836,1.2143876414308619e-05,0.011972308980985294,0.2814835610716355,-0.04945010708804067,0.9990102708804813,6.110829024216022e-11,1.014
3119.997999999672,1.2103168905249153e-05,0.011949680823974773,0.3067326481299535,-0.056170174584160494,0.9990102708804813,6.403982652267906e-11,1.014
3119.9969999995083,1.203194761226099e-05,0.011901423219257145,0.3563069092753577,-0.045228767418778106,0.9990102708804813,8.274021115975899e-11,1.014
3120.0040000006557,1.203195595889178e-05,0.011901423219257145,0.3563069092753577,-0.045228767418778106,0.9990102708804813,8.27433954212603e-11,1.014
3120.002000000328,1.2103180373014845e-05,0.011949680823974773,0.3067326481299535,-0.056170174584160494,0.9990102708804813,6.403331720854048e-11,1.013
3120.001000000164,1.210317365829563e-05,0.011949680823974773,0.3067326481299535,-0.056170174584160494,0.9990102708804813,6.40244791184429e-11,1.013
3120.0,1.2204925512156358e-05,0.01202644285045775,0.2591777690881045,-0.04477582525560026,0.9990102708804813,4.005485761207528e-11,1.013
3120.001000000164,1.2108256606417293e-05,0.011943003292108992,0.3086737837515283,-0.030857306441166743,0.9990102708804813,9.005498527360672e-11,1.013
3120.0019999993965,1.2108264394943866e-05,0.011945865548536123,0.3047746391645889,-0.02085606297492325,0.9990102708804813,1.4326916601456669e-10,1.013
3120.001000000164,1.2016684081271921e-05,0.011881298000018376,0.360307601691912,-0.03049900416337818,0.9990102708804813,1.1167941985594228e-10,1.013
3119.9959999993443,1.2108261428308043e-05,0.011943003292108992,0.3086737837515283,-0.030857306441166743,0.9990102708804813,9.005495445875479e-11,1.013
3119.9950000001118,1.210827051889412e-05,0.011943003292108992,0.3086737837515283,-0.030857306441166743,0.9990102708804813,9.005328544261648e-11,1.013
3120.0019999993965,1.2108259659161688e-05,0.011943003292108992,0.3086737837515283,-0.030857306441166743,0.9990102708804813,9.005670638226018e-11,1.013
3120.0039999997243,1.2108256465455786e-05,0.011943003292108992,0.3086737837515283,-0.030857306441166743,0.9990102708804813,9.00602975266788e-11,1.013
3120.006000000052,1.2108257072905875e-05,0.011943003292108992,0.3086737837515283,-0.030857306441166743,0.9990102708804813,9.006147662389597e-11,1.013
3120.001000000164,1.2108254383612373e-05,0.011943003292108992,0.3086737837515283,-0.030857306441166743,0.9990102708804813,9.005516669250288e-11,1.013
3119.992999999784,1.2108271063545155e-05,0.011943003292108992,0.3086737837515283,-0.030857306441166743,0.9990102708804813,9.00508812029173e-11,1.013
3120.0,1.2108263550507257e-05,0.011943003292108992,0.3086737837515283,-0.030857306441166743,0.9990102708804813,9.00568458423483e-11,1.013
3119.9969999995083,1.2240533491555133e-05,0.012053773155881338,0.2381248875834423,-0.03407342713322698,0.9990102708804813,3.391363396436113e-11,1.012
3120.0,1.223036176051031e-05,0.012056609115411412,0.23393220623836974,0.005360688637460318,0.9990102708804813,2.4150317926906024e-10,1.012
3120.0009999992326,1.223035405713033e-05,0.012056609115411412,0.23393220623836974,0.005360688637460318,0.9990102708804813,2.4151244489746436e-10,1.012
3119.9990000007674,1.2215103619074845e-05,0.012049045073344419,0.24303333270530691,0.014930148346602092,0.9990102708804813,2.868200869837323e-10,1.012
3120.0,1.2113343362117853e-05,0.011965763125663387,0.30323526823464686,0.013773178402931213,0.9990102708804813,2.868335608598107e-10,1.012
3120.0009999992326,1.1955641542894839e-05,0.011806126180276674,0.2932454716898314,-0.028473263394411953,0.9990102708804813,1.491071644069512e-10,1.012
3119.993999999948,1.200650848559519e-05,0.011846718083280623,0.261903596367028,-0.029769500131870647,0.9990102708804813,1.1461275369380432e-10,1.012
3119.9969999995083,1.2138784575168146e-05,0.011970524102705186,0.2982543727960234,-0.03555881954083595,0.9990102708804813,3.3911618163467626e-11,1.012
3119.9980000006035,1.2108267140392218e-05,0.011943003292108992,0.3086737837515283,-0.030857306441166743,0.9990102708804813,9.005838978404342e-11,1.012
3120.006000000052,1.2133695965225196e-05,0.011961476626107732,0.2864288241415016,-0.012475533842065671,0.9990102708804813,1.7454904277460624e-10,1.012
3120.002000000328,1.2133691979385095e-05,0.011958737224782329,0.2900341392328598,-0.022461974417640338,0.9990102708804813,1.2133978107385988e-10,1.012
3120.001000000164,1.218965497005837e-05,0.01201281367156299,0.2685875791617489,-0.03263572706896415,0.9990102708804813,6.84160479572613e-11,1.012
3120.0009999992326,1.2189660692148858e-05,0.01201542218860281,0.265029410321556,-0.02268315280952009,0.9990102708804813,1.216366892834601e-10,1.012
3120.0,1.2235451238104396e-05,0.012055427546683343,0.23545220876252637,-0.014211000714853147,0.9990102708804813,1.3946706978678824e-10,1.012
3120.0009999992326,1.224054315370306e-05,0.012060861804381382,0.22885611123949579,-0.004458825063843288,0.9990102708804813,1.9179138050509935e-10,1.011
3120.0,1.2240532038438382e-05,0.012064994925987364,0.2242117945364095,0.014792173684046166,0.9990102708804813,2.9121110367719896e-10,1.011
3120.002000000328,1.2138787371069565e-05,0.01199038075997711,0.28884303929877886,0.027759009338989976,0.9990102708804813,3.122620669479462e-10,1.011
3120.0049999998882,1.2138784974052888e-05,0.01199038075997711,0.28884303929877886,0.027759009338989976,0.9990102708804813,3.122645504846572e-10,1.011
3119.9990000007674,1.1909853538546808e-05,0.011760429086886726,0.30527250028147357,-0.00842742400190504,0.9990102708804813,2.5174834811281744e-10,1.011
3119.9960000002757,1.2067557704015681e-05,0.011914223346434149,0.322479075478618,0.004697596013278034,0.9990102708804813,2.420832671133355e-10,1.011
3120.001000000164,1.2082824715664076e-05,0.011916375287812928,0.32026902476612484,-0.02533363961804897,0.9990102708804813,8.684669013977043e-11,1.011
3120.001000000164,1.218965621472011e-05,0.01201542218860281,0.265029410321556,-0.02268315280952009,0.9990102708804813,1.216418882562493e-10,1.011
3119.9970000004396,1.2184569935673489e-05,0.012012220747782056,0.2689096814703906,-0.02265868912184669,0.9990102708804813,1.207576915942251e-10,1.011
3120.0049999998882,1.2240540388023181e-05,0.01205625465695191,0.23473587407011864,-0.024150035667975384,0.9990102708804813,8.712489565617996e-11,1.011
3119.998999999836,1.2240534511402988e-05,0.01205625465695191,0.23473587407011864,-0.024150035667975384,0.9990102708804813,8.712714794596561e-11,1.011
3120.001000000164,1.2230361711640533e-05,0.012056609115411412,0.23393220623836974,0.005360688637460318,0.9990102708804813,2.415046164820353e-10,1.011
3120.0019999993965,1.2230360538229574e-05,0.012056609115411412,0.23393220623836974,0.005360688637460318,0.9990102708804813,2.4150524897166753e-10,1.011
3120.001000000164,1.2174394328086103e-05,0.012014355136449386,0.2632052934966125,0.02165303411891169,0.9990102708804813,3.020408766191872e-10,1.011
3120.007000000216,1.2230359227220849e-05,0.012090942196159993,0.3411786896194533,-0.027949404683594845,0.9990102708804813,1.573030107257415e-10,1.011
3119.9990000007674,1.2240528858194057e-05,0.012098951003480197,0.33115491787865725,-0.018434433650146968,0.9990102708804813,2.0699934020082024e-10,1.01
3119.9950000001118,1.2204931915080444e-05,0.01207502661720739,0.3565390713863872,-0.012593569368719082,0.9990102708804813,2.172473943898107e-10,1.01
3120.0039999997243,1.2062466369468554e-05,0.011925815327476351,0.32593794994630887,0.02742265499665588,0.9990102708804813,2.9852785785327366e-10,1.01
3120.0,1.199633059798301e-05,0.011842989920472327,0.2655851394844291,-0.010938366280855698,0.9990102708804813,2.0350260481569516e-10,1.01
3119.997999999672,1.189966861126992e-05,0.011752189588070776,0.3156454053449269,-0.01816982361036485,0.9990102708804813,2.0204053344863818e-10,1.01
3120.0,1.195054693476431e-05,0.011801178172869232,0.2998617691115646,-0.038500686080516905,0.9990102708804813,9.67758802977201e-11,1.01
3119.9980000006035,1.2179491037449733e-05,0.012013880860626663,0.26340563159191577,0.002588939898035226,0.9990102708804813,2.0701390376768185e-10,1.01
3120.0,1.2098092868825838e-05,0.011924381878776013,0.21590367866298665,-0.02503214506503795,0.9990102708804813,1.5730852972403514e-10,1.01
3119.9970000004396,1.2179488250197556e-05,0.012013880860626663,0.26340563159191577,0.002588939898035226,0.9990102708804813,2.0700863166809037e-10,1.01
3120.0019999993965,1.2179486981597867e-05,0.012013880860626663,0.26340563159191577,0.002588939898035226,0.9990102708804813,2.070049205667892e-10,1.01
3119.9960000002757,1.2174407867493246e-05,0.012014355136449386,0.2632052934966125,0.02165303411891169,0.9990102708804813,3.0203599597161345e-10,1.01
3119.9969999995083,1.2174397657081116e-05,0.012014355136449386,0.2632052934966125,0.02165303411891169,0.9990102708804813,3.02025438077924e-10,1.01
3150.5789999999106,1.2934030394723863e-05,0.01282303394014846,-0.009646514419927588,-0.03216338077948948,0.9990102708804813,2.8369668450292194e-11,1.005
3119.9980000006035,1.2418595675300066e-05,0.01220445484029156,0.1675686284817841,-0.024265512997086094,0.9990102708804813,1.06144997674185e-10,1.006
3120.0039999997243,1.2484733666197018e-05,0.012289017170626049,0.23629593861201714,-0.06275698794108603,0.9990102708804813,1.111551563563538e-11,1.006
3120.001000000164,1.2306674495336483e-05,0.012138915781620503,0.3083960510653627,-0.0735060374905357,0.9990102708804813,-6.110283941227893e-11,1.006
3120.0,1.2306673771836162e-05,0.012138915781620503,0.3083960510653627,-0.0735060374905357,0.9990102708804813,-6.110723051937774e-11,1.006
3119.993999999948,1.2250707381035139e-05,0.012069362686965453,0.21888253196131258,0.004976191191432067,0.9990102708804813,2.4152075601705787e-10,1.007
3119.992999999784,1.2189669548227252e-05,0.012022177986237018,0.25363106306458105,0.012070232605065982,0.9990102708804813,2.567237503311874e-10,1.007
3120.006000000052,1.2164216230215562e-05,0.012006171252657797,0.27274344205557943,0.012171909891322797,0.9990102708804813,2.523318273293662e-10,1.007
3120.00800000038,1.2189655673877827e-05,0.01201150920061054,0.26724619014005535,-0.03698624144163173,0.9990102708804813,-5.832544160409432e-13,1.007
3119.997999999672,1.2240536542777421e-05,0.012053773155881338,0.2381248875834423,-0.03407342713322698,0.9990102708804813,3.3912938146273965e-11,1.007
3120.0,1.2240540264288859e-05,0.012053773155881338,0.2381248875834423,-0.03407342713322698,0.9990102708804813,3.390301206996098e-11,1.006
3119.998999999836,1.2240528732449275e-05,0.012053773155881338,0.2381248875834423,-0.03407342713322698,0.9990102708804813,3.3913952888474556e-11,1.007
3120.002000000328,1.2240524843248695e-05,0.012053773155881338,0.2381248875834423,-0.03407342713322698,0.9990102708804813,3.392045717799894e-11,1.007
3119.998999999836,1.224054194947368e-05,0.01205625465695191,0.23473587407011864,-0.024150035667975384,0.9990102708804813,8.71325182233436e-11,1.006
3120.002000000328,1.2240544164077347e-05,0.012053773155881338,0.2381248875834423,-0.03407342713322698,0.9990102708804813,3.390979469880187e-11,1.006
3120.0039999997243,1.2301585791215023e-05,0.012140323899610887,0.3048776718668873,-0.05376716970234517,0.9990102708804813,4.4445164440845784e-11,1.006
3119.993999999948,1.2367732964364953e-05,0.012217520463162934,0.2978487842905406,-0.046425023251479146,0.9990102708804813,1.2309911883218864e-10,1.006
3119.998999999836,1.2240536206982127e-05,0.012098951003480197,0.33115491787865725,-0.018434433650146968,0.9990102708804813,2.07017396636763e-10,1.006
3120.006000000052,1.2230366913920082e-05,0.012091649069005282,0.3374363416895667,0.01338336919310598,0.9990102708804813,3.2337728045729486e-10,1.006
3120.001000000164,1.21845775888396e-05,0.012063696097496931,0.37006107636548213,-0.0035757629140883017,0.9990102708804813,2.5642942333373155e-10,1.006
3119.9980000006035,1.2062470430034068e-05,0.011925815327476351,0.32593794994630887,0.02742265499665588,0.9990102708804813,2.9852815080659626e-10,1.006
3120.0009999992326,1.2082822872729703e-05,0.011937276720365248,0.31183323535202145,0.01823306965333487,0.9990102708804813,2.5935095466957133e-10,1.006
3120.0030000004917,1.2138780997760094e-05,0.011985033401748368,0.2947601490312728,-0.0011563869275748675,0.9990102708804813,1.6490254194305653e-10,1.006
3120.0030000004917,1.2189669729770536e-05,0.012018267197842825,0.2581502199160348,-0.007254266684001164,0.9990102708804813,1.5730046357809723e-10,1.006
3119.9950000001118,1.2240536264837922e-05,0.012053773155881338,0.2381248875834423,-0.03407342713322698,0.9990102708804813,3.391743546636858e-11,1.006
3119.998999999836,1.2240538441593454e-05,0.012060861804381382,0.22885611123949579,-0.004458825063843288,0.9990102708804813,1.9180283908493332e-10,1.006
3120.0029999995604,1.2240537356391297e-05,0.012064994925987364,0.2242117945364095,0.014792173684046166,0.9990102708804813,2.9121278545348933e-10,1.006
3119.998999999836,1.224053974230654e-05,0.012098951003480197,0.33115491787865725,-0.018434433650146968,0.9990102708804813,2.069983621127104e-10,1.006
3120.0009999992326,1.224053354877358e-05,0.012098951003480197,0.33115491787865725,-0.018434433650146968,0.9990102708804813,2.0700597757950047e-10,1.006
3120.006000000052,1.2240531939733125e-05,0.012098951003480197,0.33115491787865725,-0.018434433650146968,0.9990102708804813,2.0701647223271202e-10,1.006
3119.998999999836,1.2204935885085496e-05,0.01207502661720739,0.3565390713863872,-0.012593569368719082,0.9990102708804813,2.1723918250343566e-10,1.006
3119.998999999836,1.220492081069732e-05,0.01207502661720739,0.3565390713863872,-0.012593569368719082,0.9990102708804813,2.1723611390668507e-10,1.006
3120.0029999995604,1.2204923198644365e-05,0.01207502661720739,0.3565390713863872,-0.012593569368719082,0.9990102708804813,2.1723837135362963e-10,1.006
3120.0,1.2220188465417417e-05,0.012085992928643645,0.3432603664764726,-0.0034828078530804015,0.9990102708804813,2.625658350622882e-10,1.006
3120.0030000004917,1.222018974599267e-05,0.012085992928643645,0.3432603664764726,-0.0034828078530804015,0.9990102708804813,2.6255871160561786e-10,1.006
3120.002000000328,1.2133703683403065e-05,0.011990143150251846,0.29017135247395665,0.04599412889575505,0.9990102708804813,3.9676782585706514e-10,1.006
3120.0009999992326,1.2118443371363207e-05,0.01197908909302264,0.30274500398161,0.03696098184918933,0.9990102708804813,3.5144894735481727e-10,1.006
3120.0,1.2291410619193444e-05,0.012141731854297037,0.30125077105660747,-0.01542963947986455,0.9990102708804813,2.4150700689558133e-10,1.005
3119.998999999836,1.2174405882616632e-05,0.012014355136449386,0.2632052934966125,0.02165303411891169,0.9990102708804813,3.020395981467147e-10,1.005
3119.997999999672,1.2225276870005496e-05,0.012057318001069545,0.23354717395239488,0.024361310586815614,0.9990102708804813,3.3653443245166057e-10,1.005
3119.997999999672,1.2225284542665374e-05,0.012057318001069545,0.23354717395239488,0.024361310586815614,0.9990102708804813,3.365395840622939e-10,1.005
3120.0,1.2189663111225026e-05,0.012022177986237018,0.25363106306458105,0.012070232605065982,0.9990102708804813,2.567128583058247e-10,1.005
3120.0029999995604,1.2240527539578735e-05,0.012064994925987364,0.2242117945364095,0.014792173684046166,0.9990102708804813,2.912166842738604e-10,1.005
3120.001000000164,1.2230360412979609e-05,0.012056609115411412,0.23393220623836974,0.005360688637460318,0.9990102708804813,2.415076946445025e-10,1.005
3120.0,1.2230357239822076e-05,0.012056609115411412,0.23393220623836974,0.005360688637460318,0.9990102708804813,2.415085289432411e-10,1.005
3119.9980000006035,1.2230363485462337e-05,0.012056609115411412,0.23393220623836974,0.005360688637460318,0.9990102708804813,2.415092209287987e-10,1.005
3119.997999999672,1.223035744441974e-05,0.012056609115411412,0.23393220623836974,0.005360688637460318,0.9990102708804813,2.415136456613098e-10,1.005
3119.9970000004396,1.2240532938017572e-05,0.012064994925987364,0.2242117945364095,0.014792173684046166,0.9990102708804813,2.9121805702876636e-10,1.005
3119.9960000002757,1.222527537824978e-05,0.012057318001069545,0.23354717395239488,0.024361310586815614,0.9990102708804813,3.3654204111378096e-10,1.005
3120.0,1.2215103348785997e-05,0.012049045073344419,0.24303333270530691,0.014930148346602092,0.9990102708804813,2.868311198715199e-10,1.005
3119.997999999672,1.224054001161273e-05,0.012064994925987364,0.2242117945364095,0.014792173684046166,0.9990102708804813,2.912135266846398e-10,1.005
3120.001000000164,1.222528146034125e-05,0.012057318001069545,0.23354717395239488,0.024361310586815614,0.9990102708804813,3.3654471023727604e-10,1.005
3119.9970000004396,1.222527424890918e-05,0.012057318001069545,0.23354717395239488,0.024361310586815614,0.9990102708804813,3.3654076423665375e-10,1.005
3119.998999999836,1.2225277176120581e-05,0.012057318001069545,0.23354717395239488,0.024361310586815614,0.9990102708804813,3.365354194508054e-10,1.005
3120.0030000004917,1.213879343447629e-05,0.01199038075997711,0.28884303929877886,0.027759009338989976,0.9990102708804813,3.1227097723478776e-10,1.005
3120.0040000006557,1.217439571586968e-05,0.012014355136449386,0.2632052934966125,0.02165303411891169,0.9990102708804813,3.020326665293565e-10,1.005
3120.0,1.22252752196816e-05,0.012057318001069545,0.23354717395239488,0.024361310586815614,0.9990102708804813,3.3653532622589456e-10,0.997
3000.001000000164,1.164387610136862e-05,0.011079086327227271,0.32201996592020876,-0.1576433096534462,0.9957274520849255,-2.1833515162175531e-10,0.996
3120.0,1.2138784707720082e-05,0.01200937430614401,0.318504203318132,0.08309090195415444,0.9990102708804813,5.917916675114776e-10,0.997
3120.0049999998882,1.227613926264241e-05,0.01211953756886752,0.24896116878731922,0.07806049509551168,0.9990102708804813,5.25993266806166e-10,0.998
3119.9960000002757,1.216422131468932e-05,0.012007476303515518,0.2712279692451074,0.053663880645652896,0.9990102708804813,4.18409209053401e-10,0.999
3120.0049999998882,1.2164224385358785e-05,0.012007476303515518,0.2712279692451074,0.053663880645652896,0.9990102708804813,4.18400589320405e-10,1.0
3120.0,1.2103180082979959e-05,0.011952899015376746,0.296687962425195,0.06141118031786645,0.9990102708804813,4.359442693234717e-10,1.0
3120.0,1.2169305454789214e-05,0.012037098400018882,0.3627225695214231,0.02075649769472965,0.9990102708804813,3.409249625144945e-10,1.001
3120.002000000328,1.216931865001036e-05,0.012037098400018882,0.3627225695214231,0.02075649769472965,0.9990102708804813,3.4091669266768285e-10,1.001
3119.9959999993443,1.2276147279702862e-05,0.012133868683596682,0.33736175941667756,0.0026041773570308012,0.9990102708804813,2.499904919083911e-10,1.001
3120.0,1.2230357703104404e-05,0.012104718770967611,0.3662727314156391,-0.0013808464484025113,0.9990102708804813,2.678257465999596e-10,1.001
3119.9970000004396,1.2276156386390946e-05,0.012133868683596682,0.33736175941667756,0.0026041773570308012,0.9990102708804813,2.499884472293038e-10,1.001
3120.0,1.227615280808352e-05,0.012133868683596682,0.33736175941667756,0.0026041773570308012,0.9990102708804813,2.4999104437750785e-10,1.002
3120.001000000164,1.2210002342484235e-05,0.012051645748285319,0.2807997839135905,-0.03490183560300878,0.9990102708804813,1.5496878156150242e-10,1.002
3119.998999999836,1.2210006209697107e-05,0.012051645748285319,0.2807997839135905,-0.03490183560300878,0.9990102708804813,1.549658833535281e-10,1.002
3119.9980000006035,1.2164224491317028e-05,0.012016844777417941,0.3108686733028807,-0.03371163830980628,0.9990102708804813,1.3712536199160163e-10,1.002
3119.9950000001118,1.2210010025974305e-05,0.012051645748285319,0.2807997839135905,-0.03490183560300878,0.9990102708804813,1.549635763916035e-10,1.002
3119.998999999836,1.2133689639114763e-05,0.011997863057591398,0.331886688693281,-0.026394083903443902,0.9990102708804813,1.587690147109898e-10,0.998
3119.9960000002757,1.2092997440782115e-05,0.01196909600844013,0.3605252764093021,-0.02237931370373502,0.9990102708804813,1.5584610910655798e-10,1.002
3119.998999999836,1.2031952641509247e-05,0.011901423219257145,0.3563069092753577,-0.045228767418778106,0.9990102708804813,8.274876568797769e-11,1.002
3119.9970000004396,1.2103177146432654e-05,0.011942645461822065,0.30874165300336776,-0.020818745602131816,0.9990102708804813,1.4239724723303853e-10,1.002
3120.0030000004917,1.2072651759067896e-05,0.01192390402424834,0.33085824205753633,-0.03849841433812141,0.9990102708804813,7.982323139399454e-11,1.002
3120.0050000008196,1.2087913794197885e-05,0.011956116340547888,0.33402572309917655,-0.0556060402940985,0.9990102708804813,2.982144549721446e-11,1.002
3119.9960000002757,1.21642351418118e-05,0.011997269394927804,0.2869854206929108,-0.04107319425944096,0.9990102708804813,3.714012900096356e-11,1.002
3120.001000000164,1.2108265145630684e-05,0.011943003292108992,0.3086737837515283,-0.030857306441166743,0.9990102708804813,9.005737941623602e-11,1.002
3119.9970000004396,1.216422967541131e-05,0.011997269394927804,0.2869854206929108,-0.04107319425944096,0.9990102708804813,3.7135696404036626e-11,1.002
3120.0039999997243,1.2164224457070073e-05,0.011997269394927804,0.2869854206929108,-0.04107319425944096,0.9990102708804813,3.712776923407808e-11,1.002
3120.002000000328,1.2194744333495947e-05,0.012026442850457736,0.2954771275104169,-7.200107672375732e-05,0.9990102708804813,1.9444196933647944e-10,1.002
3119.998999999836,1.223036950089871e-05,0.012056609115411412,0.23393220623836974,0.005360688637460318,0.9990102708804813,2.4152160275145036e-10,1.002
3119.9969999995083,1.2230356922025567e-05,0.012056609115411412,0.23393220623836974,0.005360688637460318,0.9990102708804813,2.415152388069695e-10,1.002
3120.002000000328,1.2113348642342917e-05,0.011965763125663387,0.30323526823464686,0.013773178402931213,0.9990102708804813,2.8683546811705217e-10,1.002
3120.0,1.2123532740472908e-05,0.011962548394993541,0.2852553392543218,0.01725866573456207,0.9990102708804813,3.289301382736805e-10,1.002
3119.997999999672,1.2031951394589682e-05,0.0118980713800221,0.3397239940198311,0.007840552048105787,0.9990102708804813,2.973588194126268e-10,1.002
3119.9969999995083,1.2031948598397454e-05,0.011897113538220485,0.34288425765367103,0.015845010851943536,0.9990102708804813,3.084673645534879e-10,1.002
3120.0,1.2052301402242146e-05,0.011919602471430053,0.3340274004084467,-0.007554675408196305,0.9990102708804813,2.4823719415434925e-10,1.002
3119.9980000006035,1.2103177843397423e-05,0.011945388553425387,0.30513366220819105,-0.010820131406884972,0.9990102708804813,1.9560857932347014e-10,1.002
3120.0019999993965,1.2072653645133901e-05,0.01192390402424834,0.33085824205753633,-0.03849841433812141,0.9990102708804813,7.982478132629884e-11,1.002
3120.0049999998882,1.2118431668126743e-05,0.011956950320573364,0.29189121168909216,0.0074691718710818925,0.9990102708804813,2.7659211288828393e-10,1.002
3120.0039999997243,1.211843433457438e-05,0.011956950320573364,0.29189121168909216,0.0074691718710818925,0.9990102708804813,2.7659878552535396e-10,1.001
3119.998999999836,1.2052306349704221e-05,0.011919602471430053,0.3340274004084467,-0.007554675408196305,0.9990102708804813,2.482378224759875e-10,1.001
3120.002000000328,1.2016689807339777e-05,0.011900705047465845,0.35588847729289075,-0.015152165968943886,0.9990102708804813,2.3800601698609195e-10,1.001
3119.9990000007674,1.2067565817997473e-05,0.011920678005154004,0.33367601965032634,-0.037581512793136394,0.9990102708804813,9.297803535778116e-11,1.001
3119.997999999672,1.2062478085611971e-05,0.011920439006046064,0.33350166943170567,-0.027523354147042517,0.9990102708804813,1.4531819192801658e-10,1.001
3120.001000000164,1.2103172299645154e-05,0.011945388553425387,0.30513366220819105,-0.010820131406884972,0.9990102708804813,1.9560677384920107e-10,1.001
3119.9980000006035,1.2093004701312831e-05,0.01196909600844013,0.3605252764093021,-0.02237931370373502,0.9990102708804813,1.5584385836109243e-10,1.001
3120.0029999995604,1.2031945196894732e-05,0.011904534796368448,0.3518294901725545,-0.0351903945078107,0.9990102708804813,1.359600671070439e-10,1.001
3119.9959999993443,1.2031955923619221e-05,0.011904534796368448,0.3518294901725545,-0.0351903945078107,0.9990102708804813,1.3596017106311072e-10,1.001
3120.001000000164,1.210317643289851e-05,0.011942645461822065,0.30874165300336776,-0.020818745602131816,0.9990102708804813,1.4239597032036287e-10,1.001
3120.0,1.2108264914706191e-05,0.011943003292108992,0.3086737837515283,-0.030857306441166743,0.9990102708804813,9.005322077169578e-11,1.001
3120.001000000164,1.2189657219721228e-05,0.01201542218860281,0.265029410321556,-0.02268315280952009,0.9990102708804813,1.2162916610791194e-10,1.001
3120.001000000164,1.2210014164517568e-05,0.012037808434629213,0.2563265740222529,-0.03256874457256463,0.9990102708804813,5.496869647072657e-11,1.001
3120.0,1.2159137201720606e-05,0.011999406443060148,0.2834852304895694,-0.021117871823583007,0.9990102708804813,1.426811880353424e-10,1.001
3119.998999999836,1.2235447621027923e-05,0.012055427546683343,0.23545220876252637,-0.014211000714853147,0.9990102708804813,1.3946999720032663e-10,1.001
3119.998999999836,1.2225277970167926e-05,0.01205129114384083,0.2402620575349208,-0.0043903471125340985,0.9990102708804813,1.891754213835815e-10,1.001
3119.9980000006035,1.2230360073968615e-05,0.012056609115411412,0.23393220623836974,0.005360688637460318,0.9990102708804813,2.415135969021052e-10,1.001
3120.0,1.2240537998730482e-05,0.012064994925987364,0.2242117945364095,0.014792173684046166,0.9990102708804813,2.9121520383911053e-10,1.001
3120.0,1.2215104127161048e-05,0.012049045073344419,0.24303333270530691,0.014930148346602092,0.9990102708804813,2.8683049921912794e-10,1.001
3119.998999999836,1.2123526172136156e-05,0.011974093593208461,0.2934336541755207,0.023265198191760497,0.9990102708804813,3.3653458255903037e-10,1.001
3120.0,1.2174403670499432e-05,0.012014355136449386,0.2632052934966125,0.02165303411891169,0.9990102708804813,3.020253299708295e-10,1.001
3119.998999999836,1.2138787538964041e-05,0.01199038075997711,0.28884303929877886,0.027759009338989976,0.9990102708804813,3.1226457630649665e-10,1.001
3120.002000000328,1.2021774054884141e-05,0.01188836966675128,0.35163466673054344,0.03045932842921021,0.9990102708804813,3.499822324441543e-10,1.001
3120.002000000328,1.2031948985378886e-05,0.011896754327662745,0.3418118034139388,0.0399710350965257,0.9990102708804813,3.996902076971569e-10,1.001
3119.9990000007674,1.1991254802359136e-05,0.011875421719907027,0.3652833599999825,0.03330392731689583,0.9990102708804813,4.026112814602472e-10,1.001
3120.002000000328,1.1996337218068399e-05,0.011873382330962254,0.3691494440118528,0.02205726899653921,0.9990102708804813,3.1869652454455216e-10,1.001
3119.9980000006035,1.199634098014263e-05,0.011873382330962254,0.3691494440118528,0.02205726899653921,0.9990102708804813,3.1870063195345217e-10,1.001
3120.0019999993965,1.2052293595721654e-05,0.011916853444235787,0.33762992987545815,-0.017572438745252078,0.9990102708804813,1.9501836565238044e-10,1.001
3119.998999999836,1.201159975658656e-05,0.011880938311290645,0.359500482179814,0.012332155574287861,0.9990102708804813,2.73380724626094e-10,1.0
3119.998999999836,1.2128615708704351e-05,0.011973379780238403,0.2938741491655188,0.004144992613437329,0.9990102708804813,2.4151095642896277e-10,1.0
3119.9970000004396,1.2128614116717424e-05,0.011973379780238403,0.2938741491655188,0.004144992613437329,0.9990102708804813,2.415090266432215e-10,1.0
3119.998999999836,1.2179485731600623e-05,0.01201613350406289,0.2638572901359111,0.006924720517765875,0.9990102708804813,2.760115550904519e-10,1.0
3120.0009999992326,1.2215098791430783e-05,0.012049045073344419,0.24303333270530691,0.014930148346602092,0.9990102708804813,2.8682833870543993e-10,1.0
3120.0030000004917,1.2215098567490906e-05,0.012049045073344419,0.24303333270530691,0.014930148346602092,0.9990102708804813,2.868241272378913e-10,1.0
3119.997999999672,1.2215101407292573e-05,0.012049045073344419,0.24303333270530691,0.014930148346602092,0.9990102708804813,2.868294251928245e-10,1.0
3120.002000000328,1.2179480006001514e-05,0.01201613350406289,0.2638572901359111,0.006924720517765875,0.9990102708804813,2.7600849094192634e-10,1.0
3120.001000000164,1.2108261617487244e-05,0.011955163149280917,0.2945199422630087,0.026943750196900516,0.9990102708804813,3.7425811900887473e-10,1.0
3120.0,1.2164213513484783e-05,0.012008662590312691,0.2729786413530011,0.016538890295674652,0.9990102708804813,3.213323415713671e-10,1.0
3119.9970000004396,1.2118444189006206e-05,0.01197908909302264,0.30274500398161,0.03696098184918933,0.9990102708804813,3.514460187708562e-10,1.0
3119.998999999836,1.2118437750254507e-05,0.01197908909302264,0.30274500398161,0.03696098184918933,0.9990102708804813,3.5144626720363683e-10,1.0
3120.0009999992326,1.2138781486086516e-05,0.01199038075997711,0.28884303929877886,0.027759009338989976,0.9990102708804813,3.122631333589629e-10,1.0
3120.0030000004917,1.2087913504818576e-05,0.01195015764775789,0.31939626760329487,0.02941420935726001,0.9990102708804813,3.4677178883660856e-10,1.0
3119.998999999836,1.2138783209863456e-05,0.01199038075997711,0.28884303929877886,0.027759009338989976,0.9990102708804813,3.1226481133758025e-10,1.0
3120.001000000164,1.2138786522876518e-05,0.01199038075997711,0.28884303929877886,0.027759009338989976,0.9990102708804813,3.1226237219691413e-10,1.0
3120.0,1.2225267579681617e-05,0.012057318001069545,0.23354717395239488,0.024361310586815614,0.9990102708804813,3.3654106579253063e-10,1.0
3119.998999999836,1.2098087124397894e-05,0.011947296419604321,0.3027927782043891,0.008916294909746837,0.9990102708804813,2.976465824344466e-10,1.0
3120.0029999995604,1.2164219931492412e-05,0.012008662590312691,0.2729786413530011,0.016538890295674652,0.9990102708804813,3.213333156573432e-10,1.0
3120.0,1.221510312921666e-05,0.012049045073344419,0.24303333270530691,0.014930148346602092,0.9990102708804813,2.868264197166601e-10,1.0
3120.001000000164,1.2215096633229561e-05,0.012049045073344419,0.24303333270530691,0.014930148346602092,0.9990102708804813,2.868316048912321e-10,1.0
3119.997999999672,1.2291411895364534e-05,0.012141731854297037,0.30125077105660747,-0.01542963947986455,0.9990102708804813,2.4151102997854543e-10,1.0
3119.997999999672,1.2255797705554392e-05,0.012118009483663265,0.3262016403235748,-0.009523941222522137,0.9990102708804813,2.5174346604305814e-10,1.0
3119.998999999836,1.2291412515421336e-05,0.012141731854297037,0.30125077105660747,-0.01542963947986455,0.9990102708804813,2.415062369020004e-10,0.999
3120.001000000164,1.2169312671321228e-05,0.01202241496282922,0.272350556173786,0.03972887664062915,0.9990102708804813,3.859462838327503e-10,0.999
3120.0,1.2184575829111694e-05,0.012063696097496931,0.37006107636548213,-0.0035757629140883017,0.9990102708804813,2.564202803246178e-10,0.999
3120.0,1.2189656466375168e-05,0.012033547598537437,0.25874800002287035,0.030528565880421393,0.9990102708804813,3.4676235242240936e-10,0.999
3119.998999999836,1.2225277358500974e-05,0.012057318001069545,0.23354717395239488,0.024361310586815614,0.9990102708804813,3.365370500370608e-10,0.999
3120.001000000164,1.2225275577758366e-05,0.012057318001069545,0.23354717395239488,0.024361310586815614,0.9990102708804813,3.3653089000308953e-10,0.999
3120.0030000004917,1.2271066546967698e-05,0.01213069850230584,0.31412054261035705,-0.00642246968476667,0.9990102708804813,2.806863211917833e-10,0.999
3270.7340000001714,1.2636879508244853e-05,0.012530252419763563,0.2564642636933758,-0.3910546081897974,4.558204384449343,-1.2125405636037098e-09,1.006
3270.729000000283,1.2402511510435485e-05,0.012306025726762374,0.27262776242058395,-0.4055508578181358,4.593219840298298,-1.2278488140523087e-09,1.007
3280.7070000004023,1.2530906798273515e-05,0.012466128770427022,0.26511556032009054,-0.3820934642329322,4.603848903499818,-1.1617951597273487e-09,1.007
3280.7070000004023,1.2530906798273515e-05,0.012466128770427022,0.26511556032009054,-0.3820934642329322,4.603848903499818,-1.1617951597273487e-09,1.007
3271.2740000002086,1.2392290188208238e-05,0.01224839720663171,0.18287778484104145,-0.1638083466558505,4.567167696895671,-3.4770904359843346e-10,1.01
3271.2740000002086,1.2392290188208238e-05,0.01224839720663171,0.18287778484104145,-0.1638083466558505,4.567167696895671,-3.4770904359843346e-10,1.01
3301.2949999999255,1.251927137857866e-05,0.01254358327106082,0.28690150093457056,-0.3744268499244549,4.586111077404917,-1.106442291874097e-09,1.011
3301.2949999999255,1.251927137857866e-05,0.01254358327106082,0.28690150093457056,-0.3744268499244549,4.586111077404917,-1.106442291874097e-09,1.011
3120.0009999992326,1.2026857700988659e-05,0.01190130352696813,0.35587343307668506,-0.035153354830945824,0.9990102708804813,1.3508218393773952e-10,1.004
3120.0019999993965,1.2031944308742184e-05,0.011901423219257145,0.3563069092753577,-0.045228767418778106,0.9990102708804813,8.274346700291831e-11,1.004
3119.997999999672,1.2016680226123919e-05,0.011900705047465845,0.35588847729289075,-0.015152165968943886,0.9990102708804813,2.380068085912897e-10,1.004
3120.0,1.2026858868636662e-05,0.011904295473157963,0.3516915848901667,-0.02511847193486735,0.9990102708804813,1.8829667917655836e-10,1.003
3119.9959999993443,1.2026871704490954e-05,0.011904295473157963,0.3516915848901667,-0.02511847193486735,0.9990102708804813,1.8829546531174279e-10,1.003
3120.0049999998882,1.2031945007274977e-05,0.011910396712853367,0.3438276593256364,-0.015279108007549821,0.9990102708804813,2.406303292893634e-10,1.003
3119.9970000004396,1.2072645276492877e-05,0.011955043995028843,0.33358840425888747,-0.02567206417203646,0.9990102708804813,1.8508080788998909e-10,1.003
3119.998999999836,1.2113351919512804e-05,0.011976948419663996,0.3091728320031706,-0.018905101208671435,0.9990102708804813,1.8216172827765014e-10,1.003
3119.9990000007674,1.2148962190194443e-05,0.011995488230653068,0.28802089870663705,-0.011245400720455297,0.9990102708804813,1.923888628657223e-10,1.002
3120.0030000004917,1.2082819858403242e-05,0.011940856149541535,0.3088230115742241,0.010616862848564845,0.9990102708804813,3.3185190934391717e-10,1.002
3119.997999999672,1.2042121542946015e-05,0.011918287798403862,0.3356823808916487,0.011974985919747121,0.9990102708804813,3.458981435999478e-10,1.001
3120.0030000004917,1.2057381461256757e-05,0.011925456981454528,0.32676289927211366,0.0022659019260271814,0.9990102708804813,3.005770636791728e-10,1.002
3120.001000000164,1.2077736756776697e-05,0.011960881157451414,0.3261056091089434,-0.015852600648046295,0.9990102708804813,2.3741499111816865e-10,1.002
3120.001000000164,1.2021775167891907e-05,0.011906688488796082,0.3483018940137699,-0.005315341646812539,0.9990102708804813,2.903370838656728e-10,1.002
3120.001000000164,1.2082822468799774e-05,0.01194002104537932,0.3118610747373207,0.018609200416050405,0.9990102708804813,3.4296637139706113e-10,1.002
3120.0019999993965,1.2042120514546257e-05,0.011918287798403862,0.3356823808916487,0.011974985919747121,0.9990102708804813,3.4589041433540103e-10,1.001
3120.002000000328,1.200651357298308e-05,0.011899627708509958,0.35704588851789243,0.00440623009151737,0.9990102708804813,3.356599167607734e-10,1.001
3120.001000000164,1.2006513215247926e-05,0.011899627708509958,0.35704588851789243,0.00440623009151737,0.9990102708804813,3.3566159313173155e-10,1.001
3119.998999999836,1.2042130486849562e-05,0.011918287798403862,0.3356823808916487,0.011974985919747121,0.9990102708804813,3.4588886809410464e-10,1.001
3120.001000000164,1.2006511086631336e-05,0.011899627708509958,0.35704588851789243,0.00440623009151737,0.9990102708804813,3.35659678408558e-10,1.001
3120.0029999995604,1.1955634408831185e-05,0.01185176727177791,0.393373766614737,0.015367747036082851,0.9990102708804813,3.216235067527836e-10,1.001
3119.9970000004396,1.20065113090302e-05,0.011899627708509958,0.35704588851789243,0.00440623009151737,0.9990102708804813,3.356626901469833e-10,1.001
3120.0019999993965,1.185896368142075e-05,0.011718687440478742,0.31073650794507346,0.014526536478444967,0.9990102708804813,2.6870413511810544e-10,1.001
3119.9970000004396,1.2087912894428552e-05,0.011968738958249145,0.3614821116296554,-0.030647183428732398,0.9990102708804813,1.766010337340151e-10,1.001
3119.9980000006035,1.2113348620847458e-05,0.012023244344119584,0.4488831233417545,0.012202286826593118,0.9990102708804813,2.687103362265008e-10,1.0
3119.993999999948,1.211335562091883e-05,0.012023244344119584,0.4488831233417545,0.012202286826593118,0.9990102708804813,2.687085728858137e-10,1.0
3120.002000000328,1.2093006982792837e-05,0.01198396364377763,0.4165877449192954,0.030265405397144212,0.9990102708804813,3.447224454046326e-10,1.0
3119.9990000007674,1.2154050317827383e-05,0.012051645748285354,0.41924850210106657,0.007813501747788042,0.9990102708804813,2.7162602487969443e-10,1.0
3120.0,1.2047208373549565e-05,0.011940021045379312,0.3903879612856356,-0.026633118885784353,0.9990102708804813,1.7368154549661189e-10,1.0
3120.001000000164,1.2047213216250755e-05,0.011940021045379312,0.3903879612856356,-0.026633118885784353,0.9990102708804813,1.7367400277716245e-10,1.0
3119.9990000007674,1.2092999501011506e-05,0.011972308980985271,0.35627228406162503,-0.012419521270501338,0.9990102708804813,2.090580837768453e-10,1.0
3120.0039999997243,1.208790747610541e-05,0.011969096008440133,0.3602744535135427,-0.012359541860917452,0.9990102708804813,2.0818234433797492e-10,1.0
3119.9959999993443,1.209300761145208e-05,0.01196909600844013,0.3605252764093021,-0.02237931370373502,0.9990102708804813,1.558371626164703e-10,1.0
3119.997999999672,1.2154054699790068e-05,0.012051645748285354,0.41924850210106657,0.007813501747788042,0.9990102708804813,2.7162933032711016e-10,1.0
3120.0,1.2047210935890701e-05,0.011940021045379312,0.3903879612856356,-0.026633118885784353,0.9990102708804813,1.7367495088668308e-10,1.0
3120.0019999993965,1.2113348647020292e-05,0.012023244344119584,0.4488831233417545,0.012202286826593118,0.9990102708804813,2.687047988626774e-10,1.0
3119.997999999672,1.2113357231600304e-05,0.012023244344119584,0.4488831233417545,0.012202286826593118,0.9990102708804813,2.687036428570781e-10,1.0
3120.001000000164,1.2154050735358566e-05,0.012051645748285354,0.41924850210106657,0.007813501747788042,0.9990102708804813,2.7163039340106026e-10,0.999
3120.0,1.2113350629222575e-05,0.012023244344119584,0.4488831233417545,0.012202286826593118,0.9990102708804813,2.6869580281338226e-10,0.999
3119.998999999836,1.2113353500779165e-05,0.012023244344119584,0.4488831233417545,0.012202286826593118,0.9990102708804813,2.6869861448705594e-10,0.999
3119.9980000006035,1.2047218064355364e-05,0.011940021045379312,0.3903879612856356,-0.026633118885784353,0.9990102708804813,1.7367669071794847e-10,0.999
3120.001000000164,1.2113347874567737e-05,0.012023244344119584,0.4488831233417545,0.012202286826593118,0.9990102708804813,2.6870319618236517e-10,0.999
3119.997999999672,1.2113354910458884e-05,0.012023244344119584,0.4488831233417545,0.012202286826593118,0.9990102708804813,2.687049160964203e-10,0.999
3119.997999999672,1.2047208326662658e-05,0.011940021045379312,0.3903879612856356,-0.026633118885784353,0.9990102708804813,1.73674758445174e-10,0.999
3119.997999999672,1.204722222402658e-05,0.011940021045379312,0.3903879612856356,-0.026633118885784353,0.9990102708804813,1.7367678389371437e-10,0.999
3119.9970000004396,1.215405277174213e-05,0.012051645748285354,0.41924850210106657,0.007813501747788042,0.9990102708804813,2.716263311104237e-10,0.999
3119.998999999836,1.2154051094135666e-05,0.012051645748285354,0.41924850210106657,0.007813501747788042,0.9990102708804813,2.716261558230936e-10,0.999
3120.0019999993965,1.2113340891881948e-05,0.012023244344119584,0.4488831233417545,0.012202286826593118,0.9990102708804813,2.687046744970299e-10,0.999
3119.9969999995083,1.2047212923208e-05,0.011940021045379312,0.3903879612856356,-0.026633118885784353,0.9990102708804813,1.7367680279404238e-10,0.999
3120.001000000164,1.207773533120826e-05,0.011965763125663378,0.3643235597921919,-0.0024227432085291117,0.9990102708804813,2.578831988721616e-10,0.999
3120.001000000164,1.2042124170332349e-05,0.011940140349549912,0.3899245379085552,-0.01658848035270261,0.9990102708804813,2.2601094670492977e-10,0.999
3119.997999999672,1.2047208089447398e-05,0.011940021045379312,0.3903879612856356,-0.026633118885784353,0.9990102708804813,1.7367481857389877e-10,0.999
3119.9990000007674,1.2047210779075356e-05,0.011940021045379312,0.3903879612856356,-0.026633118885784353,0.9990102708804813,1.7367515207307524e-10,0.998
3120.0049999998882,1.203704426785843e-05,0.011936918718414178,0.3939846016546684,-0.016672466294636177,0.9990102708804813,2.2337837816666132e-10,0.999
3119.998999999836,1.2047215759844688e-05,0.011943361111675094,0.3858720931575732,-0.016650919095740138,0.9990102708804813,2.2689251871160753e-10,0.998
3119.998999999836,1.2113344493352241e-05,0.012023244344119584,0.4488831233417545,0.012202286826593118,0.9990102708804813,2.687062429740992e-10,0.998
3119.998999999836,1.2077735536645137e-05,0.011968738958249129,0.36064768486141086,0.007534328294588287,0.9990102708804813,3.110973191181194e-10,0.998
3119.997999999672,1.2087913263787863e-05,0.011969096008440133,0.3602744535135427,-0.012359541860917452,0.9990102708804813,2.0818214476928298e-10,0.998
3120.0,1.2077741246455325e-05,0.011968738958249129,0.36064768486141086,0.007534328294588287,0.9990102708804813,3.1109967529261063e-10,0.998
3120.0,1.2077744744373659e-05,0.011968738958249129,0.36064768486141086,0.007534328294588287,0.9990102708804813,3.1109385341036505e-10,0.998
3120.0,1.2077731428678719e-05,0.011968738958249129,0.36064768486141086,0.007534328294588287,0.9990102708804813,3.11101598957358e-10,0.998
3119.9960000002757,1.2077738159798337e-05,0.011968738958249129,0.36064768486141086,0.007534328294588287,0.9990102708804813,3.111000554288197e-10,0.998
3119.9960000002757,1.2077731705873446e-05,0.011968738958249129,0.36064768486141086,0.007534328294588287,0.9990102708804813,3.111064922438779e-10,0.998
3119.997999999672,1.2077732918913956e-05,0.011968738958249129,0.36064768486141086,0.007534328294588287,0.9990102708804813,3.1109846225457455e-10,0.998
3119.9960000002757,1.2077739699787938e-05,0.011968738958249129,0.36064768486141086,0.007534328294588287,0.9990102708804813,3.1109886669779446e-10,0.998
3120.0,1.2077732485516e-05,0.011968738958249129,0.36064768486141086,0.007534328294588287,0.9990102708804813,3.110942438334439e-10,0.998
3120.0,1.207773613903621e-05,0.011968738958249129,0.36064768486141086,0.007534328294588287,0.9990102708804813,3.110921400397057e-10,0.998
3119.9980000006035,1.2077732932960756e-05,0.011968738958249129,0.36064768486141086,0.007534328294588287,0.9990102708804813,3.1109861838372666e-10,0.998
3119.997999999672,1.2067567978121432e-05,0.01196790579971147,0.36215808048584686,0.026994862011380436,0.9990102708804813,4.0875267790724836e-10,0.998
3120.0029999995604,1.2077729097443565e-05,0.011968738958249129,0.36064768486141086,0.007534328294588287,0.9990102708804813,3.110958026801318e-10,0.998
3120.001000000164,1.2077729939075715e-05,0.011968738958249129,0.36064768486141086,0.007534328294588287,0.9990102708804813,3.1110284787390643e-10,0.998
3120.0,1.2077737985397845e-05,0.011968738958249129,0.36064768486141086,0.007534328294588287,0.9990102708804813,3.1109638211876683e-10,0.998
3119.998999999836,1.2001421914527979e-05,0.01189376048445305,0.3643704509951493,-0.005431446710834768,0.9990102708804813,2.83322591867323e-10,0.998
3120.001000000164,1.2067561625048586e-05,0.01196790579971147,0.36215808048584686,0.026994862011380436,0.9990102708804813,4.087571133629605e-10,0.997
3119.998999999836,1.2062474413300403e-05,0.01196195297969012,0.36922826300454137,0.01725411894632832,0.9990102708804813,3.564207215507529e-10,0.997
3119.998999999836,1.207773478889344e-05,0.011968738958249129,0.36064768486141086,0.007534328294588287,0.9990102708804813,3.110989124561651e-10,0.997
3120.0,1.2067565716222738e-05,0.01196790579971147,0.36215808048584686,0.026994862011380436,0.9990102708804813,4.0875410390028017e-10,0.997
3120.0009999992326,1.21031757698189e-05,0.01198657843915689,0.3411960745845559,0.034411922805789565,0.9990102708804813,4.189905267296443e-10,0.997
3119.9969999995083,1.2067560432629139e-05,0.01196790579971147,0.36215808048584686,0.026994862011380436,0.9990102708804813,4.087623752414357e-10,0.997
3119.998999999836,1.1970894928910362e-05,0.011876261366506822,0.3829647519157726,0.010669808451322522,0.9990102708804813,3.458872997563515e-10,0.997
3120.001000000164,1.2169317034058695e-05,0.012023481299694397,0.3008074044255187,0.049084513135580383,0.9990102708804813,4.4734864340769823e-10,0.997
3119.9969999995083,1.2103176904415876e-05,0.01198657843915689,0.3411960745845559,0.034411922805789565,0.9990102708804813,4.189934021539685e-10,0.997
3120.001000000164,1.2093000375514321e-05,0.01198336929252945,0.34438806562646596,0.035206650467452014,0.9990102708804813,4.4004299385429707e-10,0.997
3119.998999999836,1.2067562606649104e-05,0.01196790579971147,0.36215808048584686,0.026994862011380436,0.9990102708804813,4.0876111298606077e-10,0.997
3120.0039999997243,1.1975985436489035e-05,0.011880938311290636,0.3782963051897408,0.028382087347980964,0.9990102708804813,4.1635013331398324e-10,0.997
3120.001000000164,1.2067557661441586e-05,0.01196790579971147,0.36215808048584686,0.026994862011380436,0.9990102708804813,4.0875239886249415e-10,0.997
3120.001000000164,1.1950552824960374e-05,0.011865701487685855,0.39625528517533803,0.02002192728302242,0.9990102708804813,3.8507318281809443e-10,0.997
3119.9990000007674,1.2031950322066707e-05,0.011910037902920426,0.3438432172964321,0.026600971127726435,0.9990102708804813,3.8740572627456005e-10,0.997
3120.001000000164,1.2042126680826901e-05,0.011918287798403862,0.3356823808916487,0.011974985919747121,0.9990102708804813,3.4589337488998205e-10,0.997
3119.998999999836,1.1925113710532547e-05,0.011829028951098497,0.41751409071445567,0.05692567116782621,0.9990102708804813,4.1343605650094567e-10,0.997
3120.0,1.2108260031939283e-05,0.011975402139813742,0.30807961945997997,0.05466058727833144,0.9910760598382222,4.2805457575719425e-10,0.997
3120.0009999992326,1.207264802295043e-05,0.01197052410270521,0.43258934194032594,0.021610130435811295,0.9990102708804813,3.0554494483969707e-10,0.996
3120.0009999992326,1.2031943777036101e-05,0.011936918718414178,0.3938159297081816,-0.006625717782171278,0.9990102708804813,2.757165574233434e-10,0.996
3119.998999999836,1.2067562864530053e-05,0.01196790579971147,0.36215808048584996,0.026994862011500628,0.9990102708804813,4.0875684771880004e-10,0.996
3120.0,1.1945459831857273e-05,0.011849964237146501,0.39754429268199853,0.051457430096421015,0.9990102708804813,4.730806381193044e-10,0.996
3120.0030000004917,1.2108259063352413e-05,0.011975402139813716,0.3080796194599271,0.054660587278187796,0.9990102708804813,4.2804925431735155e-10,0.996
3119.998999999836,1.2174403374820351e-05,0.012059798772730232,0.3745156331923418,0.013989654117910536,0.9990102708804813,3.330264378164578e-10,0.996
3120.0,1.2265976786163603e-05,0.012144429977861393,0.35883178324864673,-0.0002611131966494519,0.9990102708804813,2.8156717011275475e-10,0.996
3120.0,1.2174399834165503e-05,0.012059798772730232,0.3745156331923418,0.013989654117910536,0.9990102708804813,3.3302511046173896e-10,0.996
3120.0,1.2174398581303544e-05,0.012059798772730232,0.3745156331923418,0.013989654117910536,0.9990102708804813,3.330307596998645e-10,0.996
3119.998999999836,1.2174399508292378e-05,0.012059798772730232,0.3745156331923418,0.013989654117910536,0.9990102708804813,3.330270439876291e-10,0.996
3120.001000000164,1.21743997809661e-05,0.012059798772730232,0.3745156331923418,0.013989654117910536,0.9990102708804813,3.330245751170056e-10,0.996
3119.998999999836,1.217439924135094e-05,0.012059798772730232,0.3745156331923418,0.013989654117910536,0.9990102708804813,3.330238192123905e-10,0.996
3120.001000000164,1.2204926610313054e-05,0.012076796050650271,0.35507377523936556,0.02183481816240159,0.9990102708804813,3.546600887052648e-10,0.996
3120.0,1.2148963738922243e-05,0.012023481299694438,0.3787430551894069,0.012141902610850935,0.9990102708804813,3.0174163892566997e-10,0.996
3119.9970000004396,1.204721108296143e-05,0.01194002104537934,0.390387961285676,-0.02663311888581344,0.9990102708804813,1.7367781815071301e-10,0.996
3119.9969999995083,1.2047213163161386e-05,0.01194002104537934,0.390387961285676,-0.02663311888581344,0.9990102708804813,1.7367853891950913e-10,0.996
3119.9970000004396,1.1935287761987248e-05,0.011830112719309407,0.4181512494414914,-0.05273643922766401,0.9990102708804813,6.6080830524114e-11,0.996
3119.998999999836,1.1930198897514237e-05,0.011834807901384681,0.41315238264144627,-0.011920811094822703,0.9990102708804813,2.1373247558458597e-10,0.996
3119.998999999836,1.1899671814273199e-05,0.01182252425550817,0.42863927905780974,0.017090857130549603,0.9990102708804813,3.505684440881241e-10,0.996
3120.0,1.1899673325853578e-05,0.01182252425550817,0.42863927905780974,0.017090857130549603,0.9990102708804813,3.505694561522003e-10,0.996
3120.0,1.1909845370451347e-05,0.011831918779061205,0.4182347646232536,0.04386394783199801,0.9990102708804813,4.628445554473321e-10,0.996
3120.0029999995604,1.2042122466205003e-05,0.011924381878776036,0.35129881317378864,0.047374946105411875,0.9990102708804813,4.1723312331206825e-10,0.996
3000.002000000328,1.1484325679065683e-05,0.010941593190137391,0.33794403607099044,-0.22163225383388765,0.9957274520849255,-4.642362483724125e-10,0.995
3000.0,1.1552707720277707e-05,0.010992095061732005,0.28377166537486787,-0.20931529579432367,0.9957274520849255,-4.47270792278957e-10,0.995
3000.001000000164,1.1487175706316506e-05,0.010927734651581911,0.2892517677678277,-0.23251768127784408,0.9957274520849255,-5.278266169656367e-10,0.995
3000.0019999993965,1.1552706617172991e-05,0.010992095061732005,0.28377166537486787,-0.20931529579432367,0.9957274520849255,-4.472829695474306e-10,0.995
3000.001000000164,1.1450140447855605e-05,0.010903281086972763,0.3143090469827028,-0.22706986422064723,0.9957274520849255,-5.129909678734931e-10,0.995
2999.998999999836,1.1487179446977702e-05,0.010927734651581911,0.2892517677678277,-0.23251768127784408,0.9957274520849255,-5.278250762972685e-10,0.995
2999.997999999672,1.1552714787368157e-05,0.010992095061732005,0.28377166537486787,-0.20931529579432367,0.9957274520849255,-4.4727240754939873e-10,0.995
3000.0,1.1558400075225781e-05,0.011020051654213681,0.3873809964069488,-0.27779265276885257,0.9828586897127056,-6.338241042402638e-10,0.995
3000.006000000052,1.1623927648908696e-05,0.011084014823852578,0.37955727288425667,-0.254397941161559,0.9828586897127056,-5.532697014373222e-10,0.995
3000.0049999998882,1.1521367335463237e-05,0.01099566348087348,0.41229800980237563,-0.2726647182895244,0.9828586897127056,-6.189745588405412e-10,0.995
3000.0049999998882,1.1623920735569024e-05,0.011084014823852578,0.37955727288425667,-0.254397941161559,0.9828586897127056,-5.532612655426909e-10,0.995
2999.9970000004396,1.1552708656584737e-05,0.010992095061732005,0.28377166537486787,-0.20931529579432367,0.9957274520849255,-4.472757650889027e-10,0.995
3000.002000000328,1.1623926296986655e-05,0.011084014823852578,0.37955727288425667,-0.254397941161559,0.9828586897127056,-5.53260860610929e-10,0.995
3000.001000000164,1.1623929897694786e-05,0.011084014823852578,0.37955727288425667,-0.254397941161559,0.9828586897127056,-5.532664880180402e-10,0.995
3000.0,1.1623935846740524e-05,0.011084014823852578,0.37955727288425667,-0.254397941161559,0.9828586897127056,-5.532685313378893e-10,0.995
2999.997999999672,1.1623933797897156e-05,0.011084014823852578,0.37955727288425667,-0.254397941161559,0.9828586897127056,-5.532662482341911e-10,0.995
3000.003999998793,1.1623934089128251e-05,0.011084014823852578,0.37955727288425667,-0.254397941161559,0.9828586897127056,-5.53262055076166e-10,0.995
2999.9990000016987,1.1552704628351075e-05,0.011011113267268429,0.3876672942299164,-0.2619492906748997,0.9828586897127056,-5.914202556471676e-10,0.995
2999.998999999836,1.1498574016291572e-05,0.010968205799561658,0.4197771464686473,-0.2672940034339207,0.9828586897127056,-6.274629345482714e-10,0.995
3000.001000000164,1.1470084702005264e-05,0.010943772377299951,0.43217692498700533,-0.2568117807357681,0.9828586897127056,-5.977839569782268e-10,0.995
2999.998999999836,1.145014319052782e-05,0.01093230920781992,0.452154003395576,-0.2680805554701118,0.9828586897127056,-6.444147742586625e-10,0.995
3000.0030000004917,1.1470087501424834e-05,0.010943772377299951,0.43217692498700533,-0.2568117807357681,0.9828586897127056,-5.977794922621313e-10,0.995
2999.998999999836,1.1535612193700104e-05,0.011016979901672068,0.4392279697703114,-0.2797261424867827,0.9828586897127056,-6.783290123696608e-10,0.994
3000.002000000328,1.1527068279644749e-05,0.011013558078044609,0.43948363514351474,-0.2687282789687936,0.9828586897127056,-6.210987974269082e-10,0.994
3000.0,1.1470089993452264e-05,0.010943772377299951,0.43217692498700533,-0.2568117807357681,0.9828586897127056,-5.977875150397591e-10,0.994
2999.9990000016987,1.147008752864007e-05,0.010943772377299951,0.43217692498700533,-0.2568117807357681,0.9828586897127056,-5.97786821224514e-10,0.994
3000.0,1.1424498972637168e-05,0.010922383509951533,0.4461313246172227,-0.213839927710741,0.9828586897127056,-3.815624552785434e-10,0.994
3000.002999998629,1.1509966553421416e-05,0.011006291906835003,0.4410360833344895,-0.2469377478577681,0.9828586897127056,-5.087540448950653e-10,0.994
2999.998999999836,1.1541312478255582e-05,0.011027029727691179,0.4072582462912151,-0.2186930808535235,0.9828586897127056,-4.1971980410426e-10,0.994
2999.998999999836,1.1509966343440607e-05,0.011006291906835003,0.4410360833344895,-0.2469377478577681,0.9828586897127056,-5.087461776416027e-10,0.994
3000.0,1.1541311776734672e-05,0.011027029727691179,0.4072582462912151,-0.2186930808535235,0.9828586897127056,-4.197175254312508e-10,0.994
2999.998000001535,1.154130741727661e-05,0.011027029727691179,0.4072582462912151,-0.2186930808535235,0.9828586897127056,-4.197190664843956e-10,0.994
2999.998999999836,1.1541316816970894e-05,0.011027029727691179,0.4072582462912151,-0.2186930808535235,0.9828586897127056,-4.197226360468412e-10,0.994
2999.9990000016987,1.154131123013919e-05,0.011027029727691179,0.4072582462912151,-0.2186930808535235,0.9828586897127056,-4.1971710802253e-10,0.994
2999.998999999836,1.1541309744602991e-05,0.011027029727691179,0.4072582462912151,-0.2186930808535235,0.9828586897127056,-4.1972168399984655e-10,0.994
3000.0,1.1541309830558375e-05,0.011027029727691179,0.4072582462912151,-0.2186930808535235,0.9828586897127056,-4.1971539429091543e-10,0.994
3000.001999998465,1.1541307462037584e-05,0.011027029727691179,0.4072582462912151,-0.2186930808535235,0.9828586897127056,-4.197178253570643e-10,0.994
2999.998999999836,1.1498572627323435e-05,0.010997342336289191,0.4372965888072935,-0.2156090510834072,0.9828586897127056,-4.197228292785709e-10,0.994
3000.002999998629,1.1518518523045153e-05,0.011005523088955766,0.4165547934889857,-0.18536475337189834,0.9957274520849255,-3.0948911967148464e-10,0.994
2999.998999999836,1.1507117564915419e-05,0.011003845481676645,0.42488480503221826,-0.2041942568566523,0.9957274520849255,-3.6248321717572135e-10,0.994
3000.002000000328,1.1541312566953455e-05,0.011027029727691179,0.4072582462912151,-0.2186930808535235,0.9828586897127056,-4.1972285475475323e-10,0.994
3000.001000000164,1.1481477670045768e-05,0.01098838547670291,0.4420600095339666,-0.19544360802070046,0.9957274520849255,-3.24329339018022e-10,0.994
2999.998999999836,1.1481477606979586e-05,0.01098838547670291,0.4420600095339666,-0.19544360802070046,0.9957274520849255,-3.2432617323783716e-10,0.994
3000.001999998465,1.1541313581170118e-05,0.011027029727691179,0.4072582462912151,-0.2186930808535235,0.9828586897127056,-4.1971835328641945e-10,0.994
3000.0,1.1541307588949789e-05,0.011027029727691179,0.4072582462912151,-0.2186930808535235,0.9828586897127056,-4.197129181551425e-10,0.994
3000.001000000164,1.1544163429908009e-05,0.011018864942242676,0.3958709894725301,-0.17468084072924697,0.9957274520849255,-2.7133232597963367e-10,0.993
2999.998999999836,1.1498574737653725e-05,0.010997342336289191,0.4372965888072935,-0.2156090510834072,0.9828586897127056,-4.1971743052668647e-10,0.993
3000.0,1.1498573059032753e-05,0.010997342336289191,0.4372965888072935,-0.2156090510834072,0.9828586897127056,-4.197191183857511e-10,0.993
2999.998999999836,1.1544156411031572e-05,0.011018864942242676,0.3958709894725301,-0.17468084072924697,0.9957274520849255,-2.713381309190831e-10,0.993
3000.0009999983013,1.1515669193450774e-05,0.011011881694857548,0.4236904170982836,-0.20993332823877592,0.9828586897127056,-3.815615693645178e-10,0.993
3000.0,1.1535614749761237e-05,0.011012789767426716,0.4071363094182918,-0.1860462425276552,0.9828586897127056,-3.285664497869902e-10,0.993
3000.001000000164,1.1544159302645612e-05,0.011018864942242676,0.3958709894725301,-0.17468084072924697,0.9957274520849255,-2.7133399260586194e-10,0.993
2999.997999999672,1.1544158162630543e-05,0.011018864942242676,0.3958709894725301,-0.17468084072924697,0.9957274520849255,-2.7133144689159787e-10,0.993
3000.002000000328,1.1544162087850396e-05,0.011018864942242676,0.3958709894725301,-0.17468084072924697,0.9957274520849255,-2.713366186038256e-10,0.993
2999.998999999836,1.15441637190805e-05,0.011018864942242676,0.3958709894725301,-0.17468084072924697,0.9957274520849255,-2.7133088947514265e-10,0.993
3000.0,1.1586897016541462e-05,0.011039300423765715,0.36756159022618373,-0.16548629400674275,0.9957274520849255,-2.71340505621391e-10,0.993
2999.998999999836,1.1515665201512965e-05,0.010957821232062804,0.3188916781073705,-0.20731352920758492,0.9957274520849255,-3.7732082468609525e-10,0.993
3000.001000000164,1.1455833898384604e-05,0.010904974164960772,0.3444857131226766,-0.2197416209078028,0.9957274520849255,-4.3455296434576423e-10,0.993
2999.997999999672,1.1455841157267035e-05,0.010904974164960772,0.3444857131226766,-0.2197416209078028,0.9957274520849255,-4.345606285037677e-10,0.993
3000.0,1.1413103371039517e-05,0.010884569176308569,0.3738464594544175,-0.22936322068925558,0.9957274520849255,-4.3455714168127854e-10,0.993
3000.0,1.1424505356273278e-05,0.010884851859350241,0.36622522714445616,-0.21249386241136306,0.9957274520849255,-4.0699930466711284e-10,0.993
3000.0,1.142450159907e-05,0.010884851859350241,0.36622522714445616,-0.21249386241136306,0.9957274520849255,-4.070070294933705e-10,0.993
2999.998999999836,1.1424500264998664e-05,0.010884851859350241,0.36622522714445616,-0.21249386241136306,0.9957274520849255,-4.06998731781964e-10,0.993
2999.997000001371,1.1424506874114148e-05,0.010884851859350241,0.36622522714445616,-0.21249386241136306,0.9957274520849255,-4.0699796860284913e-10,0.993
3000.0,1.1484332343225996e-05,0.010941593190137456,0.3379440360709367,-0.22163225383378837,0.9957274520849255,-4.642399599247117e-10,0.993
2999.997999999672,1.1498576404671701e-05,0.010950518076960876,0.3224410683900536,-0.21028387144225752,0.9957274520849255,-4.112387432398005e-10,0.993
3000.0040000006557,1.1438745629188563e-05,0.01089396445461715,0.3504558112107592,-0.2011235957102909,0.9957274520849255,-3.540081018726166e-10,0.992
2999.997999999672,1.1438747492616156e-05,0.01089396445461715,0.3504558112107592,-0.2011235957102909,0.9957274520849255,-3.540122649633543e-10,0.993
3000.001000000164,1.155271068549234e-05,0.010992095061732087,0.2837716653748035,-0.2093152957942297,0.9957274520849255,-4.472791625938705e-10,0.992
3000.001000000164,1.1498571441561077e-05,0.010950518076960876,0.3224410683900536,-0.21028387144225752,0.9957274520849255,-4.112382136739795e-10,0.992
3000.0030000004917,1.1552706076960582e-05,0.010992095061732087,0.2837716653748035,-0.2093152957942297,0.9957274520849255,-4.4727192343897927e-10,0.992
3000.002000000328,1.155270777361686e-05,0.010992095061732087,0.2837716653748035,-0.2093152957942297,0.9957274520849255,-4.472797622548788e-10,0.992
3000.001999998465,1.162393319694396e-05,0.01108401482385266,0.379557272884226,-0.2543979411615939,0.9828586897127056,-5.532598208462824e-10,0.992
2999.997999999672,1.1623932842159795e-05,0.01108401482385266,0.379557272884226,-0.2543979411615939,0.9828586897127056,-5.532685147689088e-10,0.992
3000.0,1.1623932655645343e-05,0.01108401482385266,0.379557272884226,-0.2543979411615939,0.9828586897127056,-5.53266642564414e-10,0.992
2999.9969999995083,1.1552703816340275e-05,0.010992095061732087,0.2837716653748035,-0.2093152957942297,0.9957274520849255,-4.472766847378558e-10,0.992
3000.0,1.1552163618587816e-05,0.010992095061732087,0.2837716653748035,-0.2093152957942297,0.9957274520849255,-4.46818789953746e-10,0.992
3000.0,1.1552701360734949e-05,0.010992095061732087,0.2837716653748035,-0.2093152957942297,0.9957274520849255,-4.472779982146127e-10,0.992
3000.0,1.1552705779569362e-05,0.010992095061732087,0.2837716653748035,-0.2093152957942297,0.9957274520849255,-4.4727296700902093e-10,0.992
2999.9990000016987,1.155270489230631e-05,0.010992095061732087,0.2837716653748035,-0.2093152957942297,0.9957274520849255,-4.4727380738665883e-10,0.992
3000.0,1.1552710266617582e-05,0.010992095061732087,0.2837716653748035,-0.2093152957942297,0.9957274520849255,-4.472776122388531e-10,0.992
3000.001000000164,1.1552704555141953e-05,0.010992095061732087,0.2837716653748035,-0.2093152957942297,0.9957274520849255,-4.4727787963092343e-10,0.992
2999.997999999672,1.1623932913759496e-05,0.01108401482385266,0.379557272884226,-0.2543979411615939,0.9828586897127056,-5.532684107875252e-10,0.992
2999.998999999836,1.1552704546462474e-05,0.010992095061732087,0.2837716653748035,-0.2093152957942297,0.9957274520849255,-4.4727834859445747e-10,0.992
3000.0,1.1552705532982979e-05,0.010992095061732087,0.2837716653748035,-0.2093152957942297,0.9957274520849255,-4.472758918316547e-10,0.992
2999.997999999672,1.1552703686890528e-05,0.010992095061732087,0.2837716653748035,-0.2093152957942297,0.9957274520849255,-4.4728017164815133e-10,0.992
2999.998999999836,1.155271326871106e-05,0.010992095061732087,0.2837716653748035,-0.2093152957942297,0.9957274520849255,-4.472777477734037e-10,0.992
3000.0,1.1552703243672695e-05,0.010992095061732087,0.2837716653748035,-0.2093152957942297,0.9957274520849255,-4.472750482030567e-10,0.992
3000.001000000164,1.1552703841436575e-05,0.010992095061732087,0.2837716653748035,-0.2093152957942297,0.9957274520849255,-4.4727727838378846e-10,0.992
2999.998999999836,1.1623926717058196e-05,0.01108401482385266,0.379557272884226,-0.2543979411615939,0.9828586897127056,-5.532671631066079e-10,0.992
3000.0,1.155270885422169e-05,0.010992095061732087,0.2837716653748035,-0.2093152957942297,0.9957274520849255,-4.4728017708827007e-10,0.992
3000.0,1.155270756957384e-05,0.010992095061732087,0.2837716653748035,-0.2093152957942297,0.9957274520849255,-4.472768847070065e-10,0.992
2999.998999999836,1.1586893948340446e-05,0.01105990680166607,0.40440335030176167,-0.24902539301586948,0.9828586897127056,-5.384264890423028e-10,0.991
3062.6549999993294,1.2498523594307174e-05,0.012204571559525054,0.23556840829119308,-0.2683489190257672,0.9509560484549725,-9.60842490349882e-10,0.986
3000.001000000164,1.1683757547710935e-05,0.011126475701607413,0.30899580918064107,-0.15584589677307648,0.9957274520849255,-2.840516092032565e-10,0.987
2999.996000001207,1.1649573035476012e-05,0.011139189308990926,0.4518367651683306,-0.19535811985012813,0.9957274520849255,-3.7519637183587336e-10,0.988
3000.002000000328,1.1760682493425132e-05,0.011218940029459754,0.3831533414244719,-0.16292966207653478,0.9957274520849255,-2.437733437388716e-10,0.988
2999.997999999672,1.1806275339111694e-05,0.011245238308519026,0.3572458281903246,-0.17981559349581175,0.9957274520849255,-3.1584000925140776e-10,0.988
3000.0040000006557,1.1709398043156357e-05,0.011168912900753348,0.40949418775735147,-0.18532604760510618,0.9957274520849255,-3.582445158466409e-10,0.988
2999.997999999672,1.1592593832086352e-05,0.011067693804666151,0.37357300511206315,-0.18462624924446402,0.9828586897127056,-2.4801155054620213e-10,0.988
3000.001000000164,1.1595441078543777e-05,0.011071515774204583,0.3654716812679637,-0.1732639080493872,0.9828586897127056,-1.8866290531053041e-10,0.988
2999.997999999672,1.1660968680389318e-05,0.011143608033307667,0.37201874092306664,-0.19643546617940383,0.9828586897127056,-2.6921606599421885e-10,0.988
3000.001000000164,1.1612534293207587e-05,0.011078183688951599,0.3627400455449763,-0.19456080477378543,0.9828586897127056,-2.9464930187083175e-10,0.988
3000.001000000164,1.1595435875015741e-05,0.011071515774204583,0.3654716812679637,-0.1732639080493872,0.9828586897127056,-1.8866725374049551e-10,0.988
3000.0,1.1492878496035092e-05,0.010991745154362919,0.43194314705318115,-0.17805530094007277,0.9828586897127056,-2.416557818156869e-10,0.988
2999.998999999836,1.1475787843069266e-05,0.010983904307947745,0.4365055781630307,-0.1576696743340894,0.9957274520849255,-1.462600908295604e-10,0.988
3000.0,1.166096847815847e-05,0.011136150418966392,0.3691397608018603,-0.18983395938651262,0.9828586897127056,-3.031261186884132e-10,0.988
3000.001000000164,1.1547005296769286e-05,0.01103539759138743,0.398443061691216,-0.17325069424456266,0.9828586897127056,-2.0562035223797136e-10,0.988
3000.0,1.1612539358007858e-05,0.011107585765523524,0.4044573575514119,-0.19659312494678072,0.9828586897127056,-2.86172749105497e-10,0.988
3000.001000000164,1.1435897903695411e-05,0.010932801738170923,0.4249515570102629,-0.1908531590275422,0.9957274520849255,-2.649751311393865e-10,0.988
3000.0,1.1458692697765023e-05,0.010968205799561643,0.446690632055903,-0.14354591595543334,0.9957274520849255,-1.0811025207942443e-10,0.988
3000.002999998629,1.1695159763695365e-05,0.011135597804408051,0.3334955606858947,-0.14522578796095328,0.9957274520849255,-1.9077800981645872e-10,0.988
2999.9969999995083,1.1695159007737064e-05,0.011135597804408051,0.3334955606858947,-0.14522578796095328,0.9957274520849255,-1.9077532939364796e-10,0.988
3000.001000000164,1.1566954739393497e-05,0.011069848167953228,0.4203138703535685,-0.17079610846641305,0.9957274520849255,-1.8866310025731826e-10,0.988
3000.0,1.1626781740911276e-05,0.01110155914205813,0.38127134003221164,-0.16469556772556984,0.9957274520849255,-2.2893996518847293e-10,0.988
3000.001999998465,1.1495723684563438e-05,0.010990975318939522,0.4311254909362088,-0.1816430313988435,0.9957274520849255,-2.543777875472249e-10,0.988
3000.002000000328,1.1601139000838478e-05,0.011048703369800699,0.35240020310046827,-0.1544178804834685,0.9957274520849255,-2.183342742352424e-10,0.988
3000.0,1.1695160485248272e-05,0.011135597804408051,0.3334955606858947,-0.14522578796095328,0.9957274520849255,-1.9078629345626866e-10,0.988
3000.001000000164,1.1695152826459714e-05,0.011135597804408051,0.3334955606858947,-0.14522578796095328,0.9957274520849255,-1.907765087103586e-10,0.988
2999.997999999672,1.1586900126598819e-05,0.011039300423765675,0.36756159022625123,-0.16548629400698125,0.9957274520849255,-2.713394252727013e-10,0.988
3000.001000000164,1.1527068243867612e-05,0.011008807662678342,0.40239305647339085,-0.15593790128306997,0.9957274520849255,-1.907778346024674e-10,0.988
3000.001000000164,1.1586893334414232e-05,0.011039300423765675,0.36756159022625123,-0.16548629400698125,0.9957274520849255,-2.713303510075456e-10,0.988
3000.0,1.1695157253665444e-05,0.011135597804408051,0.3334955606858947,-0.14522578796095328,0.9957274520849255,-1.9078138019104807e-10,0.988
2999.998999999836,1.1652424054239027e-05,0.011105646519468536,0.3638059926476105,-0.14170675542927894,0.9957274520849255,-1.9078382724481693e-10,0.988
2999.998999999836,1.1586893966171668e-05,0.011039300423765675,0.36756159022625123,-0.16548629400698125,0.9957274520849255,-2.713343125919351e-10,0.988
2999.998000001535,1.1555557410939904e-05,0.011019702634547148,0.38955846569499464,-0.15785222862723663,0.9957274520849255,-2.4377945692156885e-10,0.988
3000.0,1.1569802959881989e-05,0.011028982797087895,0.3745788348002774,-0.14677183754070403,0.9957274520849255,-1.9077491094116885e-10,0.988
2999.998999999836,1.1601141614359048e-05,0.011048703369800699,0.35240020310046827,-0.1544178804834685,0.9957274520849255,-2.183384535728707e-10,0.988
3000.0,1.158689332178047e-05,0.011039300423765675,0.36756159022625123,-0.16548629400698125,0.9957274520849255,-2.7133602557628824e-10,0.988
3000.0009999983013,1.1586893919253595e-05,0.011039300423765675,0.36756159022625123,-0.16548629400698125,0.9957274520849255,-2.7133568395642566e-10,0.988
3000.0,1.1569802810218648e-05,0.011028982797087895,0.3745788348002774,-0.14677183754070403,0.9957274520849255,-1.907805907346061e-10,0.988
3000.002000000328,1.156980377779607e-05,0.011028982797087895,0.3745788348002774,-0.14677183754070403,0.9957274520849255,-1.907828551527799e-10,0.988
3000.001000000164,1.1569802530922362e-05,0.011028982797087895,0.3745788348002774,-0.14677183754070403,0.9957274520849255,-1.9077896808811468e-10,0.988
2999.998999999836,1.1569805470605841e-05,0.011028982797087895,0.3745788348002774,-0.14677183754070403,0.9957274520849255,-1.907784739388502e-10,0.988
3000.001000000164,1.1569800155062173e-05,0.011028982797087895,0.3745788348002774,-0.14677183754070403,0.9957274520849255,-1.907883303038178e-10,0.988
3000.0,1.1569798896723929e-05,0.011028982797087895,0.3745788348002774,-0.14677183754070403,0.9957274520849255,-1.9078129361889649e-10,0.987
3230.5250000003725,1.236514262261176e-05,0.012153490642024034,0.32527035515720426,-0.43628141770473633,4.5258669328216214,-1.296115216682188e-09,0.994
3240.553999999538,1.2325365924632141e-05,0.01217993305526631,0.37282605734102603,-0.4709136893633912,4.511270423603342,-1.4123402119859775e-09,0.995
3240.5400000009686,1.2325141736994721e-05,0.012180934147065909,0.370405404003622,-0.47945909992815533,4.520385896795442,-1.451709823668459e-09,0.995
3240.5400000009686,1.2325141736994721e-05,0.012180934147065909,0.370405404003622,-0.47945909992815533,4.520385896795442,-1.451709823668459e-09,0.995
3220.6349999997765,1.2095238721425862e-05,0.011777622901401717,0.17875246215671492,-0.0480213221753245,4.534356795971487,1.410883840291263e-10,1.003
3220.6349999997765,1.2095238721425862e-05,0.011777622901401717,0.17875246215671492,-0.0480213221753245,4.534356795971487,1.410883840291263e-10,1.003
3270.6349999997765,1.2344003951113797e-05,0.012269878861537107,0.3046040379106292,-0.3399177817949822,4.579453563621846,-9.31645854443409e-10,1.004
3270.6349999997765,1.2344003951113797e-05,0.012269878861537107,0.3046040379106292,-0.3399177817949822,4.579453563621846,-9.31645854443409e-10,1.004
3119.998999999836,1.2077737223024304e-05,0.011968738958249138,0.32061934063374187,0.12314778972733764,0.9910760598382222,7.151753123084639e-10,0.998
3119.998999999836,1.2016689128723102e-05,0.011927248603900957,0.3634907109815124,0.1355426020791339,0.9910760598382222,7.426549761418606e-10,0.997
3120.0,1.2016685887766748e-05,0.011927248603900957,0.3634907109815124,0.1355426020791339,0.9910760598382222,7.426602878868388e-10,0.997
3120.002000000328,1.2016687139189467e-05,0.011927248603900957,0.3634907109815124,0.1355426020791339,0.9910760598382222,7.426535581914158e-10,0.997
3120.0,1.2062477874413847e-05,0.011962548394993538,0.33006590403657565,0.13309950596785305,0.9910760598382222,7.60497951405713e-10,0.997
3119.998999999836,1.2082828678962014e-05,0.012010797611285356,0.42581868954901836,0.09403079207771792,0.9910760598382222,6.476406276669432e-10,0.996
3120.0030000004917,1.2016687146338519e-05,0.011927248603900957,0.3634907109815124,0.1355426020791339,0.9910760598382222,7.426603519284068e-10,0.996
3120.0,1.2082825826012858e-05,0.012010797611285356,0.42581868954901836,0.09403079207771792,0.9910760598382222,6.476323382696735e-10,0.996
3119.998999999836,1.2072651912736192e-05,0.012010441800812783,0.4292168510020695,0.11271529308728631,0.9910760598382222,7.365243465913416e-10,0.996
3120.0,1.2062476395107266e-05,0.012001068328513083,0.4393311537507216,0.10359590442049128,0.9910760598382222,6.868123565510941e-10,0.996
3119.997999999672,1.2072651420293435e-05,0.012010441800812783,0.4292168510020695,0.11271529308728631,0.9910760598382222,7.365222706834778e-10,0.995
3120.001000000164,1.2072648206064722e-05,0.012010441800812783,0.4292168510020695,0.11271529308728631,0.9910760598382222,7.365194982430253e-10,0.995
2999.998999999836,1.146723837243435e-05,0.010976968896459775,0.4487887814418947,-0.16899896062522493,0.9828586897127056,-2.0349424751116486e-10,0.995
2999.997000001371,1.1475783530440668e-05,0.010983904307947745,0.4365055781630307,-0.1576696743340894,0.9957274520849255,-1.4626628614706412e-10,0.995
2999.997000001371,1.1410260445594857e-05,0.01091766388085766,0.4420748310876119,-0.1818989822122375,0.9957274520849255,-2.268217758688051e-10,0.995
2999.9969999995083,1.1393160682381814e-05,0.01090158774604024,0.4518185474775356,-0.16794422010293938,0.9957274520849255,-1.886607686105685e-10,0.995
2999.998999999836,1.139316221653468e-05,0.01090158774604024,0.4518185474775356,-0.16794422010293938,0.9957274520849255,-1.8866132648181782e-10,0.994
3000.0,1.145869041938779e-05,0.010968205799561643,0.446690632055903,-0.14354591595543334,0.9957274520849255,-1.0811295856126948e-10,0.994
2999.9959999993443,1.143020126844988e-05,0.010919002490365814,0.42618726488577297,-0.15797366433757692,0.9957274520849255,-1.738231724332995e-10,0.994
2999.997999999672,1.149572794370848e-05,0.010985654982048848,0.4216065011961154,-0.13375905340175429,0.9957274520849255,-9.327348358331243e-11,0.994
2999.998999999836,1.1430202762349971e-05,0.010919002490365814,0.42618726488577297,-0.15797366433757692,0.9957274520849255,-1.7382281420844596e-10,0.994
3000.001000000164,1.1495723536036088e-05,0.010985654982048848,0.4216065011961154,-0.13375905340175429,0.9957274520849255,-9.327117828286096e-11,0.994
3000.001000000164,1.1495725819989278e-05,0.010985654982048848,0.4216065011961154,-0.13375905340175429,0.9957274520849255,-9.326997032410556e-11,0.994
2999.998999999836,1.143019404799518e-05,0.010919002490365814,0.42618726488577297,-0.15797366433757692,0.9957274520849255,-1.738199449878322e-10,0.994
2999.9969999995083,1.1430205218625944e-05,0.010919002490365814,0.42618726488577297,-0.15797366433757692,0.9957274520849255,-1.7382537286672502e-10,0.993
3000.001000000164,1.1472934564992012e-05,0.010949183320440606,0.3948117311128252,-0.16130691820550397,0.9957274520849255,-1.738214943038815e-10,0.993
3000.001000000164,1.14302010040067e-05,0.010919002490365814,0.42618726488577297,-0.15797366433757692,0.9957274520849255,-1.7382110065312585e-10,0.993
3000.002000000328,1.1430196729106977e-05,0.010919002490365814,0.42618726488577297,-0.15797366433757692,0.9957274520849255,-1.7382309563766618e-10,0.993
3000.001000000164,1.1430200389434434e-05,0.010919002490365814,0.42618726488577297,-0.15797366433757692,0.9957274520849255,-1.738257951725301e-10,0.993
3000.0,1.143020184656952e-05,0.010919002490365814,0.42618726488577297,-0.15797366433757692,0.9957274520849255,-1.738250957602879e-10,0.993
2999.997999999672,1.1430199405807422e-05,0.010919002490365814,0.42618726488577297,-0.15797366433757692,0.9957274520849255,-1.7382461132005252e-10,0.993
3000.002000000328,1.143019678348138e-05,0.010919002490365814,0.42618726488577297,-0.15797366433757692,0.9957274520849255,-1.738255777570562e-10,0.993
3000.002000000328,1.1495726629277336e-05,0.010985654982048848,0.4216065011961154,-0.13375905340175429,0.9957274520849255,-9.327366881538894e-11,0.993
2999.997999999672,1.1430197955739905e-05,0.010919002490365814,0.42618726488577297,-0.15797366433757692,0.9957274520849255,-1.738224712472656e-10,0.992
3000.0,1.1430199343662038e-05,0.010919002490365814,0.42618726488577297,-0.15797366433757692,0.9957274520849255,-1.738241066832159e-10,0.992
2999.997999999672,1.147863548997664e-05,0.010947216014199129,0.39091266051404894,-0.15126731213433553,0.9957274520849255,-1.9078289858745764e-10,0.992
3000.0,1.1430199369330278e-05,0.010919002490365814,0.42618726488577297,-0.15797366433757692,0.9957274520849255,-1.7382266597193146e-10,0.992
3000.002999998629,1.1430204039047382e-05,0.010919002490365814,0.42618726488577297,-0.15797366433757692,0.9957274520849255,-1.7382447346945267e-10,0.992
3000.0,1.1398862237530927e-05,0.010899611849122793,0.44875317042987106,-0.1501457337303223,0.9957274520849255,-1.4626976331826454e-10,0.992
3000.0,1.1398864130351208e-05,0.010899611849122793,0.44875317042987106,-0.1501457337303223,0.9957274520849255,-1.4626411624528536e-10,0.992
3000.002000000328,1.1447291729331505e-05,0.010927734651581913,0.41337672263629344,-0.14345373250808427,0.9957274520849255,-1.6322817044226044e-10,0.992
3000.0,1.1455840180530347e-05,0.010930057357862002,0.4043498002511665,-0.12998559446711833,0.9957274520849255,-9.326900580716186e-11,0.992
2999.998999999836,1.1569798857398162e-05,0.011028982797087895,0.3745788348002774,-0.14677183754070403,0.9957274520849255,-1.9077900416257142e-10,0.992
3000.002000000328,1.1569796639399942e-05,0.011028982797087895,0.3745788348002774,-0.14677183754070403,0.9957274520849255,-1.9078242539970829e-10,0.991
3000.001000000164,1.1569798637687623e-05,0.011028982797087895,0.3745788348002774,-0.14677183754070403,0.9957274520849255,-1.9077970382741827e-10,0.991
3000.001000000164,1.1569799334669022e-05,0.011028982797087895,0.3745788348002774,-0.14677183754070403,0.9957274520849255,-1.9077737185902164e-10,0.991
2999.9990000016987,1.1569799376051938e-05,0.011028982797087895,0.3745788348002774,-0.14677183754070403,0.9957274520849255,-1.9078269505953622e-10,0.991
3000.0030000004917,1.1569805718620241e-05,0.011028982797087895,0.3745788348002774,-0.14677183754070403,0.9957274520849255,-1.907813450337594e-10,0.991
3000.0,1.1555553137631115e-05,0.011019702634547148,0.38955846569499464,-0.15785222862723663,0.9957274520849255,-2.4377680050044305e-10,0.991
2999.997999999672,1.1569802272351697e-05,0.011028982797087895,0.3745788348002774,-0.14677183754070403,0.9957274520849255,-1.9077971534268724e-10,0.991
3000.0,1.156979318280355e-05,0.011028982797087895,0.3745788348002774,-0.14677183754070403,0.9957274520849255,-1.9078079872987852e-10,0.991
2999.997000001371,1.1504276058609208e-05,0.010957821232062764,0.37010579986052194,-0.12333086553023477,0.9957274520849255,-1.102307755145587e-10,0.991
3000.0,1.1569803102567467e-05,0.011028982797087895,0.3745788348002774,-0.14677183754070403,0.9957274520849255,-1.9078060681059635e-10,0.991
2999.998999999836,1.156979912532646e-05,0.011028982797087895,0.3745788348002774,-0.14677183754070403,0.9957274520849255,-1.9077950187483617e-10,0.991
3000.001999998465,1.1569801475627938e-05,0.011028982797087895,0.3745788348002774,-0.14677183754070403,0.9957274520849255,-1.9077915829426966e-10,0.99
2999.998999999836,1.155555476907364e-05,0.011019702634547148,0.38955846569499464,-0.15785222862723663,0.9957274520849255,-2.437767325136739e-10,0.99
2999.9990000016987,1.150427350694662e-05,0.010957821232062764,0.37010579986052194,-0.12333086553023477,0.9957274520849255,-1.1022819628826373e-10,0.99
3000.001000000164,1.1569799329871604e-05,0.011028982797087895,0.3745788348002774,-0.14677183754070403,0.9957274520849255,-1.9078049279075792e-10,0.99
3000.0,1.156980267364723e-05,0.011028982797087895,0.3745788348002774,-0.14677183754070403,0.9957274520849255,-1.9078329890120598e-10,0.99
3000.0,1.1569801478350092e-05,0.011028982797087895,0.3745788348002774,-0.14677183754070403,0.9957274520849255,-1.9078224821183006e-10,0.99
3000.0009999983013,1.1569800695271012e-05,0.011028982797087895,0.3745788348002774,-0.14677183754070403,0.9957274520849255,-1.9078259657981477e-10,0.99
2999.997999999672,1.1569800863561607e-05,0.011028982797087895,0.3745788348002774,-0.14677183754070403,0.9957274520849255,-1.9078229562752697e-10,0.99
3000.0,1.1569799519089166e-05,0.011028982797087895,0.3745788348002774,-0.14677183754070403,0.9957274520849255,-1.907811214451047e-10,0.99
2999.998999999836,1.1569799854022932e-05,0.011028982797087895,0.3745788348002774,-0.14677183754070403,0.9957274520849255,-1.9077692751477378e-10,0.99
2999.998999999836,1.1569799324930395e-05,0.011028982797087895,0.3745788348002774,-0.14677183754070403,0.9957274520849255,-1.9078291371308788e-10,0.99
3000.0,1.1569798971998049e-05,0.011028982797087895,0.3745788348002774,-0.14677183754070403,0.9957274520849255,-1.9078098632689183e-10,0.99
2999.998999999836,1.1569800303866687e-05,0.011028982797087895,0.3745788348002774,-0.14677183754070403,0.9957274520849255,-1.9078247721471785e-10,0.99
3000.0,1.1569800997141465e-05,0.011028982797087895,0.3745788348002774,-0.14677183754070403,0.9957274520849255,-1.9078236973145858e-10,0.99
2999.998999999836,1.1569799787427797e-05,0.011028982797087895,0.3745788348002774,-0.14677183754070403,0.9957274520849255,-1.9078465558364977e-10,0.989
3000.001000000164,1.1569798187490707e-05,0.011028982797087895,0.3745788348002774,-0.14677183754070403,0.9957274520849255,-1.9078255123136107e-10,0.989
3000.0,1.1569800550103758e-05,0.011028982797087895,0.3745788348002774,-0.14677183754070403,0.9957274520849255,-1.9078152193709493e-10,0.989
3000.001000000164,1.1569800008175092e-05,0.011028982797087895,0.3745788348002774,-0.14677183754070403,0.9957274520849255,-1.907815119426788e-10,0.989
3000.001000000164,1.1569801719115976e-05,0.011028982797087895,0.3745788348002774,-0.14677183754070403,0.9957274520849255,-1.907801223396297e-10,0.989
3000.0,1.1569804104002662e-05,0.011028982797087895,0.3745788348002774,-0.14677183754070403,0.9957274520849255,-1.9078075308095805e-10,0.989
2999.998999999836,1.1569802118241547e-05,0.011028982797087895,0.3745788348002774,-0.14677183754070403,0.9957274520849255,-1.907832925106203e-10,0.989
3000.001000000164,1.1569797386949923e-05,0.011028982797087895,0.3745788348002774,-0.14677183754070403,0.9957274520849255,-1.9077968842173267e-10,0.989
3000.0,1.1569799919220823e-05,0.011028982797087895,0.3745788348002774,-0.14677183754070403,0.9957274520849255,-1.9078427578354764e-10,0.989
3000.001000000164,1.1569798913637172e-05,0.011028982797087895,0.3745788348002774,-0.14677183754070403,0.9957274520849255,-1.907835802300377e-10,0.989
3000.0,1.1569799079488472e-05,0.011028982797087895,0.3745788348002774,-0.14677183754070403,0.9957274520849255,-1.9077642211834044e-10,0.989
3000.0,1.1569801210203698e-05,0.011028982797087895,0.3745788348002774,-0.14677183754070403,0.9957274520849255,-1.907794070404415e-10,0.989
3000.0,1.1569797756574701e-05,0.011028982797087895,0.3745788348002774,-0.14677183754070403,0.9957274520849255,-1.9078227572297125e-10,0.989
3000.002000000328,1.156980393727031e-05,0.011028982797087895,0.3745788348002774,-0.14677183754070403,0.9957274520849255,-1.9078097808386996e-10,0.989
3000.0,1.1569799950583605e-05,0.011028982797087895,0.3745788348002774,-0.14677183754070403,0.9957274520849255,-1.9078224338839854e-10,0.989
2999.998999999836,1.1569799790642997e-05,0.011028982797087895,0.3745788348002774,-0.14677183754070403,0.9957274520849255,-1.9078125927610906e-10,0.989
3000.001000000164,1.1569799793603515e-05,0.011028982797087895,0.3745788348002774,-0.14677183754070403,0.9957274520849255,-1.9078226222232496e-10,0.989
3000.001000000164,1.1569798888921881e-05,0.011028982797087895,0.3745788348002774,-0.14677183754070403,0.9957274520849255,-1.9078163544594023e-10,0.988
3000.0,1.1569802897031203e-05,0.011028982797087895,0.3745788348002774,-0.14677183754070403,0.9957274520849255,-1.9078255202131436e-10,0.988
2999.998999999836,1.1569801324061121e-05,0.011028982797087895,0.3745788348002774,-0.14677183754070403,0.9957274520849255,-1.9078167289774914e-10,0.988
3000.001000000164,1.1569796383506914e-05,0.011028982797087895,0.3745788348002774,-0.14677183754070403,0.9957274520849255,-1.9078029658336944e-10,0.988
2999.998999999836,1.1569798977930407e-05,0.011028982797087895,0.3745788348002774,-0.14677183754070403,0.9957274520849255,-1.9077984763502155e-10,0.988
3000.0,1.156980055496461e-05,0.011028982797087895,0.3745788348002774,-0.14677183754070403,0.9957274520849255,-1.907846013493842e-10,0.988
3000.001000000164,1.1569800743906248e-05,0.011028982797087895,0.3745788348002774,-0.14677183754070403,0.9957274520849255,-1.907780887859173e-10,0.988
2999.998999999836,1.1569801431497049e-05,0.011028982797087895,0.3745788348002774,-0.14677183754070403,0.9957274520849255,-1.9078027807758603e-10,0.988
2999.998999999836,1.1569796954875296e-05,0.011028982797087895,0.3745788348002774,-0.14677183754070403,0.9957274520849255,-1.9078152496807345e-10,0.988
3000.0,1.1569796871217789e-05,0.011028982797087895,0.3745788348002774,-0.14677183754070403,0.9957274520849255,-1.907822049017085e-10,0.988
3000.001000000164,1.156979942175875e-05,0.011028982797087895,0.3745788348002774,-0.14677183754070403,0.9957274520849255,-1.9078225210725378e-10,0.988
2999.998999999836,1.1569802629737716e-05,0.011028982797087895,0.3745788348002774,-0.14677183754070403,0.9957274520849255,-1.9078021906480703e-10,0.988
3000.0,1.1569799486492343e-05,0.011028982797087895,0.3745788348002774,-0.14677183754070403,0.9957274520849255,-1.9077848457465107e-10,0.988
2999.998999999836,1.1569802236055034e-05,0.011028982797087895,0.3745788348002774,-0.14677183754070403,0.9957274520849255,-1.9077881813069357e-10,0.988
3000.001000000164,1.1569801631538646e-05,0.011028982797087895,0.3745788348002774,-0.14677183754070403,0.9957274520849255,-1.9078248010437421e-10,0.988
2999.997999999672,1.1569802859627649e-05,0.011028982797087895,0.3745788348002774,-0.14677183754070403,0.9957274520849255,-1.9078119483388927e-10,0.988
2999.998999999836,1.1569803062028836e-05,0.011028982797087895,0.3745788348002774,-0.14677183754070403,0.9957274520849255,-1.9077967896765614e-10,0.988
3000.0,1.1569800462223198e-05,0.011028982797087895,0.3745788348002774,-0.14677183754070403,0.9957274520849255,-1.9078148860554495e-10,0.988
2999.998999999836,1.1569804433507239e-05,0.011028982797087895,0.3745788348002774,-0.14677183754070403,0.9957274520849255,-1.9077980239353047e-10,0.987
3000.001000000164,1.1569802902828969e-05,0.011028982797087895,0.3745788348002774,-0.14677183754070403,0.9957274520849255,-1.9078294729362039e-10,0.987
3000.0,1.1569803882698442e-05,0.011028982797087895,0.3745788348002774,-0.14677183754070403,0.9957274520849255,-1.9077948306013784e-10,0.987
3000.0,1.1569801730373934e-05,0.011028982797087895,0.3745788348002774,-0.14677183754070403,0.9957274520849255,-1.9078600951049111e-10,0.987
3000.001000000164,1.1569796908759268e-05,0.011028982797087895,0.3745788348002774,-0.14677183754070403,0.9957274520849255,-1.9078214644969702e-10,0.987
3000.001000000164,1.1569800146672822e-05,0.011028982797087895,0.3745788348002774,-0.14677183754070403,0.9957274520849255,-1.9077982270179456e-10,0.987
3000.001000000164,1.1569800219800985e-05,0.011028982797087895,0.3745788348002774,-0.14677183754070403,0.9957274520849255,-1.9077781743264303e-10,0.987
2999.998999999836,1.1569801182541038e-05,0.011028982797087895,0.3745788348002774,-0.14677183754070403,0.9957274520849255,-1.907774882969447e-10,0.987
3000.001000000164,1.1569803639559329e-05,0.011028982797087895,0.3745788348002774,-0.14677183754070403,0.9957274520849255,-1.9078351158267024e-10,0.987
3000.0,1.15697995174309e-05,0.011028982797087895,0.3745788348002774,-0.14677183754070403,0.9957274520849255,-1.9078107907550385e-10,0.987
2999.998999999836,1.1569799031997416e-05,0.011028982797087895,0.3745788348002774,-0.14677183754070403,0.9957274520849255,-1.907843494273944e-10,0.987
2999.997999999672,1.1569805257480084e-05,0.011028982797087895,0.3745788348002774,-0.14677183754070403,0.9957274520849255,-1.9077934447522084e-10,0.987
3000.002000000328,1.1569798270728594e-05,0.011028982797087895,0.3745788348002774,-0.14677183754070403,0.9957274520849255,-1.9078115670145597e-10,0.987
2999.997999999672,1.1569802660383423e-05,0.011028982797087895,0.3745788348002774,-0.14677183754070403,0.9957274520849255,-1.9077975814460357e-10,0.986
3000.0,1.1569801358310319e-05,0.011028982797087895,0.3745788348002774,-0.14677183754070403,0.9957274520849255,-1.9078391431544756e-10,0.986
3000.001000000164,1.156980264700599e-05,0.011028982797087895,0.3745788348002774,-0.14677183754070403,0.9957274520849255,-1.9078060537991358e-10,0.986
2999.998999999836,1.1569801798598475e-05,0.011028982797087895,0.3745788348002774,-0.14677183754070403,0.9957274520849255,-1.907806554583779e-10,0.986
3000.001000000164,1.1569800249383038e-05,0.011028982797087895,0.3745788348002774,-0.14677183754070403,0.9957274520849255,-1.9077851262338886e-10,0.986
3000.0009999983013,1.1569799821898208e-05,0.011028982797087895,0.3745788348002774,-0.14677183754070403,0.9957274520849255,-1.9078297734787643e-10,0.986
3000.002000000328,1.156979917689888e-05,0.011028982797087895,0.3745788348002774,-0.14677183754070403,0.9957274520849255,-1.9078267392976132e-10,0.986
2999.998000001535,1.1569800880321963e-05,0.011028982797087895,0.3745788348002774,-0.14677183754070403,0.9957274520849255,-1.9078206545525372e-10,0.986
2999.998999999836,1.1569799715034895e-05,0.011028982797087895,0.3745788348002774,-0.14677183754070403,0.9957274520849255,-1.9078183400846286e-10,0.986
3000.001000000164,1.1569803641000074e-05,0.011028982797087895,0.3745788348002774,-0.14677183754070403,0.9957274520849255,-1.9078520346957616e-10,0.986
3000.0,1.1569800600086055e-05,0.011028982797087895,0.3745788348002774,-0.14677183754070403,0.9957274520849255,-1.9078043381286095e-10,0.986
2999.997999999672,1.156980174696294e-05,0.011028982797087895,0.3745788348002774,-0.14677183754070403,0.9957274520849255,-1.9078184880862115e-10,0.986
3000.001999998465,1.1569800073781029e-05,0.011028982797087895,0.3745788348002774,-0.14677183754070403,0.9957274520849255,-1.907829621628728e-10,0.986
3000.002000000328,1.1569799919220803e-05,0.011028982797087895,0.3745788348002774,-0.14677183754070403,0.9957274520849255,-1.9078488339410412e-10,0.986
3000.0,1.1569800850960294e-05,0.011028982797087895,0.3745788348002774,-0.14677183754070403,0.9957274520849255,-1.9078084373940852e-10,0.986
3000.002000000328,1.1569798732656101e-05,0.011028982797087895,0.3745788348002774,-0.14677183754070403,0.9957274520849255,-1.9077735479001647e-10,0.986
3000.0,1.1569802691336068e-05,0.011028982797087895,0.3745788348002774,-0.14677183754070403,0.9957274520849255,-1.9078043287291246e-10,0.986
2999.998999999836,1.1569800382716278e-05,0.011028982797087895,0.3745788348002774,-0.14677183754070403,0.9957274520849255,-1.9077910866100705e-10,0.974
3000.0009999983013,1.190598540542541e-05,0.011464795613596342,0.5911356462638131,-0.5975129131441668,0.8403586716091171,-1.8357401769001356e-09,0.973
2999.998999999836,1.1521368251094574e-05,0.010992025081149232,0.3763240196023814,-0.015971833936858578,1.0,1.992591715563981e-10,0.974
3000.0,1.1592594465597397e-05,0.011081585557199724,0.4588800755087221,-0.06274255168390196,1.0,9.327114047492684e-11,0.975
2999.998999999836,1.1592596468400755e-05,0.011081585557199724,0.4588800755087221,-0.06274255168390196,1.0,9.327242333326929e-11,0.976
3000.002000000328,1.1592588727016798e-05,0.011081585557199724,0.4588800755087221,-0.06274255168390196,1.0,9.327085145595653e-11,0.976
2999.998999999836,1.1592593687032475e-05,0.011081585557199724,0.4588800755087221,-0.06274255168390196,1.0,9.327315640404869e-11,0.977
3000.002000000328,1.1592588750499127e-05,0.011081585557199724,0.4588800755087221,-0.06274255168390196,1.0,9.327098976760906e-11,0.977
2999.998999999836,1.1641027017305765e-05,0.011109247706995446,0.42571518735174063,-0.05664151110929045,1.0,7.631609457685117e-11,0.978
3000.001999998465,1.1569799722692262e-05,0.011024797224718151,0.36712582649549486,-0.09949953683716688,0.9957274520849255,-2.967457749947774e-11,0.978
2999.997999999672,1.1569795530881771e-05,0.011024797224718151,0.36712582649549486,-0.09949953683716688,0.9957274520849255,-2.968151351579666e-11,0.979
3000.0,1.1569806211910417e-05,0.011024797224718151,0.36712582649549486,-0.09949953683716688,0.9957274520849255,-2.9679955977423096e-11,0.979
3000.001000000164,1.156979978156874e-05,0.011024797224718151,0.36712582649549486,-0.09949953683716688,0.9957274520849255,-2.967687383388305e-11,0.979
2999.9969999995083,1.1569803933317284e-05,0.011024797224718151,0.36712582649549486,-0.09949953683716688,0.9957274520849255,-2.967649605550115e-11,0.979
2999.998999999836,1.1569800473892315e-05,0.011024797224718151,0.36712582649549486,-0.09949953683716688,0.9957274520849255,-2.9674016465994173e-11,0.98
3000.0,1.163533174626245e-05,0.011095667900304387,0.3711729998869182,-0.12296381818129136,0.9957274520849255,-1.1023097961861928e-10,0.98
3000.001000000164,1.1635327130635404e-05,0.011095667900304387,0.3711729998869182,-0.12296381818129136,0.9957274520849255,-1.1022925708874663e-10,0.98
3000.002000000328,1.1635326417535658e-05,0.011095667900304387,0.3711729998869182,-0.12296381818129136,0.9957274520849255,-1.1022663830554797e-10,0.98
3000.0,1.1569801361740555e-05,0.011028982797087895,0.3745788348002774,-0.14677183754070403,0.9957274520849255,-1.907821256168836e-10,0.98
3000.001000000164,1.1569804178699469e-05,0.011028982797087895,0.3745788348002774,-0.14677183754070403,0.9957274520849255,-1.9078403266975916e-10,0.98
3000.001000000164,1.1569799495524153e-05,0.011028982797087895,0.3745788348002774,-0.14677183754070403,0.9957274520849255,-1.9078215870586662e-10,0.98
2999.998999999836,1.1635329146625042e-05,0.011095667900304387,0.3711729998869182,-0.12296381818129136,0.9957274520849255,-1.1022748992760716e-10,0.98
3000.001000000164,1.1635327128420274e-05,0.011095667900304387,0.3711729998869182,-0.12296381818129136,0.9957274520849255,-1.1022647886193682e-10,0.981
3000.001000000164,1.1569801176339461e-05,0.011028982797087895,0.3745788348002774,-0.14677183754070403,0.9957274520849255,-1.907829335420708e-10,0.981
2999.9990000016987,1.1569802537924893e-05,0.011028982797087895,0.3745788348002774,-0.14677183754070403,0.9957274520849255,-1.907823335886538e-10,0.981
2999.9959999993443,1.1569802329565762e-05,0.011028982797087895,0.3745788348002774,-0.14677183754070403,0.9957274520849255,-1.9077616683073067e-10,0.981
3000.0,1.1569797427117713e-05,0.011028982797087895,0.3745788348002774,-0.14677183754070403,0.9957274520849255,-1.9078428170041583e-10,0.981
3000.001000000164,1.1569803824620852e-05,0.011028982797087895,0.3745788348002774,-0.14677183754070403,0.9957274520849255,-1.907812068227964e-10,0.981
3000.0,1.156979985784387e-05,0.011028982797087895,0.3745788348002774,-0.14677183754070403,0.9957274520849255,-1.9078154597324312e-10,0.981
3000.001000000164,1.156980079639278e-05,0.011028982797087895,0.3745788348002774,-0.14677183754070403,0.9957274520849255,-1.9078173242916033e-10,0.981
3000.001000000164,1.156979992349549e-05,0.011028982797087895,0.3745788348002774,-0.14677183754070403,0.9957274520849255,-1.9078003800426334e-10,0.981
3000.0,1.1569796485059776e-05,0.011028982797087895,0.3745788348002774,-0.14677183754070403,0.9957274520849255,-1.9078336110898129e-10,0.981
3000.001000000164,1.1569803881056149e-05,0.011028982797087895,0.3745788348002774,-0.14677183754070403,0.9957274520849255,-1.9078014221802173e-10,0.981
3000.001999998465,1.1569799655958274e-05,0.011028982797087895,0.3745788348002774,-0.14677183754070403,0.9957274520849255,-1.907832120414302e-10,0.981
3000.001000000164,1.1569799495959764e-05,0.011028982797087895,0.3745788348002774,-0.14677183754070403,0.9957274520849255,-1.9078399178014983e-10,0.981
3000.001000000164,1.156980032243194e-05,0.011028982797087895,0.3745788348002774,-0.14677183754070403,0.9957274520849255,-1.9078085860590926e-10,0.981
3000.0009999983013,1.1569798417163962e-05,0.011028982797087895,0.3745788348002774,-0.14677183754070403,0.9957274520849255,-1.9077931812971019e-10,0.981
3000.0,1.1569803340773808e-05,0.011028982797087895,0.3745788348002774,-0.14677183754070403,0.9957274520849255,-1.9078350756368226e-10,0.981
3000.0030000004917,1.153276258858284e-05,0.01100545319375805,0.40077252764712545,-0.14043716415057061,0.9957274520849255,-1.7594090815652707e-10,0.981
3000.001000000164,1.1569800862073736e-05,0.011028982797087895,0.3745788348002774,-0.14677183754070403,0.9957274520849255,-1.9078292115728817e-10,0.981
3000.0,1.1299142881675541e-05,0.010791449606766666,0.4436156159189131,-0.1997907696735026,0.9957274520849255,-3.9216047349358604e-10,0.981
2999.997999999672,1.1458687262495252e-05,0.010943491216243575,0.4439784858555651,-0.16307128164248402,0.9957274520849255,-2.8617493922489293e-10,0.981
3000.0,1.1415952158315067e-05,0.010923299022660775,0.4728144473291471,-0.1723952320348607,0.9957274520849255,-2.8617004969019953e-10,0.981
2999.9990000016987,1.1452992629106102e-05,0.01094686467230898,0.4462986771657671,-0.17855727496254065,0.9957274520849255,-3.0101151494776825e-10,0.981
3000.0,1.149572327548807e-05,0.010967153757400401,0.41751760409799177,-0.16924375937195463,0.9957274520849255,-3.010083872859664e-10,0.981
2999.998999999836,1.1458691791435881e-05,0.010943491216243575,0.4439784858555651,-0.16307128164248402,0.9957274520849255,-2.861722175950751e-10,0.981
2999.998999999836,1.1495726006273423e-05,0.010967153757400401,0.41751760409799177,-0.16924375937195463,0.9957274520849255,-3.0101048343689574e-10,0.981
3000.0,1.1472932885130813e-05,0.010952555023302177,0.42891193780779213,-0.15188051212692127,0.9957274520849255,-2.331763892418812e-10,0.981
3000.001000000164,1.1401715028212232e-05,0.010940960441598136,0.5003685988749607,-0.1948198287399002,0.9957274520849255,-2.7981774077953634e-10,0.981
3000.0,1.147578484623245e-05,0.010982503567738312,0.44276607106078014,-0.17710103557960177,0.9957274520849255,-2.586179428011268e-10,0.981
3000.0,1.1475781460738502e-05,0.010982503567738312,0.44276607106078014,-0.17710103557960177,0.9957274520849255,-2.586137586702631e-10,0.981
3000.001999998465,1.145299025614341e-05,0.01094686467230898,0.4462986771657671,-0.17855727496254065,0.9957274520849255,-3.010108502193411e-10,0.981
2999.998999999836,1.1475780753225549e-05,0.010982503567738312,0.44276607106078014,-0.17710103557960177,0.9957274520849255,-2.58615679916439e-10,0.981
2999.997000001371,1.141595507404146e-05,0.01093005735786204,0.4716318893486804,-0.18872479630305952,0.9957274520849255,-3.1584872414112075e-10,0.981
3000.001999998465,1.1415955745210316e-05,0.01093005735786204,0.4716318893486804,-0.18872479630305952,0.9957274520849255,-3.1585076613407594e-10,0.981
3000.0009999983013,1.1452991184388557e-05,0.01094686467230898,0.4462986771657671,-0.17855727496254065,0.9957274520849255,-3.010075026340064e-10,0.981
3000.0,1.1452986954711176e-05,0.01094686467230898,0.4462986771657671,-0.17855727496254065,0.9957274520849255,-3.010097178926483e-10,0.981
2999.998999999836,1.1452995112853967e-05,0.01094686467230898,0.4462986771657671,-0.17855727496254065,0.9957274520849255,-3.010136571111016e-10,0.981
3000.002000000328,1.1452988057300467e-05,0.01094686467230898,0.4462986771657671,-0.17855727496254065,0.9957274520849255,-3.010109286647337e-10,0.981
3000.001000000164,1.1452987908044486e-05,0.01094686467230898,0.4462986771657671,-0.17855727496254065,0.9957274520849255,-3.010128131592025e-10,0.981
2999.998999999836,1.1452992787376454e-05,0.01094686467230898,0.4462986771657671,-0.17855727496254065,0.9957274520849255,-3.010046426314654e-10,0.981
3000.001000000164,1.1452993697598884e-05,0.01094686467230898,0.4462986771657671,-0.17855727496254065,0.9957274520849255,-3.010071926468671e-10,0.981
3000.001999998465,1.1452991458576001e-05,0.01094686467230898,0.4462986771657671,-0.17855727496254065,0.9957274520849255,-3.010113416876647e-10,0.981
2999.997999999672,1.1452993955710813e-05,0.01094686467230898,0.4462986771657671,-0.17855727496254065,0.9957274520849255,-3.0101100553283124e-10,0.98
3000.001000000164,1.1452994302224737e-05,0.01094686467230898,0.4462986771657671,-0.17855727496254065,0.9957274520849255,-3.010119612296101e-10,0.981
3000.0,1.1452995089958499e-05,0.01094686467230898,0.4462986771657671,-0.17855727496254065,0.9957274520849255,-3.0100608853561784e-10,0.981
2999.998999999836,1.1495721394290196e-05,0.010967153757400401,0.41751760409799177,-0.16924375937195463,0.9957274520849255,-3.010109973229069e-10,0.981
3000.0,1.1415951949037235e-05,0.01093005735786204,0.4716318893486804,-0.18872479630305952,0.9957274520849255,-3.1584782731822995e-10,0.981
2999.997999999672,1.1452988607135923e-05,0.01094686467230898,0.4462986771657671,-0.17855727496254065,0.9957274520849255,-3.010131682955351e-10,0.981
3000.0,1.1452993138760403e-05,0.01094686467230898,0.4462986771657671,-0.17855727496254065,0.9957274520849255,-3.0101175805124443e-10,0.981
3000.001999998465,1.1415948878979086e-05,0.010923299022660775,0.4728144473291471,-0.1723952320348607,0.9957274520849255,-2.8617443566225854e-10,0.981
2999.998999999836,1.1452993088829251e-05,0.01094686467230898,0.4462986771657671,-0.17855727496254065,0.9957274520849255,-3.010124605609692e-10,0.981
3000.0,1.1452989979527496e-05,0.01094686467230898,0.4462986771657671,-0.17855727496254065,0.9957274520849255,-3.010133937841824e-10,0.981
2999.998000001535,1.1452996029403418e-05,0.01094686467230898,0.4462986771657671,-0.17855727496254065,0.9957274520849255,-3.010117340336748e-10,0.981
3000.0,1.1452990433660286e-05,0.01094686467230898,0.4462986771657671,-0.17855727496254065,0.9957274520849255,-3.0101050105640294e-10,0.981
2999.9969999995083,1.1452993685417487e-05,0.01094686467230898,0.4462986771657671,-0.17855727496254065,0.9957274520849255,-3.0101053771082765e-10,0.981
2999.998999999836,1.1415953848063161e-05,0.010923299022660775,0.4728144473291471,-0.1723952320348607,0.9957274520849255,-2.8617374469339314e-10,0.981
2999.998999999836,1.1452992503202614e-05,0.01094686467230898,0.4462986771657671,-0.17855727496254065,0.9957274520849255,-3.010140265727293e-10,0.981
2999.998999999836,1.145299343022876e-05,0.01094686467230898,0.4462986771657671,-0.17855727496254065,0.9957274520849255,-3.010108767783382e-10,0.981
2999.998999999836,1.1452994649452235e-05,0.01094686467230898,0.4462986771657671,-0.17855727496254065,0.9957274520849255,-3.0101185119748714e-10,0.981
3000.0,1.1415955794368973e-05,0.010923299022660775,0.4728144473291471,-0.1723952320348607,0.9957274520849255,-2.861707346694676e-10,0.98
3000.0,1.1495722667329843e-05,0.010967153757400401,0.41751760409799177,-0.16924375937195463,0.9957274520849255,-3.0100669405232005e-10,0.98
3000.002000000328,1.1452989385854846e-05,0.01094686467230898,0.4462986771657671,-0.17855727496254065,0.9957274520849255,-3.0101226610128556e-10,0.98
2999.997999999672,1.1415957541324238e-05,0.010923299022660775,0.4728144473291471,-0.1723952320348607,0.9957274520849255,-2.8616665689040956e-10,0.98
2999.998999999836,1.1415952336061566e-05,0.010923299022660775,0.4728144473291471,-0.1723952320348607,0.9957274520849255,-2.861702129027944e-10,0.98
3000.002000000328,1.1495727654906996e-05,0.010967153757400401,0.41751760409799177,-0.16924375937195463,0.9957274520849255,-3.0101599897451264e-10,0.98
3000.001999998465,1.1415958779439324e-05,0.010923299022660775,0.4728144473291471,-0.1723952320348607,0.9957274520849255,-2.8617416908147696e-10,0.98
3000.001000000164,1.1415954932612297e-05,0.010923299022660775,0.4728144473291471,-0.1723952320348607,0.9957274520849255,-2.86176597839737e-10,0.98
2999.998999999836,1.1452988117695395e-05,0.01094686467230898,0.4462986771657671,-0.17855727496254065,0.9957274520849255,-3.010119115977204e-10,0.98
3000.0,1.1430199751660617e-05,0.010932520294973172,0.45726055084665296,-0.16117492995470017,0.9957274520849255,-2.3317838576883983e-10,0.98
3000.0,1.141595224317597e-05,0.010923299022660775,0.4728144473291471,-0.1723952320348607,0.9957274520849255,-2.8616867143035624e-10,0.98
3000.0030000004917,1.1452992947600881e-05,0.01094686467230898,0.4462986771657671,-0.17855727496254065,0.9957274520849255,-3.010098283641452e-10,0.98
2999.997999999672,1.1472936198519317e-05,0.010952555023302177,0.42891193780779213,-0.15188051212692127,0.9957274520849255,-2.331715065910034e-10,0.98
3000.0,1.1430201860500685e-05,0.010932520294973172,0.45726055084665296,-0.16117492995470017,0.9957274520849255,-2.331757249477044e-10,0.98
3000.0,1.1430201115527475e-05,0.010932520294973172,0.45726055084665296,-0.16117492995470017,0.9957274520849255,-2.331796254746479e-10,0.98
2999.998999999836,1.1430202605809382e-05,0.010932520294973172,0.45726055084665296,-0.16117492995470017,0.9957274520849255,-2.3318103165536553e-10,0.98
3000.001000000164,1.1472931453636313e-05,0.010952555023302177,0.42891193780779213,-0.15188051212692127,0.9957274520849255,-2.3318128619580523e-10,0.98
3000.0,1.1472936655338182e-05,0.010952555023302177,0.42891193780779213,-0.15188051212692127,0.9957274520849255,-2.33174701385242e-10,0.98
3000.0,1.1472938114550427e-05,0.010952555023302177,0.42891193780779213,-0.15188051212692127,0.9957274520849255,-2.3318059260762376e-10,0.98
3000.001000000164,1.1472927485768649e-05,0.010952555023302177,0.42891193780779213,-0.15188051212692127,0.9957274520849255,-2.3317759885407286e-10,0.98
3000.0,1.1472934753332934e-05,0.010952555023302177,0.42891193780779213,-0.15188051212692127,0.9957274520849255,-2.3317369897056486e-10,0.98
3000.001000000164,1.1415951424680788e-05,0.010923299022660775,0.4728144473291471,-0.1723952320348607,0.9957274520849255,-2.861709002389993e-10,0.98
3000.0,1.1472933841231014e-05,0.010952555023302177,0.42891193780779213,-0.15188051212692127,0.9957274520849255,-2.3317206991682766e-10,0.98
3000.0,1.1472934741637476e-05,0.010952555023302177,0.42891193780779213,-0.15188051212692127,0.9957274520849255,-2.3317736894961916e-10,0.98
2999.998999999836,1.1430196288889579e-05,0.010932520294973172,0.45726055084665296,-0.16117492995470017,0.9957274520849255,-2.331790105062773e-10,0.98
3000.0,1.1472930868517725e-05,0.010952555023302177,0.42891193780779213,-0.15188051212692127,0.9957274520849255,-2.331804548768841e-10,0.98
2999.9969999995083,1.1472939501951872e-05,0.010952555023302177,0.42891193780779213,-0.15188051212692127,0.9957274520849255,-2.331772392261909e-10,0.979
3000.002000000328,1.1472933354970038e-05,0.010952555023302177,0.42891193780779213,-0.15188051212692127,0.9957274520849255,-2.331814116115904e-10,0.98
3000.0,1.1472935862764842e-05,0.010952555023302177,0.42891193780779213,-0.15188051212692127,0.9957274520849255,-2.331796757545148e-10,0.98
3000.001000000164,1.1458683896851108e-05,0.010943491216243575,0.4439784858555651,-0.16307128164248402,0.9957274520849255,-2.861704738548145e-10,0.98
3000.002000000328,1.1415953343994437e-05,0.010923299022660775,0.4728144473291471,-0.1723952320348607,0.9957274520849255,-2.861755640032644e-10,0.98
3000.002000000328,1.147292920438871e-05,0.010952555023302177,0.42891193780779213,-0.15188051212692127,0.9957274520849255,-2.3317548138324667e-10,0.98
3000.001999998465,1.1472929081703972e-05,0.010952555023302177,0.42891193780779213,-0.15188051212692127,0.9957274520849255,-2.331755882690894e-10,0.98
2999.998999999836,1.1472936613500441e-05,0.010952555023302177,0.42891193780779213,-0.15188051212692127,0.9957274520849255,-2.3317349547318256e-10,0.979
3000.0,1.1472931966958116e-05,0.010952555023302177,0.42891193780779213,-0.15188051212692127,0.9957274520849255,-2.3317107196408287e-10,0.979
2999.997999999672,1.1472933105560695e-05,0.010952555023302177,0.42891193780779213,-0.15188051212692127,0.9957274520849255,-2.3317837780710985e-10,0.979
3190.66599999927,1.221883588252704e-05,0.011939761537160747,0.4484035439445848,-0.6014140812278896,4.492850349127253,-1.947899477237019e-09,0.986
3210.6569999996573,1.2202378162733264e-05,0.011998316477947484,0.43424303164571754,-0.5937627001838067,4.494250789270584,-1.919024965457048e-09,0.987
3220.712000001222,1.225330172464596e-05,0.012088611611767152,0.44593911270078124,-0.5828833285150036,4.502866702626182,-1.869265774852573e-09,0.988
3220.712000001222,1.225330172464596e-05,0.012088611611767152,0.44593911270078124,-0.5828833285150036,4.502866702626182,-1.869265774852573e-09,0.988
3200.747000001371,1.1825830236335463e-05,0.011528718543103798,0.34540788179748905,-0.28765215012737344,4.4774589296350085,-7.137143345155406e-10,0.993
3200.747000001371,1.1825830236335463e-05,0.011528718543103798,0.34540788179748905,-0.28765215012737344,4.4774589296350085,-7.137143345155406e-10,0.993
3250.7649999987334,1.2264180255336314e-05,0.012194985392023069,0.41598869326197896,-0.5046493047737484,4.500056634405698,-1.558927787712632e-09,0.994
3250.7649999987334,1.2264180255336314e-05,0.012194985392023069,0.41598869326197896,-0.5046493047737484,4.500056634405698,-1.558927787712632e-09,0.994
3000.0,1.1304843488811333e-05,0.010865329475693936,0.5568747432682217,-0.20054285936819194,0.9957274520849255,-3.2220954548963587e-10,0.987
3000.001999998465,1.1341880744355477e-05,0.010888596716819734,0.5302452913825642,-0.2066760344241892,0.9957274520849255,-3.370455538828527e-10,0.987
2999.998000001535,1.1341886154150251e-05,0.010888596716819734,0.5302452913825642,-0.2066760344241892,0.9957274520849255,-3.3705229770457395e-10,0.987
3000.001000000164,1.1304842359869297e-05,0.010865329475693936,0.5568747432682217,-0.20054285936819194,0.9957274520849255,-3.222063553602163e-10,0.986
3000.002000000328,1.134188062948824e-05,0.010888596716819734,0.5302452913825642,-0.2066760344241892,0.9957274520849255,-3.370441688718785e-10,0.986
3000.0,1.1327630161658652e-05,0.010861930696774743,0.5082719676189535,-0.1823069547498632,0.9828586897127056,-2.564966143409543e-10,0.986
2999.998999999836,1.1327637509183867e-05,0.010861930696774743,0.5082719676189535,-0.1823069547498632,0.9828586897127056,-2.5649673125361425e-10,0.986
3000.001000000164,1.1336183594489937e-05,0.010868514865638931,0.49597666734291224,-0.17081399512180376,0.9957274520849255,-1.9926177080954413e-10,0.985
3000.0,1.1336182934519076e-05,0.010868514865638931,0.49597666734291224,-0.17081399512180376,0.9957274520849255,-1.9925739314167252e-10,0.985
2999.9969999995083,1.1327634537897917e-05,0.010861930696774743,0.5082719676189535,-0.1823069547498632,0.9828586897127056,-2.5649396692618647e-10,0.985
2999.9959999993443,1.1327637718146712e-05,0.010861930696774743,0.5082719676189535,-0.1823069547498632,0.9828586897127056,-2.56499866493254e-10,0.985
2999.998999999836,1.1401711253098081e-05,0.010940960441598091,0.5003685988748479,-0.19481982873970996,0.9957274520849255,-2.798148804835911e-10,0.985
3000.003999998793,1.1336182294219846e-05,0.010868514865638931,0.49597666734291224,-0.17081399512180376,0.9957274520849255,-1.9926205679622024e-10,0.985
3000.001000000164,1.1401707004925097e-05,0.010940960441598091,0.5003685988748479,-0.19481982873970996,0.9957274520849255,-2.798109588742766e-10,0.984
3000.001000000164,1.1276354321315572e-05,0.010815942648914821,0.5261668851606913,-0.182575286654262,0.9957274520849255,-2.5649727103345705e-10,0.984
3000.0,1.1341882829556958e-05,0.010888596716819734,0.5302452913825642,-0.2066760344241892,0.9957274520849255,-3.3704664720339603e-10,0.984
2999.997999999672,1.1341882756984959e-05,0.010888596716819734,0.5302452913825642,-0.2066760344241892,0.9957274520849255,-3.37054878334925e-10,0.984
2999.998999999836,1.1378919345966525e-05,0.010906596451407052,0.4981403999850924,-0.18257720655202359,0.9957274520849255,-3.0101142496881665e-10,0.984
3000.0,1.1330480666583563e-05,0.010878701845631797,0.5349488274068732,-0.18967032510920903,0.9957274520849255,-2.840487141677336e-10,0.983
3000.001000000164,1.133048394893598e-05,0.010878701845631797,0.5349488274068732,-0.18967032510920903,0.9957274520849255,-2.8405118685708445e-10,0.984
3000.001000000164,1.133048224008752e-05,0.010878701845631797,0.5349488274068732,-0.18967032510920903,0.9957274520849255,-2.8404852511598e-10,0.983
2999.998999999836,1.1378912635643415e-05,0.010906596451407052,0.4981403999850924,-0.18257720655202359,0.9957274520849255,-3.0100756674724724e-10,0.983
3000.001000000164,1.1378918009780455e-05,0.010906596451407052,0.4981403999850924,-0.18257720655202359,0.9957274520849255,-3.010148986290002e-10,0.983
3000.0,1.141595796207012e-05,0.0109232990226607,0.4728144473291116,-0.1723952320348021,0.9957274520849255,-2.861750392818922e-10,0.983
3000.001000000164,1.1415955034020876e-05,0.0109232990226607,0.4728144473291116,-0.1723952320348021,0.9957274520849255,-2.8617300643505347e-10,0.983
3000.001000000164,1.1415956391344863e-05,0.0109232990226607,0.4728144473291116,-0.1723952320348021,0.9957274520849255,-2.861726972005215e-10,0.983
3000.0,1.1415952584435931e-05,0.0109232990226607,0.4728144473291116,-0.1723952320348021,0.9957274520849255,-2.8617173801564624e-10,0.983
3000.0,1.141595684710909e-05,0.0109232990226607,0.4728144473291116,-0.1723952320348021,0.9957274520849255,-2.8616831553238616e-10,0.983
3000.0,1.1415953826156038e-05,0.0109232990226607,0.4728144473291116,-0.1723952320348021,0.9957274520849255,-2.8617161253293373e-10,0.983
2999.998999999836,1.1415958023471217e-05,0.0109232990226607,0.4728144473291116,-0.1723952320348021,0.9957274520849255,-2.8616705643821895e-10,0.983
3000.0,1.1415953512515235e-05,0.0109232990226607,0.4728144473291116,-0.1723952320348021,0.9957274520849255,-2.861723031537291e-10,0.982
3000.001000000164,1.1378913558882355e-05,0.010906596451407052,0.4981403999850924,-0.18257720655202359,0.9957274520849255,-3.0100912259113767e-10,0.982
3000.0,1.1378920024611105e-05,0.010906596451407052,0.4981403999850924,-0.18257720655202359,0.9957274520849255,-3.0100557533184073e-10,0.982
3000.001000000164,1.1327631297851317e-05,0.010861930696774743,0.5082719676189535,-0.1823069547498632,0.9828586897127056,-2.564925418166711e-10,0.982
2999.998999999836,1.132763363815649e-05,0.010861930696774743,0.5082719676189535,-0.1823069547498632,0.9828586897127056,-2.5649505831783435e-10,0.982
3000.0,1.1327632277522853e-05,0.010861930696774743,0.5082719676189535,-0.1823069547498632,0.9828586897127056,-2.564974919057867e-10,0.982
3000.0,1.1327632828488607e-05,0.010861930696774743,0.5082719676189535,-0.1823069547498632,0.9828586897127056,-2.5649577269329146e-10,0.982
2999.9990000016987,1.1401714389015691e-05,0.010940960441598091,0.5003685988748479,-0.19481982873970996,0.9957274520849255,-2.798160032048244e-10,0.982
3000.001000000164,1.1401710768639914e-05,0.010940960441598091,0.5003685988748479,-0.19481982873970996,0.9957274520849255,-2.798153231621361e-10,0.982
3000.001000000164,1.140170966415428e-05,0.010940960441598091,0.5003685988748479,-0.19481982873970996,0.9957274520849255,-2.7981488669348044e-10,0.982
3000.001000000164,1.1401705989035176e-05,0.010940960441598091,0.5003685988748479,-0.19481982873970996,0.9957274520849255,-2.7981343533614256e-10,0.982
3000.0,1.1401705038538566e-05,0.010940960441598091,0.5003685988748479,-0.19481982873970996,0.9957274520849255,-2.798087192627361e-10,0.981
3000.0,1.1401706967872873e-05,0.010940960441598091,0.5003685988748479,-0.19481982873970996,0.9957274520849255,-2.7981149479620687e-10,0.981
2999.998999999836,1.1401709608146436e-05,0.010940960441598091,0.5003685988748479,-0.19481982873970996,0.9957274520849255,-2.7981318733043456e-10,0.981
3000.003999998793,1.1401709329810683e-05,0.010940960441598091,0.5003685988748479,-0.19481982873970996,0.9957274520849255,-2.7981564837675806e-10,0.981
3000.0,1.1401705923874497e-05,0.010940960441598091,0.5003685988748479,-0.19481982873970996,0.9957274520849255,-2.79809382504919e-10,0.981
3000.0,1.140171105597745e-05,0.010940960441598091,0.5003685988748479,-0.19481982873970996,0.9957274520849255,-2.7981145906079135e-10,0.981
2999.9990000016987,1.1401708411122989e-05,0.010940960441598091,0.5003685988748479,-0.19481982873970996,0.9957274520849255,-2.7980722295578947e-10,0.981
2999.998999999836,1.134188344541234e-05,0.010888596716819734,0.5302452913825642,-0.2066760344241892,0.9957274520849255,-3.3704250266566234e-10,0.981
3000.002000000328,1.1401706155252179e-05,0.010940960441598091,0.5003685988748479,-0.19481982873970996,0.9957274520849255,-2.798117584901294e-10,0.981
3000.001000000164,1.1341880335057981e-05,0.010888596716819734,0.5302452913825642,-0.2066760344241892,0.9957274520849255,-3.37049379724875e-10,0.981
3000.001000000164,1.140170780616199e-05,0.010940960441598091,0.5003685988748479,-0.19481982873970996,0.9957274520849255,-2.798110801232855e-10,0.981
3000.001000000164,1.1364671791172851e-05,0.010917945707024613,0.5265681659330514,-0.1885396760274797,0.9957274520849255,-2.649719376578198e-10,0.981
2999.998999999836,1.1401710492165072e-05,0.010940960441598091,0.5003685988748479,-0.19481982873970996,0.9957274520849255,-2.798116273549674e-10,0.981
3000.001000000164,1.140170927663908e-05,0.010940960441598091,0.5003685988748479,-0.19481982873970996,0.9957274520849255,-2.7981313228201845e-10,0.981
3000.0,1.140170652006994e-05,0.010940960441598091,0.5003685988748479,-0.19481982873970996,0.9957274520849255,-2.798153471918868e-10,0.981
3000.001999998465,1.1401707755226082e-05,0.010940960441598091,0.5003685988748479,-0.19481982873970996,0.9957274520849255,-2.798147886076604e-10,0.98
3000.001000000164,1.1401709277470461e-05,0.010940960441598091,0.5003685988748479,-0.19481982873970996,0.9957274520849255,-2.798115926173258e-10,0.98
3000.0,1.1401707858907186e-05,0.010940960441598091,0.5003685988748479,-0.19481982873970996,0.9957274520849255,-2.7981181295485147e-10,0.98
2999.998000001535,1.1401712239843934e-05,0.010940960441598091,0.5003685988748479,-0.19481982873970996,0.9957274520849255,-2.7981440515938123e-10,0.98
3000.0,1.1401709217027025e-05,0.010940960441598091,0.5003685988748479,-0.19481982873970996,0.9957274520849255,-2.7981312670272684e-10,0.98
2999.998999999836,1.1401711967656473e-05,0.010940960441598091,0.5003685988748479,-0.19481982873970996,0.9957274520849255,-2.7981215785680946e-10,0.98
3000.0,1.1341880617356597e-05,0.010888596716819734,0.5302452913825642,-0.2066760344241892,0.9957274520849255,-3.3704895899038347e-10,0.98
3000.001000000164,1.135327522851447e-05,0.010893399554140691,0.5194860636142669,-0.1934213871097145,0.9957274520849255,-3.3916866783124343e-10,0.98
3000.0030000004917,1.1304838556983326e-05,0.010865329475693936,0.5568747432682217,-0.20054285936819194,0.9957274520849255,-3.2220858274619874e-10,0.98
3000.001000000164,1.1364672459848403e-05,0.010917945707024613,0.5265681659330514,-0.1885396760274797,0.9957274520849255,-2.6497453292856635e-10,0.98
2999.998999999836,1.1401711250048408e-05,0.010940960441598091,0.5003685988748479,-0.19481982873970996,0.9957274520849255,-2.7981409660070934e-10,0.98
3000.001999998465,1.1401707172319485e-05,0.010940960441598091,0.5003685988748479,-0.19481982873970996,0.9957274520849255,-2.7981471541116274e-10,0.98
2999.998999999836,1.14017068400312e-05,0.010940960441598091,0.5003685988748479,-0.19481982873970996,0.9957274520849255,-2.798131668027279e-10,0.98
3000.0,1.1401708982725684e-05,0.010940960441598091,0.5003685988748479,-0.19481982873970996,0.9957274520849255,-2.7980956320795887e-10,0.98
3000.0,1.1401709927479174e-05,0.010940960441598091,0.5003685988748479,-0.19481982873970996,0.9957274520849255,-2.798114922795058e-10,0.98
3000.001000000164,1.1401709438421281e-05,0.010940960441598091,0.5003685988748479,-0.19481982873970996,0.9957274520849255,-2.7981249379420573e-10,0.98
3000.0,1.1401707390841385e-05,0.010940960441598091,0.5003685988748479,-0.19481982873970996,0.9957274520849255,-2.798152299339287e-10,0.98
2999.998999999836,1.1401707924701696e-05,0.010940960441598091,0.5003685988748479,-0.19481982873970996,0.9957274520849255,-2.798113239991322e-10,0.979
2999.998999999836,1.1401712711070126e-05,0.010940960441598091,0.5003685988748479,-0.19481982873970996,0.9957274520849255,-2.7981237851967023e-10,0.979
3000.0,1.140171055522936e-05,0.010940960441598091,0.5003685988748479,-0.19481982873970996,0.9957274520849255,-2.7981563900755365e-10,0.979
3000.0,1.1401712443218025e-05,0.010940960441598091,0.5003685988748479,-0.19481982873970996,0.9957274520849255,-2.798159813845742e-10,0.979
3000.001000000164,1.134187733011145e-05,0.010888596716819734,0.5302452913825642,-0.2066760344241892,0.9957274520849255,-3.370488163407411e-10,0.979
2999.998000001535,1.1364671970410132e-05,0.010917945707024613,0.5265681659330514,-0.1885396760274797,0.9957274520849255,-2.649742830590602e-10,0.979
3000.001000000164,1.1364671871439684e-05,0.010917945707024613,0.5265681659330514,-0.1885396760274797,0.9957274520849255,-2.6497243427086444e-10,0.979
3000.002000000328,1.1401707623142722e-05,0.010940960441598091,0.5003685988748479,-0.19481982873970996,0.9957274520849255,-2.798120689409012e-10,0.979
3000.0,1.1304843774964502e-05,0.010865329475693936,0.5568747432682217,-0.20054285936819194,0.9957274520849255,-3.222085273951376e-10,0.979
2999.998999999836,1.1390310940337573e-05,0.010931394449720643,0.5049955233578616,-0.17777473762760326,0.9957274520849255,-2.2681419035698268e-10,0.979
3000.0,1.140170925871539e-05,0.010940960441598091,0.5003685988748479,-0.19481982873970996,0.9957274520849255,-2.798137115635438e-10,0.979
3000.0040000006557,1.1401704235317856e-05,0.010940960441598091,0.5003685988748479,-0.19481982873970996,0.9957274520849255,-2.7981290649016386e-10,0.979
3000.003999998793,1.1401705796375693e-05,0.010940960441598091,0.5003685988748479,-0.19481982873970996,0.9957274520849255,-2.7981249334282526e-10,0.979
3000.0,1.1401707619833097e-05,0.010940960441598091,0.5003685988748479,-0.19481982873970996,0.9957274520849255,-2.798139024319045e-10,0.979
2999.997999999672,1.1364672828491985e-05,0.010917945707024613,0.5265681659330514,-0.1885396760274797,0.9957274520849255,-2.649737323900064e-10,0.979
2999.998999999836,1.136467470657678e-05,0.010917945707024613,0.5265681659330514,-0.1885396760274797,0.9957274520849255,-2.64973984201657e-10,0.979
2999.998999999836,1.1401705783610322e-05,0.010940960441598091,0.5003685988748479,-0.19481982873970996,0.9957274520849255,-2.7981094622942847e-10,0.979
3000.0,1.1401703702627815e-05,0.010940960441598091,0.5003685988748479,-0.19481982873970996,0.9957274520849255,-2.7981069225517074e-10,0.979
3000.0,1.1401707197255802e-05,0.010940960441598091,0.5003685988748479,-0.19481982873970996,0.9957274520849255,-2.798124439660369e-10,0.979
2999.998999999836,1.1364670804271556e-05,0.010917945707024613,0.5265681659330514,-0.1885396760274797,0.9957274520849255,-2.6497227309392484e-10,0.979
2999.996000001207,1.130484937977501e-05,0.010865329475693936,0.5568747432682217,-0.20054285936819194,0.9957274520849255,-3.222069759873269e-10,0.978
3000.0,1.1364672022470368e-05,0.010917945707024613,0.5265681659330514,-0.1885396760274797,0.9957274520849255,-2.6497471152806327e-10,0.978
3000.0,1.1330483370099057e-05,0.010878701845631797,0.5349488274068732,-0.18967032510920903,0.9957274520849255,-2.8405285737829984e-10,0.978
3000.0,1.1330484369235049e-05,0.010878701845631797,0.5349488274068732,-0.18967032510920903,0.9957274520849255,-2.840546845505378e-10,0.978
3000.0,1.1330487398154351e-05,0.010878701845631797,0.5349488274068732,-0.18967032510920903,0.9957274520849255,-2.8405137517999325e-10,0.978
2999.9969999995083,1.133048609033677e-05,0.010878701845631797,0.5349488274068732,-0.18967032510920903,0.9957274520849255,-2.8405574018541057e-10,0.978
2999.997999999672,1.1330484220838348e-05,0.010878701845631797,0.5349488274068732,-0.18967032510920903,0.9957274520849255,-2.840499458310858e-10,0.978
2999.998000001535,1.1330484516584602e-05,0.010878701845631797,0.5349488274068732,-0.18967032510920903,0.9957274520849255,-2.8405146694766807e-10,0.978
2999.998000001535,1.1367520398610182e-05,0.01089558838034206,0.5089976212703315,-0.17946655459539507,0.9957274520849255,-2.6921396988349414e-10,0.978
3000.0,1.1415954358695336e-05,0.0109232990226607,0.4728144473291116,-0.1723952320348021,0.9957274520849255,-2.8617240467602754e-10,0.978
2999.997999999672,1.1415956213279208e-05,0.0109232990226607,0.4728144473291116,-0.1723952320348021,0.9957274520849255,-2.861733778815325e-10,0.978
3000.0,1.1415956383243128e-05,0.0109232990226607,0.4728144473291116,-0.1723952320348021,0.9957274520849255,-2.861738561593053e-10,0.977
2999.997999999672,1.141595540301346e-05,0.0109232990226607,0.4728144473291116,-0.1723952320348021,0.9957274520849255,-2.8617294356646776e-10,0.978
3000.001000000164,1.1330479579388154e-05,0.010878701845631797,0.5349488274068732,-0.18967032510920903,0.9957274520849255,-2.840529354065571e-10,0.978
2999.9969999995083,1.1415954262443378e-05,0.0109232990226607,0.4728144473291116,-0.1723952320348021,0.9957274520849255,-2.8617111648396275e-10,0.978
3000.0,1.1415957202936288e-05,0.0109232990226607,0.4728144473291116,-0.1723952320348021,0.9957274520849255,-2.8617103137761207e-10,0.978
3000.0,1.1415955083949441e-05,0.0109232990226607,0.4728144473291116,-0.1723952320348021,0.9957274520849255,-2.8617215006092104e-10,0.978
2999.997999999672,1.1415958284637713e-05,0.0109232990226607,0.4728144473291116,-0.1723952320348021,0.9957274520849255,-2.861694545082663e-10,0.978
2999.997999999672,1.1415954518920303e-05,0.0109232990226607,0.4728144473291116,-0.1723952320348021,0.9957274520849255,-2.8617584779520127e-10,0.978
3000.001000000164,1.1378917734958324e-05,0.010906596451407052,0.4981403999850924,-0.18257720655202359,0.9957274520849255,-3.010111082206495e-10,0.978
3000.0,1.137891633237431e-05,0.010906596451407052,0.4981403999850924,-0.18257720655202359,0.9957274520849255,-3.0100873949425547e-10,0.978
2999.998999999836,1.1415955627963861e-05,0.0109232990226607,0.4728144473291116,-0.1723952320348021,0.9957274520849255,-2.861764851858178e-10,0.978
3000.0,1.141595688429334e-05,0.0109232990226607,0.4728144473291116,-0.1723952320348021,0.9957274520849255,-2.8617540350656706e-10,0.977
3000.0,1.1415955418262829e-05,0.0109232990226607,0.4728144473291116,-0.1723952320348021,0.9957274520849255,-2.8617015152725826e-10,0.977
3000.0,1.1415955085013787e-05,0.0109232990226607,0.4728144473291116,-0.1723952320348021,0.9957274520849255,-2.8617383746152983e-10,0.977
3000.001000000164,1.141595542212272e-05,0.0109232990226607,0.4728144473291116,-0.1723952320348021,0.9957274520849255,-2.8617560320549634e-10,0.977
3000.001000000164,1.143019812053482e-05,0.0109325202949731,0.4572605508466463,-0.16117492995477337,0.9957274520849255,-2.3317572473918473e-10,0.977
3000.0,1.1430199563009314e-05,0.0109325202949731,0.4572605508466463,-0.16117492995477337,0.9957274520849255,-2.331793166465301e-10,0.977
2999.997999999672,1.1381765978145361e-05,0.010897635593946986,0.4916904322592539,-0.16033119766918089,0.9957274520849255,-2.5013315611630587e-10,0.977
3000.0,1.1430197336417349e-05,0.0109325202949731,0.4572605508466463,-0.16117492995477337,0.9957274520849255,-2.331794601389959e-10,0.977
3000.0,1.1381765707569304e-05,0.010897635593946986,0.4916904322592539,-0.16033119766918089,0.9957274520849255,-2.501362312169066e-10,0.977
3000.0,1.1381765205218061e-05,0.010897635593946986,0.4916904322592539,-0.16033119766918089,0.9957274520849255,-2.501300696767623e-10,0.977
3000.001000000164,1.1381767993027607e-05,0.010897635593946986,0.4916904322592539,-0.16033119766918089,0.9957274520849255,-2.501357573517106e-10,0.977
2999.9990000016987,1.1381765851282169e-05,0.010897635593946986,0.4916904322592539,-0.16033119766918089,0.9957274520849255,-2.501387909446803e-10,0.977
3000.001000000164,1.1381768616400246e-05,0.010897635593946986,0.4916904322592539,-0.16033119766918089,0.9957274520849255,-2.501374023362764e-10,0.977
2999.9990000016987,1.1424501639261662e-05,0.01091759342317917,0.4630957537898084,-0.15099223069728337,0.9957274520849255,-2.501351535545071e-10,0.977
2999.998999999836,1.142450723362423e-05,0.01091759342317917,0.4630957537898084,-0.15099223069728337,0.9957274520849255,-2.501349116164635e-10,0.977
2999.998999999836,1.1410258902754888e-05,0.010911743849914769,0.46890462789363774,-0.14003675242583485,0.9957274520849255,-1.9714226765445253e-10,0.977
3000.002000000328,1.1381767825009067e-05,0.010897635593946986,0.4916904322592539,-0.16033119766918089,0.9957274520849255,-2.5013405830829874e-10,0.977
3000.001000000164,1.143019954408508e-05,0.0109325202949731,0.4572605508466463,-0.16117492995477337,0.9957274520849255,-2.331775613330466e-10,0.977
3000.001000000164,1.1430199419281057e-05,0.0109325202949731,0.4572605508466463,-0.16117492995477337,0.9957274520849255,-2.3317719849910844e-10,0.977
3000.0,1.1381761944097707e-05,0.010897635593946986,0.4916904322592539,-0.16033119766918089,0.9957274520849255,-2.5013653709322474e-10,0.977
3000.0,1.1381768093065012e-05,0.010897635593946986,0.4916904322592539,-0.16033119766918089,0.9957274520849255,-2.5013521213531096e-10,0.977
2999.998999999836,1.1430200232280926e-05,0.0109325202949731,0.4572605508466463,-0.16117492995477337,0.9957274520849255,-2.3317843208135036e-10,0.977
2999.997999999672,1.1430197864519297e-05,0.0109325202949731,0.4572605508466463,-0.16117492995477337,0.9957274520849255,-2.3317618529007454e-10,0.977
3000.0,1.143019835956408e-05,0.0109325202949731,0.4572605508466463,-0.16117492995477337,0.9957274520849255,-2.3317695124055185e-10,0.976
3000.001000000164,1.1415953081455632e-05,0.0109232990226607,0.4728144473291116,-0.1723952320348021,0.9957274520849255,-2.8617199986902647e-10,0.976
2999.998999999836,1.1415953588952664e-05,0.0109232990226607,0.4728144473291116,-0.1723952320348021,0.9957274520849255,-2.861744749519032e-10,0.976
3000.001000000164,1.141595281524132e-05,0.0109232990226607,0.4728144473291116,-0.1723952320348021,0.9957274520849255,-2.8617562925611437e-10,0.976
3000.0009999983013,1.138176577290778e-05,0.010897635593946986,0.4916904322592539,-0.16033119766918089,0.9957274520849255,-2.501347272628555e-10,0.976
3000.0030000004917,1.138176149449525e-05,0.010897635593946986,0.4916904322592539,-0.16033119766918089,0.9957274520849255,-2.50132968899949e-10,0.976
3000.0,1.1415958610134995e-05,0.0109232990226607,0.4728144473291116,-0.1723952320348021,0.9957274520849255,-2.861746035900044e-10,0.976
2999.998999999836,1.14159539805364e-05,0.0109232990226607,0.4728144473291116,-0.1723952320348021,0.9957274520849255,-2.86171763912784e-10,0.976
3000.0,1.137891739812281e-05,0.010906596451407052,0.4981403999850924,-0.18257720655202359,0.9957274520849255,-3.0100521052270974e-10,0.976
3000.0,1.137891256265021e-05,0.010906596451407052,0.4981403999850924,-0.18257720655202359,0.9957274520849255,-3.010107182886867e-10,0.976
2999.997999999672,1.1367525658535202e-05,0.01089558838034206,0.5089976212703315,-0.17946655459539507,0.9957274520849255,-2.6922071616381676e-10,0.976
2999.998999999836,1.1415958687538687e-05,0.0109232990226607,0.4728144473291116,-0.1723952320348021,0.9957274520849255,-2.8617733791334036e-10,0.976
2999.998999999836,1.143019316749392e-05,0.0109325202949731,0.4572605508466463,-0.16117492995477337,0.9957274520849255,-2.331754122705169e-10,0.976
2999.998999999836,1.1381770031764596e-05,0.010897635593946986,0.4916904322592539,-0.16033119766918089,0.9957274520849255,-2.501354337496893e-10,0.976
2999.998999999836,1.1381770373399565e-05,0.010897635593946986,0.4916904322592539,-0.16033119766918089,0.9957274520849255,-2.5013023876911294e-10,0.976
3000.0,1.1381762579789898e-05,0.010897635593946986,0.4916904322592539,-0.16033119766918089,0.9957274520849255,-2.5013881922935743e-10,0.976
2999.998999999836,1.1430199518409526e-05,0.0109325202949731,0.4572605508466463,-0.16117492995477337,0.9957274520849255,-2.3317643020607425e-10,0.976
2999.997999999672,1.136751668149254e-05,0.010888526071052906,0.5072454117603327,-0.1715954060668594,0.9957274520849255,-3.031362190956837e-10,0.976
2999.997999999672,1.143020015494063e-05,0.0109325202949731,0.4572605508466463,-0.16117492995477337,0.9957274520849255,-2.331766328822457e-10,0.976
2999.998999999836,1.1814815169483419e-05,0.01146237993813472,0.7695708709917444,-0.7480610539120615,0.7793498372920851,-2.3741639608345267e-09,0.97
2999.998999999836,1.1381765879068956e-05,0.010897635593946986,0.4916904322592539,-0.16033119766918089,0.9957274520849255,-2.5013430537131806e-10,0.976
2999.997999999672,1.1381768664201567e-05,0.010897635593946986,0.4916904322592539,-0.16033119766918089,0.9957274520849255,-2.501384795511213e-10,0.976
3000.0,1.1367519354464001e-05,0.010888526071052906,0.5072454117603327,-0.1715954060668594,0.9957274520849255,-3.031318693273629e-10,0.976
2999.997999999672,1.138176643540896e-05,0.010897635593946986,0.4916904322592539,-0.16033119766918089,0.9957274520849255,-2.5013689804352617e-10,0.976
3000.0,1.1381767963030147e-05,0.010897635593946986,0.4916904322592539,-0.16033119766918089,0.9957274520849255,-2.5013536036550375e-10,0.975
3000.0,1.1367524300034467e-05,0.010891916550995282,0.4972338584955609,-0.14935394452067155,0.9957274520849255,-1.9714491750612648e-10,0.975
2999.998999999836,1.1424502401509654e-05,0.01091759342317917,0.4630957537898084,-0.15099223069728337,0.9957274520849255,-2.501324446013933e-10,0.975
2999.997999999672,1.138176952965917e-05,0.010897635593946986,0.4916904322592539,-0.16033119766918089,0.9957274520849255,-2.501341719252434e-10,0.975
3000.001000000164,1.1381766941779688e-05,0.010897635593946986,0.4916904322592539,-0.16033119766918089,0.9957274520849255,-2.50135971166715e-10,0.975
3000.001000000164,1.138176570469252e-05,0.010897635593946986,0.4916904322592539,-0.16033119766918089,0.9957274520849255,-2.501320475245697e-10,0.975
3000.0,1.1381766036994811e-05,0.010897635593946986,0.4916904322592539,-0.16033119766918089,0.9957274520849255,-2.5013264793138916e-10,0.975
3000.0,1.1367519432618894e-05,0.010891916550995282,0.4972338584955609,-0.14935394452067155,0.9957274520849255,-1.971437227719736e-10,0.975
3000.0,1.1367524570085286e-05,0.010891916550995282,0.4972338584955609,-0.14935394452067155,0.9957274520849255,-1.9714407316839417e-10,0.975
3000.001999998465,1.1401710576753921e-05,0.010909417244536188,0.46997209144400287,-0.12871458722896797,0.9957274520849255,-1.399008682493242e-10,0.975
2999.998999999836,1.1358978388404763e-05,0.010889726986759248,0.4979777526123037,-0.13800719053475477,0.9957274520849255,-1.3990408508523272e-10,0.975
2999.998999999836,1.1390313109076203e-05,0.010902081664314549,0.4801172332336945,-0.12963828044419778,0.9957274520849255,-1.505085129667507e-10,0.975
2999.998999999836,1.1410255458388561e-05,0.010911743849914769,0.46890462789363774,-0.14003675242583485,0.9957274520849255,-1.9713956972376978e-10,0.975
3000.0,1.1381769591189061e-05,0.010899611849122762,0.4815706220445106,-0.11830936578406878,0.9957274520849255,-9.327295844610333e-11,0.975
2999.998999999836,1.1390310968988748e-05,0.010902081664314549,0.4801172332336945,-0.12963828044419778,0.9957274520849255,-1.505054345756383e-10,0.974
3000.001000000164,1.1381766251563263e-05,0.010899611849122762,0.4815706220445106,-0.11830936578406878,0.9957274520849255,-9.327134858687788e-11,0.975
3000.0,1.1410259235870315e-05,0.010911743849914769,0.46890462789363774,-0.14003675242583485,0.9957274520849255,-1.971417872772482e-10,0.975
3000.001000000164,1.1401706157878005e-05,0.010909417244536188,0.46997209144400287,-0.12871458722896797,0.9957274520849255,-1.399029444389457e-10,0.975
3000.001000000164,1.1390311400868229e-05,0.010902081664314549,0.4801172332336945,-0.12963828044419778,0.9957274520849255,-1.5050690568877807e-10,0.975
3000.0009999983013,1.1381765638626838e-05,0.010899611849122762,0.4815706220445106,-0.11830936578406878,0.9957274520849255,-9.326978848027108e-11,0.975
3000.0,1.1327635103617419e-05,0.010856547120729221,0.5178916135650593,-0.12210640545373633,0.9957274520849255,-1.2930399964255266e-10,0.975
2999.9990000016987,1.1327635360401368e-05,0.010856547120729221,0.5178916135650593,-0.12210640545373633,0.9957274520849255,-1.2930887729180663e-10,0.975
2999.998999999836,1.1327634464273616e-05,0.010856547120729221,0.5178916135650593,-0.12210640545373633,0.9957274520849255,-1.2930477198460826e-10,0.975
3000.001000000164,1.1327634897678617e-05,0.010856547120729221,0.5178916135650593,-0.12210640545373633,0.9957274520849255,-1.2930462927773854e-10,0.975
3000.0,1.1381766408342173e-05,0.010899611849122762,0.4815706220445106,-0.11830936578406878,0.9957274520849255,-9.326724303714043e-11,0.975
3000.0,1.1327635362996041e-05,0.010856547120729221,0.5178916135650593,-0.12210640545373633,0.9957274520849255,-1.293054874139671e-10,0.974
2999.998999999836,1.1327636133128131e-05,0.010856547120729221,0.5178916135650593,-0.12210640545373633,0.9957274520849255,-1.2930536156091928e-10,0.974
3000.0,1.132763384991613e-05,0.010856547120729221,0.5178916135650593,-0.12210640545373633,0.9957274520849255,-1.2930952565758558e-10,0.974
3000.001000000164,1.1327638093646169e-05,0.010856547120729221,0.5178916135650593,-0.12210640545373633,0.9957274520849255,-1.2930880987668109e-10,0.974
3000.0009999983013,1.1327632885298381e-05,0.010856547120729221,0.5178916135650593,-0.12210640545373633,0.9957274520849255,-1.2930619915223504e-10,0.974
2999.998999999836,1.1327634738558597e-05,0.010856547120729221,0.5178916135650593,-0.12210640545373633,0.9957274520849255,-1.2930896530547827e-10,0.974
3000.001000000164,1.1327630660720742e-05,0.010856547120729221,0.5178916135650593,-0.12210640545373633,0.9957274520849255,-1.2930821703115466e-10,0.974
3000.0,1.1327636823112557e-05,0.010856547120729221,0.5178916135650593,-0.12210640545373633,0.9957274520849255,-1.2930653749219353e-10,0.974
3000.0,1.1327636153396267e-05,0.010856547120729221,0.5178916135650593,-0.12210640545373633,0.9957274520849255,-1.2930083368288117e-10,0.974
3000.0009999983013,1.1327634175043798e-05,0.010856547120729221,0.5178916135650593,-0.12210640545373633,0.9957274520849255,-1.2930599696194584e-10,0.974
3000.0,1.132763393176711e-05,0.010856547120729221,0.5178916135650593,-0.12210640545373633,0.9957274520849255,-1.2930639910735213e-10,0.974
3000.0,1.1327637320599491e-05,0.010856547120729221,0.5178916135650593,-0.12210640545373633,0.9957274520849255,-1.2930594365238443e-10,0.974
3000.0,1.1327635001302813e-05,0.010856547120729221,0.5178916135650593,-0.12210640545373633,0.9957274520849255,-1.2930819816052145e-10,0.974
2999.998999999836,1.1327635815867587e-05,0.010856547120729221,0.5178916135650593,-0.12210640545373633,0.9957274520849255,-1.2930642397959541e-10,0.974
2999.997999999672,1.1327633844446427e-05,0.010856547120729221,0.5178916135650593,-0.12210640545373633,0.9957274520849255,-1.2930514407916957e-10,0.974
3000.0,1.132478865633396e-05,0.010857468184830842,0.5146296055381812,-0.11057829558665538,0.9957274520849255,-6.995330585683679e-11,0.974
3000.0,1.1299148780083244e-05,0.01084350213084025,0.5322402873443415,-0.100935486638694,0.9957274520849255,-3.1797865583056276e-11,0.974
3000.0,1.1299143582088046e-05,0.01084350213084025,0.5322402873443415,-0.100935486638694,0.9957274520849255,-3.179455900339562e-11,0.974
3000.0,1.1327633420208998e-05,0.010856547120729221,0.5178916135650593,-0.12210640545373633,0.9957274520849255,-1.2930529959179543e-10,0.974
3000.001000000164,1.132763442616029e-05,0.010856547120729221,0.5178916135650593,-0.12210640545373633,0.9957274520849255,-1.2930761363444583e-10,0.974
3000.001000000164,1.1327632791432736e-05,0.010856547120729221,0.5178916135650593,-0.12210640545373633,0.9957274520849255,-1.2930810890681038e-10,0.974
3000.0,1.1327633850156288e-05,0.010856547120729221,0.5178916135650593,-0.12210640545373633,0.9957274520849255,-1.2930622379559132e-10,0.974
3000.0,1.1301995443317145e-05,0.010842721770137514,0.5351480913618896,-0.11247353227190307,0.9957274520849255,-9.114688823351029e-11,0.974
2999.997999999672,1.1324784922184282e-05,0.010857468184830842,0.5146296055381812,-0.11057829558665538,0.9957274520849255,-6.995563574326419e-11,0.974
3000.0,1.130199587953111e-05,0.010842721770137514,0.5351480913618896,-0.11247353227190307,0.9957274520849255,-9.115355164715187e-11,0.974
3000.0009999983013,1.1299142726753059e-05,0.01084350213084025,0.5322402873443415,-0.100935486638694,0.9957274520849255,-3.179744514583485e-11,0.974
3000.001000000164,1.129914125719934e-05,0.01084350213084025,0.5322402873443415,-0.100935486638694,0.9957274520849255,-3.1794973279500635e-11,0.974
2999.997999999672,1.1299144851283898e-05,0.01084350213084025,0.5322402873443415,-0.100935486638694,0.9957274520849255,-3.179837740445984e-11,0.974
3000.001000000164,1.1299148361739812e-05,0.01084350213084025,0.5322402873443415,-0.100935486638694,0.9957274520849255,-3.1801196095725413e-11,0.973
3000.0,1.1299146939432394e-05,0.01084350213084025,0.5322402873443415,-0.100935486638694,0.9957274520849255,-3.179933448405481e-11,0.973
3000.0,1.1327637521582876e-05,0.010856547120729221,0.5178916135650593,-0.12210640545373633,0.9957274520849255,-1.2930620887218345e-10,0.973
3000.001000000164,1.1299143645105615e-05,0.01084350213084025,0.5322402873443415,-0.100935486638694,0.9957274520849255,-3.179561214001013e-11,0.973
2999.998999999836,1.125641120241351e-05,0.010814591282863318,0.5656060530009519,-0.09646274553599896,0.9957274520849255,-3.1794880445767225e-11,0.973
3000.001000000164,1.1324787060158513e-05,0.010857468184830842,0.5146296055381812,-0.11057829558665538,0.9957274520849255,-6.995010419554803e-11,0.973
3000.0009999983013,1.1299141927578339e-05,0.01084350213084025,0.5322402873443415,-0.100935486638694,0.9957274520849255,-3.1795307621942925e-11,0.973
3000.0,1.1327634137506301e-05,0.010856547120729221,0.5178916135650593,-0.12210640545373633,0.9957274520849255,-1.2930685173465355e-10,0.973
2999.998000001535,1.1299143661277349e-05,0.01084350213084025,0.5322402873443415,-0.100935486638694,0.9957274520849255,-3.179475334122104e-11,0.973
3000.001000000164,1.1256412178817628e-05,0.010814591282863318,0.5656060530009519,-0.09646274553599896,0.9957274520849255,-3.179625248287414e-11,0.973
3000.0,1.1327634448223562e-05,0.010856547120729221,0.5178916135650593,-0.12210640545373633,0.9957274520849255,-1.2930873888326883e-10,0.973
2999.998999999836,1.1324785825592491e-05,0.010857468184830842,0.5146296055381812,-0.11057829558665538,0.9957274520849255,-6.995356359959148e-11,0.973
2999.998999999836,1.1299147261779495e-05,0.01084350213084025,0.5322402873443415,-0.100935486638694,0.9957274520849255,-3.1798114803054054e-11,0.973
2999.998999999836,1.132478947390428e-05,0.010857468184830842,0.5146296055381812,-0.11057829558665538,0.9957274520849255,-6.995288106942947e-11,0.973
2999.998999999836,1.1299143406810393e-05,0.01084350213084025,0.5322402873443415,-0.100935486638694,0.9957274520849255,-3.179761652092921e-11,0.973
3000.001000000164,1.1299146197232708e-05,0.01084350213084025,0.5322402873443415,-0.100935486638694,0.9957274520849255,-3.179419339574526e-11,0.973
3000.001000000164,1.1324786586545527e-05,0.010857468184830842,0.5146296055381812,-0.11057829558665538,0.9957274520849255,-6.995380156337201e-11,0.973
2999.998999999836,1.1327641478677633e-05,0.010856547120729221,0.5178916135650593,-0.12210640545373633,0.9957274520849255,-1.2931208024660483e-10,0.973
3000.001000000164,1.1301989789164615e-05,0.010842721770137514,0.5351480913618896,-0.11247353227190307,0.9957274520849255,-9.115177544208937e-11,0.973
3000.0,1.1327634020959094e-05,0.010856547120729221,0.5178916135650593,-0.12210640545373633,0.9957274520849255,-1.2930631268786068e-10,0.973
3000.0009999983013,1.1327638682382707e-05,0.010856547120729221,0.5178916135650593,-0.12210640545373633,0.9957274520849255,-1.2930936305391456e-10,0.973
3000.0040000006557,1.1324784135664065e-05,0.010857468184830842,0.5146296055381812,-0.11057829558665538,0.9957274520849255,-6.995164263597222e-11,0.973
3000.001000000164,1.1301995621761891e-05,0.010842721770137514,0.5351480913618896,-0.11247353227190307,0.9957274520849255,-9.114882762314407e-11,0.973
3000.0009999983013,1.1299143141881716e-05,0.01084350213084025,0.5322402873443415,-0.100935486638694,0.9957274520849255,-3.179516558930338e-11,0.973
3000.0,1.1256413422012892e-05,0.010814591282863318,0.5656060530009519,-0.09646274553599896,0.9957274520849255,-3.179588935071162e-11,0.972
2999.998999999836,1.141025571151352e-05,0.010908641599138753,0.4781589712821561,-0.16222678140054067,0.9957274520849255,-3.031306124710027e-10,0.972
3000.0,1.1364674498859028e-05,0.010912589765248856,0.5169800683164953,-0.13938798598956575,0.9957274520849255,-1.0387196330270708e-10,0.972
2999.998999999836,1.1464386265506206e-05,0.011012999312001854,0.5576921545926918,-0.11303115341704316,1.0,-6.99504099558742e-11,0.972
3000.001000000164,1.1316239377687992e-05,0.010870425651562758,0.5337202630438718,-0.10673397360914093,0.9957274520849255,-8.903203697715221e-11,0.972
3000.0,1.1301991461975491e-05,0.010842721770137571,0.5351480913619202,-0.11247353227200034,0.9957274520849255,-9.114916335036684e-11,0.972
3000.0,1.1441594760632718e-05,0.010950799057603065,0.4626152862724764,-0.14848999123112697,0.9957274520849255,-1.929041640007055e-10,0.972
3000.0,1.1561257066884594e-05,0.011103429823534407,0.537562116364009,-0.14535655198299952,1.0,-1.780648817220497e-10,0.972
3000.0,1.1615387151358457e-05,0.011119560035568564,0.42569668311466735,-0.26058560977547884,0.9828586897127056,-5.405459298198666e-10,0.972
3000.0,1.1324785722713296e-05,0.010857468184830901,0.5146296055381878,-0.11057829558661982,0.9957274520849255,-6.995615158082478e-11,0.971
3180.428000001237,1.2106654013632529e-05,0.0118486168067932,0.5321798861622327,-0.6667451332681313,4.464840953866567,-2.179472981660579e-09,0.979
3190.395999999717,1.209881820304987e-05,0.011885497340117634,0.5375516059176784,-0.6797173475188996,4.498816467884233,-2.22575570607411e-09,0.98
3200.4109999984503,1.220174775374075e-05,0.012046069407154908,0.5579383634623114,-0.7073416396970723,4.468483932251875,-2.3526047250333728e-09,0.98
3200.4109999984503,1.220174775374075e-05,0.012046069407154908,0.5579383634623114,-0.7073416396970723,4.468483932251875,-2.3526047250333728e-09,0.98
3170.985999999568,1.1611105826415962e-05,0.011224668146961998,0.350955443182956,-0.23601431115171553,4.439649353481334,-5.187221070994451e-10,0.99
3170.985999999568,1.1611105826415962e-05,0.011224668146961998,0.350955443182956,-0.23601431115171553,4.439649353481334,-5.187221070994451e-10,0.99
3251.050000000745,1.2205890123867813e-05,0.0121813468058634,0.4800783318670283,-0.5208985609709246,4.4768364354107115,-1.607644189603505e-09,0.991
3251.050000000745,1.2205890123867813e-05,0.0121813468058634,0.4800783318670283,-0.5208985609709246,4.4768364354107115,-1.607644189603505e-09,0.991
2999.998999999836,1.1319092006589253e-05,0.010833921088592402,0.4174219932068661,-0.12149684290305449,0.9957274520849255,-1.2930712774511012e-10,0.984
2999.998999999836,1.0868942669046028e-05,0.010478769745758086,0.6786169519691638,-0.1386192393016381,1.0,-1.8018248916300145e-10,0.983
2999.9990000016987,1.1091167087344455e-05,0.010648004507887849,0.5271928843095095,-0.14730747004145367,1.0,-1.3142411048834298e-10,0.983
3000.001000000164,1.0954417785480177e-05,0.010572897135892002,0.6363732511686329,-0.17912499666326775,0.9957274520849255,-2.056219363906587e-10,0.983
3000.001000000164,1.0925923766881753e-05,0.010539376714894506,0.6237278720357664,-0.07101616233825317,1.0,8.05492102223994e-11,0.982
3000.0,1.1111108806339151e-05,0.010659196101885938,0.5087713430744123,-0.13609196958632777,1.0,-8.479481742779855e-11,0.982
3000.0,1.1028492653658045e-05,0.010605731396822084,0.5400569287040686,-0.037359260877221856,0.9957274520849255,1.7170228444206829e-10,0.982
3000.001000000164,1.0997149152516362e-05,0.010593466782009486,0.5925753184970199,-0.12544617130517566,0.9957274520849255,-1.271583999208871e-11,0.982
3000.002000000328,1.1111105408231596e-05,0.010659196101885988,0.5087713430744403,-0.136091969586357,1.0,-8.479033798381136e-11,0.981
3000.001000000164,1.0888889294999063e-05,0.010485447791325623,0.5223435481736192,-0.08520655264942718,0.9957274520849255,7.843106000546866e-11,0.981
3000.0,1.1014245967295588e-05,0.01058329598216705,0.5682753452194276,-0.14104881780243633,1.0,-1.2718724731045564e-10,0.981
3000.001000000164,1.1165243480300948e-05,0.010768686799448443,0.6293384242853435,-0.11280734843706554,0.9957274520849255,-1.4841565024242188e-11,0.981
3000.0,1.11111089926092e-05,0.010659196101885959,0.5087713430744198,-0.13609196958645034,1.0,-8.479618407014674e-11,0.981
3000.0,1.1065528403432288e-05,0.010679671559340347,0.65739145291422,-0.10935422091990234,0.9957274520849255,-8.48154859620594e-12,0.981
3000.0,1.0994299908264703e-05,0.010588019354258498,0.5667656119107276,-0.05909816160088786,1.0,9.751222715259047e-11,0.98
3000.0,1.1062676132415364e-05,0.010680895957808826,0.6537849580464159,-0.09763510180839026,0.9957274520849255,5.0877242262967794e-11,0.98
2999.998999999836,1.1233620747042546e-05,0.010783249117889308,0.5417250589737317,-0.121360046512813,0.9957274520849255,-5.299417059052263e-11,0.98
2999.998999999836,1.1213671510159158e-05,0.010795440633042112,0.5934000161256825,-0.10580278321526411,0.9957274520849255,-3.1798200622898225e-11,0.98
3000.001000000164,1.115384770362616e-05,0.010711388619308176,0.5294462302654743,-0.13365159664346243,0.9957274520849255,-1.1022838189377958e-10,0.98
2999.998999999836,1.1031336690263221e-05,0.010609139746173812,0.5490213730685563,-0.10797451095807502,1.0,-8.903008342078155e-11,0.98
2999.998999999836,1.116524397320231e-05,0.010768686799448427,0.6293384242853293,-0.1128073484368622,0.9957274520849255,-1.4836470918912686e-11,0.979
2999.998999999836,1.1136748224041374e-05,0.01071569661040071,0.626796512372827,-0.17942454632783683,0.9957274520849255,-2.946488065559496e-10,0.979
2999.998999999836,1.1076922463870967e-05,0.010684280329242847,0.6549851306628831,-0.13058457035385013,0.9957274520849255,-9.963033275990486e-11,0.979
3000.001000000164,1.1148147812031245e-05,0.010723733563384578,0.6097519750972258,-0.1573058021696062,0.9957274520849255,-2.0349754844617492e-10,0.979
3000.0,1.1170941492701334e-05,0.010738070303651088,0.5806534480212671,-0.11364268485492507,0.9957274520849255,-3.1796499402407766e-11,0.979
2999.998999999836,1.1162391423082763e-05,0.010729112085995071,0.6045157765679718,-0.16848633345050462,0.9957274520849255,-2.5649658114815286e-10,0.979
3000.0,1.1213674734941233e-05,0.010795440633042165,0.5934000161257034,-0.10580278321529248,0.9957274520849255,-3.179377899021175e-11,0.979
2999.9990000016987,1.1299146825809218e-05,0.010845488250171802,0.5227283269883238,-0.16434342082337203,0.9957274520849255,-1.8442165187522554e-10,0.978
3000.0,1.1190878263364747e-05,0.010758038139706686,0.5891313360908823,-0.17539231615101197,0.9957274520849255,-2.586118385841407e-10,0.978
3000.0,1.1256413574036468e-05,0.010814591282863379,0.5656060530009692,-0.09646274553578907,0.9957274520849255,-3.179656073835939e-11,0.978
3000.0,1.122791962684533e-05,0.010800641006618365,0.5814867575238103,-0.07626759114574844,1.0,5.511410105456705e-11,0.978
2999.998999999836,1.121652443556855e-05,0.010771543707665749,0.5670739603072597,-0.16452608372335853,0.9957274520849255,-2.2045413229383033e-10,0.978
2999.9990000016987,1.1284899275306201e-05,0.010837044729147243,0.5460638083813856,-0.1314568772136657,0.9957274520849255,-1.2930641962700564e-10,0.978
3000.0,1.1227920882966002e-05,0.010800641006618348,0.5814867575237863,-0.07626759114565791,1.0,5.5109275825344245e-11,0.978
2999.9969999995083,1.1401712412671065e-05,0.01093533440099282,0.4903030333722791,-0.14608314984156187,0.9957274520849255,-1.1870448485506543e-10,0.978
3000.0030000004917,1.1401710103956313e-05,0.01093533440099282,0.4903030333722791,-0.14608314984156187,0.9957274520849255,-1.1871561655002662e-10,0.978
3000.001000000164,1.1299147656252412e-05,0.010845488250171781,0.5227283269882594,-0.16434342082333037,0.9957274520849255,-1.8442179122143762e-10,0.978
3000.002000000328,1.129914686164804e-05,0.010845488250171781,0.5227283269882594,-0.16434342082333037,0.9957274520849255,-1.8442543797683325e-10,0.977
3000.002000000328,1.1390310840641568e-05,0.01093139444972064,0.5049955233578665,-0.17777473762760385,0.9957274520849255,-2.2681855716903173e-10,0.977
3000.001000000164,1.1390313063568788e-05,0.01093139444972064,0.5049955233578665,-0.17777473762760385,0.9957274520849255,-2.2681602706379453e-10,0.977
2999.998999999836,1.1364671107964946e-05,0.010917945707024607,0.526568165933095,-0.18853967602761243,0.9957274520849255,-2.649742552034915e-10,0.977
2999.997999999672,1.1299145053630802e-05,0.010855129946428323,0.5440058394099188,-0.14595218702582846,0.9957274520849255,-1.335484888736329e-10,0.977
3000.0,1.1256409425878954e-05,0.010814591282863299,0.5656060530009404,-0.0964627455357355,0.9957274520849255,-3.179431577750582e-11,0.977
2999.998999999836,1.1256412018038704e-05,0.010814591282863299,0.5656060530009404,-0.0964627455357355,0.9957274520849255,-3.179699089978108e-11,0.977
3000.001000000164,1.1256408329892043e-05,0.010814591282863299,0.5656060530009404,-0.0964627455357355,0.9957274520849255,-3.179607114992398e-11,0.977
2999.998999999836,1.1225070653642506e-05,0.010796580655288605,0.588823793025596,-0.08780305443127272,0.9957274520849255,-4.238903442882712e-12,0.977
3000.001000000164,1.125640808298335e-05,0.010814591282863299,0.5656060530009404,-0.0964627455357355,0.9957274520849255,-3.179607012059094e-11,0.976
3000.002000000328,1.1256408508942968e-05,0.010814591282863299,0.5656060530009404,-0.0964627455357355,0.9957274520849255,-3.179654056246555e-11,0.976
2999.997999999672,1.1339032916449393e-05,0.010882024698486014,0.5108945343366638,-0.06569635132080726,1.0,7.20722423814432e-11,0.976
3000.0,1.1464382433062852e-05,0.011012999312001817,0.5576921545927269,-0.11303115341697777,1.0,-6.99556871775922e-11,0.976
3000.001000000164,1.1464387725548757e-05,0.011012999312001817,0.5576921545927269,-0.11303115341697777,1.0,-6.995364230735117e-11,0.976
2999.997999999672,1.1216525541762958e-05,0.010771543707665726,0.5670739603073041,-0.1645260837234249,0.9957274520849255,-2.2045848342328674e-10,0.976
3000.0,1.1299145314576036e-05,0.010855129946428342,0.5440058394099792,-0.14595218702586812,0.9957274520849255,-1.3354580707181273e-10,0.976
3000.001000000164,1.1290598279563615e-05,0.010849813894185502,0.5540906871551581,-0.15686250471211038,0.9957274520849255,-1.8230299329889757e-10,0.976
3000.002000000328,1.128205050112538e-05,0.010844069630625083,0.5699765288161225,-0.18895317655854438,0.9957274520849255,-3.010096451941165e-10,0.976
3000.0,1.125641180545633e-05,0.010830796547168309,0.5920037389818433,-0.19987227366523233,0.9957274520849255,-3.3916795325849924e-10,0.976
3000.0,1.1262108782021739e-05,0.010838748153659657,0.5690978023745537,-0.1561418544848067,0.9957274520849255,-1.483878611391502e-10,0.976
3000.0,1.1290595569526432e-05,0.010852932960548178,0.5448576999217281,-0.13456549031238732,0.9957274520849255,-7.631211403451187e-11,0.976
3000.002000000328,1.1216523300180107e-05,0.010794656797907693,0.5964254635611099,-0.11739325218334998,0.9957274520849255,-9.1151039892572e-11,0.975
2999.998999999836,1.1256411820500168e-05,0.01081459128286335,0.5656060530010212,-0.09646274553616327,0.9957274520849255,-3.17957532623272e-11,0.975
2999.998999999836,1.1256408311114603e-05,0.01081459128286335,0.5656060530010212,-0.09646274553616327,0.9957274520849255,-3.179669433770169e-11,0.975
3000.001000000164,1.1464386231953008e-05,0.011012999312001824,0.5576921545927171,-0.11303115341698004,1.0,-6.99549792655356e-11,0.975
2999.997999999672,1.1339033109950456e-05,0.010882024698486061,0.5108945343367033,-0.06569635132096831,1.0,7.207258254651096e-11,0.975
3000.0,1.146438938981413e-05,0.011012999312001824,0.5576921545927171,-0.11303115341698004,1.0,-6.995640089267154e-11,0.975
3000.0,1.1364671335039651e-05,0.010912589765248873,0.5169800683165628,-0.1393879859896074,0.9957274520849255,-1.0386812929249385e-10,0.975
3000.0,1.1364671290552649e-05,0.010912589765248873,0.5169800683165628,-0.1393879859896074,0.9957274520849255,-1.0387160578240886e-10,0.975
3000.0,1.1464387716258615e-05,0.011012999312001824,0.5576921545927171,-0.11303115341698004,1.0,-6.995127025040846e-11,0.975
2999.998999999836,1.1393161813418758e-05,0.010922172226889905,0.4714491578967781,-0.0655265572213068,1.0,3.603705470367489e-11,0.975
3000.0009999983013,1.1464385838470058e-05,0.011012999312001824,0.5576921545927171,-0.11303115341698004,1.0,-6.995303531395963e-11,0.975
2999.997999999672,1.1464386369315001e-05,0.011012999312001824,0.5576921545927171,-0.11303115341698004,1.0,-6.995925133267582e-11,0.975
3000.0,1.1435895935843916e-05,0.010997342336289134,0.5736699202272781,-0.09480024570761143,1.0,2.1180433816488552e-12,0.975
3000.0,1.1250713251486157e-05,0.01081117655306477,0.5580036185830468,-0.16319872570140814,0.9957274520849255,-2.0137950312221323e-10,0.974
2999.998999999836,1.1304839455904319e-05,0.010865329475693982,0.5568747432682977,-0.20054285936825006,0.9957274520849255,-3.2220771718192495e-10,0.974
2999.998999999836,1.1282051757612722e-05,0.010844069630625112,0.5699765288160541,-0.18895317655830174,0.9957274520849255,-3.0101311478797856e-10,0.974
3000.001000000164,1.1299141603372718e-05,0.010845488250171802,0.5227283269882594,-0.164343420823106,0.9957274520849255,-1.8442293330304972e-10,0.974
3000.0,1.1299147187371567e-05,0.010845488250171802,0.5227283269882594,-0.164343420823106,0.9957274520849255,-1.844237936707044e-10,0.974
3000.0,1.1364669896195361e-05,0.010912589765248873,0.5169800683165628,-0.1393879859896074,0.9957274520849255,-1.0386578242151668e-10,0.974
3000.002000000328,1.1364672829901602e-05,0.010912589765248873,0.5169800683165628,-0.1393879859896074,0.9957274520849255,-1.0386765138075521e-10,0.974
3000.0,1.1364672857764202e-05,0.010912589765248873,0.5169800683165628,-0.1393879859896074,0.9957274520849255,-1.0387150499798333e-10,0.974
2999.997999999672,1.1299144884156869e-05,0.010845488250171802,0.5227283269882594,-0.164343420823106,0.9957274520849255,-1.8441968013473768e-10,0.974
3000.0,1.1216525220793808e-05,0.010771543707665724,0.5670739603073027,-0.16452608372343203,0.9957274520849255,-2.2046121249235073e-10,0.974
3000.0,1.1290595890682759e-05,0.0108529329605482,0.5448576999217427,-0.13456549031241066,0.9957274520849255,-7.631334676137284e-11,0.974
3000.0009999983013,1.123646545325794e-05,0.01080996691092921,0.5820927497268737,-0.13850628954836566,0.9957274520849255,-1.123473900042318e-10,0.974
2999.998000001535,1.1236468350394089e-05,0.01080996691092921,0.5820927497268737,-0.13850628954836566,0.9957274520849255,-1.123496264325566e-10,0.974
3000.001000000164,1.1216522657441925e-05,0.010794656797907726,0.5964254635610406,-0.11739325218297467,0.9957274520849255,-9.115616144707178e-11,0.974
2999.998999999836,1.1256410517565776e-05,0.010814591282863382,0.5656060530009643,-0.09646274553578875,0.9957274520849255,-3.179696489654983e-11,0.973
3000.002000000328,1.1256408168594332e-05,0.010814591282863382,0.5656060530009643,-0.09646274553578875,0.9957274520849255,-3.180182930102715e-11,0.973
3000.0,1.1227919436457108e-05,0.010800641006618369,0.5814867575237903,-0.07626759114561482,1.0,5.511121022554849e-11,0.973
3000.0,1.1227921996643083e-05,0.010800641006618369,0.5814867575237903,-0.07626759114561482,1.0,5.511238454910894e-11,0.973
3000.0,1.1227923231101172e-05,0.010800641006618369,0.5814867575237903,-0.07626759114561482,1.0,5.511483835076067e-11,0.973
3000.002000000328,1.1227918519264105e-05,0.010800641006618369,0.5814867575237903,-0.07626759114561482,1.0,5.511384647280176e-11,0.973
2999.997999999672,1.1227920890333367e-05,0.010800641006618369,0.5814867575237903,-0.07626759114561482,1.0,5.511657465786055e-11,0.973
3000.001000000164,1.1227920616279991e-05,0.010800641006618369,0.5814867575237903,-0.07626759114561482,1.0,5.5119539041920394e-11,0.973
3000.0009999983013,1.1339030819061629e-05,0.010882024698486125,0.510894534336654,-0.06569635132073721,1.0,7.207421801658026e-11,0.973
2999.998999999836,1.1339031330744795e-05,0.010882024698486125,0.510894534336654,-0.06569635132073721,1.0,7.207393355380466e-11,0.973
2999.997999999672,1.1393162273688877e-05,0.010922172226889987,0.4714491578967279,-0.06552655722121366,1.0,3.603840555592322e-11,0.973
3000.001000000164,1.1464388012687995e-05,0.011012999312001906,0.5576921545926545,-0.11303115341688594,1.0,-6.995431829983158e-11,0.973
3000.001999998465,1.1464389201724166e-05,0.011012999312001906,0.5576921545926545,-0.11303115341688594,1.0,-6.995306078005243e-11,0.973
3000.0,1.1464385288327947e-05,0.011012999312001906,0.5576921545926545,-0.11303115341688594,1.0,-6.995145418053022e-11,0.973
3000.0,1.1427351049032223e-05,0.010990695365416378,0.5848435465007356,-0.10601751957673355,1.0,-5.511275925180802e-11,0.973
3000.001000000164,1.1435901185034067e-05,0.010997342336289203,0.5736699202272297,-0.09480024570751915,1.0,2.1145943379636318e-12,0.972
3000.001000000164,1.1364672002620422e-05,0.010912589765248943,0.5169800683165349,-0.13938798598964602,0.9957274520849255,-1.0387382903925685e-10,0.972
3000.0,1.1364669832125318e-05,0.010912589765248943,0.5169800683165349,-0.13938798598964602,0.9957274520849255,-1.0386729396428566e-10,0.972
2999.998999999836,1.13646741529183e-05,0.010912589765248943,0.5169800683165349,-0.13938798598964602,0.9957274520849255,-1.0386825621766676e-10,0.972
2999.997999999672,1.1364675967498513e-05,0.010912589765248943,0.5169800683165349,-0.13938798598964602,0.9957274520849255,-1.0386977520405471e-10,0.972
2999.998999999836,1.1435899896994002e-05,0.010997342336289203,0.5736699202272297,-0.09480024570751915,1.0,2.124267721868972e-12,0.972
3000.001000000164,1.1464385672986027e-05,0.011012999312001906,0.5576921545926545,-0.11303115341688594,1.0,-6.995431678885322e-11,0.972
3000.0,1.1339032300708511e-05,0.010882024698486125,0.510894534336654,-0.06569635132073721,1.0,7.207312609735492e-11,0.972
2999.998999999836,1.1339031290242793e-05,0.010882024698486125,0.510894534336654,-0.06569635132073721,1.0,7.207312945968948e-11,0.972
3000.001000000164,1.1339030548285924e-05,0.010882024698486125,0.510894534336654,-0.06569635132073721,1.0,7.207441082006474e-11,0.972
3000.0,1.1301991512994092e-05,0.010859735086725022,0.5387665387343379,-0.058300870006875505,1.0,8.691146297587821e-11,0.972
2999.998999999836,1.1364677164470414e-05,0.010912589765248943,0.5169800683165349,-0.13938798598964602,0.9957274520849255,-1.0387116317454987e-10,0.972
3000.001000000164,1.1364670954594132e-05,0.010912589765248943,0.5169800683165349,-0.13938798598964602,0.9957274520849255,-1.0386899437156576e-10,0.972
3000.001000000164,1.1299142630905245e-05,0.010845488250171844,0.5227283269882692,-0.16434342082329328,0.9957274520849255,-1.8442178193966162e-10,0.972
2999.997999999672,1.1364673666854309e-05,0.010912589765248943,0.5169800683165349,-0.13938798598964602,0.9957274520849255,-1.0386905663448414e-10,0.972
3000.0,1.1364672662502618e-05,0.010912589765248943,0.5169800683165349,-0.13938798598964602,0.9957274520849255,-1.038726487577539e-10,0.972
2879.998000001535,1.0891029063344597e-05,0.01008249307793797,0.6161888940413296,-0.40878113662716764,0.9709505944546686,-9.845078118642785e-10,0.971
2879.997999999672,1.0756414194100777e-05,0.009960421677820672,0.6240628941841493,-0.4623347891156711,0.9043814577244937,-1.140638040866379e-09,0.972
2880.001000000164,1.0782049980093224e-05,0.009971960689854325,0.597247525608231,-0.44872180736466083,0.9426831892554922,-1.0941745105809455e-09,0.971
2880.001999998465,1.0833330008536903e-05,0.010040252320866562,0.6098222037653862,-0.4614968162397294,0.9426831892554922,-1.1277343010099519e-09,0.971
2880.0,1.0673081320745413e-05,0.009909927682211717,0.6549359799479717,-0.47048701451431985,0.9426831892554922,-1.1083768710299581e-09,0.971
2880.001000000164,1.0679488887720575e-05,0.00989528507253157,0.6343202787017659,-0.44054283583730947,0.9426831892554922,-1.0838590291151056e-09,0.971
2879.998999999836,1.0717952721871844e-05,0.009910095862301202,0.5956083716569043,-0.4149192743220488,0.9426831892554922,-1.0141893297967025e-09,0.971
2880.001000000164,1.0717948604031613e-05,0.009910095862301202,0.5956083716569043,-0.4149192743220488,0.9426831892554922,-1.0141847483098725e-09,0.971
2879.997999999672,1.0717953359460138e-05,0.009910095862301202,0.5956083716569043,-0.4149192743220488,0.9426831892554922,-1.0141865861312654e-09,0.971
2880.002000000328,1.071794379978838e-05,0.009910095862301202,0.5956083716569043,-0.4149192743220488,0.9426831892554922,-1.014182547454671e-09,0.971
2879.9969999995083,1.0673082991012037e-05,0.009892252861035556,0.6309715974637253,-0.4278429188653895,0.9426831892554922,-1.0180540970079499e-09,0.971
2879.998000001535,1.062179941516584e-05,0.00986576572463247,0.6773042313777253,-0.4389626634325166,0.9426831892554922,-1.0025708409639326e-09,0.971
2879.998999999836,1.0673082031963774e-05,0.00990235662186866,0.6400754515894929,-0.43668380967016635,0.9426831892554922,-9.870897632870023e-10,0.971
2879.998999999836,1.062820555703029e-05,0.009868637190615506,0.6810836531287752,-0.45171572785537906,0.9426831892554922,-1.0683758687362562e-09,0.971
2880.0,1.0673079653006063e-05,0.009892252861035556,0.6309715974637253,-0.4278429188653895,0.9426831892554922,-1.0180542641476293e-09,0.971
2880.002000000328,1.0717952535320777e-05,0.009910095862301202,0.5956083716569043,-0.4149192743220488,0.9426831892554922,-1.0141838746124106e-09,0.97
2879.998999999836,1.0717951197721526e-05,0.009910095862301202,0.5956083716569043,-0.4149192743220488,0.9426831892554922,-1.0141826754442745e-09,0.971
2879.997999999672,1.0717950009192484e-05,0.009910095862301202,0.5956083716569043,-0.4149192743220488,0.9426831892554922,-1.014185934767887e-09,0.971
2880.002000000328,1.0679487327733584e-05,0.009885679878828069,0.6230571995724095,-0.40951703647403054,0.9426831892554922,-9.93534760819979e-10,0.971
2999.997999999672,1.1643873478937704e-05,0.01132492146347364,0.8319489098602681,-0.7200053002554596,0.7793498372920851,-2.210945180245939e-09,0.97
2999.998999999836,1.1643872034918742e-05,0.01132492146347364,0.8319489098602681,-0.7200053002554596,0.7793498372920851,-2.2109468620590045e-09,0.97
2999.998999999836,1.1643873072228402e-05,0.01132492146347364,0.8319489098602681,-0.7200053002554596,0.7793498372920851,-2.2109411159695507e-09,0.97
3000.0,1.1643873333008238e-05,0.01132492146347364,0.8319489098602681,-0.7200053002554596,0.7793498372920851,-2.2109447608886173e-09,0.97
3000.0,1.1729344718338417e-05,0.011444380549153615,0.9239252622216334,-0.7464186012033914,0.7793498372920851,-2.278779486428285e-09,0.97
3000.0,1.1603988155179522e-05,0.01129690223025763,0.8468980630208942,-0.7076593289128549,0.7793498372920851,-2.1367525365237456e-09,0.97
3000.001000000164,1.1603987646637605e-05,0.01129690223025763,0.8468980630208942,-0.7076593289128549,0.7793498372920851,-2.136752020429537e-09,0.97
3000.0,1.1606833999165029e-05,0.011300374398154308,0.8530866286333008,-0.7179712502761451,0.7793498372920851,-2.1961073950065002e-09,0.97
3000.0,1.1603985386329979e-05,0.01129690223025763,0.8468980630208942,-0.7076593289128549,0.7793498372920851,-2.136752527743553e-09,0.97
3000.0,1.1603989768605437e-05,0.01129690223025763,0.8468980630208942,-0.7076593289128549,0.7793498372920851,-2.136753358518839e-09,0.97
3000.0009999983013,1.1606834589475522e-05,0.011300374398154308,0.8530866286333008,-0.7179712502761451,0.7793498372920851,-2.1961026346620146e-09,0.97
3000.0,1.1603991182391982e-05,0.01129690223025763,0.8468980630208942,-0.7076593289128549,0.7793498372920851,-2.136752289708777e-09,0.969
2999.997999999672,1.1603987709969771e-05,0.01129690223025763,0.8468980630208942,-0.7076593289128549,0.7793498372920851,-2.136754257416593e-09,0.97
3000.0,1.161823352872746e-05,0.011300374398154308,0.8304879220361041,-0.6960431903516477,0.7793498372920851,-2.0837565922745276e-09,0.97
3000.001000000164,1.1618234748211603e-05,0.011300374398154308,0.8304879220361041,-0.6960431903516477,0.7793498372920851,-2.0837548067622626e-09,0.97
2999.998999999836,1.1618229737071719e-05,0.011300374398154308,0.8304879220361041,-0.6960431903516477,0.7793498372920851,-2.0837595527597253e-09,0.97
2999.997999999672,1.1715100852613547e-05,0.011409038252462535,0.9402433009579063,-0.7282067538422773,0.7793498372920851,-2.1515917758833807e-09,0.97
3000.001000000164,1.176922797157584e-05,0.011454055378571559,0.8863000397346461,-0.723110171138304,0.7793498372920851,-2.1876285077604503e-09,0.969
3000.0,1.1769231378037452e-05,0.011454055378571559,0.8863000397346461,-0.723110171138304,0.7793498372920851,-2.187626664585814e-09,0.969
3000.0,1.1769226310824868e-05,0.011454055378571559,0.8863000397346461,-0.723110171138304,0.7793498372920851,-2.1876308177645417e-09,0.969
2999.998999999836,1.1769230950095848e-05,0.011454055378571559,0.8863000397346461,-0.723110171138304,0.7793498372920851,-2.1876250771894316e-09,0.969
3000.0,1.1769233872151446e-05,0.011454055378571559,0.8863000397346461,-0.723110171138304,0.7793498372920851,-2.1876294198731884e-09,0.969
3000.001000000164,1.1769233614862798e-05,0.011454055378571559,0.8863000397346461,-0.723110171138304,0.7793498372920851,-2.1876281091475017e-09,0.969
3000.001000000164,1.1769227958867952e-05,0.011454055378571559,0.8863000397346461,-0.723110171138304,0.7793498372920851,-2.187625343926441e-09,0.969
3000.002000000328,1.1726495876780837e-05,0.011425477603213705,0.9112938101369941,-0.7234114039598556,0.7793498372920851,-2.1876278396955182e-09,0.969
3000.0,1.1792022926615853e-05,0.011504982198361487,0.9195630914293549,-0.7420663917775029,0.7793498372920851,-2.2681768634551942e-09,0.969
2999.998999999836,1.1843305099861953e-05,0.011534363374783096,0.8606020535395347,-0.7212685839054234,0.7793498372920851,-2.225786041131661e-09,0.969
3000.001999998465,1.1840456235342308e-05,0.011535363686707698,0.8705008374967944,-0.7319021697967856,0.7793498372920851,-2.2851369087540235e-09,0.969
3000.0,1.1843305245885253e-05,0.011534363374783096,0.8606020535395347,-0.7212685839054234,0.7793498372920851,-2.225784264907673e-09,0.969
2999.998999999836,1.1843308812100184e-05,0.011534363374783096,0.8606020535395347,-0.7212685839054234,0.7793498372920851,-2.2257835430579355e-09,0.969
2999.9969999995083,1.1843310314458383e-05,0.011534363374783096,0.8606020535395347,-0.7212685839054234,0.7793498372920851,-2.2257845705690474e-09,0.969
3000.001000000164,1.1843304482131934e-05,0.011534363374783096,0.8606020535395347,-0.7212685839054234,0.7793498372920851,-2.2257803131011337e-09,0.969
3000.001000000164,1.1843304717685956e-05,0.011534363374783096,0.8606020535395347,-0.7212685839054234,0.7793498372920851,-2.225786972138561e-09,0.969
2999.998999999836,1.1843305267615416e-05,0.011534363374783096,0.8606020535395347,-0.7212685839054234,0.7793498372920851,-2.225785090223015e-09,0.969
2999.998999999836,1.184330403278332e-05,0.011534363374783096,0.8606020535395347,-0.7212685839054234,0.7793498372920851,-2.225786046679757e-09,0.969
2999.997999999672,1.1717948478111045e-05,0.01142392900214954,0.8855867293394457,-0.7676282006272356,0.7793498372920851,-2.3678107950712523e-09,0.969
2999.997999999672,1.1789174401499895e-05,0.011495015642241813,0.8907754901506584,-0.7287772012317884,0.7793498372920851,-2.2618223460821925e-09,0.969
3000.001000000164,1.1789173947203385e-05,0.011495015642241813,0.8907754901506584,-0.7287772012317884,0.7793498372920851,-2.261819202244166e-09,0.969
3000.001000000164,1.1843305109755415e-05,0.011534363374783096,0.8606020535395347,-0.7212685839054234,0.7793498372920851,-2.2257852695150466e-09,0.969
3000.0,1.1843308601597818e-05,0.011534363374783096,0.8606020535395347,-0.7212685839054234,0.7793498372920851,-2.22578344527414e-09,0.968
2999.998999999836,1.1843304869393035e-05,0.011534363374783096,0.8606020535395347,-0.7212685839054234,0.7793498372920851,-2.2257824789223136e-09,0.968
2999.998999999836,1.1843304622895905e-05,0.011534363374783096,0.8606020535395347,-0.7212685839054234,0.7793498372920851,-2.225785608524356e-09,0.968
2999.997999999672,1.1843307623593072e-05,0.011534363374783096,0.8606020535395347,-0.7212685839054234,0.7793498372920851,-2.225784353769934e-09,0.968
3000.001000000164,1.1843308131844531e-05,0.011534363374783096,0.8606020535395347,-0.7212685839054234,0.7793498372920851,-2.225786537470778e-09,0.968
2999.998999999836,1.1843304799735117e-05,0.011534363374783096,0.8606020535395347,-0.7212685839054234,0.7793498372920851,-2.2257864863993604e-09,0.968
2999.998999999836,1.1698009148357436e-05,0.011412004475719667,0.8909224782874534,-0.7600929122767209,0.7793498372920851,-2.3211740447007983e-09,0.968
3000.001000000164,1.1769232597920795e-05,0.011483298909553527,0.8964262749234377,-0.7210932392475231,0.7793498372920851,-2.215185266601499e-09,0.968
2999.998999999836,1.1743591692596028e-05,0.011467948646285673,0.9071120056454371,-0.7147570428031405,0.7793498372920851,-2.1770252490086877e-09,0.968
3000.001000000164,1.1789172747728413e-05,0.011495015642241813,0.8907754901506584,-0.7287772012317884,0.7793498372920851,-2.2618184495184004e-09,0.968
3000.001000000164,1.1789171760918597e-05,0.011495015642241813,0.8907754901506584,-0.7287772012317884,0.7793498372920851,-2.2618225263657053e-09,0.968
3000.002000000328,1.1789171778705432e-05,0.011495015642241813,0.8907754901506584,-0.7287772012317884,0.7793498372920851,-2.2618206423935037e-09,0.968
3000.0,1.174359253545935e-05,0.011467948646285673,0.9071120056454371,-0.7147570428031405,0.7793498372920851,-2.1770277167683063e-09,0.968
3000.001000000164,1.1732189774374635e-05,0.011457748469921971,0.8617622159413578,-0.7576122121481708,0.7793498372920851,-2.3402484365978253e-09,0.968
3000.0,1.1752138249072812e-05,0.011462916798898123,0.8422938573302643,-0.7458845286750181,0.7793498372920851,-2.29361810858721e-09,0.968
3000.001000000164,1.1686606931065848e-05,0.011404992159306624,0.8623324920497888,-0.7703232049925646,0.7793498372920851,-2.374169716925307e-09,0.968
3000.002000000328,1.1649572955867097e-05,0.011377237734245425,0.8653784796310537,-0.746382344686088,0.7793498372920851,-2.236385627300434e-09,0.968
3000.001000000164,1.1680913648422716e-05,0.01139716563955197,0.8496959543129616,-0.7505891006852012,0.7793498372920851,-2.2639411266056455e-09,0.968
2999.998999999836,1.16723649296619e-05,0.011395883197284592,0.8635922233780651,-0.7617936043420788,0.7793498372920851,-2.3211750289137886e-09,0.968
3000.0,1.1678063410984573e-05,0.011392912776742434,0.8828851892122231,-0.7334807006652366,0.7793498372920851,-2.1833907995572144e-09,0.967
2999.998999999836,1.1803418696050284e-05,0.011529026912036448,0.8678785763037995,-0.7188311067054302,0.7793498372920851,-2.2342603074940754e-09,0.967
3000.001000000164,1.1763529636133362e-05,0.011473380562783611,0.8878653432478769,-0.7030687315031998,0.7793498372920851,-2.1303916280361356e-09,0.967
3000.0,1.1769230557664071e-05,0.011483298909553527,0.8964262749234377,-0.7210932392475231,0.7793498372920851,-2.2151856764838743e-09,0.967
2999.998000001535,1.1743589675498218e-05,0.011467948646285673,0.9071120056454371,-0.7147570428031405,0.7793498372920851,-2.1770307409171583e-09,0.967
3000.0,1.1789174033904279e-05,0.011495015642241813,0.8907754901506584,-0.7287772012317884,0.7793498372920851,-2.261819564887729e-09,0.967
3000.0,1.1823364192652481e-05,0.011522820167623196,0.8659915387156114,-0.7135270355377632,0.7793498372920851,-2.179148084223343e-09,0.967
2999.998000001535,1.1581197418963802e-05,0.011314864287571173,0.9194369155331863,-0.7539828456910445,0.7793498372920851,-2.236383494305427e-09,0.967
3000.0,1.1672366464147423e-05,0.011395883197284592,0.8635922233780651,-0.7617936043420788,0.7793498372920851,-2.321176318073877e-09,0.967
3000.001000000164,1.1672364418201838e-05,0.011395883197284592,0.8635922233780651,-0.7617936043420788,0.7793498372920851,-2.3211693018329557e-09,0.967
3000.001000000164,1.1641024595068687e-05,0.011376088282682415,0.8790398634411192,-0.7575808982898962,0.7793498372920851,-2.293618646273526e-09,0.967
2999.9990000016987,1.1680907140774127e-05,0.011385280645843337,0.8417683947742076,-0.7342989713761898,0.7793498372920851,-2.2088263180558545e-09,0.967
3000.0,1.162108416061738e-05,0.011336869734834854,0.8706718669565001,-0.7495485388527453,0.7793498372920851,-2.2660624854786097e-09,0.967
3000.002000000328,1.1572652748572623e-05,0.0113022802328352,0.8993589360539858,-0.7539925377572531,0.7793498372920851,-2.2830191279558645e-09,0.967
2999.998999999836,1.1621083646546608e-05,0.011336869734834854,0.8706718669565001,-0.7495485388527453,0.7793498372920851,-2.2660607478428145e-09,0.967
3000.001000000164,1.1621082759764237e-05,0.011336869734834854,0.8706718669565001,-0.7495485388527453,0.7793498372920851,-2.266060053798381e-09,0.967
3000.0,1.163247793587784e-05,0.011350974204208844,0.8700827452535691,-0.7383887293979883,0.7793498372920851,-2.22578109929925e-09,0.967
3000.0,1.1572650029846031e-05,0.0113022802328352,0.8993589360539858,-0.7539925377572531,0.7793498372920851,-2.283018696028964e-09,0.967
3000.002000000328,1.1572645060602613e-05,0.0113022802328352,0.8993589360539858,-0.7539925377572531,0.7793498372920851,-2.283014001720983e-09,0.967
3000.0,1.160684168757578e-05,0.011313980459862597,0.859559612630366,-0.7322871448604353,0.7793498372920851,-2.225785313757983e-09,0.967
2999.9990000016987,1.1527064807307392e-05,0.011271475229363403,0.9182874765055971,-0.7425302641817699,0.7793498372920851,-2.210944873924914e-09,0.967
3000.0,1.1606839233681969e-05,0.01130037439815427,0.8530866286333403,-0.7179712502761646,0.7793498372920851,-2.196103885102846e-09,0.967
2999.998999999836,1.160683620843051e-05,0.01130037439815427,0.8530866286333403,-0.7179712502761646,0.7793498372920851,-2.1961078292581458e-09,0.967
2999.998999999836,1.1606837769734448e-05,0.01130037439815427,0.8530866286333403,-0.7179712502761646,0.7793498372920851,-2.19610307572453e-09,0.967
2999.998999999836,1.1606840023274315e-05,0.01130037439815427,0.8530866286333403,-0.7179712502761646,0.7793498372920851,-2.1961072503685256e-09,0.966
3000.0,1.1606840805408071e-05,0.01130037439815427,0.8530866286333403,-0.7179712502761646,0.7793498372920851,-2.1961073600785615e-09,0.966
3000.001000000164,1.1606834031064793e-05,0.01130037439815427,0.8530866286333403,-0.7179712502761646,0.7793498372920851,-2.196105147229101e-09,0.966
2999.998999999836,1.1606836763381629e-05,0.01130037439815427,0.8530866286333403,-0.7179712502761646,0.7793498372920851,-2.196106420570342e-09,0.966
2999.998999999836,1.1603987956566802e-05,0.01129690223025759,0.8468980630209346,-0.7076593289128748,0.7793498372920851,-2.136752249492197e-09,0.966
3000.0,1.1603987643067785e-05,0.01129690223025759,0.8468980630209346,-0.7076593289128748,0.7793498372920851,-2.1367545339193763e-09,0.966
3000.0,1.161823069458014e-05,0.011300374398154268,0.8304879220361427,-0.6960431903516671,0.7793498372920851,-2.0837537704034826e-09,0.966
3000.0,1.1603984808856482e-05,0.01129690223025759,0.8468980630209346,-0.7076593289128748,0.7793498372920851,-2.1367501936960307e-09,0.966
2999.998999999836,1.1603990217909878e-05,0.01129690223025759,0.8468980630209346,-0.7076593289128748,0.7793498372920851,-2.1367537971510527e-09,0.966
3000.001000000164,1.160398745313896e-05,0.01129690223025759,0.8468980630209346,-0.7076593289128748,0.7793498372920851,-2.1367510113608435e-09,0.966
3000.0,1.1603987069697165e-05,0.01129690223025759,0.8468980630209346,-0.7076593289128748,0.7793498372920851,-2.1367526317081784e-09,0.966
3000.0,1.1606837966729638e-05,0.01130037439815427,0.8530866286333403,-0.7179712502761646,0.7793498372920851,-2.1961075776788457e-09,0.966
2999.998999999836,1.1606836725393875e-05,0.01130037439815427,0.8530866286333403,-0.7179712502761646,0.7793498372920851,-2.1961055087971882e-09,0.966
3000.0009999983013,1.1606836331942438e-05,0.01130037439815427,0.8530866286333403,-0.7179712502761646,0.7793498372920851,-2.1961049239374578e-09,0.966
3000.001000000164,1.1606834129345333e-05,0.01130037439815427,0.8530866286333403,-0.7179712502761646,0.7793498372920851,-2.1961023138206005e-09,0.966
2999.998999999836,1.1606837019789829e-05,0.01130037439815427,0.8530866286333403,-0.7179712502761646,0.7793498372920851,-2.1961078781787603e-09,0.966
2999.998999999836,1.1606839012824035e-05,0.01130037439815427,0.8530866286333403,-0.7179712502761646,0.7793498372920851,-2.196110397013219e-09,0.966
2999.997999999672,1.1606837140567679e-05,0.01130037439815427,0.8530866286333403,-0.7179712502761646,0.7793498372920851,-2.1961065462636052e-09,0.966
3000.0,1.1606840068416897e-05,0.01130037439815427,0.8530866286333403,-0.7179712502761646,0.7793498372920851,-2.1961053333072776e-09,0.966
3000.001000000164,1.1603988470205856e-05,0.01129690223025759,0.8468980630209346,-0.7076593289128748,0.7793498372920851,-2.136750111431378e-09,0.966
2999.998999999836,1.1603991365184667e-05,0.01129690223025759,0.8468980630209346,-0.7076593289128748,0.7793498372920851,-2.136751950669128e-09,0.966
3000.001000000164,1.1603986968090284e-05,0.01129690223025759,0.8468980630209346,-0.7076593289128748,0.7793498372920851,-2.13675412204569e-09,0.966
2999.997999999672,1.1603988682622532e-05,0.01129690223025759,0.8468980630209346,-0.7076593289128748,0.7793498372920851,-2.1367528393323287e-09,0.966
3000.0,1.16039878534281e-05,0.01129690223025759,0.8468980630209346,-0.7076593289128748,0.7793498372920851,-2.136752950721921e-09,0.965
3000.0,1.1603986583120376e-05,0.01129690223025759,0.8468980630209346,-0.7076593289128748,0.7793498372920851,-2.1367497483957196e-09,0.965
3000.001000000164,1.1603989679773665e-05,0.01129690223025759,0.8468980630209346,-0.7076593289128748,0.7793498372920851,-2.136751313478804e-09,0.965
2999.998999999836,1.1603988639212041e-05,0.01129690223025759,0.8468980630209346,-0.7076593289128748,0.7793498372920851,-2.136751810772955e-09,0.965
3000.0,1.1603992541541776e-05,0.01129690223025759,0.8468980630209346,-0.7076593289128748,0.7793498372920851,-2.136755217419803e-09,0.965
2999.998999999836,1.1603992466495975e-05,0.01129690223025759,0.8468980630209346,-0.7076593289128748,0.7793498372920851,-2.1367562586122183e-09,0.965
2999.998999999836,1.1603989288158467e-05,0.01129690223025759,0.8468980630209346,-0.7076593289128748,0.7793498372920851,-2.136756263139966e-09,0.965
3000.0,1.1603990046354224e-05,0.01129690223025759,0.8468980630209346,-0.7076593289128748,0.7793498372920851,-2.1367530622486777e-09,0.965
3000.002000000328,1.160398528725517e-05,0.01129690223025759,0.8468980630209346,-0.7076593289128748,0.7793498372920851,-2.136751619184671e-09,0.965
3150.343999998644,1.2041902336941212e-05,0.011731759768312769,0.6211804299862105,-0.743698743527786,4.44621070253549,-2.479880693933399e-09,0.972
3180.3139999993145,1.2069494728845504e-05,0.011885781448219765,0.6265845731498452,-0.7618659493306176,4.446310198390671,-2.5532291069287713e-09,0.973
3180.351000001654,1.2092408394083607e-05,0.011909616373568547,0.6309813599770058,-0.7662346210712723,4.449479196478091,-2.5717795676312847e-09,0.973
3180.351000001654,1.2092408394083607e-05,0.011909616373568547,0.6309813599770058,-0.7662346210712723,4.449479196478091,-2.5717795676312847e-09,0.973
3160.91599999927,1.1288547432027138e-05,0.010937237683747207,0.47713269099666444,-0.31015396555582814,4.381754021996179,-7.193639563562425e-10,0.981
3160.91599999927,1.1288547432027138e-05,0.010937237683747207,0.47713269099666444,-0.31015396555582814,4.381754021996179,-7.193639563562425e-10,0.981
3210.9550000000745,1.1976862636068575e-05,0.01187262363448363,0.5934004575835177,-0.635042114629327,4.4365097829321,-1.9969531634715656e-09,0.983
3210.9550000000745,1.1976862636068575e-05,0.01187262363448363,0.5934004575835177,-0.635042114629327,4.4365097829321,-1.9969531634715656e-09,0.983
3000.0030000004917,1.1099712815396212e-05,0.010734272932277028,0.6803812036234964,-0.12603580142490586,0.9957274520849255,-6.147168018842259e-11,0.976
3000.001000000164,1.1051285151997861e-05,0.010670808490744917,0.6726100822895487,-0.12074334019560584,0.9957274520849255,-6.147036853538349e-11,0.975
3000.001000000164,1.1051280717271351e-05,0.010670808490744917,0.6726100822895487,-0.12074334019560584,0.9957274520849255,-6.147259876615127e-11,0.975
2999.998999999836,1.1065530589499806e-05,0.010679671559340421,0.6573914529142058,-0.1093542209198653,0.9957274520849255,-8.480406795706782e-12,0.974
3000.001000000164,1.1065525461214672e-05,0.010679671559340421,0.6573914529142058,-0.1093542209198653,0.9957274520849255,-8.477244211199182e-12,0.974
3000.0,1.1062677811187806e-05,0.0106808959578089,0.6537849580464417,-0.09763510180862382,0.9957274520849255,5.0873277849034426e-11,0.974
3000.0,1.1068373089825022e-05,0.010679167354462397,0.6529857918765813,-0.07862073004514095,0.9957274520849255,9.327367248980735e-11,0.974
3000.0,1.1068374926330669e-05,0.010679167354462397,0.6529857918765813,-0.07862073004514095,0.9957274520849255,9.327068870239623e-11,0.973
2999.997999999672,1.106837855187191e-05,0.010679167354462397,0.6529857918765813,-0.07862073004514095,0.9957274520849255,9.326860505735688e-11,0.973
2999.998999999836,1.1133899259705442e-05,0.010750885473370941,0.6525528899785669,-0.10412997213331639,0.9957274520849255,1.2718016788708433e-11,0.973
2999.998999999836,1.1133902417001519e-05,0.010750885473370941,0.6525528899785669,-0.10412997213331639,0.9957274520849255,1.271471359491248e-11,0.973
2999.998999999836,1.1133905721987773e-05,0.010750885473370941,0.6525528899785669,-0.10412997213331639,0.9957274520849255,1.2716219337989632e-11,0.973
3000.001000000164,1.1227918700641977e-05,0.010800641006618351,0.5814867575237805,-0.0762675911456576,1.0,5.511278427572557e-11,0.972
2999.997999999672,1.1227921703991395e-05,0.010800641006618351,0.5814867575237805,-0.0762675911456576,1.0,5.511631560001353e-11,0.972
3000.002000000328,1.122792507689923e-05,0.010800641006618351,0.5814867575237805,-0.0762675911456576,1.0,5.5112225001411095e-11,0.972
3000.001000000164,1.1227920432396633e-05,0.010800641006618351,0.5814867575237805,-0.0762675911456576,1.0,5.511228999848466e-11,0.972
2999.9990000016987,1.1210828038523273e-05,0.010789810007595118,0.592463534548684,-0.05795487679244626,1.0,1.1658902608965152e-10,0.972
2999.998999999836,1.1210827750214964e-05,0.010789810007595118,0.592463534548684,-0.05795487679244626,1.0,1.1658973361134965e-10,0.972
3000.0,1.124216580827092e-05,0.010804557442971057,0.5708029258515412,-0.04780631659919921,1.0,1.4414250591989962e-10,0.971
2880.001000000164,1.068589624284176e-05,0.009878933815616584,0.5978542122890316,-0.36623964209859233,0.9709505944546686,-8.322492914355719e-10,0.971
2880.001999998465,1.0685896124166527e-05,0.009878933815616584,0.5978542122890316,-0.36623964209859233,0.9709505944546686,-8.322492150172533e-10,0.971
2879.998999999836,1.0685899946905317e-05,0.009878933815616584,0.5978542122890316,-0.36623964209859233,0.9709505944546686,-8.322510895510901e-10,0.971
2880.001000000164,1.0685894998680797e-05,0.009878933815616584,0.5978542122890316,-0.36623964209859233,0.9709505944546686,-8.322485428915994e-10,0.971
2880.0,1.0685894487749902e-05,0.009878933815616584,0.5978542122890316,-0.36623964209859233,0.9709505944546686,-8.322477898546453e-10,0.971
2880.002000000328,1.0692305812945309e-05,0.0098831506447421,0.5841645198195535,-0.35273144674105117,0.9709505944546686,-7.664452246162863e-10,0.971
2880.0,1.0685895226078625e-05,0.009878933815616584,0.5978542122890316,-0.36623964209859233,0.9709505944546686,-8.322471242191249e-10,0.97
3000.001000000164,1.160399000174123e-05,0.011278093128511774,0.8243983399836923,-0.6731524137826311,0.7793498372920851,-1.986245114874887e-09,0.97
2999.998999999836,1.1675217210016601e-05,0.011379874272659522,0.9552353260114694,-0.717676349196288,0.7793498372920851,-2.09223565823589e-09,0.97
2999.998999999836,1.1729346985317588e-05,0.011424736994111282,0.9010587503061398,-0.7126213735395762,0.7793498372920851,-2.1282767543045104e-09,0.97
3000.0,1.1729344120428046e-05,0.011424736994111282,0.9010587503061398,-0.7126213735395762,0.7793498372920851,-2.1282737921367224e-09,0.97
3000.001000000164,1.172934138439508e-05,0.011424736994111282,0.9010587503061398,-0.7126213735395762,0.7793498372920851,-2.1282724330561867e-09,0.97
2999.998999999836,1.1675218375332226e-05,0.011385280645843342,0.932246635871357,-0.7201946167541535,0.7793498372920851,-2.164310629592699e-09,0.97
2999.997999999672,1.178917092035355e-05,0.011495015642241813,0.8907754901506584,-0.7287772012317884,0.7793498372920851,-2.2618209629305037e-09,0.97
3000.001000000164,1.171510042799873e-05,0.011449689280298566,0.9503888008837582,-0.7326165364931037,0.7793498372920851,-2.206706248119286e-09,0.97
2999.998999999836,1.1743589730136631e-05,0.011467948646285673,0.9071120056454371,-0.7147570428031405,0.7793498372920851,-2.1770290153671323e-09,0.969
3000.0,1.174358705996468e-05,0.011467948646285673,0.9071120056454371,-0.7147570428031405,0.7793498372920851,-2.1770301629023453e-09,0.969
3000.0019999966025,1.174358790662013e-05,0.011467948646285673,0.9071120056454371,-0.7147570428031405,0.7793498372920851,-2.1770249859285675e-09,0.969
3000.0009999983013,1.1712250273133681e-05,0.011448950237399969,0.9225602009826259,-0.7099579414522822,0.7793498372920851,-2.149475412732962e-09,0.969
2999.9990000016987,1.1717947722012675e-05,0.011445455934057883,0.9055962081351572,-0.6895103499140012,0.7793498372920851,-2.0498390951475593e-09,0.969
3000.0009999983013,1.166382354075666e-05,0.011401754250991356,0.9309123745817676,-0.7295368604594333,0.7793498372920851,-2.204588123961272e-09,0.969
3000.0,1.1609684505587469e-05,0.011364248934538197,0.966152581068632,-0.7067074160032322,0.7793498372920851,-2.124026734521698e-09,0.969
3000.0,1.1544160505739347e-05,0.011305546630543057,0.988516418962635,-0.7315604605966316,0.7793498372920851,-2.204591652695892e-09,0.969
3000.0009999983013,1.1481477279146828e-05,0.011233192573111814,0.9650577397356042,-0.7626816126589465,0.7793498372920851,-2.253341671614212e-09,0.969
2999.997999999672,1.148148158470648e-05,0.011233192573111814,0.9650577397356042,-0.7626816126589465,0.7793498372920851,-2.2533453963766864e-09,0.968
2999.9989999979734,1.1504277041108638e-05,0.011234835933894962,0.9384144688833524,-0.7408563585792297,0.7793498372920851,-2.168551805196823e-09,0.968
3000.0,1.1512820616684303e-05,0.011241201687747374,0.9406509075709031,-0.7504116268612229,0.7793498372920851,-2.2257851577828945e-09,0.968
3000.0,1.1575499685518906e-05,0.011308608021530067,0.9496139496175657,-0.6985786283033523,0.7793498372920851,-2.0625634552050156e-09,0.968
3000.0009999983013,1.1504274521917929e-05,0.011234835933894962,0.9384144688833524,-0.7408563585792297,0.7793498372920851,-2.1685498362421367e-09,0.968
2999.9989999979734,1.1504272583270112e-05,0.011234835933894962,0.9384144688833524,-0.7408563585792297,0.7793498372920851,-2.1685550353848165e-09,0.968
3000.0010000020266,1.1564100410396928e-05,0.01129581270274005,0.8971347849543116,-0.7445245622351917,0.7793498372920851,-2.225782394394046e-09,0.968
3000.0010000020266,1.1527067549750071e-05,0.011271475229363403,0.9182874765055971,-0.7425302641817699,0.7793498372920851,-2.2109456843473477e-09,0.968
3000.0,1.1527064579400612e-05,0.011271475229363403,0.9182874765055971,-0.7425302641817699,0.7793498372920851,-2.2109475415334265e-09,0.968
3000.0009999983013,1.1527063623592966e-05,0.011271475229363403,0.9182874765055971,-0.7425302641817699,0.7793498372920851,-2.210945435101237e-09,0.968
3000.0010000020266,1.1527064255820703e-05,0.011271475229363403,0.9182874765055971,-0.7425302641817699,0.7793498372920851,-2.2109451133356365e-09,0.967
3000.0,1.1527067325050267e-05,0.011271475229363403,0.9182874765055971,-0.7425302641817699,0.7793498372920851,-2.210944886354229e-09,0.967
3000.0010000020266,1.1527066683358562e-05,0.011271475229363403,0.9182874765055971,-0.7425302641817699,0.7793498372920851,-2.2109449785419172e-09,0.967
3000.0009999983013,1.1527062310169163e-05,0.011271475229363403,0.9182874765055971,-0.7425302641817699,0.7793498372920851,-2.2109444046661403e-09,0.967
3000.0010000020266,1.1527066592564906e-05,0.011271475229363403,0.9182874765055971,-0.7425302641817699,0.7793498372920851,-2.210948624881334e-09,0.967
3000.0009999983013,1.1564104773380758e-05,0.01128245745189607,0.8901239074779199,-0.730170941072811,0.7793498372920851,-2.1961085195700735e-09,0.967
3000.0009999983013,1.1564101753152358e-05,0.01128245745189607,0.8901239074779199,-0.730170941072811,0.7793498372920851,-2.1961050289505925e-09,0.967
2999.997999999672,1.1606838685026516e-05,0.01130037439815427,0.8530866286333403,-0.7179712502761646,0.7793498372920851,-2.1961069594203804e-09,0.967
2999.9989999979734,1.1606839468134416e-05,0.01130037439815427,0.8530866286333403,-0.7179712502761646,0.7793498372920851,-2.196108670063499e-09,0.967
3000.0009999983013,1.1603986897122233e-05,0.01129690223025759,0.8468980630209346,-0.7076593289128748,0.7793498372920851,-2.1367505456827387e-09,0.967
2999.9989999979734,1.1603990745867056e-05,0.01129690223025759,0.8468980630209346,-0.7076593289128748,0.7793498372920851,-2.136754444996364e-09,0.967
3000.0,1.1603989888590057e-05,0.01129690223025759,0.8468980630209346,-0.7076593289128748,0.7793498372920851,-2.13675110143859e-09,0.967
2999.9990000016987,1.1603984608704231e-05,0.01129690223025759,0.8468980630209346,-0.7076593289128748,0.7793498372920851,-2.1367558793283862e-09,0.967
2999.9990000016987,1.1603983676897765e-05,0.01129690223025759,0.8468980630209346,-0.7076593289128748,0.7793498372920851,-2.1367528356269376e-09,0.966
3000.0,1.160398937188672e-05,0.01129690223025759,0.8468980630209346,-0.7076593289128748,0.7793498372920851,-2.1367544134335325e-09,0.966
3000.0010000020266,1.1603987931033344e-05,0.01129690223025759,0.8468980630209346,-0.7076593289128748,0.7793498372920851,-2.136754679387255e-09,0.966
3000.0009999983013,1.1603993236932863e-05,0.01129690223025759,0.8468980630209346,-0.7076593289128748,0.7793498372920851,-2.1367576743844304e-09,0.966
3000.0,1.1603990284795129e-05,0.01129690223025759,0.8468980630209346,-0.7076593289128748,0.7793498372920851,-2.1367522668277384e-09,0.966
3000.002000000328,1.1618236746968116e-05,0.011300374398154268,0.8304879220361427,-0.6960431903516671,0.7793498372920851,-2.0837565885325267e-09,0.966
2999.9989999979734,1.1575499224312382e-05,0.011271816453165174,0.8556757542327906,-0.6961304767655869,0.7793498372920851,-2.0837599008083658e-09,0.966
2999.997999999672,1.1618238725075597e-05,0.011300374398154268,0.8304879220361427,-0.6960431903516671,0.7793498372920851,-2.0837535226683874e-09,0.966
3000.0,1.1561253847820307e-05,0.011268472014362043,0.8719680538690406,-0.70775844302896,0.7793498372920851,-2.136754614193496e-09,0.966
3000.005000002682,1.157549387815607e-05,0.011271816453165174,0.8556757542327906,-0.6961304767655869,0.7793498372920851,-2.083753140816835e-09,0.966
3000.002000000328,1.157549858530538e-05,0.011271816453165174,0.8556757542327906,-0.6961304767655869,0.7793498372920851,-2.0837576967770665e-09,0.966
3000.002000000328,1.157549506490316e-05,0.011271816453165174,0.8556757542327906,-0.6961304767655869,0.7793498372920851,-2.0837521157661363e-09,0.966
3000.002000000328,1.1575497138309931e-05,0.011271816453165174,0.8556757542327906,-0.6961304767655869,0.7793498372920851,-2.0837524973284725e-09,0.966
3000.002999998629,1.1601136790497689e-05,0.011278570558636977,0.8345504763934501,-0.6841402461768591,0.7793498372920851,-2.045598971517943e-09,0.966
3000.0,1.1601138781358678e-05,0.011278570558636977,0.8345504763934501,-0.6841402461768591,0.7793498372920851,-2.0456000099598787e-09,0.965
3000.0010000020266,1.1601136029371711e-05,0.011278570558636977,0.8345504763934501,-0.6841402461768591,0.7793498372920851,-2.045597692758448e-09,0.965
3000.002999998629,1.1601138335952893e-05,0.011278570558636977,0.8345504763934501,-0.6841402461768591,0.7793498372920851,-2.0455960518379176e-09,0.965
3000.002000000328,1.1575500176920608e-05,0.011271816453165174,0.8556757542327906,-0.6961304767655869,0.7793498372920851,-2.083758383981719e-09,0.965
3000.002999998629,1.1601137104208264e-05,0.011278570558636977,0.8345504763934501,-0.6841402461768591,0.7793498372920851,-2.045593350004886e-09,0.965
3000.0,1.1601139750520092e-05,0.011278570558636977,0.8345504763934501,-0.6841402461768591,0.7793498372920851,-2.045601558259002e-09,0.965
2999.995000001043,1.1601138392901527e-05,0.011278570558636977,0.8345504763934501,-0.6841402461768591,0.7793498372920851,-2.045600632793928e-09,0.965
3000.0,1.1601138886457312e-05,0.011278570558636977,0.8345504763934501,-0.6841402461768591,0.7793498372920851,-2.045602398951134e-09,0.965
2999.997999999672,1.1601140342464817e-05,0.011278570558636977,0.8345504763934501,-0.6841402461768591,0.7793498372920851,-2.0456021165203746e-09,0.965
3000.002000000328,1.1601138629740714e-05,0.011278570558636977,0.8345504763934501,-0.6841402461768591,0.7793498372920851,-2.04559343246988e-09,0.965
3000.002000000328,1.1601143062044254e-05,0.011278570558636977,0.8345504763934501,-0.6841402461768591,0.7793498372920851,-2.0456010467251576e-09,0.965
2999.9990000016987,1.1601132899171802e-05,0.011278570558636977,0.8345504763934501,-0.6841402461768591,0.7793498372920851,-2.0455930255595917e-09,0.965
3000.0,1.16011436943265e-05,0.011278570558636977,0.8345504763934501,-0.6841402461768591,0.7793498372920851,-2.0456025283377644e-09,0.965
3000.0009999983013,1.160113982567629e-05,0.011278570558636977,0.8345504763934501,-0.6841402461768591,0.7793498372920851,-2.0455976464028472e-09,0.965
3000.0009999983013,1.1603989556670564e-05,0.011278093128511734,0.8243983399837322,-0.6731524137826504,0.7793498372920851,-1.9862502969641143e-09,0.964
3000.0,1.1603994207362095e-05,0.011278093128511734,0.8243983399837322,-0.6731524137826504,0.7793498372920851,-1.986253005943073e-09,0.964
3000.002000000328,1.1675217147574674e-05,0.011379874272659482,0.9552353260115098,-0.7176763491963079,0.7793498372920851,-2.0922361938418164e-09,0.964
3000.0,1.1603991073182266e-05,0.011278093128511734,0.8243983399837322,-0.6731524137826504,0.7793498372920851,-1.9862467515115944e-09,0.964
3000.0030000023544,1.1675211200361418e-05,0.011379874272659482,0.9552353260115098,-0.7176763491963079,0.7793498372920851,-2.0922263789390895e-09,0.964
3000.002000000328,1.160113858841696e-05,0.011278570558636977,0.8345504763934501,-0.6841402461768591,0.7793498372920851,-2.0455992429318804e-09,0.964
3000.0,1.1603989817540965e-05,0.011278093128511734,0.8243983399837322,-0.6731524137826504,0.7793498372920851,-1.9862460109101303e-09,0.964
3000.002000000328,1.1675219490726605e-05,0.011379874272659482,0.9552353260115098,-0.7176763491963079,0.7793498372920851,-2.092237030545741e-09,0.964
3000.002000000328,1.1601139177952433e-05,0.011278570558636977,0.8345504763934501,-0.6841402461768591,0.7793498372920851,-2.045599183792061e-09,0.964
2999.997999999672,1.1675220924722997e-05,0.011379874272659482,0.9552353260115098,-0.7176763491963079,0.7793498372920851,-2.0922422199812736e-09,0.964
2999.995000001043,1.160398887062182e-05,0.011278093128511734,0.8243983399837322,-0.6731524137826504,0.7793498372920851,-1.9862481659139674e-09,0.964
3000.002000000328,1.1603987974966966e-05,0.011278093128511734,0.8243983399837322,-0.6731524137826504,0.7793498372920851,-1.9862468241916262e-09,0.964
2999.997999999672,1.1603991498867748e-05,0.011278093128511734,0.8243983399837322,-0.6731524137826504,0.7793498372920851,-1.9862548191013533e-09,0.964
2999.997999999672,1.1675213261632835e-05,0.011379874272659482,0.9552353260115098,-0.7176763491963079,0.7793498372920851,-2.092236408430611e-09,0.964
2999.997000001371,1.1675211170365181e-05,0.011379874272659482,0.9552353260115098,-0.7176763491963079,0.7793498372920851,-2.092235427740071e-09,0.964
2999.9989999979734,1.1675217052315006e-05,0.011379874272659482,0.9552353260115098,-0.7176763491963079,0.7793498372920851,-2.0922369725638456e-09,0.964
3000.002999998629,1.1729342623021457e-05,0.011424736994111243,0.9010587503064422,-0.7126213735398484,0.7793498372920851,-2.128273303738129e-09,0.964
3000.0009999983013,1.1675214897933864e-05,0.011379874272659482,0.9552353260115098,-0.7176763491963079,0.7793498372920851,-2.0922331024611006e-09,0.963
3000.0009999983013,1.1675215392390624e-05,0.011379874272659482,0.9552353260115098,-0.7176763491963079,0.7793498372920851,-2.0922401066274565e-09,0.963
3000.0030000023544,1.167520640445044e-05,0.011379874272659482,0.9552353260115098,-0.7176763491963079,0.7793498372920851,-2.09223395387098e-09,0.963
3000.0,1.1729348479006457e-05,0.011424736994111243,0.9010587503064422,-0.7126213735398484,0.7793498372920851,-2.1282757427752e-09,0.963
3000.0010000020266,1.1729343481261102e-05,0.011424736994111243,0.9010587503064422,-0.7126213735398484,0.7793498372920851,-2.128270708879797e-09,0.963
2999.997999999672,1.1729349740087628e-05,0.011424736994111243,0.9010587503064422,-0.7126213735398484,0.7793498372920851,-2.1282748793313555e-09,0.963
3000.0030000023544,1.1675213479605857e-05,0.011379874272659482,0.9552353260115098,-0.7176763491963079,0.7793498372920851,-2.0922321635619254e-09,0.963
3000.0,1.167521245377622e-05,0.011379874272659482,0.9552353260115098,-0.7176763491963079,0.7793498372920851,-2.0922388999348127e-09,0.963
3000.0009999983013,1.1729345373655535e-05,0.011424736994111243,0.9010587503064422,-0.7126213735398484,0.7793498372920851,-2.128275943097195e-09,0.963
3000.0,1.1729340673451672e-05,0.011424736994111243,0.9010587503064422,-0.7126213735398484,0.7793498372920851,-2.12827560068843e-09,0.963
3000.0,1.172934535978111e-05,0.011424736994111243,0.9010587503064422,-0.7126213735398484,0.7793498372920851,-2.1282721947000896e-09,0.963
2999.9989999979734,1.1729348675047457e-05,0.011424736994111243,0.9010587503064422,-0.7126213735398484,0.7793498372920851,-2.128274781777447e-09,0.963
2999.9990000016987,1.1729345393394087e-05,0.011424736994111243,0.9010587503064422,-0.7126213735398484,0.7793498372920851,-2.1282725783769857e-09,0.963
3000.0040000006557,1.172934327765126e-05,0.011424736994111243,0.9010587503064422,-0.7126213735398484,0.7793498372920851,-2.1282682476531405e-09,0.963
2999.9980000033975,1.167521336939783e-05,0.011385280645843302,0.9322466358715324,-0.7201946167543004,0.7793498372920851,-2.1643107996781757e-09,0.963
3000.0,1.1675217245796885e-05,0.011385280645843302,0.9322466358715324,-0.7201946167543004,0.7793498372920851,-2.164311849455313e-09,0.963
3000.0010000020266,1.1769228428432482e-05,0.011489192245825541,0.9193100391147735,-0.7249233774318747,0.7793498372920851,-2.170666416646164e-09,0.963
2999.997999999672,1.1683765617680172e-05,0.011398312965590003,0.9172373617475795,-0.6981577642709498,0.7793498372920851,-2.0434857291223694e-09,0.962
3000.0,1.1649572581807082e-05,0.01137020397625026,0.9428692410487352,-0.7136888885112259,0.7793498372920851,-2.126151917630937e-09,0.962
3000.0,1.1695154689069148e-05,0.011437926116484283,0.9563112462201468,-0.7249305819050775,0.7793498372920851,-2.160064990040644e-09,0.962
2999.997999999672,1.1655274482451192e-05,0.011373721398976555,0.9380384376972613,-0.7123540854660962,0.7793498372920851,-2.117670704811348e-09,0.962
2999.9990000016987,1.1629632499700908e-05,0.011358493941336738,0.9490291326362983,-0.7058714455011196,0.7793498372920851,-2.0795228809338152e-09,0.962
2999.997999999672,1.1698004945444291e-05,0.01140067474386421,0.8933637052377801,-0.7036533110810832,0.7793498372920851,-2.143114248385952e-09,0.962
3000.002000000328,1.174359654289974e-05,0.011467948646285676,0.9071120056454784,-0.714757042803172,0.7793498372920851,-2.177029609388911e-09,0.962
2999.994999997318,1.174359094380365e-05,0.011467948646285676,0.9071120056454784,-0.714757042803172,0.7793498372920851,-2.177028979039005e-09,0.962
2999.9990000016987,1.1695156145480815e-05,0.011437926116484283,0.9563112462201468,-0.7249305819050775,0.7793498372920851,-2.160068797424088e-09,0.962
3000.002000000328,1.1743587940671713e-05,0.011467948646285676,0.9071120056454784,-0.714757042803172,0.7793498372920851,-2.177028972753518e-09,0.962
3000.0,1.1695152998657125e-05,0.011437926116484283,0.9563112462201468,-0.7249305819050775,0.7793498372920851,-2.160070181163303e-09,0.962
3000.0,1.1695156597818706e-05,0.011437926116484283,0.9563112462201468,-0.7249305819050775,0.7793498372920851,-2.1600687191085318e-09,0.962
3000.002000000328,1.162963243467083e-05,0.011358493941336738,0.9490291326362983,-0.7058714455011196,0.7793498372920851,-2.079515487789139e-09,0.962
2999.9990000016987,1.1743587291517814e-05,0.011467948646285676,0.9071120056454784,-0.714757042803172,0.7793498372920851,-2.177029136308038e-09,0.962
3000.0040000006557,1.1715091854465502e-05,0.011449689280298568,0.9503888008839345,-0.7326165364932615,0.7793498372920851,-2.20670300849268e-09,0.962
3000.0,1.1649574025655318e-05,0.01137020397625026,0.9428692410487352,-0.7136888885112259,0.7793498372920851,-2.126153166146831e-09,0.962
3000.0009999983013,1.1743592611717242e-05,0.011467948646285676,0.9071120056454784,-0.714757042803172,0.7793498372920851,-2.177024828125408e-09,0.962
2999.997999999672,1.1743591778923668e-05,0.011467948646285676,0.9071120056454784,-0.714757042803172,0.7793498372920851,-2.1770334704078433e-09,0.962
3000.0039999969304,1.1743587488332036e-05,0.011467948646285676,0.9071120056454784,-0.714757042803172,0.7793498372920851,-2.177026852290841e-09,0.962
3000.0,1.1743588352088387e-05,0.011467948646285676,0.9071120056454784,-0.714757042803172,0.7793498372920851,-2.177027926632838e-09,0.961
3000.002000000328,1.171224800413053e-05,0.011448950237399965,0.9225602009826788,-0.7099579414523164,0.7793498372920851,-2.1494708771260646e-09,0.961
3000.002000000328,1.1743590268956496e-05,0.011467948646285676,0.9071120056454784,-0.714757042803172,0.7793498372920851,-2.1770229703379597e-09,0.961
2999.9990000016987,1.1743593364000726e-05,0.011467948646285676,0.9071120056454784,-0.714757042803172,0.7793498372920851,-2.177028195240787e-09,0.961
2999.9989999979734,1.1743592943815622e-05,0.011467948646285676,0.9071120056454784,-0.714757042803172,0.7793498372920851,-2.1770341631564073e-09,0.961
3000.0009999983013,1.174358662750315e-05,0.011467948646285676,0.9071120056454784,-0.714757042803172,0.7793498372920851,-2.1770297894436395e-09,0.961
3000.0010000020266,1.1743589715819655e-05,0.011467948646285676,0.9071120056454784,-0.714757042803172,0.7793498372920851,-2.1770284314197787e-09,0.961
2999.9990000016987,1.1712254795461132e-05,0.011448950237399965,0.9225602009826788,-0.7099579414523164,0.7793498372920851,-2.149471255044777e-09,0.961
2999.9990000016987,1.1743590658763391e-05,0.011467948646285676,0.9071120056454784,-0.714757042803172,0.7793498372920851,-2.1770302580511635e-09,0.961
3000.002000000328,1.174358983693169e-05,0.011467948646285676,0.9071120056454784,-0.714757042803172,0.7793498372920851,-2.1770276196948593e-09,0.961
3000.0009999983013,1.1712253247194796e-05,0.011448950237399965,0.9225602009826788,-0.7099579414523164,0.7793498372920851,-2.1494720863175615e-09,0.961
3000.0009999983013,1.1743591831822508e-05,0.011467948646285676,0.9071120056454784,-0.714757042803172,0.7793498372920851,-2.1770233687805438e-09,0.961
3000.0,1.1695162367853265e-05,0.011437926116484283,0.9563112462201468,-0.7249305819050775,0.7793498372920851,-2.1600705744512427e-09,0.961
3000.002000000328,1.1629631157452764e-05,0.011358493941336738,0.9490291326362983,-0.7058714455011196,0.7793498372920851,-2.079513781376871e-09,0.961
3000.0009999983013,1.1695158167004895e-05,0.011437926116484283,0.9563112462201468,-0.7249305819050775,0.7793498372920851,-2.1600689298447307e-09,0.961
3000.0,1.1629631670744479e-05,0.011358493941336738,0.9490291326362983,-0.7058714455011196,0.7793498372920851,-2.0795219889827228e-09,0.961
2999.997999999672,1.162962774701355e-05,0.011358493941336738,0.9490291326362983,-0.7058714455011196,0.7793498372920851,-2.0795157931469622e-09,0.961
2999.9990000016987,1.1712253472746174e-05,0.011448950237399965,0.9225602009826788,-0.7099579414523164,0.7793498372920851,-2.1494717102162424e-09,0.961
2999.997999999672,1.167806331741483e-05,0.01138886095472908,0.8996069891299356,-0.695862317095975,0.7793498372920851,-2.096476155605043e-09,0.961
2999.9969999976456,1.1629627453264064e-05,0.011358493941336738,0.9490291326362983,-0.7058714455011196,0.7793498372920851,-2.0795193679723923e-09,0.96
2999.9989999979734,1.1629628887527078e-05,0.011358493941336738,0.9490291326362983,-0.7058714455011196,0.7793498372920851,-2.079519519748532e-09,0.96
3000.0009999983013,1.1629628950292824e-05,0.011358493941336738,0.9490291326362983,-0.7058714455011196,0.7793498372920851,-2.0795180591902066e-09,0.96
3000.002999998629,1.1629628194253201e-05,0.011358493941336738,0.9490291326362983,-0.7058714455011196,0.7793498372920851,-2.079519306514872e-09,0.96
2999.997999999672,1.162963459570608e-05,0.011358493941336738,0.9490291326362983,-0.7058714455011196,0.7793498372920851,-2.0795223191366508e-09,0.96
3000.002000000328,1.1629633068565885e-05,0.011358493941336738,0.9490291326362983,-0.7058714455011196,0.7793498372920851,-2.079520421279312e-09,0.96
3000.0009999983013,1.1683759839102963e-05,0.011398312965590003,0.9172373617475795,-0.6981577642709498,0.7793498372920851,-2.043486376280701e-09,0.96
3000.002000000328,1.165526845296775e-05,0.011373721398976555,0.9380384376972613,-0.7123540854660962,0.7793498372920851,-2.1176727690689974e-09,0.96
2999.997000001371,1.162963660973735e-05,0.011358493941336738,0.9490291326362983,-0.7058714455011196,0.7793498372920851,-2.079517546052528e-09,0.96
2999.997999999672,1.1649576041151878e-05,0.01137020397625026,0.9428692410487352,-0.7136888885112259,0.7793498372920851,-2.126149370012293e-09,0.96
3000.002000000328,1.1683760410588083e-05,0.011398312965590003,0.9172373617475795,-0.6981577642709498,0.7793498372920851,-2.0434833682711747e-09,0.959
2999.997999999672,1.1629631371719792e-05,0.011358493941336738,0.9490291326362983,-0.7058714455011196,0.7793498372920851,-2.079517063472863e-09,0.96
3000.0030000023544,1.1629625484252108e-05,0.011358493941336738,0.9490291326362983,-0.7058714455011196,0.7793498372920851,-2.079515647639683e-09,0.96
3000.002000000328,1.1683762589748781e-05,0.011398312965590003,0.9172373617475795,-0.6981577642709498,0.7793498372920851,-2.0434792894301197e-09,0.96
3000.0,1.1629629186121848e-05,0.011358493941336738,0.9490291326362983,-0.7058714455011196,0.7793498372920851,-2.0795166602216934e-09,0.96
3000.0010000020266,1.170370372005902e-05,0.011409847298917457,0.9113528520081573,-0.7060332443117596,0.7793498372920851,-2.0901206175146214e-09,0.96
3000.0,1.1703702933592784e-05,0.011409847298917457,0.9113528520081573,-0.7060332443117596,0.7793498372920851,-2.090117021166282e-09,0.96
2999.9990000016987,1.1629628487847375e-05,0.011358493941336738,0.9490291326362983,-0.7058714455011196,0.7793498372920851,-2.079521801105613e-09,0.96
2999.997999999672,1.1703710985880104e-05,0.011409847298917457,0.9113528520081573,-0.7060332443117596,0.7793498372920851,-2.090120113362175e-09,0.96
2999.9990000016987,1.1709402852160353e-05,0.011413352504177465,0.9065800597220779,-0.7047237918464392,0.7793498372920851,-2.0816386807933003e-09,0.959
2999.9980000033975,1.167521579831975e-05,0.011379874272659482,0.9552353260115098,-0.7176763491963079,0.7793498372920851,-2.0922344281193387e-09,0.959
2999.997999999672,1.1629632574890084e-05,0.011358493941336738,0.9490291326362983,-0.7058714455011196,0.7793498372920851,-2.0795199869750584e-09,0.959
2999.9990000016987,1.1683761292367745e-05,0.011398312965590003,0.9172373617475795,-0.6981577642709498,0.7793498372920851,-2.043484304626684e-09,0.959
3000.0,1.1683761303635197e-05,0.011398312965590003,0.9172373617475795,-0.6981577642709498,0.7793498372920851,-2.04348017076943e-09,0.959
2999.9980000033975,1.1655269206491495e-05,0.011373721398976555,0.9380384376972613,-0.7123540854660962,0.7793498372920851,-2.117676051930097e-09,0.959
2999.9990000016987,1.168376127836617e-05,0.011398312965590003,0.9172373617475795,-0.6981577642709498,0.7793498372920851,-2.0434849332640744e-09,0.959
2999.9990000016987,1.1595445817715657e-05,0.011325396919517401,0.9980002616223875,-0.7188063025174412,0.7793498372920851,-2.0901190331023556e-09,0.959
3000.002000000328,1.1655271773443556e-05,0.011368580183321668,0.9607867719073004,-0.7097311514042206,0.7793498372920851,-2.0455962317308725e-09,0.959
3000.0009999983013,1.1629625549866918e-05,0.011353616841544996,0.9715914620245658,-0.7031285780701743,0.7793498372920851,-2.0074479787278953e-09,0.959
2999.9969999976456,1.1675213965053636e-05,0.011379874272659482,0.9552353260115098,-0.7176763491963079,0.7793498372920851,-2.0922270731310018e-09,0.959
3000.0009999983013,1.1629625088614027e-05,0.011353616841544996,0.9715914620245658,-0.7031285780701743,0.7793498372920851,-2.007448575908773e-09,0.959
3000.0009999983013,1.1683757107709312e-05,0.011398312965590003,0.9172373617475795,-0.6981577642709498,0.7793498372920851,-2.0434783113403653e-09,0.959
3000.0,1.1675214477391726e-05,0.011379874272659482,0.9552353260115098,-0.7176763491963079,0.7793498372920851,-2.0922374595406952e-09,0.959
3000.002999998629,1.1629627965822657e-05,0.011353616841544996,0.9715914620245658,-0.7031285780701743,0.7793498372920851,-2.0074470534235773e-09,0.959
3000.002000000328,1.1683757064709777e-05,0.011398312965590003,0.9172373617475795,-0.6981577642709498,0.7793498372920851,-2.043483439259199e-09,0.959
3000.0009999983013,1.162962937234405e-05,0.011353616841544996,0.9715914620245658,-0.7031285780701743,0.7793498372920851,-2.007444783926272e-09,0.959
3000.0009999983013,1.1675209379921586e-05,0.011379874272659482,0.9552353260115098,-0.7176763491963079,0.7793498372920851,-2.092235504991838e-09,0.959
2999.9989999979734,1.1649574170417159e-05,0.011365061169418057,0.9656708695606069,-0.7110514063550711,0.7793498372920851,-2.0540762170879455e-09,0.959
2999.997000001371,1.1675211846373606e-05,0.011379874272659482,0.9552353260115098,-0.7176763491963079,0.7793498372920851,-2.0922371578406115e-09,0.959
3000.002000000328,1.1649573507388287e-05,0.011365061169418057,0.9656708695606069,-0.7110514063550711,0.7793498372920851,-2.054089029331121e-09,0.959
3000.0,1.157835340951161e-05,0.011263282756884757,0.8349521191709979,-0.6662906884262638,0.7793498372920851,-1.9480921602804462e-09,0.959
3000.0,1.162963553596773e-05,0.011358493941336738,0.9490291326362983,-0.7058714455011196,0.7793498372920851,-2.0795224893360246e-09,0.959
2999.9989999979734,1.1683759927346156e-05,0.011398312965590003,0.9172373617475795,-0.6981577642709498,0.7793498372920851,-2.0434835824482655e-09,0.958
3000.0,1.1629628543247289e-05,0.011358493941336738,0.9490291326362983,-0.7058714455011196,0.7793498372920851,-2.079515244809134e-09,0.958
3000.0010000020266,1.1629628889235911e-05,0.011358493941336738,0.9490291326362983,-0.7058714455011196,0.7793498372920851,-2.0795190390046822e-09,0.958
3000.0010000020266,1.1629628194226635e-05,0.011358493941336738,0.9490291326362983,-0.7058714455011196,0.7793498372920851,-2.079513594081177e-09,0.958
3000.002000000328,1.1652421973093138e-05,0.011379603886576332,0.932759801060727,-0.6931149407291494,0.7793498372920851,-2.015921286544876e-09,0.958
3000.0,1.1629627097998942e-05,0.011358493941336738,0.9490291326362983,-0.7058714455011196,0.7793498372920851,-2.079514229461509e-09,0.958
3000.0009999983013,1.1629628668463995e-05,0.011358493941336738,0.9490291326362983,-0.7058714455011196,0.7793498372920851,-2.079519991729847e-09,0.958
3000.0009999983013,1.1629632338124228e-05,0.011358493941336738,0.9490291326362983,-0.7058714455011196,0.7793498372920851,-2.079518975438185e-09,0.958
3000.0,1.1629628359150053e-05,0.011353616841544996,0.9715914620245658,-0.7031285780701743,0.7793498372920851,-2.0074463604887414e-09,0.958
2999.997999999672,1.1629628553112462e-05,0.011358493941336738,0.9490291326362983,-0.7058714455011196,0.7793498372920851,-2.0795148405876544e-09,0.958
3000.0009999983013,1.1598285937619725e-05,0.011339583495267914,0.9649422781977428,-0.7009410371810485,0.7793498372920851,-2.0519601714202606e-09,0.958
2999.9990000016987,1.162963279145628e-05,0.011358493941336738,0.9490291326362983,-0.7058714455011196,0.7793498372920851,-2.0795172806614084e-09,0.958
3000.0,1.1629628255837309e-05,0.011358493941336738,0.9490291326362983,-0.7058714455011196,0.7793498372920851,-2.079517858485382e-09,0.958
3000.0009999983013,1.162963129671388e-05,0.011358493941336738,0.9490291326362983,-0.7058714455011196,0.7793498372920851,-2.0795182691791707e-09,0.958
3000.0010000020266,1.166382069610598e-05,0.011419012485930883,0.9718627104042481,-0.7201307337010299,0.7793498372920851,-2.1325098218237316e-09,0.958
3000.002000000328,1.1598291824302812e-05,0.011339583495267914,0.9649422781977428,-0.7009410371810485,0.7793498372920851,-2.0519592438653963e-09,0.958
3000.0010000020266,1.1584046029398424e-05,0.011331100835922554,0.9667257046310267,-0.6920003604478494,0.7793498372920851,-1.9989634630820857e-09,0.947
2879.9980000033975,1.1410263839069411e-05,0.010747402787030253,0.9820533902333977,-0.8632464780701334,0.7219280948873623,-2.7896497412039414e-09,0.946
3000.0,1.1720799019976285e-05,0.011402024111803681,0.8276933728045801,-0.5982179993109934,0.7793498372920851,-1.753071700354004e-09,0.947
2999.997999999672,1.1629631998393579e-05,0.011327026903011104,0.8577986076491624,-0.6158419472899799,0.7793498372920851,-1.7954684329068107e-09,0.948
2999.9990000016987,1.1629631950988199e-05,0.011327026903011104,0.8577986076491624,-0.6158419472899799,0.7793498372920851,-1.7954643782057108e-09,0.949
2999.9959999993443,1.1629632246146648e-05,0.011327026903011104,0.8577986076491624,-0.6158419472899799,0.7793498372920851,-1.7954656016727402e-09,0.95
3000.0010000020266,1.1629634558203971e-05,0.011327026903011104,0.8577986076491624,-0.6158419472899799,0.7793498372920851,-1.795468295688913e-09,0.951
3000.0009999983013,1.1629629181908796e-05,0.011327026903011104,0.8577986076491624,-0.6158419472899799,0.7793498372920851,-1.7954702425614481e-09,0.951
2999.997000001371,1.16296293263376e-05,0.011327026903011104,0.8577986076491624,-0.6158419472899799,0.7793498372920851,-1.7954695896115078e-09,0.951
2999.9990000016987,1.1558405794758024e-05,0.011251871639181387,0.8410684735723328,-0.6581481942386925,0.7793498372920851,-1.9014514299094426e-09,0.952
3000.0,1.1558405006507356e-05,0.011251871639181387,0.8410684735723328,-0.6581481942386925,0.7793498372920851,-1.901453710444248e-09,0.952
3000.002000000328,1.1512820157193583e-05,0.01122504068863616,0.8586634677791296,-0.6435945089336691,0.7793498372920851,-1.820902431966419e-09,0.952
2999.997999999672,1.1512824975800622e-05,0.01122504068863616,0.8586634677791296,-0.6435945089336691,0.7793498372920851,-1.8209048247736473e-09,0.953
3000.0010000020266,1.1458682998759742e-05,0.011184604803719423,0.8910925497835365,-0.6513121435577539,0.7793498372920851,-1.8569433429311846e-09,0.953
3000.0019999966025,1.1490023040496487e-05,0.011203639518546533,0.8745105558618613,-0.6565054224401192,0.7793498372920851,-1.884493644827256e-09,0.953
3000.0,1.1529913497196992e-05,0.01128654747237403,1.0221125696209494,-0.6969929592650275,0.7793498372920851,-1.9629260028722076e-09,0.953
2999.9989999979734,1.1584049178266778e-05,0.011331100835922554,0.9667257046310267,-0.6920003604478494,0.7793498372920851,-1.998964014838466e-09,0.953
2999.9969999976456,1.1529915840915486e-05,0.01128654747237403,1.0221125696209494,-0.6969929592650275,0.7793498372920851,-1.9629321231323894e-09,0.953
2999.997999999672,1.1584040945891197e-05,0.011331100835922554,0.9667257046310267,-0.6920003604478494,0.7793498372920851,-1.9989647726915575e-09,0.953
3000.0009999983013,1.1584041603928396e-05,0.011331100835922554,0.9667257046310267,-0.6920003604478494,0.7793498372920851,-1.998966281184795e-09,0.953
3000.0010000020266,1.1535611913392836e-05,0.011297719306942454,0.9968459474640157,-0.6951006905605568,0.7793498372920851,-2.0159272078015366e-09,0.953
3000.0009999983013,1.1535612257123549e-05,0.011297719306942454,0.9968459474640157,-0.6951006905605568,0.7793498372920851,-2.015924441189459e-09,0.953
3000.0009999983013,1.1584048206793805e-05,0.011331100835922554,0.9667257046310267,-0.6920003604478494,0.7793498372920851,-1.9989635533638877e-09,0.953
3000.0010000020266,1.1632483168389046e-05,0.011361270243175282,0.9173645455531938,-0.6820284724388883,0.7793498372920851,-2.0159251500984095e-09,0.953
3000.0,1.1584041332777791e-05,0.011331100835922554,0.9667257046310267,-0.6920003604478494,0.7793498372920851,-1.9989642375526296e-09,0.953
3110.722999997437,1.2018490022475856e-05,0.011650591967004525,0.7400782432745094,-0.8778896861760696,4.392162022953155,-3.067735885930269e-09,0.961
3140.897999998182,1.2009787076937142e-05,0.011755292305138708,0.7180249306523554,-0.859081052600916,4.401008271135198,-2.9770841460064836e-09,0.962
3130.85000000149,1.1961491337162718e-05,0.011653743662725051,0.6916447102982337,-0.83950138776777,4.4035047594469185,-2.9016589484338214e-09,0.963
3130.85000000149,1.1961491337162718e-05,0.011653743662725051,0.6916447102982337,-0.83950138776777,4.4035047594469185,-2.9016589484338214e-09,0.963
3140.7690000012517,1.1283099284170863e-05,0.011001440149841222,0.6783770548101549,-0.6919693622773082,4.355104976271153,-2.1013048886915283e-09,0.965
3140.7690000012517,1.1283099284170863e-05,0.011001440149841222,0.6783770548101549,-0.6919693622773082,4.355104976271153,-2.1013048886915283e-09,0.965
3150.789999999106,1.199745690333806e-05,0.011770909473154368,0.7066885335859512,-0.8318810461494308,4.424789804547062,-2.845853640138956e-09,0.966
3150.789999999106,1.199745690333806e-05,0.011770909473154368,0.7066885335859512,-0.8318810461494308,4.424789804547062,-2.845853640138956e-09,0.966
3000.002999998629,1.1410253503517827e-05,0.011151060660141413,0.9214592153805237,-0.6541952230251706,0.7793498372920851,-1.8738945111672123e-09,0.958
3000.0030000023544,1.1518516904375252e-05,0.011250777750893441,0.9087863541013306,-0.7199586536196416,0.7793498372920851,-2.1367528247230258e-09,0.958
3000.0,1.1384613901220017e-05,0.011166708763793543,1.0530340838148753,-0.7104533325869107,0.7793498372920851,-2.0349972008559074e-09,0.958
3000.0,1.1421649940989259e-05,0.011179170190754135,0.9789192148449137,-0.7285015172718143,0.7793498372920851,-2.0943556904096643e-09,0.957
3000.0,1.1575493829775617e-05,0.011271816453165195,0.8556757542326938,-0.6961304767654789,0.7793498372920851,-2.0837545349591087e-09,0.957
3000.0,1.1458691052663868e-05,0.01122743891612792,1.016738438611192,-0.6735219347934951,0.7793498372920851,-1.897216170440744e-09,0.957
3000.0,1.153561983645445e-05,0.011281639269866039,0.9650899525838961,-0.6856575100174483,0.7793498372920851,-1.9883731549718733e-09,0.957
2999.997000001371,1.1589742612145241e-05,0.011325125232793706,0.9221669978886418,-0.6774336072930733,0.7793498372920851,-2.03075813688797e-09,0.957
3000.0030000023544,1.1575492814495375e-05,0.011271816453165197,0.8556757542327107,-0.6961304767655004,0.7793498372920851,-2.0837540733641825e-09,0.956
3000.002999998629,1.1504273948943737e-05,0.011211806963403128,0.8728777358926667,-0.6657218415667341,0.7793498372920851,-1.9374872365482706e-09,0.956
2999.997000001371,1.1481477838149947e-05,0.011253170493414136,1.0529286864680953,-0.7001471720983787,0.7793498372920851,-1.9798854604190186e-09,0.956
3000.0,1.1572646907674708e-05,0.011335987622815062,0.9727412209375337,-0.6830983959952368,0.7793498372920851,-1.9947231592354146e-09,0.956
2999.9990000016987,1.1529915831425071e-05,0.011264716869670831,0.9636988807039342,-0.6730772765016698,0.7793498372920851,-1.9735298492025e-09,0.956
3000.0030000023544,1.1601141663583099e-05,0.011278570558637008,0.8345504763935474,-0.6841402461769697,0.7793498372920851,-2.0455996974978353e-09,0.956
3000.0009999983013,1.1603985454025438e-05,0.011278093128511765,0.824398339983829,-0.6731524137827615,0.7793498372920851,-1.9862463650502947e-09,0.956
3000.002000000328,1.1504271002642758e-05,0.011211806963403145,0.8728777358927071,-0.6657218415668017,0.7793498372920851,-1.9374862876537695e-09,0.956
3000.0,1.1472932261482089e-05,0.011192923588658067,0.8891020917387498,-0.6605108116972782,0.7793498372920851,-1.909931872032075e-09,0.956
2999.9990000016987,1.1481488093352171e-05,0.011253170493414084,1.0529286864681051,-0.7001471720984304,0.7793498372920851,-1.9798928646015083e-09,0.955
3000.0010000020266,1.1498572160453977e-05,0.011274750551564286,1.018165841710439,-0.6920652834346381,0.7793498372920851,-2.0010830525280654e-09,0.955
3000.0019999966025,1.1658115005074163e-05,0.011408498856284512,0.9400656077575116,-0.693080619621536,0.7793498372920851,-2.0561970250774806e-09,0.955
2999.9989999979734,1.160113909743227e-05,0.011377170122662265,1.003081357926944,-0.7145025711730149,0.7793498372920851,-2.0964728637936656e-09,0.955
3000.0009999983013,1.1601137460673266e-05,0.011377170122662265,1.003081357926944,-0.7145025711730149,0.7793498372920851,-2.096473999554539e-09,0.955
3000.0030000023544,1.1632470370675477e-05,0.011384267146441062,0.9410142967217578,-0.668805269785669,0.7793498372920851,-1.9374925558985795e-09,0.955
3000.0010000020266,1.157265096430165e-05,0.011335987622814955,0.972741220937603,-0.6830983959952975,0.7793498372920851,-1.99472695092216e-09,0.955
2999.997000001371,1.160398750026357e-05,0.011343924161621225,0.9499043144119828,-0.671112490487638,0.7793498372920851,-1.9671722109996214e-09,0.955
3000.002000000328,1.1603992886707326e-05,0.011343924161621225,0.9499043144119828,-0.671112490487638,0.7793498372920851,-1.967170817459032e-09,0.955
3000.0,1.1603988835078744e-05,0.011343924161621225,0.9499043144119828,-0.671112490487638,0.7793498372920851,-1.967171716136645e-09,0.955
3000.0,1.1632479000916712e-05,0.011353142567317858,0.8965915500981705,-0.6778024152673391,0.7793498372920851,-2.0307672574020583e-09,0.955
2999.9990000016987,1.1589742730794936e-05,0.011325125232793682,0.9221669978887226,-0.6774336072931626,0.7793498372920851,-2.030760625271531e-09,0.955
2999.9990000016987,1.1632475912889502e-05,0.011342839150759326,0.8861547153031655,-0.6655133444882524,0.7793498372920851,-2.0307633065332734e-09,0.955
3000.0009999983013,1.1575498368883686e-05,0.011271816453165164,0.85567575423268,-0.6961304767654624,0.7793498372920851,-2.0837583669890736e-09,0.955
3000.0,1.160113423048984e-05,0.011278570558636965,0.83455047639334,-0.6841402461767349,0.7793498372920851,-2.0456017907122897e-09,0.955
3000.0,1.1601137907648591e-05,0.011278570558636965,0.83455047639334,-0.6841402461767349,0.7793498372920851,-2.045601630344501e-09,0.954
3000.0,1.1603992110598785e-05,0.011278093128511722,0.8243983399835,-0.6731524137823982,0.7793498372920851,-1.986248343897721e-09,0.949
2999.9990000016987,1.1675215537522291e-05,0.011352803787882197,0.840345426774296,-0.6311962361469434,0.7793498372920851,-1.880262898543515e-09,0.952
2999.9990000016987,1.1629629581620337e-05,0.011327026903011092,0.8577986076490669,-0.6158419472898558,0.7793498372920851,-1.7954622283922789e-09,0.953
3000.0,1.155840786130341e-05,0.011251871639181375,0.8410684735719829,-0.6581481942383112,0.7793498372920851,-1.901457328121539e-09,0.953
3000.0,1.145868674507852e-05,0.011184604803719418,0.8910925497834246,-0.6513121435576262,0.7793498372920851,-1.8569410024148764e-09,0.953
2999.9990000016987,1.1458689571443601e-05,0.011184604803719418,0.8910925497834246,-0.6513121435576262,0.7793498372920851,-1.8569436518478042e-09,0.953
3000.002999998629,1.1584045284550093e-05,0.011331100835922548,0.9667257046310356,-0.6920003604478511,0.7793498372920851,-1.9989686844560522e-09,0.953
3000.0,1.1584046525339463e-05,0.011331100835922548,0.9667257046310356,-0.6920003604478511,0.7793498372920851,-1.998960686515041e-09,0.953
2999.9989999979734,1.1518515547685003e-05,0.011280002727768286,0.9990163439016162,-0.6802287616076573,0.7793498372920851,-1.9544503341224312e-09,0.953
3000.0010000020266,1.1641025558180037e-05,0.011390144187646771,0.9428032803553061,-0.6784857037752142,0.7793498372920851,-1.994725145807311e-09,0.953
3000.0009999983013,1.1663815675246593e-05,0.011392305095309483,0.9184398045993207,-0.6568938233333617,0.7793498372920851,-1.909933992403295e-09,0.953
3000.0,1.1663818590763164e-05,0.011392305095309483,0.9184398045993207,-0.6568938233333617,0.7793498372920851,-1.90993324414135e-09,0.953
2999.9990000016987,1.1663817012140508e-05,0.011392305095309483,0.9184398045993207,-0.6568938233333617,0.7793498372920851,-1.909932464683696e-09,0.953
3000.002000000328,1.1663817740041166e-05,0.011392305095309483,0.9184398045993207,-0.6568938233333617,0.7793498372920851,-1.9099308552706275e-09,0.953
2999.9990000016987,1.160398578882448e-05,0.011343924161621256,0.9499043144117518,-0.6711124904874011,0.7793498372920851,-1.967172683165022e-09,0.953
3000.0009999983013,1.1603989575102028e-05,0.011343924161621256,0.9499043144117518,-0.6711124904874011,0.7793498372920851,-1.967171037437107e-09,0.953
2999.9990000016987,1.1603989171116411e-05,0.011343924161621256,0.9499043144117518,-0.6711124904874011,0.7793498372920851,-1.967172076616341e-09,0.953
3000.0,1.1601139992231096e-05,0.01134114361347821,0.9435524558451309,-0.660644528518237,0.7793498372920851,-1.9078178225446466e-09,0.953
2879.997000001371,1.0730771381965962e-05,0.009999999999999955,0.7784025691699821,-0.48027173913040355,0.8554508105601306,-1.1741771497368162e-09,0.953
3000.002000000328,1.1595440005419849e-05,0.011324581839792278,0.9424822999308491,-0.6478547609816433,0.7793498372920851,-1.8929776996515406e-09,0.953
2999.997999999672,1.1589742430398274e-05,0.011325125232793708,0.9221669978886204,-0.6774336072930526,0.7793498372920851,-2.0307604339774415e-09,0.952
3000.0010000020266,1.1589742921446196e-05,0.011325125232793708,0.9221669978886204,-0.6774336072930526,0.7793498372920851,-2.030762161548142e-09,0.953
3000.0009999983013,1.1589740472187816e-05,0.011325125232793708,0.9221669978886204,-0.6774336072930526,0.7793498372920851,-2.030760101570133e-09,0.953
3000.0,1.1632480320294773e-05,0.011342839150759352,0.8861547153031859,-0.6655133444882699,0.7793498372920851,-2.030765235908871e-09,0.953
3000.0,1.1646724487608577e-05,0.011346297261153554,0.8704537840267443,-0.6539845877906275,0.7793498372920851,-1.9777702527234834e-09,0.953
3000.0010000020266,1.1646724265320694e-05,0.011346297261153554,0.8704537840267443,-0.6539845877906275,0.7793498372920851,-1.9777658688607215e-09,0.953
2999.9969999976456,1.1646720772601893e-05,0.011346297261153554,0.8704537840267443,-0.6539845877906275,0.7793498372920851,-1.9777677339100367e-09,0.953
3000.0010000020266,1.167236434939463e-05,0.011353142567317884,0.8499674780498552,-0.6421413582102901,0.7793498372920851,-1.939608856496609e-09,0.953
3000.0,1.1675209664970477e-05,0.011352803787882225,0.8403454267744292,-0.6311962361470881,0.7793498372920851,-1.8802562146043964e-09,0.953
3000.0030000023544,1.1675210894183558e-05,0.011352803787882225,0.8403454267744292,-0.6311962361470881,0.7793498372920851,-1.8802548821723655e-09,0.953
3000.0030000023544,1.1672365735885158e-05,0.011353142567317884,0.8499674780498552,-0.6421413582102901,0.7793498372920851,-1.939607077465173e-09,0.953
3000.0,1.1603987899779636e-05,0.011278093128511751,0.8243983399837678,-0.6731524137826717,0.7793498372920851,-1.9862499060631187e-09,0.952
2999.9989999979734,1.1675211752782137e-05,0.011352803787882225,0.8403454267744292,-0.6311962361470881,0.7793498372920851,-1.8802578385356097e-09,0.952
3000.0,1.1603986502974174e-05,0.011278093128511751,0.8243983399837678,-0.6731524137826717,0.7793498372920851,-1.9862453416439823e-09,0.952
2999.997999999672,1.1603987779406927e-05,0.011278093128511751,0.8243983399837678,-0.6731524137826717,0.7793498372920851,-1.9862485529634277e-09,0.952
2999.9990000016987,1.160399179838419e-05,0.011278093128511751,0.8243983399837678,-0.6731524137826717,0.7793498372920851,-1.986246021775568e-09,0.952
3000.0,1.1603993788144911e-05,0.011278093128511751,0.8243983399837678,-0.6731524137826717,0.7793498372920851,-1.9862470029784145e-09,0.952
3000.0,1.1558402758731543e-05,0.011251871639181399,0.8410684735720082,-0.65814819423833,0.7793498372920851,-1.9014569764742485e-09,0.952
3000.0009999983013,1.1558404825719345e-05,0.011251871639181399,0.8410684735720082,-0.65814819423833,0.7793498372920851,-1.901455506151341e-09,0.952
3000.0010000020266,1.1558405822636668e-05,0.011251871639181399,0.8410684735720082,-0.65814819423833,0.7793498372920851,-1.9014578290109304e-09,0.952
3000.0,1.152421477203039e-05,0.011223395893606108,0.8664819270479267,-0.6738087985431909,0.7793498372920851,-1.9841236872089744e-09,0.952
2999.9989999979734,1.1558402242233808e-05,0.011251871639181399,0.8410684735720082,-0.65814819423833,0.7793498372920851,-1.9014557141775238e-09,0.952
3000.0009999983013,1.1558405672422524e-05,0.011251871639181399,0.8410684735720082,-0.65814819423833,0.7793498372920851,-1.9014578385782085e-09,0.952
3000.0,1.1558407202704097e-05,0.011251871639181399,0.8410684735720082,-0.65814819423833,0.7793498372920851,-1.9014561887336216e-09,0.952
3000.0009999983013,1.1472938165931415e-05,0.011192923588658038,0.8891020917387067,-0.6605108116971949,0.7793498372920851,-1.909934905465667e-09,0.952
2999.9989999979734,1.1472932926441569e-05,0.011192923588658038,0.8891020917387067,-0.6605108116971949,0.7793498372920851,-1.909935330872873e-09,0.952
3000.0009999983013,1.1504273037424505e-05,0.011211806963403105,0.8728777358926756,-0.6657218415667214,0.7793498372920851,-1.9374920542790913e-09,0.952
3000.0009999983013,1.1575497514900232e-05,0.01131377648981706,1.0042024775796161,-0.710941831417881,0.7793498372920851,-2.0434809597601526e-09,0.952
2999.9990000016987,1.1504276265362206e-05,0.011211806963403105,0.8728777358926756,-0.6657218415667214,0.7793498372920851,-1.9374930486167078e-09,0.952
3000.0,1.1458693523776592e-05,0.011184604803719427,0.8910925497834632,-0.6513121435576523,0.7793498372920851,-1.8569410075967522e-09,0.952
3000.0009999983013,1.1458688770117515e-05,0.011184604803719427,0.8910925497834632,-0.6513121435576523,0.7793498372920851,-1.8569361486563344e-09,0.952
3000.002000000328,1.1529917471152234e-05,0.011286547472374033,1.0221125696209983,-0.6969929592650539,0.7793498372920851,-1.962930268171607e-09,0.952
3000.0040000006557,1.1529909068118944e-05,0.011286547472374033,1.0221125696209983,-0.6969929592650539,0.7793498372920851,-1.962928901546315e-09,0.952
3000.0010000020266,1.1535611422256292e-05,0.011297719306942457,0.9968459474639317,-0.6951006905604554,0.7793498372920851,-2.015924282078123e-09,0.952
3000.0,1.1535614399612052e-05,0.011297719306942457,0.9968459474639317,-0.6951006905604554,0.7793498372920851,-2.0159250412658845e-09,0.952
3000.0,1.153561606766456e-05,0.011297719306942457,0.9968459474639317,-0.6951006905604554,0.7793498372920851,-2.0159275830437753e-09,0.951
3000.0,1.1535611750403627e-05,0.011297719306942457,0.9968459474639317,-0.6951006905604554,0.7793498372920851,-2.0159219971595408e-09,0.951
3000.002000000328,1.1601141115001055e-05,0.01137717012266225,1.0030813579270061,-0.714502571173054,0.7793498372920851,-2.0964745630398105e-09,0.951
3000.0010000020266,1.1564100947102031e-05,0.011354226593584444,1.023963840361425,-0.7115932633738092,0.7793498372920851,-2.0816340865818968e-09,0.951
2999.9990000016987,1.1518519848972204e-05,0.011280002727768306,0.9990163439015101,-0.6802287616075502,0.7793498372920851,-1.9544470716063657e-09,0.951
3000.0010000020266,1.1575497818624206e-05,0.011353684593388728,1.0024967779094567,-0.6900903213010303,0.7793498372920851,-1.977767064641916e-09,0.951
2999.9990000016987,1.163247853898779e-05,0.011388860954729076,0.9556075369780088,-0.6896728750417691,0.7793498372920851,-2.05196294826003e-09,0.951
3000.002000000328,1.1632475627210971e-05,0.01138426714644105,0.9410142967216912,-0.6688052697855796,0.7793498372920851,-1.9374909314808753e-09,0.951
3000.0,1.163247789294607e-05,0.01138426714644105,0.9410142967216912,-0.6688052697855796,0.7793498372920851,-1.9374889517803865e-09,0.951
3000.0,1.1663813629041678e-05,0.011392305095309465,0.9184398045993385,-0.6568938233333704,0.7793498372920851,-1.90993198595484e-09,0.95
3000.0010000020266,1.163247749158268e-05,0.01138426714644105,0.9410142967216912,-0.6688052697855796,0.7793498372920851,-1.9374943109666355e-09,0.951
3000.002000000328,1.1663815974283597e-05,0.011392305095309465,0.9184398045993385,-0.6568938233333704,0.7793498372920851,-1.9099335987807645e-09,0.951
3000.0010000020266,1.166381367993088e-05,0.011392305095309465,0.9184398045993385,-0.6568938233333704,0.7793498372920851,-1.9099312217847864e-09,0.951
3000.0,1.1663818635766717e-05,0.011392305095309465,0.9184398045993385,-0.6568938233333704,0.7793498372920851,-1.9099306957050624e-09,0.951
2999.997999999672,1.1603992449479108e-05,0.011343924161621239,0.94990431441177,-0.6711124904874098,0.7793498372920851,-1.9671686048735967e-09,0.951
3000.002000000328,1.1603989962177565e-05,0.011343924161621239,0.94990431441177,-0.6711124904874098,0.7793498372920851,-1.967169124372857e-09,0.951
3000.002000000328,1.1603984498145564e-05,0.011343924161621239,0.94990431441177,-0.6711124904874098,0.7793498372920851,-1.9671640987299425e-09,0.951
2999.9990000016987,1.1603988755300882e-05,0.011343924161621239,0.94990431441177,-0.6711124904874098,0.7793498372920851,-1.9671674608091594e-09,0.951
2999.9989999979734,1.160398970729286e-05,0.011343924161621239,0.94990431441177,-0.6711124904874098,0.7793498372920851,-1.9671684748364042e-09,0.951
2999.9969999976456,1.1603996305034393e-05,0.011343924161621239,0.94990431441177,-0.6711124904874098,0.7793498372920851,-1.967175282033587e-09,0.951
2999.9990000016987,1.1603990450446314e-05,0.011343924161621239,0.94990431441177,-0.6711124904874098,0.7793498372920851,-1.9671729023080478e-09,0.951
3000.0009999983013,1.1603990545971219e-05,0.011343924161621239,0.94990431441177,-0.6711124904874098,0.7793498372920851,-1.967165639575497e-09,0.951
2999.9989999979734,1.160398636710626e-05,0.011343924161621239,0.94990431441177,-0.6711124904874098,0.7793498372920851,-1.967170563643945e-09,0.951
3000.0,1.1603988542379479e-05,0.011343924161621239,0.94990431441177,-0.6711124904874098,0.7793498372920851,-1.96716703965985e-09,0.951
2999.9990000016987,1.1603988846035756e-05,0.011343924161621239,0.94990431441177,-0.6711124904874098,0.7793498372920851,-1.9671707536479022e-09,0.951
3000.0010000020266,1.1603991144239358e-05,0.011343924161621239,0.94990431441177,-0.6711124904874098,0.7793498372920851,-1.9671726816540484e-09,0.951
3000.0010000020266,1.1603986242189362e-05,0.011343924161621239,0.94990431441177,-0.6711124904874098,0.7793498372920851,-1.9671672976166903e-09,0.951
2999.9980000033975,1.1601145326129673e-05,0.011341143613478193,0.9435524558452721,-0.660644528518373,0.7793498372920851,-1.9078185108069684e-09,0.951
3000.0,1.1601142413419124e-05,0.011341143613478193,0.9435524558452721,-0.660644528518373,0.7793498372920851,-1.9078168931144617e-09,0.95
2999.997999999672,1.1595444379904947e-05,0.011324581839792248,0.9424822999308837,-0.6478547609816567,0.7793498372920851,-1.892974225539238e-09,0.95
3000.002000000328,1.1601132739411249e-05,0.011341143613478193,0.9435524558452721,-0.660644528518373,0.7793498372920851,-1.907812799184512e-09,0.95
2999.9989999979734,1.1558408196406664e-05,0.011313504524036006,0.9695631191462226,-0.6599296045571713,0.7793498372920851,-1.9078179911976406e-09,0.95
2999.9989999979734,1.159543928319065e-05,0.011324581839792248,0.9424822999308837,-0.6478547609816567,0.7793498372920851,-1.8929760479495535e-09,0.95
2999.9959999993443,1.1595441822125003e-05,0.011324581839792248,0.9424822999308837,-0.6478547609816567,0.7793498372920851,-1.8929746923583394e-09,0.95
3000.0009999983013,1.1786328030303397e-05,0.011461306141166323,0.8404646928443564,-0.6448352399912806,0.7793498372920851,-1.892975314990001e-09,0.95
2999.997999999672,1.1632479412974896e-05,0.01138426714644105,0.9410142967216912,-0.6688052697855796,0.7793498372920851,-1.93749320353332e-09,0.95
3000.002000000328,1.1663817616619157e-05,0.011392305095309465,0.9184398045993385,-0.6568938233333704,0.7793498372920851,-1.9099344627147607e-09,0.95
3000.0009999983013,1.1663815977917733e-05,0.011392305095309465,0.9184398045993385,-0.6568938233333704,0.7793498372920851,-1.9099355165638913e-09,0.95
3000.0010000020266,1.160399066335134e-05,0.011343924161621239,0.94990431441177,-0.6711124904874098,0.7793498372920851,-1.9671669131431623e-09,0.95
3000.0,1.160398704267675e-05,0.011343924161621239,0.94990431441177,-0.6711124904874098,0.7793498372920851,-1.9671680944081393e-09,0.95
3000.0010000020266,1.160399404370471e-05,0.011343924161621239,0.94990431441177,-0.6711124904874098,0.7793498372920851,-1.9671720306762202e-09,0.95
3000.002000000328,1.1603988183299085e-05,0.011343924161621239,0.94990431441177,-0.6711124904874098,0.7793498372920851,-1.9671699467523577e-09,0.95
3000.002000000328,1.1603989543634725e-05,0.011343924161621239,0.94990431441177,-0.6711124904874098,0.7793498372920851,-1.9671668710357913e-09,0.95
3000.0,1.1603990521120058e-05,0.011343924161621239,0.94990431441177,-0.6711124904874098,0.7793498372920851,-1.9671691645481715e-09,0.95
3000.002999998629,1.1603984571821999e-05,0.011343924161621239,0.94990431441177,-0.6711124904874098,0.7793498372920851,-1.9671680737631687e-09,0.95
3000.002000000328,1.1603989822607393e-05,0.011343924161621239,0.94990431441177,-0.6711124904874098,0.7793498372920851,-1.967169310915719e-09,0.95
3000.0,1.1601138464062742e-05,0.011341143613478193,0.9435524558452721,-0.660644528518373,0.7793498372920851,-1.907812949705848e-09,0.95
3000.0009999983013,1.163817663361582e-05,0.011352329479687565,0.9164734998379673,-0.6485955049040942,0.7793498372920851,-1.8929751876432252e-09,0.95
2999.9990000016987,1.1638179102101076e-05,0.011352329479687565,0.9164734998379673,-0.6485955049040942,0.7793498372920851,-1.8929720996500672e-09,0.95
2999.997999999672,1.159543584929099e-05,0.011324581839792248,0.9424822999308837,-0.6478547609816567,0.7793498372920851,-1.8929787312518764e-09,0.95
3000.002000000328,1.1595433666512404e-05,0.011324581839792248,0.9424822999308837,-0.6478547609816567,0.7793498372920851,-1.892972165026125e-09,0.95
2999.9989999979734,1.159544269200919e-05,0.011324581839792248,0.9424822999308837,-0.6478547609816567,0.7793498372920851,-1.8929779734680036e-09,0.95
3000.0010000020266,1.1655268316037712e-05,0.011384807690683455,0.9017305827019917,-0.6524624382333934,0.7793498372920851,-1.950209795826012e-09,0.95
2999.9989999979734,1.1655272212094497e-05,0.011384807690683455,0.9017305827019917,-0.6524624382333934,0.7793498372920851,-1.9502087940609115e-09,0.95
3000.0009999983013,1.1595444874458264e-05,0.011324581839792248,0.9424822999308837,-0.6478547609816567,0.7793498372920851,-1.8929762200669015e-09,0.949
3000.0,1.159543758627798e-05,0.011324581839792248,0.9424822999308837,-0.6478547609816567,0.7793498372920851,-1.8929739850840802e-09,0.949
2999.9990000016987,1.1595444298656974e-05,0.011324581839792248,0.9424822999308837,-0.6478547609816567,0.7793498372920851,-1.8929705421308816e-09,0.949
3000.0010000020266,1.1595442664897203e-05,0.011324581839792248,0.9424822999308837,-0.6478547609816567,0.7793498372920851,-1.8929763601642095e-09,0.949
3000.0009999983013,1.1595441663443213e-05,0.011324581839792248,0.9424822999308837,-0.6478547609816567,0.7793498372920851,-1.892977559815245e-09,0.949
3000.0,1.1655270787911245e-05,0.011384807690683455,0.9017305827019917,-0.6524624382333934,0.7793498372920851,-1.9502098558142554e-09,0.949
3000.0009999983013,1.1655271231695858e-05,0.011384807690683455,0.9017305827019917,-0.6524624382333934,0.7793498372920851,-1.950211026084346e-09,0.949
3000.002000000328,1.1669523981852376e-05,0.011388523237824143,0.8858906353462093,-0.640957443503761,0.7793498372920851,-1.8972167929245493e-09,0.949
3000.0,1.1655268488364194e-05,0.011384807690683455,0.9017305827019917,-0.6524624382333934,0.7793498372920851,-1.9502091988881148e-09,0.949
3000.002000000328,1.1589741312279244e-05,0.011325125232793705,0.9221669978886453,-0.6774336072930738,0.7793498372920851,-2.0307618128118104e-09,0.949
3000.0,1.1669515873708014e-05,0.011388523237824143,0.8858906353462093,-0.640957443503761,0.7793498372920851,-1.8972102141177347e-09,0.949
2999.9989999979734,1.1669519990613398e-05,0.011388523237824143,0.8858906353462093,-0.640957443503761,0.7793498372920851,-1.897218936274348e-09,0.949
3000.0010000020266,1.1669519778365885e-05,0.011388523237824143,0.8858906353462093,-0.640957443503761,0.7793498372920851,-1.8972157056458084e-09,0.949
2999.9990000016987,1.1589744378388929e-05,0.011325125232793705,0.9221669978886453,-0.6774336072930738,0.7793498372920851,-2.0307662112654675e-09,0.949
3000.0,1.1712252844013719e-05,0.011406138698087058,0.8509981666240725,-0.629264561162755,0.7793498372920851,-1.897219150396675e-09,0.948
3000.0010000020266,1.1712249168196593e-05,0.011406138698087058,0.8509981666240725,-0.629264561162755,0.7793498372920851,-1.897217580773998e-09,0.949
3000.0010000020266,1.166951698724616e-05,0.011388523237824143,0.8858906353462093,-0.640957443503761,0.7793498372920851,-1.8972137576946763e-09,0.949
3000.0,1.1669517986274148e-05,0.011388523237824143,0.8858906353462093,-0.640957443503761,0.7793498372920851,-1.8972199746089373e-09,0.949
3000.0,1.1669514466407116e-05,0.011388523237824143,0.8858906353462093,-0.640957443503761,0.7793498372920851,-1.897215680427743e-09,0.949
2999.997000001371,1.1669519759738558e-05,0.011388523237824143,0.8858906353462093,-0.640957443503761,0.7793498372920851,-1.8972150334187633e-09,0.949
3000.0009999983013,1.166951496523969e-05,0.011388523237824143,0.8858906353462093,-0.640957443503761,0.7793498372920851,-1.897216556656748e-09,0.949
3000.0,1.1695161185321174e-05,0.011395613191048518,0.8652927528138079,-0.6291650232468166,0.7793498372920851,-1.8590570840231683e-09,0.949
3000.002999998629,1.1669514038247402e-05,0.011388523237824143,0.8858906353462093,-0.640957443503761,0.7793498372920851,-1.8972143308162415e-09,0.949
3000.0010000020266,1.1669516047449103e-05,0.011388523237824143,0.8858906353462093,-0.640957443503761,0.7793498372920851,-1.8972162749501084e-09,0.949
3000.0010000020266,1.1712250919416972e-05,0.011406138698087058,0.8509981666240725,-0.629264561162755,0.7793498372920851,-1.8972130915255694e-09,0.949
3000.0009999983013,1.1737890720108785e-05,0.011413082911223445,0.8309131171633135,-0.6175213249885461,0.7793498372920851,-1.8590581248396817e-09,0.949
3000.0009999983013,1.1646718950702249e-05,0.011346297261153562,0.8704537840266298,-0.6539845877905204,0.7793498372920851,-1.9777689480584623e-09,0.948
3000.0009999983013,1.1669517823734868e-05,0.011388523237824143,0.8858906353462093,-0.640957443503761,0.7793498372920851,-1.8972144200629263e-09,0.948
2999.997999999672,1.167236600646771e-05,0.011353142567317889,0.8499674780497477,-0.6421413582101833,0.7793498372920851,-1.9396177093925623e-09,0.948
2999.9990000016987,1.1672364953651398e-05,0.011353142567317889,0.8499674780497477,-0.6421413582101833,0.7793498372920851,-1.939617337377553e-09,0.948
3000.002000000328,1.1672361762901024e-05,0.011353142567317889,0.8499674780497477,-0.6421413582101833,0.7793498372920851,-1.9396068090236954e-09,0.948
2999.9990000016987,1.1672368597060486e-05,0.011353142567317889,0.8499674780497477,-0.6421413582101833,0.7793498372920851,-1.939613585293509e-09,0.948
2999.997999999672,1.1672366550984098e-05,0.011353142567317889,0.8499674780497477,-0.6421413582101833,0.7793498372920851,-1.9396136908175834e-09,0.948
3000.002000000328,1.1672363106178835e-05,0.011353142567317889,0.8499674780497477,-0.6421413582101833,0.7793498372920851,-1.939608018850536e-09,0.948
3000.0,1.1672363730996783e-05,0.011353142567317889,0.8499674780497477,-0.6421413582101833,0.7793498372920851,-1.9396093034626226e-09,0.948
3000.002000000328,1.1672364734240915e-05,0.011353142567317889,0.8499674780497477,-0.6421413582101833,0.7793498372920851,-1.939611596711025e-09,0.948
3000.0,1.1675212294579313e-05,0.01135280378788223,0.8403454267743249,-0.6311962361469814,0.7793498372920851,-1.8802584313258486e-09,0.948
3000.0,1.1675208961741137e-05,0.01135280378788223,0.8403454267743249,-0.6311962361469814,0.7793498372920851,-1.880254948533704e-09,0.948
3000.0010000020266,1.1675211668049523e-05,0.01135280378788223,0.8403454267743249,-0.6311962361469814,0.7793498372920851,-1.8802578242954328e-09,0.948
3000.002000000328,1.1675216767511466e-05,0.01135280378788223,0.8403454267743249,-0.6311962361469814,0.7793498372920851,-1.880255428150558e-09,0.948
3000.0,1.1675214308212966e-05,0.01135280378788223,0.8403454267743249,-0.6311962361469814,0.7793498372920851,-1.8802627860665077e-09,0.948
2999.9990000016987,1.1675213256708695e-05,0.01135280378788223,0.8403454267743249,-0.6311962361469814,0.7793498372920851,-1.880255502614751e-09,0.948
3000.0,1.1675216602904047e-05,0.01135280378788223,0.8403454267743249,-0.6311962361469814,0.7793498372920851,-1.880260888402603e-09,0.948
3000.002000000328,1.167236335103261e-05,0.011353142567317889,0.8499674780497477,-0.6421413582101833,0.7793498372920851,-1.9396104019771513e-09,0.948
3000.0010000020266,1.1675215773809694e-05,0.01135280378788223,0.8403454267743249,-0.6311962361469814,0.7793498372920851,-1.88025498701046e-09,0.948
3000.0,1.1675213817111666e-05,0.01135280378788223,0.8403454267743249,-0.6311962361469814,0.7793498372920851,-1.8802557367319164e-09,0.948
2999.9990000016987,1.1675214369855422e-05,0.01135280378788223,0.8403454267743249,-0.6311962361469814,0.7793498372920851,-1.8802513373340914e-09,0.948
3000.0,1.1675218991722772e-05,0.01135280378788223,0.8403454267743249,-0.6311962361469814,0.7793498372920851,-1.880258572585902e-09,0.948
3000.0,1.1675211283978978e-05,0.01135280378788223,0.8403454267743249,-0.6311962361469814,0.7793498372920851,-1.8802623643627702e-09,0.948
3000.0,1.1629627692193182e-05,0.011327026903011118,0.8577986076488764,-0.6158419472896405,0.7793498372920851,-1.7954640443065764e-09,0.948
3000.0,1.1629629815844373e-05,0.011327026903011118,0.8577986076488764,-0.6158419472896405,0.7793498372920851,-1.7954705898927578e-09,0.948
3000.0,1.164957551217207e-05,0.011338226696242395,0.8512771655583546,-0.6241271413246848,0.7793498372920851,-1.842097479919746e-09,0.948
3000.0,1.1675213950846981e-05,0.01135280378788223,0.8403454267743249,-0.6311962361469814,0.7793498372920851,-1.8802561897129415e-09,0.948
3000.0,1.1675216087494292e-05,0.01135280378788223,0.8403454267743249,-0.6311962361469814,0.7793498372920851,-1.8802523507534134e-09,0.948
2999.9989999979734,1.1649571633191086e-05,0.011338226696242395,0.8512771655583546,-0.6241271413246848,0.7793498372920851,-1.8421000386017776e-09,0.947
3000.0030000023544,1.167521642533154e-05,0.01135280378788223,0.8403454267743249,-0.6311962361469814,0.7793498372920851,-1.8802512315490155e-09,0.947
3000.002999998629,1.1675212020927598e-05,0.01135280378788223,0.8403454267743249,-0.6311962361469814,0.7793498372920851,-1.8802551707452865e-09,0.947
3000.0,1.1649573537174528e-05,0.011338226696242395,0.8512771655583546,-0.6241271413246848,0.7793498372920851,-1.8420937876474391e-09,0.946
2880.0009999983013,1.1301281030309556e-05,0.01066880186962584,1.0740563708777096,-0.8761981041867791,0.7219280948873623,-2.7315895731523018e-09,0.945
2880.0010000020266,1.1410259156291437e-05,0.010747402787030255,0.982053390233474,-0.8632464780701875,0.7950402793845223,-2.789652249661057e-09,0.945
2880.0,1.1378209894776302e-05,0.010728156101275385,0.9964863150121723,-0.8584371884224232,0.7950402793845223,-2.7548122871764293e-09,0.946
3000.002999998629,1.1715096138568972e-05,0.011398515422902792,0.8324185373457249,-0.5994053206023233,0.7793498372920851,-1.761548613838637e-09,0.946
2999.9990000016987,1.1649573588995767e-05,0.011338226696242395,0.8512771655583546,-0.6241271413246848,0.7793498372920851,-1.8421008226037704e-09,0.946
3000.002000000328,1.1629627349060304e-05,0.011327026903011118,0.8577986076488764,-0.6158419472896405,0.7793498372920851,-1.7954647564567382e-09,0.946
3000.0039999969304,1.162962957388858e-05,0.011327026903011118,0.8577986076488764,-0.6158419472896405,0.7793498372920851,-1.7954623423321468e-09,0.946
2999.997000001371,1.1629633728444723e-05,0.011327026903011118,0.8577986076488764,-0.6158419472896405,0.7793498372920851,-1.7954670332201161e-09,0.946
3000.0,1.1629628432703567e-05,0.011327026903011118,0.8577986076488764,-0.6158419472896405,0.7793498372920851,-1.7954671644750463e-09,0.946
3000.0010000020266,1.1629635323092942e-05,0.011327026903011118,0.8577986076488764,-0.6158419472896405,0.7793498372920851,-1.7954647894537456e-09,0.946
2999.9990000016987,1.1629625177927314e-05,0.011327026903011118,0.8577986076488764,-0.6158419472896405,0.7793498372920851,-1.7954631349388756e-09,0.946
2999.9980000033975,1.1629630103940058e-05,0.011327026903011118,0.8577986076488764,-0.6158419472896405,0.7793498372920851,-1.7954653559652698e-09,0.946
2999.997000001371,1.1598295809760789e-05,0.011308608021530085,0.873993003010777,-0.6102333914503884,0.7793498372920851,-1.7679100063616965e-09,0.946
2999.9989999979734,1.159829251329032e-05,0.011308608021530085,0.873993003010777,-0.6102333914503884,0.7793498372920851,-1.7679039970028946e-09,0.946
3000.0009999983013,1.1598287693471278e-05,0.011308608021530085,0.873993003010777,-0.6102333914503884,0.7793498372920851,-1.7679052465049562e-09,0.946
3000.0,1.1598289337514163e-05,0.011308608021530085,0.873993003010777,-0.6102333914503884,0.7793498372920851,-1.7679062995859572e-09,0.946
3000.0,1.1584048071125654e-05,0.011300646679930075,0.8762032348899407,-0.6009184560235767,0.7793498372920851,-1.7149151122189451e-09,0.946
2999.9989999979734,1.1598290328846594e-05,0.011308608021530085,0.873993003010777,-0.6102333914503884,0.7793498372920851,-1.7679095600634049e-09,0.946
2999.9990000016987,1.1598291190317545e-05,0.011308608021530085,0.873993003010777,-0.6102333914503884,0.7793498372920851,-1.767903145335153e-09,0.946
2999.9989999979734,1.159829010598886e-05,0.011308608021530085,0.873993003010777,-0.6102333914503884,0.7793498372920851,-1.7679124183373547e-09,0.946
3000.002000000328,1.159829049879111e-05,0.011308608021530085,0.873993003010777,-0.6102333914503884,0.7793498372920851,-1.7679085349048587e-09,0.946
3000.0010000020266,1.1584043110027807e-05,0.011300646679930075,0.8762032348899407,-0.6009184560235767,0.7793498372920851,-1.714909560379252e-09,0.946
3000.0009999983013,1.1584045805289925e-05,0.011300646679930075,0.8762032348899407,-0.6009184560235767,0.7793498372920851,-1.714916392639591e-09,0.946
2999.9989999979734,1.15840467908979e-05,0.011300646679930075,0.8762032348899407,-0.6009184560235767,0.7793498372920851,-1.7149139886070136e-09,0.946
3000.0009999983013,1.1598292878679176e-05,0.011308608021530085,0.873993003010777,-0.6102333914503884,0.7793498372920851,-1.7679084781541442e-09,0.946
3000.0,1.1584044887728889e-05,0.011300646679930075,0.8762032348899407,-0.6009184560235767,0.7793498372920851,-1.7149133480656812e-09,0.946
3000.0010000020266,1.1598292303782883e-05,0.011308608021530085,0.873993003010777,-0.6102333914503884,0.7793498372920851,-1.767908756410165e-09,0.946
3000.0009999983013,1.1584044775293902e-05,0.011300646679930075,0.8762032348899407,-0.6009184560235767,0.7793498372920851,-1.7149135774339936e-09,0.946
2999.9989999979734,1.1584047857174208e-05,0.011300646679930075,0.8762032348899407,-0.6009184560235767,0.7793498372920851,-1.7149170130705567e-09,0.946
2999.997999999672,1.152991402061812e-05,0.011260618920003369,0.909299030285529,-0.607818690982156,0.7793498372920851,-1.750947325270467e-09,0.946
3000.0,1.1529911965283498e-05,0.011260618920003369,0.909299030285529,-0.607818690982156,0.7793498372920851,-1.7509550516638575e-09,0.946
3000.0040000006557,1.1529914646554727e-05,0.011260618920003369,0.909299030285529,-0.607818690982156,0.7793498372920851,-1.750947317916885e-09,0.946
3000.0,1.1529914002024183e-05,0.011260618920003369,0.909299030285529,-0.607818690982156,0.7793498372920851,-1.7509498327244553e-09,0.946
3000.0010000020266,1.1481482230898745e-05,0.011227438916127937,0.940168677862335,-0.6100552482810824,0.7793498372920851,-1.767908586393266e-09,0.946
3000.0009999983013,1.148148129186911e-05,0.011227438916127937,0.940168677862335,-0.6100552482810824,0.7793498372920851,-1.7679070760784268e-09,0.946
3000.0009999983013,1.1529915192991065e-05,0.011260618920003369,0.909299030285529,-0.607818690982156,0.7793498372920851,-1.7509493093706223e-09,0.946
3000.0010000020266,1.1529916042772936e-05,0.011260618920003369,0.909299030285529,-0.607818690982156,0.7793498372920851,-1.7509517286341278e-09,0.946
2999.9989999979734,1.1481479407136475e-05,0.011227438916127937,0.940168677862335,-0.6100552482810824,0.7793498372920851,-1.7679098228049887e-09,0.946
3000.002999998629,1.1529913219587728e-05,0.011260618920003369,0.909299030285529,-0.607818690982156,0.7793498372920851,-1.7509467856551633e-09,0.946
2999.9990000016987,1.1529914312334703e-05,0.011260618920003369,0.909299030285529,-0.607818690982156,0.7793498372920851,-1.7509476518681073e-09,0.946
3000.002000000328,1.1584043571055202e-05,0.011300646679930075,0.8762032348899407,-0.6009184560235767,0.7793498372920851,-1.7149100875801613e-09,0.945
2880.0,1.115384559416422e-05,0.010558251117806679,1.068872943558464,-0.8996892664889014,0.7219280948873623,-2.8128724351467015e-09,0.945
2880.0009999983013,1.1153842942463978e-05,0.010558251117806679,1.068872943558464,-0.8996892664889014,0.7219280948873623,-2.8128741860898447e-09,0.945
2880.0010000020266,1.115384659597982e-05,0.010558251117806679,1.068872943558464,-0.8996892664889014,0.7219280948873623,-2.8128745512409358e-09,0.945
2880.002000000328,1.1153844991115766e-05,0.010558251117806679,1.068872943558464,-0.8996892664889014,0.7219280948873623,-2.812871125684081e-09,0.945
2880.0009999983013,1.1153846754267455e-05,0.010558251117806679,1.068872943558464,-0.8996892664889014,0.7219280948873623,-2.812873227941756e-09,0.945
2880.0,1.1217949787632992e-05,0.010606130302801263,1.0347088435914307,-0.882953908731045,0.7219280948873623,-2.7509399547859276e-09,0.945
2879.9990000016987,1.121795023733469e-05,0.010606130302801263,1.0347088435914307,-0.882953908731045,0.7219280948873623,-2.750944293827407e-09,0.945
2880.002000000328,1.1217948650057039e-05,0.010606130302801263,1.0347088435914307,-0.882953908731045,0.7219280948873623,-2.750938711297877e-09,0.945
3080.337000001222,1.1966533129734758e-05,0.01153274663495179,0.799305463378361,-0.9352470116696213,4.337321025599956,-3.339197793071352e-09,0.953
3110.3689999990165,1.2009345097425848e-05,0.011685030392732512,0.7838699028926897,-0.9266406867905496,4.382915741639123,-3.305394178537945e-09,0.953
3100.839999999851,1.192350829815003e-05,0.011557906774291563,0.7772413524351713,-0.9147051506700911,4.365949721072396,-3.2255434682935255e-09,0.954
3100.839999999851,1.192350829815003e-05,0.011557906774291563,0.7772413524351713,-0.9147051506700911,4.365949721072396,-3.2255434682935255e-09,0.954
3100.6590000018477,1.1504695024915396e-05,0.011038092101112939,0.6280069306189269,-0.6450827506320556,4.379934028709208,-1.9955131523406288e-09,0.96
3100.6590000018477,1.1504695024915396e-05,0.011038092101112939,0.6280069306189269,-0.6450827506320556,4.379934028709208,-1.9955131523406288e-09,0.96
3140.6630000025034,1.194047986196151e-05,0.011705811533502093,0.740941446549785,-0.8520866928701698,4.388207622116741,-2.926250891010384e-09,0.961
3140.6630000025034,1.194047986196151e-05,0.011705811533502093,0.740941446549785,-0.8520866928701698,4.388207622116741,-2.926250891010384e-09,0.961
2999.9960000030696,1.157265021586918e-05,0.011335987622814982,0.972741220937817,-0.6830983959955425,0.7793498372920851,-1.9947274643482172e-09,0.954
2999.997999999672,1.1603989625802093e-05,0.011343924161621251,0.9499043144119481,-0.6711124904876289,0.7793498372920851,-1.9671711820859334e-09,0.954
2999.9989999979734,1.1561257355541297e-05,0.011316427813649393,0.9756741873026344,-0.6703925432663524,0.7793498372920851,-1.967171300400864e-09,0.953
3000.0040000006557,1.1561249393068224e-05,0.011316427813649393,0.9756741873026344,-0.6703925432663524,0.7793498372920851,-1.9671714667493635e-09,0.953
3000.0009999983013,1.1558402423616107e-05,0.01131350452403603,0.9695631191461391,-0.6599296045571319,0.7793498372920851,-1.9078145644742633e-09,0.953
3000.0010000020266,1.1558398905188499e-05,0.01131350452403603,0.9695631191461391,-0.6599296045571319,0.7793498372920851,-1.9078154276322954e-09,0.953
3000.0,1.155840288188633e-05,0.01131350452403603,0.9695631191461391,-0.6599296045571319,0.7793498372920851,-1.9078166808465236e-09,0.952
3000.002999998629,1.1558401227889173e-05,0.01131350452403603,0.9695631191461391,-0.6599296045571319,0.7793498372920851,-1.907811926372826e-09,0.952
2999.997999999672,1.1595440553380252e-05,0.011324581839792276,0.9424822999310312,-0.647854760981871,0.7793498372920851,-1.892977573572153e-09,0.952
3000.0009999983013,1.1595448139698173e-05,0.011324581839792276,0.9424822999310312,-0.647854760981871,0.7793498372920851,-1.892974725068579e-09,0.952
3000.0,1.1595440274666752e-05,0.011324581839792276,0.9424822999310312,-0.647854760981871,0.7793498372920851,-1.8929741575025476e-09,0.951
3000.002000000328,1.1595440957942715e-05,0.011324581839792276,0.9424822999310312,-0.647854760981871,0.7793498372920851,-1.8929759320105515e-09,0.951
3000.0030000023544,1.1595440103564174e-05,0.011324581839792276,0.9424822999310312,-0.647854760981871,0.7793498372920851,-1.8929748119514825e-09,0.951
3000.0010000020266,1.1595438460713564e-05,0.011324581839792276,0.9424822999310312,-0.647854760981871,0.7793498372920851,-1.8929742936549263e-09,0.951
2999.9989999979734,1.1529913038758652e-05,0.011264716869670783,0.9636988807039426,-0.673077276501705,0.7793498372920851,-1.9735271265363604e-09,0.951
3000.0,1.1544158857695133e-05,0.011268472014362057,0.9472189194172209,-0.6614246044415976,0.7793498372920851,-1.9205353485195384e-09,0.951
3000.0,1.1544158633982096e-05,0.011268472014362057,0.9472189194172209,-0.6614246044415976,0.7793498372920851,-1.9205337551538437e-09,0.95
3000.0009999983013,1.1669518739800389e-05,0.011388523237824145,0.885890635346251,-0.640957443503841,0.7793498372920851,-1.8972174558306206e-09,0.95
2999.9989999979734,1.1589744060618655e-05,0.011325125232793708,0.9221669978885636,-0.6774336072930255,0.7793498372920851,-2.0307598098710685e-09,0.95
2999.9989999979734,1.1603986137388193e-05,0.011328724553099486,0.905994878021573,-0.665858048666731,0.7793498372920851,-1.977764975049405e-09,0.95
2999.9990000016987,1.1603987356130798e-05,0.011328724553099486,0.905994878021573,-0.665858048666731,0.7793498372920851,-1.9777681226070766e-09,0.95
2999.9990000016987,1.1603983362900674e-05,0.011328724553099486,0.905994878021573,-0.665858048666731,0.7793498372920851,-1.9777693816841038e-09,0.95
3000.002000000328,1.1603988602441086e-05,0.011328724553099486,0.905994878021573,-0.665858048666731,0.7793498372920851,-1.9777643539771577e-09,0.95
3000.0009999983013,1.167236418424836e-05,0.011353142567317882,0.8499674780496842,-0.6421413582101361,0.7793498372920851,-1.939610086611642e-09,0.95
2999.9990000016987,1.1649574619685269e-05,0.011338226696242397,0.8512771655582836,-0.624127141324636,0.7793498372920851,-1.8421017312208023e-09,0.95
3000.0010000020266,1.1629627075099427e-05,0.011335716189922043,0.8849872130632273,-0.653964036058321,0.7793498372920851,-1.9396105664147804e-09,0.949
3000.0,1.164672447609655e-05,0.011346297261153554,0.8704537840266893,-0.6539845877906004,0.7793498372920851,-1.977766944106976e-09,0.949
3000.0,1.1672361913631247e-05,0.011353142567317882,0.8499674780496842,-0.6421413582101361,0.7793498372920851,-1.9396138251226523e-09,0.949
3000.0010000020266,1.1646725196824699e-05,0.011338701594369303,0.8605934980105543,-0.6350634155578534,0.7793498372920851,-1.901454970743636e-09,0.949
3000.0009999983013,1.164672726153663e-05,0.011346297261153554,0.8704537840266893,-0.6539845877906004,0.7793498372920851,-1.9777679605127046e-09,0.949
2999.9990000016987,1.1672363182239046e-05,0.011353142567317882,0.8499674780496842,-0.6421413582101361,0.7793498372920851,-1.939609344984105e-09,0.949
3000.002000000328,1.1646719109203457e-05,0.011346297261153554,0.8704537840266893,-0.6539845877906004,0.7793498372920851,-1.9777674299036577e-09,0.949
3000.002000000328,1.1675215376220716e-05,0.011352803787882223,0.840345426774264,-0.6311962361469339,0.7793498372920851,-1.880253122340779e-09,0.949
3000.002999998629,1.1672362840145161e-05,0.011353142567317882,0.8499674780496842,-0.6421413582101361,0.7793498372920851,-1.9396108883513427e-09,0.949
3000.002000000328,1.164957086401271e-05,0.011338226696242397,0.8512771655582836,-0.624127141324636,0.7793498372920851,-1.8420976294770433e-09,0.949
2999.997999999672,1.1737887710222746e-05,0.011413082911223438,0.830913117163254,-0.6175213249884997,0.7793498372920851,-1.859061115164912e-09,0.949
3000.0,1.1737887304472548e-05,0.011413082911223438,0.830913117163254,-0.6175213249884997,0.7793498372920851,-1.8590582363909024e-09,0.948
2999.997999999672,1.1672364457028509e-05,0.011353142567317882,0.8499674780496842,-0.6421413582101361,0.7793498372920851,-1.9396120167988453e-09,0.948
2999.997999999672,1.1675211455608131e-05,0.011352803787882223,0.840345426774264,-0.6311962361469339,0.7793498372920851,-1.8802523904084077e-09,0.948
3000.0009999983013,1.1672363076678282e-05,0.011353142567317882,0.8499674780496842,-0.6421413582101361,0.7793498372920851,-1.9396094395610716e-09,0.948
3000.002000000328,1.167521143485757e-05,0.011352803787882223,0.840345426774264,-0.6311962361469339,0.7793498372920851,-1.880256158080755e-09,0.948
3000.0009999983013,1.1675215884908407e-05,0.011352803787882223,0.840345426774264,-0.6311962361469339,0.7793498372920851,-1.880257068553827e-09,0.948
3000.0,1.164957130289932e-05,0.011338226696242397,0.8512771655582836,-0.624127141324636,0.7793498372920851,-1.8421024710464165e-09,0.948
3000.0,1.1598290344198645e-05,0.01130860802153008,0.8739930030110528,-0.6102333914507241,0.7793498372920851,-1.7679052804993313e-09,0.948
3000.0,1.1629631529338183e-05,0.011327026903011118,0.8577986076490332,-0.615841947289846,0.7793498372920851,-1.7954673270804843e-09,0.948
3000.0,1.1669514869768566e-05,0.011388523237824145,0.885890635346251,-0.640957443503841,0.7793498372920851,-1.897220376654881e-09,0.948
2999.997999999672,1.1695163908396229e-05,0.011395613191048518,0.8652927528137355,-0.6291650232467697,0.7793498372920851,-1.8590666229906704e-09,0.948
3000.0030000023544,1.1672364550784167e-05,0.011353142567317882,0.8499674780496842,-0.6421413582101361,0.7793498372920851,-1.939606553065968e-09,0.948
3000.0,1.1695158448298397e-05,0.011395613191048518,0.8652927528137355,-0.6291650232467697,0.7793498372920851,-1.8590578363519024e-09,0.948
3000.0030000023544,1.1695154748808217e-05,0.011395613191048518,0.8652927528137355,-0.6291650232467697,0.7793498372920851,-1.8590620774343105e-09,0.947
2999.9990000016987,1.1695153601652962e-05,0.011395613191048518,0.8652927528137355,-0.6291650232467697,0.7793498372920851,-1.8590557883566225e-09,0.947
3000.0,1.1695155873889746e-05,0.011395613191048518,0.8652927528137355,-0.6291650232467697,0.7793498372920851,-1.859057933488677e-09,0.947
3000.002999998629,1.1669517719584533e-05,0.011388523237824145,0.885890635346251,-0.640957443503841,0.7793498372920851,-1.8972114517628513e-09,0.947
3000.0,1.1635321072578648e-05,0.01133571618992204,0.9053545561922709,-0.624418333471899,0.7793498372920851,-1.8018206162667444e-09,0.947
3000.002000000328,1.1737890220913371e-05,0.011413082911223438,0.830913117163254,-0.6175213249884997,0.7793498372920851,-1.8590576862460342e-09,0.947
3000.0009999983013,1.1695152910986076e-05,0.011395613191048518,0.8652927528137355,-0.6291650232467697,0.7793498372920851,-1.8590634724760536e-09,0.947
3000.0010000020266,1.1635328516549865e-05,0.01133571618992204,0.9053545561922709,-0.624418333471899,0.7793498372920851,-1.8018184642528158e-09,0.947
3000.0010000020266,1.1635328011483156e-05,0.01133571618992204,0.9053545561922709,-0.624418333471899,0.7793498372920851,-1.8018232080764255e-09,0.947
3000.0009999983013,1.166951725604484e-05,0.011388523237824145,0.885890635346251,-0.640957443503841,0.7793498372920851,-1.8972133616141888e-09,0.947
3000.002000000328,1.1609682986120005e-05,0.011328452946181369,0.9263431432170841,-0.6362753314181603,0.7793498372920851,-1.8399832282838126e-09,0.947
3000.0009999983013,1.1695152728617878e-05,0.011395613191048518,0.8652927528137355,-0.6291650232467697,0.7793498372920851,-1.85906039646078e-09,0.947
2999.9990000016987,1.1695161744897943e-05,0.011395613191048518,0.8652927528137355,-0.6291650232467697,0.7793498372920851,-1.8590609915680036e-09,0.947
2999.9990000016987,1.1609688220243713e-05,0.011321660655575187,0.9160435889918435,-0.617119310353258,0.7793498372920851,-1.763672973561446e-09,0.947
3000.0,1.1609687406740923e-05,0.011328452946181369,0.9263431432170841,-0.6362753314181603,0.7793498372920851,-1.8399851889193601e-09,0.931
2879.997999999672,1.1166667899562745e-05,0.010533597043112467,1.0457749629856163,-0.7841993389011641,0.7219280948873623,-2.3767529543569574e-09,0.93
2880.002000000328,1.1173084933002083e-05,0.010510629540295566,0.9549173318978932,-0.8079878188591496,0.7219280948873623,-2.4864243162886904e-09,0.932
2880.0,1.1301277155227283e-05,0.01064690878455652,1.0522858110259241,-0.8430872855886148,0.7219280948873623,-2.620617310197607e-09,0.933
2880.0040000006557,1.1301279058815763e-05,0.01064690878455652,1.0522858110259241,-0.8430872855886148,0.7219280948873623,-2.6206194454709858e-09,0.934
2879.9990000016987,1.1301282713246198e-05,0.01064690878455652,1.0522858110259241,-0.8430872855886148,0.7219280948873623,-2.6206152603158254e-09,0.934
2879.9990000016987,1.137179228071968e-05,0.010729709533191781,1.0559985702752739,-0.8612866972858554,0.7219280948873623,-2.709645374677215e-09,0.935
2880.002000000328,1.1371798429473463e-05,0.010729709533191781,1.0559985702752739,-0.8612866972858554,0.7219280948873623,-2.709650651143055e-09,0.936
2880.0009999983013,1.1371797758193103e-05,0.010729709533191781,1.0559985702752739,-0.8612866972858554,0.7219280948873623,-2.709652667949999e-09,0.936
2880.0009999983013,1.1371795127371177e-05,0.010729709533191781,1.0559985702752739,-0.8612866972858554,0.7219280948873623,-2.7096477657425145e-09,0.937
2880.0009999983013,1.130128166524605e-05,0.010672081958705755,1.0841711082658794,-0.8875205737403288,0.7219280948873623,-2.798684290551846e-09,0.937
2880.0,1.1301280765590513e-05,0.010672081958705755,1.0841711082658794,-0.8875205737403288,0.7219280948873623,-2.7986840839251503e-09,0.937
2880.0,1.1371799307015358e-05,0.010726602444390299,1.0460800177697767,-0.84995151772109,0.7219280948873623,-2.6425551951941437e-09,0.938
2879.997999999672,1.1301280855743243e-05,0.010668801869625889,1.0740563708777566,-0.876198104186856,0.7219280948873623,-2.7315829687418785e-09,0.938
2879.997999999672,1.130128791073534e-05,0.010672081958705755,1.0841711082658794,-0.8875205737403288,0.7219280948873623,-2.7986825847945436e-09,0.938
2879.9990000016987,1.1301285329862152e-05,0.010672081958705755,1.0841711082658794,-0.8875205737403288,0.7219280948873623,-2.7986822042717737e-09,0.938
2879.997999999672,1.1301285858627382e-05,0.010672081958705755,1.0841711082658794,-0.8875205737403288,0.7219280948873623,-2.7986782320827207e-09,0.939
2879.9969999976456,1.1301285249236636e-05,0.010668801869625889,1.0740563708777566,-0.876198104186856,0.7219280948873623,-2.731589874318852e-09,0.939
2879.997999999672,1.1301285468587155e-05,0.010672081958705755,1.0841711082658794,-0.8875205737403288,0.7219280948873623,-2.7986835812867914e-09,0.939
2879.997999999672,1.1301282010335564e-05,0.010672081958705755,1.0841711082658794,-0.8875205737403288,0.7219280948873623,-2.798678569766147e-09,0.939
2879.997000001371,1.1301282921172932e-05,0.010672081958705755,1.0841711082658794,-0.8875205737403288,0.7219280948873623,-2.798677005824452e-09,0.939
2880.0030000023544,1.1301282532517373e-05,0.010672081958705755,1.0841711082658794,-0.8875205737403288,0.7219280948873623,-2.798677181965293e-09,0.939
2880.0010000020266,1.1301286622908676e-05,0.010668801869625889,1.0740563708777566,-0.876198104186856,0.7219280948873623,-2.731589413618042e-09,0.939
2880.0,1.1301279520284462e-05,0.010672081958705755,1.0841711082658794,-0.8875205737403288,0.7219280948873623,-2.798681127170588e-09,0.939
2880.002000000328,1.130128549619421e-05,0.010672081958705755,1.0841711082658794,-0.8875205737403288,0.7219280948873623,-2.7986800092879356e-09,0.94
2879.9959999993443,1.1275635733626208e-05,0.010667395808412326,1.107908623425045,-0.900753047578969,0.7219280948873623,-2.8451339989448163e-09,0.94
2879.997999999672,1.1275643873654007e-05,0.010667395808412326,1.107908623425045,-0.900753047578969,0.7219280948873623,-2.845135423252258e-09,0.94
2879.997999999672,1.1275647332655576e-05,0.010667395808412326,1.107908623425045,-0.900753047578969,0.7219280948873623,-2.845134054150337e-09,0.94
2880.0,1.1301281911224505e-05,0.010672081958705755,1.0841711082658794,-0.8875205737403288,0.7219280948873623,-2.79867991700897e-09,0.94
2879.9989999979734,1.1275639820335403e-05,0.010667395808412326,1.107908623425045,-0.900753047578969,0.7219280948873623,-2.8451305454417582e-09,0.94
2880.0040000006557,1.1301278910722496e-05,0.010672081958705755,1.0841711082658794,-0.8875205737403288,0.7219280948873623,-2.798671622004062e-09,0.94
2880.002000000328,1.1301278507710276e-05,0.010672081958705755,1.0841711082658794,-0.8875205737403288,0.7219280948873623,-2.798675291556725e-09,0.94
2879.9989999979734,1.1275638983292664e-05,0.010667395808412326,1.107908623425045,-0.900753047578969,0.7219280948873623,-2.84513496292812e-09,0.94
2879.997999999672,1.1301280288018161e-05,0.010672081958705755,1.0841711082658794,-0.8875205737403288,0.7219280948873623,-2.7986826427666303e-09,0.94
2880.0,1.1301282588244157e-05,0.010672081958705755,1.0841711082658794,-0.8875205737403288,0.7219280948873623,-2.798680706778642e-09,0.94
2880.002000000328,1.1275637268967701e-05,0.010667395808412326,1.107908623425045,-0.900753047578969,0.7219280948873623,-2.845134813839579e-09,0.94
2880.0,1.1301275016095604e-05,0.010672081958705755,1.0841711082658794,-0.8875205737403288,0.7219280948873623,-2.7986797342928493e-09,0.94
2880.0,1.130128316427212e-05,0.010668801869625889,1.0740563708777566,-0.876198104186856,0.7219280948873623,-2.731587658119626e-09,0.94
2879.9990000016987,1.1333328796998005e-05,0.010712453811646802,1.0366314425819958,-0.8725983467711993,0.7219280948873623,-2.75867721234789e-09,0.939
2880.002999998629,1.1301280612809792e-05,0.010672081958705755,1.0841711082658794,-0.8875205737403288,0.7219280948873623,-2.7986749806923887e-09,0.94
2880.0010000020266,1.1301278542807513e-05,0.010672081958705755,1.0841711082658794,-0.8875205737403288,0.7219280948873623,-2.7986803539546295e-09,0.94
2880.0010000020266,1.1378205732392052e-05,0.010728156101275407,0.9964863150118957,-0.8584371884222215,0.7219280948873623,-2.7548059042105237e-09,0.94
2879.997999999672,1.1301285432916993e-05,0.010672081958705755,1.0841711082658794,-0.8875205737403288,0.7219280948873623,-2.7986831815971635e-09,0.94
2880.002000000328,1.1301283765335925e-05,0.010672081958705755,1.0841711082658794,-0.8875205737403288,0.7219280948873623,-2.798680856868545e-09,0.94
2879.9969999976456,1.1365385112320592e-05,0.010731573354670136,1.0223103552832304,-0.8774051598099748,0.7219280948873623,-2.7935200790584352e-09,0.94
2879.9989999979734,1.1301282890513216e-05,0.010672081958705755,1.0841711082658794,-0.8875205737403288,0.7219280948873623,-2.798683447386583e-09,0.94
2879.9989999979734,1.1378202996773356e-05,0.010728156101275407,0.9964863150118957,-0.8584371884222215,0.7219280948873623,-2.7548090929295757e-09,0.94
2879.997999999672,1.14102606796457e-05,0.010750968948580061,0.991511966452181,-0.8744144390745888,0.7219280948873623,-2.8567509233811872e-09,0.94
2880.0009999983013,1.1301281291316302e-05,0.010672081958705755,1.0841711082658794,-0.8875205737403288,0.7219280948873623,-2.7986825360854673e-09,0.94
2880.0009999983013,1.130128570091146e-05,0.010668801869625889,1.0740563708777566,-0.876198104186856,0.7219280948873623,-2.731577071110542e-09,0.94
2880.0009999983013,1.1333333914502065e-05,0.010712453811646802,1.0366314425819958,-0.8725983467711993,0.7219280948873623,-2.7586856229418758e-09,0.94
2879.9969999976456,1.1301281971297393e-05,0.010672081958705755,1.0841711082658794,-0.8875205737403288,0.7219280948873623,-2.7986842877154508e-09,0.94
2879.997999999672,1.1301279717005523e-05,0.010672081958705755,1.0841711082658794,-0.8875205737403288,0.7219280948873623,-2.798685385558823e-09,0.94
2879.997000001371,1.1378212102542956e-05,0.010731883960113094,1.00559364716373,-0.8695822082753193,0.7219280948873623,-2.8219059088193205e-09,0.939
2880.0,1.1378203984032014e-05,0.010731883960113094,1.00559364716373,-0.8695822082753193,0.7219280948873623,-2.82190746318837e-09,0.94
2880.0,1.1333333854699724e-05,0.010712453811646802,1.0366314425819958,-0.8725983467711993,0.7219280948873623,-2.758679291968669e-09,0.94
2880.0,1.1333334294863379e-05,0.010716031603785646,1.0461941977102915,-0.883789854329189,0.7219280948873623,-2.8257776160025528e-09,0.94
2880.0,1.1314100918224707e-05,0.01066567703742553,1.0477670722424666,-0.8570922391519368,0.7219280948873623,-2.6928775521216905e-09,0.94
2880.0010000020266,1.133333238888233e-05,0.010712453811646802,1.0366314425819958,-0.8725983467711993,0.7219280948873623,-2.758684133256671e-09,0.94
2879.997999999672,1.1352566762805569e-05,0.010712609392673638,1.0059677378520693,-0.8517640399358344,0.7219280948873623,-2.708362590061668e-09,0.94
2880.0,1.1410255062942486e-05,0.01074740278703027,0.9820533902332098,-0.863246478069989,0.7219280948873623,-2.78965019771646e-09,0.94
2879.9990000016987,1.1339747201670153e-05,0.010716342659695023,1.0311413375411913,-0.8706683390691505,0.7219280948873623,-2.747072700198075e-09,0.94
2879.9990000016987,1.137820326716454e-05,0.010728156101275407,0.9964863150118957,-0.8584371884222215,0.7219280948873623,-2.7548089069626145e-09,0.94
2879.9989999979734,1.1307690466132175e-05,0.010697040089046416,1.04591438208009,-0.8659146570415898,0.7219280948873623,-2.7122276497206573e-09,0.94
2879.9990000016987,1.1378204732156218e-05,0.010728156101275407,0.9964863150118957,-0.8584371884222215,0.7219280948873623,-2.754809876789511e-09,0.94
2880.0009999983013,1.1378207121708197e-05,0.010728156101275407,0.9964863150118957,-0.8584371884222215,0.7219280948873623,-2.7548100484364875e-09,0.94
2880.0,1.1378205281467428e-05,0.010728156101275407,0.9964863150118957,-0.8584371884222215,0.7219280948873623,-2.7548081377969346e-09,0.94
2880.0,1.131410191665832e-05,0.01066567703742553,1.0477670722424666,-0.8570922391519368,0.7219280948873623,-2.6928774628746732e-09,0.94
2879.9989999979734,1.1365382711125613e-05,0.010731573354670136,1.0223103552832304,-0.8774051598099748,0.7219280948873623,-2.7935175915098258e-09,0.94
2880.002000000328,1.1243589706759653e-05,0.010634378214075311,1.0983608190126315,-0.864573791490163,0.7219280948873623,-2.6502965752208225e-09,0.939
2879.9990000016987,1.1378200679814563e-05,0.010731883960113094,1.00559364716373,-0.8695822082753193,0.7219280948873623,-2.821903720969333e-09,0.939
2880.0009999983013,1.1410254413376704e-05,0.01074740278703027,0.9820533902332098,-0.863246478069989,0.7219280948873623,-2.7896465025170158e-09,0.939
2880.0,1.1378203113244657e-05,0.010728156101275407,0.9964863150118957,-0.8584371884222215,0.7219280948873623,-2.75481211594686e-09,0.939
2879.9990000016987,1.1301281530724181e-05,0.010672081958705755,1.0841711082658794,-0.8875205737403288,0.7219280948873623,-2.798682020402327e-09,0.939
2880.0,1.137820446876659e-05,0.010728156101275407,0.9964863150118957,-0.8584371884222215,0.7219280948873623,-2.7548075512023082e-09,0.939
2879.9989999979734,1.1269228843187921e-05,0.010649726131063946,1.0887956607918792,-0.8713333956378634,0.7219280948873623,-2.6967447541021626e-09,0.939
2879.9989999979734,1.1275643224429887e-05,0.010667395808412326,1.107908623425045,-0.900753047578969,0.7219280948873623,-2.8451287893592252e-09,0.939
2880.0030000023544,1.1275635755652775e-05,0.010667395808412326,1.107908623425045,-0.900753047578969,0.7219280948873623,-2.8451246757898686e-09,0.939
2879.997999999672,1.130128050622159e-05,0.010672081958705755,1.0841711082658794,-0.8875205737403288,0.7219280948873623,-2.798679524715135e-09,0.939
2880.0,1.1275644154153216e-05,0.010667395808412326,1.107908623425045,-0.900753047578969,0.7219280948873623,-2.8451269245987094e-09,0.939
2880.0,1.1275641135840408e-05,0.010667395808412326,1.107908623425045,-0.900753047578969,0.7219280948873623,-2.8451340536447126e-09,0.939
2879.995000001043,1.1275648101484038e-05,0.010667395808412326,1.107908623425045,-0.900753047578969,0.7219280948873623,-2.8451311861845014e-09,0.939
2879.9989999979734,1.1301281302243976e-05,0.010672081958705755,1.0841711082658794,-0.8875205737403288,0.7219280948873623,-2.798685042069649e-09,0.939
2880.002000000328,1.1275639533109627e-05,0.010667395808412326,1.107908623425045,-0.900753047578969,0.7219280948873623,-2.845127350288386e-09,0.939
2880.0019999966025,1.1275643276191601e-05,0.010667395808412326,1.107908623425045,-0.900753047578969,0.7219280948873623,-2.845129941219611e-09,0.939
2880.0009999983013,1.1301280839071993e-05,0.010672081958705755,1.0841711082658794,-0.8875205737403288,0.7219280948873623,-2.798681396773308e-09,0.939
2880.0009999983013,1.1301285632387167e-05,0.010672081958705755,1.0841711082658794,-0.8875205737403288,0.7219280948873623,-2.798684191623557e-09,0.939
2880.0010000020266,1.1275642048062251e-05,0.010667395808412326,1.107908623425045,-0.900753047578969,0.7219280948873623,-2.8451314977034887e-09,0.939
2880.002999998629,1.1275639211439357e-05,0.010667395808412326,1.107908623425045,-0.900753047578969,0.7219280948873623,-2.8451357775679775e-09,0.939
2879.9990000016987,1.1301279916391924e-05,0.010672081958705755,1.0841711082658794,-0.8875205737403288,0.7219280948873623,-2.79868079763052e-09,0.939
2880.002000000328,1.130128458100605e-05,0.010672081958705755,1.0841711082658794,-0.8875205737403288,0.7219280948873623,-2.7986865087835452e-09,0.939
2879.9990000016987,1.1301280259353647e-05,0.010672081958705755,1.0841711082658794,-0.8875205737403288,0.7219280948873623,-2.798680853789204e-09,0.939
2880.0009999983013,1.1275640507625816e-05,0.010667395808412326,1.107908623425045,-0.900753047578969,0.7219280948873623,-2.845134257796461e-09,0.939
2880.0,1.1301282491430029e-05,0.010672081958705755,1.0841711082658794,-0.8875205737403288,0.7219280948873623,-2.798678240637032e-09,0.939
2880.002999998629,1.1301279054305478e-05,0.010672081958705755,1.0841711082658794,-0.8875205737403288,0.7219280948873623,-2.7986754408517136e-09,0.939
2880.0009999983013,1.13333358568278e-05,0.010712453811646802,1.0366314425819958,-0.8725983467711993,0.7219280948873623,-2.758678926158211e-09,0.939
2879.9990000016987,1.1378208257214925e-05,0.010731883960113094,1.00559364716373,-0.8695822082753193,0.7219280948873623,-2.821909832747715e-09,0.939
2880.0009999983013,1.133333860040739e-05,0.010712453811646802,1.0366314425819958,-0.8725983467711993,0.7219280948873623,-2.7586769897519644e-09,0.939
2879.9989999979734,1.141025653598009e-05,0.010750968948580061,0.991511966452181,-0.8744144390745888,0.7219280948873623,-2.8567431795315894e-09,0.939
2880.0009999983013,1.1352563569677436e-05,0.010712609392673638,1.0059677378520693,-0.8517640399358344,0.7219280948873623,-2.708358181553365e-09,0.939
2880.0,1.1333332978614453e-05,0.010712453811646802,1.0366314425819958,-0.8725983467711993,0.7219280948873623,-2.758677676886313e-09,0.939
2879.997000001371,1.1352571951171463e-05,0.010716498184263961,1.0146935416578042,-0.862884514656295,0.7219280948873623,-2.7754592801015045e-09,0.939
2879.997999999672,1.1314103738482172e-05,0.010669270515519459,1.057056609335727,-0.8683436727586471,0.7219280948873623,-2.7599730315360032e-09,0.939
2880.002000000328,1.1275639428314252e-05,0.010667395808412326,1.107908623425045,-0.900753047578969,0.7219280948873623,-2.8451269830603924e-09,0.939
2880.0,1.1275639455434692e-05,0.010667395808412326,1.107908623425045,-0.900753047578969,0.7219280948873623,-2.8451282037918033e-09,0.939
2880.0009999983013,1.1275643518058434e-05,0.010667395808412326,1.107908623425045,-0.900753047578969,0.7219280948873623,-2.8451332783340415e-09,0.939
2880.002000000328,1.1275644522092013e-05,0.010667395808412326,1.107908623425045,-0.900753047578969,0.7219280948873623,-2.8451308885344842e-09,0.939
2879.9990000016987,1.1275639072058307e-05,0.010667395808412326,1.107908623425045,-0.900753047578969,0.7219280948873623,-2.845131008166014e-09,0.939
2879.9990000016987,1.1275644835294237e-05,0.010667395808412326,1.107908623425045,-0.900753047578969,0.7219280948873623,-2.8451315899836577e-09,0.939
2879.9989999979734,1.1275640276286281e-05,0.010667395808412326,1.107908623425045,-0.900753047578969,0.7219280948873623,-2.84512917786165e-09,0.939
2880.0,1.1275640754259707e-05,0.010667395808412326,1.107908623425045,-0.900753047578969,0.7219280948873623,-2.8451299533249423e-09,0.939
2880.0,1.126281886750462e-05,0.010666458331298768,1.1255783794679708,-0.9132043811455777,0.7219280948873623,-2.907067949223103e-09,0.939
2879.9990000016987,1.1275642508778194e-05,0.010667395808412326,1.107908623425045,-0.900753047578969,0.7219280948873623,-2.8451364715672485e-09,0.939
2880.0,1.1262816402272092e-05,0.010666458331298768,1.1255783794679708,-0.9132043811455777,0.7219280948873623,-2.9070649609783163e-09,0.939
2879.997999999672,1.1275643377120473e-05,0.010667395808412326,1.107908623425045,-0.900753047578969,0.7219280948873623,-2.8451350549231255e-09,0.938
2880.0009999983013,1.1275644141085226e-05,0.010667395808412326,1.107908623425045,-0.900753047578969,0.7219280948873623,-2.845131678221822e-09,0.938
2880.0,1.1275640253022996e-05,0.010667395808412326,1.107908623425045,-0.900753047578969,0.7219280948873623,-2.8451308453610863e-09,0.938
2880.0,1.1262823797076915e-05,0.010666458331298768,1.1255783794679708,-0.9132043811455777,0.7219280948873623,-2.9070681868219063e-09,0.938
2879.997999999672,1.1275647119302542e-05,0.010667395808412326,1.107908623425045,-0.900753047578969,0.7219280948873623,-2.8451314510822282e-09,0.938
2880.002000000328,1.1275639027017848e-05,0.010667395808412326,1.107908623425045,-0.900753047578969,0.7219280948873623,-2.8451255389959434e-09,0.938
2880.002000000328,1.1275641446153439e-05,0.010667395808412326,1.107908623425045,-0.900753047578969,0.7219280948873623,-2.845128396350205e-09,0.938
2880.0010000020266,1.1275642659176677e-05,0.010667395808412326,1.107908623425045,-0.900753047578969,0.7219280948873623,-2.8451358827894054e-09,0.938
2880.002999998629,1.1275642088972226e-05,0.010667395808412326,1.107908623425045,-0.900753047578969,0.7219280948873623,-2.8451322937265257e-09,0.938
2880.0,1.1275643088583268e-05,0.010667395808412326,1.107908623425045,-0.900753047578969,0.7219280948873623,-2.8451330406351804e-09,0.938
2879.9989999979734,1.1275640668381348e-05,0.010667395808412326,1.107908623425045,-0.900753047578969,0.7219280948873623,-2.845135857070711e-09,0.938
2880.0,1.127563901444227e-05,0.010667395808412326,1.107908623425045,-0.900753047578969,0.7219280948873623,-2.845132130976448e-09,0.938
2880.0,1.1275638880744501e-05,0.010667395808412326,1.107908623425045,-0.900753047578969,0.7219280948873623,-2.8451293499568144e-09,0.938
2880.0,1.1275638636403119e-05,0.010667395808412326,1.107908623425045,-0.900753047578969,0.7219280948873623,-2.8451325764840477e-09,0.938
2880.0,1.1275642061123547e-05,0.010667395808412326,1.107908623425045,-0.900753047578969,0.7219280948873623,-2.8451280977697282e-09,0.938
2880.0,1.1301284064573016e-05,0.010672081958705755,1.0841711082658794,-0.8875205737403288,0.7219280948873623,-2.7986805114221788e-09,0.938
2879.997999999672,1.1301281365932483e-05,0.010672081958705755,1.0841711082658794,-0.8875205737403288,0.7219280948873623,-2.798684127745447e-09,0.938
2879.997000001371,1.1275641389691136e-05,0.010667395808412326,1.107908623425045,-0.900753047578969,0.7219280948873623,-2.845129275689071e-09,0.938
2879.9959999993443,1.1275637330766243e-05,0.010667395808412326,1.107908623425045,-0.900753047578969,0.7219280948873623,-2.845131814800267e-09,0.938
2879.9990000016987,1.1275640888128111e-05,0.010667395808412326,1.107908623425045,-0.900753047578969,0.7219280948873623,-2.8451321192037923e-09,0.938
2880.0,1.1275643769702407e-05,0.010667395808412326,1.107908623425045,-0.900753047578969,0.7219280948873623,-2.845131927139113e-09,0.938
2880.002999998629,1.1275639873990097e-05,0.010667395808412326,1.107908623425045,-0.900753047578969,0.7219280948873623,-2.8451288059498718e-09,0.938
2880.0009999983013,1.1275637826753356e-05,0.010667395808412326,1.107908623425045,-0.900753047578969,0.7219280948873623,-2.845128310748582e-09,0.938
2880.002000000328,1.1275635708385378e-05,0.010667395808412326,1.107908623425045,-0.900753047578969,0.7219280948873623,-2.8451351968954585e-09,0.938
2880.0010000020266,1.1275638278990574e-05,0.010667395808412326,1.107908623425045,-0.900753047578969,0.7219280948873623,-2.845134545436863e-09,0.938
2880.0009999983013,1.1275640221384123e-05,0.010667395808412326,1.107908623425045,-0.900753047578969,0.7219280948873623,-2.8451333262123435e-09,0.938
2879.9980000033975,1.1275640225243886e-05,0.010667395808412326,1.107908623425045,-0.900753047578969,0.7219280948873623,-2.845134737152292e-09,0.938
2879.9989999979734,1.1301285594909108e-05,0.010672081958705755,1.0841711082658794,-0.8875205737403288,0.7219280948873623,-2.798687272919261e-09,0.938
2880.002000000328,1.1275642588661606e-05,0.010667395808412326,1.107908623425045,-0.900753047578969,0.7219280948873623,-2.8451344444260425e-09,0.938
2879.9969999976456,1.1275644362820566e-05,0.010667395808412326,1.107908623425045,-0.900753047578969,0.7219280948873623,-2.8451281710100487e-09,0.938
2879.9989999979734,1.1275643996614575e-05,0.010667395808412326,1.107908623425045,-0.900753047578969,0.7219280948873623,-2.845135832931838e-09,0.938
2880.002000000328,1.1275641152255629e-05,0.010667395808412326,1.107908623425045,-0.900753047578969,0.7219280948873623,-2.8451289147050033e-09,0.938
2880.002999998629,1.1275645106232855e-05,0.010667395808412326,1.107908623425045,-0.900753047578969,0.7219280948873623,-2.845134163053625e-09,0.938
2880.0,1.1275641417461768e-05,0.010667395808412326,1.107908623425045,-0.900753047578969,0.7219280948873623,-2.8451356997876704e-09,0.938
2879.997000001371,1.12756413550933e-05,0.010667395808412326,1.107908623425045,-0.900753047578969,0.7219280948873623,-2.845130245962808e-09,0.938
2879.9990000016987,1.1275642125628436e-05,0.010667395808412326,1.107908623425045,-0.900753047578969,0.7219280948873623,-2.845135278525475e-09,0.937
2880.002000000328,1.1275639550854604e-05,0.010667395808412326,1.107908623425045,-0.900753047578969,0.7219280948873623,-2.845127522922876e-09,0.937
2880.0,1.1275640224841034e-05,0.010667395808412326,1.107908623425045,-0.900753047578969,0.7219280948873623,-2.845130085816744e-09,0.937
2880.0009999983013,1.127564432123692e-05,0.010667395808412326,1.107908623425045,-0.900753047578969,0.7219280948873623,-2.8451368419624545e-09,0.937
2880.0,1.1275639843430187e-05,0.010667395808412326,1.107908623425045,-0.900753047578969,0.7219280948873623,-2.8451353829752376e-09,0.937
2879.9980000033975,1.1275644322465512e-05,0.010667395808412326,1.107908623425045,-0.900753047578969,0.7219280948873623,-2.8451328863566573e-09,0.937
2879.9990000016987,1.1275636797150253e-05,0.010667395808412326,1.107908623425045,-0.900753047578969,0.7219280948873623,-2.8451316665672566e-09,0.937
2880.0,1.1275636924538916e-05,0.010667395808412326,1.107908623425045,-0.900753047578969,0.7219280948873623,-2.8451324336997166e-09,0.937
2879.9969999976456,1.1275645609021885e-05,0.010667395808412326,1.107908623425045,-0.900753047578969,0.7219280948873623,-2.8451288075973906e-09,0.937
2879.9990000016987,1.1275642223010582e-05,0.010667395808412326,1.107908623425045,-0.900753047578969,0.7219280948873623,-2.8451378049321497e-09,0.937
2879.997000001371,1.1275643617509142e-05,0.010667395808412326,1.107908623425045,-0.900753047578969,0.7219280948873623,-2.845135742279663e-09,0.937
2879.9990000016987,1.1275640500305914e-05,0.010667395808412326,1.107908623425045,-0.900753047578969,0.7219280948873623,-2.8451294544081058e-09,0.937
2880.0,1.1275632856571316e-05,0.010667395808412326,1.107908623425045,-0.900753047578969,0.7219280948873623,-2.845127163757897e-09,0.937
2880.0009999983013,1.1275638467281114e-05,0.010667395808412326,1.107908623425045,-0.900753047578969,0.7219280948873623,-2.845128458535364e-09,0.937
2879.9989999979734,1.1275641813686363e-05,0.010667395808412326,1.107908623425045,-0.900753047578969,0.7219280948873623,-2.845135678648532e-09,0.937
2879.9989999979734,1.1275645316810928e-05,0.010667395808412326,1.107908623425045,-0.900753047578969,0.7219280948873623,-2.8451331672304785e-09,0.937
2879.9989999979734,1.1275640959717171e-05,0.010667395808412326,1.107908623425045,-0.900753047578969,0.7219280948873623,-2.84513343964565e-09,0.937
2880.0010000020266,1.127563870282112e-05,0.010667395808412326,1.107908623425045,-0.900753047578969,0.7219280948873623,-2.8451345435644243e-09,0.937
2879.9990000016987,1.1275642713513335e-05,0.010667395808412326,1.107908623425045,-0.900753047578969,0.7219280948873623,-2.8451347630269886e-09,0.937
2880.0009999983013,1.130127921901032e-05,0.010672081958705755,1.0841711082658794,-0.8875205737403288,0.7219280948873623,-2.798680112660825e-09,0.937
2880.0,1.1275644471229488e-05,0.010667395808412326,1.107908623425045,-0.900753047578969,0.7219280948873623,-2.845136455045597e-09,0.937
2879.9989999979734,1.1301284239556341e-05,0.010672081958705755,1.0841711082658794,-0.8875205737403288,0.7219280948873623,-2.7986848073527733e-09,0.937
2880.0,1.1301286208074362e-05,0.010672081958705755,1.0841711082658794,-0.8875205737403288,0.7219280948873623,-2.79868304703311e-09,0.937
2880.0,1.1365386029737282e-05,0.010734989520255684,1.0322256556753207,-0.8886201624919792,0.7219280948873623,-2.8606181080902534e-09,0.937
2880.0,1.1275642987011163e-05,0.010667395808412326,1.107908623425045,-0.900753047578969,0.7219280948873623,-2.845135031228267e-09,0.937
2880.0010000020266,1.1275640456921173e-05,0.010667395808412326,1.107908623425045,-0.900753047578969,0.7219280948873623,-2.8451290857891746e-09,0.937
2879.9990000016987,1.130128187696579e-05,0.010672081958705755,1.0841711082658794,-0.8875205737403288,0.7219280948873623,-2.7986842964952347e-09,0.937
2880.002000000328,1.1301284657943077e-05,0.010672081958705755,1.0841711082658794,-0.8875205737403288,0.7219280948873623,-2.7986816611682616e-09,0.937
2880.0019999966025,1.130128145461706e-05,0.010672081958705755,1.0841711082658794,-0.8875205737403288,0.7219280948873623,-2.798680230688314e-09,0.937
2880.0,1.1301279322146319e-05,0.010672081958705755,1.0841711082658794,-0.8875205737403288,0.7219280948873623,-2.7986821930191238e-09,0.937
2879.997999999672,1.12756428665275e-05,0.010667395808412326,1.107908623425045,-0.900753047578969,0.7219280948873623,-2.8451335422300687e-09,0.937
2880.002999998629,1.130128208882434e-05,0.010672081958705755,1.0841711082658794,-0.8875205737403288,0.7219280948873623,-2.7986791963999307e-09,0.937
2880.0010000020266,1.1301283875642706e-05,0.010672081958705755,1.0841711082658794,-0.8875205737403288,0.7219280948873623,-2.7986800492326408e-09,0.937
2880.0009999983013,1.130127838541283e-05,0.010672081958705755,1.0841711082658794,-0.8875205737403288,0.7219280948873623,-2.7986862281742047e-09,0.937
2880.0009999983013,1.1339737600573033e-05,0.010730486164817171,1.0554507527823294,-0.9017429511209657,0.7219280948873623,-2.9070621522362166e-09,0.937
2879.997999999672,1.1301279301095543e-05,0.010672081958705755,1.0841711082658794,-0.8875205737403288,0.7219280948873623,-2.798677643603116e-09,0.936
2880.0,1.1269230906634145e-05,0.010653168542738801,1.0985508067396488,-0.8826324161898113,0.7219280948873623,-2.763843673248541e-09,0.936
3060.3830000013113,1.204131849701797e-05,0.011593666631355066,0.8570232726494851,-1.0094923207153308,4.352779462345537,-3.753204599296835e-09,0.944
3080.3899999968708,1.2016536283904686e-05,0.011639394185047362,0.8312322789819326,-0.9948942405673451,4.307331067377732,-3.6861208389500974e-09,0.945
3080.3839999996126,1.2021332333551543e-05,0.011657432205832879,0.8542900920285841,-1.0095916932806968,4.323001372204556,-3.7454274911252425e-09,0.946
3080.3839999996126,1.2021332333551543e-05,0.011657432205832879,0.8542900920285841,-1.0095916932806968,4.323001372204556,-3.7454274911252425e-09,0.946
3000.6319999992847,1.0809028228031418e-05,0.010033981024189646,0.6511761083413763,-0.5192502691308084,4.300877916730049,-1.4298821393694628e-09,0.946
3000.6319999992847,1.0809028228031418e-05,0.010033981024189646,0.6511761083413763,-0.5192502691308084,4.300877916730049,-1.4298821393694628e-09,0.946
3100.6460000015795,1.195304031841683e-05,0.011654420449996983,0.8469718230617902,-0.9556453133055351,4.36253256389381,-3.4392067512085576e-09,0.947
3100.6460000015795,1.195304031841683e-05,0.011654420449996983,0.8469718230617902,-0.9556453133055351,4.36253256389381,-3.4392067512085576e-09,0.947
2880.0,1.1044870956517507e-05,0.010454185764563388,1.0992559467951457,-0.866989744250592,0.7219280948873623,-2.643841780533438e-09,0.939
2880.0009999983013,1.103846157396387e-05,0.010448285345771644,1.0937904288449207,-0.8562393439987468,0.7219280948873623,-2.578038710225235e-09,0.939
2880.0,1.1166664061955384e-05,0.010555093557141038,1.0624474112366427,-0.8073128839397685,0.7219280948873623,-2.44384336855805e-09,0.938
2880.002000000328,1.1141024192622437e-05,0.010554146104730608,1.0933953992832492,-0.8317072591349381,0.7219280948873623,-2.5444907446088504e-09,0.938
2880.0,1.1089741212999203e-05,0.010521089930864277,1.1250265905163026,-0.8352982231155781,0.7219280948873623,-2.5599766308671444e-09,0.938
2880.002000000328,1.1121795728298473e-05,0.010527424503014351,1.0993195170397279,-0.821716546776742,0.7219280948873623,-2.5251351657594508e-09,0.938
2880.0009999983013,1.1115381651042503e-05,0.010521723559696244,1.0943707133646683,-0.8109010987951115,0.7219280948873623,-2.4593284632728946e-09,0.937
2879.9990000016987,1.10384625497908e-05,0.010448285345771644,1.0937904288449207,-0.8562393439987468,0.7219280948873623,-2.578038916839183e-09,0.937
2879.997999999672,1.1038460601241022e-05,0.010448285345771644,1.0937904288449207,-0.8562393439987468,0.7219280948873623,-2.57803579498322e-09,0.937
2880.0009999983013,1.1044870140192284e-05,0.010439987228600104,1.0760194678983783,-0.8364787719243112,0.7219280948873623,-2.522555571517105e-09,0.937
2880.0,1.1038463462673214e-05,0.010448285345771644,1.0937904288449207,-0.8562393439987468,0.7219280948873623,-2.578037923820741e-09,0.937
2880.0,1.103846367159491e-05,0.010448285345771644,1.0937904288449207,-0.8562393439987468,0.7219280948873623,-2.578038205029444e-09,0.936
2880.0,1.103846034729458e-05,0.010448285345771644,1.0937904288449207,-0.8562393439987468,0.7219280948873623,-2.578037052112221e-09,0.936
2880.0010000020266,1.1038460126883164e-05,0.010448285345771644,1.0937904288449207,-0.8562393439987468,0.7219280948873623,-2.5780362294955934e-09,0.936
2880.0,1.1038460214157829e-05,0.010448285345771644,1.0937904288449207,-0.8562393439987468,0.7219280948873623,-2.5780389961620735e-09,0.936
2880.0,1.1147432657535262e-05,0.010505236789335105,0.9785228127587904,-0.8214288043890463,0.7219280948873623,-2.532880818640649e-09,0.936
2880.0010000020266,1.1076924683090774e-05,0.01046422476822817,1.0130162575274575,-0.8124906299763199,0.7219280948873623,-2.47738890273726e-09,0.936
2880.0010000020266,1.110256471728027e-05,0.010485386656358132,1.0101177478262455,-0.8286014863373923,0.7219280948873623,-2.559973637904968e-09,0.936
2880.002000000328,1.1051281651706287e-05,0.010449401896759445,1.0225867911967725,-0.8051107705126173,0.7219280948873623,-2.4309442019759885e-09,0.935
2879.997999999672,1.1089745590068768e-05,0.010472185381603332,1.0019713548741116,-0.8084149811157185,0.7219280948873623,-2.4515895768381493e-09,0.935
2879.997000001371,1.116666698930295e-05,0.010580170130957233,1.1567157661056395,-0.8570958372011189,0.7219280948873623,-2.5702958991016786e-09,0.935
2880.0,1.1205124810973346e-05,0.010590404461901645,1.0970855554786834,-0.827671023784875,0.7219280948873623,-2.5186811501620337e-09,0.935
2879.9989999979734,1.1153846478132852e-05,0.010558882516630235,1.1448932195391022,-0.8293073043425524,0.7219280948873623,-2.4361046030178863e-09,0.935
2880.002000000328,1.120512680390219e-05,0.010586941642104813,1.088288291909997,-0.8162572634959346,0.7219280948873623,-2.4515830049411746e-09,0.935
2880.0009999983013,1.1134613325183445e-05,0.010528057750601446,1.116912410661448,-0.8434998534301381,0.7219280948873623,-2.5406168924446726e-09,0.935
2880.0,1.1205126134438528e-05,0.010586941642104813,1.088288291909997,-0.8162572634959346,0.7219280948873623,-2.4515905894740175e-09,0.935
2880.0010000020266,1.1179488001795641e-05,0.010585839598255757,1.1197541106939726,-0.8409055117207632,0.7219280948873623,-2.565136300382972e-09,0.934
2879.9990000016987,1.1134615167230646e-05,0.010528057750601446,1.116912410661448,-0.8434998534301381,0.7219280948873623,-2.5406189670679847e-09,0.934
2880.0,1.1134620189090864e-05,0.010528057750601446,1.116912410661448,-0.8434998534301381,0.7219280948873623,-2.5406243360730032e-09,0.934
2880.0009999983013,1.1141023963660299e-05,0.010571502573743497,1.1500697891943883,-0.8536951484978307,0.7219280948873623,-2.5702961335861522e-09,0.934
2880.0,1.1185894858724061e-05,0.010599213807322325,1.12363402919123,-0.8536260549582644,0.7219280948873623,-2.5741641041860114e-09,0.934
2879.997999999672,1.118589727028731e-05,0.010599213807322325,1.12363402919123,-0.8536260549582644,0.7219280948873623,-2.5741671656856977e-09,0.934
2880.0009999983013,1.1185898826898407e-05,0.010599213807322325,1.12363402919123,-0.8536260549582644,0.7219280948873623,-2.5741706021504386e-09,0.934
2880.0,1.1185895423705374e-05,0.010599213807322325,1.12363402919123,-0.8536260549582644,0.7219280948873623,-2.5741668043467243e-09,0.934
2879.9989999979734,1.1141022733864396e-05,0.010571502573743497,1.1500697891943883,-0.8536951484978307,0.7219280948873623,-2.5702954920336604e-09,0.934
2880.002000000328,1.1141020200178414e-05,0.010571502573743497,1.1500697891943883,-0.8536951484978307,0.7219280948873623,-2.570299965439928e-09,0.934
2880.002000000328,1.1141029176498173e-05,0.010571502573743497,1.1500697891943883,-0.8536951484978307,0.7219280948873623,-2.57029389334596e-09,0.934
2879.9989999979734,1.1185901454620391e-05,0.010586941642104768,1.1094548922009153,-0.8394323378608671,0.7219280948873623,-2.56642929385063e-09,0.933
2880.0030000023544,1.1083330396343031e-05,0.010531698185319663,1.1861127017092148,-0.8628072793580615,0.7219280948873623,-2.607712970519162e-09,0.933
2879.997999999672,1.112820676526288e-05,0.01054703749874811,1.145124998057251,-0.8484522614870837,0.7219280948873623,-2.6038446801509296e-09,0.933
2880.002999998629,1.1128205103858848e-05,0.01054703749874811,1.145124998057251,-0.8484522614870837,0.7219280948873623,-2.6038414929635054e-09,0.933
2879.997999999672,1.1064105138879639e-05,0.010498888830093665,1.1820812624905361,-0.865068439565428,0.7219280948873623,-2.6657811813043474e-09,0.933
2880.0,1.1064098916808544e-05,0.010498888830093665,1.1820812624905361,-0.865068439565428,0.7219280948873623,-2.6657808752317307e-09,0.933
2879.9990000016987,1.1064102166479262e-05,0.010498888830093665,1.1820812624905361,-0.865068439565428,0.7219280948873623,-2.665781575685883e-09,0.933
2879.9990000016987,1.1064103488798229e-05,0.010498888830093665,1.1820812624905361,-0.865068439565428,0.7219280948873623,-2.6657832267715695e-09,0.933
2880.0009999983013,1.1115387607316621e-05,0.010552566828343966,1.1263492578842351,-0.8567191791432958,0.7219280948873623,-2.66577827231478e-09,0.933
2880.0,1.1051285630978567e-05,0.010490154113898052,1.1816883312527358,-0.8553662427140468,0.7219280948873623,-2.6038468372622487e-09,0.933
2880.0,1.1051286519714924e-05,0.010490154113898052,1.1816883312527358,-0.8553662427140468,0.7219280948873623,-2.6038455965827164e-09,0.933
2880.0009999983013,1.1115385022006715e-05,0.010552566828343966,1.1263492578842351,-0.8567191791432958,0.7219280948873623,-2.6657809318982787e-09,0.932
2880.0040000006557,1.1134614202648242e-05,0.010555409355712616,1.1062439278031118,-0.8437429128122398,0.7219280948873623,-2.610293838103861e-09,0.932
2879.9990000016987,1.1141026080844216e-05,0.010554146104730535,1.0933953992832928,-0.8317072591349876,0.7219280948873623,-2.5444902616154466e-09,0.932
2879.9990000016987,1.1141022847929734e-05,0.010554146104730535,1.0933953992832928,-0.8317072591349876,0.7219280948873623,-2.5444828894110624e-09,0.932
2879.997999999672,1.114102362703081e-05,0.010554146104730535,1.0933953992832928,-0.8317072591349876,0.7219280948873623,-2.544495262385923e-09,0.932
2880.0,1.1141023609775534e-05,0.010554146104730535,1.0933953992832928,-0.8317072591349876,0.7219280948873623,-2.5444917203077476e-09,0.932
2879.9990000016987,1.117307625975741e-05,0.010560618668745948,1.067678792086932,-0.8181553272363131,0.7219280948873623,-2.5096517140024113e-09,0.932
2879.9989999979734,1.1141028857148507e-05,0.010554146104730535,1.0933953992832928,-0.8317072591349876,0.7219280948873623,-2.544489533322358e-09,0.932
2879.9990000016987,1.1141023062278253e-05,0.010554146104730535,1.0933953992832928,-0.8317072591349876,0.7219280948873623,-2.5444901630557533e-09,0.932
2879.9989999979734,1.1173080795258494e-05,0.010560618668745948,1.067678792086932,-0.8181553272363131,0.7219280948873623,-2.5096542171955104e-09,0.932
2880.0010000020266,1.117308125358542e-05,0.010560618668745948,1.067678792086932,-0.8181553272363131,0.7219280948873623,-2.5096526749978207e-09,0.932
2880.002999998629,1.1121795085036889e-05,0.010527424503014282,1.0993195170396,-0.8217165467766536,0.7219280948873623,-2.525135409935927e-09,0.932
2880.0,1.112179331860929e-05,0.010527424503014282,1.0993195170396,-0.8217165467766536,0.7219280948873623,-2.52513547641662e-09,0.932
2880.0,1.1121796447311174e-05,0.010527424503014282,1.0993195170396,-0.8217165467766536,0.7219280948873623,-2.525137692173736e-09,0.931
2879.997999999672,1.1121798376218815e-05,0.010527424503014282,1.0993195170396,-0.8217165467766536,0.7219280948873623,-2.525136099285204e-09,0.931
2879.9990000016987,1.1121797444515653e-05,0.010527424503014282,1.0993195170396,-0.8217165467766536,0.7219280948873623,-2.5251362814126547e-09,0.931
2880.0,1.1115383080525268e-05,0.010521723559696175,1.094370713364543,-0.8109010987950237,0.7219280948873623,-2.4593299886258216e-09,0.931
2880.0009999983013,1.11217952716914e-05,0.010527424503014282,1.0993195170396,-0.8217165467766536,0.7219280948873623,-2.5251353631814775e-09,0.931
2880.0010000020266,1.1121796193126244e-05,0.010527424503014282,1.0993195170396,-0.8217165467766536,0.7219280948873623,-2.525134516082474e-09,0.931
2880.0,1.1115385689176581e-05,0.010521723559696175,1.094370713364543,-0.8109010987950237,0.7219280948873623,-2.459330078613316e-09,0.931
2880.0,1.1115387614384697e-05,0.010521723559696175,1.094370713364543,-0.8109010987950237,0.7219280948873623,-2.459332496620491e-09,0.931
2880.002000000328,1.1115381628028903e-05,0.010521723559696175,1.094370713364543,-0.8109010987950237,0.7219280948873623,-2.4593284397203498e-09,0.931
2879.9989999979734,1.11153834462363e-05,0.010521723559696175,1.094370713364543,-0.8109010987950237,0.7219280948873623,-2.4593281461873747e-09,0.931
2879.997999999672,1.111538368276789e-05,0.010521723559696175,1.094370713364543,-0.8109010987950237,0.7219280948873623,-2.4593289581709183e-09,0.931
2880.0,1.1115382239630797e-05,0.010521723559696175,1.094370713364543,-0.8109010987950237,0.7219280948873623,-2.459334578872233e-09,0.931
2880.0010000020266,1.1115386188191548e-05,0.010521723559696175,1.094370713364543,-0.8109010987950237,0.7219280948873623,-2.459329897410861e-09,0.931
2880.0,1.1115382500964981e-05,0.010521723559696175,1.094370713364543,-0.8109010987950237,0.7219280948873623,-2.4593258324980133e-09,0.93
2880.0,1.1115384281386932e-05,0.010521723559696175,1.094370713364543,-0.8109010987950237,0.7219280948873623,-2.4593306232079817e-09,0.93
2879.9990000016987,1.1115387574781211e-05,0.010521723559696175,1.094370713364543,-0.8109010987950237,0.7219280948873623,-2.4593344647213125e-09,0.93
2879.9990000016987,1.1115382553580913e-05,0.010521723559696175,1.094370713364543,-0.8109010987950237,0.7219280948873623,-2.459330414009408e-09,0.93
2879.9989999979734,1.1115386400549867e-05,0.010521723559696175,1.094370713364543,-0.8109010987950237,0.7219280948873623,-2.4593330356000935e-09,0.93
2880.0,1.1115382526777394e-05,0.010521723559696175,1.094370713364543,-0.8109010987950237,0.7219280948873623,-2.4593301329449623e-09,0.93
2880.0009999983013,1.1115386204785828e-05,0.010521723559696175,1.094370713364543,-0.8109010987950237,0.7219280948873623,-2.4593280721988536e-09,0.93
2879.9989999979734,1.11153831378985e-05,0.010521723559696175,1.094370713364543,-0.8109010987950237,0.7219280948873623,-2.459331453226011e-09,0.93
2880.0,1.1115379764457e-05,0.010521723559696175,1.094370713364543,-0.8109010987950237,0.7219280948873623,-2.459332569234407e-09,0.93
2880.0009999983013,1.111538200098027e-05,0.010521723559696175,1.094370713364543,-0.8109010987950237,0.7219280948873623,-2.459327816086558e-09,0.93
2880.0010000020266,1.111538579157738e-05,0.010521723559696175,1.094370713364543,-0.8109010987950237,0.7219280948873623,-2.4593308942685746e-09,0.93
2880.0009999983013,1.1115383939836744e-05,0.010521723559696175,1.094370713364543,-0.8109010987950237,0.7219280948873623,-2.4593283533862594e-09,0.93
2880.0009999983013,1.1115380073632038e-05,0.010521723559696175,1.094370713364543,-0.8109010987950237,0.7219280948873623,-2.459329747090344e-09,0.93
2880.0,1.115384573716277e-05,0.010531698185319665,1.0631873076687022,-0.7969743162796625,0.7219280948873623,-2.4386872989483846e-09,0.93
2880.0009999983013,1.1115384733067227e-05,0.010521723559696175,1.094370713364543,-0.8109010987950237,0.7219280948873623,-2.459330387516416e-09,0.93
2879.9990000016987,1.1115388075768965e-05,0.010521723559696175,1.094370713364543,-0.8109010987950237,0.7219280948873623,-2.4593319235100163e-09,0.93
2880.0,1.1153848412214e-05,0.010531698185319665,1.0631873076687022,-0.7969743162796625,0.7219280948873623,-2.438685603813442e-09,0.929
2880.0,1.1153847726818494e-05,0.010531698185319665,1.0631873076687022,-0.7969743162796625,0.7219280948873623,-2.438686870458958e-09,0.929
2880.0,1.1211542782211096e-05,0.010577019113783054,0.9987643439248814,-0.7896364724631714,0.7219280948873623,-2.4761051100271534e-09,0.929
2880.0,1.1153844608794348e-05,0.010531698185319665,1.0631873076687022,-0.7969743162796625,0.7219280948873623,-2.438680512125293e-09,0.929
2879.9990000016987,1.1211538181202646e-05,0.010577019113783054,0.9987643439248814,-0.7896364724631714,0.7219280948873623,-2.4761043132127663e-09,0.929
2880.0009999983013,1.1153846515444538e-05,0.010531698185319665,1.0631873076687022,-0.7969743162796625,0.7219280948873623,-2.438683848922599e-09,0.929
2879.9990000016987,1.115384843276041e-05,0.010531698185319665,1.0631873076687022,-0.7969743162796625,0.7219280948873623,-2.43868658793151e-09,0.929
2880.0,1.1211538451502091e-05,0.010577019113783054,0.9987643439248814,-0.7896364724631714,0.7219280948873623,-2.4761011100703558e-09,0.929
2880.0010000020266,1.1153841074114938e-05,0.010531698185319665,1.0631873076687022,-0.7969743162796625,0.7219280948873623,-2.4386826536179806e-09,0.929
2880.0009999983013,1.1166663959387507e-05,0.010533597043112361,1.0457749629858615,-0.7841993389013665,0.7219280948873623,-2.376747859910735e-09,0.929
2880.0010000020266,1.1211538379920714e-05,0.010577019113783054,0.9987643439248814,-0.7896364724631714,0.7219280948873623,-2.4761030527032294e-09,0.929
2879.9989999979734,1.1224358919201446e-05,0.010578752289376981,0.9818782417659371,-0.7769523286040878,0.7219280948873623,-2.4141727223986425e-09,0.929
2880.002000000328,1.1256409678990065e-05,0.010666614583206106,1.1633919146164322,-0.8321939450455084,0.7219280948873623,-2.5599734432218054e-09,0.929
2880.0,1.1269229876547392e-05,0.01066802074738633,1.1463440102885603,-0.8196636283784412,0.7219280948873623,-2.4980352255605926e-09,0.929
2880.0009999983013,1.1301282575594789e-05,0.010686128079586722,1.1316820686271125,-0.8252828985060249,0.7219280948873623,-2.5328752026152917e-09,0.929
2880.0009999983013,1.1211538606500529e-05,0.010577019113783054,0.9987643439248814,-0.7896364724631714,0.7219280948873623,-2.476100265998984e-09,0.929
2880.0009999983013,1.1288461416081712e-05,0.010684568311354394,1.149054633716557,-0.8378268484796454,0.7219280948873623,-2.5948184425907553e-09,0.928
2880.0019999966025,1.121153499933585e-05,0.010577019113783054,0.9987643439248814,-0.7896364724631714,0.7219280948873623,-2.47610261731964e-09,0.929
2879.997999999672,1.1256412190317367e-05,0.010666614583206106,1.1633919146164322,-0.8321939450455084,0.7219280948873623,-2.5599783867355455e-09,0.928
2880.0,1.1269227232232664e-05,0.01066802074738633,1.1463440102885603,-0.8196636283784412,0.7219280948873623,-2.498039974070747e-09,0.928
2880.0010000020266,1.126923528926284e-05,0.01066802074738633,1.1463440102885603,-0.8196636283784412,0.7219280948873623,-2.4980360053620512e-09,0.928
2879.997999999672,1.1269229126877326e-05,0.01066802074738633,1.1463440102885603,-0.8196636283784412,0.7219280948873623,-2.498041633653691e-09,0.928
2880.0,1.126923169359928e-05,0.01066802074738633,1.1463440102885603,-0.8196636283784412,0.7219280948873623,-2.4980301296134228e-09,0.928
2880.002000000328,1.1269229257702832e-05,0.01066802074738633,1.1463440102885603,-0.8196636283784412,0.7219280948873623,-2.4980412644658356e-09,0.928
2880.0,1.1166664282025203e-05,0.010546247357867727,1.0060275828954932,-0.7633558285538211,0.7219280948873623,-2.332878350931472e-09,0.928
2880.0,1.1269235248183072e-05,0.01066802074738633,1.1463440102885603,-0.8196636283784412,0.7219280948873623,-2.49803998419181e-09,0.928
2880.002000000328,1.1269223064251207e-05,0.01066802074738633,1.1463440102885603,-0.8196636283784412,0.7219280948873623,-2.4980319476814588e-09,0.928
2880.002000000328,1.1269232234028845e-05,0.01066802074738633,1.1463440102885603,-0.8196636283784412,0.7219280948873623,-2.4980456912830648e-09,0.928
2880.0,1.1301284677168958e-05,0.010686128079586722,1.1316820686271125,-0.8252828985060249,0.7219280948873623,-2.5328725790371387e-09,0.928
2880.0,1.1269229270033045e-05,0.01066802074738633,1.1463440102885603,-0.8196636283784412,0.7219280948873623,-2.498038082259444e-09,0.928
2880.0010000020266,1.1269228850897075e-05,0.01066802074738633,1.1463440102885603,-0.8196636283784412,0.7219280948873623,-2.498034142963701e-09,0.928
2880.0,1.1269232127186012e-05,0.01066802074738633,1.1463440102885603,-0.8196636283784412,0.7219280948873623,-2.498044966816228e-09,0.928
2880.002000000328,1.1269229743737088e-05,0.01066802074738633,1.1463440102885603,-0.8196636283784412,0.7219280948873623,-2.4980374441987216e-09,0.928
2879.9989999979734,1.1230772641349678e-05,0.010645812948447474,1.1668728373703026,-0.8161686490693125,0.7219280948873623,-2.477394578875016e-09,0.928
2880.0009999983013,1.1230772191459192e-05,0.010636102042885127,1.1540824402829335,-0.7956344715498769,0.7219280948873623,-2.3844925258951255e-09,0.928
2879.9990000016987,1.1294875260181697e-05,0.010673175097723508,1.1231884392871354,-0.806465795943044,0.7219280948873623,-2.4515925873107593e-09,0.928
2880.0009999983013,1.1294875168134838e-05,0.010673175097723508,1.1231884392871354,-0.806465795943044,0.7219280948873623,-2.4515921076799237e-09,0.927
2880.0030000023544,1.1269232141815975e-05,0.01066802074738633,1.1463440102885603,-0.8196636283784412,0.7219280948873623,-2.4980390281647813e-09,0.927
2880.0009999983013,1.1269231793358426e-05,0.01066802074738633,1.1463440102885603,-0.8196636283784412,0.7219280948873623,-2.4980400105528516e-09,0.927
2879.997000001371,1.1256417286142428e-05,0.010650821564555412,1.1439378517312324,-0.8029706698649048,0.7219280948873623,-2.4309464008698394e-09,0.927
2879.997999999672,1.1269234695910472e-05,0.01066802074738633,1.1463440102885603,-0.8196636283784412,0.7219280948873623,-2.4980351548253625e-09,0.927
2879.997999999672,1.1205126917139145e-05,0.010631243263764205,1.1766822460372905,-0.808817193329394,0.7219280948873623,-2.430946257209961e-09,0.927
2880.0,1.1294874876053319e-05,0.010673175097723508,1.1231884392871354,-0.806465795943044,0.7219280948873623,-2.4515834027875165e-09,0.927
2880.0009999983013,1.1282047514608731e-05,0.010664270564209495,1.0982668601519432,-0.7829644988124993,0.7219280948873623,-2.3999733600436073e-09,0.927
2880.002000000328,1.1256407179305693e-05,0.010650821564555412,1.1439378517312324,-0.8029706698649048,0.7219280948873623,-2.4309425733717635e-09,0.927
2880.0,1.1282049440642049e-05,0.010664270564209495,1.0982668601519432,-0.7829644988124993,0.7219280948873623,-2.3999793058791846e-09,0.927
2880.0009999983013,1.1205130749494675e-05,0.010631243263764205,1.1766822460372905,-0.808817193329394,0.7219280948873623,-2.430942327392817e-09,0.927
2880.0010000020266,1.1269231280386696e-05,0.010658642815418156,1.1328489029976971,-0.7990768932262678,0.7219280948873623,-2.405137804682458e-09,0.927
2880.0,1.1269231959381104e-05,0.010658642815418156,1.1328489029976971,-0.7990768932262678,0.7219280948873623,-2.4051399181840994e-09,0.927
2880.0,1.12692353290489e-05,0.010658642815418156,1.1328489029976971,-0.7990768932262678,0.7219280948873623,-2.4051373181867877e-09,0.927
2880.002000000328,1.1230765301757172e-05,0.010636102042885127,1.1540824402829335,-0.7956344715498769,0.7219280948873623,-2.384488596272398e-09,0.927
2880.002999998629,1.123076824373613e-05,0.0106329676008158,1.1454072628881757,-0.7841494070596661,0.7219280948873623,-2.3173919781446514e-09,0.927
2880.0010000020266,1.1282052521846365e-05,0.010664270564209495,1.0982668601519432,-0.7829644988124993,0.7219280948873623,-2.3999702630270698e-09,0.927
2879.9989999979734,1.1230771590051155e-05,0.0106329676008158,1.1454072628881757,-0.7841494070596661,0.7219280948873623,-2.317393839375043e-09,0.927
2880.0,1.1352569952984115e-05,0.010743214912988835,1.091574775490657,-0.790795272641183,0.7219280948873623,-2.421919442911101e-09,0.927
2880.0,1.128205448700368e-05,0.010660988071781391,1.090022362408078,-0.7715378479951149,0.7219280948873623,-2.3328760834679463e-09,0.926
2880.0009999983013,1.1230768222535024e-05,0.010636102042885127,1.1540824402829335,-0.7956344715498769,0.7219280948873623,-2.384495124086874e-09,0.926
2880.002000000328,1.1230768922392427e-05,0.010636102042885127,1.1540824402829335,-0.7956344715498769,0.7219280948873623,-2.384485496636856e-09,0.926
2879.997000001371,1.1230767985680732e-05,0.010636102042885127,1.1540824402829335,-0.7956344715498769,0.7219280948873623,-2.384491603501241e-09,0.926
2880.0010000020266,1.1269228480258406e-05,0.010658642815418156,1.1328489029976971,-0.7990768932262678,0.7219280948873623,-2.4051404296164234e-09,0.926
2879.997999999672,1.1230775108459878e-05,0.010636102042885127,1.1540824402829335,-0.7956344715498769,0.7219280948873623,-2.3845002352076195e-09,0.926
2880.0010000020266,1.12307714810859e-05,0.010636102042885127,1.1540824402829335,-0.7956344715498769,0.7219280948873623,-2.384497304215539e-09,0.926
2880.0010000020266,1.123077068340712e-05,0.0106329676008158,1.1454072628881757,-0.7841494070596661,0.7219280948873623,-2.3173967642842276e-09,0.926
2880.0009999983013,1.1352561025209425e-05,0.010743214912988835,1.091574775490657,-0.790795272641183,0.7219280948873623,-2.421908939419752e-09,0.926
2880.0,1.1282048082986594e-05,0.010660988071781391,1.090022362408078,-0.7715378479951149,0.7219280948873623,-2.3328776651237584e-09,0.926
2880.0030000023544,1.1282050986008392e-05,0.010660988071781391,1.090022362408078,-0.7715378479951149,0.7219280948873623,-2.332880614700141e-09,0.926
2880.002000000328,1.1352566670506174e-05,0.010743214912988835,1.091574775490657,-0.790795272641183,0.7219280948873623,-2.4219081349060075e-09,0.926
2879.997999999672,1.1282049379328822e-05,0.010660988071781391,1.090022362408078,-0.7715378479951149,0.7219280948873623,-2.332880163684401e-09,0.926
2880.0010000020266,1.1230767251463998e-05,0.0106329676008158,1.1454072628881757,-0.7841494070596661,0.7219280948873623,-2.3173967220871233e-09,0.926
2880.002000000328,1.1282049751625967e-05,0.010664270564209495,1.0982668601519432,-0.7829644988124993,0.7219280948873623,-2.3999749168265062e-09,0.926
2880.0,1.1282055268052579e-05,0.010660988071781391,1.090022362408078,-0.7715378479951149,0.7219280948873623,-2.33287989880839e-09,0.926
2879.997999999672,1.1282048386729639e-05,0.010660988071781391,1.090022362408078,-0.7715378479951149,0.7219280948873623,-2.3328785760005253e-09,0.926
2880.0,1.1282049654478049e-05,0.010660988071781391,1.090022362408078,-0.7715378479951149,0.7219280948873623,-2.3328778631615094e-09,0.926
2880.002000000328,1.1352563142734515e-05,0.010743214912988835,1.091574775490657,-0.790795272641183,0.7219280948873623,-2.421908160252334e-09,0.926
2880.002000000328,1.1352568845629794e-05,0.010743214912988835,1.091574775490657,-0.790795272641183,0.7219280948873623,-2.4219123898626633e-09,0.926
2880.0,1.1352560052832002e-05,0.010743214912988835,1.091574775490657,-0.790795272641183,0.7219280948873623,-2.4219114071442986e-09,0.926
2880.0,1.1352564565816303e-05,0.010743214912988835,1.091574775490657,-0.790795272641183,0.7219280948873623,-2.4219088399630426e-09,0.926
2880.002000000328,1.1352565871700442e-05,0.010743214912988835,1.091574775490657,-0.790795272641183,0.7219280948873623,-2.4219130204161978e-09,0.925
2880.0010000020266,1.1282049765093054e-05,0.010660988071781391,1.090022362408078,-0.7715378479951149,0.7219280948873623,-2.3328849564482813e-09,0.925
2879.997000001371,1.1282050974499318e-05,0.010660988071781391,1.090022362408078,-0.7715378479951149,0.7219280948873623,-2.332880168026651e-09,0.925
2879.997999999672,1.1282051874395377e-05,0.010660988071781391,1.090022362408078,-0.7715378479951149,0.7219280948873623,-2.3328868825707445e-09,0.925
2879.9990000016987,1.128205515547632e-05,0.010660988071781391,1.090022362408078,-0.7715378479951149,0.7219280948873623,-2.332881284005144e-09,0.925
2879.9989999979734,1.1352563381301296e-05,0.010743214912988835,1.091574775490657,-0.790795272641183,0.7219280948873623,-2.421911130857669e-09,0.925
2880.0010000020266,1.12820502826866e-05,0.010660988071781391,1.090022362408078,-0.7715378479951149,0.7219280948873623,-2.332879071736159e-09,0.925
2880.0,1.1352564416241738e-05,0.010743214912988835,1.091574775490657,-0.790795272641183,0.7219280948873623,-2.4219150341391657e-09,0.925
2879.9969999976456,1.1282055882948366e-05,0.010660988071781391,1.090022362408078,-0.7715378479951149,0.7219280948873623,-2.3328801467917787e-09,0.925
2880.0,1.1352569384107087e-05,0.010743214912988835,1.091574775490657,-0.790795272641183,0.7219280948873623,-2.4219156828531e-09,0.925
2880.0010000020266,1.1352556286803382e-05,0.010743214912988835,1.091574775490657,-0.790795272641183,0.7219280948873623,-2.4219106739411664e-09,0.925
2880.0010000020266,1.1282047074597531e-05,0.010660988071781391,1.090022362408078,-0.7715378479951149,0.7219280948873623,-2.332875702325551e-09,0.925
2880.002000000328,1.1282045356003348e-05,0.010660988071781391,1.090022362408078,-0.7715378479951149,0.7219280948873623,-2.3328844636327687e-09,0.925
2879.9989999979734,1.1282052231077963e-05,0.010660988071781391,1.090022362408078,-0.7715378479951149,0.7219280948873623,-2.3328763999328123e-09,0.925
2880.002999998629,1.1282046388051979e-05,0.010660988071781391,1.090022362408078,-0.7715378479951149,0.7219280948873623,-2.3328741472752006e-09,0.925
2880.002000000328,1.1282049437680662e-05,0.010660988071781391,1.090022362408078,-0.7715378479951149,0.7219280948873623,-2.3328805755279858e-09,0.925
2879.997000001371,1.1352566652188538e-05,0.010743214912988835,1.091574775490657,-0.790795272641183,0.7219280948873623,-2.4219115897980383e-09,0.925
2880.0,1.133333022219915e-05,0.010731883960113079,1.0963452227619408,-0.7820823501350073,0.7219280948873623,-2.3664207605233057e-09,0.925
2880.0010000020266,1.1333329508521539e-05,0.010731883960113079,1.0963452227619408,-0.7820823501350073,0.7219280948873623,-2.366430039164722e-09,0.925
2880.0009999983013,1.1352563600409497e-05,0.010743214912988835,1.091574775490657,-0.790795272641183,0.7219280948873623,-2.421913691450262e-09,0.925
2880.0,1.1352562732882555e-05,0.010743214912988835,1.091574775490657,-0.790795272641183,0.7219280948873623,-2.4219117209263494e-09,0.925
2880.0,1.135255786223777e-05,0.010743214912988835,1.091574775490657,-0.790795272641183,0.7219280948873623,-2.421908637627443e-09,0.925
2880.0009999983013,1.1352561783436869e-05,0.010743214912988835,1.091574775490657,-0.790795272641183,0.7219280948873623,-2.421909791164717e-09,0.925
2880.0,1.1352562803811346e-05,0.010743214912988835,1.091574775490657,-0.790795272641183,0.7219280948873623,-2.421909138557131e-09,0.924
2880.0009999983013,1.1282048443112346e-05,0.010660988071781391,1.090022362408078,-0.7715378479951149,0.7219280948873623,-2.332875927592851e-09,0.924
2880.002000000328,1.1352561751702676e-05,0.010743214912988835,1.091574775490657,-0.790795272641183,0.7219280948873623,-2.4219030238650104e-09,0.924
2880.0,1.1282054953305503e-05,0.010660988071781391,1.090022362408078,-0.7715378479951149,0.7219280948873623,-2.3328830701636115e-09,0.924
2880.0010000020266,1.128205546201161e-05,0.010660988071781391,1.090022362408078,-0.7715378479951149,0.7219280948873623,-2.3328750374019148e-09,0.924
2880.0,1.1352558713991006e-05,0.010743214912988835,1.091574775490657,-0.790795272641183,0.7219280948873623,-2.421905422595699e-09,0.924
2880.002999998629,1.13333315085306e-05,0.010731883960113079,1.0963452227619408,-0.7820823501350073,0.7219280948873623,-2.366431393110619e-09,0.924
2880.002999998629,1.1352561006640215e-05,0.010743214912988835,1.091574775490657,-0.790795272641183,0.7219280948873623,-2.4219074222609746e-09,0.924
2880.002000000328,1.128205209449788e-05,0.010660988071781391,1.090022362408078,-0.7715378479951149,0.7219280948873623,-2.3328782265382393e-09,0.914
2759.997999999672,1.084782053652543e-05,0.009921430471897424,1.2387745824328125,-1.0056203535516754,0.7382848661434506,-3.220961541157522e-09,0.914
2760.0,1.0847828570127617e-05,0.009921430471897424,1.2387745824328125,-1.0056203535516754,0.7382848661434506,-3.220962282478586e-09,0.915
2759.997999999672,1.0880438046628809e-05,0.009941039953763291,1.2241696294937645,-1.0104533472101036,0.7382848661434506,-3.2647778474971886e-09,0.917
2760.0009999983013,1.0804347512911666e-05,0.009899494936611623,1.2739295997267384,-1.018186830338452,0.7382848661434506,-3.287473897612648e-09,0.917
2759.997999999672,1.080072906426776e-05,0.009892813230986805,1.2662450156875522,-1.0068100340047017,0.7382848661434506,-3.212000488057775e-09,0.918
2760.0,1.0862324835316447e-05,0.009938579492001843,1.1867830292507708,-0.9951103577153624,0.7382848661434506,-3.2505238356057777e-09,0.919
2759.997000001371,1.0862319408427132e-05,0.009938579492001843,1.1867830292507708,-0.9951103577153624,0.7382848661434506,-3.250529779706444e-09,0.919
2760.0009999983013,1.086231878723671e-05,0.009938579492001843,1.1867830292507708,-0.9951103577153624,0.7382848661434506,-3.250522661691848e-09,0.919
2760.002000000328,1.0862319103963314e-05,0.009938579492001843,1.1867830292507708,-0.9951103577153624,0.7382848661434506,-3.2505231311756653e-09,0.919
2759.997999999672,1.0862314986958678e-05,0.009938579492001843,1.1867830292507708,-0.9951103577153624,0.7382848661434506,-3.2505143202881926e-09,0.92
2759.9990000016987,1.086231874374448e-05,0.009938579492001843,1.1867830292507708,-0.9951103577153624,0.7382848661434506,-3.250523482981704e-09,0.92
2759.997000001371,1.086231768358211e-05,0.009938579492001843,1.1867830292507708,-0.9951103577153624,0.7382848661434506,-3.2505264394955148e-09,0.92
2760.002000000328,1.0862315718965188e-05,0.009938579492001843,1.1867830292507708,-0.9951103577153624,0.7382848661434506,-3.250525734675124e-09,0.92
2760.002999998629,1.094565283560587e-05,0.010053390083644016,1.3662130682232414,-1.0455769338937293,0.7382848661434506,-3.3840720239470405e-09,0.92
2760.0009999983013,1.0945653084117877e-05,0.010053390083644016,1.3662130682232414,-1.0455769338937293,0.7382848661434506,-3.384062990148404e-09,0.92
2760.0,1.0945655532844063e-05,0.010053390083644016,1.3662130682232414,-1.0455769338937293,0.7382848661434506,-3.3840740377064073e-09,0.92
2759.9989999979734,1.0999999718176675e-05,0.010080832723827721,1.2994561592248308,-1.029190496474113,0.7382848661434506,-3.3972682151523003e-09,0.921
2759.9969999976456,1.0945651068592303e-05,0.010053390083644016,1.3662130682232414,-1.0455769338937293,0.7382848661434506,-3.3840678078735377e-09,0.921
2759.9989999979734,1.0999999655771189e-05,0.010080832723827721,1.2994561592248308,-1.029190496474113,0.7382848661434506,-3.39727549168548e-09,0.921
2760.0009999983013,1.0945651873797659e-05,0.010053390083644016,1.3662130682232414,-1.0455769338937293,0.7382848661434506,-3.3840685934343683e-09,0.921
2760.0010000020266,1.0945654007547877e-05,0.010053390083644016,1.3662130682232414,-1.0455769338937293,0.7382848661434506,-3.3840690327702902e-09,0.921
2760.0030000023544,1.0999993240730366e-05,0.010080832723827721,1.2994561592248308,-1.029190496474113,0.7382848661434506,-3.3972626983077162e-09,0.921
2759.997000001371,1.0945649763735066e-05,0.010053390083644016,1.3662130682232414,-1.0455769338937293,0.7382848661434506,-3.3840641502849344e-09,0.921
2760.0,1.097463419554245e-05,0.010064916106549665,1.308081926975099,-1.0224202971115381,0.7382848661434506,-3.3407902637096026e-09,0.921
2760.0009999983013,1.0945654911738904e-05,0.010053390083644016,1.3662130682232414,-1.0455769338937293,0.7382848661434506,-3.3840754378832855e-09,0.921
2760.0009999983013,1.1000000349818066e-05,0.010080832723827721,1.2994561592248308,-1.029190496474113,0.7382848661434506,-3.3972660019980363e-09,0.921
2759.9989999979734,1.1000002460934036e-05,0.010080832723827721,1.2994561592248308,-1.029190496474113,0.7382848661434506,-3.3972721473515563e-09,0.921
2759.9969999976456,1.1000001656582697e-05,0.010080832723827721,1.2994561592248308,-1.029190496474113,0.7382848661434506,-3.397270553806496e-09,0.921
2759.9989999979734,1.0974640593063431e-05,0.010064916106549665,1.308081926975099,-1.0224202971115381,0.7382848661434506,-3.3407896037722847e-09,0.921
2760.0,1.1000004244347329e-05,0.010080832723827721,1.2994561592248308,-1.029190496474113,0.7382848661434506,-3.3972647540567247e-09,0.921
2760.002000000328,1.0999996923085654e-05,0.010080832723827721,1.2994561592248308,-1.029190496474113,0.7382848661434506,-3.397260776955768e-09,0.921
2760.0,1.1000001511661057e-05,0.010080832723827721,1.2994561592248308,-1.029190496474113,0.7382848661434506,-3.3972709248078936e-09,0.921
2760.0,1.1000003877603855e-05,0.010080832723827721,1.2994561592248308,-1.029190496474113,0.7382848661434506,-3.3972642375143e-09,0.921
2760.0009999983013,1.0999997621155052e-05,0.010080832723827721,1.2994561592248308,-1.029190496474113,0.7382848661434506,-3.3972695687742074e-09,0.921
2760.0,1.1000000981865718e-05,0.010080832723827721,1.2994561592248308,-1.029190496474113,0.7382848661434506,-3.397262818668428e-09,0.921
2759.9990000016987,1.0974633391922606e-05,0.010064916106549665,1.308081926975099,-1.0224202971115381,0.7382848661434506,-3.340794795573115e-09,0.921
2760.002000000328,1.0974642811877851e-05,0.010064916106549665,1.308081926975099,-1.0224202971115381,0.7382848661434506,-3.340788894925191e-09,0.921
2759.9989999979734,1.1050723647837958e-05,0.010152104086902564,1.3045540644989861,-1.0388779223808204,0.7382848661434506,-3.4394974449088274e-09,0.921
2759.9990000016987,1.0974639530640271e-05,0.010064916106549665,1.308081926975099,-1.0224202971115381,0.7382848661434506,-3.3407893158357956e-09,0.921
2760.0,1.097463763173286e-05,0.010064916106549665,1.308081926975099,-1.0224202971115381,0.7382848661434506,-3.340783842118106e-09,0.92
2760.0,1.099999920770474e-05,0.010080832723827721,1.2994561592248308,-1.029190496474113,0.7382848661434506,-3.3972750206629954e-09,0.92
2759.997000001371,1.0999994174696371e-05,0.010080832723827721,1.2994561592248308,-1.029190496474113,0.7382848661434506,-3.3972607210602712e-09,0.92
2760.002000000328,1.0999996580505843e-05,0.010080832723827721,1.2994561592248308,-1.029190496474113,0.7382848661434506,-3.3972626501346335e-09,0.92
2760.0010000020266,1.0974633556940873e-05,0.010064916106549665,1.308081926975099,-1.0224202971115381,0.7382848661434506,-3.3407849327250737e-09,0.92
2759.9990000016987,1.0999996009245368e-05,0.010080832723827721,1.2994561592248308,-1.029190496474113,0.7382848661434506,-3.397266948243572e-09,0.92
2760.0010000020266,1.0974627848503165e-05,0.010064916106549665,1.308081926975099,-1.0224202971115381,0.7382848661434506,-3.3407876235295786e-09,0.92
2759.9989999979734,1.0974638815086773e-05,0.010064916106549665,1.308081926975099,-1.0224202971115381,0.7382848661434506,-3.3407937090583188e-09,0.92
2760.0009999983013,1.0974634064189312e-05,0.010064916106549665,1.308081926975099,-1.0224202971115381,0.7382848661434506,-3.3407874707489853e-09,0.92
2759.997999999672,1.1000001536617106e-05,0.010080832723827721,1.2994561592248308,-1.029190496474113,0.7382848661434506,-3.397266538325935e-09,0.92
2760.002000000328,1.105073458437297e-05,0.010152104086902564,1.3045540644989861,-1.0388779223808204,0.7382848661434506,-3.439501042909364e-09,0.92
3000.6259999983013,1.2150423743315883e-05,0.011581345025619251,0.9692341833690774,-1.1253230179200675,4.327023214309731,-4.494070972148012e-09,0.928
3030.6359999999404,1.2161740070707522e-05,0.011695159256864561,0.9292899462889359,-1.108493630481233,4.354546589957775,-4.4012461127516135e-09,0.929
3030.642000000924,1.2181690803873363e-05,0.011724890848048203,0.9463823736117085,-1.118142538924586,4.281259536149984,-4.4613978567139525e-09,0.93
3030.642000000924,1.2181690803873363e-05,0.011724890848048203,0.9463823736117085,-1.118142538924586,4.281259536149984,-4.4613978567139525e-09,0.93
3020.3589999973774,1.1416154871267382e-05,0.010741089978330114,0.7440074777383243,-0.7522754838932669,4.336838573299764,-2.456266064617085e-09,0.939
3020.3589999973774,1.1416154871267382e-05,0.010741089978330114,0.7440074777383243,-0.7522754838932669,4.336838573299764,-2.456266064617085e-09,0.939
3070.3289999999106,1.2061670010592499e-05,0.011693964014193103,0.8964622205264217,-1.0180387232705186,4.307955157246673,-3.807317257909682e-09,0.941
3070.3289999999106,1.2061670010592499e-05,0.011693964014193103,0.8964622205264217,-1.0180387232705186,4.307955157246673,-3.807317257909682e-09,0.941
2879.9989999979734,1.1115383846963959e-05,0.010521723559696175,1.094370713364543,-0.8109010987950237,0.7219280948873623,-2.459330137872773e-09,0.932
2880.0,1.1115385685726225e-05,0.010521723559696175,1.094370713364543,-0.8109010987950237,0.7219280948873623,-2.4593316893400326e-09,0.932
2880.0009999983013,1.1115384623267454e-05,0.010521723559696175,1.094370713364543,-0.8109010987950237,0.7219280948873623,-2.4593272365483037e-09,0.931
2880.002000000328,1.1115382412710176e-05,0.010521723559696175,1.094370713364543,-0.8109010987950237,0.7219280948873623,-2.4593308983253264e-09,0.931
2880.002000000328,1.111538469459455e-05,0.010521723559696175,1.094370713364543,-0.8109010987950237,0.7219280948873623,-2.459326260287198e-09,0.931
2880.0009999983013,1.111538410683037e-05,0.010521723559696175,1.094370713364543,-0.8109010987950237,0.7219280948873623,-2.4593298708802944e-09,0.931
2880.0019999966025,1.1115384864388483e-05,0.010521723559696175,1.094370713364543,-0.8109010987950237,0.7219280948873623,-2.4593295446431096e-09,0.93
2879.9990000016987,1.1115386985529e-05,0.010521723559696175,1.094370713364543,-0.8109010987950237,0.7219280948873623,-2.4593343128268914e-09,0.93
2880.0010000020266,1.1083333016016119e-05,0.010503967504392435,1.1087569099430103,-0.8049443867064994,0.7219280948873623,-2.4244876375177948e-09,0.93
2880.0,1.1134614842937612e-05,0.010515544049960779,1.060722342222812,-0.7782593295731088,0.7219280948873623,-2.3419121350032636e-09,0.93
2879.997999999672,1.1121799172985644e-05,0.010513800454640504,1.0778039391479899,-0.7910223425501601,0.7219280948873623,-2.4038512598519917e-09,0.929
2880.0010000020266,1.112179246260018e-05,0.010513800454640504,1.0778039391479899,-0.7910223425501601,0.7219280948873623,-2.403842747995799e-09,0.929
2880.0009999983013,1.113461429758104e-05,0.010515544049960779,1.060722342222812,-0.7782593295731088,0.7219280948873623,-2.3419123256052867e-09,0.929
2880.0,1.1134614534429262e-05,0.010515544049960779,1.060722342222812,-0.7782593295731088,0.7219280948873623,-2.3419097755148494e-09,0.929
2880.0,1.1134617318206678e-05,0.010515544049960779,1.060722342222812,-0.7782593295731088,0.7219280948873623,-2.3419156442189116e-09,0.929
2879.9990000016987,1.1134612812536714e-05,0.010515544049960779,1.060722342222812,-0.7782593295731088,0.7219280948873623,-2.341911948670068e-09,0.929
2879.9990000016987,1.1134616633867825e-05,0.010515544049960779,1.060722342222812,-0.7782593295731088,0.7219280948873623,-2.3419133573942685e-09,0.928
2879.9989999979734,1.10705109957138e-05,0.010478867623300978,1.0916506855379904,-0.7667741065784279,0.7219280948873623,-2.2748178375539985e-09,0.928
2880.002000000328,1.1096155543712643e-05,0.010484114968210981,1.0689830589220284,-0.7534036494491279,0.7219280948873623,-2.2283676609037537e-09,0.928
2880.0,1.1096151954053285e-05,0.010484114968210981,1.0689830589220284,-0.7534036494491279,0.7219280948873623,-2.2283620365141248e-09,0.928
2880.0009999983013,1.1096149487428399e-05,0.010484114968210981,1.0689830589220284,-0.7534036494491279,0.7219280948873623,-2.228363227040534e-09,0.928
2879.9990000016987,1.1096153224600187e-05,0.01048125310574387,1.060381071627793,-0.7416439706053666,0.7219280948873623,-2.1612641130604123e-09,0.928
2879.997999999672,1.109616044526552e-05,0.01048125310574387,1.060381071627793,-0.7416439706053666,0.7219280948873623,-2.1612736403060055e-09,0.928
2880.0009999983013,1.1153847179651609e-05,0.010528849256526822,1.0049340210038888,-0.746326693597452,0.7219280948873623,-2.265785965754166e-09,0.927
2880.0,1.1153845919781212e-05,0.010525841217372229,0.9966695135441515,-0.7346483075307806,0.7219280948873623,-2.1986877814665185e-09,0.927
2879.9990000016987,1.1153845999655563e-05,0.010525841217372229,0.9966695135441515,-0.7346483075307806,0.7219280948873623,-2.198684507098486e-09,0.927
2880.0,1.1153844063435748e-05,0.010525841217372229,0.9966695135441515,-0.7346483075307806,0.7219280948873623,-2.1986854047926412e-09,0.927
2879.9989999979734,1.1153846766923065e-05,0.010525841217372229,0.9966695135441515,-0.7346483075307806,0.7219280948873623,-2.198687638480801e-09,0.927
2879.997999999672,1.1153844549626214e-05,0.010525841217372229,0.9966695135441515,-0.7346483075307806,0.7219280948873623,-2.198686915751968e-09,0.927
2880.002999998629,1.115384615416078e-05,0.010525841217372229,0.9966695135441515,-0.7346483075307806,0.7219280948873623,-2.198681476237928e-09,0.927
2880.0,1.1153848635092847e-05,0.010525841217372229,0.9966695135441515,-0.7346483075307806,0.7219280948873623,-2.198687472050048e-09,0.927
2880.002000000328,1.1211540000730885e-05,0.010621832861297144,1.1502605016763345,-0.7752491653986537,0.7219280948873623,-2.2619118170172615e-09,0.926
2880.0,1.1134613958082301e-05,0.010514751542475876,1.0017639427230716,-0.725483220638643,0.7219280948873623,-2.1432040618336465e-09,0.926
2880.0009999983013,1.1153847828233517e-05,0.010525841217372229,0.9966695135441515,-0.7346483075307806,0.7219280948873623,-2.1986876301478126e-09,0.926
2880.0010000020266,1.11538457605105e-05,0.010525841217372229,0.9966695135441515,-0.7346483075307806,0.7219280948873623,-2.1986895782207777e-09,0.926
2879.9989999979734,1.1153846025472521e-05,0.010525841217372229,0.9966695135441515,-0.7346483075307806,0.7219280948873623,-2.1986903521697494e-09,0.926
2880.0,1.1153849485365048e-05,0.010525841217372229,0.9966695135441515,-0.7346483075307806,0.7219280948873623,-2.1986875022222977e-09,0.926
2880.0009999983013,1.115384467307161e-05,0.010525841217372229,0.9966695135441515,-0.7346483075307806,0.7219280948873623,-2.198688128009729e-09,0.926
2880.0009999983013,1.1153847378022373e-05,0.010525841217372229,0.9966695135441515,-0.7346483075307806,0.7219280948873623,-2.198686636549384e-09,0.926
2880.0,1.1134614082176509e-05,0.010514751542475876,1.0017639427230716,-0.725483220638643,0.7219280948873623,-2.1432016949021876e-09,0.926
2879.9990000016987,1.115384851115702e-05,0.010525841217372229,0.9966695135441515,-0.7346483075307806,0.7219280948873623,-2.1986883139319895e-09,0.925
2880.002000000328,1.1134614928242109e-05,0.010514751542475876,1.0017639427230716,-0.725483220638643,0.7219280948873623,-2.1431998748488486e-09,0.925
2879.9989999979734,1.1211537148169773e-05,0.010621832861297144,1.1502605016763345,-0.7752491653986537,0.7219280948873623,-2.2619107211203074e-09,0.925
2880.005000002682,1.1230763031516823e-05,0.0106329676008158,1.1454072628881757,-0.7841494070596661,0.7219280948873623,-2.317389640802796e-09,0.926
2880.002000000328,1.1230768452118638e-05,0.0106329676008158,1.1454072628881757,-0.7841494070596661,0.7219280948873623,-2.317395294028329e-09,0.925
2880.002000000328,1.115384458213403e-05,0.010525841217372229,0.9966695135441515,-0.7346483075307806,0.7219280948873623,-2.1986800726643e-09,0.925
2879.9989999979734,1.1153841888197058e-05,0.010525841217372229,0.9966695135441515,-0.7346483075307806,0.7219280948873623,-2.1986804228061783e-09,0.925
2880.0009999983013,1.1153846884420254e-05,0.010525841217372229,0.9966695135441515,-0.7346483075307806,0.7219280948873623,-2.198693225111741e-09,0.925
2880.002999998629,1.1153844580839191e-05,0.010525841217372229,0.9966695135441515,-0.7346483075307806,0.7219280948873623,-2.1986885593982544e-09,0.925
2880.002999998629,1.115384299767194e-05,0.010525841217372229,0.9966695135441515,-0.7346483075307806,0.7219280948873623,-2.1986795990136694e-09,0.925
2879.9989999979734,1.1153847129818892e-05,0.010525841217372229,0.9966695135441515,-0.7346483075307806,0.7219280948873623,-2.198684858378451e-09,0.925
2879.9989999979734,1.1211535045841264e-05,0.010621832861297144,1.1502605016763345,-0.7752491653986537,0.7219280948873623,-2.261911785900914e-09,0.925
2880.0009999983013,1.1153845138375645e-05,0.010525841217372229,0.9966695135441515,-0.7346483075307806,0.7219280948873623,-2.198685755782213e-09,0.925
2880.0010000020266,1.1211535948780991e-05,0.010621832861297144,1.1502605016763345,-0.7752491653986537,0.7219280948873623,-2.2619071092740157e-09,0.925
2879.997999999672,1.12307752241839e-05,0.0106329676008158,1.1454072628881757,-0.7841494070596661,0.7219280948873623,-2.317399358010576e-09,0.925
2879.9990000016987,1.113461444410337e-05,0.010514751542475876,1.0017639427230716,-0.725483220638643,0.7219280948873623,-2.143207126880032e-09,0.924
2879.997999999672,1.1230766299446965e-05,0.0106329676008158,1.1454072628881757,-0.7841494070596661,0.7219280948873623,-2.3173894608495952e-09,0.924
2880.0,1.1115386668621515e-05,0.010521723559696173,1.0943707133644391,-0.8109010987949209,0.7219280948873623,-2.45933098588806e-09,0.924
2880.0,1.1134617201328559e-05,0.010506664551607172,1.0474060699474848,-0.7571618558894431,0.7219280948873623,-2.249010498697507e-09,0.924
2880.0010000020266,1.1153844727466591e-05,0.010525841217372224,0.9966695135440609,-0.7346483075306783,0.7219280948873623,-2.198693104131963e-09,0.924
2880.0009999983013,1.1262819268233454e-05,0.010649726131063887,1.0950571353794478,-0.7626698195745202,0.7219280948873623,-2.2773947611718927e-09,0.924
2880.0030000023544,1.1217945720057694e-05,0.010622617379911527,1.1220522421327832,-0.7616507828360873,0.7219280948873623,-2.2735263026467755e-09,0.924
2880.0010000020266,1.1288465546329483e-05,0.010704827571396543,1.1227436984145793,-0.781186581401883,0.7219280948873623,-2.362557986505609e-09,0.923
2880.0,1.1288466653257585e-05,0.010704827571396543,1.1227436984145793,-0.781186581401883,0.7219280948873623,-2.3625612240329954e-09,0.924
2879.9989999979734,1.1288463366022013e-05,0.010704827571396543,1.1227436984145793,-0.781186581401883,0.7219280948873623,-2.362562835949499e-09,0.924
2880.0009999983013,1.1288457158841252e-05,0.010704827571396543,1.1227436984145793,-0.781186581401883,0.7219280948873623,-2.3625601701910703e-09,0.924
2880.0,1.1288464676097133e-05,0.010704827571396543,1.1227436984145793,-0.781186581401883,0.7219280948873623,-2.3625560455917656e-09,0.924
2879.9969999976456,1.1333334282034436e-05,0.010720385565205433,1.083885245286032,-0.7674147063837033,0.7950402793845223,-2.3586907192642362e-09,0.924
2880.0010000020266,1.1262829159752373e-05,0.010673175097723503,1.1196960963843292,-0.7648953940903533,0.7950402793845223,-2.3341726414774494e-09,0.923
2880.002000000328,1.1262810085457529e-05,0.010673175097723503,1.1196960963843292,-0.7648953940903533,0.7950402793845223,-2.334164264901508e-09,0.923
2880.0040000006557,1.1262820289998751e-05,0.010673175097723503,1.1196960963843292,-0.7648953940903533,0.7950402793845223,-2.3341639016799614e-09,0.923
2880.002999998629,1.1262822095646839e-05,0.010673175097723503,1.1196960963843292,-0.7648953940903533,0.7950402793845223,-2.3341683558175024e-09,0.923
2880.0009999983013,1.1288461026775103e-05,0.010675985512666505,1.0882932315805576,-0.7399660059724756,0.7950402793845223,-2.2128811727956723e-09,0.923
2880.002000000328,1.1288461918943133e-05,0.010675985512666505,1.0882932315805576,-0.7399660059724756,0.7950402793845223,-2.2128797643098435e-09,0.923
2880.0010000020266,1.1288456513712072e-05,0.010675985512666505,1.0882932315805576,-0.7399660059724756,0.7950402793845223,-2.2128821565565766e-09,0.923
2879.9989999979734,1.128846533051227e-05,0.010675985512666505,1.0882932315805576,-0.7399660059724756,0.7950402793845223,-2.21288405727153e-09,0.923
2879.9989999979734,1.1288455319997464e-05,0.010675985512666505,1.0882932315805576,-0.7399660059724756,0.7950402793845223,-2.2128839596958707e-09,0.923
2879.9990000016987,1.1288462522336016e-05,0.010675985512666505,1.0882932315805576,-0.7399660059724756,0.7950402793845223,-2.212879641808705e-09,0.923
2880.002000000328,1.1288461184312047e-05,0.010675985512666505,1.0882932315805576,-0.7399660059724756,0.7950402793845223,-2.2128763427170626e-09,0.923
2880.0,1.1288462412865298e-05,0.010675985512666505,1.0882932315805576,-0.7399660059724756,0.7950402793845223,-2.212888333478977e-09,0.923
2880.0,1.1320514163351925e-05,0.010683008315388745,1.063599572163298,-0.7266764530871507,0.7950402793845223,-2.1780476984658877e-09,0.923
2880.002000000328,1.1384612617671728e-05,0.01074430081485058,1.0125212717752792,-0.729457440190146,0.7950402793845223,-2.2399765539876637e-09,0.923
2880.0010000020266,1.1384621065724795e-05,0.01074430081485058,1.0125212717752792,-0.729457440190146,0.7950402793845223,-2.2399767983814083e-09,0.923
2879.997999999672,1.138461577167882e-05,0.01074430081485058,1.0125212717752792,-0.729457440190146,0.7950402793845223,-2.2399786591136505e-09,0.922
2879.9989999979734,1.1384615523157376e-05,0.01074430081485058,1.0125212717752792,-0.729457440190146,0.7950402793845223,-2.2399801373676633e-09,0.922
2880.0,1.1384614387382927e-05,0.01074430081485058,1.0125212717752792,-0.729457440190146,0.7950402793845223,-2.2399800487669636e-09,0.922
2880.0009999983013,1.1384617688013466e-05,0.01074430081485058,1.0125212717752792,-0.729457440190146,0.7950402793845223,-2.2399775444803863e-09,0.922
2880.0010000020266,1.138461494852357e-05,0.01074430081485058,1.0125212717752792,-0.729457440190146,0.7950402793845223,-2.2399697774529115e-09,0.922
2880.0040000006557,1.1384610903328388e-05,0.01074430081485058,1.0125212717752792,-0.729457440190146,0.7950402793845223,-2.2399741884090016e-09,0.922
2880.0009999983013,1.1384610903332663e-05,0.01074430081485058,1.0125212717752792,-0.729457440190146,0.7950402793845223,-2.2399821610657226e-09,0.922
2879.9990000016987,1.1384615764105051e-05,0.01074430081485058,1.0125212717752792,-0.729457440190146,0.7950402793845223,-2.23997804838629e-09,0.922
2880.0,1.1384610728622973e-05,0.01074430081485058,1.0125212717752792,-0.729457440190146,0.7950402793845223,-2.2399732033913126e-09,0.922
2879.9990000016987,1.1384618405465465e-05,0.01074430081485058,1.0125212717752792,-0.729457440190146,0.7950402793845223,-2.239980718573572e-09,0.922
2880.0,1.13846182401263e-05,0.01074430081485058,1.0125212717752792,-0.729457440190146,0.7950402793845223,-2.239976887570955e-09,0.908
2760.0,1.0920292331439018e-05,0.009921065277069945,1.060645991400147,-0.9097761136121736,0.7382848661434506,-2.9602049314254576e-09,0.908
2760.0,1.0775360862961206e-05,0.009877143869281832,1.2748539014475577,-0.9996678367951635,0.7382848661434506,-3.155504435164326e-09,0.909
2760.0,1.0764499668613492e-05,0.009877418984588045,1.2298652416856468,-0.9837005049106342,0.7382848661434506,-3.141263229965119e-09,0.91
2760.0,1.0836959095809554e-05,0.009922799832796082,1.195266687684553,-0.9880049607684958,0.7382848661434506,-3.194048514732115e-09,0.911
2760.0,1.0782606057338144e-05,0.00988924170243979,1.2278645913964592,-0.9928743660889147,0.7382848661434506,-3.2072440876103666e-09,0.912
2760.002000000328,1.081884909884102e-05,0.009904983374654031,1.1645154009389955,-0.9675520338929459,0.7382848661434506,-3.15445324527569e-09,0.913
2760.0010000020266,1.0818837803197806e-05,0.009904983374654031,1.1645154009389955,-0.9675520338929459,0.7382848661434506,-3.1544507088147383e-09,0.913
2760.002000000328,1.0902175930960314e-05,0.010019455711445696,1.3431009023318143,-1.0186467952059357,0.7382848661434506,-3.2879994220451442e-09,0.914
2760.0030000023544,1.0902174462642378e-05,0.010019455711445696,1.3431009023318143,-1.0186467952059357,0.7382848661434506,-3.288000492373842e-09,0.914
2759.997000001371,1.0971011169305109e-05,0.010030027381585803,1.2645839628464257,-0.9762217136124455,0.7382848661434506,-3.1375625715471294e-09,0.914
2759.997000001371,1.0967392486689916e-05,0.010033909897247714,1.276749950809144,-0.9885492016109645,0.7382848661434506,-3.21305333126585e-09,0.915
2760.0010000020266,1.1025365193046714e-05,0.010120201493096273,1.2937031966357173,-1.019076437292698,0.7382848661434506,-3.3777403084781683e-09,0.915
2759.9990000016987,1.1043474831748896e-05,0.010120649002503868,1.2730233214035254,-1.005480960799072,0.7382848661434506,-3.3117491991979744e-09,0.915
2760.0,1.100000315860218e-05,0.010103450407901546,1.3044888979164035,-1.0094287376742401,0.7382848661434506,-3.2452510792360912e-09,0.915
2760.0,1.1047100209370047e-05,0.010116620705193612,1.260891115315954,-0.9933302266026497,0.7382848661434506,-3.2362716792795162e-09,0.915
2759.9969999976456,1.1047100113735098e-05,0.010116620705193612,1.260891115315954,-0.9933302266026497,0.7382848661434506,-3.2362752377094854e-09,0.916
2760.002000000328,1.1047101128313019e-05,0.010116620705193612,1.260891115315954,-0.9933302266026497,0.7382848661434506,-3.2362809543283117e-09,0.916
2760.0009999983013,1.1047104328765907e-05,0.010116620705193612,1.260891115315954,-0.9933302266026497,0.7382848661434506,-3.2362742630063395e-09,0.916
2760.0,1.1079707301172233e-05,0.01012100699578328,1.2334666549144426,-0.9787262598947368,0.7382848661434506,-3.1924617112717595e-09,0.916
2760.0010000020266,1.1047099122259379e-05,0.010116620705193612,1.260891115315954,-0.9933302266026497,0.7382848661434506,-3.2362703743346587e-09,0.916
2759.9989999979734,1.0978261033911897e-05,0.010069324920163448,1.3007237838494063,-1.0105988963370507,0.7382848661434506,-3.3033097383218295e-09,0.916
2759.9989999979734,1.0978255750872868e-05,0.010069324920163448,1.3007237838494063,-1.0105988963370507,0.7382848661434506,-3.303316969305289e-09,0.916
2760.0,1.0978264907039483e-05,0.010069324920163448,1.3007237838494063,-1.0105988963370507,0.7382848661434506,-3.3033072621263567e-09,0.916
2760.0030000023544,1.1047098409378975e-05,0.010116620705193612,1.260891115315954,-0.9933302266026497,0.7382848661434506,-3.2362682030748622e-09,0.916
2759.9990000016987,1.1047106776402713e-05,0.010116620705193612,1.260891115315954,-0.9933302266026497,0.7382848661434506,-3.2362760750395793e-09,0.916
2759.9989999979734,1.1047098163696999e-05,0.010116620705193612,1.260891115315954,-0.9933302266026497,0.7382848661434506,-3.236273104504757e-09,0.916
2759.9989999979734,1.1010874563575354e-05,0.01007355196915968,1.2730575363660819,-0.9959411518869936,0.7382848661434506,-3.2595029267462575e-09,0.916
2760.0009999983013,1.097826061278125e-05,0.010069324920163448,1.3007237838494063,-1.0105988963370507,0.7382848661434506,-3.303311135475336e-09,0.916
2760.0,1.1010868204367521e-05,0.01007355196915968,1.2730575363660819,-0.9959411518869936,0.7382848661434506,-3.25949729464878e-09,0.916
2759.9990000016987,1.1010870279803117e-05,0.01007355196915968,1.2730575363660819,-0.9959411518869936,0.7382848661434506,-3.2595013662444113e-09,0.916
2760.0,1.1010864556536675e-05,0.01007355196915968,1.2730575363660819,-0.9959411518869936,0.7382848661434506,-3.2594954170726856e-09,0.916
2760.0010000020266,1.1010862971495787e-05,0.01007355196915968,1.2730575363660819,-0.9959411518869936,0.7382848661434506,-3.25949362254949e-09,0.916
2759.9989999979734,1.1047094855662305e-05,0.010116620705193612,1.260891115315954,-0.9933302266026497,0.7382848661434506,-3.236271166693442e-09,0.916
2759.9989999979734,1.1047105594373986e-05,0.010116620705193612,1.260891115315954,-0.9933302266026497,0.7382848661434506,-3.2362789427117186e-09,0.916
2759.9989999979734,1.1028989558222726e-05,0.01011635209500655,1.2810054227708942,-1.0068772678471252,0.7382848661434506,-3.3022570401880324e-09,0.916
2760.002000000328,1.1043476106286092e-05,0.010120649002503868,1.2730233214035254,-1.005480960799072,0.7382848661434506,-3.3117529235572187e-09,0.916
2759.9989999979734,1.0978260583376218e-05,0.010069324920163448,1.3007237838494063,-1.0105988963370507,0.7382848661434506,-3.3033117350569892e-09,0.916
2759.9989999979734,1.0978257787227163e-05,0.010069324920163448,1.3007237838494063,-1.0105988963370507,0.7382848661434506,-3.3033103744365526e-09,0.916
2759.997999999672,1.0978259426050726e-05,0.010069324920163448,1.3007237838494063,-1.0105988963370507,0.7382848661434506,-3.30331259282208e-09,0.916
2760.0040000006557,1.097825974688008e-05,0.010069324920163448,1.3007237838494063,-1.0105988963370507,0.7382848661434506,-3.3033117722478328e-09,0.916
2760.0009999983013,1.0978261451888712e-05,0.010069324920163448,1.3007237838494063,-1.0105988963370507,0.7382848661434506,-3.303310585384194e-09,0.916
2759.997999999672,1.1010867011629906e-05,0.01007355196915968,1.2730575363660819,-0.9959411518869936,0.7382848661434506,-3.2594945124233574e-09,0.916
2759.9990000016987,1.1010867441691922e-05,0.01007355196915968,1.2730575363660819,-0.9959411518869936,0.7382848661434506,-3.259498552231166e-09,0.916
2760.0009999983013,1.1010868509541249e-05,0.01007355196915968,1.2730575363660819,-0.9959411518869936,0.7382848661434506,-3.259499304715775e-09,0.916
2759.9989999979734,1.1047099388863397e-05,0.010116620705193612,1.260891115315954,-0.9933302266026497,0.7382848661434506,-3.236279757973966e-09,0.916
2760.002000000328,1.0978260458397448e-05,0.010069324920163448,1.3007237838494063,-1.0105988963370507,0.7382848661434506,-3.3033021802390363e-09,0.916
2759.997999999672,1.0978263769146123e-05,0.010069324920163448,1.3007237838494063,-1.0105988963370507,0.7382848661434506,-3.303309057058873e-09,0.916
2760.0010000020266,1.1010870959795951e-05,0.01007355196915968,1.2730575363660819,-0.9959411518869936,0.7382848661434506,-3.259490510250568e-09,0.916
2760.0019999966025,1.101087195393677e-05,0.01007355196915968,1.2730575363660819,-0.9959411518869936,0.7382848661434506,-3.259498014666879e-09,0.916
2760.0,1.1010868487378728e-05,0.01007355196915968,1.2730575363660819,-0.9959411518869936,0.7382848661434506,-3.259494419472482e-09,0.916
2760.0,1.1010865635556993e-05,0.01007355196915968,1.2730575363660819,-0.9959411518869936,0.7382848661434506,-3.2595022033050064e-09,0.916
2759.997999999672,1.1010876654788282e-05,0.01007355196915968,1.2730575363660819,-0.9959411518869936,0.7382848661434506,-3.2595013345463663e-09,0.916
2760.002000000328,1.1010870211215666e-05,0.01007355196915968,1.2730575363660819,-0.9959411518869936,0.7382848661434506,-3.2594962797910676e-09,0.916
2760.002999998629,1.1010869570565574e-05,0.01007355196915968,1.2730575363660819,-0.9959411518869936,0.7382848661434506,-3.259498751104325e-09,0.916
2760.0,1.1010871656819185e-05,0.01007355196915968,1.2730575363660819,-0.9959411518869936,0.7382848661434506,-3.2595021228555173e-09,0.916
2760.0010000020266,1.101086509329748e-05,0.01007355196915968,1.2730575363660819,-0.9959411518869936,0.7382848661434506,-3.2594937441581844e-09,0.916
2759.997999999672,1.101086956688488e-05,0.01007355196915968,1.2730575363660819,-0.9959411518869936,0.7382848661434506,-3.259489799882687e-09,0.916
2759.997999999672,1.1010875597318713e-05,0.01007355196915968,1.2730575363660819,-0.9959411518869936,0.7382848661434506,-3.2594977863027066e-09,0.916
2759.997999999672,1.1079711491567943e-05,0.010137818420096088,1.2068601729964596,-0.9942379338203269,0.7382848661434506,-3.3265420111676304e-09,0.916
2760.002000000328,1.1068839423348066e-05,0.010128790219189398,1.2038190047739388,-0.9840416048220739,0.7382848661434506,-3.254215154092558e-09,0.916
2759.9989999979734,1.1079710953546906e-05,0.010137818420096088,1.2068601729964596,-0.9942379338203269,0.7382848661434506,-3.3265386570492273e-09,0.916
2759.9990000016987,1.1079706402249861e-05,0.010137818420096088,1.2068601729964596,-0.9942379338203269,0.7382848661434506,-3.326540321267844e-09,0.916
2759.997999999672,1.1079707805814793e-05,0.010137818420096088,1.2068601729964596,-0.9942379338203269,0.7382848661434506,-3.3265348399193604e-09,0.915
2760.002999998629,1.1068844586587475e-05,0.010128790219189398,1.2038190047739388,-0.9840416048220739,0.7382848661434506,-3.254225271413858e-09,0.915
2760.0,1.1068844519721173e-05,0.010128790219189398,1.2038190047739388,-0.9840416048220739,0.7382848661434506,-3.2542179012781708e-09,0.915
2760.0009999983013,1.1068839918842083e-05,0.010128790219189398,1.2038190047739388,-0.9840416048220739,0.7382848661434506,-3.254225646051101e-09,0.915
2760.0030000023544,1.1068841289945353e-05,0.010128790219189398,1.2038190047739388,-0.9840416048220739,0.7382848661434506,-3.254216338000379e-09,0.915
2760.005000002682,1.1068840469804689e-05,0.010128790219189398,1.2038190047739388,-0.9840416048220739,0.7382848661434506,-3.254210670565807e-09,0.915
2760.0,1.1079708362090466e-05,0.010137818420096088,1.2068601729964596,-0.9942379338203269,0.7382848661434506,-3.3265342837080345e-09,0.915
2760.0030000023544,1.1068842477064815e-05,0.010128790219189398,1.2038190047739388,-0.9840416048220739,0.7382848661434506,-3.2542165688035347e-09,0.915
2760.0,1.1068843299181374e-05,0.010128790219189398,1.2038190047739388,-0.9840416048220739,0.7382848661434506,-3.254220737651832e-09,0.915
2759.9989999979734,1.1068838115126322e-05,0.010128790219189398,1.2038190047739388,-0.9840416048220739,0.7382848661434506,-3.2542233965970983e-09,0.915
2760.0,1.106883895957047e-05,0.010128790219189398,1.2038190047739388,-0.9840416048220739,0.7382848661434506,-3.2542218783398812e-09,0.915
2759.9989999979734,1.1068841974359431e-05,0.010128790219189398,1.2038190047739388,-0.9840416048220739,0.7382848661434506,-3.254218486555134e-09,0.915
2759.997000001371,1.1068843676789885e-05,0.010128790219189398,1.2038190047739388,-0.9840416048220739,0.7382848661434506,-3.2542278839548584e-09,0.915
2760.002000000328,1.1068840273555514e-05,0.010128790219189398,1.2038190047739388,-0.9840416048220739,0.7382848661434506,-3.254217180031536e-09,0.915
2760.002000000328,1.1068838123205064e-05,0.010128790219189398,1.2038190047739388,-0.9840416048220739,0.7382848661434506,-3.254223365445706e-09,0.915
2759.9989999979734,1.1068843880740843e-05,0.010128790219189398,1.2038190047739388,-0.9840416048220739,0.7382848661434506,-3.25422153721457e-09,0.915
2760.0,1.106883686979332e-05,0.010128790219189398,1.2038190047739388,-0.9840416048220739,0.7382848661434506,-3.254217435480124e-09,0.915
2760.0,1.1068841330707631e-05,0.010128790219189398,1.2038190047739388,-0.9840416048220739,0.7382848661434506,-3.254215569287865e-09,0.915
2760.002000000328,1.1068838847713313e-05,0.010128790219189398,1.2038190047739388,-0.9840416048220739,0.7382848661434506,-3.2542189525754343e-09,0.915
2759.9990000016987,1.100724618152785e-05,0.010089454962943957,1.2403017101232292,-0.9936275572402322,0.7382848661434506,-3.2927490852610046e-09,0.915
2760.002999998629,1.1007250137475855e-05,0.010089454962943957,1.2403017101232292,-0.9936275572402322,0.7382848661434506,-3.2927480379770874e-09,0.915
2760.0,1.1007247106307445e-05,0.010089454962943957,1.2403017101232292,-0.9936275572402322,0.7382848661434506,-3.2927548151884386e-09,0.915
2760.0040000006557,1.1007242211842822e-05,0.010089454962943957,1.2403017101232292,-0.9936275572402322,0.7382848661434506,-3.2927476349890797e-09,0.915
2760.0009999983013,1.1007242678190882e-05,0.010089454962943957,1.2403017101232292,-0.9936275572402322,0.7382848661434506,-3.2927495321941243e-09,0.915
2759.9990000016987,1.1007244739031646e-05,0.010089454962943957,1.2403017101232292,-0.9936275572402322,0.7382848661434506,-3.2927480187890002e-09,0.915
2760.0,1.1007247803483518e-05,0.010089454962943957,1.2403017101232292,-0.9936275572402322,0.7382848661434506,-3.292756888457438e-09,0.915
2760.0,1.1068842415113593e-05,0.010128790219189398,1.2038190047739388,-0.9840416048220739,0.7382848661434506,-3.254212814280837e-09,0.915
2759.9989999979734,1.1007244126126193e-05,0.010089454962943957,1.2403017101232292,-0.9936275572402322,0.7382848661434506,-3.2927556649419163e-09,0.915
2759.9980000033975,1.1068838289926962e-05,0.010128790219189398,1.2038190047739388,-0.9840416048220739,0.7382848661434506,-3.254219484482092e-09,0.915
2760.0010000020266,1.1007247506084226e-05,0.010089454962943957,1.2403017101232292,-0.9936275572402322,0.7382848661434506,-3.2927511822315597e-09,0.914
2760.0,1.1007239601125668e-05,0.010089454962943957,1.2403017101232292,-0.9936275572402322,0.7382848661434506,-3.292752445840593e-09,0.914
2760.0,1.1068671086541226e-05,0.010128790219189398,1.2038190047739388,-0.9840416048220739,0.7382848661434506,-3.2542863938377634e-09,0.914
2759.9990000016987,1.1007244901761497e-05,0.010089454962943957,1.2403017101232292,-0.9936275572402322,0.7382848661434506,-3.292750863934519e-09,0.914
2759.9989999979734,1.1007245445975662e-05,0.010089454962943957,1.2403017101232292,-0.9936275572402322,0.7382848661434506,-3.2927474002482814e-09,0.914
2760.002000000328,1.100724354579187e-05,0.010089454962943957,1.2403017101232292,-0.9936275572402322,0.7382848661434506,-3.292752570913369e-09,0.914
2760.0009999983013,1.1068840554883407e-05,0.010128790219189398,1.2038190047739388,-0.9840416048220739,0.7382848661434506,-3.2542140431694578e-09,0.914
2759.9990000016987,1.1068842688100404e-05,0.010128790219189398,1.2038190047739388,-0.9840416048220739,0.7382848661434506,-3.2542240051790804e-09,0.914
2760.0,1.106884733149803e-05,0.010128790219189398,1.2038190047739388,-0.9840416048220739,0.7382848661434506,-3.2542203464987273e-09,0.914
2759.9980000033975,1.100724684482553e-05,0.010089454962943957,1.2403017101232292,-0.9936275572402322,0.7382848661434506,-3.292752180711421e-09,0.914
2760.0,1.1007247731056395e-05,0.010089454962943957,1.2403017101232292,-0.9936275572402322,0.7382848661434506,-3.2927572449234007e-09,0.914
2759.997000001371,1.1007244238622103e-05,0.010089454962943957,1.2403017101232292,-0.9936275572402322,0.7382848661434506,-3.292756123467164e-09,0.914
2760.0009999983013,1.1007244998441088e-05,0.010089454962943957,1.2403017101232292,-0.9936275572402322,0.7382848661434506,-3.292747248208668e-09,0.914
2759.9959999993443,1.1007252985774881e-05,0.010089454962943957,1.2403017101232292,-0.9936275572402322,0.7382848661434506,-3.2927549797953643e-09,0.914
2760.0,1.1007247686673924e-05,0.010089454962943957,1.2403017101232292,-0.9936275572402322,0.7382848661434506,-3.292752965985298e-09,0.914
2760.0009999983013,1.1007242946250116e-05,0.010089454962943957,1.2403017101232292,-0.9936275572402322,0.7382848661434506,-3.2927503184931143e-09,0.914
2760.0030000023544,1.1007248394747965e-05,0.010089454962943957,1.2403017101232292,-0.9936275572402322,0.7382848661434506,-3.292749367358716e-09,0.914
2760.0040000006557,1.1007244414135694e-05,0.010089454962943957,1.2403017101232292,-0.9936275572402322,0.7382848661434506,-3.292753816932451e-09,0.914
2759.997999999672,1.1007247609543827e-05,0.010089454962943957,1.2403017101232292,-0.9936275572402322,0.7382848661434506,-3.2927539881018736e-09,0.914
2760.002000000328,1.1068841268353687e-05,0.010128790219189398,1.2038190047739388,-0.9840416048220739,0.7382848661434506,-3.2542133119080854e-09,0.914
2759.997000001371,1.1007249842698123e-05,0.010089454962943957,1.2403017101232292,-0.9936275572402322,0.7382848661434506,-3.2927537504988004e-09,0.914
2759.9989999979734,1.1007241435466618e-05,0.010089454962943957,1.2403017101232292,-0.9936275572402322,0.7382848661434506,-3.2927519785919988e-09,0.914
2760.0,1.1007243083757577e-05,0.010089454962943957,1.2403017101232292,-0.9936275572402322,0.7382848661434506,-3.2927551776592953e-09,0.914
2759.9990000016987,1.10072478399892e-05,0.010089454962943957,1.2403017101232292,-0.9936275572402322,0.7382848661434506,-3.292757949243611e-09,0.914
2760.0009999983013,1.10072461405196e-05,0.010089454962943957,1.2403017101232292,-0.9936275572402322,0.7382848661434506,-3.2927526475660573e-09,0.914
2760.0009999983013,1.1007238600141646e-05,0.010089454962943957,1.2403017101232292,-0.9936275572402322,0.7382848661434506,-3.2927540701341844e-09,0.914
2759.9989999979734,1.1007245061086251e-05,0.010089454962943957,1.2403017101232292,-0.9936275572402322,0.7382848661434506,-3.292746254477748e-09,0.914
2760.002000000328,1.1007243640033881e-05,0.010089454962943957,1.2403017101232292,-0.9936275572402322,0.7382848661434506,-3.2927408305273633e-09,0.914
2759.9959999993443,1.1007246489839849e-05,0.010089454962943957,1.2403017101232292,-0.9936275572402322,0.7382848661434506,-3.2927567585337026e-09,0.914
2760.0,1.100724409246628e-05,0.010089454962943957,1.2403017101232292,-0.9936275572402322,0.7382848661434506,-3.2927453768121306e-09,0.913
2760.002000000328,1.1007234504592038e-05,0.010089454962943957,1.2403017101232292,-0.9936275572402322,0.7382848661434506,-3.292752485464444e-09,0.913
2760.0030000023544,1.1007241691302119e-05,0.010089454962943957,1.2403017101232292,-0.9936275572402322,0.7382848661434506,-3.2927507450192735e-09,0.913
2760.002000000328,1.1007250514847634e-05,0.010089454962943957,1.2403017101232292,-0.9936275572402322,0.7382848661434506,-3.2927511294191473e-09,0.913
2760.0009999983013,1.1007244192913093e-05,0.010089454962943957,1.2403017101232292,-0.9936275572402322,0.7382848661434506,-3.292753754804935e-09,0.913
2760.0009999983013,1.1007250928137001e-05,0.010089454962943957,1.2403017101232292,-0.9936275572402322,0.7382848661434506,-3.2927562742391537e-09,0.913
2759.997000001371,1.1007251102333249e-05,0.010089454962943957,1.2403017101232292,-0.9936275572402322,0.7382848661434506,-3.2927584210292014e-09,0.913
2760.0010000020266,1.1068845267898947e-05,0.010128790219189398,1.2038190047739388,-0.9840416048220739,0.7382848661434506,-3.254223276030304e-09,0.913
2759.9960000030696,1.1068843050678133e-05,0.010128790219189398,1.2038190047739388,-0.9840416048220739,0.7382848661434506,-3.254218858457871e-09,0.913
2760.0,1.1068843404007835e-05,0.010128790219189398,1.2038190047739388,-0.9840416048220739,0.7382848661434506,-3.254220764970459e-09,0.913
2760.0039999969304,1.1007243400561894e-05,0.010089454962943957,1.2403017101232292,-0.9936275572402322,0.7382848661434506,-3.29275124424635e-09,0.913
2760.0,1.100724729520491e-05,0.010089454962943957,1.2403017101232292,-0.9936275572402322,0.7382848661434506,-3.2927462354162295e-09,0.913
2760.0,1.1007249131056244e-05,0.010089454962943957,1.2403017101232292,-0.9936275572402322,0.7382848661434506,-3.2927562138670425e-09,0.913
2760.0,1.1007245679065248e-05,0.010089454962943957,1.2403017101232292,-0.9936275572402322,0.7382848661434506,-3.292755815599507e-09,0.913
2759.9989999979734,1.1007245390684367e-05,0.010089454962943957,1.2403017101232292,-0.9936275572402322,0.7382848661434506,-3.2927543941485e-09,0.913
2760.0,1.1007247684982158e-05,0.010089454962943957,1.2403017101232292,-0.9936275572402322,0.7382848661434506,-3.2927573704483983e-09,0.913
2759.9989999979734,1.1068840772417543e-05,0.010128790219189398,1.2038190047739388,-0.9840416048220739,0.7382848661434506,-3.2542221866304574e-09,0.913
2760.0,1.1007246766582491e-05,0.010089454962943957,1.2403017101232292,-0.9936275572402322,0.7382848661434506,-3.292754902276105e-09,0.913
2760.0,1.100724388724093e-05,0.010089454962943957,1.2403017101232292,-0.9936275572402322,0.7382848661434506,-3.2927516696852164e-09,0.913
2760.0009999983013,1.1007248083995599e-05,0.010089454962943957,1.2403017101232292,-0.9936275572402322,0.7382848661434506,-3.292754865127904e-09,0.913
2760.0009999983013,1.1068843162469555e-05,0.010128790219189398,1.2038190047739388,-0.9840416048220739,0.7382848661434506,-3.254217257334919e-09,0.913
2760.0,1.1007246964300432e-05,0.010089454962943957,1.2403017101232292,-0.9936275572402322,0.7382848661434506,-3.2927498575770404e-09,0.913
2760.0019999966025,1.100724366355965e-05,0.010089454962943957,1.2403017101232292,-0.9936275572402322,0.7382848661434506,-3.2927495304913854e-09,0.913
2760.0009999983013,1.1007247635885283e-05,0.010089454962943957,1.2403017101232292,-0.9936275572402322,0.7382848661434506,-3.29275074221651e-09,0.913
2760.0,1.1007244964773941e-05,0.010089454962943957,1.2403017101232292,-0.9936275572402322,0.7382848661434506,-3.292752152957276e-09,0.912
2760.0,1.1068841870921489e-05,0.010128790219189398,1.2038190047739388,-0.9840416048220739,0.7382848661434506,-3.254219272280611e-09,0.913
2760.0019999966025,1.1007243273977285e-05,0.010089454962943957,1.2403017101232292,-0.9936275572402322,0.7382848661434506,-3.292745372682526e-09,0.912
2759.997999999672,1.0818842701496595e-05,0.009904983374654086,1.164515400939095,-0.9675520338930133,0.7382848661434506,-3.154451665652334e-09,0.912
2760.002000000328,1.0858701445217193e-05,0.009949783334615724,1.2628527350701715,-0.9518990665843884,0.7382848661434506,-3.021964002460202e-09,0.912
2759.9989999979734,1.0920291982498018e-05,0.010031472214117305,1.3409361434473164,-1.0274739065359788,0.7382848661434506,-3.3539870058299125e-09,0.912
2760.0010000020266,1.0978262852673252e-05,0.010106677373708501,1.3385800244917618,-1.0353078929260793,0.7382848661434506,-3.3867095554774246e-09,0.912
2760.0009999983013,1.104710131251974e-05,0.010116620705193658,1.2608911153159,-0.9933302266026169,0.7382848661434506,-3.2362692641238395e-09,0.912
2759.997000001371,1.1010868597427202e-05,0.010073551969159728,1.2730575363660268,-0.9959411518869599,0.7382848661434506,-3.25949359315086e-09,0.912
2760.0,1.1010869869802296e-05,0.010073551969159728,1.2730575363660268,-0.9959411518869599,0.7382848661434506,-3.259496645159484e-09,0.912
2760.0009999983013,1.1010869740966364e-05,0.010073551969159728,1.2730575363660268,-0.9959411518869599,0.7382848661434506,-3.259492353415744e-09,0.906
2950.5080000013113,1.2309196428571098e-05,0.011589426049295259,1.0063897819764964,-1.178929901288032,4.251152104447044,-4.976526679608983e-09,0.915
2950.5080000013113,1.2309196428571098e-05,0.011589426049295259,1.0063897819764964,-1.178929901288032,4.251152104447044,-4.976526679608983e-09,0.915
2990.6169999986887,1.2213436129354913e-05,0.011630112666019295,0.9720542323646715,-1.1465669573170296,4.316280707456513,-4.702828649084496e-09,0.92
2990.6169999986887,1.2213436129354913e-05,0.011630112666019295,0.9720542323646715,-1.1465669573170296,4.316280707456513,-4.702828649084496e-09,0.92
2980.646999999881,1.1619862423723168e-05,0.010855820898871986,0.8307644853799041,-0.8958542424018832,4.310958308007379,-3.1695896405843887e-09,0.927
2980.646999999881,1.1619862423723168e-05,0.010855820898871986,0.8307644853799041,-0.8958542424018832,4.310958308007379,-3.1695896405843887e-09,0.927
3030.655000001192,1.2220030733903458e-05,0.011752410324184568,0.9288322304955501,-1.093357783197593,4.289645988405604,-4.351226533693821e-09,0.928
3030.655000001192,1.2220030733903458e-05,0.011752410324184568,0.9288322304955501,-1.093357783197593,4.289645988405604,-4.351226533693821e-09,0.928
2880.002000000328,1.1262814438431179e-05,0.010658799181896548,1.076163829432483,-0.735165695466024,0.7950402793845223,-2.251584755882132e-09,0.92
2760.0009999983013,1.1007245211957666e-05,0.010089454962943958,1.240301710123008,-0.9936275572400595,0.7382848661434506,-3.2927486677563937e-09,0.92
2759.997000001371,1.1007246737976504e-05,0.010089454962943958,1.240301710123008,-0.9936275572400595,0.7382848661434506,-3.2927528320043776e-09,0.919
2759.9989999979734,1.100724600749272e-05,0.010089454962943958,1.240301710123008,-0.9936275572400595,0.7382848661434506,-3.2927596744559505e-09,0.919
2760.0009999983013,1.1007250659901054e-05,0.010089454962943958,1.240301710123008,-0.9936275572400595,0.7382848661434506,-3.292754809310505e-09,0.919
2760.0010000020266,1.1007244511979172e-05,0.010089454962943958,1.240301710123008,-0.9936275572400595,0.7382848661434506,-3.292751422265062e-09,0.918
2760.0,1.0931161333350372e-05,0.010032465415780874,1.276143398607994,-1.021505573450876,0.7382848661434506,-3.391460634762042e-09,0.918
2760.0010000020266,1.0931163688276964e-05,0.010032465415780874,1.276143398607994,-1.021505573450876,0.7382848661434506,-3.391462300960127e-09,0.918
2760.0010000020266,1.0931161613929981e-05,0.010032465415780874,1.276143398607994,-1.021505573450876,0.7382848661434506,-3.391454168725994e-09,0.918
2759.9980000033975,1.0971021033630945e-05,0.010040136842996,1.2418831479136312,-1.0060469355195003,0.7382848661434506,-3.3634907968374166e-09,0.918
2759.9989999979734,1.0931154395560951e-05,0.010017285784719939,1.2614235100489806,-1.0032480735424016,0.7382848661434506,-3.3355053023160006e-09,0.917
2759.997000001371,1.097102019380318e-05,0.010040136842996,1.2418831479136312,-1.0060469355195003,0.7382848661434506,-3.363489573991324e-09,0.917
2760.0,1.097101279039024e-05,0.010040136842996,1.2418831479136312,-1.0060469355195003,0.7382848661434506,-3.3634788720961156e-09,0.917
2759.997999999672,1.0942034350253986e-05,0.010015929341788944,1.244218235267863,-0.9900648240816547,0.7382848661434506,-3.26318706112325e-09,0.917
2760.002000000328,1.0971011892616285e-05,0.010040136842996,1.2418831479136312,-1.0060469355195003,0.7382848661434506,-3.3634809977774322e-09,0.917
2759.9969999976456,1.0942032936432659e-05,0.010015929341788944,1.244218235267863,-0.9900648240816547,0.7382848661434506,-3.2631917529329446e-09,0.917
2760.0,1.0942025351892077e-05,0.010015929341788944,1.244218235267863,-0.9900648240816547,0.7382848661434506,-3.263192716855702e-09,0.916
2760.0,1.0942027935303259e-05,0.010015929341788944,1.244218235267863,-0.9900648240816547,0.7382848661434506,-3.2631900200462587e-09,0.916
2760.0010000020266,1.0971014852986414e-05,0.010040136842996,1.2418831479136312,-1.0060469355195003,0.7382848661434506,-3.3634817904090747e-09,0.916
2760.0009999983013,1.094202874885943e-05,0.010015929341788944,1.244218235267863,-0.9900648240816547,0.7382848661434506,-3.263194453741551e-09,0.916
2759.9989999979734,1.1057970094719477e-05,0.010096275680105746,1.1893602766611373,-0.9650934215446072,0.7382848661434506,-3.1924604593132767e-09,0.916
2760.0,1.0981886507526976e-05,0.010038963945619487,1.2243105946248916,-0.9928365914130516,0.7382848661434506,-3.2911667490148772e-09,0.916
2759.9990000016987,1.0967393827710332e-05,0.010018732454756867,1.2195363348174038,-0.975697763543817,0.7382848661434506,-3.2067142525844523e-09,0.916
2760.0009999983013,1.0967391161352925e-05,0.010018732454756867,1.2195363348174038,-0.975697763543817,0.7382848661434506,-3.2067144722339545e-09,0.916
2760.0,1.094203060079067e-05,0.010015929341788944,1.244218235267863,-0.9900648240816547,0.7382848661434506,-3.263189750466976e-09,0.915
2759.9990000016987,1.100724713896092e-05,0.01004194103299475,1.1993326139621114,-0.9784565490053385,0.7382848661434506,-3.234691118003533e-09,0.915
2759.9990000016987,1.0967394043658158e-05,0.010018732454756867,1.2195363348174038,-0.975697763543817,0.7382848661434506,-3.206709774215382e-09,0.915
2760.0,1.0967391835320824e-05,0.010018732454756867,1.2195363348174038,-0.975697763543817,0.7382848661434506,-3.206716574343117e-09,0.915
2760.0009999983013,1.0934783327898511e-05,0.009999637674595366,1.2338847839001312,-0.9703966485814209,0.7382848661434506,-3.162898309378162e-09,0.915
2760.0,1.0934786324472416e-05,0.009999637674595366,1.2338847839001312,-0.9703966485814209,0.7382848661434506,-3.1629024199774903e-09,0.915
2760.0,1.0931157540736088e-05,0.009993385493574586,1.2263342375917654,-0.9588716716005192,0.7382848661434506,-3.0874193664320623e-09,0.915
2760.0,1.0931159494072728e-05,0.009993385493574586,1.2263342375917654,-0.9588716716005192,0.7382848661434506,-3.087417517787368e-09,0.915
2760.0,1.0931163348701572e-05,0.009993385493574586,1.2263342375917654,-0.9588716716005192,0.7382848661434506,-3.0874192959992598e-09,0.915
2760.0,1.093115899103329e-05,0.009993385493574586,1.2263342375917654,-0.9588716716005192,0.7382848661434506,-3.0874129478784177e-09,0.915
2759.9989999979734,1.0934787049275984e-05,0.009999637674595366,1.2338847839001312,-0.9703966485814209,0.7382848661434506,-3.1629005968490677e-09,0.915
2760.0,1.0934784431074727e-05,0.009999637674595366,1.2338847839001312,-0.9703966485814209,0.7382848661434506,-3.1628973092023995e-09,0.914
2759.9990000016987,1.0981880322323105e-05,0.010049064416759049,1.2147070110679579,-0.9446997391246534,0.7382848661434506,-3.0451874962038832e-09,0.914
2760.0,1.0934780811851633e-05,0.009999637674595366,1.2338847839001312,-0.9703966485814209,0.7382848661434506,-3.1628972388013293e-09,0.914
2760.0,1.0934783243624881e-05,0.009999637674595366,1.2338847839001312,-0.9703966485814209,0.7382848661434506,-3.1629024184891657e-09,0.914
2760.0019999966025,1.0934779819860215e-05,0.009999637674595366,1.2338847839001312,-0.9703966485814209,0.7382848661434506,-3.1628972566330144e-09,0.914
2760.0010000020266,1.0887685706787374e-05,0.009971608246140209,1.261076934418889,-0.9708483729552982,0.7382848661434506,-3.1539277069696648e-09,0.914
2760.0010000020266,1.0934778866613378e-05,0.009999637674595366,1.2338847839001312,-0.9703966485814209,0.7382848661434506,-3.1628940310834374e-09,0.914
2760.0,1.093478571674551e-05,0.009999637674595366,1.2338847839001312,-0.9703966485814209,0.7382848661434506,-3.1628971395745206e-09,0.914
2760.002000000328,1.0931159458363566e-05,0.009993385493574586,1.2263342375917654,-0.9588716716005192,0.7382848661434506,-3.0874157343860374e-09,0.914
2759.9989999979734,1.0887680582345815e-05,0.009971608246140209,1.261076934418889,-0.9708483729552982,0.7382848661434506,-3.1539232300606848e-09,0.914
2760.0009999983013,1.0884062121482755e-05,0.009965156688486418,1.2539328274266603,-0.9593688693289899,0.7382848661434506,-3.078450933708906e-09,0.914
2760.0009999983013,1.1068841662127161e-05,0.010092237654235283,1.1536507453109452,-0.9205153055954005,0.7382848661434506,-2.950177050165799e-09,0.913
2760.0,1.1043476819427559e-05,0.010076518837577634,1.1846971171654772,-0.9476496886921758,0.7382848661434506,-3.1080047033502253e-09,0.913
2760.0,1.0931159544504475e-05,0.009993385493574586,1.2263342375917654,-0.9588716716005192,0.7382848661434506,-3.087418165642244e-09,0.913
2759.9989999979734,1.0858695631596817e-05,0.009949783334615672,1.2628527350702683,-0.9518990665844653,0.7382848661434506,-3.0219655249246417e-09,0.913
2760.002000000328,1.0858693501983958e-05,0.009949783334615672,1.2628527350702683,-0.9518990665844653,0.7382848661434506,-3.0219614918703956e-09,0.913
2760.0010000020266,1.0775358843499531e-05,0.009877143869281827,1.2748539014473543,-0.999667836795018,0.7382848661434506,-3.155507395155089e-09,0.913
2760.0010000020266,1.0836960764664533e-05,0.009922799832796076,1.1952666876839295,-0.9880049607680575,0.7382848661434506,-3.1940428249702314e-09,0.913
2760.0,1.078260965447702e-05,0.009889241702439787,1.2278645913962558,-0.9928743660887692,0.7382848661434506,-3.207242651815304e-09,0.913
2760.0009999983013,1.0782602955094242e-05,0.009889241702439787,1.2278645913962558,-0.9928743660887692,0.7382848661434506,-3.207236049716813e-09,0.913
2760.0009999983013,1.0782605818481709e-05,0.009889241702439787,1.2278645913962558,-0.9928743660887692,0.7382848661434506,-3.2072363490195824e-09,0.913
2760.002999998629,1.0818838892261048e-05,0.009904983374654026,1.1645154009390009,-0.9675520338929473,0.7382848661434506,-3.154452446224967e-09,0.913
2759.997999999672,1.0902174974614231e-05,0.01001945571144569,1.3431009023320373,-1.0186467952060827,0.7382848661434506,-3.288001958624314e-09,0.913
2759.9989999979734,1.0847829304161392e-05,0.009992388407530757,1.4100451499947937,-1.0350851153640057,0.7382848661434506,-3.274808769468263e-09,0.913
2760.0,1.0902174799597316e-05,0.01001945571144569,1.3431009023320373,-1.0186467952060827,0.7382848661434506,-3.2879995142479826e-09,0.913
2760.0,1.0920287302535566e-05,0.010020269312820277,1.3215195291454984,-1.004807749521973,0.7382848661434506,-3.2220183242203578e-09,0.913
2760.0010000020266,1.0923913399226475e-05,0.010016562371349211,1.308753921723616,-0.9924199698066403,0.7382848661434506,-3.146535062299252e-09,0.913
2760.0009999983013,1.0923910257690058e-05,0.010016562371349211,1.308753921723616,-0.9924199698066403,0.7382848661434506,-3.146537648483481e-09,0.912
2760.0,1.0923914206237715e-05,0.010016562371349211,1.308753921723616,-0.9924199698066403,0.7382848661434506,-3.1465333301439733e-09,0.912
2759.9990000016987,1.0971010360897125e-05,0.0100300273815858,1.264583962846432,-0.9762217136124468,0.7382848661434506,-3.1375634690642987e-09,0.912
2760.0,1.0971012399572506e-05,0.0100300273815858,1.264583962846432,-0.9762217136124468,0.7382848661434506,-3.1375639321155024e-09,0.912
2759.997999999672,1.0884053399035237e-05,0.009965156688486418,1.2539328274266603,-0.9593688693289899,0.7382848661434506,-3.0784447815236532e-09,0.912
2759.9989999979734,1.0920288929431462e-05,0.009995288745276339,1.1850136645236242,-0.9409115809965479,0.7382848661434506,-3.060494229280248e-09,0.912
2760.0040000006557,1.0764492446070393e-05,0.009877418984588042,1.229865241685654,-0.9837005049106357,0.7382848661434506,-3.1412542091799117e-09,0.912
2760.002000000328,1.0764500352645435e-05,0.009877418984588042,1.229865241685654,-0.9837005049106357,0.7382848661434506,-3.141250920612953e-09,0.912
2759.9990000016987,1.0920290906041164e-05,0.010020269312820277,1.3215195291454984,-1.004807749521973,0.7382848661434506,-3.2220214590255844e-09,0.912
2759.997999999672,1.0971022806167413e-05,0.0100300273815858,1.264583962846432,-0.9762217136124468,0.7382848661434506,-3.1375658534454693e-09,0.912
2759.997999999672,1.1003623731983912e-05,0.010034632060006422,1.2368527609153253,-0.9614660540444393,0.7382848661434506,-3.093751178488798e-09,0.912
2759.9990000016987,1.100362215362378e-05,0.010034632060006422,1.2368527609153253,-0.9614660540444393,0.7382848661434506,-3.09375119938418e-09,0.912
2759.9989999979734,1.1079711740381011e-05,0.010121006995783277,1.2334666549146505,-0.9787262598948816,0.7382848661434506,-3.192459588447491e-09,0.912
2760.0010000020266,1.107970667811373e-05,0.010121006995783277,1.2334666549146505,-0.9787262598948816,0.7382848661434506,-3.1924582131533168e-09,0.912
2759.997999999672,1.1079712154893169e-05,0.010121006995783277,1.2334666549146505,-0.9787262598948816,0.7382848661434506,-3.1924609842740834e-09,0.912
2760.0,1.1079705111423171e-05,0.010121006995783277,1.2334666549146505,-0.9787262598948816,0.7382848661434506,-3.1924568269398384e-09,0.912
2760.0009999983013,1.1000003055942755e-05,0.01006464611644512,1.2699811894766233,-0.9856318625840944,0.7382848661434506,-3.1871851603311233e-09,0.912
2760.0,1.1000001236301493e-05,0.01006464611644512,1.2699811894766233,-0.9856318625840944,0.7382848661434506,-3.1871759730981117e-09,0.912
2760.0010000020266,1.0999997934774508e-05,0.01006464611644512,1.2699811894766233,-0.9856318625840944,0.7382848661434506,-3.187179087589886e-09,0.912
2759.997999999672,1.1010873597288625e-05,0.010073551969159678,1.2730575363658785,-0.9959411518868501,0.7382848661434506,-3.2595050975770537e-09,0.912
2759.9989999979734,1.1000002504824442e-05,0.01006464611644512,1.2699811894766233,-0.9856318625840944,0.7382848661434506,-3.1871844633660144e-09,0.912
2760.0010000020266,1.0999999545684105e-05,0.01006464611644512,1.2699811894766233,-0.9856318625840944,0.7382848661434506,-3.1871830684226865e-09,0.912
2760.0009999983013,1.1068836774694846e-05,0.010128790219189391,1.2038190047735409,-0.9840416048217892,0.7382848661434506,-3.2542141599895333e-09,0.911
2760.0010000020266,1.1068842376335009e-05,0.010128790219189391,1.2038190047735409,-0.9840416048217892,0.7382848661434506,-3.2542149018650313e-09,0.911
2760.0019999966025,1.0938405026765601e-05,0.010025239886536742,1.307753075519468,-0.9953616069976674,0.7382848661434506,-3.2257081989087075e-09,0.911
2760.002000000328,1.1007247570425486e-05,0.01008945496294395,1.240301710123033,-0.9936275572400907,0.7382848661434506,-3.2927464453903734e-09,0.911
2760.0009999983013,1.1007245320710785e-05,0.01008945496294395,1.240301710123033,-0.9936275572400907,0.7382848661434506,-3.292749634206436e-09,0.911
2760.002000000328,1.1047094892894542e-05,0.010097262507478274,1.206645380029327,-0.9782954205918031,0.7382848661434506,-3.264772252770863e-09,0.911
2759.9990000016987,1.1007243059497911e-05,0.01008945496294395,1.240301710123033,-0.9936275572400907,0.7382848661434506,-3.292748854133483e-09,0.911
2760.0,1.1047099268354712e-05,0.010097262507478274,1.206645380029327,-0.9782954205918031,0.7382848661434506,-3.264776474313107e-09,0.911
2759.9989999979734,1.104710152177469e-05,0.010097262507478274,1.206645380029327,-0.9782954205918031,0.7382848661434506,-3.2647756476075185e-09,0.911
2759.997999999672,1.1057969878738424e-05,0.010096275680105737,1.189360276660958,-0.9650934215444946,0.7382848661434506,-3.1924606573631476e-09,0.911
2759.997999999672,1.1057970991368752e-05,0.010096275680105737,1.189360276660958,-0.9650934215444946,0.7382848661434506,-3.1924669792233755e-09,0.911
2759.9990000016987,1.1047099962324787e-05,0.010097262507478274,1.206645380029327,-0.9782954205918031,0.7382848661434506,-3.2647780846357333e-09,0.911
2760.0009999983013,1.1057972672829534e-05,0.010096275680105737,1.189360276660958,-0.9650934215444946,0.7382848661434506,-3.192461309157483e-09,0.911
2759.9990000016987,1.1057971221214259e-05,0.010096275680105737,1.189360276660958,-0.9650934215444946,0.7382848661434506,-3.192460866339389e-09,0.911
2760.0,1.101811671562378e-05,0.010073551969159702,1.2089454780179985,-0.9619506549241612,0.7382848661434506,-3.1644772529280086e-09,0.911
2760.0010000020266,1.1057970733393231e-05,0.010096275680105737,1.189360276660958,-0.9650934215444946,0.7382848661434506,-3.192456849233554e-09,0.911
2759.9989999979734,1.1083337031794245e-05,0.010099415250686349,1.1648142407448097,-0.9507806537154483,0.7382848661434506,-3.135983193103116e-09,0.911
2759.997999999672,1.1083336499795664e-05,0.010099415250686349,1.1648142407448097,-0.9507806537154483,0.7382848661434506,-3.13597611182955e-09,0.911
2760.0,1.1043479518193088e-05,0.010076518837577637,1.1846971171654808,-0.9476496886922022,0.7382848661434506,-3.108001445976916e-09,0.911
2760.002000000328,1.1010868633668621e-05,0.010057713890126883,1.1988065174519402,-0.9420547689960342,0.7382848661434506,-3.0641872247188817e-09,0.911
2759.9989999979734,1.1083332465969625e-05,0.010099415250686349,1.1648142407448097,-0.9507806537154483,0.7382848661434506,-3.135975875793182e-09,0.911
2759.9990000016987,1.1010865218010384e-05,0.010057713890126883,1.1988065174519402,-0.9420547689960342,0.7382848661434506,-3.0641892918114303e-09,0.91
2760.0010000020266,1.1007242815555152e-05,0.010051678063092602,1.1913810562814113,-0.930463074635623,0.7382848661434506,-2.9887075287024544e-09,0.91
2759.9989999979734,1.1007245823810172e-05,0.010051678063092602,1.1913810562814113,-0.930463074635623,0.7382848661434506,-2.9887142063545733e-09,0.91
2760.0009999983013,1.1007246420860845e-05,0.010051678063092602,1.1913810562814113,-0.930463074635623,0.7382848661434506,-2.9887088119413726e-09,0.91
2760.0,1.1007246983670228e-05,0.010051678063092602,1.1913810562814113,-0.930463074635623,0.7382848661434506,-2.988708518795129e-09,0.91
2760.0,1.0960144431851816e-05,0.010023794155675843,1.218575892621189,-0.9304744735251219,0.7382848661434506,-2.9797355939934827e-09,0.91
2760.0,1.0960144491253575e-05,0.010023794155675843,1.218575892621189,-0.9304744735251219,0.7382848661434506,-2.97973456211242e-09,0.91
2760.0009999983013,1.0960141571489652e-05,0.010023794155675843,1.218575892621189,-0.9304744735251219,0.7382848661434506,-2.979731524776485e-09,0.91
2760.0,1.0934780544991948e-05,0.010008691874739534,1.227348705620198,-0.922777478828703,0.7382848661434506,-2.923251194230721e-09,0.91
2759.9989999979734,1.0960148542073617e-05,0.010023794155675843,1.218575892621189,-0.9304744735251219,0.7382848661434506,-2.9797357047019347e-09,0.91
2760.002000000328,1.0960144508861005e-05,0.010023794155675843,1.218575892621189,-0.9304744735251219,0.7382848661434506,-2.979728248644074e-09,0.91
2760.0,1.096014468258361e-05,0.010023794155675843,1.218575892621189,-0.9304744735251219,0.7382848661434506,-2.979733257275354e-09,0.91
2760.0010000020266,1.0960144017462149e-05,0.010023794155675843,1.218575892621189,-0.9304744735251219,0.7382848661434506,-2.9797321642737135e-09,0.91
2760.0010000020266,1.096014173809536e-05,0.010023794155675843,1.218575892621189,-0.9304744735251219,0.7382848661434506,-2.979730900175267e-09,0.91
2760.0,1.0960143231238581e-05,0.010023794155675843,1.218575892621189,-0.9304744735251219,0.7382848661434506,-2.9797307274773553e-09,0.91
2759.997999999672,1.096014777291349e-05,0.010023794155675843,1.218575892621189,-0.9304744735251219,0.7382848661434506,-2.979739575540756e-09,0.91
2760.0,1.0960142141649039e-05,0.010023794155675843,1.218575892621189,-0.9304744735251219,0.7382848661434506,-2.9797344763589045e-09,0.91
2760.0009999983013,1.0960145439714639e-05,0.010023794155675843,1.218575892621189,-0.9304744735251219,0.7382848661434506,-2.979732144677804e-09,0.91
2760.0,1.0960142282776095e-05,0.010023794155675843,1.218575892621189,-0.9304744735251219,0.7382848661434506,-2.979735574969361e-09,0.91
2759.997999999672,1.0960146735400576e-05,0.010023794155675843,1.218575892621189,-0.9304744735251219,0.7382848661434506,-2.9797370000805287e-09,0.91
2760.0010000020266,1.0960147060088653e-05,0.010023794155675843,1.218575892621189,-0.9304744735251219,0.7382848661434506,-2.9797372623418605e-09,0.909
2760.002000000328,1.0960144946121197e-05,0.010023794155675843,1.218575892621189,-0.9304744735251219,0.7382848661434506,-2.979733998001048e-09,0.909
2760.002000000328,1.0934783170700708e-05,0.010008691874739534,1.227348705620198,-0.922777478828703,0.7382848661434506,-2.923252492093462e-09,0.909
2760.0010000020266,1.0884059252558751e-05,0.009965156688486437,1.253932827426656,-0.9593688693290021,0.7382848661434506,-3.078442215470775e-09,0.909
2760.0,1.0934778937248606e-05,0.010008691874739534,1.227348705620198,-0.922777478828703,0.7382848661434506,-2.923254225835559e-09,0.909
2759.9990000016987,1.093477997882688e-05,0.010008691874739534,1.227348705620198,-0.922777478828703,0.7382848661434506,-2.923260104828834e-09,0.909
2759.9990000016987,1.0934780076921079e-05,0.010008691874739534,1.227348705620198,-0.922777478828703,0.7382848661434506,-2.9232545496815876e-09,0.909
2760.0,1.0960142035970049e-05,0.010023794155675843,1.218575892621189,-0.9304744735251219,0.7382848661434506,-2.979737344649438e-09,0.909
2759.9990000016987,1.0960143079711495e-05,0.010023794155675843,1.218575892621189,-0.9304744735251219,0.7382848661434506,-2.9797332822404664e-09,0.909
2759.9990000016987,1.0934781970955115e-05,0.010008691874739534,1.227348705620198,-0.922777478828703,0.7382848661434506,-2.9232522978823747e-09,0.909
2760.0,1.0934783551243197e-05,0.010008691874739534,1.227348705620198,-0.922777478828703,0.7382848661434506,-2.923252118184625e-09,0.909
2760.0,1.0858698096741421e-05,0.009949783334615691,1.262852735070263,-0.9518990665844775,0.7382848661434506,-3.0219644328240234e-09,0.909
2759.9990000016987,1.0858695225804655e-05,0.009949783334615691,1.262852735070263,-0.9518990665844775,0.7382848661434506,-3.0219629013107383e-09,0.909
2760.0,1.0934783479983916e-05,0.010008691874739534,1.227348705620198,-0.922777478828703,0.7382848661434506,-2.923253223939856e-09,0.909
2760.0,1.0934781970635939e-05,0.010008691874739534,1.227348705620198,-0.922777478828703,0.7382848661434506,-2.923257280670755e-09,0.909
2759.9990000016987,1.0858690560647014e-05,0.009949783334615691,1.262852735070263,-0.9518990665844775,0.7382848661434506,-3.0219660907281355e-09,0.909
2760.0030000023544,1.0934774697994639e-05,0.010008691874739534,1.227348705620198,-0.922777478828703,0.7382848661434506,-2.923249431321408e-09,0.909
2760.0009999983013,1.0934783695950934e-05,0.010008691874739534,1.227348705620198,-0.922777478828703,0.7382848661434506,-2.923251451217869e-09,0.909
2759.9990000016987,1.0934779805008205e-05,0.010008691874739534,1.227348705620198,-0.922777478828703,0.7382848661434506,-2.9232530478042114e-09,0.909
2759.997999999672,1.0934783298821539e-05,0.010008691874739534,1.227348705620198,-0.922777478828703,0.7382848661434506,-2.923250780743261e-09,0.909
2760.0,1.0934785124807403e-05,0.010008691874739534,1.227348705620198,-0.922777478828703,0.7382848661434506,-2.9232541873111668e-09,0.909
2760.0010000020266,1.0934779580067944e-05,0.010008691874739534,1.227348705620198,-0.922777478828703,0.7382848661434506,-2.9232559505986993e-09,0.909
2760.0,1.093478127315173e-05,0.010008691874739534,1.227348705620198,-0.922777478828703,0.7382848661434506,-2.923252478480464e-09,0.909
2759.9969999976456,1.0934786233185191e-05,0.010008691874739534,1.227348705620198,-0.922777478828703,0.7382848661434506,-2.923259860517411e-09,0.909
2760.002000000328,1.0934780839888093e-05,0.010008691874739534,1.227348705620198,-0.922777478828703,0.7382848661434506,-2.9232557293501494e-09,0.909
2760.0,1.0934782465227664e-05,0.010008691874739534,1.227348705620198,-0.922777478828703,0.7382848661434506,-2.9232466969104188e-09,0.909
2760.002000000328,1.0934781405734373e-05,0.010008691874739534,1.227348705620198,-0.922777478828703,0.7382848661434506,-2.9232545842804892e-09,0.908
2760.0,1.0934784574295372e-05,0.010008691874739534,1.227348705620198,-0.922777478828703,0.7382848661434506,-2.923252635054108e-09,0.908
2760.0009999983013,1.0934784811689254e-05,0.010008691874739534,1.227348705620198,-0.922777478828703,0.7382848661434506,-2.9232530301665514e-09,0.908
2760.0009999983013,1.0934783895959906e-05,0.010008691874739534,1.227348705620198,-0.922777478828703,0.7382848661434506,-2.923249317892649e-09,0.908
2759.9989999979734,1.093478275534988e-05,0.010008691874739534,1.227348705620198,-0.922777478828703,0.7382848661434506,-2.923255959397634e-09,0.908
2759.9990000016987,1.0934782578015427e-05,0.010008691874739534,1.227348705620198,-0.922777478828703,0.7382848661434506,-2.9232538771068656e-09,0.908
2759.9990000016987,1.0934784189279523e-05,0.010008691874739534,1.227348705620198,-0.922777478828703,0.7382848661434506,-2.923258482407119e-09,0.908
2759.997999999672,1.0934784796355353e-05,0.010008691874739534,1.227348705620198,-0.922777478828703,0.7382848661434506,-2.9232581343819014e-09,0.908
2759.9989999979734,1.093477897142667e-05,0.010008691874739534,1.227348705620198,-0.922777478828703,0.7382848661434506,-2.9232555288055593e-09,0.908
2759.9989999979734,1.0934783947431653e-05,0.010008691874739534,1.227348705620198,-0.922777478828703,0.7382848661434506,-2.923250662552991e-09,0.908
2759.997999999672,1.0934783147703789e-05,0.010008691874739534,1.227348705620198,-0.922777478828703,0.7382848661434506,-2.923255237957728e-09,0.908
2759.997000001371,1.0934783543249562e-05,0.010008691874739534,1.227348705620198,-0.922777478828703,0.7382848661434506,-2.9232557332500244e-09,0.908
2759.9959999993443,1.0934785349438175e-05,0.010008691874739534,1.227348705620198,-0.922777478828703,0.7382848661434506,-2.923258445569849e-09,0.908
2759.9990000016987,1.0934781072815964e-05,0.010008691874739534,1.227348705620198,-0.922777478828703,0.7382848661434506,-2.923254209324254e-09,0.908
2760.0,1.0934783004871411e-05,0.010008691874739534,1.227348705620198,-0.922777478828703,0.7382848661434506,-2.9232525970105765e-09,0.908
2760.0,1.0934779718428114e-05,0.010008691874739534,1.227348705620198,-0.922777478828703,0.7382848661434506,-2.923257022702017e-09,0.908
2760.0,1.0934780680466286e-05,0.010008691874739534,1.227348705620198,-0.922777478828703,0.7382848661434506,-2.9232538380186757e-09,0.908
2759.9990000016987,1.0934784890605395e-05,0.010008691874739534,1.227348705620198,-0.922777478828703,0.7382848661434506,-2.9232570827091343e-09,0.908
2760.0,1.093478470625649e-05,0.010008691874739534,1.227348705620198,-0.922777478828703,0.7382848661434506,-2.9232547136290997e-09,0.908
2760.0009999983013,1.0934781567727394e-05,0.010008691874739534,1.227348705620198,-0.922777478828703,0.7382848661434506,-2.9232568508092406e-09,0.908
2760.0,1.0934780876958409e-05,0.010008691874739534,1.227348705620198,-0.922777478828703,0.7382848661434506,-2.923257339083922e-09,0.908
2759.9990000016987,1.093477903181007e-05,0.010008691874739534,1.227348705620198,-0.922777478828703,0.7382848661434506,-2.9232555855472306e-09,0.908
2760.002000000328,1.0934782197793321e-05,0.010008691874739534,1.227348705620198,-0.922777478828703,0.7382848661434506,-2.923254110738464e-09,0.908
2759.997000001371,1.0934782611255561e-05,0.010008691874739534,1.227348705620198,-0.922777478828703,0.7382848661434506,-2.9232583501346997e-09,0.908
2760.0,1.0934781768050617e-05,0.010008691874739534,1.227348705620198,-0.922777478828703,0.7382848661434506,-2.9232522717058443e-09,0.908
2760.0,1.0934784653217928e-05,0.010008691874739534,1.227348705620198,-0.922777478828703,0.7382848661434506,-2.9232576045759575e-09,0.908
2759.9989999979734,1.093477958295501e-05,0.010008691874739534,1.227348705620198,-0.922777478828703,0.7382848661434506,-2.9232529638224675e-09,0.908
2760.0,1.0934776157521885e-05,0.010008691874739534,1.227348705620198,-0.922777478828703,0.7382848661434506,-2.9232532936721866e-09,0.907
2760.0,1.0934783362728149e-05,0.010008691874739534,1.227348705620198,-0.922777478828703,0.7382848661434506,-2.9232588860335895e-09,0.907
2759.997999999672,1.0934780695477902e-05,0.010008691874739534,1.227348705620198,-0.922777478828703,0.7382848661434506,-2.923254147913144e-09,0.907
2760.0010000020266,1.0934786256800145e-05,0.010008691874739534,1.227348705620198,-0.922777478828703,0.7382848661434506,-2.923255397072832e-09,0.907
2760.002999998629,1.0934784189588764e-05,0.010008691874739534,1.227348705620198,-0.922777478828703,0.7382848661434506,-2.9232505870467466e-09,0.907
2760.002000000328,1.0934788532009235e-05,0.010008691874739534,1.227348705620198,-0.922777478828703,0.7382848661434506,-2.923255042576e-09,0.907
2760.0009999983013,1.0934780851065128e-05,0.010008691874739534,1.227348705620198,-0.922777478828703,0.7382848661434506,-2.923253306699077e-09,0.907
2759.997999999672,1.0934780816552781e-05,0.010008691874739534,1.227348705620198,-0.922777478828703,0.7382848661434506,-2.923258610751562e-09,0.907
2760.0,1.093478078237486e-05,0.010008691874739534,1.227348705620198,-0.922777478828703,0.7382848661434506,-2.923253302842308e-09,0.907
2760.0,1.0934781947953872e-05,0.010008691874739534,1.227348705620198,-0.922777478828703,0.7382848661434506,-2.9232575370002517e-09,0.907
2760.002000000328,1.0934780545294639e-05,0.010008691874739534,1.227348705620198,-0.922777478828703,0.7382848661434506,-2.92325156741055e-09,0.907
2760.0009999983013,1.0934779130217765e-05,0.010008691874739534,1.227348705620198,-0.922777478828703,0.7382848661434506,-2.9232558271078804e-09,0.907
2759.997999999672,1.0934776115348811e-05,0.010008691874739534,1.227348705620198,-0.922777478828703,0.7382848661434506,-2.9232534503602674e-09,0.907
2760.0,1.0934779209442386e-05,0.010008691874739534,1.227348705620198,-0.922777478828703,0.7382848661434506,-2.9232508115562836e-09,0.907
2760.0009999983013,1.1007252349777213e-05,0.010051678063092602,1.1913810562814113,-0.930463074635623,0.7382848661434506,-2.9887123196720813e-09,0.907
2759.997000001371,1.1007247525730201e-05,0.010051678063092602,1.1913810562814113,-0.930463074635623,0.7382848661434506,-2.988712241791115e-09,0.907
2759.9989999979734,1.1007246334554153e-05,0.010051678063092602,1.1913810562814113,-0.930463074635623,0.7382848661434506,-2.988707182706718e-09,0.907
2760.0,1.101086634568179e-05,0.010057713890126883,1.1988065174519402,-0.9420547689960342,0.7382848661434506,-3.064189443890708e-09,0.907
2759.9989999979734,1.1007248726263857e-05,0.010051678063092602,1.1913810562814113,-0.930463074635623,0.7382848661434506,-2.9887078339342006e-09,0.907
2760.0040000006557,1.1007244227893998e-05,0.010051678063092602,1.1913810562814113,-0.930463074635623,0.7382848661434506,-2.9887058519381003e-09,0.907
2760.0,1.0960146762526918e-05,0.010023794155675843,1.218575892621189,-0.9304744735251219,0.7382848661434506,-2.979735660654752e-09,0.907
2760.0009999983013,1.1007241295186743e-05,0.010051678063092602,1.1913810562814113,-0.930463074635623,0.7382848661434506,-2.9887060584639363e-09,0.907
2759.9989999979734,1.1007240722866679e-05,0.010051678063092602,1.1913810562814113,-0.930463074635623,0.7382848661434506,-2.9887100861914552e-09,0.907
2760.0009999983013,1.096014345341535e-05,0.010023794155675843,1.218575892621189,-0.9304744735251219,0.7382848661434506,-2.9797323170165787e-09,0.907
2760.0010000020266,1.1239128504481851e-05,0.010252959982648704,1.188861668680377,-0.9039722015774038,0.7382848661434506,-2.9602077077024165e-09,0.906
2760.0,1.1083334898135245e-05,0.010099415250686349,1.1648142407448097,-0.9507806537154483,0.7382848661434506,-3.1359855937874384e-09,0.907
2759.997999999672,1.096013990241486e-05,0.010023794155675843,1.218575892621189,-0.9304744735251219,0.7382848661434506,-2.9797328233121012e-09,0.906
2759.9980000033975,1.1010871611121697e-05,0.010057713890126883,1.1988065174519402,-0.9420547689960342,0.7382848661434506,-3.064202506556261e-09,0.906
2760.002000000328,1.1047107043643795e-05,0.010097262507478274,1.206645380029327,-0.9782954205918031,0.7382848661434506,-3.264781963161081e-09,0.906
2759.9960000030696,1.1057969827752192e-05,0.010096275680105737,1.189360276660958,-0.9650934215444946,0.7382848661434506,-3.192465992844571e-09,0.906
2760.0,1.108333643808677e-05,0.010099415250686349,1.1648142407448097,-0.9507806537154483,0.7382848661434506,-3.1359836193385688e-09,0.906
2760.0,1.1083339625987532e-05,0.010099415250686349,1.1648142407448097,-0.9507806537154483,0.7382848661434506,-3.1359805844745763e-09,0.906
2760.002000000328,1.1083336057955222e-05,0.010099415250686349,1.1648142407448097,-0.9507806537154483,0.7382848661434506,-3.135977186938754e-09,0.906
2759.9990000016987,1.1010873694350555e-05,0.010057713890126883,1.1988065174519402,-0.9420547689960342,0.7382848661434506,-3.064197073595795e-09,0.906
2759.997999999672,1.103986053585447e-05,0.010070674171120252,1.1767968150021977,-0.9360191335071025,0.7382848661434506,-3.032523269280789e-09,0.906
2760.002000000328,1.1007247081062236e-05,0.010051678063092602,1.1913810562814113,-0.930463074635623,0.7382848661434506,-2.9887066157762077e-09,0.906
2760.002000000328,1.1083339472202678e-05,0.010175898635672252,1.2916547691412745,-0.9627661947834522,0.7382848661434506,-3.111694836268125e-09,0.906
2759.9989999979734,1.1043470280889878e-05,0.010076518837577637,1.1846971171654808,-0.9476496886922022,0.7382848661434506,-3.1080054072174545e-09,0.906
2759.9989999979734,1.1000001208724752e-05,0.01006464611644512,1.2699811894766233,-0.9856318625840944,0.7382848661434506,-3.1871819471185295e-09,0.906
2760.002000000328,1.1083335262257084e-05,0.010099415250686349,1.1648142407448097,-0.9507806537154483,0.7382848661434506,-3.135971802361456e-09,0.906
2760.0,1.1007246917728202e-05,0.010051678063092602,1.1913810562814113,-0.930463074635623,0.7382848661434506,-2.9887109454494826e-09,0.906
2759.9990000016987,1.1007251902420997e-05,0.010051678063092602,1.1913810562814113,-0.930463074635623,0.7382848661434506,-2.9887008473859853e-09,0.906
2760.0,1.0960142489846015e-05,0.010023794155675843,1.218575892621189,-0.9304744735251219,0.7382848661434506,-2.9797395356706296e-09,0.906
2759.9989999979734,1.0960138521402482e-05,0.010023794155675843,1.218575892621189,-0.9304744735251219,0.7382848661434506,-2.9797346146022345e-09,0.906
2759.9989999979734,1.0960146653127693e-05,0.010023794155675843,1.218575892621189,-0.9304744735251219,0.7382848661434506,-2.979732214019476e-09,0.906
2760.0010000020266,1.0960142532406301e-05,0.010023794155675843,1.218575892621189,-0.9304744735251219,0.7382848661434506,-2.979730727421225e-09,0.906
2760.0009999983013,1.093478286172261e-05,0.010008691874739534,1.227348705620198,-0.922777478828703,0.7382848661434506,-2.9232533024048713e-09,0.906
2760.0009999983013,1.093477869663256e-05,0.010008691874739534,1.227348705620198,-0.922777478828703,0.7382848661434506,-2.923252026046571e-09,0.906
2760.0009999983013,1.0934780806325267e-05,0.010008691874739534,1.227348705620198,-0.922777478828703,0.7382848661434506,-2.923251635621665e-09,0.906
2759.9989999979734,1.0934783502662664e-05,0.010008691874739534,1.227348705620198,-0.922777478828703,0.7382848661434506,-2.9232561539105573e-09,0.906
2759.9990000016987,1.0934787402883356e-05,0.010008691874739534,1.227348705620198,-0.922777478828703,0.7382848661434506,-2.9232625923704795e-09,0.906
2760.0,1.093478189201204e-05,0.010008691874739534,1.227348705620198,-0.922777478828703,0.7382848661434506,-2.923257956815241e-09,0.906
2760.002000000328,1.093477739113085e-05,0.010008691874739534,1.227348705620198,-0.922777478828703,0.7382848661434506,-2.9232473194603584e-09,0.906
2760.002000000328,1.0934782453726186e-05,0.010008691874739534,1.227348705620198,-0.922777478828703,0.7382848661434506,-2.923254170563232e-09,0.905
2759.9989999979734,1.093478916849644e-05,0.010008691874739534,1.227348705620198,-0.922777478828703,0.7382848661434506,-2.9232538276488195e-09,0.905
2760.002999998629,1.093477892699455e-05,0.010008691874739534,1.227348705620198,-0.922777478828703,0.7382848661434506,-2.923254499824918e-09,0.905
2760.0019999966025,1.093478630217289e-05,0.010008691874739534,1.227348705620198,-0.922777478828703,0.7382848661434506,-2.9232499540763008e-09,0.905
2759.997999999672,1.0880436624661823e-05,0.00997596749875574,1.260604776875196,-0.9262929032119395,0.7382848661434506,-2.936451795280736e-09,0.905
2760.0009999983013,1.093478083284469e-05,0.010008691874739534,1.227348705620198,-0.922777478828703,0.7382848661434506,-2.923253497081527e-09,0.905
2759.997999999672,1.0996379873544719e-05,0.010054110847187605,1.1511789870302627,-0.9122125049373556,0.7382848661434506,-2.961791515391358e-09,0.905
2760.0009999983013,1.0858695946775066e-05,0.009949783334615691,1.262852735070263,-0.9518990665844775,0.7382848661434506,-3.021959629817524e-09,0.905
2759.997999999672,1.0996376432927355e-05,0.010054110847187605,1.1511789870302627,-0.9122125049373556,0.7382848661434506,-2.9617893179651347e-09,0.905
2759.9989999979734,1.0902172931751177e-05,0.009983954518430371,1.1869763879906756,-0.9314274573453588,0.7382848661434506,-2.9945130099327963e-09,0.905
2759.9990000016987,1.0786235567097507e-05,0.009905257716727095,1.2989141739286882,-0.9465572195573034,0.7382848661434506,-2.9691718880428302e-09,0.905
2759.9989999979734,1.0865946828140644e-05,0.009951967979584038,1.1991488694102248,-0.9214701106050602,0.7382848661434506,-2.941722466826353e-09,0.905
2760.0009999983013,1.0869562435007613e-05,0.009948781878680653,1.1868159493439068,-0.9087335912129378,0.7382848661434506,-2.866245805870375e-09,0.905
2760.0,1.0869562727735807e-05,0.009948781878680653,1.1868159493439068,-0.9087335912129378,0.7382848661434506,-2.866250205162414e-09,0.905
2760.0,1.0865947149037574e-05,0.009951967979584038,1.1991488694102248,-0.9214701106050602,0.7382848661434506,-2.9417336934943666e-09,0.905
2760.002000000328,1.0865948569299712e-05,0.009951967979584038,1.1991488694102248,-0.9214701106050602,0.7382848661434506,-2.9417310951099066e-09,0.905
2759.9989999979734,1.0869564304350134e-05,0.009948781878680653,1.1868159493439068,-0.9087335912129378,0.7382848661434506,-2.866250615542398e-09,0.905
2760.0,1.0869566349621565e-05,0.009948781878680653,1.1868159493439068,-0.9087335912129378,0.7382848661434506,-2.86625159841228e-09,0.905
2950.6009999997914,1.237384943990982e-05,0.011656308906937198,0.9995936379906691,-1.174184282282115,4.256281612789003,-4.99043635932598e-09,0.913
2980.6409999988973,1.2397840795512393e-05,0.01177546893543575,0.9481086178897318,-1.1493360849150636,4.27089654795687,-4.8584992198958476e-09,0.914
2980.6019999980927,1.2394734008305187e-05,0.011795317481484416,0.9860096000819354,-1.1683831349926888,4.300358282686349,-4.93539131218049e-09,0.915
2980.6019999980927,1.2394734008305187e-05,0.011795317481484416,0.9860096000819354,-1.1683831349926888,4.300358282686349,-4.93539131218049e-09,0.915
2960.964999999851,1.1712639631758904e-05,0.010876776121822971,0.8279654505002618,-0.8741554540517131,4.299032096769296,-3.139158352740993e-09,0.922
2960.964999999851,1.1712639631758904e-05,0.010876776121822971,0.8279654505002618,-0.8741554540517131,4.299032096769296,-3.139158352740993e-09,0.922
3021.0269999988377,1.2299484051133593e-05,0.01180545015751762,0.9383133923120179,-1.089156102261618,4.286350861052023,-4.3754748298075595e-09,0.923
3021.0269999988377,1.2299484051133593e-05,0.01180545015751762,0.9383133923120179,-1.089156102261618,4.286350861052023,-4.3754748298075595e-09,0.923
2760.0040000006557,1.0938399228803414e-05,0.010025239886536742,1.307753075519468,-0.9953616069976674,0.7382848661434506,-3.22571399823727e-09,0.915
2760.0,1.0960144275705783e-05,0.010023794155675848,1.2185758926213754,-0.9304744735252659,0.7382848661434506,-2.979740307290104e-09,0.914
2760.0040000006557,1.0934782866779459e-05,0.010008691874739538,1.2273487056201908,-0.9227774788287021,0.7382848661434506,-2.9232498225080065e-09,0.914
2760.0,1.0786229696006484e-05,0.009905257716727098,1.298914173928683,-0.9465572195573028,0.7382848661434506,-2.9691820740453154e-09,0.913
2759.997999999672,1.0902181067896818e-05,0.009954152145086775,1.158949742393176,-0.893801784608337,0.7382848661434506,-2.822433492311125e-09,0.913
2759.997999999672,1.0869560839317301e-05,0.009948781878680656,1.186815949343706,-0.9087335912127908,0.7382848661434506,-2.8662497993429316e-09,0.913
2760.0010000020266,1.1076086218573819e-05,0.010099415250686422,1.2239246927389988,-0.9038875065372457,0.7382848661434506,-2.8878911286951924e-09,0.912
2760.0040000006557,1.093840731028753e-05,0.01002523988653682,1.307753075519531,-0.9953616069977207,0.7382848661434506,-3.225707969530608e-09,0.912
2759.9959999993443,1.0938405333174818e-05,0.01002523988653682,1.307753075519531,-0.9953616069977207,0.7382848661434506,-3.2257140281214827e-09,0.912
2760.0009999983013,1.0916666913293047e-05,0.009991209904827292,1.2899220864066638,-0.95769436142254,0.7382848661434506,-3.0536325118735485e-09,0.912
2759.995000001043,1.0963779636828405e-05,0.010030027381585876,1.2255964203984515,-0.9420247641434784,0.7382848661434506,-3.0552249624919154e-09,0.911
2759.9990000016987,1.0960151847427232e-05,0.010023794155675905,1.2185758926210521,-0.9304744735250193,0.7382848661434506,-2.979738134159503e-09,0.911
2760.0,1.093478106159498e-05,0.01000869187473959,1.227348705620268,-0.9227774788287483,0.7382848661434506,-2.9232564584830906e-09,0.911
2760.002000000328,1.0934780556755863e-05,0.01000869187473959,1.227348705620268,-0.9227774788287483,0.7382848661434506,-2.9232473705600975e-09,0.911
2760.002000000328,1.0934775591304702e-05,0.01000869187473959,1.227348705620268,-0.9227774788287483,0.7382848661434506,-2.9232528645197105e-09,0.911
2760.0010000020266,1.0934776222349457e-05,0.01000869187473959,1.227348705620268,-0.9227774788287483,0.7382848661434506,-2.9232522518484535e-09,0.911
2760.0019999966025,1.0934775307915378e-05,0.01000869187473959,1.227348705620268,-0.9227774788287483,0.7382848661434506,-2.9232533011171165e-09,0.91
2760.0,1.0934776206363242e-05,0.01000869187473959,1.227348705620268,-0.9227774788287483,0.7382848661434506,-2.9232553344368882e-09,0.91
2760.0030000023544,1.0916664532742487e-05,0.009997735250791931,1.2291972726918354,-0.9130769130072642,0.7382848661434506,-2.857281758824294e-09,0.91
2759.9990000016987,1.0786229946307495e-05,0.009905257716727142,1.2989141739287735,-0.9465572195573546,0.7382848661434506,-2.969176637207693e-09,0.91
2760.002999998629,1.0804343580017061e-05,0.009906812178305989,1.2771356515398091,-0.9323797786749486,0.7382848661434506,-2.903187493116411e-09,0.91
2760.0,1.0807984058765242e-05,0.009903794471188112,1.264310668976945,-0.9195407292050659,0.7382848661434506,-2.827720764358727e-09,0.91
2760.0009999983013,1.0869560094992784e-05,0.00994878187868068,1.1868159493436288,-0.9087335912126956,0.7382848661434506,-2.8662450135456646e-09,0.909
2760.0,1.0840578142085534e-05,0.009909371936400057,1.2355495068633608,-0.904483917688683,0.7382848661434506,-2.7839027446196615e-09,0.909
2759.997000001371,1.0902185625786679e-05,0.009954152145086798,1.1589497423931032,-0.8938017846082422,0.7382848661434506,-2.8224341403785385e-09,0.909
2760.0010000020266,1.0869566003031789e-05,0.00994878187868068,1.1868159493436288,-0.9087335912126956,0.7382848661434506,-2.866237936473814e-09,0.909
2759.9990000016987,1.0807972911849315e-05,0.009903794471188112,1.264310668976945,-0.9195407292050659,0.7382848661434506,-2.8277159490341084e-09,0.909
2760.0,1.0902168672954125e-05,0.009954152145086798,1.1589497423931032,-0.8938017846082422,0.7382848661434506,-2.8224269641507314e-09,0.909
2760.0,1.1003618905950065e-05,0.009994835622982229,1.056032273487613,-0.8626277864918463,0.7382848661434506,-2.826663870424179e-09,0.909
2760.0,1.1003620026889292e-05,0.009994835622982229,1.056032273487613,-0.8626277864918463,0.7382848661434506,-2.8266609883980885e-09,0.909
2759.9980000033975,1.1086964993890826e-05,0.010107752800037515,1.2265656577561463,-0.9146037476334974,0.7382848661434506,-2.960208760915611e-09,0.908
2760.0,1.1076089564319574e-05,0.01009941525068638,1.2239246927390557,-0.903887506537269,0.7382848661434506,-2.887891573945686e-09,0.908
2760.0,1.1076086991896788e-05,0.01009941525068638,1.2239246927390557,-0.903887506537269,0.7382848661434506,-2.8878860701194702e-09,0.908
2759.9989999979734,1.1076087535428425e-05,0.01009941525068638,1.2239246927390557,-0.903887506537269,0.7382848661434506,-2.887889117828843e-09,0.908
2760.0,1.1076091290106466e-05,0.01009941525068638,1.2239246927390557,-0.903887506537269,0.7382848661434506,-2.8878835315352985e-09,0.908
2760.002999998629,1.0865932294844467e-05,0.009945412605018362,1.294975936430447,-0.9237906616893198,0.7382848661434506,-2.8562100808533422e-09,0.908
2759.9990000016987,1.0934783604251813e-05,0.01000869187473959,1.227348705620268,-0.9227774788287483,0.7382848661434506,-2.9232622573325053e-09,0.908
2760.0,1.1159418798536406e-05,0.010149605546700968,1.1852701962165773,-0.8951364254592193,0.7382848661434506,-2.8968656900416533e-09,0.908
2760.0,1.0960147696643176e-05,0.010023794155675858,1.2185758926211623,-0.9304744735251201,0.7382848661434506,-2.979729822983168e-09,0.908
2760.0019999966025,1.0840577531010272e-05,0.009909371936400027,1.235549506863249,-0.9044839176886293,0.7382848661434506,-2.7838977195159877e-09,0.907
2760.0,1.1083333505500106e-05,0.010138086461529569,1.2600329679111333,-0.9379533789611453,0.7382848661434506,-3.0536409338382566e-09,0.907
2760.0040000006557,1.0934780548790245e-05,0.01000869187473959,1.227348705620268,-0.9227774788287483,0.7382848661434506,-2.923255307940953e-09,0.907
2760.0,1.0934780898984288e-05,0.01000869187473959,1.227348705620268,-0.9227774788287483,0.7382848661434506,-2.923258280221725e-09,0.907
2759.997000001371,1.0902173059266783e-05,0.009954152145086798,1.1589497423932933,-0.8938017846083879,0.7382848661434506,-2.8224318757409345e-09,0.907
2760.0,1.10760837621654e-05,0.01009941525068638,1.2239246927390557,-0.903887506537269,0.7382848661434506,-2.887886577721185e-09,0.907
2760.0,1.1152167951446303e-05,0.010185240813784519,1.219827912855119,-0.9219449067536211,0.7382848661434506,-2.98659931491685e-09,0.907
2759.9959999993443,1.0934785787776658e-05,0.01000869187473959,1.227348705620268,-0.9227774788287483,0.7382848661434506,-2.923253844084189e-09,0.907
2760.002000000328,1.1076091787433498e-05,0.01009941525068638,1.2239246927390557,-0.903887506537269,0.7382848661434506,-2.8878857907945063e-09,0.907
2759.9990000016987,1.1021741090767495e-05,0.010073282210518735,1.2855653130573828,-0.919384868886193,0.7382848661434506,-2.8746858730132636e-09,0.907
2760.0,1.1094206024018362e-05,0.010132456102380406,1.1934402403788535,-0.8935136676126628,0.7382848661434506,-2.930647242342858e-09,0.907
2759.9969999976456,1.093479240509965e-05,0.010008691874739567,1.2273487056203045,-0.9227774788287597,0.7382848661434506,-2.9232536298289945e-09,0.906
2759.9990000016987,1.091667360958219e-05,0.009997735250791907,1.2291972726918727,-0.9130769130072759,0.7382848661434506,-2.8572702325886336e-09,0.906
2759.9989999979734,1.0916674625185356e-05,0.009969427905031605,1.200809497560921,-0.8747521872646118,0.7382848661434506,-2.68519411249095e-09,0.906
2760.002000000328,1.0949276884860386e-05,0.009968064949656954,1.116518973416043,-0.8778751013986261,0.7382848661434506,-2.813462291509498e-09,0.906
2759.9980000033975,1.099274970065931e-05,0.009986585205062376,1.053675923942551,-0.8516269406816799,0.7382848661434506,-2.7543377018648823e-09,0.906
2760.0010000020266,1.1076094570915559e-05,0.010099415250686377,1.2239246927390628,-0.9038875065372719,0.7382848661434506,-2.8878877843279617e-09,0.906
2759.997999999672,1.1152175507101707e-05,0.010185240813784554,1.2198279128549423,-0.9219449067534958,0.7382848661434506,-2.9865866763719038e-09,0.906
2759.997000001371,1.1152174305621541e-05,0.010185240813784554,1.2198279128549423,-0.9219449067534958,0.7382848661434506,-2.9865885209516425e-09,0.906
2760.002999998629,1.1445648471382155e-05,0.010383846847980686,1.0895190872244829,-0.799419953229494,0.7382848661434506,-2.602844240078826e-09,0.906
2760.002999998629,1.099275055010358e-05,0.00998658520506237,1.0536759239422313,-0.8516269406814794,0.7382848661434506,-2.7543379841655467e-09,0.906
2760.0010000020266,1.1018119465115906e-05,0.010084336397587598,1.223211655589794,-0.8731850351086491,0.7382848661434506,-2.789712357996977e-09,0.906
2760.0030000023544,1.091665920092095e-05,0.009997735250791931,1.2291972726918354,-0.9130769130072642,0.7382848661434506,-2.8572687391923832e-09,0.906
2759.9989999979734,1.0887680675251712e-05,0.00992353008134516,1.1918694874644826,-0.8884266732777757,0.7382848661434506,-2.7749249578399894e-09,0.905
2760.0,1.0992757086163371e-05,0.009986585205062378,1.0536759239425457,-0.8516269406816771,0.7382848661434506,-2.7543475115369363e-09,0.905
2760.0,1.1076088811069945e-05,0.01009941525068638,1.2239246927390557,-0.903887506537269,0.7382848661434506,-2.887892467302068e-09,0.905
2760.0009999983013,1.1228257431688307e-05,0.010197239609432212,1.1456645072456926,-0.8792788718596709,0.7382848661434506,-2.829822547257372e-09,0.905
2760.0009999983013,1.1054346321868282e-05,0.010082180434749228,1.236501636691365,-0.888234304412708,0.7382848661434506,-2.8319381540072544e-09,0.905
2759.997999999672,1.101811379860742e-05,0.010084336397587575,1.2232116555898296,-0.87318503510866,0.7382848661434506,-2.789693330653917e-09,0.905
2759.995000001043,1.1018103050958432e-05,0.010084336397587575,1.2232116555898296,-0.87318503510866,0.7382848661434506,-2.789714755236744e-09,0.905
2760.005999997258,1.1090574450356628e-05,0.010126643720575814,1.186607829939602,-0.8818422024893348,0.7382848661434506,-2.8551486043377446e-09,0.905
2760.0040000006557,1.1018123602851041e-05,0.010084336397587575,1.2232116555898296,-0.87318503510866,0.7382848661434506,-2.789700851432913e-09,0.905
2760.004999998957,1.1018115673700077e-05,0.010084336397587575,1.2232116555898296,-0.87318503510866,0.7382848661434506,-2.78971589422099e-09,0.905
2759.997000001371,1.0934793620445776e-05,0.010008691874739567,1.2273487056203045,-0.9227774788287597,0.7382848661434506,-2.923263445702905e-09,0.905
2759.997999999672,1.0934781677016115e-05,0.009999637674595415,1.2076810993324436,-0.8989606889501696,0.7382848661434506,-2.791275761704489e-09,0.905
2760.002999998629,1.0938409933388298e-05,0.00999701042268657,1.1948340018240406,-0.8860894327729559,0.7382848661434506,-2.7158046321900147e-09,0.905
2760.002000000328,1.0884058113982203e-05,0.009963702239571406,1.2289986873907353,-0.8896952205416191,0.7382848661434506,-2.729001326910607e-09,0.905
2760.0040000006557,1.0916653189854581e-05,0.009969427905031605,1.200809497560921,-0.8747521872646118,0.7382848661434506,-2.6851985624555373e-09,0.904
2759.9939999990165,1.1025376165179763e-05,0.010028130722976297,1.0843012361167297,-0.8487803925491991,0.7382848661434506,-2.7147597407664895e-09,0.905
2759.9959999993443,1.0978268447102078e-05,0.010014120465405424,1.1258795149513006,-0.8644947613061825,0.7382848661434506,-2.7237219903842504e-09,0.905
2760.0009999983013,1.10253600306039e-05,0.010028130722976297,1.0843012361167297,-0.8487803925491991,0.7382848661434506,-2.7147581781020535e-09,0.904
2759.997000001371,1.107972152788012e-05,0.010054921644416823,1.0250603087284365,-0.833858593385526,0.7382848661434506,-2.7279580491760797e-09,0.904
2759.9990000016987,1.0949277799138002e-05,0.009968064949656954,1.116518973416043,-0.8778751013986261,0.7382848661434506,-2.813468784168817e-09,0.904
2760.0009999983013,1.1076078524283564e-05,0.010099415250686377,1.2239246927390628,-0.9038875065372719,0.7382848661434506,-2.887890559970338e-09,0.904
2760.0009999983013,1.1076084580473712e-05,0.010099415250686377,1.2239246927390628,-0.9038875065372719,0.7382848661434506,-2.8878965342438174e-09,0.904
2759.995000001043,1.1076085561201372e-05,0.010099415250686377,1.2239246927390628,-0.9038875065372719,0.7382848661434506,-2.887889582923558e-09,0.904
2759.9959999993443,1.1076094649191271e-05,0.010099415250686377,1.2239246927390628,-0.9038875065372719,0.7382848661434506,-2.8878831818845315e-09,0.904
2760.0,1.1076087814717165e-05,0.010099415250686377,1.2239246927390628,-0.9038875065372719,0.7382848661434506,-2.887891874503285e-09,0.904
2759.997999999672,1.1115940549801215e-05,0.010108111250054468,1.1905322382461518,-0.88865186126245,0.7382848661434506,-2.859915058345821e-09,0.904
2760.0,1.1115944274742872e-05,0.010108111250054468,1.1905322382461518,-0.88865186126245,0.7382848661434506,-2.8599189586853214e-09,0.904
2760.002000000328,1.1202893748125195e-05,0.010193419303719892,1.1697790699913453,-0.8935314939446556,0.7382848661434506,-2.886295794015353e-09,0.904
2759.997999999672,1.1126811235572526e-05,0.010108021638741917,1.173384434893686,-0.8751962624264616,0.7382848661434506,-2.7875877125257255e-09,0.904
2760.0,1.120289700320384e-05,0.010193419303719892,1.1697790699913453,-0.8935314939446556,0.7382848661434506,-2.8863066387808893e-09,0.904
2759.997999999672,1.1228256682089063e-05,0.010197239609432248,1.1456645072455274,-0.879278871859546,0.7382848661434506,-2.829829447785529e-09,0.904
2760.0040000006557,1.1202897584842849e-05,0.010193419303719892,1.1697790699913453,-0.8935314939446556,0.7382848661434506,-2.8863040121490315e-09,0.904
2759.9989999979734,1.122826826694775e-05,0.010197239609432248,1.1456645072455274,-0.879278871859546,0.7382848661434506,-2.8298301443188615e-09,0.904
2760.00700000301,1.1228249206598659e-05,0.010197239609432248,1.1456645072455274,-0.879278871859546,0.7382848661434506,-2.8298251397704663e-09,0.903
2759.9939999990165,1.1224629111072845e-05,0.010192352916329698,1.1374053105794255,-0.8673463720542103,0.7382848661434506,-2.7543449652454637e-09,0.903
2760.002000000328,1.1021737196968116e-05,0.01006356608359285,1.2518698568073727,-0.8822050420726312,0.7382848661434506,-2.788124491594068e-09,0.903
2759.9969999976456,1.109057788398566e-05,0.010112322086000531,1.2104792974595897,-0.8653050720613112,0.7382848661434506,-2.721088679852585e-09,0.903
2760.0040000006557,1.1021738290404904e-05,0.01006356608359285,1.2518698568073727,-0.8822050420726312,0.7382848661434506,-2.788116320510547e-09,0.903
2760.0030000023544,1.1090569197682793e-05,0.01012664372057583,1.1866078299398275,-0.8818422024895055,0.7382848661434506,-2.8551567828311857e-09,0.903
2759.9969999976456,1.1090574004519738e-05,0.01012664372057583,1.1866078299398275,-0.8818422024895055,0.7382848661434506,-2.855166312272633e-09,0.903
2759.997999999672,1.1090580671828855e-05,0.01012664372057583,1.1866078299398275,-0.8818422024895055,0.7382848661434506,-2.8551564342853534e-09,0.903
2759.9990000016987,1.1090581850224979e-05,0.01012664372057583,1.1866078299398275,-0.8818422024895055,0.7382848661434506,-2.8551675090109456e-09,0.903
2760.002000000328,1.1043484069537495e-05,0.010099146182880414,1.2140438167311638,-0.8811881100035773,0.7382848661434506,-2.8461770396339335e-09,0.903
2759.997000001371,1.1090580853785528e-05,0.01012664372057583,1.1866078299398275,-0.8818422024895055,0.7382848661434506,-2.8551694471274383e-09,0.903
2760.0,1.1018115219294878e-05,0.010084336397587589,1.2232116555900578,-0.8731850351088323,0.7382848661434506,-2.7896978003972424e-09,0.903
2759.9989999979734,1.1043475018610927e-05,0.010099146182880414,1.2140438167311638,-0.8811881100035773,0.7382848661434506,-2.846187441878846e-09,0.903
2759.9989999979734,1.1043486446465207e-05,0.010099146182880414,1.2140438167311638,-0.8811881100035773,0.7382848661434506,-2.8461889131452207e-09,0.903
2760.0040000006557,1.1018110346856171e-05,0.010084336397587589,1.2232116555900578,-0.8731850351088323,0.7382848661434506,-2.7897024097468333e-09,0.903
2760.0,1.1018120963856995e-05,0.010084336397587589,1.2232116555900578,-0.8731850351088323,0.7382848661434506,-2.7897107791761546e-09,0.903
2760.0010000020266,1.1018109548658624e-05,0.010084336397587589,1.2232116555900578,-0.8731850351088323,0.7382848661434506,-2.7897058039081846e-09,0.903
2759.9990000016987,1.1018123402888213e-05,0.010084336397587589,1.2232116555900578,-0.8731850351088323,0.7382848661434506,-2.789708685289758e-09,0.903
2760.0,1.1018120015123174e-05,0.010084336397587589,1.2232116555900578,-0.8731850351088323,0.7382848661434506,-2.7897088358699042e-09,0.903
2759.9990000016987,1.1018103303535782e-05,0.010084336397587589,1.2232116555900578,-0.8731850351088323,0.7382848661434506,-2.7897185399655933e-09,0.902
2760.0040000006557,1.1018121609129347e-05,0.010084336397587589,1.2232116555900578,-0.8731850351088323,0.7382848661434506,-2.789697865193792e-09,0.902
2760.005000002682,1.1018109091654747e-05,0.010084336397587589,1.2232116555900578,-0.8731850351088323,0.7382848661434506,-2.789703614152968e-09,0.902
2760.0,1.1018109761033672e-05,0.010084336397587589,1.2232116555900578,-0.8731850351088323,0.7382848661434506,-2.78970079181254e-09,0.902
2759.997999999672,1.101812143351511e-05,0.010084336397587589,1.2232116555900578,-0.8731850351088323,0.7382848661434506,-2.7897008446097514e-09,0.902
2759.995000001043,1.101812059466097e-05,0.010084336397587589,1.2232116555900578,-0.8731850351088323,0.7382848661434506,-2.789714230900572e-09,0.902
2760.004999998957,1.099999152412361e-05,0.010073641887101453,1.2255486036952137,-0.8632850458343143,0.7382848661434506,-2.7237202546356437e-09,0.902
2759.997999999672,1.1018111130269416e-05,0.01007570977828518,1.2048720144081093,-0.8492660156080173,0.7382848661434506,-2.6577441088640013e-09,0.902
2760.0040000006557,1.1018115076127501e-05,0.010084336397587589,1.2232116555900578,-0.8731850351088323,0.7382848661434506,-2.7897044858059634e-09,0.902
2760.002000000328,1.1018114716643311e-05,0.01007570977828518,1.2048720144081093,-0.8492660156080173,0.7382848661434506,-2.657741976364861e-09,0.902
2760.0019999966025,1.1018119160605955e-05,0.01007570977828518,1.2048720144081093,-0.8492660156080173,0.7382848661434506,-2.657741609307468e-09,0.902
2760.0009999983013,1.1018112755671321e-05,0.01007570977828518,1.2048720144081093,-0.8492660156080173,0.7382848661434506,-2.657744443822213e-09,0.902
2760.0010000020266,1.1018122329405512e-05,0.01007570977828518,1.2048720144081093,-0.8492660156080173,0.7382848661434506,-2.6577441092596273e-09,0.902
2760.002999998629,1.1050724663681808e-05,0.010081910906977484,1.1769869440896858,-0.8344811117526645,0.7382848661434506,-2.613934835224131e-09,0.902
2760.002000000328,1.102173440759532e-05,0.01007328221051874,1.1927321636496888,-0.8363953636959415,0.7382848661434506,-2.582261037930124e-09,0.902
2759.997999999672,1.0999992694416475e-05,0.010046269767027154,1.199966314255347,-0.8243877596955607,0.7382848661434506,-2.5516479400455436e-09,0.902
2759.9989999979734,1.1054348566987788e-05,0.010079305100270927,1.1654430493738293,-0.8216582087167916,0.7382848661434506,-2.53843990326006e-09,0.902
2760.0040000006557,1.0967388524121069e-05,0.010040407492163624,1.2271893488895156,-0.8391525323656421,0.7382848661434506,-2.5954500275508366e-09,0.902
2759.997000001371,1.1000006067613776e-05,0.010046269767027154,1.199966314255347,-0.8243877596955607,0.7382848661434506,-2.551641669610472e-09,0.902
2759.997999999672,1.1018120673555599e-05,0.010084336397587589,1.2232116555900578,-0.8731850351088323,0.7382848661434506,-2.7897097195306423e-09,0.901
2759.9959999993443,1.1018113358673233e-05,0.010084336397587589,1.2232116555900578,-0.8731850351088323,0.7382848661434506,-2.7897133555969027e-09,0.901
2760.0,1.1018114004854253e-05,0.01007570977828518,1.2048720144081093,-0.8492660156080173,0.7382848661434506,-2.6577396597592215e-09,0.901
2760.002999998629,1.1054339595132655e-05,0.010079305100270927,1.1654430493738293,-0.8216582087167916,0.7382848661434506,-2.5384415457753506e-09,0.901
2760.0,1.1054344630215795e-05,0.010079305100270927,1.1654430493738293,-0.8216582087167916,0.7382848661434506,-2.5384462431533306e-09,0.901
2759.997999999672,1.1021736309866272e-05,0.01007328221051874,1.1927321636496888,-0.8363953636959415,0.7382848661434506,-2.582262009861035e-09,0.901
2760.002000000328,1.1054341619906318e-05,0.010079305100270927,1.1654430493738293,-0.8216582087167916,0.7382848661434506,-2.538441165693806e-09,0.901
2760.0,1.105434624492953e-05,0.010079305100270927,1.1654430493738293,-0.8216582087167916,0.7382848661434506,-2.538449524544657e-09,0.901
2760.0,1.0999993281779895e-05,0.010046269767027154,1.199966314255347,-0.8243877596955607,0.7382848661434506,-2.5516412373204115e-09,0.901
2760.0,1.1000001480243413e-05,0.010046269767027154,1.199966314255347,-0.8243877596955607,0.7382848661434506,-2.551646495749304e-09,0.901
2759.997000001371,1.10000008357183e-05,0.010046269767027154,1.199966314255347,-0.8243877596955607,0.7382848661434506,-2.551645558729446e-09,0.901
2760.002999998629,1.099999232646137e-05,0.010046269767027154,1.199966314255347,-0.8243877596955607,0.7382848661434506,-2.551644855145454e-09,0.901
2760.0009999983013,1.1000005600220701e-05,0.010046269767027154,1.199966314255347,-0.8243877596955607,0.7382848661434506,-2.5516434561363256e-09,0.901
2760.0,1.1000005012457822e-05,0.010046269767027154,1.199966314255347,-0.8243877596955607,0.7382848661434506,-2.551650151943478e-09,0.901
2760.0039999969304,1.0999999697619373e-05,0.010046269767027154,1.199966314255347,-0.8243877596955607,0.7382848661434506,-2.551641090001145e-09,0.901
2760.0009999983013,1.1047104992034882e-05,0.01006059539540999,1.1583714279952666,-0.8088811137092551,0.8112781244591328,-2.542673799613726e-09,0.901
2759.995000001043,1.1047103035482838e-05,0.01006059539540999,1.1583714279952666,-0.8088811137092551,0.8112781244591328,-2.542667616080078e-09,0.901
2760.0009999983013,1.0999995153348694e-05,0.010046269767027154,1.199966314255347,-0.8243877596955607,0.7382848661434506,-2.5516443247829906e-09,0.901
2760.0,1.104710939657237e-05,0.01006059539540999,1.1583714279952666,-0.8088811137092551,0.8112781244591328,-2.542666061275409e-09,0.901
2760.0009999983013,1.1108696436542021e-05,0.010104884742151864,1.086208528544046,-0.7994153028861906,0.8112781244591328,-2.5812066019353187e-09,0.901
2760.0040000006557,1.213043057917783e-05,0.011350796435058843,1.5408762068519142,-1.2824425252132756,0.7382848661434506,-5.217307385859688e-09,0.893
2760.0,1.1047101035541319e-05,0.01006059539540999,1.1583714279952666,-0.8088811137092551,0.8112781244591328,-2.5426698061801854e-09,0.9
2760.002000000328,1.1108691593197239e-05,0.010104884742151864,1.086208528544046,-0.7994153028861906,0.8112781244591328,-2.5812002754188196e-09,0.9
2759.9959999993443,1.1108693030245678e-05,0.010104884742151864,1.086208528544046,-0.7994153028861906,0.8112781244591328,-2.58120765185615e-09,0.9
2759.9959999993443,1.104710904169713e-05,0.01006059539540999,1.1583714279952666,-0.8088811137092551,0.8112781244591328,-2.5426745225317064e-09,0.9
2759.9969999976456,1.104710025635301e-05,0.01006059539540999,1.1583714279952666,-0.8088811137092551,0.8112781244591328,-2.5426718954966584e-09,0.9
2760.0009999983013,1.1047101169436812e-05,0.01006059539540999,1.1583714279952666,-0.8088811137092551,0.8112781244591328,-2.5426720315891616e-09,0.9
2759.9990000016987,1.110868756893615e-05,0.010104884742151864,1.086208528544046,-0.7994153028861906,0.8112781244591328,-2.5812033679503114e-09,0.9
2760.0,1.1047099795833863e-05,0.01006059539540999,1.1583714279952666,-0.8088811137092551,0.8112781244591328,-2.5426748768635823e-09,0.9
2759.9969999976456,1.1047100146616509e-05,0.01006059539540999,1.1583714279952666,-0.8088811137092551,0.8112781244591328,-2.542673730961263e-09,0.9
2759.9990000016987,1.1097827798884682e-05,0.010097262507478309,1.0841300522368948,-0.7881567875825329,0.8112781244591328,-2.5088893268276376e-09,0.9
2760.002000000328,1.1108697361953849e-05,0.010104884742151864,1.086208528544046,-0.7994153028861906,0.8112781244591328,-2.581201833620487e-09,0.9
2760.002000000328,1.1108691944650346e-05,0.010104884742151864,1.086208528544046,-0.7994153028861906,0.8112781244591328,-2.5811959712848904e-09,0.9
2760.0,1.1108698926786338e-05,0.010104884742151864,1.086208528544046,-0.7994153028861906,0.8112781244591328,-2.58120708343631e-09,0.9
2760.002999998629,1.1108684631449988e-05,0.010104884742151864,1.086208528544046,-0.7994153028861906,0.8112781244591328,-2.581200694581043e-09,0.9
2759.997999999672,1.1108697533193013e-05,0.010104884742151864,1.086208528544046,-0.7994153028861906,0.8112781244591328,-2.5812097809822748e-09,0.9
2759.9989999979734,1.1097819511897786e-05,0.010097262507478309,1.0841300522368948,-0.7881567875825329,0.8112781244591328,-2.5088867626752945e-09,0.9
2759.9959999993443,1.1163041360053706e-05,0.010131651509938552,1.0283805569853133,-0.7849926904528403,0.8112781244591328,-2.5943978801041707e-09,0.9
2760.0009999983013,1.1047107091971487e-05,0.01006059539540999,1.1583714279952666,-0.8088811137092551,0.8112781244591328,-2.542673934868245e-09,0.9
2760.0009999983013,1.1097825497665993e-05,0.010097262507478309,1.0841300522368948,-0.7881567875825329,0.8112781244591328,-2.508889275606988e-09,0.9
2759.997000001371,1.1108700173579978e-05,0.010104884742151864,1.086208528544046,-0.7994153028861906,0.8112781244591328,-2.5812112763960005e-09,0.9
2759.9990000016987,1.109782376668866e-05,0.010097262507478309,1.0841300522368948,-0.7881567875825329,0.8112781244591328,-2.5088874617896295e-09,0.9
2760.002999998629,1.1097819577303929e-05,0.010097262507478309,1.0841300522368948,-0.7881567875825329,0.8112781244591328,-2.508892158360426e-09,0.9
2760.002000000328,1.1108689173041419e-05,0.010104884742151864,1.086208528544046,-0.7994153028861906,0.8112781244591328,-2.581197088092414e-09,0.9
2760.0,1.1108701986130703e-05,0.010104884742151864,1.086208528544046,-0.7994153028861906,0.8112781244591328,-2.581205622139772e-09,0.899
2760.0,1.1097823903006606e-05,0.010097262507478309,1.0841300522368948,-0.7881567875825329,0.8112781244591328,-2.5088886673721494e-09,0.9
2759.9990000016987,1.109781841488167e-05,0.010097262507478309,1.0841300522368948,-0.7881567875825329,0.8112781244591328,-2.508895392867001e-09,0.899
2759.997999999672,1.1108691591633787e-05,0.010104884742151864,1.086208528544046,-0.7994153028861906,0.8112781244591328,-2.581206174960286e-09,0.899
2760.0,1.1097824935886839e-05,0.010097262507478309,1.0841300522368948,-0.7881567875825329,0.8112781244591328,-2.5088939574499675e-09,0.899
2759.9989999979734,1.1097828762439371e-05,0.010097262507478309,1.0841300522368948,-0.7881567875825329,0.8112781244591328,-2.5088957577762325e-09,0.899
2759.9990000016987,1.1036230282111314e-05,0.01005311978399263,1.1560554017997813,-0.7975429329818211,0.8112781244591328,-2.470351249948995e-09,0.899
2759.9980000033975,1.1097826240699008e-05,0.010097262507478309,1.0841300522368948,-0.7881567875825329,0.8112781244591328,-2.50889264517805e-09,0.899
2760.0,1.1108696185474327e-05,0.010104884742151864,1.086208528544046,-0.7994153028861906,0.8112781244591328,-2.5812023599458026e-09,0.899
2760.002000000328,1.1097831640861823e-05,0.010097262507478309,1.0841300522368948,-0.7881567875825329,0.8112781244591328,-2.5088910969145116e-09,0.899
2760.002000000328,1.1097826568835384e-05,0.010097262507478309,1.0841300522368948,-0.7881567875825329,0.8112781244591328,-2.5088952525674107e-09,0.899
2760.0009999983013,1.1097830934112335e-05,0.010097262507478309,1.0841300522368948,-0.7881567875825329,0.8112781244591328,-2.508887551553717e-09,0.899
2760.002000000328,1.1108694269126663e-05,0.010104884742151864,1.086208528544046,-0.7994153028861906,0.8112781244591328,-2.5812089507095693e-09,0.899
2760.0,1.1152171053129983e-05,0.010123870486290702,1.0266881483235988,-0.7737861144951914,0.8112781244591328,-2.5220747096224428e-09,0.899
2759.9969999976456,1.1152172377270507e-05,0.010123870486290702,1.0266881483235988,-0.7737861144951914,0.8112781244591328,-2.522083085416605e-09,0.899
2760.0009999983013,1.1152178496231734e-05,0.010123870486290702,1.0266881483235988,-0.7737861144951914,0.8112781244591328,-2.5220913114086366e-09,0.899
2759.9990000016987,1.115217044302048e-05,0.010123870486290702,1.0266881483235988,-0.7737861144951914,0.8112781244591328,-2.522076625013818e-09,0.899
2760.0,1.1152173584104162e-05,0.010123870486290702,1.0266881483235988,-0.7737861144951914,0.8112781244591328,-2.522084461115444e-09,0.899
2760.002000000328,1.1097824899319042e-05,0.010097262507478309,1.0841300522368948,-0.7881567875825329,0.8112781244591328,-2.508890046394318e-09,0.899
2760.002000000328,1.115217146957571e-05,0.010123870486290702,1.0266881483235988,-0.7737861144951914,0.8112781244591328,-2.5220856313186778e-09,0.899
2760.0,1.1097820946877673e-05,0.010097262507478309,1.0841300522368948,-0.7881567875825329,0.8112781244591328,-2.5088951307343175e-09,0.899
2760.0009999983013,1.1097829239926961e-05,0.010097262507478309,1.0841300522368948,-0.7881567875825329,0.8112781244591328,-2.508883856852483e-09,0.899
2759.9989999979734,1.1097822247489542e-05,0.010097262507478309,1.0841300522368948,-0.7881567875825329,0.8112781244591328,-2.5088862910843393e-09,0.899
2880.0010000020266,1.233332460679615e-05,0.011853269591129685,1.2993252835632072,-1.0553771966049945,0.7219280948873623,-3.9509208819355415e-09,0.899
2879.9969999976456,1.2378193831339795e-05,0.011870411394162643,1.256751858788161,-1.0417805226074082,0.7219280948873623,-3.947057285580107e-09,0.898
2879.9989999979734,1.2378205945727813e-05,0.011870411394162643,1.256751858788161,-1.0417805226074082,0.7219280948873623,-3.947052858884845e-09,0.898
2879.997999999672,1.2378200215632316e-05,0.011870411394162643,1.256751858788161,-1.0417805226074082,0.7219280948873623,-3.947060830671929e-09,0.898
2880.0009999983013,1.2378211401353651e-05,0.011870411394162643,1.256751858788161,-1.0417805226074082,0.7219280948873623,-3.947052238950873e-09,0.898
2879.9959999993443,1.23333369187557e-05,0.011853269591129685,1.2993252835632072,-1.0553771966049945,0.7219280948873623,-3.950933967962639e-09,0.898
2880.002999998629,1.2333328970052219e-05,0.011853269591129685,1.2993252835632072,-1.0553771966049945,0.7219280948873623,-3.950923456795267e-09,0.898
2879.997999999672,1.2378209023817874e-05,0.011870411394162643,1.256751858788161,-1.0417805226074082,0.7219280948873623,-3.947061085829948e-09,0.898
2879.9959999993443,1.2333338365356962e-05,0.011853269591129685,1.2993252835632072,-1.0553771966049945,0.7219280948873623,-3.950926178864532e-09,0.898
2879.9959999993443,1.2378207226625888e-05,0.011870411394162643,1.256751858788161,-1.0417805226074082,0.7219280948873623,-3.947058905128185e-09,0.898
2880.002000000328,1.2378201113207941e-05,0.011870411394162643,1.256751858788161,-1.0417805226074082,0.7219280948873623,-3.9470569597425445e-09,0.898
2880.002999998629,1.2378202925917248e-05,0.011870411394162643,1.256751858788161,-1.0417805226074082,0.7219280948873623,-3.947057139109629e-09,0.898
2879.997000001371,1.2378202454678802e-05,0.011870411394162643,1.256751858788161,-1.0417805226074082,0.7219280948873623,-3.947059748237243e-09,0.898
2880.0,1.2333330999970067e-05,0.011853269591129685,1.2993252835632072,-1.0553771966049945,0.7219280948873623,-3.95093001668264e-09,0.898
2880.0009999983013,1.2333336540540944e-05,0.011853269591129685,1.2993252835632072,-1.0553771966049945,0.7219280948873623,-3.950923060043294e-09,0.898
2880.0,1.237820134848655e-05,0.011870411394162643,1.256751858788161,-1.0417805226074082,0.7219280948873623,-3.94705795683496e-09,0.898
2880.002999998629,1.2333326970058768e-05,0.011853269591129685,1.2993252835632072,-1.0553771966049945,0.7219280948873623,-3.950933077648361e-09,0.898
2879.997000001371,1.237820848402685e-05,0.011870411394162643,1.256751858788161,-1.0417805226074082,0.7219280948873623,-3.947055758611104e-09,0.898
2879.997000001371,1.2378205242413525e-05,0.011870411394162643,1.256751858788161,-1.0417805226074082,0.7219280948873623,-3.947056703805742e-09,0.898
2880.0,1.23333288632029e-05,0.011853269591129685,1.2993252835632072,-1.0553771966049945,0.7219280948873623,-3.9509254582581e-09,0.898
2879.9990000016987,1.2333338200817161e-05,0.011853269591129685,1.2993252835632072,-1.0553771966049945,0.7219280948873623,-3.950921343585733e-09,0.898
2879.9989999979734,1.2378203206176343e-05,0.011870411394162643,1.256751858788161,-1.0417805226074082,0.7219280948873623,-3.9470552807894085e-09,0.898
2879.9990000016987,1.2333326559803144e-05,0.011853269591129685,1.2993252835632072,-1.0553771966049945,0.7219280948873623,-3.950924619010633e-09,0.898
2879.9959999993443,1.2333336363209731e-05,0.011853269591129685,1.2993252835632072,-1.0553771966049945,0.7219280948873623,-3.9509347324519795e-09,0.898
2879.9989999979734,1.2378208315965337e-05,0.011870411394162643,1.256751858788161,-1.0417805226074082,0.7219280948873623,-3.947054311934665e-09,0.898
2760.0009999983013,1.2166664257014672e-05,0.011367064041674774,1.4746385554805572,-1.2608523666054028,0.7382848661434506,-5.164509212374558e-09,0.898
2879.9990000016987,1.2378208154227803e-05,0.011870411394162643,1.256751858788161,-1.0417805226074082,0.7219280948873623,-3.947058216401754e-09,0.897
2880.0010000020266,1.2333332138853425e-05,0.011853269591129685,1.2993252835632072,-1.0553771966049945,0.7219280948873623,-3.950921076921158e-09,0.897
2880.0010000020266,1.2333328572634358e-05,0.011853269591129685,1.2993252835632072,-1.0553771966049945,0.7219280948873623,-3.95092877772495e-09,0.897
2880.0009999983013,1.23333361410183e-05,0.011853269591129685,1.2993252835632072,-1.0553771966049945,0.7219280948873623,-3.950926620872154e-09,0.897
2880.0,1.2333333839723454e-05,0.011853269591129685,1.2993252835632072,-1.0553771966049945,0.7219280948873623,-3.950932231984297e-09,0.897
2880.0,1.2333337455105662e-05,0.011853269591129685,1.2993252835632072,-1.0553771966049945,0.7219280948873623,-3.9509215849831025e-09,0.897
2879.9989999979734,1.2333336822624544e-05,0.011853269591129685,1.2993252835632072,-1.0553771966049945,0.7219280948873623,-3.950927198283458e-09,0.897
2880.0010000020266,1.2333331425191269e-05,0.011853269591129685,1.2993252835632072,-1.0553771966049945,0.7219280948873623,-3.950925091108708e-09,0.897
2879.9990000016987,1.2333328987165091e-05,0.011853269591129685,1.2993252835632072,-1.0553771966049945,0.7219280948873623,-3.950929805513238e-09,0.897
2879.997000001371,1.233333020297147e-05,0.011853269591129685,1.2993252835632072,-1.0553771966049945,0.7219280948873623,-3.9509287609517205e-09,0.897
2880.0009999983013,1.2333338993579766e-05,0.011853269591129685,1.2993252835632072,-1.0553771966049945,0.7219280948873623,-3.9509263535215145e-09,0.897
2879.997999999672,1.233332843161252e-05,0.011853269591129685,1.2993252835632072,-1.0553771966049945,0.7219280948873623,-3.950927555983428e-09,0.897
2880.002000000328,1.2333330126042422e-05,0.011853269591129685,1.2993252835632072,-1.0553771966049945,0.7219280948873623,-3.950927553958231e-09,0.897
2879.9990000016987,1.2333339245710242e-05,0.011853269591129685,1.2993252835632072,-1.0553771966049945,0.7219280948873623,-3.9509298252825836e-09,0.897
2760.0,1.2166672656783879e-05,0.011367064041674774,1.4746385554805572,-1.2608523666054028,0.7382848661434506,-5.164525094569706e-09,0.897
2880.0010000020266,1.2333336164505699e-05,0.011853269591129685,1.2993252835632072,-1.0553771966049945,0.7219280948873623,-3.9509263609090356e-09,0.897
2879.9980000033975,1.2333336130322574e-05,0.011853269591129685,1.2993252835632072,-1.0553771966049945,0.7219280948873623,-3.950923739461146e-09,0.897
2760.0,1.221377118930943e-05,0.011382592226602024,1.4270195943127133,-1.2453359380287377,0.7382848661434506,-5.155551935934168e-09,0.897
2880.0,1.2333335059812527e-05,0.011853269591129685,1.2993252835632072,-1.0553771966049945,0.7219280948873623,-3.95092698364149e-09,0.897
2880.002000000328,1.2333332243556293e-05,0.011853269591129685,1.2993252835632072,-1.0553771966049945,0.7219280948873623,-3.950919507108476e-09,0.897
2759.9990000016987,1.2166668569623315e-05,0.011367064041674774,1.4746385554805572,-1.2608523666054028,0.7382848661434506,-5.1645234246385636e-09,0.897
2759.9990000016987,1.2166667080293548e-05,0.011367064041674774,1.4746385554805572,-1.2608523666054028,0.7382848661434506,-5.1645280586873125e-09,0.897
2760.0010000020266,1.2213765918040664e-05,0.011382592226602024,1.4270195943127133,-1.2453359380287377,0.7382848661434506,-5.155544233952975e-09,0.896
2920.685000002384,1.2525244755539794e-05,0.011682121878073904,0.990354819118568,-1.1798300685094045,4.232733535602986,-5.158852592815987e-09,0.905
2960.6939999982715,1.2655798231277189e-05,0.011972131089823652,0.9657930202935532,-1.174237373411012,4.306996186382897,-5.169269922462724e-09,0.906
2950.642999999225,1.2562786715592837e-05,0.01183954752001521,0.9712327119399484,-1.1697974939172338,4.265728360443493,-5.104898104962703e-09,0.907
2950.642999999225,1.2562786715592837e-05,0.01183954752001521,0.9712327119399484,-1.1697974939172338,4.265728360443493,-5.104898104962703e-09,0.907
2920.634999997914,1.1948288156179725e-05,0.010917565212309823,0.7771589978852944,-0.7374688504215128,4.238817512469739,-2.683846224384158e-09,0.91
2920.634999997914,1.1948288156179725e-05,0.010917565212309823,0.7771589978852944,-0.7374688504215128,4.238817512469739,-2.683846224384158e-09,0.91
2980.71799999848,1.2714296085779206e-05,0.012030267918359724,0.9059702428089094,-1.0577650148700082,4.253425614135693,-4.480273498779752e-09,0.911
2980.71799999848,1.2714296085779206e-05,0.012030267918359724,0.9059702428089094,-1.0577650148700082,4.253425614135693,-4.480273498779752e-09,0.911
2760.002000000328,1.1282608323873044e-05,0.010270260993254511,1.1003715525533924,-0.7250644573696635,0.7382848661434506,-2.2391538690633517e-09,0.902
2760.002000000328,1.1217392152104578e-05,0.010231735229036249,1.1320327952509084,-0.7144233584824733,0.7382848661434506,-2.1800334191972563e-09,0.902
2759.9990000016987,1.1217396609763536e-05,0.010231735229036249,1.1320327952509084,-0.7144233584824733,0.7382848661434506,-2.1800408255192685e-09,0.901
2759.9990000016987,1.1264496485262004e-05,0.0102461551643616,1.0935343819373866,-0.6996576569338726,0.8112781244591328,-2.1710618181591753e-09,0.901
2760.0,1.1264491295924901e-05,0.0102461551643616,1.0935343819373866,-0.6996576569338726,0.8112781244591328,-2.1710586833088842e-09,0.9
2759.9989999979734,1.1264493584971192e-05,0.0102461551643616,1.0935343819373866,-0.6996576569338726,0.8112781244591328,-2.171063579280347e-09,0.9
2760.0,1.1195653791036265e-05,0.010196617796737958,1.1352595210921255,-0.714680650795651,0.8112781244591328,-2.2381045256896533e-09,0.9
2760.0010000020266,1.1235511238172471e-05,0.010206473507008922,1.1041709708195828,-0.6999914939047982,0.8112781244591328,-2.2101290897777415e-09,0.9
2760.0,1.1195650991017642e-05,0.010196617796737958,1.1352595210921255,-0.714680650795651,0.8112781244591328,-2.2381020856889327e-09,0.899
2760.0,1.1271736961623184e-05,0.010212861314630865,1.066239895570547,-0.6722304271182895,0.8112781244591328,-2.0813304784583814e-09,0.899
2760.0010000020266,1.1271739821026321e-05,0.010212861314630865,1.066239895570547,-0.6722304271182895,0.8112781244591328,-2.0813286440459427e-09,0.899
2759.9990000016987,1.1268116648799602e-05,0.010209401748289205,1.0593801549976911,-0.6596522335825763,0.8112781244591328,-2.005843244911919e-09,0.899
2760.0009999983013,1.127174147512711e-05,0.010212861314630865,1.066239895570547,-0.6722304271182895,0.8112781244591328,-2.0813287111041833e-09,0.898
2879.9980000033975,1.2480769365861693e-05,0.011940407586566401,1.269897693058823,-0.9627822282614742,0.7219280948873623,-3.5057764842567363e-09,0.898
2880.0,1.2487175251475154e-05,0.011947803145348485,1.2737070229278622,-0.9715411094564104,0.7219280948873623,-3.5715733263563286e-09,0.898
2879.9989999979734,1.2480769028012165e-05,0.011940407586566401,1.269897693058823,-0.9627822282614742,0.7219280948873623,-3.505770220949085e-09,0.898
2880.0,1.248076547327168e-05,0.011940407586566401,1.269897693058823,-0.9627822282614742,0.7219280948873623,-3.5057715742172746e-09,0.898
2880.0,1.2487179732888756e-05,0.011947803145348485,1.2737070229278622,-0.9715411094564104,0.7219280948873623,-3.5715819944636512e-09,0.897
2880.0009999983013,1.2532047993662995e-05,0.011971215477135104,1.2140277683760603,-0.9506959597017994,0.7219280948873623,-3.521254141551308e-09,0.897
2760.0,1.223912311708482e-05,0.01137885147409723,1.469726344596097,-1.2002948371849596,0.7382848661434506,-4.760191089701188e-09,0.897
2760.002000000328,1.2293475099573836e-05,0.011409298902617758,1.4037202655934067,-1.184898671677177,0.7382848661434506,-4.773383279894892e-09,0.897
2759.9990000016987,1.2293480961210882e-05,0.011409298902617758,1.4037202655934067,-1.184898671677177,0.7382848661434506,-4.7733876037752005e-09,0.897
2760.0009999983013,1.2239130712235185e-05,0.01137885147409723,1.469726344596097,-1.2002948371849596,0.7382848661434506,-4.760180399942851e-09,0.897
2760.0,1.2253619703496048e-05,0.01138617264651434,1.419437385819145,-1.183683492599561,0.7382848661434506,-4.745408845968174e-09,0.897
2760.0010000020266,1.2340579624160836e-05,0.011424293971778852,1.3587805520143883,-1.1698059201881157,0.7382848661434506,-4.764405672977111e-09,0.896
2759.9989999979734,1.2340584230364064e-05,0.011424293971778852,1.3587805520143883,-1.1698059201881157,0.7382848661434506,-4.764409684181978e-09,0.896
2760.002000000328,1.2340577994085882e-05,0.011424293971778852,1.3587805520143883,-1.1698059201881157,0.7382848661434506,-4.764402426312028e-09,0.896
2760.0,1.2293479738126046e-05,0.011409298902617758,1.4037202655934067,-1.184898671677177,0.7382848661434506,-4.773384153244055e-09,0.896
2759.9990000016987,1.2340580959916098e-05,0.011424293971778852,1.3587805520143883,-1.1698059201881157,0.7382848661434506,-4.764410035136379e-09,0.896
2759.9990000016987,1.2340578892445665e-05,0.011424293971778852,1.3587805520143883,-1.1698059201881157,0.7382848661434506,-4.764412545323869e-09,0.896
2759.9990000016987,1.2300727925250424e-05,0.01140103923562117,1.3745417742876445,-1.1685793150847534,0.7382848661434506,-4.736430975292195e-09,0.896
2760.0,1.230072184112181e-05,0.01140103923562117,1.3745417742876445,-1.1685793150847534,0.7382848661434506,-4.736425595124998e-09,0.896
2759.9989999979734,1.2293480656859128e-05,0.011409298902617758,1.4037202655934067,-1.184898671677177,0.7382848661434506,-4.773383998190531e-09,0.895
2760.002000000328,1.2300724348540701e-05,0.01140103923562117,1.3745417742876445,-1.1685793150847534,0.7382848661434506,-4.73642470950644e-09,0.895
2759.9989999979734,1.234057733462033e-05,0.011424293971778852,1.3587805520143883,-1.1698059201881157,0.7382848661434506,-4.764408505064256e-09,0.895
2759.997999999672,1.2300727835663893e-05,0.01140103923562117,1.3745417742876445,-1.1685793150847534,0.7382848661434506,-4.736433191090837e-09,0.895
2760.0010000020266,1.2300724222973395e-05,0.01140103923562117,1.3745417742876445,-1.1685793150847534,0.7382848661434506,-4.73642759386127e-09,0.895
2760.002000000328,1.2300720960406073e-05,0.01140103923562117,1.3745417742876445,-1.1685793150847534,0.7382848661434506,-4.736430814029048e-09,0.895
2759.9989999979734,1.225362216554686e-05,0.011373755705156464,1.3954377890430933,-1.1699373304032659,0.7382848661434506,-4.727459897937327e-09,0.895
2759.9990000016987,1.2253621795105408e-05,0.011373755705156464,1.3954377890430933,-1.1699373304032659,0.7382848661434506,-4.727458003273008e-09,0.895
2760.0019999966025,1.2253625112473618e-05,0.011373755705156464,1.3954377890430933,-1.1699373304032659,0.7382848661434506,-4.727458408422475e-09,0.894
2759.9990000016987,1.2253621180686829e-05,0.011373755705156464,1.3954377890430933,-1.1699373304032659,0.7382848661434506,-4.727457041953123e-09,0.894
2759.9989999979734,1.2253623877002835e-05,0.011373755705156464,1.3954377890430933,-1.1699373304032659,0.7382848661434506,-4.727459126051282e-09,0.894
2759.9990000016987,1.2253623079315911e-05,0.011373755705156464,1.3954377890430933,-1.1699373304032659,0.7382848661434506,-4.727460354040841e-09,0.894
2760.0,1.2221013055940918e-05,0.011353908220699043,1.4069177676797162,-1.1666764158109453,0.7382848661434506,-4.683647401246459e-09,0.894
2760.0009999983013,1.2221014066740188e-05,0.011353908220699043,1.4069177676797162,-1.1666764158109453,0.7382848661434506,-4.683641778064395e-09,0.894
2760.0,1.2253620640626971e-05,0.011373755705156464,1.3954377890430933,-1.1699373304032659,0.7382848661434506,-4.727457772535793e-09,0.894
2759.997999999672,1.225362204673591e-05,0.011373755705156464,1.3954377890430933,-1.1699373304032659,0.7382848661434506,-4.727461661832136e-09,0.894
2760.0,1.2221016475834266e-05,0.011353908220699043,1.4069177676797162,-1.1666764158109453,0.7382848661434506,-4.683644801030621e-09,0.894
2760.0,1.2221014960061903e-05,0.011353908220699043,1.4069177676797162,-1.1666764158109453,0.7382848661434506,-4.683645507731459e-09,0.894
2759.9990000016987,1.2221014715558913e-05,0.011353908220699043,1.4069177676797162,-1.1666764158109453,0.7382848661434506,-4.683649141970517e-09,0.893
2760.0010000020266,1.222101358357174e-05,0.011353908220699043,1.4069177676797162,-1.1666764158109453,0.7382848661434506,-4.683648080075931e-09,0.893
2759.9990000016987,1.2221007554610275e-05,0.011353908220699043,1.4069177676797162,-1.1666764158109453,0.7382848661434506,-4.683650273453808e-09,0.893
2760.0010000020266,1.2253627289332197e-05,0.011373755705156464,1.3954377890430933,-1.1699373304032659,0.7382848661434506,-4.727455181303596e-09,0.893
2760.002000000328,1.2253622884491273e-05,0.011373755705156464,1.3954377890430933,-1.1699373304032659,0.7382848661434506,-4.7274578007936304e-09,0.893
2760.0,1.2221011429552483e-05,0.011353908220699043,1.4069177676797162,-1.1666764158109453,0.7382848661434506,-4.683645661144863e-09,0.893
2759.997999999672,1.2221012401084385e-05,0.011353908220699043,1.4069177676797162,-1.1666764158109453,0.7382848661434506,-4.683646913486778e-09,0.893
2760.002000000328,1.2221015859437753e-05,0.011353908220699043,1.4069177676797162,-1.1666764158109453,0.7382848661434506,-4.683643645125424e-09,0.893
2760.0,1.2221013123923012e-05,0.011353908220699043,1.4069177676797162,-1.1666764158109453,0.7382848661434506,-4.683646128245913e-09,0.893
2759.9989999979734,1.2221015100304705e-05,0.011353908220699043,1.4069177676797162,-1.1666764158109453,0.7382848661434506,-4.6836504403371865e-09,0.893
2760.0010000020266,1.2221010288174559e-05,0.011353908220699043,1.4069177676797162,-1.1666764158109453,0.7382848661434506,-4.683645303171381e-09,0.893
2760.0010000020266,1.2221015759861596e-05,0.011353908220699043,1.4069177676797162,-1.1666764158109453,0.7382848661434506,-4.6836377036028475e-09,0.892
2760.002000000328,1.222101121311656e-05,0.011353908220699043,1.4069177676797162,-1.1666764158109453,0.7382848661434506,-4.6836393541152574e-09,0.892
2760.0009999983013,1.2221013285012823e-05,0.011353908220699043,1.4069177676797162,-1.1666764158109453,0.7382848661434506,-4.683646637333891e-09,0.892
2759.9990000016987,1.2221016046088395e-05,0.011353908220699043,1.4069177676797162,-1.1666764158109453,0.7382848661434506,-4.683652558472791e-09,0.892
2760.0,1.2221010292630406e-05,0.011353908220699043,1.4069177676797162,-1.1666764158109453,0.7382848661434506,-4.68364283397925e-09,0.892
2760.0,1.2221016094117259e-05,0.011353908220699043,1.4069177676797162,-1.1666764158109453,0.7382848661434506,-4.683644916899099e-09,0.892
2759.9990000016987,1.2221013911242613e-05,0.011353908220699043,1.4069177676797162,-1.1666764158109453,0.7382848661434506,-4.683646324723254e-09,0.892
2759.9990000016987,1.2221013622019034e-05,0.011353908220699043,1.4069177676797162,-1.1666764158109453,0.7382848661434506,-4.683644658446156e-09,0.891
2759.997999999672,1.2326088935339887e-05,0.011443307011625561,1.4373653636610584,-1.1844778534066234,0.7382848661434506,-4.733790812937425e-09,0.892
2760.0,1.232608651490622e-05,0.011443307011625561,1.4373653636610584,-1.1844778534066234,0.7382848661434506,-4.73380013849416e-09,0.892
2759.9959999993443,1.232608780798093e-05,0.011443307011625561,1.4373653636610584,-1.1844778534066234,0.7382848661434506,-4.733800473092336e-09,0.892
2760.0010000020266,1.2326089015913508e-05,0.011443307011625561,1.4373653636610584,-1.1844778534066234,0.7382848661434506,-4.733789794574827e-09,0.892
2760.002000000328,1.232608039734999e-05,0.011443307011625561,1.4373653636610584,-1.1844778534066234,0.7382848661434506,-4.7337948274170754e-09,0.891
2760.0009999983013,1.2326089007085394e-05,0.011443307011625561,1.4373653636610584,-1.1844778534066234,0.7382848661434506,-4.733788324195339e-09,0.891
2760.0,1.2326092238824679e-05,0.011443307011625561,1.4373653636610584,-1.1844778534066234,0.7382848661434506,-4.733795759561878e-09,0.891
2760.0,1.2326083652995132e-05,0.011443307011625561,1.4373653636610584,-1.1844778534066234,0.7382848661434506,-4.7337956625233265e-09,0.891
2759.9990000016987,1.2326088486198842e-05,0.011443307011625561,1.4373653636610584,-1.1844778534066234,0.7382848661434506,-4.73379909117077e-09,0.891
2760.002000000328,1.2326085765201116e-05,0.011443307011625561,1.4373653636610584,-1.1844778534066234,0.7382848661434506,-4.733790596056801e-09,0.891
2760.0,1.232608805226809e-05,0.011443307011625561,1.4373653636610584,-1.1844778534066234,0.7382848661434506,-4.733792151818399e-09,0.891
2759.997999999672,1.232608454484117e-05,0.011443307011625561,1.4373653636610584,-1.1844778534066234,0.7382848661434506,-4.7337971034337e-09,0.891
2760.0009999983013,1.2326088511406348e-05,0.011443307011625561,1.4373653636610584,-1.1844778534066234,0.7382848661434506,-4.7337923646825175e-09,0.891
2760.0,1.232608727347947e-05,0.011443307011625561,1.4373653636610584,-1.1844778534066234,0.7382848661434506,-4.733797081331036e-09,0.891
2760.0009999983013,1.2326085036802353e-05,0.011443307011625561,1.4373653636610584,-1.1844778534066234,0.7382848661434506,-4.7337904601159745e-09,0.891
2759.997999999672,1.2315221782202102e-05,0.01143214068229175,1.4355636868168649,-1.1768420086545108,0.7382848661434506,-4.6614774362051705e-09,0.891
2760.0010000020266,1.2326085430589081e-05,0.011443307011625561,1.4373653636610584,-1.1844778534066234,0.7382848661434506,-4.733793442298498e-09,0.891
2759.9990000016987,1.2326087194286347e-05,0.011443307011625561,1.4373653636610584,-1.1844778534066234,0.7382848661434506,-4.733795842156193e-09,0.891
2760.0010000020266,1.232608805351059e-05,0.011443307011625561,1.4373653636610584,-1.1844778534066234,0.7382848661434506,-4.733794544756922e-09,0.89
2759.9989999979734,1.2326083681924361e-05,0.011443307011625561,1.4373653636610584,-1.1844778534066234,0.7382848661434506,-4.733797274418011e-09,0.89
2759.9990000016987,1.2326084293304721e-05,0.011443307011625561,1.4373653636610584,-1.1844778534066234,0.7382848661434506,-4.733795119995828e-09,0.89
2760.0,1.2326087157813238e-05,0.011443307011625561,1.4373653636610584,-1.1844778534066234,0.7382848661434506,-4.7337848301584266e-09,0.89
2759.997999999672,1.2326087604278163e-05,0.011443307011625561,1.4373653636610584,-1.1844778534066234,0.7382848661434506,-4.733796642235085e-09,0.89
2760.0,1.2315218590256455e-05,0.01143214068229175,1.4355636868168649,-1.1768420086545108,0.7382848661434506,-4.661477615383201e-09,0.89
2760.0010000020266,1.2326090441171793e-05,0.011443307011625561,1.4373653636610584,-1.1844778534066234,0.7382848661434506,-4.733795815534235e-09,0.89
2760.0010000020266,1.2326087165339649e-05,0.011443307011625561,1.4373653636610584,-1.1844778534066234,0.7382848661434506,-4.73378785519495e-09,0.89
2760.0,1.2326085458238371e-05,0.011443307011625561,1.4373653636610584,-1.1844778534066234,0.7382848661434506,-4.733794644831347e-09,0.89
2760.0,1.2326086521203086e-05,0.011443307011625561,1.4373653636610584,-1.1844778534066234,0.7382848661434506,-4.733794337854966e-09,0.89
2760.0,1.232608542173352e-05,0.011443307011625561,1.4373653636610584,-1.1844778534066234,0.7382848661434506,-4.733789431266102e-09,0.89
2759.997000001371,1.231521705978258e-05,0.01143214068229175,1.4355636868168649,-1.1768420086545108,0.7382848661434506,-4.6614834564357396e-09,0.89
2760.0009999983013,1.232609076206671e-05,0.011443307011625561,1.4373653636610584,-1.1844778534066234,0.7382848661434506,-4.733790405771736e-09,0.89
2760.0,1.232608994546133e-05,0.011443307011625561,1.4373653636610584,-1.1844778534066234,0.7382848661434506,-4.733796194986881e-09,0.89
2759.9990000016987,1.2311594614319394e-05,0.011499212323371146,1.480177163891537,-1.2272311551124813,0.7382848661434506,-4.974497353716912e-09,0.889
2760.0010000020266,1.2249995882731938e-05,0.011374950230819619,1.300740118287818,-1.1684275498850667,0.7382848661434506,-4.7469883249139255e-09,0.889
2759.9989999979734,1.2235509943903258e-05,0.011380682208735641,1.3694611718823149,-1.1852559099331912,0.7382848661434506,-4.735379183737031e-09,0.889
2760.0019999966025,1.221014087987963e-05,0.011369932379695172,1.3295908221913777,-1.1817990365965114,0.7382848661434506,-4.774965612756687e-09,0.889
2760.0,1.2210142084457159e-05,0.011369932379695172,1.3295908221913777,-1.1817990365965114,0.7382848661434506,-4.774967057316123e-09,0.889
2760.0,1.2249998749584742e-05,0.011374950230819619,1.300740118287818,-1.1684275498850667,0.7382848661434506,-4.74699285378243e-09,0.889
2760.0,1.2250000143808374e-05,0.011374950230819619,1.300740118287818,-1.1684275498850667,0.7382848661434506,-4.746991911932513e-09,0.889
2760.0010000020266,1.2250003180339509e-05,0.011374950230819619,1.300740118287818,-1.1684275498850667,0.7382848661434506,-4.746988044847952e-09,0.889
2760.0,1.2250002307153966e-05,0.011374950230819619,1.300740118287818,-1.1684275498850667,0.7382848661434506,-4.746988269253774e-09,0.889
2760.0010000020266,1.2282609769596912e-05,0.011375985384935276,1.2787487835333353,-1.1561378639401347,0.7382848661434506,-4.70318294325655e-09,0.889
2760.0009999983013,1.228261024271747e-05,0.011375985384935276,1.2787487835333353,-1.1561378639401347,0.7382848661434506,-4.703173217589008e-09,0.889
2760.0010000020266,1.2365937688864107e-05,0.011490938458919119,1.4308727695764345,-1.195742790712166,0.7382848661434506,-4.836720659644305e-09,0.889
2760.0,1.2304354356008444e-05,0.011453750730529339,1.461052685583847,-1.204609104574367,0.7382848661434506,-4.875258693499679e-09,0.889
2759.9990000016987,1.2333332033810989e-05,0.011490071328344077,1.4530962800721303,-1.2078696514252165,0.7382848661434506,-4.880540809548063e-09,0.889
2760.0,1.2333333698655673e-05,0.011490071328344077,1.4530962800721303,-1.2078696514252165,0.7382848661434506,-4.880530949972028e-09,0.888
2760.0019999966025,1.2333331511464342e-05,0.011490071328344077,1.4530962800721303,-1.2078696514252165,0.7382848661434506,-4.880530232840814e-09,0.888
2760.0,1.2250004377902003e-05,0.011374950230819619,1.300740118287818,-1.1684275498850667,0.7382848661434506,-4.746990849847944e-09,0.888
2760.0009999983013,1.2333334748171123e-05,0.011490071328344077,1.4530962800721303,-1.2078696514252165,0.7382848661434506,-4.880534084404787e-09,0.888
2760.0009999983013,1.2333329442012814e-05,0.011490071328344077,1.4530962800721303,-1.2078696514252165,0.7382848661434506,-4.880531105149742e-09,0.888
2759.9990000016987,1.2333337371372582e-05,0.011490071328344077,1.4530962800721303,-1.2078696514252165,0.7382848661434506,-4.880543229982578e-09,0.888
2760.0,1.2384051642300423e-05,0.011487863791530323,1.4155077260337547,-1.1848995066920283,0.7382848661434506,-4.770740333220257e-09,0.888
2759.997000001371,1.2365939387855182e-05,0.011490938458919119,1.4308727695764345,-1.195742790712166,0.7382848661434506,-4.836725237180622e-09,0.888
2760.0,1.233333746556213e-05,0.011490071328344077,1.4530962800721303,-1.2078696514252165,0.7382848661434506,-4.880537436863649e-09,0.888
2759.9990000016987,1.2365934742675477e-05,0.011490938458919119,1.4308727695764345,-1.195742790712166,0.7382848661434506,-4.836724759982016e-09,0.888
2759.9990000016987,1.2333333198037753e-05,0.011490071328344077,1.4530962800721303,-1.2078696514252165,0.7382848661434506,-4.880547746792553e-09,0.888
2760.0009999983013,1.2333333180542474e-05,0.011490071328344077,1.4530962800721303,-1.2078696514252165,0.7382848661434506,-4.880532573600225e-09,0.888
2760.0,1.2250000254613868e-05,0.011374950230819619,1.300740118287818,-1.1684275498850667,0.7382848661434506,-4.746987847549764e-09,0.888
2760.0010000020266,1.2249996875597936e-05,0.011374950230819619,1.300740118287818,-1.1684275498850667,0.7382848661434506,-4.746987539010748e-09,0.888
2759.9990000016987,1.2300723990006207e-05,0.011373038929536543,1.2635453305073687,-1.1451090066557186,0.7382848661434506,-4.637197862744395e-09,0.888
2760.0010000020266,1.2384057107172924e-05,0.011487863791530323,1.4155077260337547,-1.1848995066920283,0.7382848661434506,-4.770742615686009e-09,0.888
2759.9989999979734,1.2333330293465965e-05,0.011490071328344077,1.4530962800721303,-1.2078696514252165,0.7382848661434506,-4.880538052042606e-09,0.888
2759.9990000016987,1.2365940914914494e-05,0.011490938458919119,1.4308727695764345,-1.195742790712166,0.7382848661434506,-4.836726475484086e-09,0.887
2760.0009999983013,1.2249999355969337e-05,0.011374950230819619,1.300740118287818,-1.1684275498850667,0.7382848661434506,-4.7469866961743585e-09,0.887
2760.0009999983013,1.2249998035121988e-05,0.011374950230819619,1.300740118287818,-1.1684275498850667,0.7382848661434506,-4.746983974064337e-09,0.887
2760.0,1.2282610591511666e-05,0.011375985384935276,1.2787487835333353,-1.1561378639401347,0.7382848661434506,-4.703175618580772e-09,0.887
2760.002000000328,1.2250002203383346e-05,0.011374950230819619,1.300740118287818,-1.1684275498850667,0.7382848661434506,-4.746982396748451e-09,0.887
2759.9989999979734,1.236956080237142e-05,0.011484078455453635,1.4218304458494142,-1.186322109924939,0.7382848661434506,-4.761234387789551e-09,0.887
2760.0009999983013,1.2384059333863843e-05,0.011487863791530323,1.4155077260337547,-1.1848995066920283,0.7382848661434506,-4.77074474474964e-09,0.887
2759.9990000016987,1.233695553481018e-05,0.011483368566025748,1.4436347477703375,-1.1984066297097007,0.7382848661434506,-4.805055900416069e-09,0.887
2759.9989999979734,1.2282610169337836e-05,0.011375985384935276,1.2787487835333353,-1.1561378639401347,0.7382848661434506,-4.7031793630327964e-09,0.887
2760.0,1.2333335650349195e-05,0.011490071328344077,1.4530962800721303,-1.2078696514252165,0.7382848661434506,-4.880536930922527e-09,0.887
2760.0,1.2365944032248863e-05,0.011490938458919119,1.4308727695764345,-1.195742790712166,0.7382848661434506,-4.8367328474507516e-09,0.887
2760.002000000328,1.2300727289468151e-05,0.011373038929536543,1.2635453305073687,-1.1451090066557186,0.7382848661434506,-4.637195041300388e-09,0.887
2760.0,1.2286236182074063e-05,0.011369215363032517,1.269794834001555,-1.1465148587262717,0.7382848661434506,-4.6276976288232264e-09,0.887
2760.0,1.2300722814456959e-05,0.011373038929536543,1.2635453305073687,-1.1451090066557186,0.7382848661434506,-4.637194722157475e-09,0.887
2760.0009999983013,1.2231885509931084e-05,0.011349200316590037,1.3946094497286223,-1.1562638220548782,0.7382848661434506,-4.611328834834642e-09,0.887
2760.0009999983013,1.2221012029194918e-05,0.011353908220699092,1.4069177676793956,-1.1666764158107525,0.7382848661434506,-4.683649722270112e-09,0.887
2760.0009999983013,1.223188194560413e-05,0.011349200316590037,1.3946094497286223,-1.1562638220548782,0.7382848661434506,-4.611329085673954e-09,0.887
2759.9990000016987,1.2173917064619807e-05,0.01129030621784696,1.4055944623396117,-1.135192205315109,0.7382848661434506,-4.4360906621488355e-09,0.886
2759.9959999993443,1.2173913901148797e-05,0.01129030621784696,1.4055944623396117,-1.135192205315109,0.7382848661434506,-4.436079003999726e-09,0.886
2760.0009999983013,1.2250000904057102e-05,0.01138068220873567,1.4101757586641597,-1.1500773481226654,0.7382848661434506,-4.534788297612442e-09,0.886
2760.002999998629,1.2250000866110351e-05,0.01138068220873567,1.4101757586641597,-1.1500773481226654,0.7382848661434506,-4.5347861426341645e-09,0.886
2760.0009999983013,1.2249999492028439e-05,0.01138068220873567,1.4101757586641597,-1.1500773481226654,0.7382848661434506,-4.5347866157843535e-09,0.886
2759.9990000016987,1.2318842882242189e-05,0.011447422341333885,1.3492282641190503,-1.1473624692472295,0.7382848661434506,-4.601835959705725e-09,0.886
2760.0010000020266,1.2173910894651447e-05,0.01129030621784696,1.4055944623396117,-1.135192205315109,0.7382848661434506,-4.436081489328585e-09,0.886
2760.002000000328,1.2173912391547551e-05,0.01129030621784696,1.4055944623396117,-1.135192205315109,0.7382848661434506,-4.436082926635976e-09,0.886
2760.0009999983013,1.223188646324706e-05,0.011349200316590037,1.3946094497286223,-1.1562638220548782,0.7382848661434506,-4.6113267450008205e-09,0.886
2760.002000000328,1.225724718806369e-05,0.011348162719200396,1.3762579888781223,-1.1445787936659162,0.7382848661434506,-4.55484230151723e-09,0.886
2759.9959999993443,1.222826562265767e-05,0.011322591883333165,1.3785480668270687,-1.1306002278115408,0.7382848661434506,-4.422879395474764e-09,0.886
2760.0009999983013,1.2199279456484198e-05,0.0113072216246771,1.3978013264695655,-1.1402368555095475,0.7382848661434506,-4.492561223481006e-09,0.886
2760.0019999966025,1.2249999629895975e-05,0.01138068220873567,1.4101757586641597,-1.1500773481226654,0.7382848661434506,-4.534788408096211e-09,0.886
2760.0,1.2250003040206472e-05,0.01138068220873567,1.4101757586641597,-1.1500773481226654,0.7382848661434506,-4.5347914996433084e-09,0.886
2759.9989999979734,1.2250001503193269e-05,0.01138068220873567,1.4101757586641597,-1.1500773481226654,0.7382848661434506,-4.5347938574046936e-09,0.886
2760.0,1.2318837166543226e-05,0.011447422341333885,1.3492282641190503,-1.1473624692472295,0.7382848661434506,-4.601827130820219e-09,0.886
2760.0010000020266,1.225000048238102e-05,0.01138068220873567,1.4101757586641597,-1.1500773481226654,0.7382848661434506,-4.534795473600809e-09,0.886
2760.0,1.224999927615332e-05,0.01138068220873567,1.4101757586641597,-1.1500773481226654,0.7382848661434506,-4.5347938588010696e-09,0.886
2760.002000000328,1.2249997351228122e-05,0.01138068220873567,1.4101757586641597,-1.1500773481226654,0.7382848661434506,-4.534788114041559e-09,0.885
2759.997999999672,1.225000241142598e-05,0.01138068220873567,1.4101757586641597,-1.1500773481226654,0.7382848661434506,-4.534796430316118e-09,0.885
2759.997999999672,1.2221018139861955e-05,0.011353908220699092,1.4069177676793956,-1.1666764158107525,0.7382848661434506,-4.683656141301874e-09,0.885
2760.002999998629,1.225724498059806e-05,0.011348162719200396,1.3762579888781223,-1.1445787936659162,0.7382848661434506,-4.554838174081261e-09,0.885
2759.997000001371,1.2228261065785345e-05,0.011322591883333165,1.3785480668270687,-1.1306002278115408,0.7382848661434506,-4.422885218503533e-09,0.885
2759.9990000016987,1.2173920030072734e-05,0.01129030621784696,1.4055944623396117,-1.135192205315109,0.7382848661434506,-4.436086027046952e-09,0.885
2759.9990000016987,1.2173914399660848e-05,0.01129030621784696,1.4055944623396117,-1.135192205315109,0.7382848661434506,-4.436080728329449e-09,0.885
2760.002000000328,1.2173911116517077e-05,0.01129030621784696,1.4055944623396117,-1.135192205315109,0.7382848661434506,-4.436081402395588e-09,0.885
2760.0,1.2173909533066064e-05,0.01129030621784696,1.4055944623396117,-1.135192205315109,0.7382848661434506,-4.436083038427015e-09,0.885
2759.997999999672,1.2250004221798937e-05,0.01138068220873567,1.4101757586641597,-1.1500773481226654,0.7382848661434506,-4.534794714981459e-09,0.885
2760.0,1.2173917075926728e-05,0.01129030621784696,1.4055944623396117,-1.135192205315109,0.7382848661434506,-4.436088756141271e-09,0.885
2759.9989999979734,1.2250002240535388e-05,0.01138068220873567,1.4101757586641597,-1.1500773481226654,0.7382848661434506,-4.534789699567564e-09,0.885
2760.0009999983013,1.2250000462752617e-05,0.01138068220873567,1.4101757586641597,-1.1500773481226654,0.7382848661434506,-4.534792350784668e-09,0.885
2760.0,1.2249996094295259e-05,0.01138068220873567,1.4101757586641597,-1.1500773481226654,0.7382848661434506,-4.534790427429491e-09,0.885
2759.9989999979734,1.225000467270481e-05,0.01138068220873567,1.4101757586641597,-1.1500773481226654,0.7382848661434506,-4.534795881125919e-09,0.885
2760.002000000328,1.2250000029686512e-05,0.01138068220873567,1.4101757586641597,-1.1500773481226654,0.7382848661434506,-4.5347886156096e-09,0.885
2759.9990000016987,1.2318843564887322e-05,0.011447422341333885,1.3492282641190503,-1.1473624692472295,0.7382848661434506,-4.601831804774996e-09,0.885
2759.9990000016987,1.2318844192393917e-05,0.011447422341333885,1.3492282641190503,-1.1473624692472295,0.7382848661434506,-4.601831064525256e-09,0.885
2760.0,1.2249994325470374e-05,0.01138068220873567,1.4101757586641597,-1.1500773481226654,0.7382848661434506,-4.534793270206515e-09,0.885
2759.9989999979734,1.2249999906382349e-05,0.01138068220873567,1.4101757586641597,-1.1500773481226654,0.7382848661434506,-4.534793404466618e-09,0.884
2759.9990000016987,1.2249996970101515e-05,0.01138068220873567,1.4101757586641597,-1.1500773481226654,0.7382848661434506,-4.534794031434955e-09,0.884
2760.002000000328,1.2249995553644337e-05,0.01138068220873567,1.4101757586641597,-1.1500773481226654,0.7382848661434506,-4.53478868920914e-09,0.884
2759.997999999672,1.2318841895073634e-05,0.011447422341333885,1.3492282641190503,-1.1473624692472295,0.7382848661434506,-4.601832655761223e-09,0.884
2759.9990000016987,1.2250001935871915e-05,0.01138068220873567,1.4101757586641597,-1.1500773481226654,0.7382848661434506,-4.534789805759748e-09,0.884
2760.0009999983013,1.2249997554338732e-05,0.01138068220873567,1.4101757586641597,-1.1500773481226654,0.7382848661434506,-4.534789644539974e-09,0.884
2759.997999999672,1.224999818507034e-05,0.01138068220873567,1.4101757586641597,-1.1500773481226654,0.7382848661434506,-4.534798850749799e-09,0.884
2759.9989999979734,1.224999955886655e-05,0.01138068220873567,1.4101757586641597,-1.1500773481226654,0.7382848661434506,-4.5347878884659846e-09,0.884
2760.0,1.2318841440866096e-05,0.011447422341333885,1.3492282641190503,-1.1473624692472295,0.7382848661434506,-4.601831028125429e-09,0.884
2759.9990000016987,1.2318843438862075e-05,0.011447422341333885,1.3492282641190503,-1.1473624692472295,0.7382848661434506,-4.601830845547588e-09,0.884
2759.9989999979734,1.2318837917453075e-05,0.011447422341333885,1.3492282641190503,-1.1473624692472295,0.7382848661434506,-4.601833463180858e-09,0.884
2760.0009999983013,1.2249999463354542e-05,0.01138068220873567,1.4101757586641597,-1.1500773481226654,0.7382848661434506,-4.534787679653955e-09,0.884
2760.002000000328,1.23188403250262e-05,0.011447422341333885,1.3492282641190503,-1.1473624692472295,0.7382848661434506,-4.6018272241063e-09,0.884
2760.0,1.231884075298102e-05,0.011447422341333885,1.3492282641190503,-1.1473624692472295,0.7382848661434506,-4.6018273829293356e-09,0.884
2760.0,1.2318842483188659e-05,0.011447422341333885,1.3492282641190503,-1.1473624692472295,0.7382848661434506,-4.601829831660488e-09,0.884
2760.0,1.2318835995575615e-05,0.011447422341333885,1.3492282641190503,-1.1473624692472295,0.7382848661434506,-4.601834211293295e-09,0.884
2760.0,1.2250005318129446e-05,0.01138068220873567,1.4101757586641597,-1.1500773481226654,0.7382848661434506,-4.5347874766126095e-09,0.884
2760.0,1.225000018698125e-05,0.01138068220873567,1.4101757586641597,-1.1500773481226654,0.7382848661434506,-4.534791700188597e-09,0.884
2759.9990000016987,1.2318841981705657e-05,0.011447422341333885,1.3492282641190503,-1.1473624692472295,0.7382848661434506,-4.601834436845819e-09,0.884
2760.0010000020266,1.2318836082226707e-05,0.011447422341333885,1.3492282641190503,-1.1473624692472295,0.7382848661434506,-4.601826193775107e-09,0.884
2760.0009999983013,1.2318837513115145e-05,0.011447422341333885,1.3492282641190503,-1.1473624692472295,0.7382848661434506,-4.601831722393587e-09,0.883
2760.0009999983013,1.2318845048304047e-05,0.011447422341333885,1.3492282641190503,-1.1473624692472295,0.7382848661434506,-4.601827940515009e-09,0.883
2759.9989999979734,1.2318842488438682e-05,0.011447422341333885,1.3492282641190503,-1.1473624692472295,0.7382848661434506,-4.601828491853495e-09,0.883
2760.0019999966025,1.2318837169182997e-05,0.011447422341333885,1.3492282641190503,-1.1473624692472295,0.7382848661434506,-4.601825399564757e-09,0.883
2760.0,1.2173913971013793e-05,0.01129030621784696,1.4055944623396117,-1.135192205315109,0.7382848661434506,-4.436086059116679e-09,0.883
2760.0009999983013,1.2228256925413426e-05,0.011322591883333165,1.3785480668270687,-1.1306002278115408,0.7382848661434506,-4.422884564050033e-09,0.883
2760.0,1.2228261650630987e-05,0.011322591883333165,1.3785480668270687,-1.1306002278115408,0.7382848661434506,-4.422885921527224e-09,0.883
2759.9990000016987,1.2228260582711693e-05,0.011322591883333165,1.3785480668270687,-1.1306002278115408,0.7382848661434506,-4.422884382033442e-09,0.883
2760.0,1.2173907373801912e-05,0.01129030621784696,1.4055944623396117,-1.135192205315109,0.7382848661434506,-4.4360839417005365e-09,0.883
2759.997999999672,1.21739170241598e-05,0.01129030621784696,1.4055944623396117,-1.135192205315109,0.7382848661434506,-4.4360867483290624e-09,0.883
2759.9989999979734,1.2173913261784434e-05,0.01129030621784696,1.4055944623396117,-1.135192205315109,0.7382848661434506,-4.436085731172857e-09,0.883
2759.9990000016987,1.2173912472250125e-05,0.01129030621784696,1.4055944623396117,-1.135192205315109,0.7382848661434506,-4.436081108610498e-09,0.883
2759.9989999979734,1.2173912245890114e-05,0.01129030621784696,1.4055944623396117,-1.135192205315109,0.7382848661434506,-4.4360862137711354e-09,0.883
2760.0,1.2173914297606751e-05,0.01129030621784696,1.4055944623396117,-1.135192205315109,0.7382848661434506,-4.436084144430257e-09,0.883
2759.9990000016987,1.2173915455368534e-05,0.01129030621784696,1.4055944623396117,-1.135192205315109,0.7382848661434506,-4.436078660003293e-09,0.877
2759.9990000016987,1.2173915024651418e-05,0.01129030621784696,1.4055944623396117,-1.135192205315109,0.7382848661434506,-4.436082736608287e-09,0.883
2760.002000000328,1.2228257999860605e-05,0.011322591883333165,1.3785480668270687,-1.1306002278115408,0.7382848661434506,-4.422885620199555e-09,0.883
2759.9980000033975,1.2173916202181009e-05,0.01129030621784696,1.4055944623396117,-1.135192205315109,0.7382848661434506,-4.436080201024659e-09,0.883
2759.9989999979734,1.2228267809070875e-05,0.011322591883333165,1.3785480668270687,-1.1306002278115408,0.7382848661434506,-4.4228923049089246e-09,0.883
2759.9980000033975,1.2173906408425711e-05,0.01129030621784696,1.4055944623396117,-1.135192205315109,0.7382848661434506,-4.436080016357998e-09,0.883
2759.999000005424,1.2228262271227816e-05,0.011322591883333165,1.3785480668270687,-1.1306002278115408,0.7382848661434506,-4.422882919804758e-09,0.883
2759.9989999979734,1.2173916063952703e-05,0.01129030621784696,1.4055944623396117,-1.135192205315109,0.7382848661434506,-4.436088217277508e-09,0.882
2760.0,1.2228258656566496e-05,0.011322591883333165,1.3785480668270687,-1.1306002278115408,0.7382848661434506,-4.4228819497248745e-09,0.882
2759.999000005424,1.2173911871662848e-05,0.01129030621784696,1.4055944623396117,-1.135192205315109,0.7382848661434506,-4.436084234936996e-09,0.882
2759.999000005424,1.2228266293825346e-05,0.011322591883333165,1.3785480668270687,-1.1306002278115408,0.7382848661434506,-4.4228915451654845e-09,0.882
2759.9989999979734,1.2173916247355758e-05,0.01129030621784696,1.4055944623396117,-1.135192205315109,0.7382848661434506,-4.436082807460949e-09,0.882
2760.0,1.2173913661497916e-05,0.01129030621784696,1.4055944623396117,-1.135192205315109,0.7382848661434506,-4.436083012482544e-09,0.882
2760.0010000020266,1.2250000120749395e-05,0.011345608229044245,1.3721098300759582,-1.1104340009748725,0.7382848661434506,-4.3373757331140856e-09,0.882
2760.0,1.232971146202654e-05,0.011394045609980643,1.3382227065052232,-1.11166441283333,0.7382848661434506,-4.380663322408842e-09,0.882
2760.002999998629,1.2333326329087144e-05,0.011402707535074075,1.3432983891972974,-1.1205798552095179,0.7382848661434506,-4.4561339507369964e-09,0.882
2760.002000004053,1.2333328541636258e-05,0.011402707535074075,1.3432983891972974,-1.1205798552095179,0.7382848661434506,-4.456145289880174e-09,0.882
2759.9989999979734,1.2333332493929889e-05,0.011402707535074075,1.3432983891972974,-1.1205798552095179,0.7382848661434506,-4.456140014606662e-09,0.882
2760.0,1.233333310504386e-05,0.011402707535074075,1.3432983891972974,-1.1205798552095179,0.7382848661434506,-4.456145704461381e-09,0.882
2759.999000005424,1.2333335168434445e-05,0.011402707535074075,1.3432983891972974,-1.1205798552095179,0.7382848661434506,-4.4561406440262915e-09,0.882
2760.0,1.2333332025353641e-05,0.011402707535074075,1.3432983891972974,-1.1205798552095179,0.7382848661434506,-4.456139000623479e-09,0.882
2759.9989999979734,1.2304352926576213e-05,0.011377577745826175,1.3454410434290667,-1.1063006037429166,0.7382848661434506,-4.324177526590164e-09,0.881
2760.0,1.2304347052683647e-05,0.011377577745826175,1.3454410434290667,-1.1063006037429166,0.7382848661434506,-4.32417950420296e-09,0.882
2759.999000005424,1.2329710738675536e-05,0.011394045609980643,1.3382227065052232,-1.11166441283333,0.7382848661434506,-4.380654845604534e-09,0.882
2760.0010000020266,1.2333338794068502e-05,0.011402707535074075,1.3432983891972974,-1.1205798552095179,0.7382848661434506,-4.456140914680449e-09,0.882
2760.0010000020266,1.233332934116653e-05,0.011402707535074075,1.3432983891972974,-1.1205798552095179,0.7382848661434506,-4.456133642862341e-09,0.882
2760.0010000020266,1.2307969577126695e-05,0.01138641130114492,1.3501299549092352,-1.115171047361315,0.7382848661434506,-4.3996577207704255e-09,0.882
2759.9989999979734,1.2329705872880522e-05,0.011394045609980643,1.3382227065052232,-1.11166441283333,0.7382848661434506,-4.3806617894788576e-09,0.882
2760.0010000020266,1.2304347495497654e-05,0.011377577745826175,1.3454410434290667,-1.1063006037429166,0.7382848661434506,-4.324179785364595e-09,0.882
2870.822000004351,1.2987902600365334e-05,0.011953739045909455,0.9951040804407318,-1.2126235532233252,4.202697572631812,-5.746748026104513e-09,0.891
2900.81400000304,1.2958153319808017e-05,0.012042118091470665,0.9686184293238798,-1.194524044652411,4.297297651060279,-5.60101130089096e-09,0.891
2910.8559999987483,1.3005311310905672e-05,0.012107376205603095,0.947067772918742,-1.1778225791391912,4.235590675642636,-5.495304691137559e-09,0.892
