ChargingTime,VoltageSlope,VoltageStd,VoltageKurtosis,VoltageSkewness,VoltageEntropy,VoltageCurvature,Capacity
1420.0001481175127,0.00012079877417055154,0.050242947336119746,-1.2547400791076955,0.21305596261260468,3.7741971436244404,2.7597295431247397e-08,2.5014811212896038
1430.0001491605653,0.00011907712649483305,0.04990346443571961,-1.2408634088084352,0.23372659215384878,3.771438287078153,2.9519351901965837e-08,2.500419344380426
1430.0001491606308,0.00011928529526985004,0.049986460770848305,-1.240190950005366,0.2319549210705568,3.771438287078153,2.9321396933842332e-08,2.498401249041884
1430.0001491603907,0.00011919276202227455,0.049953018741236616,-1.2354603855565818,0.2361441883581526,3.771438287078153,2.976978190289404e-08,2.496459278956706
1430.0001491606236,0.00011954244153349137,0.05009596609662107,-1.2375540345892801,0.2337326444982723,3.771438287078153,2.9562975058342098e-08,2.4939405459678827
1430.0001491605653,0.00011991978768826886,0.050249487684526355,-1.237808846201235,0.23147532716933283,3.7724418351354023,2.9361080275736763e-08,2.4916575158034946
1420.0001481175423,0.00012011106240001337,0.04997923738425669,-1.237971134998277,0.23040976903555935,3.7711448555778473,2.9473124363374267e-08,2.489351238021375
1430.0001491606236,0.00012013586392566965,0.05033707992180657,-1.2376266045695006,0.23010603033690952,3.772274149047158,2.9228478446366483e-08,2.487499791878798
1420.0001481174986,0.00012031940272917025,0.050064855535801964,-1.2356409902993333,0.23069877150405788,3.775357729767434,2.9525156744927144e-08,2.484855159692926
1420.0001481175277,0.00012070877200506934,0.050221066564556376,-1.2374945966085087,0.2272301435873456,3.7739634046422594,2.9184805563293983e-08,2.483099647569445
1420.0001481175423,0.00012098283698977694,0.05033104466483171,-1.2395255799501455,0.22457696715844894,3.7739634046422594,2.8924659149674814e-08,2.4811020662597656
1420.0001481175423,0.00012075958887651115,0.050243157997872746,-1.234449298433369,0.22874953689111033,3.7739634046422594,2.9351908732634187e-08,2.479005896666125
1420.0001481176587,0.00012106607625330794,0.0503650810445939,-1.235841721141758,0.2255499446542953,3.775357729767434,2.9014074097439287e-08,2.477162236354709
1420.0001481176005,0.00012141558765053829,0.050505441994884846,-1.2378990703474178,0.22235027710016525,3.7763682956432647,2.8700603105066343e-08,2.475263632725695
1410.0001470746065,0.00012142788783934551,0.05015657998587831,-1.2365430539885347,0.22180800220959931,3.7751608818581657,2.8801863140444334e-08,2.473779835266384
1410.000147074461,0.00012178987725640693,0.050304557729940455,-1.2379816182674368,0.2205383444714374,3.776292085540644,2.873968788362728e-08,2.47154522355523
1420.0001481176878,0.00012178040281469951,0.050653650643700525,-1.237595662745569,0.22065935459539485,3.7749739705180905,2.8545628525672826e-08,2.469943204478082
1410.0001470743155,0.00012185430935335222,0.05033260186139696,-1.235404202001229,0.2221376436102322,3.7751608818581657,2.8932053501513267e-08,2.468104259352756
1410.0001470745483,0.00012207048023532696,0.050416493828175375,-1.2363978663007675,0.2190404110435328,3.776292085540644,2.8577631794799365e-08,2.466615685218641
1410.0001470744028,0.00012228425702382335,0.05050303893032423,-1.23890802504711,0.21730177935140216,3.776292085540644,2.842928219191358e-08,2.464572660085178
1410.0001470743446,0.00012213357800312344,0.050445198097100206,-1.2357944149705071,0.22059163949023392,3.7772169823540733,2.8783719453434843e-08,2.462952410251735
1410.0001470745774,0.00012234747264762495,0.050529277064884595,-1.2361031021126188,0.21833498701397003,3.7748879412244483,2.854512030523865e-08,2.461232230055882
1410.0001470744028,0.0001226598188454813,0.050653558969933156,-1.23789499837949,0.2153007283791208,3.7772169823540733,2.8230512343794834e-08,2.45984737840766
1410.000147074461,0.0001228880847362477,0.0507441996351088,-1.2390176643995348,0.21302300834095494,3.7782346648910017,2.7981452021504677e-08,2.458127487729493
1400.0001460314961,0.00012286970686347382,0.050379214871841195,-1.237675385076261,0.21275245754220207,3.777038180084115,2.812476699547319e-08,2.456232857093099
1410.0001470745774,0.00012284220992339877,0.050723591893825436,-1.2372328332367484,0.21273681599688896,3.7772169823540738,2.7907744029775893e-08,2.455184191421441
1410.0001470743446,0.00012290084616534307,0.05074842372443471,-1.239934027584077,0.21216253422003495,3.7772169823540733,2.788405291213743e-08,2.453425616272787
1400.0001460313797,0.00012297464143886262,0.05041861203916613,-1.236490481458362,0.21121325053564274,3.776250334369278,2.7902598148442444e-08,2.451587205625542
1400.000146031438,0.00012325013368305344,0.05052727214188022,-1.2388697525091668,0.20811186571245338,3.778177406487746,2.758479930390078e-08,2.45055786070204
1400.0001460313797,0.00012344626500361008,0.05060089683931496,-1.2401911980533364,0.20394989976342354,3.7790310527539637,2.7086108971880475e-08,2.4488197419368487
1400.000146031438,0.00012364291710849522,0.05068175335932001,-1.240345723911433,0.2040316709724087,3.7799625091192617,2.7125171518532204e-08,2.447179630290798
1400.0001460313797,0.0001233198254859917,0.050554484916519704,-1.2355716434424515,0.20848475313462259,3.7790310527539637,2.7597182400094256e-08,2.4454925960693368
1400.0001460313797,0.00012356534474629197,0.05064741867282922,-1.2370387505243288,0.2037456415098531,3.780987409262835,2.7015854725817435e-08,2.444258173608941
1400.0001460315543,0.00012371841001557716,0.05071072959162017,-1.2386840779552981,0.2035019221576097,3.7773895607729093,2.705889584858255e-08,2.443183038978948
1400.0001460313797,0.00012389443170197014,0.050787079189979364,-1.2398463735474408,0.20542903647513908,3.778177406487746,2.7379441889844224e-08,2.441673579824761
1390.000144988182,0.00012399242869245628,0.05046008064621394,-1.2377023387948145,0.20170543857421713,3.779081652879327,2.7034708478092404e-08,2.439767059277887
1400.0001460313797,0.00012362748558470034,0.05067135795703461,-1.2367710416580335,0.20298065642513544,3.7799625091192617,2.6932909243648605e-08,2.438171832907987
1400.000146031438,0.00012396655969623452,0.05081118931343641,-1.2385801883594385,0.20284222711339572,3.780987409262835,2.6999283083565978e-08,2.437124455875109
1400.0001460313797,0.0001242146073183115,0.05091275548198195,-1.2415727382730406,0.2017624707582064,3.7790310527539637,2.6959608409516828e-08,2.435322602000868
1390.0001449882984,0.0001244141299670481,0.050629712947863406,-1.2394320802280396,0.20000939122867298,3.7802290166144132,2.6925065855494785e-08,2.4347917374766697
1390.0001449882984,0.00012435059784019525,0.0506024489076219,-1.2385621324899974,0.1994984659886942,3.7802290166144132,2.6817695549663794e-08,2.43327549070421
1390.0001449882984,0.00012455786306534388,0.05068335991146874,-1.2397893827567132,0.19710291389117574,3.7802290166144132,2.6550616041768307e-08,2.4317392908203135
1390.0001449882984,0.00012481110213256508,0.05078272090702363,-1.2392604923723054,0.1951425614525435,3.7802290166144132,2.6317342414203763e-08,2.430364427061631
1390.0001449882984,0.0001244789651488864,0.050651650660452914,-1.236837527638449,0.19832325699064768,3.7802290166144132,2.665654627573356e-08,2.429469182385525
1390.0001449882984,0.00012467498168175457,0.050731926566564944,-1.2374393896482725,0.1984159792777525,3.7802290166144132,2.6720210088764094e-08,2.4280908168527557
1390.0001449885312,0.00012473779650556057,0.050754261419926686,-1.2384629504562281,0.19620569394019655,3.7802290166144132,2.6441066979941614e-08,2.427691809191623
1390.0001449882984,0.00012497565983369245,0.05084994177480549,-1.2377330768120522,0.1958104768981791,3.7802290166144132,2.642501170406412e-08,2.426425173410374
1390.0001449880656,0.00012512382992149572,0.05090444289063596,-1.2387743925379098,0.19204044166523782,3.7812612374732977,2.5943062150081598e-08,2.425912896177842
1390.0001449880656,0.00012512206569179562,0.05089723343968083,-1.2389180025968147,0.18808123633878918,3.7821993470983477,2.538828199059698e-08,2.423288744195421
1390.0001449882984,0.00012632227581821777,0.0513754361144209,-1.2475503125805156,0.17883112277438648,3.783059090837895,2.4451475342785407e-08,3.589587778235136
1380.00014394545,0.0001273306929160154,0.05140959684162823,-1.24921940839982,0.17347284726849188,3.678736553069274,2.4074186192978445e-08,2.4200633567507612
1390.0001449880656,0.00012565273614437503,0.05111609307142286,-1.2404555097736027,0.1893689141932608,3.783059090837895,2.570415823193914e-08,2.418832431844076
1390.0001449880656,0.00012566428439283938,0.051119070237457466,-1.2396669977952126,0.18858100252330257,3.7821993470983477,2.5585652176259744e-08,2.417863418778211
1380.0001439449843,0.00012563511254894407,0.05074230715715409,-1.2385139220240593,0.1882780473229319,3.6756072871608176,2.5700979443326972e-08,2.41609393175944
1380.0001645078883,0.00012590485616468825,0.05084999487311256,-1.2404550583086762,0.1868675178807469,3.6756072871608176,2.558772204329124e-08,2.415096079334309
1380.0001645078883,0.00012603813802062198,0.05090130557560687,-1.2422094675338173,0.1846918058295476,3.675607287160818,2.5333384426818876e-08,2.413406224950087
1380.000164508121,0.00012620318728796462,0.05096666910951533,-1.2413058780127204,0.1842079301343694,3.678947312604562,2.5287125347684198e-08,2.412570421073134
1380.0001645090524,0.00012585060602622573,0.050830414063391026,-1.2384526986149214,0.1889650739888595,3.6756072871608176,2.584737724427099e-08,2.411362351494141
1380.0001645090524,0.0001259932547421482,0.050885911587026295,-1.2392618590045994,0.1873961060377207,3.677041736750026,2.5665038361944227e-08,2.410556569847548
1380.0001645090524,0.0001260419159367244,0.05090219280375445,-1.240073040633554,0.18501851260246732,3.675607287160818,2.535494806435204e-08,2.408840740398221
1380.0001645090524,0.00012622617039459606,0.05097587958909202,-1.240663416966442,0.1843928229395207,3.676646934069047,2.5307372978374854e-08,2.407957172711589
1380.0001645087032,0.0001263930831497675,0.05104103348552376,-1.2406029752401235,0.18300038410236488,3.677512863015354,2.5137384367179547e-08,2.4069280577446848
1380.000164508354,0.00012650969361894252,0.0510858806856856,-1.2413966075390495,0.18132094956061245,3.677512863015354,2.4930849715685174e-08,2.405886567528211
1370.0001633131178,0.00012654789572978352,0.05073344034605171,-1.2405673531496968,0.18061079135955654,3.67709525485039,2.501448282228413e-08,2.4047349522314456
1370.000163316843,0.00012668642665781852,0.050787853207417175,-1.2406909477837773,0.1798253275223386,3.67709525485039,2.4935693103832747e-08,2.40399853828559
1380.0001645091688,0.00012647040192188453,0.051068770768826294,-1.239982791247817,0.18099463767942886,3.677512863015354,2.4868892535375414e-08,2.402169223226996
1380.0001645091688,0.000126424396430877,0.05105161924698115,-1.2381690426926297,0.18251470181362417,3.677512863015354,2.504976306358496e-08,2.40105163960829
1370.0001633169595,0.00012664648556815752,0.05076821707402261,-1.2375051266539485,0.17857728166539386,3.678540099001839,2.4687505864406275e-08,2.400318000929904
1370.000163316843,0.00012663813435484291,0.050769817079885926,-1.2399513243296698,0.18094273567064229,3.678540099001839,2.5070270925850854e-08,2.39870676410753
1370.0001633130014,0.00012695907303922712,0.05088699874984611,-1.2396871558243014,0.173501280083284,3.6795872795833158,2.405892609755721e-08,2.397938941755644
1370.0001633171923,0.00012681443780255473,0.05083157403523338,-1.2395034753436847,0.17525531242109896,3.6795872795833158,2.4284697371436062e-08,2.396700563949111
1370.0001633169595,0.00012730108893901587,0.05102239039975394,-1.2415823345308965,0.1716890206557471,3.6803922523789097,2.390087329221769e-08,2.395665612881945
1370.0001633130014,0.00012696819847268163,0.05089800518755719,-1.2385003553707887,0.17876018982510206,3.678540099001839,2.480523607703338e-08,2.394654427746311
1370.0001633155625,0.00012721983722793837,0.050995247181833944,-1.2414378342267114,0.17536720295749247,3.678540099001839,2.4412564206258295e-08,2.393398802062717
1370.0001633169595,0.00012716889296369578,0.050974550903426764,-1.2404576552312763,0.17553013849041285,3.678540099001839,2.4409194033951942e-08,2.392791588696832
1370.0001633171923,0.0001272399585984185,0.051001544365740815,-1.2400294468445061,0.17468412540345712,3.678540099001839,2.429264388495805e-08,2.391623464071181
1370.0001633171923,0.00012732880972310816,0.051037930817476464,-1.2428238115894683,0.17425055992086327,3.6795872795833158,2.4278835929062535e-08,2.390213112529298
1370.0001633169595,0.00012752161495328037,0.05111000825250338,-1.2423665950497529,0.1708827161699955,3.6785400990018386,2.384105916761534e-08,2.38948720503418
1360.0001621213742,0.00012753000813288387,0.050742788408944625,-1.2439587613506873,0.16923289698237665,3.6782994222525205,2.3810485011899293e-08,2.387899934462348
1360.0001621248666,0.00012773970040868952,0.05082688000823023,-1.2417448230638561,0.1705205945553484,3.6799888410067445,2.3988869142958434e-08,2.386901585658095
1370.0001633160282,0.00012745181060588235,0.051084285378336716,-1.2406213060549585,0.1730230113066038,3.6795872795833158,2.4106986540765597e-08,2.386063469302843
1370.0001633169595,0.0001273895187750092,0.05105619262899256,-1.2414159380672347,0.17062981855147394,3.6795872795833158,2.376262756832679e-08,2.3850531578575302
1370.0001633171923,0.00012768872746370572,0.051174170165160765,-1.2426535598785278,0.1688747661378219,3.6795872795833158,2.3583267882373067e-08,2.383965000856121
1360.0001621250995,0.00012755350687886741,0.05075120246006078,-1.2393178931551563,0.1702686178974441,3.680947493178328,2.388277123257227e-08,2.381732006624348
1360.0001621250995,0.0001280226593798782,0.05093374715347564,-1.2420860852821682,0.16643089709027944,3.680947493178328,2.3456569580860362e-08,2.38123985727322
1360.0001621246338,0.00012801318171719802,0.05093053278919092,-1.2410696000139467,0.1671941132708987,3.680947493178328,2.3545423172945883e-08,2.380693525753582
1360.0001621239353,0.00012817424391945437,0.050991311026929206,-1.242903697833143,0.16420168029562118,3.680947493178328,2.3174836298919225e-08,2.379658951594509
1360.0001621248666,0.0001282255089643099,0.05101351166910063,-1.242789909890297,0.1655302314115526,3.680947493178328,2.3369235477703492e-08,2.378690071586372
1360.0001621250995,0.00012834418938787712,0.05105918873740111,-1.2431399365909985,0.16435190525554003,3.680947493178328,2.321680715524812e-08,2.3778354693739163
1360.0001621253323,0.00012798661111727188,0.050919583626799096,-1.2414609106538175,0.16678594385155127,3.6799888410067445,2.349465476811719e-08,2.376735448643663
1360.0001621241681,0.0001281113957176434,0.050968384313829995,-1.2401784080139233,0.16663612386160517,3.680947493178328,2.347464735766296e-08,2.3755509925727
1360.0001621250995,0.0001282557790897415,0.05102347888680102,-1.242474591152359,0.16414894752141676,3.680947493178328,2.3179587319876987e-08,2.3746700911425784
1360.0001621248666,0.0001284776684726267,0.051110476355224845,-1.243147820169286,0.16298638570736013,3.680947493178328,2.3060066925000888e-08,2.373625084946289
1360.0001621253323,0.0001285145861134728,0.05112404159624683,-1.2424562689246395,0.16243723284729253,3.6820023174136844,2.2975470717143155e-08,2.372639979356011
1350.0001609318424,0.00012850191777163836,0.05074659860781254,-1.2413197455944536,0.16239621658916167,3.6808001798972168,2.3118858227325076e-08,2.37177165598687
1350.0001609330066,0.0001286053045966404,0.050787346127584294,-1.241994468334633,0.16211945618447574,3.6808001798972168,2.3101982498516514e-08,2.370573130247395
1350.0001609313767,0.00012880142219651343,0.050862512609054875,-1.243585308748886,0.15989361863060633,3.6808001798972168,2.2832463699367918e-08,2.369886864585503
1360.0001621241681,0.000128562847024323,0.0511415974053712,-1.2414152375041816,0.16164045658009624,3.6820023174136844,2.2851272052796584e-08,2.3685341759678833
1360.0001621250995,0.0001286589225816229,0.05118061436170164,-1.2424789157352492,0.1618367620999682,3.680947493178328,2.291397155619495e-08,2.368072142374674
1360.0001621250995,0.00012995633809320445,0.05167764378534628,-1.2491750143039255,0.1449527327451556,3.6820023174136844,2.075407742823656e-08,2.385147822858887
1390.0001657011453,0.00012425649641636952,0.05055022652782959,-1.225772555066853,0.19529309943265763,3.7813763803494984,2.606451987908134e-08,2.3688214280794266
1360.0001621237025,0.0001287517913608779,0.05121651614874787,-1.2436791347357825,0.16060534805646828,3.680947493178328,2.277488030484833e-08,2.3658366793570966
1350.0001609332394,0.00012903809129176632,0.05095409608904475,-1.2424792063653112,0.15887692145704352,3.6808001798972168,2.2715297022724727e-08,2.363113884071723
1350.000160932541,0.00012933679396590867,0.05106660361907556,-1.2430741442102602,0.15457511426695855,3.681765880981827,2.2144792519355003e-08,2.3618946056027563
1350.0001609320752,0.0001295276293041223,0.05114040928450069,-1.243872228988118,0.1531012866754571,3.681765880981827,2.1972683205058086e-08,2.359980044554579
1350.0001609288156,0.00012925880988620624,0.05103853867875371,-1.243834494875324,0.15637838174013213,3.6808001798972163,2.240447117684308e-08,2.358800033934461
1349.998953934759,0.0001295029786447395,0.051132465741771146,-1.2436902322284211,0.1545509595290476,3.6808001798972168,2.2184372024772665e-08,2.3573454404861116
1349.9989539461676,0.00012950004469244482,0.05113000694993693,-1.242874516639365,0.15386579787461377,3.681765880981827,2.2066194529658585e-08,2.3563388969070087
1349.998953938717,0.00012976115629318328,0.05123177246907619,-1.2428246413947943,0.15288763960466156,3.681765880981827,2.1964566193167692e-08,2.355015022815212
1339.998961695237,0.0001297335628695778,0.05084483590392959,-1.2427557709766186,0.15229767784658366,3.6825937035927248,2.2034860840018965e-08,2.3538924725227863
1339.9989616875537,0.00012983473946848065,0.05088210872564441,-1.2434676498212625,0.1501393468877007,3.6841805458011763,2.1746263898331932e-08,2.3528167857373044
1339.9989616943058,0.00013007264078403086,0.050975241590251935,-1.2455163760965948,0.14933801133800442,3.6841805458011763,2.168839552426689e-08,2.351986248168944
1349.9989539475646,0.00012981972704107736,0.05125390652787778,-1.244263545896416,0.15159305341525856,3.6808001798972163,2.1805220434118186e-08,2.350548436622722
1349.9989539391827,0.0001303203387549434,0.051451948270409865,-1.24646575054027,0.15103016948841572,3.6808001798972163,2.184303558294762e-08,2.349298357195095
1349.9989539464004,0.00013035810825986666,0.05146490959713436,-1.2463421132526542,0.14959036221357017,3.681765880981827,2.1631901309035037e-08,2.348562825897353
1339.998961682897,0.0001303237917940231,0.05107422794203726,-1.2448084202740919,0.1500064598091214,3.6817021174924522,2.1827138663435626e-08,2.3471493910649968
1339.998961695237,0.0001305144770927169,0.05114492455136236,-1.2441777913795373,0.1470338149171786,3.6841805458011763,2.1408954302559615e-08,2.346538024947373
1339.9989616868552,0.0001306108094285767,0.051181847915706506,-1.2455666273391075,0.14589926554353866,3.6825937035927248,2.126535211465508e-08,2.345201530728083
1339.998961691279,0.00013076878652824406,0.05124066615200983,-1.2449548428039048,0.1435692809140776,3.6825937035927248,2.094083813070872e-08,2.344500893665364
1339.9989616866224,0.00013086091410009212,0.05127714553665047,-1.245564430453524,0.14367233291198173,3.6841805458011763,2.0978695949666835e-08,2.343469768126626
1339.998961689882,0.00013052025399806945,0.05114566628833216,-1.24455224994553,0.14569285612097507,3.6841805458011763,2.1209663238975574e-08,2.342560888710937
1339.9989616866224,0.0001306820721899267,0.05120695029148567,-1.2439733489950007,0.14413632334000517,3.6825937035927248,2.1001226570313977e-08,2.341533749172091
1339.9989616826642,0.00013076858957303806,0.05124075640761624,-1.2446298853311928,0.14379960993251445,3.6825937035927248,2.097287687160277e-08,2.340592299479168
1339.99896169384,0.000130887858613437,0.051284359436404414,-1.2450286904387682,0.14105660659466718,3.6825937035927248,2.059133061432236e-08,2.339683047199979
1339.998961687088,0.00013092764886070912,0.05129934893416705,-1.2453503548836387,0.1404717294959835,3.6841805458011763,2.0509372188718916e-08,2.338835461907551
1339.9989616950043,0.00013099018480691661,0.05132295584044141,-1.2451224233613907,0.13982233917740594,3.6825937035927248,2.0415728034036072e-08,2.337712409269749
1329.9989694315009,0.00013099660916636734,0.05094669276417567,-1.2454968797802324,0.13964717735042748,3.685194192584192,2.0552604927494038e-08,2.336359214334852
1329.9989694426768,0.00013109391551635228,0.050982748445539926,-1.2440499042900925,0.13870629897145048,3.685194192584192,2.039918679180254e-08,2.335874071334636
1339.998961687088,0.00013089192895199164,0.05128696116848342,-1.244868744941092,0.14196357467067772,3.6825937035927243,2.0725360274050976e-08,2.334617223483614
1339.998961694073,0.00013081897284159642,0.05125330019462972,-1.24475032398315,0.13775593490851823,3.6852509970622416,2.0078173990381778e-08,2.334912545095487
1339.9989616866224,0.00013079309890751684,0.05124480598256868,-1.244541075217034,0.13923601860022966,3.6841805458011763,2.0293070863185552e-08,2.334211560651041
1339.998961694073,0.0001309400942415097,0.05130156628129062,-1.24367346820664,0.13885925423553067,3.6841805458011763,2.0243829992112255e-08,2.333419323892144
1329.998969443608,0.00013105822010651543,0.05096947579189404,-1.2437242442341228,0.13928502004668902,3.685194192584192,2.0489674321720308e-08,2.331645462267252
1329.9989694347605,0.00013077381963228006,0.05085813770888704,-1.2425795714271637,0.13913087388938725,3.685194192584192,2.039949540882224e-08,2.330651467360568
1329.9989694431424,0.00013121328146124483,0.05102986644077423,-1.2449549288632233,0.13890835071740532,3.685194192584192,2.0472665459950322e-08,2.330053863632812
1329.9989694361575,0.00013132609871693466,0.051070061433436544,-1.244861308551833,0.13575846964884555,3.685194192584192,2.0011311299489446e-08,2.329523167817384
1329.9989694426768,0.0001314523820590884,0.05111848788383314,-1.246291554351766,0.1345981114264636,3.685194192584192,1.9875554532005164e-08,2.3284890431141503
1329.9989694361575,0.00013147343597998175,0.05112521810509061,-1.2454815341319134,0.13363610522904373,3.685194192584192,1.9722076886557497e-08,2.327660577253689
1329.998969443608,0.00013159244236808404,0.051169550022348395,-1.2460342064981724,0.13165746802794231,3.685194192584192,1.9449466228323833e-08,2.32681301970052
1329.9989694366232,0.00013124644741276418,0.0510404742074935,-1.245107044408544,0.13683691480435708,3.685194192584192,2.017005437322865e-08,2.325967602207032
1329.9989694384858,0.00013140367430788315,0.05110067632908809,-1.24587402907324,0.13573718430957055,3.685194192584192,2.0038246768666537e-08,2.325255893662651
1329.9989694366232,0.00013140707447783094,0.051100586262741186,-1.2446219339002316,0.13495266526101796,3.685194192584192,1.9906985329041452e-08,2.3185735603005644
1319.9989771842957,0.00013209302851223517,0.05097622917655807,-1.2451711099352025,0.1263165689738231,3.6862215427539238,1.885383262453982e-08,2.319741089954427
1319.9989771917462,0.00013193424103731343,0.0509171263237496,-1.2461670920441084,0.12798857554488652,3.6862215427539238,1.9093152475199952e-08,2.3183861531136065
1319.9989771847613,0.00013202369739684589,0.05095210133282056,-1.2455698072579735,0.1285915005832368,3.6862215427539238,1.9195867121305345e-08,2.3182409978358285
1319.998977192212,0.00013207595991081574,0.050971270395723446,-1.2459525510042857,0.12757852228039,3.6862215427539238,1.9047691923235287e-08,2.317210157765842
1329.9989694361575,0.00013189277395258967,0.05128471332636584,-1.2463463140958548,0.13006714548858622,3.685194192584192,1.92574986063869e-08,2.316534940536024
1329.9989694431424,0.00013192781897910786,0.05129712419068583,-1.246652033232776,0.1288192952561682,3.685194192584192,1.908127926670251e-08,2.3157510702061623
1329.9989694347605,0.0001319693816003317,0.05131255495619775,-1.2463063849135598,0.12822437651214239,3.685194192584192,1.8999236779571716e-08,2.3146826306711152
1339.998961694073,0.00013324661441631584,0.05217994119137956,-1.251753437148724,0.11184776244755182,3.6881858888495564,1.6634469017443256e-08,3.3908886615496145
1309.9989849394187,0.0001340337358111547,0.0513212166549407,-1.2495113949301957,0.10767921341012045,3.6874297516937355,1.643449440504637e-08,2.313026650772569
1319.9989771842957,0.00013262430303883027,0.05117921476620443,-1.2466661732066662,0.12374421355511978,3.6862215427539238,1.855584370744144e-08,2.3116070138302955
1319.9989771917462,0.00013278028351028064,0.051238385480745746,-1.2469361206390819,0.12270436237710791,3.6872090265697657,1.841684121866062e-08,2.310594162192383
1319.9989771847613,0.0001328225205129525,0.051253765148970135,-1.248228981588298,0.12122512632761817,3.6872090265697657,1.8215450186856453e-08,2.309671230347223
1319.998977192212,0.00013299088466720723,0.0513175052290485,-1.247361895084592,0.12040269752198948,3.6872090265697657,1.8102307164914682e-08,2.308602262639432
1319.9989771917462,0.00013266002984906874,0.05119235581556762,-1.2460270373964735,0.12333116839360561,3.6872090265697657,1.8493532895830558e-08,2.3079007669037552
1319.9989771805704,0.00013275236809417326,0.05122778522913161,-1.2465430700608406,0.12294610907227368,3.6862215427539238,1.8453473485589756e-08,2.306621616443142
1319.9989771912806,0.0001327350957598854,0.0512205231341189,-1.2456707394473812,0.12275266822863752,3.6872090265697657,1.8406972136157557e-08,2.3058518915304913
1319.9989771791734,0.00013289025151127005,0.0512788755056689,-1.2478620178671784,0.12037871101844998,3.6872090265697657,1.8092820068378188e-08,2.304703076729601
1319.9989771926776,0.00013265702605089373,0.05118895022438331,-1.2464584863458665,0.1210022548330757,3.6872090265697657,1.814112996450456e-08,2.304110351699761
1319.9989771815017,0.00013284148024069373,0.051258017189656925,-1.247693422900594,0.11836250962899046,3.6872090265697657,1.777880452350791e-08,2.3033125002853723
1309.998984941747,0.00013277918239246075,0.05085065999245588,-1.2457638478017496,0.11965367325970964,3.6874297516937355,1.8076717104157348e-08,2.302514914881728
1309.9989849328995,0.0001328762111875222,0.05088863633841617,-1.2464509338263334,0.1201801732254298,3.6863349719949188,1.8182424132386925e-08,2.301407594076063
1309.9989849366248,0.00013293189559194672,0.050907967281857903,-1.2467490357479494,0.11799889941370542,3.6874297516937355,1.7861661117232903e-08,2.30072379937934
1309.9989849328995,0.0001330441093152132,0.05094975851829645,-1.2478822806637413,0.11632981911844827,3.6874297516937355,1.7630490571461386e-08,2.2997656968153217
1319.9989771884866,0.00013287780503549464,0.05127162980404709,-1.2466260808779486,0.11839169833591905,3.6872090265697657,1.7775624933434982e-08,2.298776597802733
1319.99897718383,0.00013298934856721637,0.051315560017580704,-1.246896481867011,0.11922744783932576,3.6872090265697657,1.7916048413174557e-08,2.298614957351887
1319.9989771884866,0.00013304376205138042,0.05133441503894441,-1.248386535181755,0.11639644741946403,3.6872090265697657,1.7514140515580235e-08,2.2968820224484587
1309.998984941747,0.0001330682024084657,0.05095970960347545,-1.246192055696219,0.11776431299580949,3.6874297516937355,1.7838685477992138e-08,2.295963050084092
1309.9989849324338,0.0001331351948633627,0.05098405515734751,-1.2463373656118177,0.11635936256389386,3.6863349719949188,1.7631579658411518e-08,2.2949912905783405
1309.99898494035,0.00013325285528257712,0.051027745469544986,-1.2473449594852846,0.11452233250137897,3.6874297516937355,1.737398743587999e-08,2.293805132090929
1309.9989849291742,0.00013331336667179387,0.05105051753197346,-1.2477279008547353,0.11389602701029382,3.6874297516937355,1.7294463006416415e-08,2.293351071534288
1309.9989849408157,0.00013340495210625245,0.05108450063970722,-1.2476587936798726,0.11270707177601823,3.6874297516937355,1.712379162901211e-08,2.29261859851888
1309.9989849287085,0.00013349264435894018,0.051117878604598065,-1.246584157008633,0.11304597754601362,3.6874297516937355,1.7169327084099044e-08,2.2918756509358733
1299.9989926894195,0.0001334947073462054,0.0507325498775769,-1.2462788129373905,0.11278318923962186,3.6866341420271453,1.7261418796769207e-08,2.290904119499241
1309.9989849287085,0.0001334146932875328,0.05109033883519229,-1.2473534307098728,0.11518064666384627,3.6874297516937355,1.749553182777193e-08,2.2900187894775392
1309.9989849412814,0.00013333899036912044,0.051059607420311265,-1.2466813439266993,0.11359281651078788,3.6874297516937355,1.7234220264931135e-08,2.288833120347765
1309.9989849328995,0.00013349184400491805,0.05111908360846248,-1.247081909909946,0.11440049793049076,3.6874297516937355,1.7385706300502666e-08,2.28802510620931
1309.9989849366248,0.00013351992840258958,0.05112802833605149,-1.247274629434307,0.11243991225395794,3.6874297516937355,1.7087318634973367e-08,2.2869978725271256
1309.9989849328995,0.00013377790695486897,0.05122646856119133,-1.246137711160792,0.11252290946684054,3.6874297516937355,1.712177019660947e-08,2.286419817610677
1309.9989849398844,0.00013349139749411096,0.051115475337028614,-1.2468633200693198,0.11071379201909202,3.6874297516937355,1.6823600194959748e-08,2.2857367654296867
1299.9989926810376,0.00013372302514550583,0.05081772274631632,-1.24733143775591,0.11067112929365885,3.687482128636244,1.696813858850541e-08,2.2846109794471583
1299.998992684763,0.00013376958291430732,0.05083534519401724,-1.246919760756601,0.11072742143809267,3.686634142027146,1.6982808897149857e-08,2.283980924500868
1299.998992681969,0.00013378823028845421,0.050840813901974126,-1.2477416375574049,0.10852571723014205,3.687482128636244,1.6655452336034383e-08,2.2826051128917113
1309.9989849324338,0.00013377482361957914,0.05122446548707477,-1.2473106097739957,0.11113612240272087,3.6874297516937355,1.6922167018956218e-08,2.281909925402561
1309.99898494035,0.0001336640641139831,0.051177535242509176,-1.2452786786116201,0.10693206119723124,3.6874297516937355,1.6240580297249422e-08,2.2810126057226565
1309.9989849291742,0.0001337316589087755,0.05120592414403909,-1.2474055037842608,0.10883625580163664,3.6874297516937355,1.6564644943078287e-08,2.2800207709054887
1299.9989926889539,0.00013390203056851878,0.05088337974504059,-1.2473543133601845,0.10795680288242372,3.687636701931779,1.6575540025749852e-08,2.278774901235352
1299.9989926824346,0.00013382985397924574,0.05085617719456523,-1.2455120889135067,0.10908727880677943,3.6894034986442112,1.6713030042517803e-08,2.277713390392794
1299.9989926884882,0.0001340860121873839,0.05095145206832206,-1.2477437812492775,0.10569056987881767,3.687636701931779,1.624945112918329e-08,2.2774933470469843
1299.998992681969,0.00013409278254504153,0.050954569977136516,-1.2500206465282961,0.10530272629317163,3.6905066354399656,1.6211663322322074e-08,2.275729664670682
1299.9989926889539,0.00013430765406035664,0.0510357901258516,-1.2492115168402795,0.10521072993771434,3.6894034986442112,1.620927491394544e-08,2.2750199578173818
1299.998992680572,0.00013449217366238718,0.051106063501552675,-1.2515101477032773,0.10419586010422792,3.6894034986442112,1.6110808915479016e-08,2.2746202095339623
1299.9989926884882,0.00013386642006681936,0.05086843665784371,-1.2469049822129978,0.10654009670358248,3.6894034986442112,1.6346282875381076e-08,2.2738635878537328
1299.998992681969,0.00013430962550382407,0.05103575400772813,-1.2470455106980773,0.10518858822706699,3.6905066354399656,1.619276877317867e-08,2.2721092989898004
1299.998992684763,0.00013430486144677158,0.051032408884874876,-1.2451451332574337,0.10420115405304631,3.6905066354399656,1.6020390735934437e-08,2.27144683789388
1299.998992680572,0.00013446243206024271,0.05109425269626363,-1.2481590294004785,0.10518415275014666,3.6905066354399656,1.6223143002859555e-08,2.2706581676812063
1299.9989926894195,0.0001343453210946502,0.05104722206213179,-1.2477090842956498,0.1024128220554929,3.6905066354399656,1.5772412946617628e-08,2.269928252273221
1299.9989926815033,0.00013427781824066172,0.051023873440878324,-1.2476939616991223,0.10509401067627344,3.6894034986442112,1.618461013410747e-08,2.269658755968424
1309.9989849398844,0.0001357212252874845,0.051948792044342,-1.2463633873789233,0.08602507562081754,3.6912729080352467,1.3249863516576088e-08,2.30078172367364
1339.9989616950043,0.0001297843422961379,0.050847091075687544,-1.2440794446186536,0.13699499569286294,3.6852509970622416,1.9823245316121375e-08,2.271493382480469
1299.9989926782437,0.0001344062268175235,0.05107004095758307,-1.2470695677994943,0.10223331689127912,3.6887398387275336,1.575401877397963e-08,2.2691160930919065
1289.999000437092,0.0001343260502242745,0.050647225922356674,-1.2439479811818182,0.09836050166464227,3.6898132897755493,1.5224612454291253e-08,2.265926133295898
1289.9990004249848,0.0001349269846930534,0.05087860135468339,-1.245609219551244,0.10353266302682232,3.6898132897755493,1.6125141626724666e-08,2.265070302440321
1299.9989926894195,0.00013483371276129603,0.05122614754058955,-1.24317316808678,0.0960192240685457,3.6905066354399656,1.4798122224089407e-08,2.263324696328667
1289.9990004301071,0.0001345964784073881,0.05075197784453544,-1.2468501784061201,0.1007561433531896,3.6898132897755493,1.5651329655815942e-08,2.261789534654948
1289.999000437092,0.00013519010111974903,0.05097372278494292,-1.2481191424517275,0.09756456039384699,3.6898132897755493,1.523331213729745e-08,2.259944377108289
1289.9990004296415,0.0001352432894073079,0.05098827853564706,-1.2487407104367696,0.08988042203197374,3.6898132897755493,1.4048696989041854e-08,2.259255994861654
1289.999000432901,0.00013492650228697718,0.05087154177828056,-1.247748110820975,0.09420658789909835,3.6898132897755493,1.467161915912796e-08,2.2590362836957456
1289.9990004291758,0.00013545664073132447,0.0510715755660441,-1.2485508385125332,0.09399448480160157,3.6898132897755493,1.4702970163199459e-08,2.257536689851347
1289.9990004375577,0.0001355590354074169,0.05110883294744464,-1.2484093892874366,0.09222076561864813,3.6898132897755493,1.4439284186186996e-08,2.256890807990451
1289.9990004310384,0.00013532551227896293,0.05102399425138938,-1.2453536492268042,0.09803670782724176,3.6898132897755493,1.5281755834639782e-08,2.255386639593642
1289.999000438489,0.00013545973682858124,0.05107320300622113,-1.2490948742031105,0.0942949933710885,3.6898132897755493,1.4761001578067898e-08,2.254834946505533
1289.9990004287101,0.00013549383176378237,0.051084163657462996,-1.2487293370208994,0.09195889092205901,3.6898132897755493,1.4391778028043581e-08,2.2536996473898663
1289.9990004338324,0.00013566437383893157,0.051149022753508175,-1.2497840807580356,0.09222093648614632,3.6898132897755493,1.4460961101176205e-08,2.252648074881185
1289.9990004310384,0.00013565919905536529,0.05114604486563219,-1.2479121698328344,0.09166056221658186,3.6898132897755493,1.4357835670063512e-08,2.2521221001974827
1289.9990004380234,0.00013572429738543433,0.05116977483190545,-1.2490820910157139,0.09010017375956596,3.6909249122389634,1.4123601489565408e-08,2.25119724484592
1279.9990081791766,0.00013588329228736288,0.05084001201348808,-1.2506390187958223,0.09315112370444502,3.5748351992809497,1.4754840761378644e-08,2.250039561305881
1279.9990081856959,0.0001359680930567319,0.05086925784977327,-1.249508372141819,0.09049396294618305,3.5748351992809497,1.4322244052307885e-08,2.2483409371191403
1279.9990081777796,0.00013594385399575356,0.05085963769210734,-1.2487709237832256,0.09005314497765123,3.5748351992809493,1.4246913161604536e-08,2.2475979689881727
1289.9990004319698,0.0001357950440303912,0.0511968469469018,-1.2492636742022503,0.09047600860601239,3.6898132897755493,1.4197509261992417e-08,2.246685282694227
1289.9990004296415,0.00013595867812756966,0.051257712359406744,-1.2490810926489628,0.08953301546101068,3.6898132897755493,1.4061468045269581e-08,2.24574298784668
1289.9990004352294,0.0001360271264727844,0.05128271348074335,-1.2497324318131788,0.08802931206928859,3.6898132897755493,1.383864685539455e-08,2.244965317152235
1279.9990081782453,0.00013607843789913778,0.050909978881035586,-1.2484469917205663,0.09010418717812717,3.5748351992809493,1.4268622526020668e-08,2.2442902692268882
1279.9990081856959,0.00013615740369115256,0.050939268525394196,-1.249688019153249,0.08922018951866098,3.5748351992809493,1.4143332788146581e-08,2.243123638953993
1279.9990081777796,0.00013619536922854827,0.05095209608099165,-1.2487313784822556,0.08770567116633815,3.5748351992809493,1.3903092893160386e-08,2.241847303408745
1279.9990081824362,0.0001360925695631895,0.050912817716291914,-1.2486411525314176,0.08660323093264848,3.5758533027499957,1.3715262269512118e-08,2.240725459590928
1279.9990081791766,0.00013634387968586992,0.051007947492738875,-1.2498500296942496,0.08768359641707496,3.5748351992809493,1.3918048258357673e-08,2.239813725130752
1279.9990081796423,0.00013612667222796029,0.05092147687261732,-1.247000385562076,0.08141351727968434,3.5769735424418085,1.2877254650518815e-08,2.239908063027344
1280.0007629315369,0.0001359988966342085,0.05087779499395166,-1.2480215996192843,0.08680943923407473,3.5748351992809493,1.373254023662007e-08,2.237849526223416
1280.0007629389875,0.00013670641639214388,0.05114059784415963,-1.2504235416164926,0.0830143080200827,3.575955438972762,1.3215629841368039e-08,2.237190619073894
1280.0007629399188,0.0001365731188420455,0.05109499082926022,-1.253997724069066,0.08703369189610607,3.5748351992809493,1.3881395216076929e-08,2.236765994818792
1280.0007629380561,0.00013648858887231494,0.05105972690812599,-1.2485435291453097,0.08479922891105493,3.5769735424418085,1.346516862562187e-08,2.235624051982965
1280.0007629399188,0.0001366043565244708,0.051102855969728606,-1.2488958009217095,0.08436931119999781,3.5769735424418085,1.3408710078827677e-08,2.2341836887407758
1270.0007569706067,0.0001367654331834142,0.05076687258387681,-1.2482492063338868,0.08315679528334541,3.575556460635049,1.3322589159370793e-08,2.233860149384223
1270.0007569789886,0.0001367462199655818,0.05076071731799303,-1.2488974974099878,0.08419763423310149,3.575556460635049,1.3499469504909186e-08,2.2328070004947906
1270.00075697992,0.0001366429543134783,0.050720165617966655,-1.2472900316516113,0.08143028292186273,3.575556460635049,1.3038397989177885e-08,2.2317047708403863
1280.0007629389875,0.00013666566568949363,0.05112376665963009,-1.246962880706603,0.08237895191891816,3.5769735424418085,1.3082140182047058e-08,2.2308440323638243
1280.0007629315369,0.0001367184713391361,0.051144573106528986,-1.2506815983468516,0.08214028862507122,3.575955438972762,1.3076107148948286e-08,2.229673146075304
1280.0007629389875,0.00013668817288796004,0.051129617403054516,-1.2470614800014581,0.0786612075162597,3.5769735424418085,1.2478493837735872e-08,2.2284034014621303
1270.0007569780573,0.00013681568485165497,0.05078452004222959,-1.2481230273279895,0.08154418793867388,3.575556460635049,1.307370666068355e-08,2.2276716221582036
1270.0007569789886,0.0001370028197944907,0.05085395795775525,-1.248986983818824,0.08113579743926064,3.575556460635049,1.3031040590811101e-08,2.226726345839844
1270.000756971538,0.0001369869562381416,0.050850331204381254,-1.2483209516646676,0.08510530604848178,3.575556460635049,1.3649164073305538e-08,2.226786624314237
1270.0007569789886,0.00013680722114813536,0.050778313589542996,-1.2477920302835106,0.07687481071000458,3.575556460635049,1.2320420053122416e-08,2.225500679240994
1270.0007569780573,0.00013707934210638507,0.05088027660283587,-1.2477891516016157,0.07840739593949986,3.575556460635049,1.2593039496851243e-08,2.224527227505425
1270.0007569794543,0.00013725408263482464,0.05094504340976421,-1.2497835727022442,0.07719709797443267,3.575556460635049,1.2431410590887182e-08,2.2235207180208323
1270.0007569794543,0.00013709018106040506,0.050883070794492634,-1.2494712382950022,0.0757306217135928,3.575556460635049,1.216960607854337e-08,2.222737598950195
1270.0007569724694,0.00013676031484737255,0.05076406605363941,-1.2502461158476819,0.08074894897067392,3.575556460635049,1.2952819670202301e-08,2.221617027488064
1270.0007569836453,0.000136934301963805,0.05082483445980862,-1.2516808862215667,0.0736924361023419,3.575556460635049,1.1848746010832224e-08,2.220356382827691
1280.0007629394531,0.00013778438321408653,0.05152815642945059,-1.2481994479216265,0.056209722766476455,3.579785834820379,9.013958982025048e-09,3.216270282637804
1260.0007510185242,0.00013811056763745664,0.05085565605387984,-1.2479732747733283,0.06344717723789932,3.578200273656092,1.0343884107951415e-08,2.2189686339160173
1270.0007569789886,0.00013730002803260494,0.050958549999004794,-1.2481424826611562,0.07204739346477392,3.5766854521994538,1.1592442395386755e-08,2.2180122896435552
1270.0007569789886,0.0001372979794167283,0.050958131427564425,-1.2478943047528561,0.07300441952299623,3.5766854521994538,1.1738091285597422e-08,2.216686462326389
1260.0007510185242,0.00013748476859880296,0.050629229743477916,-1.2502685323303193,0.06967997035036759,3.578200273656092,1.1325513487944637e-08,2.215462133511285
1260.0007510185242,0.00013768720157252606,0.050704564706072375,-1.2486105740735376,0.07176602253284572,3.5771661370615493,1.1677474596442647e-08,2.214010316537542
1270.000756971538,0.00013757951182183533,0.051063476546283786,-1.2483841717967772,0.07401845095345992,3.575556460635049,1.1936261629516743e-08,2.213058938512913
1270.000756982714,0.00013771806265512151,0.05111480936935867,-1.248620518337622,0.07379301155809888,3.575556460635049,1.1910538979259477e-08,2.21195716248698
1270.0007569789886,0.0001377908176882742,0.05114059004261437,-1.2480896118861409,0.07218938630708242,3.575556460635049,1.1649498186259594e-08,2.210997150923936
1260.0007510185242,0.0001378565489359226,0.0507673011715438,-1.2481224100360133,0.07306379253421776,3.5771661370615493,1.1885917060763748e-08,2.208959000334744
1260.0007510175928,0.00013790264336147726,0.0507837601631755,-1.24916019243056,0.0715188372809323,3.578200273656092,1.1649013589493087e-08,2.208501159983725
1260.0007510110736,0.00013796877439156027,0.05080749698840882,-1.2477162258567,0.07114884650606668,3.578200273656092,1.158585176294503e-08,2.207679254633789
1260.0007510185242,0.00013790719599283965,0.050789002878323185,-1.249210750008227,0.07750330893435783,3.5771661370615493,1.2621582406786135e-08,2.206395468344725
1260.0007510185242,0.00013846804135333462,0.050993857817355784,-1.252490744621025,0.07260196945616046,3.576218388057323,1.190851952467621e-08,2.205718042631835
1260.0007510185242,0.00013844561852516471,0.05098622334443214,-1.253547090803261,0.07261080563540503,3.5753436932085676,1.1931101687698142e-08,2.204926729108617
1260.0007510110736,0.00013857728130565154,0.051033347413482345,-1.2487246007623591,0.07364838698146452,3.5753436932085676,1.2056972174120956e-08,2.202778333578559
1260.0007510175928,0.00013878006679310747,0.05110755179390904,-1.2513614542012066,0.0709321107225664,3.5753436932085676,1.1661504135404231e-08,2.202324573101129
1260.0007510175928,0.00013890034752629844,0.05115054138197851,-1.2509647940568445,0.06925134958211686,3.5763778298031106,1.1381318894842577e-08,2.201220639656033
1260.0007510110736,0.00013892848885582642,0.05115985151939123,-1.2502200192254402,0.06760722504740116,3.5753436932085676,1.111401730311172e-08,2.200075858497179
1260.0007510110736,0.00013897985582258122,0.05117851670208913,-1.2503397208277827,0.06700020821198896,3.578200273656092,1.1018974854333646e-08,2.199182595401476
1250.0007450580597,0.00013897767947237686,0.05077494652648209,-1.2487650216479707,0.06543976340730366,3.578096958344323,1.0834506962808275e-08,2.198260913412544
1250.000745058991,0.00013913431433973584,0.050831900379279184,-1.2491736828016,0.064846100453368,3.5780969583443225,1.0746808259019057e-08,2.197328882033421
1250.0007450580597,0.00013916115823838114,0.050842152017440474,-1.24924895782742,0.06558967631432044,3.5780969583443225,1.0874057032415599e-08,2.1960108514534498
1250.0007450543344,0.00013937571340201665,0.05091937514970951,-1.249996788587943,0.06295247548609012,3.5780969583443225,1.0455482997007247e-08,2.196463321205513
1260.0007510175928,0.00013914852457877453,0.05123885459233485,-1.2499701739057798,0.06391064435011302,3.578200273656092,1.0521875520379606e-08,2.194526341792534
1260.0007510175928,0.00013924086745387536,0.05127282142581692,-1.250562701488159,0.06373919012145711,3.578200273656092,1.0497568269797067e-08,2.193509315095487
1250.0007450580597,0.00013929657632028416,0.05088972610106351,-1.2485716834101663,0.06235920111943956,3.5780969583443225,1.0343300505401379e-08,2.192424691764864
1250.000745050609,0.0001392290012282229,0.05086062249699962,-1.2466150699996912,0.054170501071519016,3.5780969583443225,8.969160406410138e-09,2.191923014680448
1250.0007450580597,0.00013945392893755526,0.05094649449007163,-1.2482569820293574,0.061093929362881084,3.5780969583443225,1.013986127116871e-08,2.190687818116862
1250.0007450599223,0.00013952809759228184,0.0509729058307628,-1.2485744542588368,0.059662922382366784,3.5780969583443225,9.906839415332599e-09,2.189648659484592
1250.0007450580597,0.0001395846473897212,0.05099313509121691,-1.248424129606462,0.05873038440586984,3.5780969583443225,9.759260669736622e-09,2.188253904590928
1250.0007450496778,0.0001396634951574651,0.05102080892778485,-1.2477763012005048,0.056724617685323345,3.5780969583443225,9.427475560808712e-09,2.187690552604709
1250.000745061785,0.00013936977438669046,0.050915017896073216,-1.2478839705656453,0.05986536996149244,3.5780969583443225,9.927965361703649e-09,2.187185948580187
1250.000745058991,0.00013971275607959702,0.051038160530755626,-1.247675133478533,0.05518366720707851,3.5780969583443225,9.178827716257944e-09,2.185912332974175
1250.000745050609,0.0001396172962798141,0.0510051789976862,-1.2498612242827543,0.05785282389010004,3.5780969583443225,9.628669406717539e-09,2.185167877317709
1250.0007450543344,0.0001399210454800551,0.05111651944336751,-1.2493872026838777,0.0590779103565046,3.5780969583443225,9.849630455029572e-09,2.183972899417317
1250.0007450571284,0.00013973009345244678,0.05104614519432072,-1.248741569786911,0.05800585563297209,3.5780969583443225,9.657292718220603e-09,2.183349030907661
1250.0007450580597,0.00013996517143746173,0.05113070684437336,-1.2479090955876946,0.05573841551874745,3.5780969583443225,9.288698748081504e-09,2.182705407770182
1250.000745050609,0.00013999033503754702,0.05114036930127511,-1.2482289614849131,0.05662758652684225,3.5780969583443225,9.439541285070554e-09,2.181063906009115
1240.0007390901446,0.0001400186782633517,0.050745738856426276,-1.2475162050986768,0.05595655860550552,3.5769275032723913,9.39269968297518e-09,2.180632456929253
1240.0007391013205,0.0001401191045623114,0.05078136853463521,-1.2474216322644196,0.05417428883472399,3.5791342734143976,9.102208312138091e-09,2.179628958349067
1240.0007390975952,0.00014012554173208498,0.05078355223069009,-1.247084560689925,0.05382565221363464,3.577978186052447,9.048934520687962e-09,2.1790691488091354
1240.0007390892133,0.00014016463141798804,0.050797370078043066,-1.2467137822582974,0.0535426169374342,3.5791342734143976,8.994401339584219e-09,2.178731832585178
1250.0007450580597,0.00013995096567134542,0.05112442834836096,-1.24651583988859,0.05425444748436601,3.5780969583443225,9.030905733963106e-09,2.1769080593608936
1240.0007390975952,0.00014000560976084708,0.05073993882931809,-1.2455917290951966,0.054939332021470964,3.5769275032723913,9.20642906777347e-09,2.175118262890082
1240.0007390975952,0.00014006678035374784,0.05076153256375598,-1.2471364153785514,0.05230482232877799,3.5791342734143976,8.782791854897128e-09,2.1745936824696193
1240.0007390901446,0.0001402471838728766,0.05082745178628824,-1.2473109899853247,0.053546236262642946,3.5769275032723913,9.003733548782942e-09,2.173416302520073
1240.0007390975952,0.00014024965207273864,0.050827008141991224,-1.2465650111328515,0.05079254927769938,3.5791342734143976,8.534022183556092e-09,2.1723642452153866
1240.0007391022518,0.00014042786548443132,0.0508910072874355,-1.24651589147854,0.04926612116729981,3.5791342734143976,8.292261997620267e-09,2.171729767588433
1240.000739096664,0.00014051883390957053,0.050923875825775664,-1.2464650877080037,0.04898597002938053,3.5791342734143976,8.250667041850469e-09,2.170880750906576
1260.0007510185242,0.00014123482535995926,0.051994420845218464,-1.244955866669993,0.03666424861262111,3.580372291512397,6.1188568920780325e-09,2.212091858191597
1290.000768892467,0.0001349586380455055,0.050874741653291755,-1.2461801198866078,0.0822826766724401,3.6919351841428627,1.2795328426393338e-08,2.1748687012689887
1240.0007391013205,0.00013946626237033182,0.05054403324940659,-1.2445185668268763,0.054373931566636925,3.5791342734143976,9.0738126525145e-09,2.1718033482324217
1240.000739096664,0.00013966125942835352,0.05061315059835179,-1.243560715284105,0.05116935526505778,3.5791342734143976,8.550824229267053e-09,2.169113364249675
1240.0007390975952,0.00013978190660673997,0.05065716546057894,-1.2446875690544121,0.05098517370722787,3.577978186052447,8.535951287064995e-09,2.166511542865127
1240.0007390975952,0.00014001967992118187,0.050743422334773414,-1.2458439860055415,0.05067644516361343,3.5791342734143976,8.501350623903111e-09,2.165557203376736
1240.0007391022518,0.00014016617519416235,0.05079618156082023,-1.244470904629204,0.050498199316933716,3.5791342734143976,8.477660848694004e-09,2.163846373146701
1230.0007331361994,0.00014017332935393394,0.05039333224130718,-1.2449845908662542,0.048706750483151304,3.5780568307895497,8.239420089439476e-09,2.162610695671658
1230.0007331371307,0.00014031866613544336,0.05044475781666759,-1.2450980832433587,0.04635203592992617,3.5780568307895497,7.853873440661118e-09,2.161208245698243
1240.0007390948012,0.00014033641355811784,0.050857650759717536,-1.2458218874927374,0.04938119065235524,3.5791342734143976,8.299763284502479e-09,2.159782865131293
1240.0007391022518,0.00014038754661381756,0.05087592891509001,-1.2460238793445826,0.04824267888723048,3.5791342734143976,8.11768514972842e-09,2.159065767947591
1230.0007331371307,0.00014044325271722537,0.05049025010927006,-1.2452329424480115,0.04835325850697571,3.5780568307895497,8.195472694706403e-09,2.1576028814029944
1230.0007331361994,0.000140462540762492,0.05049657356277196,-1.244847507797605,0.04702095380749908,3.5780568307895497,7.969736542526163e-09,2.156310006681314
1230.0007331324741,0.0001405285151684067,0.05052007178539408,-1.2448676848643492,0.04621274662366934,3.5780568307895497,7.839220091045324e-09,2.155575110061849
1230.0007331371307,0.0001407627445489175,0.05060361309141728,-1.2444647112202507,0.04460339187504317,3.5780568307895497,7.581404307866508e-09,2.1549011599012586
1230.0007331371307,0.00014078457342646405,0.0506114001164518,-1.2449573902290403,0.043874603447925424,3.5780568307895497,7.463435445595092e-09,2.1542858741623268
1230.0007331287488,0.0001406543763691078,0.050565813977581905,-1.2433346065436792,0.0486896122553724,3.5780568307895497,8.257135036437657e-09,2.152531350228949
1230.000733138062,0.00014069699887599632,0.05057981825607236,-1.244357413661234,0.04430183920163069,3.5780568307895497,7.521255363888595e-09,2.1516183958430997
1230.000733138062,0.0001407937675360217,0.05061495232992037,-1.2439071480169943,0.04556106843528209,3.5768914201424225,7.741612267007635e-09,2.150702943787977
1230.000733138062,0.0001409550047017571,0.05067382009274317,-1.246161387529748,0.04652699490895582,3.5780568307895497,7.922444566413957e-09,2.150035963103841
1230.0007331371307,0.0001409892376948611,0.050684709345284636,-1.2440106889411455,0.04417576832168759,3.5780568307895497,7.51471439358455e-09,2.149076482824978
1230.0007331361994,0.0001409636637050374,0.05067568106603631,-1.2445228852670258,0.04426743265483483,3.5780568307895497,7.529827347285457e-09,2.147406907185872
1220.000727175735,0.0001405226275442062,0.05011229373236031,-1.2434926423790607,0.04758571616112464,3.5794062314068187,8.127701964804114e-09,2.1465828137429472
1220.0007271766663,0.00014113602904382538,0.050329640204864426,-1.2438243931723418,0.04329774844726098,3.5792099159864357,7.433370819062545e-09,2.145611399115669
1220.0007271682844,0.00014126976514864647,0.050376965907862455,-1.243284610720774,0.042837328629570084,3.5782313458763806,7.355280235452517e-09,2.145660379767795
1220.0007271813229,0.00014122621175517234,0.05036095817863344,-1.2431002682021106,0.04169184381930275,3.5792099159864357,7.1538608952650645e-09,2.144211627911784
1230.0007331361994,0.00014119026618242093,0.050757205074580855,-1.2449701640307618,0.04447069893839443,3.5780568307895497,7.574865782019041e-09,2.1440156429600696
1230.000733138062,0.00014105511797006667,0.05070766077462896,-1.2432389141653528,0.042010544364480776,3.579222241436677,7.1554942028762275e-09,2.1419980547477215
1230.0007331371307,0.00014128255607239975,0.05078914681422631,-1.2432711966352292,0.041840405120149096,3.580192919852296,7.128634256801988e-09,2.141259942994248
1230.0007331371307,0.00014130481547684434,0.050796378871717736,-1.2434878212856333,0.039218256343934665,3.579222241436677,6.686446283106272e-09,2.140321223640407
1220.000727178529,0.0001413803568447915,0.050416112584638725,-1.2439610872945208,0.041287020355305605,3.5792099159864357,7.1012690166747145e-09,2.139420339716254
1220.0007271748036,0.0001414671890922288,0.05044650212501898,-1.2434015376112106,0.03983189174499767,3.5792099159864357,6.855577328847856e-09,2.138338049703776
1220.000727175735,0.00014163998516117637,0.050508141182964164,-1.2436704768938482,0.0397461596673274,3.5803848015168738,6.851740958068669e-09,2.137794576756728
1220.0007271803916,0.0001416282521189825,0.05050294348424904,-1.2429406137745198,0.037255507728563814,3.5782313458763806,6.415215926384624e-09,2.136198547108832
1220.0007271766663,0.00014146260596041633,0.0504459614020247,-1.2433703678494994,0.04340886885300322,3.5782313458763806,7.464206187939835e-09,2.134998955387912
1220.000727175735,0.000141557726887776,0.05047961408038386,-1.2449187738853615,0.04137509787433936,3.5792099159864357,7.12857264972186e-09,2.1345329897699648
1220.0007271766663,0.00014161716178762854,0.05050070621061034,-1.2436365220424714,0.04213476064996147,3.5794062314068187,7.254882612752478e-09,2.134080466419271
1220.0007271766663,0.00014168193358248576,0.0505234553478448,-1.2437921613172587,0.04081878244520349,3.5792099159864357,7.035799873268837e-09,2.13299426422743
1220.0007271766663,0.00014167962792534515,0.050521732226474415,-1.243107615899574,0.0381299616094628,3.5803848015168738,6.575204026349095e-09,2.131985895902777
1220.0007271766663,0.00014185552636453435,0.05058456625827912,-1.2432787690577216,0.038776077611146036,3.5782313458763806,6.68990357302834e-09,2.130740961618923
1210.0007212162018,0.00014194957988926981,0.050207762828677824,-1.2428928816482272,0.037442561408538896,3.580567974556727,6.519084684992857e-09,2.129866996704101
1220.0007271775976,0.00014174161412619553,0.05054336561925511,-1.2436842583663668,0.036256392639179076,3.5802776830393377,6.256470009394488e-09,2.1296510775233286
1210.000721217133,0.00014200034775045946,0.05022499075407487,-1.2427551473945735,0.03515472834267159,3.580567974556727,6.121347160211407e-09,2.128698056353624
1210.000721217133,0.0001421579417755087,0.05028092178576642,-1.2416454013954985,0.03671552897828824,3.5793834588170235,6.394227365377932e-09,2.126866606525608
1210.0007212143391,0.00014218187483297986,0.05028942438798822,-1.2430839154042457,0.0350735983582396,3.580567974556727,6.124537002877287e-09,2.1266422099159072
1220.0007271766663,0.0001420654808381878,0.05065924541798464,-1.2440349978873173,0.03683996467085592,3.5780350304559976,6.378544079821911e-09,2.125687621449652
1220.0007271775976,0.00014211188850543234,0.050675545882616864,-1.2413788472120486,0.03897160729016866,3.5802776830393377,6.726714182719584e-09,2.125111070313585
1220.000727167353,0.00014214673873937182,0.050687701711458095,-1.2450901547379738,0.03474129351597122,3.5802776830393377,6.01876663969911e-09,2.12456477898763
1210.0007212162018,0.0001422097969364778,0.050299367453678044,-1.2429118382962356,0.03588146841736525,3.580567974556727,6.258999786213321e-09,2.12351864390625
1210.0007212143391,0.0001422919298195764,0.050327999406436286,-1.2417868103798861,0.035503302595902786,3.5793834588170235,6.191410466985823e-09,2.122717807207573
1230.0007331371307,0.00014281988853128683,0.05133508652931187,-1.2371158294880524,0.020111333055033365,3.5824174865277056,3.4686140154109192e-09,3.02900585067722
1200.0007152557373,0.00014255658824451162,0.05000717944962366,-1.2411008010433222,0.023769402623343306,3.5809607956992666,4.19777415209602e-09,2.121917871244575
1210.0007212162018,0.0001424550533324428,0.05038511512939837,-1.2427849945495555,0.031932006823600576,3.580567974556727,5.588169717998598e-09,2.120030156964518
1210.000721217133,0.00014261694117476977,0.050441860291946375,-1.2405524336237084,0.0320728655864174,3.580567974556727,5.606637835378709e-09,2.1192240804405387
1210.0007212180644,0.00014267829798400138,0.050464348521825006,-1.2439086044746301,0.03180596416819874,3.580567974556727,5.580656616574898e-09,2.118960005423176
1200.0007152557373,0.00014266895960461006,0.0500486358247267,-1.2412143131965392,0.032717412610653626,3.5809607956992666,5.770712994475105e-09,2.117328448328994
1210.0007212162018,0.0001424697996892728,0.05039059376188637,-1.2427672145814026,0.03329144215097241,3.581752490296431,5.817438547547511e-09,2.11500845687283
1210.0007212180644,0.00014263372621943203,0.05044880221714599,-1.2434190992552128,0.03360982793907227,3.581752490296431,5.883967681666508e-09,2.115087178923611
1210.0007212087512,0.0001426048787025703,0.050438117446945235,-1.2420058918022523,0.03345423190976084,3.580567974556727,5.845092553996242e-09,2.114193406225585
1200.000715260394,0.00014295556375498546,0.05014943866086064,-1.243529341012821,0.03205938179746011,3.5797664905732844,5.672493431047249e-09,2.111169344957681
1210.0007212162018,0.00014297118600960375,0.05056719607069509,-1.2429231649036248,0.03006148652073758,3.580567974556727,5.280469264822718e-09,2.11210673883355
1200.000715249218,0.00014301127690518296,0.050168253816794704,-1.241122740080479,0.0316779663707479,3.5809607956992666,5.5925053962065956e-09,2.111330451044922
1200.000715254806,0.00014301538447570442,0.05016940719497609,-1.2390364700883199,0.03196490293018253,3.5809607956992666,5.640041639494457e-09,2.109966206732855
1200.0007152594626,0.00014316271063074612,0.05022104020549205,-1.2404998967858043,0.03053500878294917,3.5809607956992666,5.4018852524251744e-09,2.108794891139865
1210.000721217133,0.00014310830017312683,0.05061528198139473,-1.241822799618495,0.029254220691033474,3.581752490296431,5.141293922624038e-09,2.108100222220052
1210.0007212087512,0.0001431600418599385,0.05063428153267914,-1.2420115260495432,0.032290493653181915,3.580567974556727,5.668236424297593e-09,2.107615859913737
1210.0007212180644,0.00014308167282331942,0.05060545635089801,-1.2414526675015352,0.02831610513959685,3.581752490296431,4.971318900263099e-09,2.106507285831164
1200.0007152566686,0.00014327304879853604,0.0502597286099033,-1.2428655924724537,0.027659161557067498,3.5809607956992666,4.910858406284585e-09,2.105336046504449
1200.000715254806,0.00014340916326826644,0.050307476157141165,-1.242637809934308,0.02801109238342759,3.5809607956992666,4.9757861809537535e-09,2.104298729377712
1200.0007152501494,0.00014329841899176696,0.05026788059531357,-1.2400884323982475,0.02736993962713037,3.5809607956992666,4.849382374541102e-09,2.1035078271034062
1210.0007212208584,0.00014354277557794968,0.050768765167344965,-1.2420716091543296,0.027962157724645893,3.580567974556727,4.933310196113435e-09,2.107207975528971
1210.0007212162018,0.00014344920255103272,0.0507348551258142,-1.2402616106783222,0.02650874897729682,3.580567974556727,4.666361921169633e-09,2.107265173818902
1200.0007152482867,0.00014337719336578368,0.0502956218918629,-1.240047090642417,0.028604604492975846,3.5797664905732844,5.060389076196299e-09,2.103399985163303
1200.0007152566686,0.00014358913992580769,0.050369261621064185,-1.2404113714787532,0.02416625962059705,3.5809607956992666,4.293617518588955e-09,2.102545550655383
1200.000715254806,0.00014362900082846874,0.0503828843661819,-1.2395070557193175,0.023053198535755593,3.5797664905732844,4.099512858449793e-09,2.1004208096549477
1200.000715254806,0.0001435196238444819,0.0503449678090541,-1.2395516208018391,0.0257969935823671,3.5809607956992666,4.574810290018282e-09,2.0997902102929693
1200.000715252012,0.00014356310105853714,0.05036080522466031,-1.2398111239648375,0.028312387784596108,3.5809607956992666,5.019926889985769e-09,2.099421530501845
1200.0007152557373,0.00014358612014681488,0.050368570591851326,-1.2402405649945227,0.025919290756271578,3.5797664905732844,4.605076298740892e-09,2.09823398718316
1200.000715254806,0.0001437702221236067,0.05043284259255732,-1.2404672626497808,0.02430055916232877,3.5797664905732844,4.3239972258541756e-09,2.097917044739041
1190.0007092934102,0.0001437116974511535,0.0499980655496817,-1.2398629736643576,0.02827363182192352,3.580255266485836,5.0615798839683805e-09,2.0949814908078337
1200.0007152585313,0.00014368861249801923,0.050403905262901,-1.239433062751506,0.023526374386186242,3.5809607956992666,4.184771048222658e-09,2.0953418057123483
1190.0007092952728,0.0001439997489842135,0.050097201843362874,-1.2390035018004626,0.024602891810435963,3.580255266485836,4.41032361760089e-09,2.0946423531005847
1190.0007092962041,0.00014391782841375513,0.050068792400544335,-1.2401284198589546,0.022990327818337503,3.580255266485836,4.131934578591728e-09,2.092947671236978
1190.0007092952728,0.00014387317395042338,0.05005282011179415,-1.2387197448038718,0.022647797512930983,3.5814595241545346,4.060676102054692e-09,2.092092541963976
1190.0007092952728,0.0001440377612541997,0.05011019386968046,-1.2395487292006104,0.022391773311247632,3.5814595241545346,4.022080740490284e-09,2.091471762623698
1190.0007092952728,0.0001441789570517241,0.0501589787910046,-1.2399398992053694,0.019549531141022983,3.5814595241545346,3.520436851100921e-09,2.091487229270291
1200.0007152566686,0.00014426186842322522,0.05060600704899521,-1.2417810624586223,0.026707819674954062,3.5797664905732844,4.766269452657764e-09,2.0896119732796237
1190.0007092952728,0.00014403083174926093,0.05010779118788083,-1.2390071455808893,0.023346687416896206,3.5814595241545346,4.186611623518118e-09,2.087759237370335
1190.0007092989981,0.00014447789054946951,0.05026315074412624,-1.2387892453206553,0.021680130855272716,3.580255266485836,3.9098443729197396e-09,2.08692176593099
1190.0007092943415,0.00014422820387954607,0.05017654445768957,-1.2391363624639797,0.02361843732559869,3.5814595241545346,4.242499532867989e-09,2.086672985128038
1190.0007092952728,0.00014424502958661073,0.05018155527746926,-1.2371864291715022,0.020990256676087834,3.5814595241545346,3.769019058353959e-09,2.085917065493164
1190.0007092952728,0.0001444057720078592,0.05023805109462221,-1.2398249884807233,0.020637591381386832,3.580255266485836,3.722418662755639e-09,2.083719766261936
1190.0007092943415,0.00014431412726062534,0.05020661802133193,-1.2394732269667783,0.023765010008874012,3.580255266485836,4.2768683090285955e-09,2.0827584839154727
1190.0007092943415,0.0001443888147638412,0.05023225288445133,-1.239409505078377,0.021730359158120518,3.580255266485836,3.91556863770511e-09,2.0810429673231337
1190.0007092952728,0.00014434592542234521,0.050217130209156,-1.2384061992387163,0.022185630937768434,3.5814595241545346,3.9922535773031864e-09,2.080083644873589
1190.0007092989981,0.0001444235872616823,0.05024394507754317,-1.2394668439276646,0.01992230487601607,3.5814595241545346,3.5897335885752176e-09,2.080117782281359
1190.0007092952728,0.0001445144522681533,0.05027619208536652,-1.2397664937621415,0.023080692413753115,3.580255266485836,4.156345624502141e-09,2.079398332456597
1190.0007092952728,0.0001445060603709398,0.05027231419036035,-1.2389880352597997,0.01814790050518774,3.5814595241545346,3.2756937640251524e-09,2.079082138514541
1180.0007033348083,0.0001443683784135506,0.04980713487243521,-1.2373027691944432,0.017370020110572166,3.4552772006071844,3.155101413418335e-09,2.0767379147677953
1180.0007033348083,0.00014489135054173918,0.04998959078459288,-1.2434707409537784,0.018812839249805303,3.4552772006071844,3.4640480952384556e-09,2.0769006501985667
1210.0007212162018,0.00014525775150766695,0.05137057559890195,-1.2342583142886692,0.004437647162502792,3.581752490296431,8.23230416526558e-10,2.126338167969835
1240.000739096664,0.00013966939060620483,0.05061471805450307,-1.2450908628770236,0.0473699845066646,3.5791342734143976,7.90510661270819e-09,2.0827687647645403
1190.0007092952728,0.00014433559811401154,0.05021323189169966,-1.2379535396525696,0.021143942116926356,3.580255266485836,3.802361213377804e-09,2.081245662381185
1190.0007092943415,0.0001444578309738862,0.050255242014370816,-1.2363576769870945,0.019058558902250822,3.5814595241545346,3.433355794133775e-09,2.0781488303846567
1180.0007033348083,0.0001446790124683565,0.04991467760523969,-1.2378007112173164,0.01909550289687393,3.4552772006071844,3.4741148843562263e-09,2.075673782860786
1190.0007092943415,0.00014494817160830701,0.05042613007994786,-1.2379051754224337,0.019737664918989848,3.5814595241545346,3.566861624083842e-09,2.07263175359375
1190.0007092952728,0.00014516609341732096,0.050502393878648265,-1.2389143858159992,0.02097367679672625,3.5814595241545346,3.799559520541524e-09,2.071453950985785
1180.0007033273578,0.0001450386835270334,0.05003852490568049,-1.237257329630276,0.01869841202988339,3.4562886638301817,3.4075185023648124e-09,2.0706790461973736
1180.000703333877,0.0001452249632182271,0.050102872874862134,-1.237821906834933,0.01742377606398009,3.4552772006071844,3.1895244178400885e-09,2.0695246174267568
1180.0007033348083,0.0001454111523257005,0.05016690007946823,-1.2369402988084426,0.016604784937980635,3.4562886638301817,3.0467161819370737e-09,2.069094881389974
1180.0007033273578,0.0001453159905831128,0.05013377390262533,-1.2365368458489994,0.014839312138114777,3.4552772006071844,2.723988057176408e-09,2.0671810609103742
1180.0007033348083,0.00014523275868429287,0.05010452575271701,-1.234155153733757,0.015587747484411694,3.4552772006071844,2.8436207719310284e-09,2.066351244202474
1180.0007033348083,0.00014532279580501233,0.050139615770851104,-1.2397011841638674,0.03152784761547053,3.4552772006071844,5.746227285316299e-09,2.06525665233073
1180.000703333877,0.00014543667687927182,0.050177733208872824,-1.2390739147466137,0.026687306418332425,3.4552772006071844,4.875702877365415e-09,2.0646333128564462
1180.0007033254951,0.0001456112252029124,0.050238670463731934,-1.241081129507479,0.02800066040703004,3.4552772006071844,5.124632107314737e-09,2.063608506268446
1180.0007033348083,0.00014536317763559736,0.05015274447212345,-1.239408504236558,0.028459490715454016,3.4552772006071844,5.1886140481989825e-09,2.0620309255989584
1180.0007033357397,0.00014534938224394637,0.05014743743637625,-1.2384335782724105,0.02754183360650598,3.4552772006071844,5.013594987782624e-09,2.061453250013562
1170.0006973743439,0.0001458231187034551,0.04989014951809146,-1.2395123022978916,0.0272606758716117,3.4549238959274877,5.029162987022374e-09,2.0599596401953133
1170.0006973734125,0.00014566598408448042,0.04983635630897061,-1.238820070334179,0.02757740234472707,3.4549238959274877,5.081853390779795e-09,2.0598576696864153
1170.0006973743439,0.00014629074784462345,0.05005109693995175,-1.2357824702307016,0.0352535894067779,3.454923895927488,6.487023295197796e-09,2.058856589686958
1170.0006973734125,0.000145519462929391,0.04978563350336841,-1.2371472848231866,0.02681643245362497,3.4549238959274877,4.926672519842501e-09,2.057210951112739
1180.0007033292204,0.0001457642637100809,0.05029052162588837,-1.2369473796044015,0.02860876962734379,3.4552772006071844,5.213400707030845e-09,2.0556539404877388
1180.0007033357397,0.00014578331404642902,0.050296696591944544,-1.2368053657056752,0.026735217208190835,3.4552772006071844,4.873082626889088e-09,2.055268613045248
1180.000703333877,0.0001460077382112539,0.050375255681544655,-1.2403219761918252,0.028469706293385962,3.4552772006071844,5.213322527305628e-09,2.0550438143256295
1170.0006973734125,0.0001458786383026394,0.049908658366294656,-1.238237096278295,0.0265515130016641,3.4549238959274877,4.890836877758225e-09,2.0525377598573127
1170.0006973752752,0.00014597508545998627,0.04994215558899318,-1.239241022536286,0.027555273270486465,3.4549238959274877,5.087659100471782e-09,2.05264501484809
1170.0006973752752,0.00014631462652407815,0.050057769345257845,-1.2360737440502423,0.027978289384139193,3.454923895927488,5.163834172397975e-09,2.052516314396701
1170.0006973743439,0.00014623361922826082,0.05002954253207005,-1.237717501985906,0.023888125188600735,3.4549238959274877,4.41751229614661e-09,2.05113007784885
1170.0006973678246,0.00014650174195332728,0.050121915140074316,-1.2401328054184195,0.024960205943464955,3.4549238959274877,4.625067718381884e-09,2.049735608487956
1170.0006973752752,0.00014656598245237448,0.05014348724608144,-1.2389727736809568,0.023853962339913878,3.4549238959274877,4.423767585002632e-09,2.049802424112956
1170.0006973743439,0.00014646701666192694,0.05010976137175301,-1.237627288855248,0.02625328653213748,3.4549238959274877,4.854813123927384e-09,2.048461121049805
1170.0006973743439,0.0001463287093951097,0.05006292225201148,-1.2400164890670438,0.02627535493305846,3.4549238959274877,4.859363475193285e-09,2.04791676489312
1170.0006973734125,0.00014643514986389456,0.05009833500077211,-1.2386914862123883,0.02227491262432765,3.4549238959274877,4.125693110861952e-09,2.046775405975478
1170.0006973743439,0.0001465884086769893,0.050151225872756666,-1.2389367297045788,0.023910368696523764,3.4549238959274877,4.437476426250457e-09,2.0454866752235237
1170.0006973752752,0.00014672467233155045,0.05019790293578302,-1.2390690431830151,0.02462706475712553,3.4549238959274877,4.567977718260188e-09,2.0447249622960073
1170.0006973668933,0.00014673981995739263,0.05020328483988976,-1.2392526827747836,0.025262209072068352,3.4559439308727145,4.686555894353792e-09,2.044506525947265
1160.0006914138794,0.00014676304736638095,0.04978706793099558,-1.2389493259901425,0.022677349998672717,3.454462667909694,4.251092677817197e-09,2.042466016208225
1160.0006914148107,0.00014792623801418,0.050183030490086586,-1.240491945466911,0.029089302926026246,3.4546690507875324,5.4796341487361666e-09,2.042078317797309
1160.0006914120167,0.00014690192385905998,0.04983331186555462,-1.2370429007652823,0.020310209645106932,3.455697803980154,3.808011281043214e-09,2.041589844980468
1160.000691412948,0.00014711253875853686,0.049905491127790164,-1.239676529330211,0.02159179641266989,3.454462667909694,4.056831590725422e-09,2.040481685778537
1160.000691412948,0.00014719175007371033,0.04993153837383147,-1.2374486059492906,0.019522081696528595,3.455697803980154,3.6690656274875516e-09,2.03998054405382
1170.0006973752752,0.0001473691732424314,0.050418342283320046,-1.2398356722635495,0.02291951079272832,3.4549238959274877,4.281071869045456e-09,2.038838568172743
1170.0006973734125,0.0001472316055881239,0.05037169766651382,-1.2404324336287251,0.025090002798421007,3.4559439308727145,4.671795750365542e-09,2.038824558322482
1170.0006973734125,0.00014766322515975786,0.05051865889791365,-1.2409339608890828,0.02018396715019234,3.4549238959274877,3.782091526869723e-09,2.038266747741971
1160.0006914138794,0.0001477121216406473,0.0501094777127317,-1.2410828312242286,0.02322116902082944,3.455697803980154,4.383602823495052e-09,2.036269460392252
1160.0006914138794,0.00014780230246781302,0.05013969697892702,-1.2407602887084423,0.020967575515739797,3.455697803980154,3.968700254954119e-09,2.0355231987923186
1160.0006914073601,0.00014798574096962523,0.050201819202028694,-1.241375326840771,0.019190510285721163,3.455697803980154,3.6435971441916317e-09,2.034798634409723
1160.000691412948,0.0001479442845049394,0.05018717012523878,-1.2405593778305155,0.01585427537405947,3.4546690507875324,3.0179276901643033e-09,2.033424171185438
1160.000691412948,0.00014803852713187382,0.05022055991718738,-1.237244380396672,0.028928545905708637,3.4556978039801542,5.450825471580866e-09,2.032296025504557
1160.0006914148107,0.00014815427216588852,0.050258389529942694,-1.2401063486044384,0.017524801165513738,3.45682032831782,3.3277380378028824e-09,2.032056076824002
1180.0007033357397,0.00014825231029575472,0.05114539396980446,-1.2340074018998823,0.003320275494906386,3.4562886638301817,6.53435636314693e-10,2.856128491389973
1160.0006914138794,0.00014683189527734612,0.049806964707224975,-1.2307796938746458,-0.004048210795162524,3.45682032831782,-7.100727703000949e-10,2.0321167511268445
1160.0006914138794,0.00014701296164757683,0.049868032083370074,-1.2274686472925715,0.007159599782342494,3.45682032831782,1.3540960923208703e-09,2.030193014009874
1160.0006914064288,0.00014731298237555867,0.0499707943714772,-1.2334628817704454,0.008980251238503318,3.45682032831782,1.702914733626676e-09,2.02906443516276
1160.0006914176047,0.00014760318383703062,0.05006936789759687,-1.2351034703953665,0.005730017868972533,3.45682032831782,1.1046536495310236e-09,2.027177284846463
1160.0006914138794,0.00014768906923333787,0.05009842925374203,-1.2340953233388117,0.006408389202797174,3.45682032831782,1.2337037625926715e-09,2.026879747078993
1160.0006914138794,0.00014754576153677476,0.05004981396812315,-1.2349958841123665,0.0037589642737614983,3.45682032831782,7.388733466743587e-10,2.02627854254503
1150.0006854524836,0.0001474210166161982,0.04958210306870792,-1.2369376714668232,0.0041639337364334705,3.4566859354557047,8.111877483151116e-10,2.024997744037001
1150.0006854580715,0.00014799162431847004,0.049773915750679756,-1.2346152622159294,0.008394290423959354,3.455440151660499,1.6166811884288467e-09,2.023998986805012
1150.0006854524836,0.0001477912505477395,0.04970640955983546,-1.2350370334763956,0.0044288937790743395,3.4566859354557047,8.685359272100494e-10,2.023377907831489
1160.0006914073601,0.00014788091959021,0.05016373668975941,-1.235565972453487,0.006655071623393727,3.45682032831782,1.281195874617961e-09,2.022666185533312
1160.0006914194673,0.00014845359064935052,0.050358134937580575,-1.2365435626766392,0.005254169133957718,3.45682032831782,1.027698999613899e-09,2.021209038342013
1160.0006914138794,0.0001480794946024976,0.05023072078842711,-1.2343568336777866,0.0040365732961782815,3.45682032831782,7.894064244073841e-10,2.02094242976888
1160.000691415742,0.00014797141549629739,0.05019406612452457,-1.2342589833441486,0.0014193446207330033,3.45682032831782,3.054639755727017e-10,2.0202156204671216
1150.0006854459643,0.00014822564905200858,0.04985246502678876,-1.2347228889755344,0.00257359579952239,3.4566859354557047,5.237996514054812e-10,2.019253865481229
1150.000685453415,0.00014828520938911277,0.049872492395373474,-1.2347273605437616,0.0026221250181650405,3.4566859354557047,5.345503042056497e-10,2.0182342737608514
1150.000685453415,0.00014833551278458794,0.049889447924278206,-1.2343591981262856,0.004651170936615443,3.4566859354557047,9.178230000373484e-10,2.0171367780088967
1150.0006854459643,0.0001482828571066388,0.04987144476944737,-1.2335909619197267,0.0038690857481902445,3.4566859354557047,7.641059468222163e-10,2.016595357573785
1150.0006854524836,0.00014828769699038968,0.04987317463611746,-1.233705801213704,0.0030065157347722083,3.4566859354557047,6.056355853106731e-10,2.015396080648329
1150.000685453415,0.0001482526074791163,0.04986116445246603,-1.2330444919500625,0.005511340998387077,3.4566859354557047,1.0676041632305593e-09,2.014198074005534
1150.0006854552776,0.0001484588875620126,0.04993064299977603,-1.2339219507281058,0.0024156215749518224,3.4566859354557047,4.890739629931467e-10,2.0131550336713318
1150.000685453415,0.00014828571209927447,0.049872292745144695,-1.2328106787322248,0.006821296771822019,3.4566859354557047,1.3146083858574877e-09,2.013051437141384
1150.0015079639852,0.0001484893628187129,0.049940942205555706,-1.233699330152304,0.0048364814226115735,3.4566859354557047,9.446281112810798e-10,2.012650566830513
1150.0015079677105,0.0001486377443167737,0.049990824177011305,-1.2336641509783215,0.005612922028925332,3.4566859354557047,1.090845473333163e-09,2.0116634475819217
1150.0015079677105,0.00014833848629851467,0.04988992830412172,-1.2322663122869462,0.00397361920726271,3.4566859354557047,7.805935945031321e-10,2.01024207523329
1150.0015079677105,0.00014856112173089104,0.04996498620448533,-1.2333067083154328,0.005351389931330114,3.4566859354557047,1.0385513392295246e-09,2.010455559359809
1150.0015079975128,0.00014867245941084192,0.050002869450262,-1.2351662554836955,0.0004566589708768092,3.4566859354557047,1.3065638335969401e-10,2.00869706046658
1140.0014948546886,0.00014876137480754432,0.049602810346710165,-1.2330742936792658,0.006193320302406792,3.456657354720027,1.2063713211261511e-09,2.008212402069227
1140.001494884491,0.00014868104088993777,0.04957601054066947,-1.2327197131362213,0.005071870519514225,3.456657354720027,9.977281764091446e-10,2.007167708597548
1140.001494852826,0.00014885920005465963,0.04963594534109059,-1.2355781060676958,0.001631319205849791,3.456657354720027,3.515837660192869e-10,2.006274800732965
1150.0015079677105,0.0001486999550151288,0.05001162914109474,-1.2328238169794135,0.004337105613508974,3.4566859354557047,8.533563952477638e-10,2.004570885686849
1150.0015079677105,0.00014881156652075427,0.050048966204456716,-1.2298864921075663,0.011524698567610864,3.4566859354557047,2.195844594536063e-09,2.004099434632704
1150.0015079677105,0.00014853436748940457,0.0499556225183545,-1.2313614226246918,0.0013018577223290846,3.4566859354557047,2.796034238978709e-10,2.0029779084309887
1150.0015079975128,0.00014916909809364892,0.050170066382307865,-1.2366567482033595,0.004137289063170375,3.4566859354557047,8.175936640260071e-10,2.002226635990668
1140.0014948546886,0.00014900810737981512,0.04968515711449038,-1.233345920089359,-8.853090467596074e-05,3.456657354720027,1.7429023901601367e-11,2.002002606775716
1140.001494847238,0.00014915528236164577,0.04973443065598997,-1.2346316123798615,-0.0010826096357292796,3.456657354720027,-1.709599028892463e-10,2.001606383241103
1140.0014948546886,0.00014908106908942466,0.04970907800258897,-1.2315288822781096,0.001849623358148127,3.456657354720027,3.800595608657e-10,2.000416578632813
1140.0014948546886,0.00014901345133309208,0.049686700995144516,-1.2319837394039554,0.0006926474425836102,3.456657354720027,1.6463634276934263e-10,1.999530851286892
1140.001494884491,0.0001483750445264983,0.049474343054904335,-1.2343310752736179,0.006028192832186183,3.456657354720027,1.1830688721523989e-09,1.9978919901258672
1140.0014948546886,0.00014910957564507013,0.049718714690082697,-1.2320359312554872,-0.0009107210580950657,3.456657354720027,-1.4060647538615658e-10,1.9979010984884975
1140.001494847238,0.00014918166889529199,0.049742857235411275,-1.2328173856706863,-0.0011410997924604766,3.456657354720027,-1.8602515566109007e-10,1.99711975741211
1140.0014948509634,0.00014928486981853682,0.04977699202963696,-1.2309987834829303,0.0006736188409097986,3.456657354720027,1.6131692274708377e-10,1.9963626365364584
1140.0014948546886,0.00014903038557973543,0.04969254727690301,-1.2330949507701108,0.003450325410693591,3.456657354720027,6.93469080034794e-10,1.994975531827257
1140.001494884491,0.0001493727181965841,0.049806738801538006,-1.2337833037684545,0.002013584222831779,3.456657354720027,4.1626374345932085e-10,1.9934034869232848
1140.001494852826,0.0001493952190804038,0.049815953665405116,-1.2417838815333166,0.0008956583244562598,3.4554007380222544,2.0578034525299055e-10,1.993140497558594
1140.0014948546886,0.0001493194864350237,0.04978889657956915,-1.232689431802294,-0.0010853474992310063,3.4554007380222544,-1.6939487582282998e-10,1.9921335866286891
1140.0014948509634,0.000149447729622566,0.049831129182367664,-1.2300957399671912,-0.002314216938897721,3.455400738022255,-4.1433350479160555e-10,1.991929365090603
1140.0014948546886,0.000149610497814702,0.04988631258290071,-1.2348054842538643,-0.005086846064762007,3.4554007380222544,-9.399056944134475e-10,1.9915403437624788
1140.001494847238,0.00014979702419880777,0.04994793459206742,-1.2322562231946652,-0.0011518677537746206,3.456657354720027,-1.9009438919893488e-10,1.992107964527452
1130.0014817416668,0.0001495660137171621,0.049439091840301375,-1.2315135074886825,-0.0015594122762116634,3.456738319343133,-2.662945459090056e-10,1.9896271458300785
1160.0015211105347,0.00015006436008450173,0.0509034696569042,-1.2271049985570448,-0.013433208937207555,3.45682032831782,-2.498930563519414e-09,2.043259273386094
1190.00156041421,0.00014407253786689943,0.05012069370993518,-1.2381897850163528,0.015168440245182086,3.580255266485836,2.7144463003425263e-09,1.995357793370226
1140.0014948453754,0.00014929646753031702,0.04978086697849777,-1.230876623859964,-0.0009221315654998751,3.456657354720027,-1.4354349196703262e-10,1.9929837090315758
1140.0014948546886,0.00014989379902846154,0.0499806477544076,-1.2346805140605182,-0.00028858237145062434,3.4554007380222544,-2.084423039616921e-11,1.990706092783203
1140.0014948565513,0.00014946122964473648,0.04983566154037838,-1.2289136210879057,-0.007182214801795313,3.4566573547200274,-1.342051475460607e-09,1.9896121494672312
1130.0014817398041,0.00014976736076765818,0.049505026504749056,-1.2283249786705723,-0.0020545123736032418,3.456738319343133,-3.721251876509842e-10,1.986959554244792
1140.0014948546886,0.0001498673882708895,0.049971215427683534,-1.2306532992062569,-0.004306300977871095,3.4554007380222544,-7.955308597100597e-10,1.9855842805392787
1140.001494884491,0.00015010137288678536,0.0500492674979934,-1.2308318393196864,-0.0039762716450668,3.456657354720027,-7.307209221966614e-10,1.984750119211697
1130.0014817435294,0.00014989383370402767,0.04954722666240936,-1.2306056517561659,-0.003971029307766418,3.4578903837949477,-7.410292292040247e-10,1.982829848498263
1130.0014817416668,0.00015011024316773628,0.04961887418354325,-1.2307049166260882,-0.005730914700125523,3.456738319343133,-1.0782957771935953e-09,1.981422067146809
1130.0014817398041,0.00015036900166656396,0.049704505226575726,-1.2306770686059336,-0.0060186671736309596,3.456738319343133,-1.1337783338709145e-09,1.9803884386713322
1130.0014817342162,0.00015062532603059018,0.04978917541588133,-1.230782138053896,-0.004877072228983198,3.456738319343133,-9.134998240930372e-10,1.978329910662977
1130.0014817696065,0.00015029705538057304,0.04968047638865682,-1.229493445701902,-0.006261867002676248,3.456738319343133,-1.1822704846065289e-09,1.9782536688102217
1130.0014817435294,0.00015053122279618897,0.049758214428074585,-1.2316506071856999,-0.004745238942271299,3.456738319343133,-8.889772586718871e-10,1.977555422122939
1130.0014817733318,0.00015072771434177163,0.04982285852497988,-1.2304333230242497,-0.0021951883715146474,3.456738319343133,-3.9651524594906403e-10,1.9762880804736331
1130.0014817416668,0.00015072134222792851,0.0498204481711924,-1.2293852964579075,-0.0021269121862593503,3.456738319343133,-3.9157969115122704e-10,1.97670362887641
1130.0014817416668,0.00015080065456705736,0.049847126967471525,-1.2302279968736936,-0.007530518363170983,3.4578903837949477,-1.4338356284096541e-09,1.980672820733507
1130.0014817435294,0.0001506524206685167,0.04979789587598677,-1.2296639262137246,-0.004028238588109323,3.456738319343133,-7.519927613296267e-10,1.976710634523112
1130.0014817714691,0.00015087488909367873,0.049871695900429794,-1.2302393605134674,-0.007447751228829581,3.4578903837949477,-1.4159420497578681e-09,1.9740233241894527
1130.0014817416668,0.00015099171444535992,0.04991041495019524,-1.23000812558179,-0.008790060962089704,3.456738319343133,-1.6773079251819518e-09,1.9747147072043176
1130.0014817696065,0.00015111337131478922,0.049950511369860194,-1.2299361424771136,-0.00755358346343409,3.456738319343133,-1.4364247473580215e-09,1.972618257239584
1120.0014686323702,0.0001509951035048855,0.049475677670733395,-1.2323695684181082,-0.004412400187412977,3.4568161135101994,-8.381826190217852e-10,1.971738839793838
1120.0014686211944,0.00015112095361167872,0.049516495994601575,-1.2299605140512515,-0.004717636827724018,3.4556538537977484,-8.974541483495312e-10,1.970140597067599
1130.0014817416668,0.0001510399528924356,0.04992603393767955,-1.2295360678198575,-0.006604638738742998,3.456738319343133,-1.2584138823460159e-09,1.9694309003488488
1130.001481730491,0.00015111616960085676,0.049951104676048325,-1.2273714191022087,-0.009217500575328488,3.456738319343133,-1.7643706303344135e-09,1.9685564855013011
1130.0014817751944,0.00015112285729917054,0.049953250404660865,-1.2280949725642574,-0.007254114149524329,3.456738319343133,-1.3847682182051683e-09,1.966824080965712
1120.0014686267823,0.0001515266107273096,0.04964992410238128,-1.2315806127777345,-0.008220223631692314,3.4568161135101994,-1.588666989361588e-09,1.965417666915147
1120.0014686528593,0.00015158098768922756,0.049667435484102025,-1.2303520723980872,-0.006452497096259677,3.4568161135101994,-1.240544250435531e-09,1.964333156775715
1120.001468628645,0.0001516832615781525,0.04970089876229902,-1.2299510263081008,-0.006324104943472127,3.4568161135101994,-1.2185576934857836e-09,1.9642757184163409
1120.0014686267823,0.0001513796875535973,0.04960113698969701,-1.2290952141003504,-0.00379893488702729,3.4568161135102,-7.197258791879227e-10,1.962804549959852
1120.001468654722,0.00015152460984256438,0.04964860844355043,-1.228191951374556,-0.005807801452264816,3.4568161135102,-1.1142334113943288e-09,1.962254233726671
1120.0014686323702,0.0001515650134314821,0.04966216435402577,-1.2292516541439753,-0.00798757164088107,3.4568161135101994,-1.5436907265976753e-09,1.961177192245552
1120.0014686584473,0.00015151347255556446,0.049645797388059666,-1.2324902089936414,-0.007417697455202595,3.4568161135101994,-1.42745643717238e-09,1.960400287399088
1120.0014686249197,0.00015159693883244656,0.0496725682625563,-1.230400214079737,-0.00601990642424048,3.4568161135101994,-1.1594968964642576e-09,1.960105143592123
1120.0014686305076,0.00015152567012803768,0.04964941756667015,-1.230679523192266,-0.0072576171504859024,3.4556538537977484,-1.3978122317163418e-09,1.959530249192166
1120.001468628645,0.0001516818122113829,0.049700721159483104,-1.2309374772791115,-0.009323341475725005,3.4568161135101994,-1.8102306176578823e-09,1.9583987544661456
1120.0014686305076,0.0001515617453374454,0.04966107666855922,-1.229524581791253,-0.007542915132187304,3.4568161135101994,-1.4554436410939943e-09,1.956570538982747
1120.0014686565846,0.00015202967987767207,0.049814538888922906,-1.2304532073247487,-0.009357383093329629,3.4568161135101994,-1.8259210217825554e-09,1.9571426303173831
1120.0014686323702,0.0001520994467404822,0.04983810371078891,-1.2337448480634294,-0.009833886925952773,3.4556538537977484,-1.9158784685462522e-09,1.955998049365234
1110.0014555193484,0.00015235724020937427,0.04948187526919653,-1.2305509822162088,-0.006087461732062435,3.457126930360042,-1.187625088056375e-09,1.954448166888021
1110.0014555454254,0.0001520619629763642,0.04938555218430412,-1.22758879072896,-0.006207993886050782,3.457126930360042,-1.2101895219402798e-09,1.954129798917644
1110.0014555137604,0.0001518614308627663,0.0493203114675194,-1.2258108716237246,-0.009165579197468335,3.4584172064336474,-1.799479771628893e-09,1.95280364248915
1120.00146866031,0.00015220777964955543,0.04987325500615035,-1.232068444641201,-0.008242709072658406,3.4556538537977484,-1.5979810676183248e-09,1.952213589345704
1120.0014686305076,0.00015207536133659777,0.04982929576165199,-1.22861404636939,-0.008575079290455387,3.4568161135101994,-1.6650808450671378e-09,1.95140609598687
1120.0014686305076,0.00015191312054890232,0.04977612797498824,-1.2296861781135096,-0.007150071939919436,3.4568161135101994,-1.3859779158456341e-09,1.950227787431098
1120.00146866031,0.00015207159145904753,0.04982781108339833,-1.2277810071692457,-0.006564014506475322,3.4568161135102,-1.26946179962453e-09,1.9499549218923606
1110.0014555174857,0.00015229352151636299,0.04946113049957727,-1.2294814699319718,-0.00795112407913554,3.457126930360042,-1.561342276240368e-09,1.948732853076172
1120.001468623057,0.0001521997088495603,0.04987003099772225,-1.2285548630208443,-0.008685850818298854,3.4568161135101994,-1.687585243203372e-09,1.951883582733833
1110.0014555137604,0.00015226430823278044,0.049451715872558324,-1.2302257400922902,-0.008128689048327718,3.457126930360042,-1.6004501064209128e-09,1.94865626234158
1110.0014555174857,0.00015228766548123758,0.049459011309836445,-1.227213686210063,-0.00932128933570634,3.4558366542864367,-1.8320747866560797e-09,1.946535247742513
1130.0014817416668,0.0001520837802004269,0.05027125110433637,-1.219565946221517,-0.020552299431090652,3.456622744143686,-3.9853404190077055e-09,2.686972909779188
1110.001455515623,0.00015197331052051278,0.04935811790860907,-1.2258605052097655,-0.021609466514421114,3.4571269303600416,-4.276633017524872e-09,1.9464494902457679
1110.001455515623,0.00015259223131470232,0.04955814356768491,-1.2281289596386973,-0.010462732724217477,3.457126930360042,-2.063543437758074e-09,1.945776340786676
1110.0014555118978,0.00015274349871375275,0.0496074832340754,-1.2289114522826288,-0.011635661830345246,3.457126930360042,-2.302670234500872e-09,1.9448195170133469
1110.0014555193484,0.00015250194583351203,0.04952904931573517,-1.2305049140976583,-0.009413868559120837,3.4558366542864367,-1.8606935901044024e-09,1.943775800174696
1110.0014555417001,0.0001525726745007503,0.049551865768936235,-1.2294912405868896,-0.009448972953681842,3.457126930360042,-1.8671593323921e-09,1.942232460168728
1110.0014555193484,0.0001528130707111426,0.04963011647083383,-1.231053694177263,-0.0077602011743216175,3.4558366542864363,-1.530129591720343e-09,1.9404214497384975
1110.0014555193484,0.00015302768774447007,0.04969971954580973,-1.2287915142945733,-0.011521629545700476,3.4571269303600416,-2.2851495140576706e-09,1.940708042600368
1110.001455515623,0.00015280631506988502,0.049627762700722576,-1.2287950726226173,-0.010616199462572192,3.4584172064336474,-2.100761504062912e-09,1.9396095633398431
1110.0014555193484,0.00015265093947086075,0.04957723262035278,-1.2291099317030112,-0.009238986251014254,3.4558366542864363,-1.8221246437398505e-09,1.939074109035916
1100.0014424324036,0.00015247066229722675,0.04907978788774662,-1.2328724530746455,-0.017185796937887098,3.4562574957714194,-3.455348463550182e-09,1.938344741134441
1100.0014424007386,0.00015087234788331832,0.048564052933770724,-1.2224193089990798,-0.01724068697829937,3.4575593959537962,-3.4024207818888823e-09,1.937427019719509
1100.0014424119145,0.00015098491205425997,0.048599529133572496,-1.2195811141498192,-0.013512282775501087,3.4575593959537962,-2.664746641757411e-09,1.9369545347043189
1100.001442398876,0.0001510301035527656,0.04861360421746214,-1.2210284248893275,-0.0070367222716324574,3.4575593959537962,-1.3820806157571428e-09,1.935792684711914
1100.0014424007386,0.00015111278798629824,0.04864025783534117,-1.219754541377588,-0.00926252463828402,3.4575593959537962,-1.8229932758980135e-09,1.934642115205621
1110.0014555398375,0.00015125115972094768,0.04912141649737563,-1.2217281853697282,-0.004796784525535929,3.4584172064336474,-9.298310155161599e-10,1.933727855842014
1110.001455521211,0.00015089782678561674,0.049006327034511105,-1.2192667520887548,-0.0016421858810684712,3.4584172064336474,-3.078249831594285e-10,1.9330908171034071
1110.001455521211,0.00015107902157499326,0.04906523568913592,-1.219592002528798,-0.0016752625534583484,3.457126930360042,-3.1277781196116344e-10,1.9326978436306423
1100.001442398876,0.00015147278724851368,0.04875590002469999,-1.2209792978253657,-0.001126290570799963,3.4575593959537962,-2.0861365669441456e-10,1.931236947259114
1100.0014424007386,0.00015112809623207338,0.04864505999614055,-1.2205399792753275,-0.0052715103771219865,3.4575593959537962,-1.0326163923434473e-09,1.9308546901459425
1100.001442430541,0.00015114176521562175,0.048649157077466344,-1.2186056594866916,0.00021184499244451688,3.4575593959537962,5.866035200606347e-11,1.930929575007053
1100.0014424119145,0.0001514388324877177,0.04874497023713675,-1.2209892298844527,0.00011108252709727569,3.4575593959537962,3.8338475493493994e-11,1.9298700197287328
1100.0014424268156,0.00015186236492004858,0.04888144480652749,-1.2218335910164797,-0.0025021098717846525,3.4575593959537962,-4.814281981946907e-10,1.9287064890917969
1100.0014423895627,0.00015178212713922156,0.04885548213074544,-1.2209192725971585,0.001380381735743768,3.4575593959537962,2.924297509467942e-10,1.928088783058269
1100.0014424007386,0.00015176974044098205,0.04885166998977908,-1.2217993315950464,-0.002087331503464945,3.4575593959537962,-3.9741930061955155e-10,1.931031382299804
1100.0014424007386,0.00015241170186389928,0.04905842026234372,-1.2228959771563674,0.005447040939451765,3.4562574957714194,1.1144301682602321e-09,1.927158201922743
1100.0014424119145,0.0001529591277909361,0.04923520656434988,-1.2276377339944509,0.0044226768950843525,3.4562574957714194,9.161235889522069e-10,1.925915820708007
1100.001442430541,0.00015253384675293553,0.049098162963525746,-1.223037018430387,0.012440207076981171,3.4562574957714194,2.5204660223044922e-09,1.9253880608360472
1100.0014424007386,0.00015307410956354973,0.04927249924490111,-1.2282519508357932,0.00805992587680594,3.4562574957714194,1.6574029176354478e-09,1.924756558680014
1100.0014424100518,0.0001528965617056497,0.049215422722284304,-1.2271223473548647,0.012436076108857285,3.4562574957714194,2.532160923024878e-09,1.92311892406684
1100.001442398876,0.00015256388023593612,0.04910756122725342,-1.224702390028358,0.003988205169070776,3.4575593959537962,8.217220360587273e-10,1.922523277053494
1100.0014424100518,0.0001525588657672772,0.0491057737959532,-1.2233706032288245,0.0037682922277623107,3.4575593959537962,7.756665510046542e-10,1.923084150967882
1100.0014424286783,0.00015294752583472183,0.04923137597249481,-1.2269886661585387,0.004129608873349102,3.4562574957714194,8.573748986416386e-10,1.9211135893397353
1100.0014424007386,0.0001531811214451347,0.04930614624475184,-1.2230037783474046,0.007360822767225189,3.4562574957714194,1.5037271007989783e-09,1.921126797443576
1100.001442398876,0.00015322053205940107,0.04931912847205108,-1.226709877993598,0.0012739690910793537,3.4562574957714194,2.7384084385618173e-10,1.921046947045899
1090.0014292933047,0.00015359940817197948,0.04899959441389135,-1.2301180741183042,0.020359827211354608,3.455490411721556,4.192531446516174e-09,1.918313292330187
1090.0014292895794,0.00015318574476308737,0.048865391384365305,-1.2227866174893975,-0.007459158385015059,3.456804147360137,-1.5066102531400085e-09,1.918711993320856
1100.0014424398541,0.00015207447169708933,0.04895018750426084,-1.2160960927152007,0.01834552684571595,3.4562574957714194,3.6761836793432474e-09,1.9170395736973749
1100.0014424007386,0.00015274693361535735,0.04916613307181933,-1.2216170589990132,0.00305238041667587,3.4575593959537962,6.306103436892464e-10,1.916651630262045
1100.001442398876,0.00015337642392398564,0.049369078040266495,-1.2243585849490277,0.003987442542822541,3.4575593959537962,8.260284282491552e-10,1.9162408341075312
1100.0014423970133,0.0001527677582595628,0.049173954944806,-1.2234193725200855,0.016783695966957862,3.4562574957714194,3.3992552534602796e-09,1.915663680092774
1100.0014424119145,0.00015306718907421893,0.049269690387070644,-1.2250743123534749,0.004912846431357451,3.4562574957714194,1.014145109122034e-09,1.9167433745193148
1090.0014293119311,0.0001530836208256142,0.0488329758447018,-1.225370130108407,0.004802305368432298,3.456804147360137,9.95307142134582e-10,1.913593232441406
1090.001429291442,0.00015324019281359014,0.04888257344102995,-1.2222274657555474,0.0020964112360040486,3.4581178829987174,4.4771234563272374e-10,1.912962484731445
1090.001429291442,0.00015309221540798137,0.04883551046858217,-1.2216631847507908,0.008240535602357527,3.4581178829987174,1.6959279211552866e-09,1.9132336822292748
1090.0014292895794,0.00015317937685021329,0.04886339340362021,-1.2229188992053952,0.006816788830443309,3.4581178829987174,1.4086609304605646e-09,1.911319010124783
1090.0014292895794,0.00015281963456545287,0.04874824282583078,-1.2206997747300683,0.0017681927116161462,3.4581178829987174,3.770318582218313e-10,1.9119762717963331
1090.0014293119311,0.00015340370858720254,0.04893460502730011,-1.2174562137915879,0.009892482718792433,3.4581178829987174,2.0292289174986958e-09,1.910233712848308
1090.0014292895794,0.00015365805575515918,0.04901609936417877,-1.215856277764665,0.01593314589210459,3.456804147360137,3.259285880622467e-09,1.9087930049495438
1090.0014292895794,0.00015313163063808156,0.048847747839326196,-1.2195309842905104,-0.0009665118086490758,3.456804147360137,-1.791069480162738e-10,1.909248038349609
1110.0014555081725,0.00015309029913615263,0.049718288447734196,-1.2139957442273885,-0.008289565129085817,3.4584172064336474,-1.6348675718607853e-09,1.965722068609077
1150.00150796026,0.00014848211468316205,0.04993766132648568,-1.2278935350514553,0.008862324593242703,3.4566859354557047,1.6843714948697583e-09,1.916929596668836
1100.001442430541,0.00015333922969106478,0.04935858563989923,-1.223149180818557,-0.020516580628402763,3.4575593959537962,-4.125883415188959e-09,1.913771593666992
1090.0014292895794,0.0001550662471768209,0.04946795301327475,-1.2293400903496754,-0.021948070260278653,3.456804147360137,-4.514264602568609e-09,1.9112473927034501
1090.0014292802662,0.00015382539777849578,0.049069806560894005,-1.2233236587551604,-0.010278675122186868,3.456804147360137,-2.0820000910549823e-09,1.9091572723253039
1090.0014292895794,0.00015520564193564361,0.04951104262203221,-1.2234175674419523,-0.019370014611984038,3.456804147360137,-3.982147640510676e-09,1.908050658625217
1090.001429291442,0.00015476528555424303,0.04937025923669156,-1.2227599527178552,-0.016171343368288564,3.456804147360137,-3.30445847218603e-09,1.906338649265409
1090.0014293193817,0.00015487255132736046,0.049404284746989734,-1.2245337347889234,-0.014096046841784268,3.456804147360137,-2.8879274917569032e-09,1.905229716113281
1090.0014292895794,0.00015481818105110595,0.04938704503692065,-1.2236829664831435,-0.015119348437289726,3.456804147360137,-3.0921814458538354e-09,1.9033738340489368
1090.0014292802662,0.00015488084471757183,0.049406963894163054,-1.2227120191288599,-0.0156591808630251,3.456804147360137,-3.2020021943196773e-09,1.903486602466362
1080.0014161709696,0.00015534113519655987,0.04910576601665878,-1.2265650228883627,-0.015750265595934305,3.3189578854284867,-3.2706927318697507e-09,1.901607135075955
1080.0014161802828,0.00015510707962718552,0.04903169257589784,-1.2236731086468136,-0.017080459844800697,3.3189578854284867,-3.535125378447187e-09,1.900623722055664
1090.0014293193817,0.00015541526093775911,0.04957772115417299,-1.226347644824205,-0.014055135421103787,3.456804147360137,-2.888047710989651e-09,1.899825002003581
1090.0014292895794,0.00015518144243736152,0.049502946178789406,-1.2267180012388113,-0.012601729869269381,3.456804147360137,-2.5877216472572444e-09,1.8986360797195097
1090.0014292877167,0.00015513851270612788,0.049489119215129,-1.2241464292785849,-0.013413240020720883,3.456804147360137,-2.7481025964179664e-09,1.8978304250547964
1080.0014161709696,0.00015535301396777193,0.04910872023767197,-1.2237728769567715,-0.011515014723149478,3.3201627968735044,-2.3830017761116206e-09,1.8976912995198567
1080.0014161784202,0.0001553570503865531,0.049110533279502856,-1.224522175898181,-0.014970780162511459,3.3201627968735044,-3.0993307512522234e-09,1.896715102093642
1080.0014162100852,0.0001555906666063025,0.04918419761832608,-1.2222652635652504,-0.016061777418572697,3.3189578854284867,-3.3318243579372545e-09,1.895915974959852
1080.0014161821455,0.0001553009336033496,0.04909261832882093,-1.222580804262348,-0.016274431392715175,3.3189578854284867,-3.3716400475252776e-09,1.895123895640734
1080.0014161672443,0.00015590491316137427,0.04928424651528137,-1.2269372509595824,-0.0173465479999739,3.3189578854284867,-3.6171848226020683e-09,1.893784059657118
1080.001416169107,0.00015559381209625609,0.04918548077648678,-1.2243378610981577,-0.016520703329028504,3.3189578854284867,-3.4344376961871466e-09,1.8935290342550999
1080.0014161709696,0.00015571897040092742,0.04922493684534365,-1.2245514372297386,-0.015339298459288237,3.3189578854284867,-3.188890641206585e-09,1.892004892021484
1080.0014162119478,0.0001560958552696482,0.049344624749889675,-1.228537759769899,-0.015099321339692967,3.3189578854284867,-3.1495548693960057e-09,1.891357603340929
1080.0014161784202,0.00015599230856555986,0.049311660918859704,-1.2245155318125598,-0.018247176913111975,3.3189578854284867,-3.804185139663213e-09,1.89068700995714
1080.0014161802828,0.00015583407477803341,0.0492615554152481,-1.2243723117174825,-0.01729118848461339,3.3189578854284867,-3.5996226888317284e-09,1.8898868290706385
1080.001416169107,0.0001558962153686006,0.04928107074401713,-1.2230177619437586,-0.017656577803537066,3.3189578854284867,-3.6757490137922614e-09,1.8884756541471361
1080.0014161784202,0.0001560472874578012,0.04932877296020123,-1.2237323213601496,-0.016365752453667927,3.3189578854284867,-3.406969626365972e-09,1.8878767628499349
1080.0014162100852,0.00015586459655942734,0.0492706828207265,-1.2222806035454077,-0.014841231299991325,3.3189578854284867,-3.0832869233066023e-09,1.887045603463541
1080.0014161709696,0.00015609075241659952,0.049342924476502896,-1.226605433723575,-0.01657807387187287,3.3189578854284867,-3.459456999774356e-09,1.886999136925455
1080.0014161728323,0.00015599590433323866,0.049312849144181395,-1.2240198563517615,-0.018577795695118696,3.3189578854284867,-3.872171435440987e-09,1.886270473959418
1070.0014030802995,0.0001562354598625594,0.048937356760838366,-1.2258842274910111,-0.01574929637648763,3.3184873629704748,-3.3196819932160714e-09,1.885684354306098
1070.0014030709863,0.00015625898065677775,0.04894448626240917,-1.2237900459352125,-0.015429245962802093,3.3197034310029467,-3.2469589993279722e-09,1.8845995456060112
1070.0014030896127,0.00015602923812788798,0.048872406039490286,-1.2211138046529137,-0.01755206990076687,3.3197034310029467,-3.6882059577301546e-09,1.8827773700976569
1070.0014030691236,0.00015640758988008934,0.04899114447433458,-1.2240479815246774,-0.016048709544558885,3.3197034310029467,-3.381142280510248e-09,1.8826150181727421
1080.0014161709696,0.0001564779151931167,0.0494648555335292,-1.2256783631169712,-0.01332084490363947,3.3189578854284867,-2.775996287777272e-09,1.881937503053385
1080.0014162119478,0.00015629249925103118,0.04940572184158703,-1.221495375127192,-0.013941212992852446,3.3189578854284867,-2.9041743084914706e-09,1.880773318810764
1080.0014161802828,0.00015666406488935186,0.049523562973069764,-1.2236604174154564,-0.015171269452619847,3.3189578854284867,-3.1679788109585215e-09,1.880265627428927
1080.0014161784202,0.0001565023421792675,0.0494729293937932,-1.2257566677186311,-0.016914332138243303,3.3189578854284867,-3.5394899946049714e-09,1.8796566178548169
1080.0014161709696,0.0001567019614181663,0.04953595021599299,-1.2236415968761762,-0.01799868191056012,3.3189578854284867,-3.76549909289412e-09,1.880170453147787
1070.001403061673,0.0001568330582327102,0.04912423012332007,-1.2222485014963265,-0.016738457600027595,3.3197034310029467,-3.533714460436293e-09,1.8788672699359812
1070.001403093338,0.00015664993024633992,0.04906679837159094,-1.2240037348332677,-0.014562002810356089,3.3197034310029467,-3.0729483507688744e-09,1.8774504327425128
1070.0014030691236,0.0001567414377015376,0.04909541932576275,-1.2222641634372988,-0.015079848003487615,3.3197034310029467,-3.177799896576056e-09,1.877806105524631
1070.00140308775,0.00015678757056246352,0.049109826571415036,-1.2206668286536533,-0.016307937867461472,3.3197034310029467,-3.441879015021904e-09,1.8762887437885198
1070.0014030598104,0.00015682744223517115,0.04912231537580542,-1.2223071379483612,-0.015070650602831762,3.3197034310029467,-3.180142407498684e-09,1.875376219440647
1070.0014030598104,0.00015704612553679812,0.04919107040303477,-1.2229717568840712,-0.016921148041768915,3.3184873629704748,-3.5804694084370482e-09,1.874308505694444
1070.0014030896127,0.000157240963510962,0.04925229279992549,-1.225191237218673,-0.01690614988566885,3.3184873629704748,-3.588729520371301e-09,1.87345273855957
1070.0014030598104,0.0001569900439844719,0.049173481257109075,-1.2237753826237232,-0.016031176964799866,3.3184873629704748,-3.3916210125097335e-09,1.873224345899523
1070.0014030598104,0.00015686879936862333,0.049135227097948736,-1.2217212229563645,-0.01597072600931258,3.3197034310029467,-3.3754897191667953e-09,1.872317733531358
1070.001403061673,0.00015730046132363882,0.04927037908348671,-1.2240287426446648,-0.012624184224083632,3.3197034310029467,-2.670833436924299e-09,1.8717326827810337
1070.0014030579478,0.00015728909843920667,0.04926711095161307,-1.2229564640641548,-0.016580784329540767,3.3197034310029467,-3.5123669228975676e-09,1.870913405755208
1090.0014293212444,0.00015680344810367353,0.05002083687278374,-1.2109148270682775,-0.025407832186091658,3.456804147360137,-5.252740087673609e-09,2.531575414583739
1060.0013899523765,0.0001566371570118282,0.04861165727318815,-1.217319624205251,-0.02668247263870324,3.32058775760028,-5.684245101472965e-09,1.870169643828124
1070.0014030598104,0.00015743050340425276,0.0493119096498135,-1.22347340454206,-0.019423098358562697,3.318487362970475,-4.122537753668766e-09,1.8696304776171868
1060.0013899505138,0.00015723515883881147,0.04879609561662483,-1.2212146364295617,-0.016983114018653055,3.3193603244460093,-3.631388189395384e-09,1.86798929453342
1060.0013899784535,0.00015724666119732822,0.04879957470902323,-1.2224240600818737,-0.014263157770796609,3.3193603244460093,-3.0457099489753716e-09,1.8676874845741105
1060.001389939338,0.00015743838335922623,0.048859626936860176,-1.2208876905680957,-0.018962280875660802,3.32058775760028,-4.055486695429279e-09,1.8662873658713104
1060.0013899505138,0.00015741125619784708,0.04885102412918915,-1.2203896560983103,-0.019462072403954325,3.32058775760028,-4.167868643372533e-09,1.865804133275824
1070.0014031007886,0.00015775107197116376,0.04941184356747487,-1.2245023711245344,-0.014633023192613817,3.3197034310029467,-3.1047931642924164e-09,1.865230965520834
1070.0014030691236,0.000157749760424325,0.04941179745046539,-1.2220957976310578,-0.019076675116996646,3.3197034310029467,-4.0523642667714666e-09,1.865187178359917
1070.001403061673,0.00015763616095952745,0.04937581608985489,-1.219964504393425,-0.018026774059474816,3.3197034310029467,-3.821487700723244e-09,1.863692733498806
1070.0014030598104,0.00015769489434429575,0.04939425108131995,-1.2213986965331616,-0.017317561890780268,3.3184873629704748,-3.673111841882931e-09,1.863339708816189
1060.0013899505138,0.00015768913392821666,0.04893727608216981,-1.2216087033984624,-0.017920901613408983,3.3193603244460093,-3.839014692153549e-09,1.862588216102974
1060.0013899803162,0.00015766985085026252,0.0489307497671956,-1.2199537452078848,-0.015420270250101849,3.32058775760028,-3.301242740377577e-09,1.8622259010525168
1060.0013899505138,0.0001576735196144056,0.048932426704438654,-1.2212682350846347,-0.017891570532651946,3.3193603244460093,-3.831709921377203e-09,1.8607848853331161
1060.0013899412006,0.00015771860899382604,0.04894621277880135,-1.2213719430231957,-0.016481176711601892,3.3193603244460093,-3.5307055588588346e-09,1.8625253668126078
1070.0014030598104,0.00015814042911867457,0.049534125582147794,-1.2205490969620991,-0.01970568183416364,3.3197034310029467,-4.196576614976169e-09,1.868750397420248
1070.0014030970633,0.00015792789893276588,0.04946734856584576,-1.2202609731842018,-0.018981209708310253,3.3197034310029467,-4.034821892426047e-09,1.863506354365777
1060.0013899616897,0.0001578265083035254,0.04897952093727526,-1.218709630192223,-0.01693035851082061,3.3193603244460093,-3.6261291211964936e-09,1.859521743984375
1060.0013899505138,0.0001581833691556266,0.04909006448611105,-1.2218806907895599,-0.013211937489589836,3.3193603244460093,-2.841372498185378e-09,1.8591869296918402
1060.0013899505138,0.00015802749375289307,0.0490418979795776,-1.2179741024706356,-0.01841166793419787,3.32058775760028,-3.950991357078696e-09,1.8578153611203336
1060.0013899467885,0.00015837149661824369,0.049148544614866764,-1.2184323659296836,-0.017028590298265443,3.3193603244460093,-3.6605805004080576e-09,1.856410835514323
1060.0013899803162,0.00015835818749344415,0.049144525274489925,-1.2233500725263347,-0.01337291415170181,3.3193603244460093,-2.8755928688128707e-09,1.855520345712348
1060.0013899505138,0.00015827543735762094,0.04911949596950467,-1.2230469401258421,-0.018762254075432576,3.32058775760028,-4.043231777575181e-09,1.854324690712891
1060.001389939338,0.000158140459477665,0.04907706191505234,-1.2197138686145923,-0.017598161925591743,3.32058775760028,-3.783595021141684e-09,1.8538030785313582
1060.0013899803162,0.00015846618731272947,0.04917803445416374,-1.2235533342079752,-0.013042072378851181,3.3193603244460093,-2.8082651462759663e-09,1.8529509286550565
1060.0013899505138,0.00015861013861839958,0.04922268087022234,-1.2196180365602807,-0.017026737603471755,3.3193603244460093,-3.6684402500466773e-09,1.8523326375097655
1060.0013899523765,0.0001583252958265718,0.04913428709711417,-1.219553848779897,-0.01697156325509981,3.32058775760028,-3.6497331526955923e-09,1.85147100542155
1050.0013768393546,0.00015844528040507934,0.048714352225292475,-1.2192685494365787,-0.018702762943034933,3.3203769580956886,-4.063388710042319e-09,1.850520439338108
1050.001376837492,0.00015856249843384254,0.04875030134479921,-1.218038003637485,-0.018740728021772072,3.3203769580956886,-4.072293924527778e-09,1.850469579363607
1050.001376869157,0.0001585881408349962,0.04875803161244427,-1.2208832676457433,-0.014913973572556407,3.3203769580956886,-3.2417548263599955e-09,1.849473720243056
1050.0013768393546,0.0001586649574253247,0.048782030779515394,-1.2191030145579786,-0.019976361601344098,3.3203769580956886,-4.34734580561389e-09,1.8488796120849609
1050.0013768300414,0.00015858363486332883,0.04875671620612641,-1.2179213033692762,-0.01847020162778057,3.3203769580956886,-4.01567033417716e-09,1.847684006726346
1060.0013899803162,0.0001586328927504572,0.04923007556358,-1.2202438583718205,-0.01851833430945285,3.3193603244460093,-3.991873464516349e-09,1.847431841684028
1060.0013899505138,0.00015864648753900821,0.04923389825395143,-1.2209713970232114,-0.015042849080859212,3.32058775760028,-3.2451366445785243e-09,1.8464017148990879
1060.0013899486512,0.0001587177681290824,0.04925657133548697,-1.2208854113663399,-0.01928163301919756,3.3193603244460093,-4.162608498918024e-09,1.8461577878358288
1060.0013899803162,0.00015848378226615445,0.04918384163670126,-1.2160523392177296,-0.020521500458325927,3.32058775760028,-4.4107800976735016e-09,1.8453303809011499
1050.001376837492,0.0001589040444505246,0.048855164231816295,-1.220904216175353,-0.01609673095473979,3.3203769580956886,-3.5100183285649455e-09,1.8442250666520181
1050.0013768617064,0.00015912791149569534,0.04892422620471399,-1.222672130859978,-0.016162128128144684,3.3191379453833587,-3.5310543314361975e-09,1.8437475894162327
1050.0013768393546,0.00015914732135204808,0.04892964149407589,-1.2186455951230624,-0.014830456409415771,3.3203769580956886,-3.2333633370581724e-09,1.8430479502273225
1050.001376837492,0.0001595621900968994,0.04905776516072323,-1.2200026852479222,-0.0188002358715089,3.3203769580956886,-4.118264817716597e-09,1.843036259898003
1050.0013768617064,0.00015944376316266465,0.04902166483881983,-1.2195403171751802,-0.02055504897650608,3.3203769580956886,-4.4988494721065725e-09,1.84187599722168
1050.0013768300414,0.0001592500722087573,0.048962430160389925,-1.217605562876964,-0.02389659301810784,3.3203769580956886,-5.222038909521317e-09,1.8419041431244572
1050.0013768393546,0.00015931507491995467,0.04898191175611265,-1.2170783686495847,-0.020945870184220398,3.3203769580956886,-4.57228101927536e-09,1.841203829505208
1050.0013768728822,0.00015917689478005433,0.04893918679104264,-1.2186995840137624,-0.019082413613509177,3.3203769580956886,-4.167617724185048e-09,1.8405389918039279
1050.0013768300414,0.00015917956979624704,0.048939695730361436,-1.2205287040389063,-0.014395422597126822,3.3203769580956886,-3.142070644510894e-09,1.838275521525608
1050.0013768412173,0.00015942176092519973,0.04901462217953686,-1.2231181498057986,-0.015580473544345786,3.3203769580956886,-3.4069622909115655e-09,1.8381625996392135
1050.0013768710196,0.0001593185486740931,0.0489820949183417,-1.2179145721426705,-0.01341473762800265,3.3203769580956886,-2.9252023158137793e-09,1.83837308086697
1050.001376837492,0.00015953668618876507,0.04904942890270117,-1.22034742108,-0.013783358873161575,3.3203769580956886,-3.014481902530528e-09,1.8364472722911238
1050.0013768672943,0.00015956099221826648,0.049057009894745804,-1.2187869880046982,-0.016554283869953536,3.3203769580956886,-3.6221513659953507e-09,1.83543652985026
1050.0013768393546,0.00015962981128457373,0.04907849613764516,-1.2202527534266285,-0.01735152940325362,3.3203769580956886,-3.796776413316165e-09,1.835027799724935
1070.0014030598104,0.00015948608975609164,0.04995569251599558,-1.207968435043118,-0.0247019623935818,3.3209194990354183,-5.283430240177899e-09,1.895426017076144
1110.0014555100352,0.00015195822866244997,0.04935124835592445,-1.2243587399090652,-0.005418597348934574,3.4584172064336474,-1.0635593410910708e-09,1.843233612314453
1050.0013768393546,0.00015881395216752638,0.04882758908118439,-1.2203268276284804,-0.01669073158210413,3.3191379453833587,-3.6359577996533762e-09,1.8415616562890615
1050.0013768393546,0.00015895176975391827,0.048869546224445976,-1.2162222714242232,-0.01621563635167223,3.3203769580956886,-3.5299568758884787e-09,1.8403762194173185
1050.0013768412173,0.00015919464370554197,0.04894490387395899,-1.2166900953507693,-0.021568597560049627,3.3203769580956886,-4.7092669830756945e-09,1.836837556895616
1050.0013768393546,0.00015952413578558446,0.04904610363481209,-1.2202941480516827,-0.01819641220932403,3.3203769580956886,-3.979926771845113e-09,1.83579924378852
1050.0013768617064,0.0001588698070919894,0.04884330535156094,-1.2109729019129203,-0.01016634551760782,3.3203769580956886,-2.2038474335907513e-09,1.834162106389974
1040.001363730058,0.0001598259154496648,0.048675784939863034,-1.2177570577322958,-8.349475648437916e-05,3.320291767481175,-6.948083616059238e-12,1.833685169779188
1040.0013637188822,0.00015985414794602651,0.04868618564711005,-1.2167683905733762,-0.02149561935612326,3.320291767481175,-4.755585489409007e-09,1.832190136961263
1040.0013637505472,0.00015966935821783076,0.048629951627961056,-1.2178945233315317,-0.020858473152818538,3.320291767481175,-4.609947454706389e-09,1.831821732797852
1050.0013768393546,0.00016104341056452328,0.04951326058262001,-1.216651996773655,-0.0213480640759819,3.3203769580956886,-4.715392797228819e-09,1.830410403665365
1050.0013768300414,0.0001608296211850706,0.04944807497389167,-1.2164846156449063,-0.02405889798723372,3.3203769580956886,-5.304960349298829e-09,1.8293390692740892
1040.0013637598604,0.00016111062203369786,0.04906916915168207,-1.2127263259083403,-0.02568632285531139,3.320291767481175,-5.72287665381698e-09,1.827031668081597
1040.0013637188822,0.00016117415647981471,0.049087972980584337,-1.2165802741644902,-0.02022659042258619,3.320291767481175,-4.511440114394661e-09,1.827800717039388
1040.0013637598604,0.0001609596805981154,0.04902327611554748,-1.2186734629261617,-0.022890655516976957,3.320291767481175,-5.104737997176858e-09,1.8266958741151258
1040.0013637226075,0.00016081890409099265,0.04897936629692385,-1.2155016893022372,-0.018301472917027904,3.320291767481175,-4.072445327444688e-09,1.825417341463759
1040.001363730058,0.0001607947057017528,0.048972899525120975,-1.2155921766557793,-0.02332151045929131,3.320291767481175,-5.189593061458762e-09,1.824263565346137
1040.0013637486845,0.0001609831140129017,0.049030327991960276,-1.2169182098695441,-0.023754103488599288,3.320291767481175,-5.298528310971984e-09,1.8236640205555552
1040.0013637188822,0.0001611281946879471,0.04907382534246632,-1.2163850469185002,-0.019193046772950244,3.320291767481175,-4.281219380438789e-09,1.8233032606651471
1040.001363730058,0.0001612287157060302,0.049104601477127544,-1.2164937087970726,-0.020147123142970572,3.320291767481175,-4.493174755849087e-09,1.822290612109374
1040.0013637598604,0.0001613094301910604,0.049129719573264605,-1.2187004572748752,-0.02234446090349133,3.320291767481175,-4.993151670273149e-09,1.821827832644858
1040.0013637226075,0.00016092333771147217,0.04901165655094224,-1.2166513617291115,-0.02016309079405711,3.320291767481175,-4.488657235226906e-09,1.820810575104709
1040.001363730058,0.00016083775073942895,0.04898561809062048,-1.217196110294923,-0.02012362273588369,3.320291767481175,-4.478898902664277e-09,1.820451609477539
1040.0013637468219,0.0001606481639017212,0.048927584445588486,-1.2147763850964204,-0.019322976024239536,3.320291767481175,-4.291920410338058e-09,1.8201904464881729
1040.001363730058,0.00016097477067346014,0.04902714700788103,-1.216196663445281,-0.01949570276947481,3.320291767481175,-4.340422747367576e-09,1.8189778175911449
1040.0013637207448,0.00016053339326815272,0.04889263952471934,-1.2170220126446012,-0.018170419226607403,3.320291767481175,-4.034022456380268e-09,1.818049560417752
1040.0013637207448,0.0001613097692959487,0.04912932016416332,-1.217100273029271,-0.01947063273137647,3.320291767481175,-4.345498656380301e-09,1.8198556703287758
1040.001363730058,0.0001608816585212183,0.04899857965367704,-1.2157243660144026,-0.017729254392935552,3.320291767481175,-3.942054174472784e-09,1.819744128406576
1040.0013637524098,0.00016122385928989832,0.049103377507350915,-1.2179411885166096,-0.020373515676607494,3.320291767481175,-4.545022410120061e-09,1.8171614426334641
1030.0013506095856,0.00016138750869225312,0.04868628926875936,-1.2204524302328945,-0.008962247193077028,3.3203370555133724,-2.0119230751394266e-09,1.815281254662543
1030.0013506095856,0.00016119641297279797,0.04862872165451442,-1.2191591257329413,-0.013220790556264374,3.3203370555133724,-2.97497892668946e-09,1.813764133541124
1040.0013637598604,0.00016140989346430983,0.04916088583037811,-1.2283666267513298,-0.0169163956978203,3.320291767481175,-3.797937290668076e-09,1.8140449858235679
1040.001363730058,0.00016165478668069501,0.04923247116651207,-1.212932472775124,-0.004023097320048625,3.320291767481175,-8.912114130778599e-10,1.812685310379232
1040.0013637188822,0.00016035635141019582,0.04883790896391202,-1.2134178996621159,-0.011601506352735887,3.320291767481175,-2.5652680409357937e-09,1.8125328206521272
1040.0013637524098,0.0001610088752256903,0.04903713674214336,-1.2149408124360157,-0.017130620279236796,3.320291767481175,-3.810539492144881e-09,1.811556669792752
1040.0013637207448,0.00016120954592126638,0.04909818701398398,-1.2145067850740654,-0.0166599688851675,3.320291767481175,-3.7116986265620527e-09,1.8108394067192928
1030.0013506002724,0.00016117923210199229,0.04862361415774687,-1.2153667950363203,-0.015814493624837136,3.3203370555133724,-3.55627409881108e-09,1.810598399664714
1030.001350613311,0.00016150631921015287,0.04872289288547712,-1.217884651940354,-0.0188693841549294,3.3189475274341054,-4.257547233916413e-09,1.809882128782552
1030.0013506095856,0.00016118780245723518,0.048625889208378126,-1.2146857639022175,-0.014388888414028264,3.3203370555133724,-3.23517090753596e-09,1.808822594285481
1030.0013506300747,0.00016140555101951302,0.048691906322509804,-1.2144483641153583,-0.017085470946567847,3.3189475274341054,-3.847231858123202e-09,1.8088065830799689
1030.001350613311,0.00016142918979152659,0.04869972697010598,-1.2178675744999132,-0.019779812755582608,3.320337055513373,-4.462907496456949e-09,1.807749624573567
1030.0013506095856,0.00016165988857665955,0.04876911340015403,-1.2174107552299103,-0.018774817600720767,3.3189475274341054,-4.239526261060454e-09,1.807747466561957
1030.0013506431133,0.00016137500374272312,0.04868291785037466,-1.2154809752367806,-0.01767903833117,3.3203370555133724,-3.9830283456053606e-09,1.80799244740994
1030.0013506226242,0.00016144877021159756,0.04870491275094427,-1.2154321950010256,-0.015904003142601725,3.3203370555133724,-3.5815021614158373e-09,1.8077788211854398
1030.0013506095856,0.00016130174069320613,0.048660434445749655,-1.214009419673757,-0.01620492259891033,3.3189475274341054,-3.645995878341998e-09,1.8056910974169929
1030.0013506300747,0.00016194622122705813,0.04885536559792536,-1.2184746098298556,-0.01661928759976191,3.3189475274341054,-3.757840816577908e-09,1.804783880947808
1030.0013506095856,0.0001617323877867401,0.04879062428486483,-1.214500421423464,-0.017394219416009524,3.3203370555133724,-3.923242242083661e-09,1.8049366265413416
1030.0013506095856,0.0001616990299405185,0.048780459255325516,-1.2162454394510642,-0.015185918433149445,3.3203370555133724,-3.4260599617172856e-09,1.8037783849164495
1030.0013506412506,0.00016191403642809736,0.04884542753633126,-1.218375841172382,-0.014110764072285363,3.3203370555133724,-3.1884021030299073e-09,1.802457161191406
1030.0013506095856,0.00016137136073499238,0.04868109329803514,-1.2168315668106213,-0.008847545119596047,3.3203370555133724,-1.984788654652213e-09,1.8021948533756509
1050.0013768393546,0.00016165083405328637,0.04969951706246258,-1.2063222591738423,-0.021070751761508126,3.3203769580956886,-4.649198725243624e-09,2.393986863007679
1020.0013374928385,0.00016116220959896743,0.04815448859605126,-1.2104524133572168,-0.026683107959457237,3.3205179052691776,-6.058308886153057e-09,1.801016181767578
1030.0013506375253,0.00016192673954813766,0.04884958060211039,-1.2151761751157681,-0.01914837215586614,3.3189475274341054,-4.32863607328411e-09,1.800713771316189
1030.0013506095856,0.00016170951568073377,0.048783976313021664,-1.213825118697246,-0.020326092510955417,3.320337055513373,-4.588161653239952e-09,1.7995442807427309
1020.0013375002891,0.00016245205711463547,0.04853889662753264,-1.2165875014555882,-0.017665917259081274,3.3205179052691776,-4.046196542728877e-09,1.797139656267904
1020.0013375282288,0.00016221327859113717,0.04846756235841756,-1.2166553799682611,-0.01788799930726791,3.3205179052691776,-4.0903956221613326e-09,1.797831751180556
1030.001350607723,0.00016227036547495697,0.04895320465400667,-1.2172616546221566,-0.018250119389254745,3.3203370555133724,-4.136181485452268e-09,1.796752751676975
1030.0013506095856,0.00016249945378313238,0.04902226781445614,-1.2141362918079064,-0.019948233764601492,3.3203370555133724,-4.5255822756931905e-09,1.796565532109375
1030.001350639388,0.0001624436248726434,0.049005268609072554,-1.2138236607760777,-0.018431194984532787,3.3203370555133724,-4.176740936684862e-09,1.7954541335118281
1030.0013506095856,0.00016243319429130204,0.049002214113906074,-1.2140268337841225,-0.019110309433645452,3.3203370555133724,-4.329453208326534e-09,1.795956160846354
1030.001350613311,0.00016236994685786557,0.04898286170873879,-1.2142113284146165,-0.017787509995948306,3.3189475274341054,-4.030476963619453e-09,1.7938261647173388
1030.0013506412506,0.00016246613780574566,0.04901200556679136,-1.2114046818693125,-0.018770830582809466,3.3203370555133724,-4.248122696484274e-09,1.7943083930072699
1020.0013375002891,0.00016252766249079907,0.04856075691022601,-1.2129455641277394,-0.01384508931136717,3.3205179052691776,-3.164178779630581e-09,1.7931272099853517
1020.0013374872506,0.00016271866859027763,0.04861781914610292,-1.2150726847180164,-0.011732418461536645,3.3205179052691776,-2.687121621012213e-09,1.792175937785373
1020.0013375300914,0.00016315798806711997,0.04874953788984965,-1.2168024800657986,-0.015121232272568215,3.3205179052691776,-3.476079324639501e-09,1.7929096707823349
1020.0013374984264,0.00016368243077875816,0.04890569160275716,-1.2177631824081636,-0.008227133191609537,3.319114886626034,-1.8895527862941008e-09,1.7910459527598739
1020.0013375002891,0.0001639129741229043,0.04897533902036223,-1.2170735045971635,-0.01678204488370667,3.3205179052691776,-3.877834752238029e-09,1.790975411563585
1020.0013375282288,0.00016432557428819268,0.04909988673905073,-1.215949336711271,-0.025473224248646814,3.3205179052691776,-5.906387171131065e-09,1.789797070713976
1020.0013375021517,0.00016271825959338068,0.04861749122542739,-1.2115221671743008,-0.012380937765451159,3.3205179052691776,-2.8312330661413073e-09,1.7895388268706602
1020.0013375002891,0.00016298644302605096,0.04869773947945277,-1.2124502522118719,-0.013926552908815863,3.3205179052691776,-3.193251131863917e-09,1.789398343326823
1020.0013375263661,0.00016302596170560376,0.048710042044984886,-1.2163259329055611,-0.01538185076067529,3.3205179052691776,-3.535000224616327e-09,1.7890201200531681
1020.0013375002891,0.00016287777142110963,0.048665592144768496,-1.2130263408964688,-0.015203666691616397,3.3205179052691776,-3.4797367564468323e-09,1.788472332009549
1020.0013375002891,0.00016306506272148534,0.04872156369555927,-1.21508299827959,-0.013956724377444857,3.3205179052691776,-3.2033680058109898e-09,1.787142546005859
1020.0013375263661,0.0001627816441641035,0.04863651825722183,-1.213618371250957,-0.012136876167702587,3.3205179052691776,-2.7792748421797133e-09,1.7868635455680342
1020.0013375002891,0.00016303561069150663,0.04871320683022902,-1.2125050091345662,-0.01871248912998077,3.3205179052691776,-4.2925046872823e-09,1.786722195058051
1020.0013374872506,0.00016309868566189044,0.048731337804131955,-1.2115522823085627,-0.01417194240114674,3.3205179052691776,-3.2494156151692417e-09,1.785563054480251
1020.0013375300914,0.00016320638419479688,0.04876365143161699,-1.212953414882335,-0.0148415523967652,3.3205179052691776,-3.407317409236771e-09,1.7846269886301003
1020.0013374984264,0.0001635047202555734,0.04885276157941282,-1.2171457316680907,-0.011920838715221479,3.3205179052691776,-2.7464418409696792e-09,1.784163742763672
1020.0013374891132,0.00016300178610387993,0.04870280825081064,-1.2110376549351123,-0.017650697485886727,3.3205179052691776,-4.049445732316775e-09,1.7877133868071828
1020.0013375002891,0.00016311455854761797,0.04873649683182347,-1.2114810630957316,-0.016927003029594212,3.3205179052691776,-3.884695565203031e-09,1.787347665219184
1020.0013374909759,0.0001634757703512582,0.048844415296313275,-1.2163845647274216,-0.014999372322802212,3.3205179052691776,-3.45417921647079e-09,1.785067376911893
1020.001337531954,0.00016335703055090777,0.04880884689134705,-1.2146688934171848,-0.016240423841159698,3.3205179052691776,-3.739432444359824e-09,1.783664584939778
1020.0013375002891,0.00016351011892167552,0.048854220750541306,-1.2116383280616931,-0.014176022179660073,3.3205179052691776,-3.2608004120963934e-09,1.7827990564496532
1020.0013375021517,0.00016337906650209098,0.0488154154392762,-1.2117942619670978,-0.016438043377328442,3.3205179052691776,-3.7798964658185486e-09,1.782221598160264
1010.0013243891299,0.0001637859123065105,0.04846390054176094,-1.2142158583391724,-0.013173463355289346,3.320839624314539,-3.0638326865366406e-09,1.781203827773438
1010.0013243798167,0.00016349339108214973,0.04837729705231726,-1.2115397774706742,-0.014795704641689184,3.320839624314539,-3.4370429116889815e-09,1.780018820440538
1010.0013244077563,0.00016356121305121377,0.048397888459783774,-1.2127746816236924,-0.017797986390876094,3.3194228505866583,-4.138351481963581e-09,1.7791534741059023
1020.0013375002891,0.00016343005367502506,0.04883037156756168,-1.2136802594321903,-0.013039612880345141,3.3205179052691776,-2.998593109575087e-09,1.778115215419379
1020.0013375002891,0.0001637294969012339,0.04892003629359715,-1.2138071722366182,-0.01449005323186179,3.3205179052691776,-3.3358293165641857e-09,1.7779917743229159
1020.0013375207782,0.0001637575422601246,0.0489282262196548,-1.2128621134729973,-0.013582843553608474,3.3205179052691776,-3.12627882409352e-09,1.776888616340061
1020.0013375002891,0.00016362204942505317,0.048887557836740085,-1.2119148398600004,-0.013198092732786187,3.3205179052691776,-3.037453560500735e-09,1.7771992068733733
1020.0013375021517,0.00016515504318025253,0.04934477113563951,-1.2067363758520706,-0.001432503553324835,3.3205179052691776,-3.2401611258920547e-10,1.777150589189453
1010.0013244189322,0.00016474111616940647,0.04874698547893017,-1.2198784536290896,-0.011612471662068748,3.320839624314539,-2.718634322851723e-09,1.7731626852674687
1010.0013243798167,0.00016404130685421022,0.04853901321935931,-1.2174278501635873,-0.0053635065906702814,3.320839624314539,-1.2495981583842276e-09,1.772516117839627
1010.0013243798167,0.00016431975190785673,0.0486212273878158,-1.216486974537255,-0.0034030139641947057,3.320839624314539,-7.94128639839835e-10,1.7713080103993062
1010.001324409619,0.0001641318621721479,0.04856571343771051,-1.2009210353656417,-0.013709239253218954,3.320839624314539,-3.1847537225286727e-09,1.771880328796658
1010.0013244114816,0.00016403276159021344,0.048539368106883585,-1.218981537980197,-0.025146385151339736,3.3194228505866583,-5.872399589408173e-09,1.770771196088324
1010.001324377954,0.0001643386046461142,0.048629301398339486,-1.213585573604545,-0.025676683388382346,3.3194228505866583,-6.000672212225754e-09,1.7718694070453562
1010.0013243891299,0.00016430127224591537,0.04861593710991289,-1.2161966107783684,-0.0076179802626196655,3.320839624314539,-1.7838625919717596e-09,1.7727918653851997
1010.0013243816793,0.00016414661038726156,0.04856976488467555,-1.2035254070094157,0.007825925698419516,3.320839624314539,1.824887953976089e-09,1.7701249005495878
1030.0013506114483,0.0001658596004492894,0.05003799267342519,-1.213545716170541,-0.029513908683506916,3.3203370555133724,-6.830796505753398e-09,1.831692889871827
1070.0014030691236,0.000156147651670436,0.048907883161451705,-1.2158335999269516,-0.003954211277096089,3.319703431002946,-8.192665798208931e-10,1.7778733608653432
1010.001324409619,0.00016387771183820886,0.04849069642653578,-1.2126928396289423,-0.01175722920377765,3.320839624314539,-2.737596965171644e-09,1.7757919096316197
1010.0013243798167,0.00016417237424923655,0.04857866877099192,-1.2146359034929415,-0.016556398437897683,3.3194228505866583,-3.864172880088056e-09,1.7738967496473528
1010.0013243816793,0.0001644917261673644,0.048673529368000526,-1.2142771315267809,-0.01915741914678527,3.3194228505866583,-4.484148866298827e-09,1.772146208063151
1010.0013244207948,0.0001639576308723823,0.04851536148973936,-1.210157514193336,-0.02045433480876191,3.3194228505866583,-4.764386556186111e-09,1.7706102987863501
1010.0013243798167,0.00016475166492908863,0.04875049593682819,-1.2082792088666159,-0.02127566886480385,3.3194228505866583,-4.9745181326215865e-09,1.770317478249783
1010.0013243798167,0.00016441144089033495,0.04864927114524123,-1.210651107760085,-0.01706301416025029,3.320839624314539,-3.985401952439589e-09,1.76809711675293
1010.0013244077563,0.000164374302610562,0.048638401894201,-1.215180501496638,-0.016017642354288462,3.320839624314539,-3.745870284477653e-09,1.767909173860134
1010.0013243891299,0.0001625339614633689,0.048096660325160356,-1.2143148590313837,-0.03246084090947484,3.3194228505866583,-7.522034685430754e-09,1.7666305610579418
1010.0013243798167,0.0001630302202583013,0.04824361215779331,-1.213256956738852,-0.03264551941171931,3.3194228505866583,-7.581104503459025e-09,1.765807488950738
1010.0013244207948,0.0001624020905063844,0.04805684818518098,-1.2144250040568967,-0.028901042415685085,3.3194228505866583,-6.686514673309112e-09,1.764709339269748
1000.0013112705201,0.0001627737085182358,0.047698211357217905,-1.2139839548759879,-0.03482686400451753,3.3184461541838686,-8.158787819044188e-09,1.763838582299805
1010.0013243798167,0.0001623538145101431,0.04804513515987416,-1.2093007560645943,-0.04000340761991647,3.3194228505866583,-9.239787678605292e-09,1.7623544551616752
1010.001324409619,0.00016278801317982477,0.04817085114855937,-1.20930359482247,-0.029036569507851332,3.3194228505866583,-6.7177643786180515e-09,1.761112798872612
1010.0013243816793,0.0001627978995740126,0.048174374124416615,-1.2110285897264732,-0.031013941376082613,3.3194228505866583,-7.178937224569294e-09,1.7615657550238721
1010.0013243891299,0.0001621648987768598,0.04798636214989472,-1.2062685588834685,-0.028851570027344866,3.3194228505866583,-6.64206300570747e-09,1.7602538860660808
1010.0013244189322,0.0001622953110986467,0.04802448270051953,-1.2032042696115284,-0.02726762572941593,3.3194228505866583,-6.271280885404705e-09,1.7596403077962242
1000.0013112705201,0.00016255737880776692,0.047633605054985664,-1.2068864029429214,-0.030638206537470153,3.3198769553744016,-7.138462628719187e-09,1.7593296736675352
1000.0013112723827,0.000163044240251119,0.04777779767595383,-1.2169315098390594,-0.03375369313312303,3.3184461541838686,-7.922894758805013e-09,1.758327434862196
1000.0013113021851,0.0001628491813311637,0.04771937825587053,-1.1998396551785704,-0.03274217495846142,3.3184461541838686,-7.618663290646864e-09,1.7565434787060539
1000.0013112667948,0.00016293061570895982,0.04774270744734096,-1.2041733785958206,-0.028790895278908338,3.3198769553744016,-6.7263267493836546e-09,1.756587645787219
1000.0013112723827,0.000162277945973751,0.047552198321460154,-1.212367739638488,-0.03264801897708729,3.3184461541838686,-7.62234953032871e-09,1.756230527006836
1000.0013113003224,0.00016396740735395238,0.048046658692921705,-1.2162419259708495,-0.028007510493010538,3.3184461541838686,-6.615621015404352e-09,1.755219340917969
1000.0013112705201,0.00016363004973563543,0.04794907002852444,-1.213399122809252,-0.03451758208445832,3.3184461541838686,-8.12543681521002e-09,1.755144949082031
1000.0013112705201,0.0001627876112355299,0.047701068770767886,-1.2156909264132494,-0.027873822861933666,3.3198769553744016,-6.529634352164787e-09,1.752084228387045
1000.0013112891465,0.0001632611229003381,0.047839752156430305,-1.208254822545168,-0.031306483790840396,3.3198769553744016,-7.337082886407329e-09,1.752016971621094
1000.0013112723827,0.0001622740700331216,0.04755048675635261,-1.2019210573494543,-0.02994684526283382,3.3198769553744016,-6.9575558180090496e-09,1.7523262148057719
1000.0013112667948,0.00016285538191074448,0.047719041224394604,-1.1978301947748016,-0.02151569272642684,3.3198769553744016,-5.002116112153621e-09,1.751891124267036
1000.0013112984598,0.00016235318838716308,0.04757462453519031,-1.2089529718621195,-0.03408815771823955,3.3184461541838686,-7.943664923090613e-09,1.751976498607313
1000.0013112723827,0.00016263203415228426,0.04765369589453872,-1.2036701417132463,-0.0231823155693194,3.3198769553744016,-5.399071208132122e-09,1.75107837178928
1000.0013112705201,0.00016351437731967195,0.047911302854439314,-1.2130126340790408,-0.012845494824752226,3.3198769553744016,-3.015884917255079e-09,1.7488177261686202
1000.0013113003224,0.0001630262229168721,0.047769813249907034,-1.201549315400308,-0.0264071559237988,3.3198769553744016,-6.157750641509465e-09,1.7489816984391282
1000.0013112798333,0.00016081808847974127,0.04712318762440635,-1.1959445856662945,-0.02891284647596816,3.3213077565649347,-6.637238635398511e-09,1.75007472981608
1000.0013112705201,0.00016267637737063444,0.04766639107180928,-1.2022372442961955,-0.02073187233444618,3.3198769553744016,-4.825737309554748e-09,1.749130661659071
990.0012981928885,0.00016250607547562744,0.04714720322001042,-1.1976187439449626,-0.020125844466055497,3.320482985684924,-4.71778561668925e-09,1.747701566422526
1000.0013112667948,0.00016281546990173535,0.04770776639875558,-1.2019019457635758,-0.025038268916935145,3.3198769553744016,-5.8338075863744446e-09,1.7480161817154949
990.0012981612235,0.00016300969060284903,0.04729355327459518,-1.2003948064207968,-0.02139550247755468,3.3190378764824855,-5.037111524338104e-09,1.745390253146159
1000.0013112667948,0.0001623010671994084,0.04755802024319751,-1.1996009871761022,-0.028910680043907223,3.3198769553744016,-6.709478087362145e-09,1.744784728474935
990.0012981891632,0.00016289352483233392,0.04726051513227995,-1.2001406579682223,-0.025166429054979025,3.3204829856849236,-5.920327646519779e-09,1.7457995979627818
990.0012981630862,0.00016285628306300962,0.04724974180307352,-1.2002664802712044,-0.0255207014468805,3.320482985684924,-6.00339656181553e-09,1.7450759949663621
1000.0013112705201,0.00016314133028030425,0.04780297580723088,-1.1999174757835052,-0.023038835687923555,3.3198769553744016,-5.376533136309856e-09,1.7439736390196399
1000.0013112984598,0.00016318263761979214,0.047814395874935585,-1.2029881361677899,-0.01782981310000526,3.3198769553744016,-4.164643949453546e-09,1.7439007287044281
1000.0013112705201,0.00016263011220091428,0.04765323386733432,-1.2016123187957786,-0.023097462252908534,3.3198769553744016,-5.3767872503673145e-09,1.7431654701882602
1000.0013112705201,0.00016254253665693837,0.04762673133212974,-1.2006316341744898,-0.018079539382589386,3.321307756564935,-4.203758142134204e-09,1.7427032011083983
1000.0013113003224,0.00016292054594271645,0.04773792854127989,-1.199154899677959,-0.020019937258939267,3.3198769553744016,-4.663474341054236e-09,1.7425396236669919
990.0012981593609,0.0001620302109981141,0.047008975284456085,-1.1893235024043523,-0.013292167386904249,3.321928094887362,-3.1148675265066326e-09,1.7418117065641279
990.0012981593609,0.00016284349927878008,0.047245370756551934,-1.1993122771204536,-0.0220452538282446,3.320482985684924,-5.183317394370815e-09,1.7406886279573568
990.0012981910259,0.00016313974353005634,0.04733113555748694,-1.196468201122255,-0.02048622965564915,3.320482985684924,-4.820234971122468e-09,1.7395098911404079
990.0012981593609,0.00016287242825335728,0.047254843363861536,-1.2025035349989794,-0.027866392937317092,3.320482985684924,-6.562615893100589e-09,1.739217238925238
1010.0013243909925,0.00016330715268344338,0.048322593576569914,-1.192609219698929,-0.019172292259067785,3.3194228505866583,-4.421275339730635e-09,2.2627573067694753
980.0012850407511,0.00016643240414921507,0.047806137011178515,-1.2024589518689413,-0.021834251724575447,3.1685983817705248,-5.306621251509637e-09,1.739164528015408
990.0012981593609,0.00016668646669885077,0.048359307474777936,-1.2083763754231511,-0.01264834325884079,3.3190378764824855,-3.0497676371100346e-09,1.738895803899197
990.0012981910259,0.00016637703655508507,0.04827024684765584,-1.2087729221687165,-0.017271294951237047,3.3190378764824855,-4.159619531203054e-09,1.736366580157335
990.0012981612235,0.00016753719446983728,0.048606292349975405,-1.2110336127488868,-0.012943582993227726,3.3190378764824855,-3.1392224530978255e-09,1.736019880207791
990.0012981574982,0.00016769059253542287,0.0486499800606924,-1.2038588623556172,0.005003888493982852,3.320482985684924,1.218384308151118e-09,1.7382846979752602
990.00129817985,0.00016693188899265417,0.048430593003587735,-1.209941706076265,-0.0125118176751876,3.3190378764824855,-3.0214239787842183e-09,1.736191409905057
990.00129817985,0.00016578144351794472,0.04809633379141532,-1.2070510656088729,-0.00812597250274425,3.320482985684924,-1.9453856767237434e-09,1.734800894873047
990.0012981612235,0.00016805217411962933,0.04875561631041726,-1.208638736133735,-0.013763750467490187,3.3190378764824855,-3.3483527364303063e-09,1.7350809484564889
990.0012981593609,0.00016815161352784285,0.04878495912314941,-1.210903073635384,-0.017090025049115137,3.3190378764824855,-4.165018122128997e-09,1.7341021829269752
990.0012981928885,0.0001683596649197262,0.04884530307549093,-1.2085846010197527,-0.0169928275081413,3.3190378764824855,-4.137302096771585e-09,1.733948313184678
990.0012981593609,0.0001681618262408835,0.04878776908729279,-1.2099817845055454,-0.015543104677991549,3.3190378764824855,-3.786325602870148e-09,1.732624586050347
990.001298148185,0.00016808578163356636,0.04876573165937428,-1.2075096517076267,-0.01699259932901295,3.3190378764824855,-4.135216723292651e-09,1.7327748946500652
990.00129817985,0.00016772984180372515,0.048662181797825325,-1.2088805399075688,-0.014560288217987999,3.3190378764824855,-3.5369036541335344e-09,1.731917733039822
990.0012981593609,0.00016752609374015733,0.04860245730284926,-1.2082725337232156,-0.0076423755073888305,3.320482985684924,-1.8511055304098917e-09,1.732093104613173
980.0012850370258,0.00016861869985969972,0.048434927524426505,-1.2174149872886193,-0.021178148006177837,3.1672717620987374,-5.237944283637501e-09,1.7285466033382169
980.0012850705534,0.00016706001519478436,0.047985631957587246,-1.2074705526791767,-0.015333390883710971,3.167271762098737,-3.744582232166124e-09,1.7290279623171663
980.0012850388885,0.00016747545819069883,0.04810474202618081,-1.2091526960849186,-0.012802003494691641,3.1685983817705243,-3.134736402344225e-09,1.729145141671549
980.001285051927,0.00016760223675442787,0.04814089743793433,-1.209743646972821,-0.009495044240784085,3.167271762098737,-2.3296043904193626e-09,1.728161381104058
980.0012850686908,0.0001675643185553051,0.0481301193462102,-1.2077177469003462,-0.012088590783068039,3.167271762098737,-2.9613415228321446e-09,1.728877791035699
990.0012981593609,0.00016739029919315214,0.048563540019850276,-1.2082862492216875,-0.012458744142026875,3.320482985684924,-3.0152347655215375e-09,1.7266551430957031
990.0012981705368,0.000167725728582812,0.04866063187582625,-1.2099381389000632,-0.009842434795397587,3.320482985684924,-2.387691750247126e-09,1.726448263715821
990.0012981612235,0.00016815407064991737,0.048785654222997174,-1.2106631685404177,-0.01558506159467407,3.3190378764824855,-3.794960283558005e-09,1.725681535924479
990.0012981891632,0.00016775173064187228,0.048668386103844455,-1.2078679414172175,-0.0130972556747168,3.3190378764824855,-3.179242966293449e-09,1.7251766185384119
990.0012981593609,0.0001676907249079698,0.04865040076198226,-1.2087646172383397,-0.00989051264010052,3.320482985684924,-2.3985270642696236e-09,1.725407215170899
990.0012981612235,0.00016829489531062673,0.04882567694723106,-1.2097324383662629,-0.009090079961407668,3.320482985684924,-2.212972830902127e-09,1.724266223059353
980.0012850705534,0.00016820398277336897,0.048313639461853,-1.2082023879635875,-0.008408614011997812,3.1685983817705243,-2.0661956303228245e-09,1.7236104684526912
980.0012850482017,0.0001682852557704395,0.04833720072775592,-1.208192747881587,-0.011568943361719814,3.1685983817705243,-2.8433151505852933e-09,1.72316395617079
980.0012850537896,0.0001680617996632612,0.048272982602659636,-1.2078920004342457,-0.010881777451115323,3.1685983817705243,-2.672034887370432e-09,1.721751969071724
980.0012850798666,0.00016804765397386245,0.048268726462537416,-1.2072752221733993,-0.008639993753373987,3.1685983817705243,-2.1192360488994993e-09,1.7214520618532978
980.001285051927,0.00016792317399258566,0.048233282697249,-1.2083364095645892,-0.01155577900158542,3.1685983817705243,-2.8364295981173313e-09,1.721518868775499
980.0012850388885,0.00016818655398417317,0.048308843033216385,-1.20935337074733,-0.009099228644749756,3.1685983817705243,-2.233521851616414e-09,1.719710497226021
980.0012850798666,0.00016826964329337695,0.04833247328687237,-1.206038056824101,-0.00939584029046827,3.1685983817705243,-2.3088817822692125e-09,1.720427673268229
980.0012850407511,0.00016830597757124435,0.04834274716628591,-1.206087884045022,-0.007322007565799457,3.1685983817705243,-1.7991331050946121e-09,1.719113691354709
980.0012850482017,0.0001681786942545251,0.04830643165063123,-1.208061516249224,-0.009662759610170641,3.1685983817705243,-2.3739948791457878e-09,1.7188389355859381
980.0012850798666,0.00016814630987422064,0.04829715235545621,-1.2059936402632463,-0.011290360347705582,3.1685983817705243,-2.7729183815265997e-09,1.7184219129584408
980.0012850668281,0.00016859282542991186,0.04842532525258053,-1.207006379869103,-0.008583516718998584,3.1685983817705243,-2.11176163407067e-09,1.717602284028862
980.0012850407511,0.00016828788248518314,0.0483378448173727,-1.2093899416357636,-0.009156271496444797,3.1685983817705243,-2.2507021933135752e-09,1.7173407420952687
980.0012850500643,0.00016826636884107257,0.04833153168290632,-1.2055399000654572,-0.010312357267456248,3.1685983817705243,-2.533940619852555e-09,1.715896854747721
980.0012850798666,0.0001689353324634357,0.04852404521592111,-1.2100060637888919,-0.011064425156916717,3.1685983817705243,-2.729497229390672e-09,1.716178877004123
980.0012850370258,0.0001681644496223399,0.048302348086737217,-1.2084608031583601,-0.008519172182018756,3.167271762098737,-2.0928109059431035e-09,1.7158288282373042
980.0012850500643,0.00016852563442777113,0.04840618518882174,-1.2099239961192785,-0.009916844610013267,3.1685983817705243,-2.4416479450497743e-09,1.714205117248806
980.0012850705534,0.0001683490665671973,0.04835532847291885,-1.2068742480291361,-0.009076627098700147,3.1685983817705243,-2.2297025528597183e-09,1.71446258517361
980.001285051927,0.00016877048234458178,0.048476356363597484,-1.2089523211887216,-0.008644003769672197,3.1672717620987374,-2.1314154953707295e-09,1.713003462788628
980.001285051927,0.00016878113452744372,0.04847934286034481,-1.2095251674703023,-0.0071416390855517445,3.167271762098737,-1.7593398109367434e-09,1.712596562236871
970.0012719612569,0.00016877021286872303,0.047989097786534755,-1.2082602696968892,-0.008903805683404592,3.167969040681915,-2.2155378384839544e-09,1.7122553120768218
970.0012719295919,0.00016908758106780054,0.04807929082352298,-1.2084162697034213,-0.008259966327614433,3.1693091972891287,-2.05891902065196e-09,1.710657665062935
970.0012719370425,0.00016909996774809762,0.04808284319062138,-1.210196782074044,-0.006672605249221108,3.167969040681915,-1.6612656396528309e-09,1.710063980272895
970.0012719295919,0.00016944863797979933,0.048182013630991956,-1.2094344347300472,-0.008562820089999352,3.1693091972891287,-2.142369933674302e-09,1.710010685604926
980.0012850668281,0.00016943547429404868,0.04866716167968296,-1.2075023550043793,-0.006388350840569215,3.1685983817705243,-1.5788034390644943e-09,1.7097383859548612
1000.0013112705201,0.00016945864372484628,0.04965273281455787,-1.2011777120653535,-0.013851735070680354,3.3198769553744016,-3.356363744940358e-09,1.776708763620197
1050.001376831904,0.0001603361585510668,0.049294246456671534,-1.2168993245544504,0.009113585593896118,3.3191379453833587,2.0192564214858096e-09,1.7176416268961583
980.0012850798666,0.00016785461835811414,0.048213653369329104,-1.2052540602489519,-0.012702936676370638,3.1685983817705243,-3.1112577431546792e-09,1.7165502292046437
980.0012850500643,0.00016850112153721643,0.048399326726885745,-1.2095425752079523,-0.011621242311531074,3.167271762098737,-2.8636834165113345e-09,1.7154329715131298
980.0012850388885,0.0001683283896628915,0.048349426121455825,-1.2053124645040183,-0.01065456624384771,3.1685983817705243,-2.6174547348669583e-09,1.713089350743272
970.0012719631195,0.00016875708682046264,0.04798535926233789,-1.204861984300529,-0.01023844305207873,3.1693091972891287,-2.5476000536485897e-09,1.711362114998373
970.0012719389051,0.00016896158215706788,0.04804344380223477,-1.2088745722279124,-0.007917303430889444,3.1693091972891287,-1.974391842708427e-09,1.711145690289714
970.0012719389051,0.00016886491969351667,0.04801593519338859,-1.2088322986407816,-0.0075645500519426956,3.1693091972891287,-1.8850305965395853e-09,1.7091873237863489
980.0012850705534,0.00016881633731962207,0.04848977645185386,-1.2061811076456248,-0.012512008906028138,3.167271762098737,-3.0833392571531953e-09,1.7125760246972659
970.0012719426304,0.00016921456705314814,0.04811544901753975,-1.2060611614052918,-0.010741286404779418,3.167969040681915,-2.6824261450172326e-09,1.709327700301649
980.0012850388885,0.00016898110420428776,0.04853676189924427,-1.2059244987366868,-0.009399691132128407,3.1685983817705243,-2.3185610274327864e-09,1.708529112281358
950.0012457370758,0.00016913687350339002,0.0471168320629265,-1.2124481315770526,-0.006084532578396758,3.1685007332557134,-1.5468843984840709e-09,1.545895760004332
910.0011932477355,0.00016937156450553176,0.04522650873708385,-1.1909606802573216,-0.011576730602803592,3.1687525837511874,-3.066031900944415e-09,1.700378892622612
970.0012719593942,0.00017011721656398046,0.048372277443235454,-1.213477632583637,-0.0076859470565986765,3.167969040681915,-1.931010315214911e-09,1.6994401529324
970.0012719295919,0.0001702380546031862,0.048406494928836585,-1.2092352805420674,-0.007704355726715764,3.167969040681915,-1.932956159188243e-09,1.699125032381185
970.0012719389051,0.00017037816943961008,0.04844616580519845,-1.2080678037257644,-0.007724188762783399,3.1693091972891287,-1.940879340180561e-09,1.696943234056532
970.0012719593942,0.00017010434962023873,0.04836843418808559,-1.2079999882265118,-0.007909776297032867,3.1693091972891287,-1.9845505621272986e-09,1.6966650174479159
970.0012719593942,0.00017050255686539362,0.04848166616464387,-1.2093009612499748,-0.008369834396818215,3.167969040681915,-2.1055478338700477e-09,1.696501052388237
970.0012719426304,0.00017054387101114464,0.04849329443457273,-1.2096117904621824,-0.007107310084911759,3.1693091972891287,-1.7877296417668318e-09,1.696426380958659
970.0012719295919,0.00017001790953157856,0.048343675221770376,-1.2067024910009492,-0.007561176460887904,3.167969040681915,-1.894149815941432e-09,1.695868794463433
960.0012588407844,0.00017033157472067886,0.04794127805449672,-1.2063237005083132,0.011424895348838527,3.1674784929054156,2.907249305007764e-09,1.694164472209744
960.0012588202953,0.0001700274973016703,0.04785554393784079,-1.2071370004897786,-0.006744291524575687,3.1688324655601265,-1.7070484671396525e-09,1.693862876365018
960.0012588184327,0.00017055854765625475,0.048004990771982246,-1.2056178029875917,-0.007408773666449406,3.1688324655601265,-1.8833152969327707e-09,1.693482487629123
960.0012588500977,0.00017046688631803543,0.04797927586891335,-1.2084988825477405,-0.0077778694680717565,3.1688324655601265,-1.977632646499079e-09,1.6932626285574
970.0012719575316,0.00017035360641315226,0.04843904494492937,-1.2106077683599359,-0.0010898485517549757,3.167969040681915,-2.690665583057635e-10,1.691965790128039
970.0012719314545,0.00017064379099458716,0.04852143399356693,-1.2083467478665855,0.0037814993596191004,3.1693091972891287,9.545132767067125e-10,1.692220932305773
970.0012719314545,0.00017077612905492883,0.04855965284102066,-1.211052174033314,-0.010416715230315308,3.1693091972891287,-2.630506899141901e-09,1.6904450909082032
970.0012719612569,0.0001706403601144178,0.048520577719708094,-1.2074504580725045,-0.006896494397512354,3.1693091972891287,-1.7370672052321715e-09,1.6901471675358068
960.0012588202953,0.0001699697239961607,0.047839728678459134,-1.2083327864744149,-0.012804813236453189,3.1688324655601265,-3.247658898577638e-09,1.690207156863064
970.0012719295919,0.00016973151292921948,0.048262200626715095,-1.2074952854133367,-0.005957984596042076,3.167969040681915,-1.4900115712800836e-09,1.690386607089302
960.0012588519603,0.0001705244017592887,0.04799553242367174,-1.2090918239816475,-0.00819747319585889,3.1688324655601265,-2.0846100872620087e-09,1.689860698573134
960.0012588463724,0.00017074264455645716,0.0480571666472513,-1.2077452275838496,-0.01115899647626077,3.1674784929054156,-2.8414401636282213e-09,1.686660709027235
960.0012588202953,0.00017115459568503303,0.0481731586963736,-1.2029216712210855,-0.013167028354682342,3.1688324655601265,-3.356823441043133e-09,1.685615664387478
960.0012588202953,0.0001710988635884205,0.048156817573828836,-1.2047702574346828,0.005302130297103826,3.1688324655601265,1.3549037329778126e-09,1.685012070043403
960.0012588500977,0.00017048448965079605,0.04798586127722924,-1.1956434815586041,-0.02317566942906276,3.1688324655601265,-5.869038749465761e-09,1.68614061175944
960.0012588500977,0.0001723695747550267,0.048514942662954766,-1.2136479628443066,-0.005201195822369724,3.1674784929054156,-1.3363261946027835e-09,1.684888153541124
960.001258822158,0.00017064407300141867,0.04803053398054364,-1.2029582026022638,-0.02135561029614725,3.1688324655601265,-5.427163499562225e-09,1.683919470009223
960.001258822158,0.00017093440070057483,0.048112167781001136,-1.2155426426269396,-0.016354655323914013,3.1674784929054156,-4.180351110818206e-09,1.683912370027669
960.0012588389218,0.00017226247661742016,0.04848488830220589,-1.2155514910710319,0.005608861808862939,3.1674784929054156,1.4472215527449337e-09,1.683891858742947
960.0012588202953,0.00017068686617804064,0.04804325045327583,-1.2103591695498266,-0.02522303602812292,3.1688324655601265,-6.44182885248218e-09,1.683828838350695
960.0012588202953,0.0001692267794675945,0.047633996876138784,-1.2054788433161603,-0.03491251472374946,3.167478492905415,-8.826757922303978e-09,1.683552605825195
960.0012588500977,0.0001692976411913678,0.047651717812043595,-1.2026779236357474,-0.02318178178906691,3.1688324655601265,-5.852514329948819e-09,1.681795914554036
960.001258848235,0.00016976289555195793,0.04778445220507022,-1.2168318103749363,-0.02858274878431474,3.167478492905415,-7.280087449003681e-09,1.68126480112359
980.0012850482017,0.00016928247351242766,0.0486280739969641,-1.197263521069152,-0.037967152012127844,3.1685983817705248,-9.368442752141377e-09,2.131330164156085
930.1806229185313,0.00017205432051273093,0.04694596323992314,-1.200388315022661,-0.019439949311954148,3.1682974052477526,-5.139179321811423e-09,1.680834935166558
960.186449740082,0.0001717070091129144,0.048337735392355495,-1.2077664658119545,-0.009562308795810083,3.1688324655601265,-2.450880960087527e-09,1.6797729196799038
960.1864471528679,0.00017167499090331838,0.048328613297108185,-1.2082291779547296,-0.006932698535972472,3.1688324655601265,-1.773141475368956e-09,1.680553002294379
960.1864471510053,0.0001717306320542063,0.048344272932090725,-1.2066097472723867,-0.009028246116542333,3.1688324655601265,-2.3122070996892263e-09,1.679502207680664
960.1864471491426,0.00017154831907687174,0.048292743431946325,-1.2056658728273473,-0.005735453240226891,3.1688324655601265,-1.4660613726748894e-09,1.6792690819091791
950.1845049895346,0.0001717270357875274,0.047847143465733266,-1.205556284251864,-0.004593993373387047,3.1685007332557134,-1.1875504539670238e-09,1.6782137298182511
950.184504987672,0.0001723666109070468,0.048025618945487056,-1.2098277485865776,-0.004856010583521441,3.1685007332557134,-1.257425829525193e-09,1.67771344578776
950.1845049895346,0.0001721286621394137,0.0479592439872684,-1.2051072227291992,-0.008597422909031942,3.1685007332557134,-2.2287119729442627e-09,1.676788788058269
950.1845077294856,0.00017163975822354283,0.047823605375591355,-1.2064713579786304,-0.014466183596315635,3.1685007332557134,-3.741875470822905e-09,1.676095708165147
960.1864471454173,0.00017079460618659744,0.04808107186975663,-1.1992554263379083,-0.013962360935152119,3.1688324655601265,-3.5486081615521394e-09,1.6753842033713102
960.1864471491426,0.00017183794907687372,0.04837438624491371,-1.1951401808772555,-0.008157507999838694,3.1688324655601265,-2.0827994482103266e-09,1.6748076384011499
960.1864486001432,0.00017128289775773618,0.048218287311084955,-1.2031567902361655,-0.00997605192576762,3.1688324655601265,-2.544190409911645e-09,1.674228801672635
960.1864494793117,0.00017220561157385515,0.04847791951564642,-1.2071362248981645,-0.006957573087210201,3.1688324655601265,-1.78687506359811e-09,1.673453626134982
960.186449740082,0.00017324031890443174,0.04876933342616886,-1.2127936939684907,-0.004552514456624066,3.1688324655601265,-1.1773762157362552e-09,1.67333982558214
950.1845074295998,0.00017222304773844088,0.04798573028480192,-1.2022335460298652,-0.010654467695149031,3.1685007332557134,-2.7597415208886037e-09,1.672450294672308
950.1845072582364,0.00017308689774624876,0.04822643018237831,-1.2141082746403633,-0.0036538315352199575,3.1685007332557134,-9.518122676609378e-10,1.671635263523221
950.1845072694123,0.00017174130084791886,0.04785111666643531,-1.2074771496495904,-0.0010530415341835665,3.1685007332557134,-2.688170698450876e-10,1.6705506306732862
950.1845076680183,0.00017255209168565538,0.04807726373672528,-1.2062533679131584,-0.008041429817956013,3.1685007332557134,-2.0897893404472735e-09,1.6699162701144752
950.184504982084,0.00016998465538439354,0.04736154125969374,-1.2025076152339584,-0.0012693372136430101,3.1685007332557134,-3.242863380638141e-10,1.66916075389974
950.1845049895346,0.00017206415255736126,0.0479411790388153,-1.206515911784397,0.0008317938518388601,3.1685007332557134,2.2059822903932463e-10,1.6704832278260642
950.1845056712627,0.00017245588940737315,0.04805021584639996,-1.2068833235457987,0.0006319282019924306,3.1685007332557134,1.6953610881338158e-10,1.669222637578125
950.1845064796507,0.00017260091570658496,0.04809066748527343,-1.208290663209147,-0.0012833645155281932,3.1685007332557134,-3.301536181130106e-10,1.669038933661024
940.182562828064,0.00017228645862513002,0.0475054644012503,-1.2038966569513299,0.0004442324465737049,3.168320210219939,1.1808768337127577e-10,1.666956248770617
950.1845067180693,0.0001726354041280884,0.04810033543190094,-1.2074125346579716,-0.005152171842219095,3.1685007332557134,-1.3400240658762766e-09,1.668411136649848
950.1845054291189,0.0001722987986883666,0.048006649174998486,-1.2101019549829808,-0.005960203697355755,3.1685007332557134,-1.5495109944968582e-09,1.666686205893013
950.1845049895346,0.00017269544306815793,0.04811718777126225,-1.2104206436336713,-0.0037284313548739925,3.1685007332557134,-9.690867098443455e-10,1.666626375679253
950.1845077201724,0.00017285923298985,0.04816273158881016,-1.207980153776151,-0.005105709960575871,3.1685007332557134,-1.329063949955719e-09,1.6656350792605248
950.1845075786114,0.00017219521566375575,0.0479783507137146,-1.2164515592336134,-0.007227926293582999,3.1685007332557134,-1.882479387966538e-09,1.6663280196771921
950.1845073103905,0.00017281729411456318,0.04815160091273219,-1.2157949445984721,0.007631038448296011,3.1685007332557134,1.9971864141916477e-09,1.665397353503689
950.1845072992146,0.0001723762745013804,0.04802809354948906,-1.206421638513432,-0.003298673210162547,3.1685007332557134,-8.525297342447857e-10,1.66648064884657
950.1845073066652,0.00017249471901944948,0.04806128387773973,-1.2110318033475744,-0.00410071417683307,3.1685007332557134,-1.0662516132464097e-09,1.665194327897135
950.184504982084,0.00017270499052208558,0.048119845978309136,-1.211400469527248,-0.0031117311751647303,3.1685007332557134,-8.087581233619868e-10,1.66615092073839
950.1845049895346,0.00017254278097836263,0.048074487533785404,-1.209269824673362,0.0005359652825910661,3.1685007332557134,1.436029232574274e-10,1.6625456790234383
950.184504982084,0.00017250727668339735,0.0480649383991466,-1.2056590096124122,0.012151167521842084,3.1685007332557134,3.163258248026908e-09,1.662837490497505
950.184505559504,0.0001729325216266037,0.048184342420781415,-1.2127027157900134,-0.015872383118137295,3.1685007332557134,-4.145185694692104e-09,1.663257489226888
950.1845049895346,0.00017290904062361882,0.0481766881332626,-1.205717797028591,-0.005735378904617601,3.1685007332557134,-1.491656131410349e-09,1.662138352708334
950.184507433325,0.00017270718372713466,0.04812057100780875,-1.206674367477244,-0.009680037878765563,3.1685007332557134,-2.5189330485604363e-09,1.661850321165907
950.1845073290169,0.00017332154744983749,0.0482915304072359,-1.2087836892630024,-0.0034000364305812494,3.1685007332557134,-8.86012068958899e-10,1.661193500613064
940.1825628317893,0.00017309859582766051,0.04772941086966395,-1.2045699644815542,-0.0012234512138757565,3.168320210219939,-3.210284852507162e-10,1.6603918131315099
940.1825653202832,0.00017320245942901663,0.04775815057225042,-1.2055963663583087,-0.0029816720311853463,3.168320210219939,-7.847461649078572e-10,1.660379042791341
940.1825643219054,0.00017318570810428578,0.047753578609573945,-1.2091709654555873,0.0002915673333598358,3.168320210219939,8.049548876471166e-11,1.660289260155708
940.1825654804707,0.00017355609592200735,0.04785577653528632,-1.2082422931473544,-0.0040764485864845075,3.168320210219939,-1.0751633909408655e-09,1.659279402950845
940.1825650893152,0.00017397645038093695,0.047971776983862555,-1.2111912406334198,0.0018545968382994726,3.168320210219939,5.02071078753025e-10,1.657994538703884
940.1825628317893,0.00017380276631794752,0.04792390029561626,-1.2093196965030601,-0.005900389506454328,3.168320210219939,-1.560083161374599e-09,1.6584638948546013
950.1845075897872,0.00017321758107027532,0.048262606011588376,-1.2089709126696397,-0.0035253016320482846,3.1685007332557134,-9.169693576671946e-10,1.655721089477539
940.182562828064,0.0001733946813805386,0.04781130456892841,-1.2061828877827807,-0.00723672377564286,3.168320210219939,-1.909774180838297e-09,1.6580026033143438
950.1845077089965,0.00017319137813032954,0.04825521509741858,-1.2079866020434937,-0.0037059858944667855,3.1685007332557134,-9.653960667487452e-10,1.657368560846354
950.1845071315765,0.00017377300735908795,0.04841731235013305,-1.2088834397462385,-0.002920917015532264,3.1685007332557134,-7.622934802799638e-10,1.6561928837065971
950.184504982084,0.0001731569446608811,0.04824543239012944,-1.2044901200042795,-0.00040163272967966935,3.1685007332557134,-1.0316341154788355e-10,1.656053910930989
