ChargingTime,VoltageSlope,VoltageStd,VoltageKurtosis,VoltageSkewness,VoltageEntropy,VoltageCurvature,Capacity
2533.7879999999996,2.054698384755887e-05,0.015313460915601531,-1.1561609142109184,0.3801925477210178,4.562631632528319,4.519423474955714e-09,1.035
2533.7880000000005,2.054698384755887e-05,0.015313460915601531,-1.1561609142109184,0.3801925477210178,4.562631632528319,4.519423474955307e-09,1.035
2543.8129999999946,1.8924089061887436e-05,0.01416201605634941,-1.190926876695541,0.3775345490453878,4.512443968823676,4.202203299521523e-09,1.039
2543.8129999999946,1.8924089061887436e-05,0.01416201605634941,-1.190926876695541,0.3775345490453878,4.512443968823676,4.202203299521523e-09,1.039
2400.161,1.9078669061934168e-05,0.014400066137414227,-1.3310085187471261,0.36831504837905976,0.9587118829771318,4.136588903659104e-09,1.037
2400.4820000000036,1.9043789546432347e-05,0.014406017261315933,-1.299027917566094,0.40461394761780173,0.9587118829771318,4.484878691431731e-09,1.037
2400.481999999989,1.9119533365083227e-05,0.01444167250570048,-1.2971179584420947,0.388207384074919,0.9587118829771318,4.314683668103813e-09,1.037
2400.4830000000075,1.9022147413867356e-05,0.014364141861892452,-1.3134526356298921,0.37767322678106824,0.9587118829771318,4.177490029169103e-09,1.037
2400.482999999993,1.8989687730330367e-05,0.014338758663147929,-1.2792603238743843,0.3897225378292509,0.9587118829771318,4.2796095180093355e-09,1.037
2400.482999999993,1.9043786472709983e-05,0.014382197990836405,-1.2875220178166844,0.38846812088192645,0.9587118829771318,4.315709471964933e-09,1.038
2400.482000000018,1.8849024353290423e-05,0.014245968519115094,-1.2995148199793194,0.39503365713402006,0.9587118829771318,4.427113510025763e-09,1.038
2400.4830000000075,1.9054607927501865e-05,0.014371101955959087,-1.290283096179279,0.37073640644599526,0.9587118829771318,4.093942187707668e-09,1.038
2400.4830000000075,1.8968045327378578e-05,0.01434888414443701,-1.2935232923786397,0.40656733466559813,0.9587118829771318,4.54366429989538e-09,1.038
2400.481999999989,1.895722768150064e-05,0.014337264134315924,-1.270567543128859,0.41321649265166144,0.9587118829771318,4.567395148145259e-09,1.038
2400.4830000000075,1.884902173804138e-05,0.014253487459632603,-1.300779143375713,0.39883712358140533,0.9587118829771318,4.37140732337997e-09,1.038
2400.481999999989,1.884902389800352e-05,0.014253487459632603,-1.300779143375713,0.39883712358140533,0.9587118829771318,4.371412645890374e-09,1.038
2400.4830000000075,1.8968045846818897e-05,0.014339256804809814,-1.2961992360415473,0.40064126056662897,0.9587118829771318,4.446708970582126e-09,1.038
2400.4830000000075,1.9011327070939242e-05,0.01437673384988659,-1.3048070655443074,0.4020038755390933,0.9587118829771318,4.510657987590412e-09,1.038
2400.4619999999995,1.896827096856437e-05,0.014339256804809814,-1.2961992360415473,0.40064126056662897,0.9587118829771318,4.446791594396538e-09,1.038
2400.4829999999783,1.8935583823163117e-05,0.014317488473558335,-1.3074311913322754,0.39757419539390937,0.9587118829771318,4.4394905006034184e-09,1.038
2400.482000000018,1.8903125849065037e-05,0.014312498700353428,-1.2939231319192916,0.4183786701270691,0.9587118829771318,4.6901441007291785e-09,1.038
2400.4830000000075,1.891394437671163e-05,0.014299017615273567,-1.3215545289508797,0.39152832835790513,0.9587118829771318,4.3734756559196725e-09,1.038
2400.48199999996,1.8903126471540524e-05,0.014300349646075076,-1.2934079509245415,0.40908495612966106,0.9587118829771318,4.576675355981882e-09,1.038
2400.4830000000075,1.881655982381304e-05,0.014256493925492985,-1.274686617399542,0.4314806441507531,0.9587118829771318,4.7705900805623725e-09,1.038
2400.4830000000075,1.890312392622831e-05,0.014312498700353428,-1.2939231319192916,0.4183786701270691,0.9587118829771318,4.690136684028453e-09,1.038
2400.4829999999492,1.8892303440388953e-05,0.014325800900074355,-1.2872567297230504,0.43743720706251604,0.9587118829771318,4.901588700950569e-09,1.038
2400.4830000000075,1.880574179251968e-05,0.014249979114437495,-1.2757050555450997,0.43453910761478404,0.9587118829771318,4.847953226774431e-09,1.038
2400.4830000000075,1.8762460568011878e-05,0.014218365052350591,-1.2722060366036017,0.434362469624287,0.9587118829771318,4.792253683421455e-09,1.038
2400.4830000000075,1.878410006722207e-05,0.014243962797988353,-1.2647653961765286,0.4460063100271602,0.9587118829771318,4.949040374485745e-09,1.038
2400.4830000000075,1.8784100074174294e-05,0.014243962797988353,-1.2647653961765286,0.4460063100271602,0.9587118829771318,4.949036028043938e-09,1.038
2400.4830000000075,1.8665078423591085e-05,0.014153242939845446,-1.305584862676982,0.4282202590250269,0.9587118829771318,4.706639701952593e-09,1.038
2400.482000000018,1.8708361602480328e-05,0.014165013909192548,-1.2757695343098157,0.4222331833159088,0.9587118829771318,4.617939050129159e-09,1.038
2400.4830000000075,1.867589590353847e-05,0.014160306695629333,-1.294177202933221,0.4322008926241365,0.9587118829771318,4.7530591411687595e-09,1.038
2400.4830000000075,1.8675897700480347e-05,0.014160306695629333,-1.294177202933221,0.4322008926241365,0.9587118829771318,4.75305494873952e-09,1.038
2400.482000000018,1.8697540082975864e-05,0.014170895727309759,-1.2707919284742082,0.43902284243945494,0.9587118829771318,4.8644584664747e-09,1.038
2400.4829999999492,1.8697538605031632e-05,0.014150887571018941,-1.2949263927876593,0.41068318565123296,0.9587118829771318,4.472496209082252e-09,1.038
2400.4830000000075,1.858933520837203e-05,0.01408663669345287,-1.3022148376332565,0.42459623540409897,0.9587118829771318,4.668473833063004e-09,1.038
2400.4830000000075,1.8686715204997e-05,0.014154756898553299,-1.290495337641534,0.4214233413321413,0.9587118829771318,4.582862373640283e-09,1.038
2400.4830000000075,1.8632613929016898e-05,0.014094578491644994,-1.2800721711869407,0.41188941841075,0.9587118829771318,4.47455511573231e-09,1.037
2400.4830000000075,1.8784100044116707e-05,0.014225396471167481,-1.3110026769258762,0.4132056731859039,0.9587118829771318,4.594207377029501e-09,1.037
2400.4830000000075,1.8827382642591143e-05,0.014270849409097617,-1.2905768869294467,0.4278950697385985,0.9587118829771318,4.703547646119267e-09,1.037
2400.4830000000075,1.857851515931764e-05,0.014090692639030154,-1.297641238925745,0.43534973872658533,0.9587118829771318,4.778840702910473e-09,1.037
2400.4829999999492,1.8578514197862973e-05,0.014090692639030154,-1.297641238925745,0.43534973872658533,0.9587118829771318,4.778846285413883e-09,1.037
2400.4830000000075,1.8513590598040146e-05,0.014034142042075171,-1.2825575277803551,0.4367525187599397,0.9587118829771318,4.780908280995589e-09,1.037
2400.4830000000075,1.8448671728545454e-05,0.013987919958374952,-1.3082336119805151,0.42954931546879577,0.9587118829771318,4.729332193174018e-09,1.037
2400.4830000000075,1.8448670050018816e-05,0.013987919958374952,-1.3082336119805151,0.42954931546879577,0.9587118829771318,4.729330323281408e-09,1.037
2400.4820000000764,1.8610977464898094e-05,0.014122929683926868,-1.3054566960411136,0.43865631536350624,0.9587118829771318,4.864458510224969e-09,1.037
2400.4830000000075,1.862179392976835e-05,0.01409829439194343,-1.2755232874219937,0.42269057765931406,0.9587118829771318,4.584924009967991e-09,1.037
2400.4830000000075,1.8600154859832993e-05,0.014090692639030167,-1.3129716834177785,0.41704272646121254,0.9587118829771318,4.628250609000346e-09,1.037
2400.488000000012,1.8513535623868186e-05,0.014044995719540281,-1.3223870484001348,0.42846135000172564,0.9587118829771318,4.727287462114831e-09,1.037
2400.48199999996,1.871918116931842e-05,0.014197249901368378,-1.2580809394602555,0.4494961231109353,0.9587118829771318,4.946978291768559e-09,1.037
2400.4560000000056,1.8946678791253553e-05,0.014274519423150592,-1.2496009987196899,0.3646241925622917,0.9587118829771318,3.916662691424376e-09,1.037
2400.4820000000764,1.877328184468099e-05,0.014201777219435443,-1.271819192993557,0.4149124299399236,0.9587118829771318,4.523044205698829e-09,1.037
2400.4830000000075,1.884902097787586e-05,0.01430700793983408,-1.2858993682587627,0.4460607969162862,0.9587118829771318,4.949039462818967e-09,1.037
2400.4830000000075,1.8719176148164903e-05,0.014197249901368378,-1.2580809394602555,0.4494961231109353,0.9587118829771318,4.946976471074819e-09,1.037
2400.48199999996,1.8621794798482078e-05,0.01412849198302089,-1.2594572509516146,0.45316589992223405,0.9587118829771318,4.9727672799493756e-09,1.037
2400.4830000000075,1.8524410098771457e-05,0.014039739517323131,-1.29566989468008,0.42800959334876737,0.9587118829771318,4.666415537146251e-09,1.037
2400.4830000000075,1.8719177806009836e-05,0.014197249901368378,-1.2580809394602555,0.4494961231109353,0.9587118829771318,4.946972819387259e-09,1.037
2400.454000000027,1.9022481956560685e-05,0.014446123223566781,-1.2677700369487073,0.4579135458889685,0.9587118829771318,5.122296136083802e-09,1.037
2400.485999999917,1.8751606852723557e-05,0.01422640067587284,-1.2985045676652391,0.435431199105391,0.9587118829771318,4.791192771898694e-09,1.037
2400.4830000000075,1.8589335104638775e-05,0.01408663669345287,-1.3022148376332565,0.42459623540409897,0.9587118829771318,4.668475461949254e-09,1.037
2400.4830000000075,1.85785132335939e-05,0.014090692639030154,-1.297641238925745,0.43534973872658533,0.9587118829771318,4.778844166301845e-09,1.037
2400.48199999996,1.8578516790161728e-05,0.014090692639030154,-1.297641238925745,0.43534973872658533,0.9587118829771318,4.7788518404804946e-09,1.037
2400.4830000000075,1.8513591054411825e-05,0.014034142042075171,-1.2825575277803551,0.4367525187599397,0.9587118829771318,4.7809068080514965e-09,1.037
2400.48199999996,1.844867192173026e-05,0.013987919958374952,-1.3082336119805151,0.42954931546879577,0.9587118829771318,4.7293376766334445e-09,1.037
2400.4700000000885,1.842705378132987e-05,0.013951958387880251,-1.3048740350016548,0.4152318607891251,0.9587118829771318,4.533442715640624e-09,1.037
2400.48199999996,1.8578517305308054e-05,0.014090692639030154,-1.297641238925745,0.43534973872658533,0.9587118829771318,4.778844322231489e-09,1.037
2400.4830000000075,1.8589332225659266e-05,0.01408663669345287,-1.3022148376332565,0.42459623540409897,0.9587118829771318,4.668475178701693e-09,1.037
2400.4830000000075,1.851359191869693e-05,0.014034142042075171,-1.2825575277803551,0.4367525187599397,0.9587118829771318,4.78090260641749e-09,1.037
2400.4830000000075,1.8513591712632577e-05,0.014034142042075171,-1.2825575277803551,0.4367525187599397,0.9587118829771318,4.78090560320487e-09,1.037
2400.4830000000075,1.851359288444726e-05,0.014044995719540281,-1.3223870484001348,0.42846135000172564,0.9587118829771318,4.727270494997304e-09,1.036
2400.48199999996,1.8513594797456047e-05,0.014034142042075171,-1.2825575277803551,0.4367525187599397,0.9587118829771318,4.780909899951707e-09,1.036
2400.4799999999814,1.841623428828186e-05,0.013955712262794186,-1.300219392582148,0.4261358062167278,0.9587118829771318,4.643739100625037e-09,1.036
2400.478000000003,1.8513643799578658e-05,0.014034142042075171,-1.2825575277803551,0.4367525187599397,0.9587118829771318,4.7808960419630154e-09,1.036
2400.487000000081,1.84161804517e-05,0.013955712262794186,-1.300219392582148,0.4261358062167278,0.9587118829771318,4.643738167791081e-09,1.036
2400.4830000000075,1.852441401930305e-05,0.014020053664729812,-1.2927603321888783,0.41200942188096745,0.9587118829771318,4.447737765896881e-09,1.036
2400.4830000000075,1.8459488171628837e-05,0.014001700576987715,-1.2942343345154628,0.43827509518683105,0.9587118829771318,4.829384668602693e-09,1.036
2400.4830000000075,1.8448669208607752e-05,0.013987919958374952,-1.3082336119805151,0.42954931546879577,0.9587118829771318,4.7293330472576225e-09,1.036
2400.4830000000075,1.851359105441643e-05,0.014034142042075171,-1.2825575277803551,0.4367525187599397,0.9587118829771318,4.780906808052025e-09,1.036
2400.4830000000075,1.8524411549006602e-05,0.014020053664729812,-1.2927603321888783,0.41200942188096745,0.9587118829771318,4.447739238875987e-09,1.036
2400.4830000000075,1.8405387214805122e-05,0.01395912400034981,-1.2864726320104212,0.43959518062956393,0.9587118829771318,4.793282577551683e-09,1.036
2400.4830000000075,1.8524413079543764e-05,0.014020053664729812,-1.2927603321888783,0.41200942188096745,0.9587118829771318,4.447738816580602e-09,1.036
2400.4830000000075,1.8546053702880283e-05,0.0140483857740718,-1.305075439534773,0.4180281910740625,0.9587118829771318,4.592146335889556e-09,1.036
2400.48199999996,1.844867173712922e-05,0.013987409304357186,-1.2939626176145258,0.4347155828248174,0.9587118829771318,4.801540035643004e-09,1.036
2400.4830000000075,1.8610973730444332e-05,0.01409424063394755,-1.3089733706682578,0.414669427639291,0.9587118829771318,4.569452917984539e-09,1.036
2400.4830000000075,1.8481131742717638e-05,0.014012749296877562,-1.3145124587006043,0.42506959814600315,0.9587118829771318,4.641657356058868e-09,1.036
2400.48199999996,1.855687610110181e-05,0.014051944451112172,-1.3009888975648063,0.4156279114675614,0.9587118829771318,4.53335963478305e-09,1.036
2400.4830000000075,1.8448670685362875e-05,0.013987409304357186,-1.2939626176145258,0.4347155828248174,0.9587118829771318,4.801536204632779e-09,1.036
2400.4830000000075,1.8405389509802248e-05,0.01395912400034981,-1.2864726320104212,0.43959518062956393,0.9587118829771318,4.793285127549446e-09,1.036
2400.4830000000075,1.866507465597159e-05,0.014124952591576555,-1.2857427537259758,0.41367539786528035,0.9587118829771318,4.496222943031075e-09,1.036
2400.4820000000764,1.8556875916116846e-05,0.014051944451112172,-1.3009888975648063,0.4156279114675614,0.9587118829771318,4.533357461132475e-09,1.036
2400.4820000000764,1.8513594424040765e-05,0.01402311017740423,-1.27949116084672,0.4255349295875271,0.9587118829771318,4.597305284109408e-09,1.036
2400.4830000000075,1.8675896405179506e-05,0.014141798902207434,-1.3010801249814277,0.41568557691817737,0.9587118829771318,4.6437177331477066e-09,1.036
2400.4830000000075,1.8600152948779437e-05,0.014090692639030167,-1.3129716834177785,0.41704272646121254,0.9587118829771318,4.6282434018842835e-09,1.036
2400.4820000000764,1.8567696249444956e-05,0.014065323790561392,-1.2876021514948266,0.4245256212718331,0.9587118829771318,4.633410844626289e-09,1.036
2400.4830000000075,1.8600155523207876e-05,0.014090692639030167,-1.3129716834177785,0.41704272646121254,0.9587118829771318,4.628249819974702e-09,1.035
2400.4830000000075,1.8383747027938016e-05,0.013955200430220208,-1.2765502589544286,0.4512054028591636,0.9587118829771318,4.894369370342563e-09,1.035
2400.4830000000075,1.852441190530813e-05,0.014046860350778937,-1.2754945936468767,0.4384726196821783,0.9587118829771318,4.77781008899647e-09,1.035
2400.482999999658,1.8437847622604405e-05,0.013975488746884111,-1.2471910559198032,0.4434893561101778,0.9587118829771318,4.7344899841245944e-09,1.035
2400.4830000000075,1.860015547801889e-05,0.014091199550141363,-1.259657197826955,0.43307450794204605,0.9587118829771318,4.655066490261007e-09,1.035
2400.4819999998435,1.856769557374511e-05,0.01406278438865871,-1.2508199866273517,0.4336213917537587,0.9587118829771318,4.670543205213539e-09,1.035
2400.4830000000075,1.8665075185170957e-05,0.014131188067196453,-1.2901530792278717,0.4175291267362713,0.9587118829771318,4.57873509914897e-09,1.035
2400.4830000000075,1.852441335062188e-05,0.014024638183941696,-1.239103911120881,0.43218359399218853,0.9587118829771318,4.581831460096594e-09,1.035
2400.472999999998,1.8351373582181863e-05,0.013940349110884298,-1.2598936092294255,0.4629320969121637,0.9587118829771318,4.980089365371821e-09,1.035
2400.4830000000075,1.8567691584758354e-05,0.014069893559011164,-1.2609539998964003,0.4360142722873425,0.9587118829771318,4.744806561872322e-09,1.035
2400.4820000000764,1.8632618143024665e-05,0.014109942458793929,-1.2698634801869029,0.4251342845335736,0.9587118829771318,4.581833102306506e-09,1.035
2400.4830000000075,1.8632615754061526e-05,0.014114835154140852,-1.2626779885003985,0.43237037046970955,0.9587118829771318,4.697359759244585e-09,1.035
2400.4830000000075,1.861097582031939e-05,0.014105385665124662,-1.2598705662575906,0.4366414244619846,0.9587118829771318,4.682916983811514e-09,1.035
2400.4830000000075,1.8437847519564135e-05,0.013975488746884111,-1.2471910559198032,0.4434893561101778,0.9587118829771318,4.7344885710110665e-09,1.035
2400.4830000000075,1.853523304992224e-05,0.014053130476533497,-1.2812667358189442,0.4362620375973172,0.9587118829771318,4.844863223569959e-09,1.035
2400.4830000000075,1.8524411513023325e-05,0.014052113889443963,-1.2678651043845568,0.445552591761908,0.9587118829771318,4.893340292957544e-09,1.035
2400.4830000000075,1.8567692847733653e-05,0.014075984275827154,-1.2972723936309987,0.42855524562734715,0.9587118829771318,4.713860879331013e-09,1.035
2400.4830000000075,1.8665076041027172e-05,0.014124952591576555,-1.2857427537259758,0.41367539786528035,0.9587118829771318,4.496216284926314e-09,1.035
2400.4830000000075,1.8675895267481236e-05,0.014145334078432915,-1.2903722875668038,0.42108651593666885,0.9587118829771318,4.606584328441472e-09,1.035
2400.4830000000075,1.8567694548589388e-05,0.014065323790561392,-1.2876021514948266,0.4245256212718331,0.9587118829771318,4.633404120370541e-09,1.035
2400.4830000000075,1.8675896165406183e-05,0.014147858663483465,-1.2784803568853953,0.42613030285149933,0.9587118829771318,4.645783308261438e-09,1.035
2400.4820000000764,1.849195411791238e-05,0.014017506061724201,-1.2554549976556322,0.442411408298035,0.9587118829771318,4.770595237412007e-09,1.035
2400.467000000179,1.8686795475410904e-05,0.014149709739577186,-1.297524760694049,0.4153702331324025,0.9587118829771318,4.533561035809015e-09,1.035
2400.4830000000075,1.868671731196861e-05,0.014149709739577186,-1.297524760694049,0.4153702331324025,0.9587118829771318,4.533352009624063e-09,1.035
2400.4830000000075,1.8643435896396283e-05,0.014134725897253017,-1.2669162460979848,0.43984409947845304,0.9587118829771318,4.807725611381907e-09,1.034
2400.4830000000075,1.8459488300414935e-05,0.013979747255702873,-1.2572168695500203,0.43188414386555557,0.9587118829771318,4.6334050497563235e-09,1.034
2400.4830000000075,1.8297186161919306e-05,0.013896556613574624,-1.2367104821941834,0.4695345999008033,0.9587118829771318,5.016083074694208e-09,1.034
2400.4830000000075,1.851359207456627e-05,0.014046012821810862,-1.2614185274026308,0.44763178351162686,0.9587118829771318,4.820105726212733e-09,1.034
2400.4830000000075,1.8621794523741422e-05,0.014095760929814165,-1.2696043554979861,0.4215590404994058,0.9587118829771318,4.553981642561306e-09,1.034
2400.4830000000075,1.8675897985056502e-05,0.014144324118242766,-1.284444237278136,0.42260533796585376,0.9587118829771318,4.633407041735956e-09,1.034
2400.4820000000764,1.8697539639706873e-05,0.01417005561705655,-1.3020355250391302,0.4227710774067011,0.9587118829771318,4.643724940348881e-09,1.034
2400.4830000000075,1.8686716567580375e-05,0.014149709739577186,-1.297524760694049,0.4153702331324025,0.9587118829771318,4.533353949645801e-09,1.034
2400.4830000000075,1.835128683705644e-05,0.0139186411487821,-1.2676224277611237,0.44019719961336584,0.9587118829771318,4.660223602958601e-09,1.034
2400.4830000000075,1.8589332277174384e-05,0.014078859531733575,-1.2677796029884743,0.4259162717843296,0.9587118829771318,4.561201325326026e-09,1.034
2400.4830000000075,1.8686717337725167e-05,0.014164341545888061,-1.28876817094693,0.4300695363331504,0.9587118829771318,4.74377662243747e-09,1.034
2400.4830000000075,1.8621794140658795e-05,0.014095760929814165,-1.2696043554979861,0.4215590404994058,0.9587118829771318,4.553980692398495e-09,1.034
2400.4820000000764,1.8654258254334e-05,0.014110786147989243,-1.285449712462579,0.41010085781769456,0.9587118829771318,4.468373124735892e-09,1.034
2400.4820000000764,1.8589336202929094e-05,0.014090185709682202,-1.2995030017472742,0.4261544329248092,0.9587118829771318,4.670546119531428e-09,1.034
2400.4830000000075,1.8437850474121466e-05,0.01401291920914066,-1.2739952089082374,0.4641351985368199,0.9587118829771318,5.140893933823944e-09,1.034
2400.4820000000764,1.840539119801281e-05,0.013958271144140024,-1.2719112852589622,0.4447320029312186,0.9587118829771318,4.8654937052928875e-09,1.034
2400.4820000000764,1.8448672591417067e-05,0.014018355314168805,-1.2885108745206535,0.457075249956881,0.9587118829771318,5.040845488028431e-09,1.034
2400.4840000001714,1.8751637856864364e-05,0.014192050088492688,-1.3154067473244249,0.40500206988512605,0.9587118829771318,4.496215737643567e-09,1.034
2400.4830000000075,1.8567693760412345e-05,0.014065323790561392,-1.2876021514948266,0.4245256212718331,0.9587118829771318,4.633408323875459e-09,1.034
2400.4830000000075,1.8578514744391497e-05,0.014088664812198316,-1.2799845764319164,0.43683700864524694,0.9587118829771318,4.7829705237564546e-09,1.034
2400.4830000000075,1.8621796067007636e-05,0.01411500383752454,-1.3136263498835796,0.4219846530347125,0.9587118829771318,4.6798201942343e-09,1.033
2400.4830000000075,1.8751639085343935e-05,0.014180637368978712,-1.2875820306544004,0.4054632974012893,0.9587118829771318,4.411635896557164e-09,1.033
2400.4820000000764,1.861097695911593e-05,0.014105385665124662,-1.2598705662575906,0.4366414244619846,0.9587118829771318,4.682921151500556e-09,1.033
2400.4830000000075,1.8589335040250085e-05,0.014076999139088695,-1.2539719411296235,0.4313864993493925,0.9587118829771318,4.63340488973888e-09,1.033
2400.4830000000075,1.8513588584890022e-05,0.014046012821810862,-1.2614185274026308,0.44763178351162686,0.9587118829771318,4.820101367460089e-09,1.033
2400.4830000000075,1.868671727333595e-05,0.014152401781693276,-1.2605526092126098,0.4305389663815185,0.9587118829771318,4.659192422641205e-09,1.033
2400.4820000000764,1.8578516449848176e-05,0.014086636693452887,-1.3034636235649142,0.4285327263080388,0.9587118829771318,4.729334543472183e-09,1.033
2400.4830000000075,1.855687269135414e-05,0.014081565118639158,-1.2821813375838904,0.4433733849561721,0.9587118829771318,4.844856272083829e-09,1.033
2400.4830000000075,1.865425639839096e-05,0.014134725897253047,-1.281709418062291,0.4268157911374043,0.9587118829771318,4.618967773116356e-09,1.033
2400.4819999998435,1.8686720147875645e-05,0.014149709739577186,-1.297524760694049,0.4153702331324025,0.9587118829771318,4.533354818976164e-09,1.033
2400.4830000000075,1.864343486640247e-05,0.014120569258725927,-1.2760781529924383,0.42515096808392283,0.9587118829771318,4.5973064410960805e-09,1.033
2400.4820000000764,1.8665079498388112e-05,0.014124952591576555,-1.2857427537259758,0.41367539786528035,0.9587118829771318,4.496221602671734e-09,1.033
2400.4830000000075,1.866507673296541e-05,0.014124952591576555,-1.2857427537259758,0.41367539786528035,0.9587118829771318,4.496221712675538e-09,1.033
2400.4819999998435,1.8654258164344802e-05,0.014127649351200477,-1.276674587773008,0.42222185195422735,0.9587118829771318,4.575649918237065e-09,1.033
2400.4830000000075,1.863261602419112e-05,0.014106398413148393,-1.2758312488506542,0.42158482260234886,0.9587118829771318,4.569456435138052e-09,1.033
2400.4830000000075,1.8610974686597928e-05,0.014089509775513301,-1.2679684549097334,0.4212930575988779,0.9587118829771318,4.51169119440092e-09,1.033
2400.4820000000764,1.8708360801645767e-05,0.014153915830374755,-1.3068736331236812,0.40393552792685533,0.9587118829771318,4.432269724387204e-09,1.033
2400.4830000000075,1.844867073687924e-05,0.014018355314168805,-1.2885108745206535,0.457075249956881,0.9587118829771318,5.040837939796105e-09,1.033
2400.4830000000075,1.868671810015156e-05,0.014149709739577186,-1.297524760694049,0.4153702331324025,0.9587118829771318,4.533351723697317e-09,1.033
2400.4560000000056,1.8773543448855064e-05,0.014210827528600131,-1.320611127758417,0.4030944833968834,0.9587118829771318,4.430123731148634e-09,1.033
2400.4830000000075,1.85027712893181e-05,0.01403057884968194,-1.315864564881797,0.4282825452072457,0.9587118829771318,4.765435307482926e-09,1.033
2400.4830000000075,1.844866459371753e-05,0.013987919958374952,-1.3082336119805151,0.42954931546879577,0.9587118829771318,4.729338866245259e-09,1.033
2400.470999999903,1.8556926392476477e-05,0.014051944451112172,-1.3009888975648063,0.4156279114675614,0.9587118829771318,4.533313190084674e-09,1.033
2400.4830000000075,1.8556873548769443e-05,0.014051944451112172,-1.3009888975648063,0.4156279114675614,0.9587118829771318,4.533354420713328e-09,1.033
2400.4820000000764,1.8394569433970395e-05,0.0139521290404692,-1.2907487530678416,0.43771789491971,0.9587118829771318,4.744803045701508e-09,1.032
2400.4829999997746,1.8502771675674895e-05,0.01403057884968194,-1.315864564881797,0.4282825452072457,0.9587118829771318,4.765437879330971e-09,1.032
2400.4830000000075,1.866507683716791e-05,0.014124952591576555,-1.2857427537259758,0.41367539786528035,0.9587118829771318,4.496221237599715e-09,1.032
2400.4819999998435,1.866507857814701e-05,0.014124952591576555,-1.2857427537259758,0.41367539786528035,0.9587118829771318,4.496223091379867e-09,1.032
2400.4830000000075,1.870835716445656e-05,0.014153915830374755,-1.3068736331236812,0.40393552792685533,0.9587118829771318,4.432263006302535e-09,1.032
2400.4830000000075,1.861097518223899e-05,0.01409424063394755,-1.3089733706682578,0.414669427639291,0.9587118829771318,4.569456337617664e-09,1.032
2400.4830000000075,1.8729998011330085e-05,0.014187687485650219,-1.3059801038958367,0.41641439516064493,0.9587118829771318,4.597301205226544e-09,1.032
2400.4820000000764,1.871918028731876e-05,0.014174423646634998,-1.3115862456019753,0.4113384498252478,0.9587118829771318,4.542639822765299e-09,1.032
2400.4830000000075,1.8610975060076794e-05,0.01409424063394755,-1.3089733706682578,0.414669427639291,0.9587118829771318,4.569456499928762e-09,1.032
2400.4830000000075,1.8600152506606483e-05,0.014090692639030167,-1.3129716834177785,0.41704272646121254,0.9587118829771318,4.62824620226218e-09,1.032
2400.4829999997746,1.865425603349368e-05,0.014132704388521412,-1.3173282527219747,0.41550668517093775,0.9587118829771318,4.633403530808551e-09,1.032
2400.4820000000764,1.870836080164915e-05,0.014153915830374755,-1.3068736331236812,0.40393552792685533,0.9587118829771318,4.432269724387039e-09,1.032
2400.4830000000075,1.870835874892998e-05,0.014153915830374755,-1.3068736331236812,0.40393552792685533,0.9587118829771318,4.4322664752646926e-09,1.032
2400.4830000000075,1.855687235220745e-05,0.014075307659667156,-1.2835056777092204,0.4376879894881234,0.9587118829771318,4.7561511729482e-09,1.032
2400.4830000000075,1.8686717311973373e-05,0.014149709739577186,-1.297524760694049,0.4153702331324025,0.9587118829771318,4.5333520096237845e-09,1.032
2400.4819999998435,1.8535235279506914e-05,0.014050419414177099,-1.2715388915462122,0.43607313807294357,0.9587118829771318,4.719023767970406e-09,1.032
2400.4819999998435,1.8675898204624163e-05,0.014146175656843991,-1.2978955151575031,0.4170035225704386,0.9587118829771318,4.561208334721489e-09,1.032
2400.4830000000075,1.868671748197389e-05,0.014149709739577186,-1.297524760694049,0.4153702331324025,0.9587118829771318,4.533354507637371e-09,1.032
2400.4830000000075,1.8794921545202937e-05,0.014209654665553462,-1.308494988684831,0.39582164709539125,0.9587118829771318,4.3476861437057465e-09,1.032
2400.4820000000764,1.8589337126449516e-05,0.014076999139088695,-1.2539719411296235,0.4313864993493925,0.9587118829771318,4.633408405687802e-09,1.032
2400.4830000000075,1.862179446418948e-05,0.014101840474275113,-1.2685317429262448,0.42729777138177416,0.9587118829771318,4.642688459651142e-09,1.032
2400.4830000000075,1.8654256308237348e-05,0.014124109748599192,-1.287215610002806,0.41768725682808056,0.9587118829771318,4.538509442717137e-09,1.031
2400.4819999998435,1.87300015284117e-05,0.014176103299634356,-1.2779996418727333,0.4168930865644373,0.9587118829771318,4.5127253054109264e-09,1.031
2400.4830000000075,1.8589333659334202e-05,0.014090185709682202,-1.2995030017472742,0.4261544329248092,0.9587118829771318,4.670536316562221e-09,1.031
2400.4830000000075,1.867589718102859e-05,0.014145334078432915,-1.2903722875668038,0.42108651593666885,0.9587118829771318,4.606589562967314e-09,1.031
2400.4830000000075,1.8697536396136398e-05,0.01417257579841803,-1.290159445597177,0.4278260564983511,0.9587118829771318,4.6829138878572445e-09,1.031
2400.373999999836,1.8633375674167155e-05,0.014104372844381709,-1.287936175807708,0.4137394267110488,0.9587118829771318,4.471026601046257e-09,1.031
2400.4419999998063,1.844891359077364e-05,0.013987919958374952,-1.3082336119805151,0.42954931546879577,0.9587118829771318,4.729895717717708e-09,1.031
2400.4830000000075,1.8610972521403618e-05,0.01409424063394755,-1.3089733706682578,0.414669427639291,0.9587118829771318,4.569454080346148e-09,1.031
2400.4830000000075,1.850277100363817e-05,0.01403057884968194,-1.315864564881797,0.4282825452072457,0.9587118829771318,4.765432459451839e-09,1.031
2400.4830000000075,1.8697536313478143e-05,0.01417005561705655,-1.3020355250391302,0.4227710774067011,0.9587118829771318,4.6437212534731e-09,1.031
2400.4830000000075,1.861097473889052e-05,0.01409424063394755,-1.3089733706682578,0.414669427639291,0.9587118829771318,4.5694521667076244e-09,1.031
2400.4830000000075,1.869753614605386e-05,0.01417005561705655,-1.3020355250391302,0.4227710774067011,0.9587118829771318,4.643718241352236e-09,1.031
2400.482000000309,1.8643437930528833e-05,0.014134725897253017,-1.2669162460979848,0.43984409947845304,0.9587118829771318,4.807730047377949e-09,1.031
2400.4830000000075,1.8654256226366657e-05,0.014119557527128946,-1.2726935432243545,0.4208673338775324,0.9587118829771318,4.596273350427955e-09,1.031
2400.482999999542,1.8481130722489794e-05,0.014036177745892388,-1.292371836732831,0.45036881833206377,0.9587118829771318,4.994421759489694e-09,1.031
2400.482000000309,1.8730000611126623e-05,0.014181980518551367,-1.2822702220163085,0.4208278296385291,0.9587118829771318,4.595245269479772e-09,1.031
2400.4830000000075,1.8697535547147225e-05,0.014148868371374277,-1.294139838014404,0.41114395448005325,0.9587118829771318,4.53232200952093e-09,1.031
2400.4830000000075,1.8697537047640582e-05,0.01417005561705655,-1.3020355250391302,0.4227710774067011,0.9587118829771318,4.643717731920331e-09,1.031
2400.4830000000075,1.8794921461533324e-05,0.014218365052350567,-1.2962925817446833,0.4066938249447647,0.9587118829771318,4.475588975853109e-09,1.031
2400.4830000000075,1.8773280908046923e-05,0.014205297469270952,-1.2992255542097717,0.4072111352735499,0.9587118829771318,4.448772243881964e-09,1.031
2400.482000000309,1.8675899599902637e-05,0.014144324118242766,-1.284444237278136,0.42260533796585376,0.9587118829771318,4.633411017622486e-09,1.031
2400.4830000000075,1.8491951392610062e-05,0.014017506061724201,-1.2554549976556322,0.442411408298035,0.9587118829771318,4.770595019112438e-09,1.031
2400.4819999998435,1.85893367395468e-05,0.014086467670376789,-1.2521337108537376,0.43880075618093406,0.9587118829771318,4.728303244434557e-09,1.031
2400.4830000000075,1.8654257249171266e-05,0.014140788689528748,-1.2805048451118268,0.4325604058685116,0.9587118829771318,4.707673591613816e-09,1.031
2400.4830000000075,1.863261495346836e-05,0.014114835154140852,-1.2626779885003985,0.43237037046970955,0.9587118829771318,4.697356211413582e-09,1.031
2400.4830000000075,1.8643434990658766e-05,0.014120569258725927,-1.2760781529924383,0.42515096808392283,0.9587118829771318,4.5973052942283575e-09,1.031
2400.4830000000075,1.877327918893466e-05,0.014213675507361585,-1.2866312354817826,0.41810137660865626,0.9587118829771318,4.5766761230124355e-09,1.03
2400.4830000000075,1.874081808786722e-05,0.01420781139943462,-1.3103174882325594,0.4238526195558779,0.9587118829771318,4.7076715702628316e-09,1.03
2400.4459999999963,1.8686927855347907e-05,0.014149709739577186,-1.297524760694049,0.4153702331324025,0.9587118829771318,4.533868849554878e-09,1.03
2400.4830000000075,1.8610973268373277e-05,0.014119051634143773,-1.250183086681837,0.4513459992024797,0.9587118829771318,4.893335593817972e-09,1.03
2400.4819999998435,1.8697540253668663e-05,0.014178454479546448,-1.2888745046520471,0.4336060483566689,0.9587118829771318,4.7716293793204845e-09,1.03
2400.4819999998435,1.877328290894622e-05,0.014222885649209002,-1.284845590360538,0.42556373383938656,0.9587118829771318,4.671573206566725e-09,1.03
2400.4830000000075,1.88165592719089e-05,0.014242959831506379,-1.3077715511914845,0.4084541692237898,0.9587118829771318,4.512721688107381e-09,1.03
2400.4830000000075,1.8784100834637547e-05,0.014233428125032822,-1.2908779250698919,0.4256208609063578,0.9587118829771318,4.687043782044152e-09,1.03
2400.4830000000075,1.8773280147034163e-05,0.014219369753630967,-1.2907917183737783,0.4220845500741686,0.9587118829771318,4.659195024106427e-09,1.03
2400.4830000000075,1.8643434441559842e-05,0.014134725897253017,-1.2669162460979848,0.43984409947845304,0.9587118829771318,4.807723496583222e-09,1.03
2400.4830000000075,1.8827378627930052e-05,0.014262838827827048,-1.3121051088103262,0.41596405033926487,0.9587118829771318,4.623090704813231e-09,1.03
2400.4830000000075,1.8632616423749488e-05,0.014125458273223255,-1.3379121661065203,0.4105217405176533,0.9587118829771318,4.511690696324357e-09,1.03
2400.470999999903,1.8643458656491893e-05,0.014128997537991529,-1.2682670084962058,0.4340608340402775,0.9587118829771318,4.719109094812971e-09,1.03
2400.4830000000075,1.8665076359087685e-05,0.014165518160727635,-1.3129150404573406,0.4373541727691775,0.9587118829771318,4.900557011317402e-09,1.03
2400.466999999713,1.850286722296902e-05,0.01403057884968194,-1.315864564881797,0.4282825452072457,0.9587118829771318,4.765655417256359e-09,1.03
2400.4830000000075,1.8448669354560237e-05,0.013987919958374952,-1.3082336119805151,0.42954931546879577,0.9587118829771318,4.7293306423926516e-09,1.03
2400.4830000000075,1.8502771289314026e-05,0.01403057884968194,-1.315864564881797,0.4282825452072457,0.9587118829771318,4.765435307482853e-09,1.03
2400.4830000000075,1.8470311519992593e-05,0.013998639389665835,-1.3079638662545228,0.4247644240116855,0.9587118829771318,4.679822521958081e-09,1.03
2400.4830000000075,1.8654255419287383e-05,0.01411196722812305,-1.2986511232234497,0.4046251082552311,0.9587118829771318,4.396164867561851e-09,1.03
2400.4830000000075,1.8448670874255932e-05,0.013987919958374952,-1.3082336119805151,0.42954931546879577,0.9587118829771318,4.729333451559497e-09,1.03
2400.4819999998435,1.850277350329889e-05,0.01403057884968194,-1.315864564881797,0.4282825452072457,0.9587118829771318,4.765442166247178e-09,1.03
2400.482000000309,1.8524414748085957e-05,0.014030239450829712,-1.2835266712057032,0.4232343409440709,0.9587118829771318,4.606588537632417e-09,1.03
2400.4830000000075,1.8556872987954434e-05,0.014051944451112172,-1.3009888975648063,0.4156279114675614,0.9587118829771318,4.533352356296287e-09,1.03
2400.4830000000075,1.8654254194714558e-05,0.01411196722812305,-1.2986511232234497,0.4046251082552311,0.9587118829771318,4.396163365346499e-09,1.03
2400.482000000309,1.860015584416192e-05,0.014090692639030167,-1.3129716834177785,0.41704272646121254,0.9587118829771318,4.628254400659122e-09,1.03
2400.482000000309,1.849195485668912e-05,0.0140052711165339,-1.2832271072707626,0.4243754349445989,0.9587118829771318,4.6282538228489255e-09,1.029
2400.4769999999553,1.8611011732907714e-05,0.014111461063027218,-1.3175655641110648,0.42434784035569656,0.9587118829771318,4.738591014383883e-09,1.029
2400.4449999998324,1.8665204694418156e-05,0.01413725237667858,-1.2876057727931647,0.42394315862955434,0.9587118829771318,4.68021884587557e-09,1.029
2400.4819999998435,1.854605575880183e-05,0.0140483857740718,-1.305075439534773,0.4180281910740625,0.9587118829771318,4.592149153017103e-09,1.029
2400.4830000000075,1.8556871879218684e-05,0.014051944451112172,-1.3009888975648063,0.4156279114675614,0.9587118829771318,4.533349895899702e-09,1.029
2400.4819999998435,1.8470312522589883e-05,0.013998639389665835,-1.3079638662545228,0.4247644240116855,0.9587118829771318,4.6798292262877475e-09,1.029
2400.4830000000075,1.8502772633392636e-05,0.01403057884968194,-1.315864564881797,0.4282825452072457,0.9587118829771318,4.7654344649954944e-09,1.029
2400.4830000000075,1.8654254877761252e-05,0.01411196722812305,-1.2986511232234497,0.4046251082552311,0.9587118829771318,4.39616315331957e-09,1.029
2400.4830000000075,1.8502770850270995e-05,0.01403057884968194,-1.315864564881797,0.4282825452072457,0.9587118829771318,4.765434913432546e-09,1.029
2400.4830000000075,1.857851414634354e-05,0.014086636693452887,-1.3034636235649142,0.4285327263080388,0.9587118829771318,4.729335562843645e-09,1.029
2400.4830000000075,1.844866925153602e-05,0.013987919958374952,-1.3082336119805151,0.42954931546879577,0.9587118829771318,4.729335115388511e-09,1.029
2400.4830000000075,1.8610975182240436e-05,0.01409424063394755,-1.3089733706682578,0.414669427639291,0.9587118829771318,4.569456337618508e-09,1.029
2400.4830000000075,1.8578513991959933e-05,0.014086636693452887,-1.3034636235649142,0.4285327263080388,0.9587118829771318,4.729336295005925e-09,1.029
2400.4830000000075,1.8502772505775087e-05,0.01403057884968194,-1.315864564881797,0.4282825452072457,0.9587118829771318,4.765435355920261e-09,1.029
2400.4830000000075,1.8708358748929826e-05,0.014153915830374755,-1.3068736331236812,0.40393552792685533,0.9587118829771318,4.432266475263981e-09,1.029
2400.4830000000075,1.85135911931964e-05,0.014044995719540281,-1.3223870484001348,0.42846135000172564,0.9587118829771318,4.727270032823245e-09,1.029
2400.482000000309,1.860015663531313e-05,0.014090692639030167,-1.3129716834177785,0.41704272646121254,0.9587118829771318,4.628252559048804e-09,1.029
2400.4830000000075,1.8524411131964828e-05,0.014044487140783003,-1.2956108610107289,0.4295452386225479,0.9587118829771318,4.693234054703004e-09,1.029
2400.4830000000075,1.875164114282746e-05,0.014192050088492688,-1.3154067473244249,0.40500206988512605,0.9587118829771318,4.496217638596159e-09,1.029
2400.4830000000075,1.85352335816983e-05,0.014048046805432361,-1.291562628865109,0.42713999132065933,0.9587118829771318,4.634437446105476e-09,1.029
2400.4830000000075,1.870835777802868e-05,0.014153915830374755,-1.3068736331236812,0.40393552792685533,0.9587118829771318,4.432265244977971e-09,1.029
2400.4830000000075,1.861097364809452e-05,0.01409424063394755,-1.3089733706682578,0.414669427639291,0.9587118829771318,4.569454892201342e-09,1.029
2400.4830000000075,1.861097404421486e-05,0.01409424063394755,-1.3089733706682578,0.414669427639291,0.9587118829771318,4.569453503005432e-09,1.029
2400.4830000000075,1.8708357194507453e-05,0.014153915830374755,-1.3068736331236812,0.40393552792685533,0.9587118829771318,4.432271564498551e-09,1.029
2400.4830000000075,1.8610975936231663e-05,0.01409424063394755,-1.3089733706682578,0.414669427639291,0.9587118829771318,4.569455058152341e-09,1.028
2400.4830000000075,1.8719178188084135e-05,0.014174423646634998,-1.3115862456019753,0.4113384498252478,0.9587118829771318,4.542636499253688e-09,1.028
2400.4830000000075,1.8751639048977426e-05,0.014192050088492688,-1.3154067473244249,0.40500206988512605,0.9587118829771318,4.49621892422366e-09,1.028
2400.4830000000075,1.8567694485064143e-05,0.014065323790561392,-1.2876021514948266,0.4245256212718331,0.9587118829771318,4.633405135336993e-09,1.028
2400.4830000000075,1.8610974656545023e-05,0.01409424063394755,-1.3089733706682578,0.414669427639291,0.9587118829771318,4.569454140925787e-09,1.028
2400.4830000000075,1.8654256136364757e-05,0.014149709739577186,-1.3256707313787703,0.425201820467132,0.9587118829771318,4.8025663723673765e-09,1.028
2400.4819999998435,1.877328190907614e-05,0.014205297469270952,-1.2992255542097717,0.4072111352735499,0.9587118829771318,4.448777875946933e-09,1.028
2400.482000000309,1.8654258808279157e-05,0.014132704388521412,-1.3173282527219747,0.41550668517093775,0.9587118829771318,4.6334068007232824e-09,1.028
2400.4830000000075,1.8610974919973527e-05,0.01409424063394755,-1.3089733706682578,0.414669427639291,0.9587118829771318,4.569454761701876e-09,1.028
2400.4819999998435,1.8751640968623786e-05,0.014192050088492688,-1.3154067473244249,0.40500206988512605,0.9587118829771318,4.496221648465287e-09,1.028
2400.4830000000075,1.8816561288258233e-05,0.014242959831506379,-1.3077715511914845,0.4084541692237898,0.9587118829771318,4.5127224687719645e-09,1.028
2400.4830000000075,1.864343794325388e-05,0.01414886837137427,-1.3120646266699345,0.4343225448216305,0.9587118829771318,4.844859276697215e-09,1.028
2400.4819999998435,1.8686720006211093e-05,0.014149709739577186,-1.297524760694049,0.4153702331324025,0.9587118829771318,4.533357427115557e-09,1.028
2400.4830000000075,1.8838202935416774e-05,0.014247472624661387,-1.3171209227716825,0.39708690621334614,0.9587118829771318,4.4116389165976635e-09,1.028
2400.4819999998435,1.8589337482771066e-05,0.01410724231429678,-1.3078560895039837,0.43583586338097696,0.9587118829771318,4.839699770888722e-09,1.028
2400.4830000000075,1.8849022356374634e-05,0.014267512213483616,-1.3216554543098231,0.40459855221621965,0.9587118829771318,4.522008704365994e-09,1.028
2400.4830000000075,1.8632615360044313e-05,0.014127649351200477,-1.285185194524893,0.4306884652343259,0.9587118829771318,4.699417935797073e-09,1.028
2400.4830000000075,1.8665078462233735e-05,0.014153242939845436,-1.321810931654822,0.42286180721106353,0.9587118829771318,4.743772577920148e-09,1.028
2400.4830000000075,1.8740818667177347e-05,0.01420781139943462,-1.3103174882325594,0.4238526195558779,0.9587118829771318,4.7076721667338386e-09,1.028
2400.4830000000075,1.868671918196806e-05,0.014149709739577186,-1.297524760694049,0.4153702331324025,0.9587118829771318,4.533348980775445e-09,1.028
2400.4830000000075,1.8849022253352154e-05,0.014267512213483616,-1.3216554543098231,0.40459855221621965,0.9587118829771318,4.5220057384513965e-09,1.028
2400.4830000000075,1.8610972826199642e-05,0.01409424063394755,-1.3089733706682578,0.414669427639291,0.9587118829771318,4.56945196869731e-09,1.028
2400.4830000000075,1.8762458811185307e-05,0.014212335353152758,-1.3199452614108222,0.412442103369423,0.9587118829771318,4.606583022535421e-09,1.028
2400.4830000000075,1.8838201747212288e-05,0.014247472624661387,-1.3171209227716825,0.39708690621334614,0.9587118829771318,4.411635830306528e-09,1.028
2400.4830000000075,1.858933426214524e-05,0.014076999139088695,-1.2539719411296235,0.4313864993493925,0.9587118829771318,4.633405455391438e-09,1.028
2400.482000000309,1.8762461672688168e-05,0.014212335353152758,-1.3199452614108222,0.412442103369423,0.9587118829771318,4.606591513988248e-09,1.028
2400.482000000309,1.8719180898872415e-05,0.014183155670086402,-1.2988180055749374,0.42215428940241323,0.9587118829771318,4.670544283211295e-09,1.028
2400.4830000000075,1.8578514691394038e-05,0.014086636693452887,-1.3034636235649142,0.4285327263080388,0.9587118829771318,4.729332502666381e-09,1.028
2400.4830000000075,1.8643435192660213e-05,0.01414886837137427,-1.3120646266699345,0.4343225448216305,0.9587118829771318,4.844854784038922e-09,1.028
2400.4830000000075,1.8621794545208022e-05,0.01411500383752454,-1.3136263498835796,0.4219846530347125,0.9587118829771318,4.679822160091802e-09,1.027
2400.4830000000075,1.8784099504228867e-05,0.014225396471167483,-1.3037349096683504,0.414686006528706,0.9587118829771318,4.559143760726705e-09,1.027
2400.4830000000075,1.8729995197596962e-05,0.014171399769555943,-1.3126190039361278,0.40178201814136144,0.9587118829771318,4.428139155321271e-09,1.027
2400.4830000000075,1.8838202935414382e-05,0.014247472624661387,-1.3171209227716825,0.39708690621334614,0.9587118829771318,4.4116389165978934e-09,1.027
2400.4830000000075,1.8751637186941757e-05,0.014208816846960728,-1.3230230189331553,0.4146255072488023,0.9587118829771318,4.659190569223132e-09,1.027
2400.482000000309,1.873000153269897e-05,0.014187687485650219,-1.3059801038958367,0.41641439516064493,0.9587118829771318,4.597306494041719e-09,1.027
2400.4819999998435,1.880574288120144e-05,0.014229914834266427,-1.3132060559320828,0.4032985589913164,0.9587118829771318,4.458061180808936e-09,1.027
2400.4830000000075,1.8751640124707273e-05,0.014192050088492688,-1.3154067473244249,0.40500206988512605,0.9587118829771318,4.4962183878542005e-09,1.027
2400.4819999998435,1.8751641426630493e-05,0.014192050088492688,-1.3154067473244249,0.40500206988512605,0.9587118829771318,4.496228651893699e-09,1.027
2400.482000000309,1.8805742967915164e-05,0.014229914834266427,-1.3132060559320828,0.4032985589913164,0.9587118829771318,4.458058427313908e-09,1.027
2400.4830000000075,1.8740816944624115e-05,0.01420781139943462,-1.3103174882325594,0.4238526195558779,0.9587118829771318,4.707671357182728e-09,1.027
2400.4830000000075,1.7896832733313338e-05,0.013627702877384918,-1.1339653379009047,0.5251457585158938,0.9587118829771318,5.495720183981133e-09,1.027
2400.4830000000075,1.8546052138299457e-05,0.014088664812198354,-1.2535371154906343,0.4654740320264006,0.9587118829771318,5.122326298714557e-09,1.027
2400.4830000000075,1.863261663254312e-05,0.014124109748599236,-1.2640643781716663,0.44250036207483956,0.9587118829771318,4.862398446858676e-09,1.027
2400.4830000000075,1.8621793061020463e-05,0.01412849198302089,-1.2594572509516146,0.45316589992223405,0.9587118829771318,4.972764813300179e-09,1.027
2400.4830000000075,1.8708357394625028e-05,0.014190204535590894,-1.2691252696584985,0.4455960680620604,0.9587118829771318,4.900555934203858e-09,1.027
2400.4830000000075,1.8621796125466e-05,0.01412849198302089,-1.2594572509516146,0.45316589992223405,0.9587118829771318,4.972761829258035e-09,1.027
2400.4830000000075,1.8632616530452444e-05,0.014124109748599236,-1.2640643781716663,0.44250036207483956,0.9587118829771318,4.862394459013124e-09,1.027
2400.4830000000075,1.8686718091555504e-05,0.014175095531718071,-1.266135164851151,0.44968098675933094,0.9587118829771318,4.9748251950856286e-09,1.027
2400.4830000000075,1.8621794631055076e-05,0.01412849198302089,-1.2594572509516146,0.45316589992223405,0.9587118829771318,4.9727622382505136e-09,1.027
2400.482000000309,1.8513593534082197e-05,0.014043978543608376,-1.2911459000505416,0.4387718225167897,0.9587118829771318,4.7767844949767814e-09,1.027
2400.4819999998435,1.8481133705903365e-05,0.014012749296877562,-1.3145124587006043,0.42506959814600315,0.9587118829771318,4.6416584448760485e-09,1.027
2400.4830000000075,1.8513590008499784e-05,0.014043978543608376,-1.2911459000505416,0.4387718225167897,0.9587118829771318,4.776781248671421e-09,1.027
2400.4830000000075,1.8578511867431935e-05,0.014090692639030154,-1.297641238925745,0.43534973872658533,0.9587118829771318,4.778843424079583e-09,1.027
2400.4830000000075,1.86867180915552e-05,0.014175095531718071,-1.266135164851151,0.44968098675933094,0.9587118829771318,4.974825195086698e-09,1.027
2400.4819999998435,1.858933752999347e-05,0.01408663669345287,-1.3022148376332565,0.42459623540409897,0.9587118829771318,4.668474168772568e-09,1.027
2400.482000000309,1.8697539211426093e-05,0.014170895727309759,-1.2707919284742082,0.43902284243945494,0.9587118829771318,4.864460117126229e-09,1.027
2400.482000000309,1.8513594385410422e-05,0.014043978543608376,-1.2911459000505416,0.4387718225167897,0.9587118829771318,4.7767828388207895e-09,1.026
2400.4819999998435,1.858933614282879e-05,0.01408663669345287,-1.3022148376332565,0.42459623540409897,0.9587118829771318,4.668483042544321e-09,1.027
2400.4819999998435,1.8524416031907266e-05,0.014039739517323131,-1.29566989468008,0.42800959334876737,0.9587118829771318,4.66641437089478e-09,1.026
2400.4830000000075,1.8556872755743658e-05,0.014072431678048135,-1.2430925945627986,0.45499413465134664,0.9587118829771318,4.974822700781754e-09,1.026
2400.4830000000075,1.857851185455408e-05,0.014090692639030154,-1.297641238925745,0.43534973872658533,0.9587118829771318,4.778842091060334e-09,1.026
2400.4830000000075,1.857851367576255e-05,0.014090692639030154,-1.297641238925745,0.43534973872658533,0.9587118829771318,4.778842489393942e-09,1.026
2400.4830000000075,1.8524413539516572e-05,0.014039739517323131,-1.29566989468008,0.42800959334876737,0.9587118829771318,4.666409429310359e-09,1.026
2400.4819999998435,1.8610977638565754e-05,0.014107917398869789,-1.3101855281544552,0.42376236152620944,0.9587118829771318,4.682922003423879e-09,1.026
2400.467000000179,1.8870839669166974e-05,0.014261503293498736,-1.3129051713839486,0.39009162176789447,0.9587118829771318,4.309515711721791e-09,1.026
2400.4850000003353,1.867585114834243e-05,0.014172575798417991,-1.2960581440068624,0.4420535196834262,0.9587118829771318,4.959418953909678e-09,1.026
2400.4830000000075,1.8665074170870738e-05,0.014165518160727596,-1.3129150404573047,0.43735417276921146,0.9587118829771318,4.900558821415463e-09,1.026
2400.4830000000075,1.8784098502023305e-05,0.014224894342230392,-1.295472597971558,0.41877338537597747,0.9587118829771318,4.66847336027171e-09,1.026
2400.4830000000075,1.861097362234197e-05,0.014107917398869789,-1.3101855281544552,0.42376236152620944,0.9587118829771318,4.682917613874286e-09,1.026
2400.4830000000075,1.8610974044220914e-05,0.014094240633947566,-1.3089733706682256,0.41466942763931874,0.9587118829771318,4.569453503005324e-09,1.026
2400.4830000000075,1.8610974349015614e-05,0.014094240633947566,-1.3089733706682256,0.41466942763931874,0.9587118829771318,4.569451391354333e-09,1.026
2400.4830000000075,1.8816561039267213e-05,0.014248976571436015,-1.3289769535991531,0.4041570611254239,0.9587118829771318,4.494153734180329e-09,1.026
2400.4830000000075,1.863261493535777e-05,0.014152401781693278,-1.3251144100499335,0.4385315257183292,0.9587118829771318,4.953164080253337e-09,1.026
2400.4830000000075,1.8654255676860527e-05,0.014132704388521428,-1.3173282527220067,0.41550668517086115,0.9587118829771318,4.633403103310839e-09,1.026
2400.4830000000075,1.8621793852480842e-05,0.014115003837524563,-1.313626349883617,0.4219846530346342,0.9587118829771318,4.679820054098181e-09,1.026
2400.4830000000075,1.870835718591163e-05,0.014167366929471584,-1.308143679191484,0.41306949733840154,0.9587118829771318,4.545725712048796e-09,1.026
2400.4830000000075,1.8697537620787418e-05,0.014196243634614478,-1.3380994387954355,0.4283798572463501,0.9587118829771318,4.8376383860817066e-09,1.026
2400.4819999998435,1.8610977752910947e-05,0.014107917398869789,-1.3101855281544552,0.42376236152620944,0.9587118829771318,4.682924425750407e-09,1.026
2400.4580000001006,1.8827623085315817e-05,0.01425699494149815,-1.320604337658948,0.4083060897840677,0.9587118829771318,4.571687097296442e-09,1.026
2400.4830000000075,1.8632615626207053e-05,0.014133546718964123,-1.3052088646805216,0.433943834641686,0.9587118829771318,4.814945551763553e-09,1.026
2400.482000000309,1.8740821140525347e-05,0.0141794620087344,-1.3125281076220487,0.3992313981202286,0.9587118829771318,4.34460095227858e-09,1.026
2400.482000000309,1.8600156635301136e-05,0.014108929965164031,-1.2981565968161377,0.438757177781444,0.9587118829771318,4.902626243377959e-09,1.026
2400.482000000309,1.8773281627695046e-05,0.014242792663559418,-1.3074890424832937,0.43286689990741506,0.9587118829771318,4.818043628203851e-09,1.025
2400.4830000000075,1.850277166280005e-05,0.014044487140782963,-1.3169543609098568,0.4373252933281738,0.9587118829771318,4.8789006523492376e-09,1.025
2400.4819999998435,1.8610977752908548e-05,0.014111461063027185,-1.3175655641110995,0.42434784035563916,0.9587118829771318,4.7386243026726905e-09,1.025
2400.482000000309,1.8654258344477953e-05,0.014132704388521428,-1.3173282527220067,0.41550668517086115,0.9587118829771318,4.633409933542018e-09,1.025
2400.4830000000075,1.8665076083952227e-05,0.01416652660995192,-1.322624491430259,0.431978477388422,0.9587118829771318,4.857234036845278e-09,1.025
2400.4830000000075,1.865425720194362e-05,0.014169047419001187,-1.3151946557473588,0.441223135200539,0.9587118829771318,4.94903890563276e-09,1.025
2400.482999999542,1.8838202870858284e-05,0.014260501560671135,-1.3182301177714537,0.40626814322264515,0.9587118829771318,4.525098767951249e-09,1.025
2400.4830000000075,1.8935585253492724e-05,0.014338426559092007,-1.3294210007485492,0.4062315681821326,0.9587118829771318,4.58802294513818e-09,1.025
2400.4830000000075,1.8827380911761756e-05,0.014295020778145734,-1.3243156283608621,0.4347256205147187,0.9587118829771318,4.9366562339028835e-09,1.025
2400.4819999998435,1.8838204029479484e-05,0.014276854395439168,-1.3248563242693623,0.41581452257208934,0.9587118829771318,4.6818895528510845e-09,1.025
2400.4819999998435,1.890312661695713e-05,0.014328293687665644,-1.3125370943013148,0.4233788003859221,0.9587118829771318,4.762345987194121e-09,1.025
2400.4830000000075,1.894640393778871e-05,0.014357841726653003,-1.3334417756358308,0.41382473317861224,0.9587118829771318,4.698389922559972e-09,1.025
2400.4830000000075,1.8913942976909573e-05,0.014333444074876698,-1.3197166458359253,0.4175554274993618,0.9587118829771318,4.68910658295184e-09,1.025
2400.4830000000075,1.883820165260919e-05,0.014260501560671135,-1.3182301177714537,0.40626814322264515,0.9587118829771318,4.525100535458249e-09,1.025
2400.4819999998435,1.87949225099387e-05,0.014268847185389552,-1.3000287216279456,0.44227459639378547,0.9587118829771318,4.9480144270142865e-09,1.025
2400.482000000309,1.8751641196607247e-05,0.014205297469270954,-1.3153544253305836,0.4151713986393486,0.9587118829771318,4.634444330255936e-09,1.025
2400.4830000000075,1.8838202883898187e-05,0.014286023806170684,-1.3210780754720806,0.42339041967543184,0.9587118829771318,4.7705938118647045e-09,1.025
2400.4830000000075,1.888148424834854e-05,0.01432297521633052,-1.3023206103428588,0.4347428753178828,0.9587118829771318,4.863425886845245e-09,1.025
2400.4830000000075,1.8816560846704135e-05,0.014274019022252225,-1.3103211779381971,0.4308653115910827,0.9587118829771318,4.846927828217404e-09,1.025
2400.4830000000075,1.892476396690555e-05,0.014352700094407292,-1.3235380254766165,0.42514776699607376,0.9587118829771318,4.799473496150036e-09,1.025
2400.4830000000075,1.8740816905981706e-05,0.014220709244920623,-1.3109463883030814,0.4330136270897572,0.9587118829771318,4.8211340546990356e-09,1.025
2400.4830000000075,1.8805740791402142e-05,0.014282856857085677,-1.30528010481806,0.44393322276945474,0.9587118829771318,4.96966595701425e-09,1.025
2400.4830000000075,1.8805741846604556e-05,0.014257996920692457,-1.2966015431764546,0.432106241698566,0.9587118829771318,4.825262305418898e-09,1.025
2400.4830000000075,1.882738107411523e-05,0.014295020778145734,-1.3243156283608621,0.4347256205147187,0.9587118829771318,4.9366578949018484e-09,1.025
2400.4830000000075,1.8784098287377564e-05,0.014245968519115098,-1.2913509182065679,0.4348353889020316,0.9587118829771318,4.8005043605595365e-09,1.025
2400.4830000000075,1.8849022098724155e-05,0.01430700793983408,-1.2858993682587627,0.4460607969162862,0.9587118829771318,4.9490366085959164e-09,1.025
2400.4830000000075,1.8849022317737368e-05,0.014302014510117736,-1.319203567560538,0.43056375310711414,0.9587118829771318,4.837641566626874e-09,1.025
2400.4830000000075,1.8881481835731603e-05,0.01432297521633052,-1.3023206103428588,0.4347428753178828,0.9587118829771318,4.8634232014079585e-09,1.025
2400.4830000000075,1.8849020230676992e-05,0.01428035613801598,-1.3225252271308297,0.41378454663707653,0.9587118829771318,4.635466511475918e-09,1.025
2400.4830000000075,1.8762460891377263e-05,0.014247472624661387,-1.3174028668619922,0.43830703356818784,0.9587118829771318,4.9222239069535735e-09,1.025
2400.4830000000075,1.8859841895514752e-05,0.014296852800529187,-1.2959184177370404,0.4292417458482612,0.9587118829771318,4.762336228473955e-09,1.025
2400.4830000000075,1.8924764646900245e-05,0.014352700094407292,-1.3235380254766165,0.42514776699607376,0.9587118829771318,4.799476867969371e-09,1.025
2400.4830000000075,1.8903121944539554e-05,0.014328293687665644,-1.3125370943013148,0.4233788003859221,0.9587118829771318,4.762339801306827e-09,1.024
2400.4819999998435,1.8924767119621888e-05,0.014352700094407292,-1.3235380254766165,0.42514776699607376,0.9587118829771318,4.799475244034823e-09,1.024
2400.4830000000075,1.8708357792229276e-05,0.01418970116132185,-1.2944289201473382,0.43610480261718765,0.9587118829771318,4.881989891613643e-09,1.024
2400.4830000000075,1.8924765612805288e-05,0.014352700094407292,-1.3235380254766165,0.42514776699607376,0.9587118829771318,4.799474210858248e-09,1.024
2400.438000000082,1.8881814702353053e-05,0.014315991724208919,-1.3154802658199283,0.42363175876027886,0.9587118829771318,4.735742200457845e-09,1.024
2400.4490000000224,1.8697860767846e-05,0.014189029967850904,-1.304941062580968,0.4356053701465059,0.9587118829771318,4.883250059948982e-09,1.024
2400.485999999568,1.868668059208691e-05,0.01416030669562934,-1.3138152877430644,0.4173745821434808,0.9587118829771318,4.644734656234048e-09,1.024
2400.4830000000075,1.878410032315455e-05,0.014252318107191221,-1.3274246312444822,0.42689934639862914,0.9587118829771318,4.82113776257978e-09,1.024
2400.4819999998435,1.8762462880408303e-05,0.014247472624661387,-1.3174028668619922,0.43830703356818784,0.9587118829771318,4.92221814511637e-09,1.024
2400.4830000000075,1.88814825994815e-05,0.014352368312946619,-1.3195183021946484,0.44618742084983387,0.9587118829771318,5.104791542870858e-09,1.024
2400.4830000000075,1.864343510235207e-05,0.01414264069098432,-1.3205370406027288,0.42707890194927883,0.9587118829771318,4.7809066680954965e-09,1.024
2400.4830000000075,1.884902212448041e-05,0.01430600939332502,-1.2963245466565547,0.4410803784008917,0.9587118829771318,4.9490363065754086e-09,1.024
2400.482000000775,1.87191795914681e-05,0.014194734100731677,-1.3258239910361236,0.42072443905239043,0.9587118829771318,4.76750417357065e-09,1.024
2400.482000000775,1.876246246040816e-05,0.014247472624661387,-1.3174028668619922,0.43830703356818784,0.9587118829771318,4.922228025805404e-09,1.024
2400.4830000000075,1.8816561099365017e-05,0.014272017243209718,-1.3150344857789755,0.42719094668704605,0.9587118829771318,4.782967767009921e-09,1.024
2400.4819999998435,1.883820325292904e-05,0.014298518071731011,-1.3214550884875949,0.4325864857148441,0.9587118829771318,4.884061719853987e-09,1.024
2280.457999999635,1.875562687134714e-05,0.013601857458295476,-1.1871496409074036,0.5022150484666534,0.934068055375491,5.741223406135113e-09,1.024
2280.458999999799,1.8586486389882365e-05,0.013461348176792736,-1.1842945035937016,0.4883611177112863,0.9709505944546686,5.507927138700701e-09,1.024
2280.45900000073,1.878694830698512e-05,0.013612204276426234,-1.2031140293867726,0.4893395907797791,0.9709505944546686,5.6344541477199794e-09,1.024
2280.458999999799,1.8736831681024547e-05,0.013601373769625311,-1.135509181870884,0.5249743122438845,0.934068055375491,5.974500967904637e-09,1.024
2280.458999999799,1.840481759563031e-05,0.013368856188525345,-1.1876850417863163,0.5156677902544053,0.934068055375491,5.899376987944878e-09,1.024
2280.457999999635,1.8786949899259995e-05,0.013612204276426234,-1.2031140293867726,0.4893395907797791,0.9709505944546686,5.634456024978706e-09,1.024
2280.458999999799,1.8624071449133556e-05,0.013515196125687134,-1.174477247187302,0.5100792322964377,0.9709505944546686,5.840065931133502e-09,1.024
2280.457999999635,1.8755627826831314e-05,0.013601857458295476,-1.1871496409074036,0.5022150484666534,0.934068055375491,5.741218736418385e-09,1.024
2280.4580000005662,1.8567695080278918e-05,0.013490347426371558,-1.1797261651668047,0.5194426185005251,0.934068055375491,5.931009917563945e-09,1.024
2280.457999999635,1.870551263839892e-05,0.013560391237951606,-1.1967002151215345,0.49522455948527566,0.9709505944546686,5.670042161485847e-09,1.024
2280.4580000005662,1.8774420413198856e-05,0.013578136450694665,-1.1994982560885514,0.4717069684936588,0.9709505944546686,5.381402727059672e-09,1.024
2280.458999999799,1.8818271470108713e-05,0.013655922177806755,-1.12112112434805,0.5284871214160914,0.934068055375491,6.017992392655523e-09,1.024
2280.4580000005662,1.869298384268191e-05,0.013556509409446813,-1.198979270956577,0.4976077059927607,0.9709505944546686,5.725398219123609e-09,1.024
2280.458999999799,1.859901697863566e-05,0.013469165566308507,-1.1890710376735676,0.48649177935407645,0.9709505944546686,5.507930083865322e-09,1.024
2280.458999999799,1.8586486580212765e-05,0.013496490771970834,-1.198340497153028,0.5088568638627601,0.9709505944546686,5.879607094059819e-09,1.024
2280.4580000005662,1.877442148110178e-05,0.013624571456321838,-1.1504967075026378,0.5185931255399554,0.934068055375491,5.990318217326361e-09,1.023
2280.458999999799,1.8674186641684202e-05,0.013504287818085154,-1.1926084299289668,0.4711011805731585,0.9709505944546686,5.341855622560486e-09,1.023
2280.45900000073,1.8755626181457607e-05,0.013601857458295476,-1.1871496409074036,0.5022150484666534,0.934068055375491,5.74121424508114e-09,1.023
2280.458999999799,1.8611544862514697e-05,0.013504287818085162,-1.1928352011923355,0.5038584271324529,0.9709505944546686,5.760984601549294e-09,1.023
2280.4580000005662,1.863660415868119e-05,0.013499610130822645,-1.2325860644574202,0.4739493491235851,0.9709505944546686,5.389312067905464e-09,1.023
2280.458999999799,1.8755626886880347e-05,0.013601857458295476,-1.1871496409074036,0.5022150484666534,0.934068055375491,5.741213204739302e-09,1.023
2280.457999999635,1.875562618726104e-05,0.013601857458295476,-1.1871496409074036,0.5022150484666534,0.934068055375491,5.741225897923308e-09,1.023
2280.4580000005662,1.878695025673148e-05,0.013612204276426234,-1.2031140293867726,0.4893395907797791,0.9709505944546686,5.634457673145907e-09,1.023
2280.458999999799,1.8730569958026337e-05,0.013574744351571605,-1.1759158071372402,0.49914266217914155,0.9709505944546686,5.685856517116217e-09,1.023
2280.457999999635,1.873683463254526e-05,0.01357736118846752,-1.1813958990156466,0.4954507106013031,0.934068055375491,5.61864449534815e-09,1.023
2280.458999999799,1.8830799221654113e-05,0.01365322402642643,-1.1952251879975226,0.49503495908089834,0.934068055375491,5.646316312511193e-09,1.023
2280.457999999635,1.8755626651426848e-05,0.013601857458295476,-1.1871496409074036,0.5022150484666534,0.934068055375491,5.7412143757207994e-09,1.023
2280.457999999635,1.878068541919979e-05,0.01359527781795455,-1.201002143204597,0.4802372996984458,0.9709505944546686,5.503978251980274e-09,1.023
2280.4580000005662,1.86616617280511e-05,0.013546314317147168,-1.182883267834336,0.5105526136142186,0.934068055375491,5.832163441159787e-09,1.023
2280.4580000005662,1.870551374449175e-05,0.013560391237951606,-1.1967002151215345,0.49522455948527566,0.9709505944546686,5.670041127157547e-09,1.023
2280.4580000005662,1.8730569510349143e-05,0.013574744351571605,-1.1759158071372402,0.49914266217914155,0.9709505944546686,5.685861248639298e-09,1.023
2280.4580000005662,1.853637363780033e-05,0.013465257438858534,-1.1841941803484073,0.5156540666521376,0.934068055375491,5.927059510680074e-09,1.023
2280.458999999799,1.8674188247019394e-05,0.013531542099071576,-1.1930088161139234,0.4909564706742399,0.9709505944546686,5.602820976697929e-09,1.023
2280.457999999635,1.8674189937682825e-05,0.013550199066317846,-1.1806474379712186,0.5081603284735359,0.934068055375491,5.776803670598764e-09,1.023
2280.45900000073,1.87305677640455e-05,0.0135603912379516,-1.1792568233542406,0.486359553561595,0.934068055375491,5.4881554159480116e-09,1.023
2280.457999999635,1.867418994811747e-05,0.0135354310879573,-1.1999249569417347,0.4911064604355961,0.9709505944546686,5.658183243819881e-09,1.023
2280.458999999799,1.876188970628136e-05,0.013612977554331588,-1.1388450524798965,0.5203156870439885,0.934068055375491,5.934961675636798e-09,1.023
2280.106000000611,1.8695834871275512e-05,0.013556509409446813,-1.198979270956577,0.4976077059927607,0.9709505944546686,5.727278324718692e-09,1.023
2280.1019999999553,1.8702067559162083e-05,0.01354320571551028,-1.1945098732120365,0.48617902430536264,0.9709505944546686,5.54145539217915e-09,1.023
2280.105000000447,1.8639508419118277e-05,0.013504287818085155,-1.174935910787419,0.49488247283091175,0.934068055375491,5.580759943696834e-09,1.023
2280.0989999994636,1.86646327386805e-05,0.013546314317147168,-1.182883267834336,0.5105526136142186,0.934068055375491,5.833992452446348e-09,1.023
2280.0930000003427,1.8789909452509513e-05,0.013612204276426234,-1.2031140293867726,0.4893395907797791,0.9709505944546686,5.636429563539888e-09,1.023
2280.095999999903,1.8614489857314622e-05,0.013504287818085162,-1.1928352011923355,0.5038584271324529,0.9709505944546686,5.762944040401353e-09,1.023
2280.162000000477,1.867035122368102e-05,0.013514125163967043,-1.190586642683162,0.48193784064360085,0.9709505944546686,5.473769229503646e-09,1.023
2280.1619999995455,1.854504492648737e-05,0.013423859355639833,-1.1747207046117443,0.4866689141977701,0.9709505944546686,5.426309509923423e-09,1.023
2280.162000000477,1.8783126748368213e-05,0.013618872354586668,-1.1578516873810734,0.5099364735861117,0.934068055375491,5.892994750290356e-09,1.023
2280.1619999995455,1.855757782227689e-05,0.013471216879351492,-1.2034741615598055,0.5052162595635664,0.934068055375491,5.8850864261208265e-09,1.022
2280.1629999997094,1.8826983119251246e-05,0.013651585602913782,-1.1586337169152459,0.5115693797105445,0.934068055375491,5.896951886162097e-09,1.022
2280.1619999995455,1.8651555682914686e-05,0.013523760766264544,-1.1999982467776509,0.4961879231130566,0.934068055375491,5.738760401619331e-09,1.022
2280.162000000477,1.8664086594651676e-05,0.013546314317147168,-1.182883267834336,0.5105526136142186,0.934068055375491,5.833670899230685e-09,1.022
2280.162000000477,1.868288264614972e-05,0.013560779359686675,-1.1322015124733378,0.5267894035976358,0.934068055375491,5.972099746459178e-09,1.022
2280.1619999995455,1.8676616455552067e-05,0.013550199066317846,-1.1806474379712186,0.5081603284735359,0.934068055375491,5.778304694749111e-09,1.022
2280.1619999995455,1.8733003237440333e-05,0.0135603912379516,-1.1792568233542406,0.486359553561595,0.934068055375491,5.489585458592024e-09,1.022
2280.162000000477,1.8789390928338972e-05,0.013612204276426234,-1.2031140293867726,0.4893395907797791,0.9709505944546686,5.635919234039477e-09,1.022
2280.162000000477,1.8733001877010552e-05,0.01357590745246498,-1.203994249775249,0.4896580733527584,0.9709505944546686,5.679428121187754e-09,1.022
2280.162000000477,1.8783125149116367e-05,0.01359527781795455,-1.201002143204597,0.4802372996984458,0.9709505944546686,5.5054096181508285e-09,1.022
2280.162000000477,1.8770594284992875e-05,0.013587532985482605,-1.1971709298103268,0.48256959351564155,0.9709505944546686,5.5133149669929365e-09,1.022
2280.162000000477,1.861396514847244e-05,0.013504287818085162,-1.1928352011923355,0.5038584271324529,0.9709505944546686,5.762482413668006e-09,1.022
2280.162000000477,1.869541240592903e-05,0.013556509409446813,-1.198979270956577,0.4976077059927607,0.9709505944546686,5.72688732233896e-09,1.022
2280.162000000477,1.877059470868511e-05,0.013587532985482605,-1.1971709298103268,0.48256959351564155,0.9709505944546686,5.513317582584598e-09,1.022
2280.1619999995455,1.8726739123643864e-05,0.013574259696785948,-1.207582802977764,0.48911851026054354,0.934068055375491,5.643836141335669e-09,1.022
2280.1619999995455,1.8632759796869295e-05,0.013509840468106321,-1.1877538890897636,0.49747177854250924,0.9709505944546686,5.592420279838562e-09,1.022
2280.162000000477,1.873926857847402e-05,0.01360446907995186,-1.17035374659879,0.5165392760751352,0.934068055375491,6.023519047817173e-09,1.022
2280.1619999995455,1.8852041752218346e-05,0.01363229524637026,-1.152280261888826,0.4862568381139003,0.934068055375491,5.5251806344886566e-09,1.022
2280.1619999995455,1.8776859398635132e-05,0.0136160702267964,-1.15959064033114,0.5091807559774685,0.934068055375491,5.809949816641116e-09,1.022
2280.1630000006407,1.8714206673147513e-05,0.013542428453606516,-1.1479865224855335,0.4943422617201136,0.934068055375491,5.604278290658094e-09,1.022
2280.1629999997094,1.8783124562676498e-05,0.013637795778065053,-1.1693916133036724,0.517588467979084,0.934068055375491,6.011648711372243e-09,1.022
2280.1619999995455,1.8971083670863656e-05,0.013745812759566127,-1.1710219230963685,0.5003971719479392,0.934068055375491,5.774345949204893e-09,1.022
2280.1629999997094,1.8820714454857203e-05,0.013645512082732502,-1.191400768334325,0.49736621275743254,0.934068055375491,5.655693511189905e-09,1.022
2280.162000000477,1.8689147419625115e-05,0.013535431087957307,-1.1906738708602325,0.48855956351233026,0.9709505944546686,5.548908623051497e-09,1.022
2280.162000000477,1.8870838051517075e-05,0.013680181593131401,-1.2127842751706672,0.49125082344241094,0.9709505944546686,5.671516902977709e-09,1.022
2280.162000000477,1.857010724879958e-05,0.013479028545348297,-1.2082188057837977,0.5033354404274416,0.934068055375491,5.885088147782219e-09,1.022
2280.162000000477,1.858263813248602e-05,0.013494248287403948,-1.1766448324736192,0.5168646476457451,0.934068055375491,5.869267324790521e-09,1.022
2280.1629999997094,1.8801919662212858e-05,0.013609110725423635,-1.1502596277120285,0.49616605548062914,0.934068055375491,5.643828810294274e-09,1.022
2280.162000000477,1.8557577926678626e-05,0.013467309347179561,-1.1964446044478962,0.5050815425438039,0.934068055375491,5.829715677343982e-09,1.022
2280.1619999995455,1.8476131062152146e-05,0.013414348170600904,-1.1907558835655279,0.5119149931689859,0.934068055375491,5.865309202152201e-09,1.022
2280.162000000477,1.877059504390553e-05,0.013583658913329752,-1.1515637576863353,0.4924992907934776,0.934068055375491,5.608238582964379e-09,1.022
2280.1619999995455,1.8563842150863895e-05,0.013453526244856805,-1.1916319470778978,0.49369475033893845,0.934068055375491,5.643834091886046e-09,1.022
2280.1619999995455,1.870794195400277e-05,0.013552626469084323,-1.1459164032210736,0.5050241520616359,0.934068055375491,5.734801799722617e-09,1.021
2280.1619999995455,1.868914774479499e-05,0.013535431087957307,-1.1906738708602325,0.48855956351233026,0.9709505944546686,5.548915737782316e-09,1.021
2280.1619999995455,1.883324369941513e-05,0.01364204028574514,-1.1612727885322582,0.5008473104027256,0.934068055375491,5.766438963085676e-09,1.021
2280.1619999995455,1.8733003064962202e-05,0.0135603912379516,-1.1792568233542406,0.486359553561595,0.934068055375491,5.489587823067639e-09,1.021
2280.1619999995455,1.8820716642199433e-05,0.013626599374983998,-1.2015319355254868,0.480086772448107,0.9709505944546686,5.4579529825364106e-09,1.021
2280.1629999997094,1.890842752306454e-05,0.013703245869808348,-1.165356544762085,0.5056284968879634,0.934068055375491,5.861355305173987e-09,1.021
2280.162000000477,1.8639023184093638e-05,0.013504287818085155,-1.174935910787419,0.49488247283091175,0.934068055375491,5.580550877200812e-09,1.021
2280.1619999995455,1.8852042539205463e-05,0.01368239360407527,-1.1732682732860693,0.5138590871110433,0.934068055375491,5.999786881677837e-09,1.021
2280.162000000477,1.8582637625021206e-05,0.013494248287403948,-1.1766448324736192,0.5168646476457451,0.934068055375491,5.869273070285859e-09,1.021
2280.162000000477,1.8689149437036693e-05,0.013539318959782859,-1.1968407675408956,0.4885699944873226,0.9709505944546686,5.596375573028565e-09,1.021
2280.162000000477,1.8689146304637808e-05,0.01355097588251193,-1.134888974806641,0.5160807801180848,0.934068055375491,5.841587692086843e-09,1.021
2280.1619999995455,1.8639027068800752e-05,0.013515974953637917,-1.1929811268864003,0.49816853610883116,0.9709505944546686,5.707110248885892e-09,1.021
2280.1619999995455,1.8707944499234234e-05,0.013560391237951606,-1.1967002151215345,0.49522455948527566,0.9709505944546686,5.671514922142879e-09,1.021
2280.1629999997094,1.866408490544365e-05,0.013546314317147168,-1.182883267834336,0.5105526136142186,0.934068055375491,5.833669907980239e-09,1.021
2280.1619999995455,1.8695413686213415e-05,0.013556509409446813,-1.198979270956577,0.4976077059927607,0.9709505944546686,5.726882989585246e-09,1.021
2280.1619999995455,1.876432884982806e-05,0.013612977554331588,-1.1388450524798965,0.5203156870439885,0.934068055375491,5.93650864622086e-09,1.021
2280.1629999997094,1.8645288422871454e-05,0.013525414674059402,-1.1460365749139951,0.5175371156819638,0.934068055375491,5.9167257519193316e-09,1.021
2280.1619999995455,1.8852042169868073e-05,0.013655440404160446,-1.2069468944689479,0.48454844482030185,0.9709505944546686,5.5489104343050595e-09,1.021
2280.162000000477,1.8770595634116053e-05,0.013599535595786026,-1.1345175171066413,0.5090456950913032,0.934068055375491,5.7506171471143706e-09,1.021
2280.1619999995455,1.8695412949437194e-05,0.0135840463702636,-1.1634164448858488,0.5278666275644596,0.934068055375491,6.1777604383934406e-09,1.021
2280.1629999997094,1.8902162281531122e-05,0.013701613427852723,-1.168205052562078,0.5040267314432905,0.934068055375491,5.802029822282703e-09,1.021
2280.1629999997094,1.8820714617611305e-05,0.013645512082732502,-1.191400768334325,0.49736621275743254,0.934068055375491,5.655696133343202e-09,1.021
2280.1630000006407,1.880818604514297e-05,0.01363046124253354,-1.1587449778199888,0.5050344642584769,0.934068055375491,5.821803961957881e-09,1.021
2280.1629999997094,1.8545044247572555e-05,0.01348254231843607,-1.185967476559307,0.5246116098072429,0.934068055375491,6.0591078458322616e-09,1.021
2280.1619999995455,1.8707943331857414e-05,0.01358792033194805,-1.1596104037112724,0.5251774930272494,0.934068055375491,6.1065701705571265e-09,1.021
2280.1619999995455,1.8676616413801223e-05,0.013531542099071576,-1.1930088161139234,0.4909564706742399,0.9709505944546686,5.6042834812488845e-09,1.021
2280.1630000006407,1.8877102874418283e-05,0.013670848739678033,-1.215337376306958,0.4804674029066976,0.9709505944546686,5.540999739419279e-09,1.021
2280.1619999995455,1.890843038546969e-05,0.013703245869808348,-1.165356544762085,0.5056284968879634,0.934068055375491,5.861358072015266e-09,1.021
2280.162000000477,1.867661568560795e-05,0.013531542099071576,-1.1930088161139234,0.4909564706742399,0.9709505944546686,5.604281240349291e-09,1.02
2280.1629999997094,1.9353257896764134e-05,0.014033324998955663,-1.221130400484461,0.4913504625045863,0.934068055375491,5.8653101567656926e-09,1.02
2280.1619999995455,1.863902428345654e-05,0.013523760766264535,-1.2020559658988135,0.5049301008859051,0.934068055375491,5.84158325183969e-09,1.02
2280.1630000006407,1.8664084863669233e-05,0.013531542099071538,-1.221386102669325,0.49106409906657505,0.934068055375491,5.683379093433009e-09,1.02
2280.1619999995455,1.8607698985013167e-05,0.01349268807832396,-1.1941295040156257,0.5005941415065839,0.934068055375491,5.734799280917267e-09,1.02
2280.1619999995455,1.860769966015944e-05,0.01349268807832396,-1.1941295040156257,0.5005941415065839,0.934068055375491,5.734795310516095e-09,1.02
2280.162000000477,1.8758063434758256e-05,0.013608820668963153,-1.2158078808401898,0.49820912586521815,0.934068055375491,5.77434755254811e-09,1.02
2503.7529999995604,1.8194959827242245e-05,0.013539550446555448,-1.1569945958645786,0.49687274750564253,4.42012493172708,5.6459834669400785e-09,1.023
2513.7680000001565,1.819207704609117e-05,0.013585790561438882,-1.1522177406505696,0.49532950609321813,4.432564641597935,5.603893175081146e-09,1.023
2523.7830000007525,1.8138582899665542e-05,0.01359888255060899,-1.1590939193681398,0.4924207721156651,4.4330349552565185,5.5371054033996005e-09,1.023
2523.7830000007525,1.8138582899665542e-05,0.01359888255060899,-1.1590939193681398,0.4924207721156651,4.4330349552565185,5.5371054033996005e-09,1.023
2523.7830000007525,1.8138582899665542e-05,0.01359888255060899,-1.1590939193681398,0.4924207721156651,4.4330349552565185,5.5371054033996005e-09,1.023
2473.707999999635,1.9498218007819857e-05,0.014389268503318607,-1.1718366951625427,0.5203600371318202,4.383827471389236,6.596820386826654e-09,1.027
2473.707999999635,1.9498218007819857e-05,0.014389268503318607,-1.1718366951625427,0.5203600371318202,4.383827471389236,6.596820386826654e-09,1.027
2540.975000000559,1.8396351881987647e-05,0.013906880591103229,-1.1825931554971585,0.44340891128125115,4.296538072409655,5.299993027569829e-09,1.03
2540.975000000559,1.8396351881987647e-05,0.013906880591103229,-1.1825931554971585,0.44340891128125115,4.296538072409655,5.299993027569829e-09,1.03
2400.1790000004694,1.8624158989248138e-05,0.014109942458793913,-1.3583304896558115,0.3989916928197977,0.9587118829771318,4.476735098305735e-09,1.028
2400.487000000663,1.8556862810200415e-05,0.014109942458793913,-1.3311122682774923,0.4468479275823191,0.9587118829771318,5.086240375263039e-09,1.029
2400.4300000006333,1.8752167517363326e-05,0.014220709244920587,-1.3199357277797266,0.4263051442244595,0.9587118829771318,4.7873517996409025e-09,1.029
2400.464999999851,1.8665256252193413e-05,0.014153242939845425,-1.3353995069379225,0.4183960328929874,0.9587118829771318,4.657236623238113e-09,1.028
2400.4830000000075,1.871917691542331e-05,0.01419624363461447,-1.3427225771813904,0.41707789866821027,0.9587118829771318,4.6932325611105294e-09,1.028
2400.4819999998435,1.8665078685854095e-05,0.014150887571018917,-1.3222198198575557,0.4226185609261511,0.9587118829771318,4.7293317934157494e-09,1.028
2400.4830000000075,1.8567692978237534e-05,0.014087650789322668,-1.3298353261701124,0.42721146709564434,0.9587118829771318,4.763369389599438e-09,1.028
2400.4819999998435,1.8535234548386594e-05,0.014055671622583664,-1.3220705278585927,0.42371591542854853,0.9587118829771318,4.677766340486192e-09,1.028
2400.4830000000075,1.8567695045711324e-05,0.014087650789322668,-1.3298353261701124,0.42721146709564434,0.9587118829771318,4.763374478515755e-09,1.028
2400.4819999998435,1.8567695663893146e-05,0.014087650789322668,-1.3298353261701124,0.42721146709564434,0.9587118829771318,4.763376513296068e-09,1.028
2400.4830000000075,1.8502771289309195e-05,0.014030578849681929,-1.315864564881897,0.42828254520707415,0.9587118829771318,4.76543530747994e-09,1.028
2400.4830000000075,1.8567694797574746e-05,0.014087650789322668,-1.3298353261701124,0.42721146709564434,0.9587118829771318,4.763368396159029e-09,1.028
2400.4819999998435,1.850277429670156e-05,0.014044487140782963,-1.3169543609098568,0.4373252933281738,0.9587118829771318,4.878903151866881e-09,1.028
2400.4819999998435,1.8567696326712203e-05,0.014087650789322668,-1.3298353261701124,0.42721146709564434,0.9587118829771318,4.763377437879495e-09,1.028
2400.4830000000075,1.867589559561482e-05,0.014200603608901335,-1.3181356638233352,0.4533107690607071,0.9587118829771318,5.124391016765923e-09,1.028
2400.4819999998435,1.8578516818886194e-05,0.014122592504480828,-1.3351773990379263,0.44336674493459094,0.9587118829771318,4.987206054871042e-09,1.028
2400.4830000000075,1.8578512990380014e-05,0.014083593967720666,-1.31895036378072,0.4214437620716481,0.9587118829771318,4.727270015671959e-09,1.028
2400.4830000000075,1.8665076591295065e-05,0.014170055617056511,-1.328936494142591,0.4320942188052645,0.9587118829771318,4.906747612317938e-09,1.027
2400.4830000000075,1.866507519805075e-05,0.014161483645706676,-1.3279892942007905,0.42510784809782676,0.9587118829771318,4.739645725025445e-09,1.027
2400.4830000000075,1.87408186671785e-05,0.014217360280070718,-1.3379004615490553,0.41966649695974545,0.9587118829771318,4.732427645794347e-09,1.027
2400.4830000000075,1.8610975182227758e-05,0.014140283556124953,-1.338694807207816,0.43679026231962736,0.9587118829771318,4.9407890183494335e-09,1.027
2400.4830000000075,1.855687334855301e-05,0.014090185709682198,-1.328292114911824,0.4361111480833194,0.9587118829771318,4.939757917795669e-09,1.027
2400.4819999998435,1.8621797967600746e-05,0.014135568107235182,-1.328002683227962,0.4313091887187918,0.9587118829771318,4.904690203601042e-09,1.027
2400.4819999998435,1.8524414278516495e-05,0.014058720391544105,-1.3228290478867166,0.43319127865228474,0.9587118829771318,4.866524518797952e-09,1.027
2400.4830000000075,1.874081878737302e-05,0.014218365052350577,-1.326263591217428,0.42584282301049053,0.9587118829771318,4.81906962572524e-09,1.027
2400.4830000000075,1.883819875738662e-05,0.014276854395439168,-1.3248563242693623,0.41581452257208934,0.9587118829771318,4.681882801466238e-09,1.027
2400.4830000000075,1.8665077365194124e-05,0.01415677525830951,-1.3281505533687625,0.42297943539384575,0.9587118829771318,4.7932829606678675e-09,1.027
2400.4830000000075,1.870835665952488e-05,0.014167366929471584,-1.308143679191484,0.41306949733840154,0.9587118829771318,4.545730699526138e-09,1.027
2400.4830000000075,1.892476449664158e-05,0.014331450596170484,-1.3268621035820918,0.40831092447380557,0.9587118829771318,4.597301454657113e-09,1.027
2400.4830000000075,1.877327992418274e-05,0.014248809474077853,-1.3304026239957902,0.4290650388240924,0.9587118829771318,4.873740309255723e-09,1.027
2400.4830000000075,1.891394434088211e-05,0.014299017615273567,-1.3215545289508797,0.39152832835790513,0.9587118829771318,4.373469068901818e-09,1.026
2400.4330000001937,2.0115305885750265e-05,0.015200250624500136,-1.3665077387113767,0.35810697911051925,0.9587118829771318,4.473393915101986e-09,1.026
2400.4830000000075,1.8654255131353426e-05,0.014160306695629338,-1.3194743047030573,0.43406937476801355,0.9587118829771318,4.814948970081991e-09,1.026
2400.4819999998435,1.8643437861770558e-05,0.014140283556124978,-1.322562673938783,0.42730616642832986,0.9587118829771318,4.778851617162982e-09,1.026
2400.4830000000075,1.8610974232331285e-05,0.014122929683926857,-1.3054566960411227,0.43865631536346406,0.9587118829771318,4.864456954550738e-09,1.026
2400.482000000775,1.8665078742829038e-05,0.014165518160727624,-1.3129150404573486,0.4373541727691352,0.9587118829771318,4.900568767334873e-09,1.026
2400.396000000648,1.8698165936777912e-05,0.014182987797257043,-1.3299675534624487,0.42605112380634397,0.9587118829771318,4.8158849609697645e-09,1.026
2400.2019999995828,1.866733759755008e-05,0.014165518160727624,-1.3129150404573486,0.4373541727691352,0.9587118829771318,4.9015661498364785e-09,1.026
2400.205999999307,1.8353472407561974e-05,0.013938811864376219,-1.290088305882493,0.4524248181769041,0.9587118829771318,4.960439281642262e-09,1.026
2400.3479999992996,1.8871584319272512e-05,0.014307007939834075,-1.3406249231645155,0.41184602391871705,0.9587118829771318,4.680735708386934e-09,1.026
2400.177999999374,1.8667312230003773e-05,0.014179629923305619,-1.3139662226202748,0.44623867227146097,0.9587118829771318,5.015733760723184e-09,1.026
2400.4830000000075,1.8232264150713575e-05,0.01380993431245364,-1.3479981661008493,0.40400299903937026,0.9587118829771318,4.446709149814624e-09,1.026
2400.4830000000075,1.8773279512069287e-05,0.014286357128393476,-1.3306091267897668,0.45350031292237325,0.9587118829771318,5.245073438643677e-09,1.026
2400.4830000000075,1.8892303920962376e-05,0.014285023792836466,-1.3391827141266173,0.3843494047554168,0.9587118829771318,4.286830974526854e-09,1.026
2400.4830000000075,1.8502772348889054e-05,0.014029051490185804,-1.3225382203959812,0.4218224682670553,0.9587118829771318,4.70973486686903e-09,1.026
2400.467000000179,1.8340572489111652e-05,0.01397668126014248,-1.2789679275612325,0.48700642531078225,0.9587118829771318,5.366999775097717e-09,1.025
2400.4830000000075,1.8935584054598793e-05,0.014338426559092012,-1.3294210007484883,0.4062315681822521,0.9587118829771318,4.5880200562202535e-09,1.025
2400.4350000005215,1.8676347688473405e-05,0.014175599424631667,-1.3224960621645787,0.431909134364148,0.9587118829771318,4.837883970078002e-09,1.025
2400.4830000000075,1.854605146876758e-05,0.014083932080819669,-1.3203833905743438,0.43869383668191564,0.9587118829771318,4.8644546757746236e-09,1.025
2400.4830000000075,1.8838200957317893e-05,0.014284857117141279,-1.35045372344706,0.4118172564612918,0.9587118829771318,4.694264328147943e-09,1.025
2400.4819999998435,1.8665079335255018e-05,0.014165518160727624,-1.3129150404573486,0.4373541727691352,0.9587118829771318,4.9005642696012395e-09,1.025
2400.4830000000075,1.841620872720059e-05,0.01395878286411885,-1.3210391423021401,0.42167482955986346,0.9587118829771318,4.680855626957609e-09,1.025
2400.4830000000075,1.8968045813490678e-05,0.01437126763140027,-1.3232972959764246,0.4128438361735726,0.9587118829771318,4.7045754026479765e-09,1.025
2400.4830000000075,1.8751640185040078e-05,0.014221881196308172,-1.3133973881027576,0.4284738827357597,0.9587118829771318,4.815977619386106e-09,1.025
2400.4819999998435,1.834046782782663e-05,0.0139073464656017,-1.3171125136681354,0.42790468399214077,0.9587118829771318,4.756157908969858e-09,1.025
2400.4769999999553,1.921695901188059e-05,0.014563326412275302,-1.339698924502381,0.41065315997645063,0.9587118829771318,4.761288808504663e-09,1.025
2400.4830000000075,1.8697534590772536e-05,0.014167366929471582,-1.3482814687330142,0.40725111433948147,0.9587118829771318,4.6045243631319135e-09,1.025
2400.4830000000075,1.8394566367651068e-05,0.013934028235120747,-1.3018976144382999,0.4221195566722923,0.9587118829771318,4.641657443182743e-09,1.025
2400.4830000000075,1.8989685826215962e-05,0.014399570099402919,-1.3296365763489155,0.4218505117101836,0.9587118829771318,4.8015416191088135e-09,1.024
2400.482000000775,1.8946407218203698e-05,0.014357841726653003,-1.3334417756358308,0.41382473317861224,0.9587118829771318,4.698396224301358e-09,1.025
2400.4830000000075,1.8556871606024612e-05,0.014055671622583666,-1.3706727472755407,0.39149778267569924,0.9587118829771318,4.3435552766470225e-09,1.024
2400.4830000000075,1.91087089482431e-05,0.014518625148080508,-1.3476792337427255,0.43458379368609534,0.9587118829771318,5.097572411039028e-09,1.024
2400.4830000000075,1.8989685930030034e-05,0.014399570099402919,-1.3296365763489155,0.4218505117101836,0.9587118829771318,4.801536609958166e-09,1.025
2400.4819999998435,1.904379724364097e-05,0.01443425159291668,-1.3642414493143589,0.4022208176209872,0.9587118829771318,4.649902783967755e-09,1.024
2400.445000000298,1.894659622484828e-05,0.014490062275984305,-1.3613028358336492,0.4824293613784415,0.9587118829771318,5.831396933326728e-09,1.024
2400.4819999998435,1.8924767175429192e-05,0.014365302111751896,-1.3383849263165464,0.429111039832937,0.9587118829771318,4.9129379371968695e-09,1.024
2400.4819999998435,1.8643437205266393e-05,0.014140283556124978,-1.322562673938783,0.42730616642832986,0.9587118829771318,4.778850667669984e-09,1.024
2400.4830000000075,1.866507747252185e-05,0.014165518160727624,-1.3129150404573486,0.4373541727691352,0.9587118829771318,4.9005586432241255e-09,1.024
2400.240999999456,1.8894144844951512e-05,0.014332945731193316,-1.3203811713569935,0.4277255409198194,0.9587118829771318,4.857364393872733e-09,1.024
2400.2130000004545,1.867800377188142e-05,0.014173583745492001,-1.3393159632969762,0.4249350056359533,0.9587118829771318,4.849079129460417e-09,1.024
2280.208999999799,1.8807745118111185e-05,0.013619258809726562,-1.240323389793937,0.4731852095082936,0.9709505944546686,5.544577095994069e-09,1.024
2400.232000000775,1.8916037262186778e-05,0.014324471235981984,-1.3471088540567542,0.399114980985017,0.9587118829771318,4.502469484826683e-09,1.024
2280.1899999994785,1.8281624976031112e-05,0.013286716754159445,-1.1730946057155196,0.5256916218716212,0.934068055375491,5.932343601981064e-09,1.024
2280.2249999996275,1.875769843923646e-05,0.013608820668963153,-1.2158078808401898,0.49820912586521815,0.934068055375491,5.774053212998241e-09,1.024
2280.213999999687,1.8701132133610442e-05,0.013565726938443802,-1.2070428251898473,0.4993505694531887,0.934068055375491,5.722789372308877e-09,1.024
2280.236000000499,1.8438087685388788e-05,0.013371119702749717,-1.137066151614284,0.5186852702719852,0.934068055375491,5.77777743446329e-09,1.023
2280.248999999836,1.8688612388839987e-05,0.013561846637184965,-1.2078548548324228,0.5014181078817704,0.934068055375491,5.762288834667725e-09,1.024
2280.1959999995306,1.875772760006269e-05,0.013608820668963153,-1.2158078808401898,0.49820912586521815,0.934068055375491,5.774011697055479e-09,1.023
2280.196000000462,1.87202431623231e-05,0.013585983489185455,-1.2004308530157677,0.5071424877238047,0.934068055375491,5.8926795059422966e-09,1.023
2280.231000000611,1.8607186945809524e-05,0.01349268807832396,-1.1941295040156257,0.5005941415065839,0.934068055375491,5.7344886615598454e-09,1.023
2280.1780000003055,1.861998905307473e-05,0.013508282059926213,-1.1981270002635152,0.503417653892403,0.934068055375491,5.766381350303767e-09,1.023
2280.195000000298,1.869522896336052e-05,0.013562719801759916,-1.2292408926951814,0.4954111457173,0.934068055375491,5.789958139208212e-09,1.023
2280.2099999999627,1.8663636884047508e-05,0.013531542099071538,-1.221386102669325,0.49106409906657505,0.934068055375491,5.682979168674795e-09,1.023
2280.132000000216,1.841996595733123e-05,0.013347185786563817,-1.208407865814056,0.48861431895903856,0.934068055375491,5.521307713894433e-09,1.023
2280.2180000003427,1.863843758965675e-05,0.013523760766264535,-1.2020559658988135,0.5049301008859051,0.934068055375491,5.841469822059971e-09,1.023
2280.1919999998063,1.8663833943974092e-05,0.013531542099071538,-1.221386102669325,0.49106409906657505,0.934068055375491,5.6832240929306066e-09,1.023
2280.3269999995828,1.8443647580168264e-05,0.013378694767585101,-1.2070338630968962,0.49700942627951444,0.934068055375491,5.5911061130608925e-09,1.023
2280.4459999995306,1.8743232415842678e-05,0.013624281729015173,-1.164396304128952,0.5303851137706627,0.934068055375491,6.160432988887586e-09,1.023
2280.457999999635,1.876189220443746e-05,0.013596729482915288,-1.1931647658156423,0.4923244219705215,0.9709505944546686,5.6265549886798084e-09,1.023
2280.4580000005662,1.8611545951800985e-05,0.013494150779621404,-1.193474229986768,0.49588865004402294,0.934068055375491,5.5870112866606945e-09,1.023
2280.45900000073,1.8749361862511418e-05,0.01357581053119652,-1.2314701799358316,0.474267552296227,0.9709505944546686,5.4921120867378925e-09,1.023
2280.4580000005662,1.8843329504510837e-05,0.01363818169698581,-1.2045894101109667,0.47554497400809437,0.9709505944546686,5.4169901520953634e-09,1.023
2280.457999999635,1.8479993528885665e-05,0.01340227788965657,-1.1767418656656752,0.5052461021630209,0.934068055375491,5.670045950383913e-09,1.023
2280.457999999635,1.8699246496204943e-05,0.013565726938443802,-1.2070428251898473,0.4993505694531887,0.934068055375491,5.721453053898665e-09,1.023
2280.45900000073,1.860527985478015e-05,0.013488396572805135,-1.2125174929201037,0.49217019317777333,0.934068055375491,5.630504896148544e-09,1.022
2320.0499999998137,1.9260683974653677e-05,0.014385674090831387,-1.1877712501745104,0.45972273810748837,0.9587118829771318,6.988596210639027e-09,1.022
2280.372999999672,1.9150931406732947e-05,0.013896137289871113,-1.1787693810350417,0.5108190352261489,0.934068055375491,5.999089714942444e-09,1.023
2280.458999999799,1.8429877057451712e-05,0.013376727630674917,-1.181650281655699,0.5104775632127,0.934068055375491,5.780748721282169e-09,1.022
2280.458999999799,1.873056607032203e-05,0.013597213336794957,-1.2149391999907195,0.5035058511643034,0.934068055375491,5.82819993628184e-09,1.022
2280.458999999799,1.8730567195342396e-05,0.013597213336794957,-1.2149391999907195,0.5035058511643034,0.934068055375491,5.828201987097291e-09,1.022
2280.44299999997,1.8524024505266967e-05,0.013444916863769873,-1.1545587582248729,0.5217545211274033,0.934068055375491,5.9349638710131585e-09,1.022
2280.458999999799,1.8686716419127517e-05,0.013557965225380634,-1.1808085964052883,0.5073826214681469,0.934068055375491,5.832153814630485e-09,1.022
2280.458999999799,1.86178095468037e-05,0.013523468879186097,-1.1485388886481045,0.5291981080033139,0.934068055375491,6.02590289030981e-09,1.022
2280.458999999799,1.853637004485564e-05,0.013482444725993612,-1.1586933122263467,0.5381814706260182,0.934068055375491,6.1880197142913916e-09,1.022
2280.458999999799,1.8768156325232822e-05,0.013601857458295497,-1.1670156549940736,0.5009936297008918,0.934068055375491,5.772844664777331e-09,1.022
2280.458999999799,1.849878470262772e-05,0.013411993846828545,-1.1948302613030446,0.4954404537865734,0.934068055375491,5.618641452981509e-09,1.022
2280.457999999635,1.8573959159447786e-05,0.013476197339637059,-1.1983508789002295,0.49902158970463106,0.934068055375491,5.713542310795728e-09,1.022
2280.45900000073,1.896235073347846e-05,0.013728475976290249,-1.1687420570499059,0.4915337399880582,0.934068055375491,5.642361576246141e-09,1.022
2280.458999999799,1.8567691908447637e-05,0.01346730934717957,-1.2231403226966413,0.4879869169572645,0.9709505944546686,5.575145486414014e-09,1.022
2280.458999999799,1.8843326298848783e-05,0.01363818169698581,-1.2045894101109667,0.47554497400809437,0.9709505944546686,5.416988137036218e-09,1.022
2280.458999999799,1.8655395133240214e-05,0.013551461370020482,-1.164547958112336,0.5234665598444774,0.934068055375491,6.05753388603624e-09,1.022
2280.458999999799,1.8567694264580172e-05,0.01351412516396703,-1.1945630896264072,0.5292786373795382,0.9709505944546686,6.073350528174928e-09,1.022
2280.4580000005662,1.8812008714760673e-05,0.013647729712878557,-1.21838893804259,0.49129168176571086,0.9709505944546686,5.745175266297013e-09,1.022
2280.458999999799,1.8555161958685796e-05,0.013447363271190668,-1.2245297706446967,0.4820032916617474,0.934068055375491,5.575146459551061e-09,1.022
2280.458999999799,1.8768152177278124e-05,0.013622736412645584,-1.2316055611809604,0.49021068630210973,0.934068055375491,5.851924348660542e-09,1.021
2280.457999999635,1.8943560101441567e-05,0.01373048854882714,-1.1611798734497265,0.5034299726897716,0.934068055375491,5.764938226867522e-09,1.022
2280.45900000073,1.8498784773739636e-05,0.013397859216268338,-1.1901690353574028,0.4863793181030989,0.934068055375491,5.547465653523565e-09,1.021
2280.457999999635,1.8918502386013088e-05,0.01370324586980835,-1.2149189342588045,0.48108382138655836,0.9709505944546686,5.559334301763295e-09,1.021
2280.1840000003576,1.8870633330201096e-05,0.013707470110932393,-1.1789528268054712,0.5202749014478077,0.934068055375491,6.122445384902771e-09,1.021
2280.20100000035,1.8513454958809894e-05,0.013455090995017823,-1.2018174964906783,0.51642480712872,0.934068055375491,5.936267231891169e-09,1.021
2280.1860000006855,1.905866237670611e-05,0.013817989799723492,-1.1848472588969337,0.5035099172405572,0.934068055375491,5.908541496894195e-09,1.021
2280.19299999997,1.843184626202014e-05,0.01336137402326098,-1.2183715061095879,0.4868887835433803,0.934068055375491,5.60814514590224e-09,1.021
2280.1990000000224,1.8864234874434955e-05,0.013693160028968691,-1.1954552555096687,0.5096660151881781,0.934068055375491,5.928265479764547e-09,1.021
2280.2379999998957,1.8889100083562286e-05,0.01371850459857236,-1.1965252692275496,0.5126584168737638,0.934068055375491,5.912293149288117e-09,1.021
2280.189000000246,1.8620169370580635e-05,0.013514514614412027,-1.2005617249761018,0.5050129788455374,0.934068055375491,5.757840528205629e-09,1.021
2280.2179999994114,1.9095929478881082e-05,0.013862482499632983,-1.1854141732909895,0.5141431640173637,0.934068055375491,6.082810463023579e-09,1.021
2280.1419999999925,1.8845989193783658e-05,0.013664783781292421,-1.2029943383513015,0.494233489861071,0.9709505944546686,5.663586220621146e-09,1.021
2280.45900000073,1.864286727542225e-05,0.013527360189046845,-1.179555259879008,0.5090499599829644,0.934068055375491,5.7728511368394575e-09,1.021
2280.457999999635,1.880574247920286e-05,0.013650139771792531,-1.1866861828978124,0.5108714471588253,0.934068055375491,5.875653731579088e-09,1.021
2280.457999999635,1.8630339139222367e-05,0.01351840850178199,-1.1990641770449808,0.5027729335090165,0.934068055375491,5.709585556631249e-09,1.021
2280.458999999799,1.878694742761241e-05,0.013640014662748666,-1.223545237688039,0.5024762840338535,0.934068055375491,5.879601259653179e-09,1.021
2280.458999999799,1.8755624911884144e-05,0.013608820668963153,-1.2158078808401898,0.49820912586521815,0.934068055375491,5.772846705715298e-09,1.021
2280.458999999799,1.875562618145798e-05,0.013608820668963153,-1.2158078808401898,0.49820912586521815,0.934068055375491,5.772846826665527e-09,1.021
2280.4580000005662,1.875562793120778e-05,0.013608820668963153,-1.2158078808401898,0.49820912586521815,0.934068055375491,5.7728506151999005e-09,1.021
2280.457999999635,1.8699247337605975e-05,0.013565726938443802,-1.2070428251898473,0.4993505694531887,0.934068055375491,5.721453335052582e-09,1.021
2280.458999999799,1.8630335126808234e-05,0.013523468879186094,-1.1803300245491815,0.5111352090631439,0.934068055375491,5.812386485058124e-09,1.021
2280.458999999799,1.8755624781749627e-05,0.013608820668963153,-1.2158078808401898,0.49820912586521815,0.934068055375491,5.772846022772662e-09,1.021
2280.4580000005662,1.8818271840873215e-05,0.013651296448939962,-1.239942626516825,0.4896285045190695,0.9709505944546686,5.772853388110822e-09,1.021
2280.457999999635,1.889344479363875e-05,0.01372435407357448,-1.2031252493001987,0.513829116509608,0.934068055375491,6.033815099334893e-09,1.02
2280.45900000073,1.8718037112695186e-05,0.013572805628593443,-1.2241758344107947,0.48850076156478245,0.9709505944546686,5.654232564956848e-09,1.021
2280.457999999635,1.8561431230800933e-05,0.01346916556630847,-1.1703179520289615,0.5130047784650101,0.934068055375491,5.816347207227182e-09,1.02
2280.4580000005662,1.8786948947321254e-05,0.013640014662748666,-1.223545237688039,0.5024762840338535,0.934068055375491,5.87961090863441e-09,1.02
2280.458999999799,1.8755626181460033e-05,0.013608820668963153,-1.2158078808401898,0.49820912586521815,0.934068055375491,5.772846826666776e-09,1.02
2280.458999999799,1.8492518281655882e-05,0.013414053902726852,-1.146515511669388,0.5174244110759746,0.934068055375491,5.828202784650697e-09,1.02
2280.458999999799,1.8661659045662895e-05,0.013531542099071538,-1.221386102669325,0.49106409906657505,0.934068055375491,5.681903352726922e-09,1.02
2280.4580000005662,1.8592752419922182e-05,0.013477076053334662,-1.1985286410356253,0.49545551126022486,0.934068055375491,5.693772371175577e-09,1.02
2280.458999999799,1.8786948634672842e-05,0.013640014662748666,-1.223545237688039,0.5024762840338535,0.934068055375491,5.879606120773719e-09,1.02
2280.458999999799,1.875562283782189e-05,0.013608820668963153,-1.2158078808401898,0.49820912586521815,0.934068055375491,5.772848721249462e-09,1.02
2280.457999999635,1.852384385384115e-05,0.013444916863769835,-1.1545587582247443,0.5217545211275888,0.934068055375491,5.934966673295528e-09,1.02
2280.457999999635,1.8692983845907368e-05,0.013562719801759916,-1.2292408926951814,0.4954111457173,0.934068055375491,5.788666669907209e-09,1.02
2280.458999999799,1.8786947427608578e-05,0.013640014662748666,-1.223545237688039,0.5024762840338535,0.934068055375491,5.8796012596559934e-09,1.02
2280.4580000005662,1.8680454013558523e-05,0.013589469607402822,-1.170651729982046,0.534835138159833,0.934068055375491,6.144532160698075e-09,1.02
2280.458999999799,1.878694743015375e-05,0.013640014662748666,-1.223545237688039,0.5024762840338535,0.934068055375491,5.8796073886697524e-09,1.02
2280.457999999635,1.8661661848180912e-05,0.013531542099071538,-1.221386102669325,0.49106409906657505,0.934068055375491,5.681903987374228e-09,1.02
2280.457999999635,1.868045409926056e-05,0.013562331735555691,-1.2109907232878478,0.5059549000777354,0.934068055375491,5.923099878744637e-09,1.02
2280.458999999799,1.86992456553866e-05,0.013570381835375655,-1.1885256622114113,0.5078501091957529,0.934068055375491,5.824245569128656e-09,1.02
2280.458999999799,1.8423612049601962e-05,0.0133671829099241,-1.1377992280634224,0.5208257399705666,0.934068055375491,5.816343083979198e-09,1.02
2280.458999999799,1.8786948350286558e-05,0.013640014662748666,-1.223545237688039,0.5024762840338535,0.934068055375491,5.879604388717512e-09,1.02
2280.45900000073,1.8661659286803248e-05,0.013531542099071538,-1.221386102669325,0.49106409906657505,0.934068055375491,5.681900982682424e-09,1.02
2280.45900000073,1.8636601506182254e-05,0.01356650286551402,-1.1863317197513847,0.5333258749158585,0.934068055375491,6.2433741501081524e-09,1.02
2280.4580000005662,1.901873285987008e-05,0.013795117366586415,-1.1712971521737525,0.5087450670172886,0.934068055375491,5.9072868264717425e-09,1.02
2280.4580000005662,1.856143136763326e-05,0.0134644756772463,-1.2266174890273744,0.49114873861013975,0.934068055375491,5.705628066592907e-09,1.02
2280.458999999799,1.8862120282209736e-05,0.013690084771564831,-1.1770396775983132,0.5114755488778925,0.934068055375491,5.990313859997972e-09,1.02
2280.458999999799,1.8655392771443767e-05,0.01356465996625054,-1.1563560156925277,0.5336476597673198,0.934068055375491,6.231510942198784e-09,1.02
2280.457999999635,1.871804133388547e-05,0.013591793189467773,-1.1573386293178523,0.5227723087280983,0.934068055375491,6.049631154031644e-09,1.019
2280.457999999635,1.8849592870556453e-05,0.013682393604075341,-1.1732682732861228,0.5138590871109575,0.934068055375491,5.9982309062874116e-09,1.019
2280.457999999635,1.8755627826830196e-05,0.013630075105017615,-1.1762632886214626,0.5227918169609044,0.934068055375491,6.144527198901852e-09,1.019
2280.458999999799,1.8805739174641848e-05,0.01365322402642648,-1.1779919465565594,0.5121962151120732,0.934068055375491,6.033811129279822e-09,1.019
2280.457999999635,1.874309843069913e-05,0.01359953559578604,-1.2135878906728723,0.4956534268728656,0.934068055375491,5.764941434510904e-09,1.019
2280.4580000005662,1.8849594385362752e-05,0.013682393604075341,-1.1732682732861228,0.5138590871109575,0.934068055375491,5.998226171760037e-09,1.019
2280.458999999799,1.883706278013698e-05,0.013674698110782993,-1.1664292004262085,0.5158385467175097,0.934068055375491,5.966595227411448e-09,1.019
2280.45900000073,1.886212040284321e-05,0.013690084771564831,-1.1770396775983132,0.5114755488778925,0.934068055375491,5.990319313363618e-09,1.019
2280.458999999799,1.8805740479469056e-05,0.01365322402642648,-1.1779919465565594,0.5121962151120732,0.934068055375491,6.033811822313053e-09,1.019
2280.458999999799,1.8736831701898112e-05,0.013604469079951942,-1.1703537465988498,0.5165392760750472,0.934068055375491,6.021948945704962e-09,1.019
2280.4580000005662,1.871804073613723e-05,0.013591793189467773,-1.1573386293178523,0.5227723087280983,0.934068055375491,6.049629951104826e-09,1.019
2280.4580000005662,1.8786949961898372e-05,0.013643872733131676,-1.1522840585192606,0.522575373453412,0.934068055375491,6.014040758057779e-09,1.019
2280.458999999799,1.8862119775357933e-05,0.013690084771564831,-1.1770396775983132,0.5114755488778925,0.934068055375491,5.990316922528999e-09,1.019
2280.457999999635,1.8868387026870428e-05,0.013680181593131445,-1.1794895895605166,0.5008552987907092,0.934068055375491,5.85984122737115e-09,1.019
2280.458999999799,1.892476441454233e-05,0.013681624249527628,-1.161186439042086,0.47894122338309747,0.934068055375491,5.4288506378492385e-09,1.019
2280.458999999799,1.881827118575489e-05,0.013653224026426464,-1.1680232099036876,0.5097146710201708,0.934068055375491,5.907284892204643e-09,1.019
2280.457999999635,1.879947811818811e-05,0.013666998284380625,-1.1809778899226342,0.5230472034879576,0.934068055375491,6.203835970071374e-09,1.019
2280.45900000073,1.8905970975467536e-05,0.01369171858806395,-1.1704980857383087,0.4933975730407283,0.934068055375491,5.67004131201376e-09,1.019
2280.458999999799,1.8786946001832624e-05,0.013655440404160465,-1.1728867139687416,0.5266018522063434,0.934068055375491,6.15638387432664e-09,1.019
2280.457999999635,1.8849593902607386e-05,0.013682393604075341,-1.1732682732861228,0.5138590871109575,0.934068055375491,5.9982289581451875e-09,1.019
2280.458999999799,1.888091362514857e-05,0.013711309200802074,-1.1753122253881267,0.517660099539446,0.934068055375491,6.049629460533717e-09,1.019
2280.457999999635,1.886838606840775e-05,0.013707470110932393,-1.1789528268054712,0.5202749014478077,0.934068055375491,6.120805175726426e-09,1.019
2280.457999999635,1.8849593902607386e-05,0.013682393604075341,-1.1732682732861228,0.5138590871109575,0.934068055375491,5.9982289581451875e-09,1.019
2280.458999999799,1.88621197275155e-05,0.013690084771564831,-1.1770396775983132,0.5114755488778925,0.934068055375491,5.9903163710301375e-09,1.019
2280.4580000005662,1.879321362148385e-05,0.013641654475982907,-1.1670911135506004,0.5152005485273393,0.934068055375491,5.954733818264769e-09,1.019
2280.458999999799,1.8868383035806587e-05,0.013680181593131445,-1.1794895895605166,0.5008552987907092,0.934068055375491,5.859832037905759e-09,1.018
2280.457999999635,1.8755627753992542e-05,0.013630075105017615,-1.1762632886214626,0.5227918169609044,0.934068055375491,6.144529726522855e-09,1.018
2280.458999999799,1.894355606555874e-05,0.013734321204463202,-1.1678246249671762,0.5049047351004206,0.934068055375491,5.812385639404005e-09,1.018
2280.45900000073,1.883706281486702e-05,0.013674698110782993,-1.1664292004262085,0.5158385467175097,0.934068055375491,5.966595301935897e-09,1.018
2280.45900000073,1.896861495200098e-05,0.01374581275956617,-1.171021923096418,0.5003971719478657,0.934068055375491,5.77284746559705e-09,1.018
2280.458999999799,1.8761888241739742e-05,0.013647729712878597,-1.1781349050863286,0.5315115915911905,0.934068055375491,6.275002402875082e-09,1.018
2280.458999999799,1.8755625518259185e-05,0.013630075105017615,-1.1762632886214626,0.5227918169609044,0.934068055375491,6.144525523188589e-09,1.018
2280.458999999799,1.8887177715739643e-05,0.013701613427852774,-1.1779992741034,0.5070277086013962,0.934068055375491,5.9191454608572865e-09,1.018
2280.458999999799,1.8843326857661924e-05,0.013664783781292461,-1.1710808586282382,0.5050805924916003,0.934068055375491,5.867743855404737e-09,1.018
2280.458999999799,1.8912235274081844e-05,0.013704686098288836,-1.2030826166334365,0.48880954521295233,0.934068055375491,5.776799538986506e-09,1.018
2280.458999999799,1.8855855974543268e-05,0.013668634860415585,-1.1673070954619613,0.5024416956544974,0.934068055375491,5.796573168895601e-09,1.018
2280.457999999635,1.8862121765395388e-05,0.013690084771564831,-1.1770396775983132,0.5114755488778925,0.934068055375491,5.990325802240898e-09,1.018
2280.458999999799,1.8862120239001444e-05,0.013690084771564831,-1.1770396775983132,0.5114755488778925,0.934068055375491,5.990313454896402e-09,1.018
2280.45900000073,1.903125870688459e-05,0.013776410043411525,-1.1770376235577134,0.4879449553629107,0.934068055375491,5.6542264679215114e-09,1.018
2280.457999999635,1.8761891295295976e-05,0.013647729712878597,-1.1781349050863286,0.5315115915911905,0.934068055375491,6.275014330589711e-09,1.018
2280.45900000073,1.856142907225709e-05,0.013494150779621426,-1.1615392428010594,0.5332478619133433,0.934068055375491,6.148479424841557e-09,1.018
2280.435999999754,1.8868637935047926e-05,0.013707470110932393,-1.1789528268054712,0.5202749014478077,0.934068055375491,6.120741919723611e-09,1.018
2280.4469999996945,1.8987550485149956e-05,0.013770582680788075,-1.1768085074776111,0.5069607613574665,0.934068055375491,5.8953969929541814e-09,1.018
2280.458999999799,1.8674186744265262e-05,0.013577361188467542,-1.170518846645431,0.5295996638232217,0.934068055375491,6.1801080887974056e-09,1.018
2280.457999999635,1.8987410138436928e-05,0.013770582680788075,-1.1768085074776111,0.5069607613574665,0.934068055375491,5.895423706395733e-09,1.018
2280.458999999799,1.8880913646183102e-05,0.013711309200802074,-1.1753122253881267,0.517660099539446,0.934068055375491,6.049629240942789e-09,1.018
2280.458999999799,1.8962349080300042e-05,0.013755286065249303,-1.1670010798516657,0.5099751569801851,0.934068055375491,5.887510074437635e-09,1.018
2280.45900000073,1.886838554036125e-05,0.013707470110932393,-1.1789528268054712,0.5202749014478077,0.934068055375491,6.1207992372118965e-09,1.018
2280.458999999799,1.8880914460228114e-05,0.013711309200802074,-1.1753122253881267,0.517660099539446,0.934068055375491,6.049624509612447e-09,1.018
2280.457999999635,1.9112698819572514e-05,0.013861248519751564,-1.193636114837672,0.502267923521306,0.934068055375491,5.958691550332282e-09,1.018
2280.45900000073,1.898114479486377e-05,0.013753468462058637,-1.1748044818041756,0.4980784363277161,0.934068055375491,5.7649386044575375e-09,1.018
2280.458999999799,1.9043785720584346e-05,0.01381418035742142,-1.1856240832211073,0.5055104768766788,0.934068055375491,5.9468225625155544e-09,1.018
2280.458999999799,1.8943556930311674e-05,0.01373048854882714,-1.1611798734497265,0.5034299726897716,0.934068055375491,5.764938142636852e-09,1.017
2280.4580000005662,1.8987411230367212e-05,0.013770582680788075,-1.1768085074776111,0.5069607613574665,0.934068055375491,5.895422136568166e-09,1.017
2280.162000000477,1.8971081345194356e-05,0.013783666917196234,-1.185458965082932,0.5178790074238855,0.934068055375491,6.177763557396602e-09,1.017
2280.162000000477,1.8833246988811562e-05,0.013695946384548267,-1.185547256045273,0.5273255326386209,0.934068055375491,6.288504102742754e-09,1.017
2280.1629999997094,1.9039997954383212e-05,0.013819418069856378,-1.1767128233835125,0.5153980209169606,0.934068055375491,6.031421861899771e-09,1.017
2280.1630000006407,1.8927223977047382e-05,0.01371696989709806,-1.1753406068243273,0.4985020145572411,0.934068055375491,5.809940107889184e-09,1.017
2280.162000000477,1.8914694798446677e-05,0.013739972420105606,-1.1768601499038416,0.5195007449137585,0.934068055375491,6.12634786373905e-09,1.017
2280.162000000477,1.8858305959001805e-05,0.013695946384548267,-1.1654434873444244,0.5207698150611405,0.934068055375491,6.043289198577544e-09,1.017
2280.162000000477,1.8870838275644392e-05,0.013707470110932393,-1.1789528268054712,0.5202749014478077,0.934068055375491,6.1223987636912634e-09,1.017
2280.162000000477,1.903999863459556e-05,0.013819418069856378,-1.1767128233835125,0.5153980209169606,0.934068055375491,6.03142949503764e-09,1.017
2280.162000000477,1.8852043443627597e-05,0.013709293812669743,-1.170725036097579,0.532201860917258,0.934068055375491,6.244996626127558e-09,1.017
2280.162000000477,1.8920960772670168e-05,0.01373048854882714,-1.18108210188204,0.5099363374418198,0.934068055375491,6.011648901651269e-09,1.017
2280.1629999997094,1.8989873271368366e-05,0.013770582680788075,-1.1768085074776111,0.5069607613574665,0.934068055375491,5.8969532318570884e-09,1.017
2280.162000000477,1.8733002871988392e-05,0.013638181696985847,-1.1618922282752928,0.5444284519185256,0.934068055375491,6.383427474323059e-09,1.017
2280.1630000006407,1.88708362888203e-05,0.013707470110932393,-1.1789528268054712,0.5202749014478077,0.934068055375491,6.122389771761322e-09,1.017
2280.162000000477,1.874553375363381e-05,0.013622350056162537,-1.1724986089660794,0.5252363199836743,0.934068055375491,6.1540351926377754e-09,1.017
2280.1619999995455,1.8839511761587118e-05,0.013672388618171865,-1.1665008011357674,0.5134188227944708,0.934068055375491,5.983967145723991e-09,1.019
2280.162000000477,1.8563843352820652e-05,0.013494150779621426,-1.1615392428010594,0.5332478619133433,0.934068055375491,6.150077153465577e-09,1.018
2280.1619999995455,1.8626494258080994e-05,0.013554082702076763,-1.1661949156896962,0.5393644953537433,0.934068055375491,6.284546475096887e-09,1.018
2280.162000000477,1.8620229373465206e-05,0.013502826214888231,-1.1574575551670907,0.5116929403313901,0.934068055375491,5.84554261697724e-09,1.018
2280.1619999995455,1.8733004290839004e-05,0.013596052058555333,-1.1898912406824058,0.5086105820625604,0.934068055375491,5.9167284810438845e-09,1.018
2280.1619999995455,1.8664083940769225e-05,0.013540873795951806,-1.1667577377040805,0.5129079532142161,0.934068055375491,5.928593958521375e-09,1.018
2280.162000000477,1.8519985902748536e-05,0.013455971087020667,-1.1525159132986564,0.5322649468868988,0.934068055375491,6.067024420982664e-09,1.019
2280.1629999997094,1.8620227638259172e-05,0.013523468879186097,-1.1485388886481045,0.5291981080033139,0.934068055375491,6.027468566812506e-09,1.019
2280.1619999995455,1.865155506495693e-05,0.01356572693844385,-1.169167453906085,0.5345403768064917,0.934068055375491,6.24500345091447e-09,1.017
2280.162000000477,1.8833249413707492e-05,0.013682874428700231,-1.1642390720307612,0.5238964698470331,0.934068055375491,6.114485341351009e-09,1.017
2280.1619999995455,1.8764329518269914e-05,0.013619935079836004,-1.1787736244801528,0.51219850788949,0.934068055375491,6.015606769626278e-09,1.017
2280.1619999995455,1.866408559441737e-05,0.013540873795951806,-1.1667577377040805,0.5129079532142161,0.934068055375491,5.928596686933674e-09,1.017
2280.162000000477,1.8764329079719582e-05,0.013647729712878597,-1.1781349050863286,0.5315115915911905,0.934068055375491,6.276639657339094e-09,1.016
2280.162000000477,1.8826981636231023e-05,0.01367854639861075,-1.1837857327256596,0.5185497243978046,0.934068055375491,6.157990271654916e-09,1.016
2280.161999998614,1.8739268150744263e-05,0.013604469079951942,-1.1703537465988498,0.5165392760750472,0.934068055375491,6.023521430283776e-09,1.016
2280.162000000477,1.8739269392312102e-05,0.013604469079951942,-1.1703537465988498,0.5165392760750472,0.934068055375491,6.0235143000310074e-09,1.016
2280.161999998614,1.8814450916353237e-05,0.013674698110783009,-1.1847369523513291,0.5206410751211056,0.934068055375491,6.197538833679216e-09,1.016
2280.162000000477,1.8764329006441843e-05,0.013647729712878597,-1.1781349050863286,0.5315115915911905,0.934068055375491,6.276641602153636e-09,1.016
2280.162000000477,1.8883368762322516e-05,0.013711309200802074,-1.1753122253881267,0.517660099539446,0.934068055375491,6.051207884039368e-09,1.016
2280.161999998614,1.8864572648579242e-05,0.013690084771564831,-1.1770396775983132,0.5114755488778925,0.934068055375491,5.991877002237083e-09,1.016
2280.154000001028,1.9058881667311556e-05,0.013817989799723492,-1.1848472588969337,0.5035099172405572,0.934068055375491,5.908802855125566e-09,1.016
2280.414999999106,1.863686693601065e-05,0.01351986842041231,-1.2205342507617112,0.4964050459921176,0.934068055375491,5.7374508936288615e-09,1.016
2280.4199999999255,1.901277164442113e-05,0.013773639965337233,-1.1847465103521333,0.49533640785555905,0.934068055375491,5.848567326120698e-09,1.016
2280.4579999987036,1.8943559972893895e-05,0.013740451229854077,-1.1575490874238503,0.5149252138112046,0.934068055375491,5.978461411049708e-09,1.016
2280.4580000005662,1.8837064451263265e-05,0.013686239728089503,-1.175663075846287,0.523598725507803,0.934068055375491,6.085215972076078e-09,1.016
2280.4589999988675,1.8956087101575287e-05,0.013777938123948978,-1.137538517360807,0.5395981232941963,0.934068055375491,6.310591453346219e-09,1.016
2280.4589999988675,1.8730566644059896e-05,0.013616553393417469,-1.1814746049458085,0.5254237441988177,0.934068055375491,6.097073481449039e-09,1.016
2280.45900000073,1.8793211255299174e-05,0.013663243045716287,-1.1518875086007647,0.53600450429691,0.934068055375491,6.168246523537567e-09,1.016
2280.430999999866,1.9031482128351058e-05,0.01381494232991747,-1.1743979208239084,0.5176780432780819,0.934068055375491,6.136580010855247e-09,1.016
2280.4589999988675,1.8755623945257087e-05,0.013659775755268064,-1.1515510756502376,0.5498186186767505,0.934068055375491,6.4687499580709985e-09,1.016
2280.4580000005662,1.8956087842866183e-05,0.013772971242331974,-1.156743965947603,0.5308456575980685,0.934068055375491,6.2077961572862705e-09,1.016
2280.4580000005662,1.8655398573805715e-05,0.013545634371498251,-1.2266537039413452,0.49891446610766554,0.934068055375491,5.8756470131383255e-09,1.016
2280.4580000005662,1.8837064121776017e-05,0.013686239728089503,-1.175663075846287,0.523598725507803,0.934068055375491,6.085222104096347e-09,1.016
2280.4589999988675,1.8893440566250376e-05,0.013724354073574486,-1.203125249300333,0.5138291165094167,0.934068055375491,6.033808398009507e-09,1.016
2280.4580000005662,1.8786950218032137e-05,0.01364001466274867,-1.2235452376881686,0.5024762840336615,0.934068055375491,5.879613963794453e-09,1.016
2280.4580000005662,1.9012467457203212e-05,0.013815609021377854,-1.1654900971517057,0.5296586028210146,0.934068055375491,6.259195457519576e-09,1.016
2280.4579999987036,1.8786950014099312e-05,0.01364001466274867,-1.2235452376881686,0.5024762840336615,0.934068055375491,5.879604298440571e-09,1.016
2280.45900000073,1.863660147981878e-05,0.013523760766264574,-1.202055965898937,0.5049301008857201,0.934068055375491,5.8400634882904255e-09,1.016
2280.45900000073,1.889970687299019e-05,0.0137514592527101,-1.1904982935497455,0.5302458710776202,0.934068055375491,6.2908237979604646e-09,1.016
2280.45900000073,1.882453478585394e-05,0.013659294117540348,-1.1987310546811825,0.5023362753745962,0.934068055375491,5.840064577744174e-09,1.016
2280.4580000005662,1.8730569583429255e-05,0.013601470508735402,-1.1963318686437598,0.5121053958539131,0.934068055375491,5.9310097221560824e-09,1.016
2280.4580000005662,1.8730571485522854e-05,0.013601470508735402,-1.1963318686437598,0.5121053958539131,0.934068055375491,5.931005387772198e-09,1.016
2280.45900000073,1.8824533285282194e-05,0.013659294117540348,-1.1987310546811825,0.5023362753745962,0.934068055375491,5.840063904899222e-09,1.016
2280.45900000073,1.863660003626902e-05,0.013523760766264574,-1.202055965898937,0.5049301008857201,0.934068055375491,5.840062282476185e-09,1.016
2280.4589999988675,1.8705511156512616e-05,0.013597987467191413,-1.1973157182466008,0.5197305188160672,0.934068055375491,6.152428745188147e-09,1.015
2280.4589999988675,1.888091205676797e-05,0.013724737558606741,-1.1844518481985062,0.5244889048510935,0.934068055375491,6.168245844985101e-09,1.016
2280.45900000073,1.871803773831505e-05,0.013566211898063396,-1.2088333815990189,0.4900060095232102,0.934068055375491,5.709584996070442e-09,1.015
2280.4580000005662,1.888091724270264e-05,0.01375958995717069,-1.144792879619145,0.5568019302661665,0.934068055375491,6.5557387448613385e-09,1.015
2280.45900000073,1.897487939012099e-05,0.013758346748906889,-1.207454742280072,0.491974798999867,0.934068055375491,5.7688938223892185e-09,1.016
2280.45900000073,1.866165884838946e-05,0.013540873795951806,-1.1667577377040805,0.5129079532142161,0.934068055375491,5.927052252357393e-09,1.015
2280.4579999987036,1.868045391246675e-05,0.013617326424352457,-1.1631180763095261,0.5548987017711295,0.934068055375491,6.492481945656343e-09,1.015
2280.4580000005662,1.893103115550824e-05,0.013720518633745077,-1.1983870221584847,0.4905035770094623,0.934068055375491,5.6858651401522275e-09,1.015
2280.45900000073,1.8692980825619477e-05,0.013599922600398924,-1.2150905603195712,0.5223626764988731,0.934068055375491,6.176152447286242e-09,1.015
2280.4579999987036,1.8667924544903326e-05,0.013591405953376335,-1.1748070476369814,0.5406830516912436,0.934068055375491,6.365952436531897e-09,1.015
2280.45900000073,1.878068392043426e-05,0.01362119092096069,-1.178359087542185,0.5038615612295176,0.934068055375491,5.7965682349008166e-09,1.015
2280.4580000005662,1.866166172805565e-05,0.013526873836532696,-1.1815122836575473,0.4993781577362762,0.934068055375491,5.7609911304004615e-09,1.015
2280.157999999821,1.877697017732737e-05,0.013646958404135713,-1.2044418143618598,0.5152292585973035,0.934068055375491,6.16577477854567e-09,1.015
2280.216000000015,1.8726217509560344e-05,0.013592858031837273,-1.2027477409929002,0.5055599672594061,0.934068055375491,5.88104069163985e-09,1.015
2280.200999999419,1.868239776604221e-05,0.013553403146151312,-1.1880495852172417,0.5054362356905154,0.934068055375491,5.885119879367154e-09,1.015
2280.235999999568,1.8851401455129976e-05,0.01370852596782477,-1.1700476880614423,0.530056223716012,0.934068055375491,6.236781610818451e-09,1.015
2280.123999999836,1.89526531666557e-05,0.013773639965337278,-1.1977431938713736,0.5160550272770185,0.934068055375491,6.1740943550376936e-09,1.015
2280.2620000001043,1.8663293821883698e-05,0.013540873795951806,-1.1667577377040805,0.5129079532142161,0.934068055375491,5.928294941765954e-09,1.015
2280.2020000014454,1.8764007384533494e-05,0.013647729712878597,-1.1781349050863286,0.5315115915911905,0.934068055375491,6.276433542467853e-09,1.015
2280.1860000006855,1.886446508112751e-05,0.013690084771564831,-1.1770396775983132,0.5114755488778925,0.934068055375491,5.9917177421680564e-09,1.015
2280.232999999076,1.8763764317514813e-05,0.013619935079836004,-1.1787736244801528,0.51219850788949,0.934068055375491,6.015366522904716e-09,1.015
2280.1749999988824,1.8764424728071004e-05,0.013647729712878597,-1.1781349050863286,0.5315115915911905,0.934068055375491,6.276454157134753e-09,1.015
2280.18200000003,1.89082114108884e-05,0.013712844535805001,-1.2040485605902984,0.4953825175030954,0.934068055375491,5.806003243745717e-09,1.015
2280.139000000432,1.8620369392446662e-05,0.013502826214888231,-1.1574575551670907,0.5116929403313901,0.934068055375491,5.8455641740355855e-09,1.015
2280.196000000462,1.907096141266051e-05,0.013878798673933492,-1.18053996751027,0.533880621023516,0.934068055375491,6.399150634946301e-09,1.015
2280.214999999851,1.895809110867586e-05,0.01376838483819475,-1.1709269484388913,0.5188095219671153,0.934068055375491,6.082578676942914e-09,1.015
2280.19299999997,1.876394776113957e-05,0.013619935079836004,-1.1787736244801528,0.51219850788949,0.934068055375491,6.015404812487493e-09,1.015
2280.143999999389,1.896489451786213e-05,0.013758346748906912,-1.1733909370372309,0.5082929989406952,0.934068055375491,5.952466652676678e-09,1.015
2280.1699999999255,1.8770660531457287e-05,0.013637795778065105,-1.1809392004523602,0.5209084354885256,0.934068055375491,6.145678574085709e-09,1.015
2280.212999999523,1.87636904005137e-05,0.013619935079836004,-1.1787736244801528,0.51219850788949,0.934068055375491,6.015192439322537e-09,1.015
2280.197000000626,1.8832843605166726e-05,0.013695946384548267,-1.185547256045273,0.5273255326386209,0.934068055375491,6.288336940150257e-09,1.015
2280.1749999988824,1.8682746900800633e-05,0.013595277817954578,-1.1724503831363196,0.5382523940149061,0.934068055375491,6.312184508108691e-09,1.015
2280.1569999996573,1.8639159751676418e-05,0.013521425493209662,-1.1480383937038727,0.5168630307896956,0.934068055375491,5.841412468020802e-09,1.015
2280.1860000006855,1.893951716416464e-05,0.013755286065249303,-1.1866439499262444,0.5164463968355132,0.934068055375491,6.134056223292135e-09,1.014
2280.2989999987185,1.8857114982891707e-05,0.01372627139159754,-1.1718612797303851,0.538672860022964,0.934068055375491,6.366782619771833e-09,1.015
2280.197999998927,1.865754850938673e-05,0.013551461370020482,-1.164547958112336,0.5234665598444774,0.934068055375491,6.058857951683068e-09,1.014
2280.216000000015,1.922124043609341e-05,0.013951042217245538,-1.2012615034954612,0.5065487502491911,0.934068055375491,5.9874908585479565e-09,1.014
2280.162000000477,1.883330525724075e-05,0.013682874428700231,-1.1642390720307612,0.5238964698470331,0.934068055375491,6.1140909022749256e-09,1.015
2280.19299999997,1.8732755525773064e-05,0.013638181696985847,-1.1618922282752928,0.5444284519185256,0.934068055375491,6.383614629727473e-09,1.014
2280.198999999091,1.885164753192435e-05,0.013682393604075341,-1.1732682732861228,0.5138590871109575,0.934068055375491,5.999869169363212e-09,1.014
2280.1919999998063,1.8857842413611415e-05,0.01372627139159754,-1.1718612797303851,0.538672860022964,0.934068055375491,6.367443886704155e-09,1.014
2280.2119999993593,1.870112530616874e-05,0.013612977554331614,-1.1612786113352596,0.5419142701128635,0.934068055375491,6.316095437156109e-09,1.014
2280.1720000002533,1.8977055317882905e-05,0.013782044000876792,-1.187189413482143,0.5149822177941022,0.934068055375491,6.078926100125184e-09,1.014
2280.2439999990165,1.8826414309598004e-05,0.013673928323253445,-1.1842167796562784,0.5157863737229349,0.934068055375491,6.006976324558839e-09,1.014
2280.196000000462,1.858224341171357e-05,0.01352035502492444,-1.1675037180168941,0.5392403764127245,0.934068055375491,6.2725629425091126e-09,1.014
2280.1830000001937,1.8876924889676514e-05,0.013716202481966894,-1.2102630042341433,0.5120042122485985,0.934068055375491,6.0550103817728646e-09,1.014
2280.2180000003427,1.8776407978911757e-05,0.013640014662748686,-1.2051507388274025,0.5130763304859025,0.934068055375491,6.015054641249538e-09,1.014
2280.1790000014007,1.869523648922875e-05,0.013599922600398924,-1.2150905603195712,0.5223626764988731,0.934068055375491,6.177518294665302e-09,1.014
2280.196000000462,1.889570232938733e-05,0.013732788270566546,-1.194078598488495,0.5178524200068959,0.934068055375491,6.154278078933833e-09,1.014
2280.2030000016093,1.8876860199274753e-05,0.013720039128377517,-1.216213959248494,0.5119348315227884,0.934068055375491,6.102645138301102e-09,1.014
2280.233000000939,1.8776423471837225e-05,0.013673928323253447,-1.166187579615884,0.5453914138741935,0.934068055375491,6.402343954972882e-09,1.014
2280.2219999991357,1.8989504192965635e-05,0.013789679588659539,-1.166899750045771,0.52029592573173,0.934068055375491,6.149967516082705e-09,1.014
2280.2560000009835,1.8613169531489005e-05,0.013507405376311158,-1.1880318431827726,0.5103323285784119,0.934068055375491,5.936259238029809e-09,1.014
2280.2190000005066,1.8895573093398954e-05,0.013767237998424449,-1.1238884538448235,0.5621406411795915,0.934068055375491,6.6285241433259386e-09,1.014
2280.2099999990314,1.8882831815188936e-05,0.013732021739446456,-1.152811444564591,0.5364001925114682,0.934068055375491,6.209608055325587e-09,1.014
2280.176000000909,1.8582530527477495e-05,0.013506723471936767,-1.1833595025118846,0.5257320508519716,0.934068055375491,6.106561832732933e-09,1.014
2280.1840000003576,1.8927101167771443e-05,0.01378128020941907,-1.1951669108105942,0.5340588988910621,0.934068055375491,6.355579502678926e-09,1.014
2280.254999998957,1.8832397960857676e-05,0.013678642591934836,-1.2322091931480375,0.5034866251959548,0.934068055375491,5.963484959691848e-09,1.014
2280.162999998778,1.8570070718528903e-05,0.013468872496084767,-1.1788789825616124,0.509322916052939,0.934068055375491,5.853069110131475e-09,1.014
2280.2249999996275,1.9051911433725348e-05,0.01380417556965622,-1.1607713526160797,0.5001366462693758,0.934068055375491,5.8175088492622675e-09,1.014
2280.233000000939,1.8732274779981273e-05,0.013601470508735402,-1.1963318686437598,0.5121053958539131,0.934068055375491,5.932426868245621e-09,1.014
2280.2400000002235,1.856941527464195e-05,0.013483323032546526,-1.163771514801514,0.5227197716603054,0.934068055375491,6.019167283166157e-09,1.014
2280.2239999994636,1.895170244430055e-05,0.013770582680788035,-1.1845734271128046,0.5196754017360352,0.934068055375491,6.117941617567031e-09,1.014
2280.1840000003576,1.893315700564828e-05,0.013758824919225246,-1.1637115272577523,0.5272362924347519,0.934068055375491,6.1618071968227924e-09,1.014
2280.247999999672,1.8544387398440262e-05,0.01350087716448548,-1.1608330060493484,0.546710653770549,0.934068055375491,6.319900081807421e-09,1.014
2280.1919999998063,1.895836542414622e-05,0.01376838483819475,-1.1709269484388913,0.5188095219671153,0.934068055375491,6.0825784626724014e-09,1.014
2280.2039999999106,1.914616621459298e-05,0.013926120856335466,-1.1505632292364292,0.5387849444817643,0.934068055375491,6.438558201133623e-09,1.014
2280.1660000011325,1.8520092323176694e-05,0.013455971087020667,-1.1525159132986564,0.5322649468868988,0.934068055375491,6.06689662560225e-09,1.014
2280.1919999998063,1.8845566597469385e-05,0.013677103417563828,-1.1838137912315958,0.5083578786276844,0.934068055375491,5.948411551513466e-09,1.014
2280.235999999568,1.8638527830097792e-05,0.013529208169150538,-1.1639123559730613,0.5177426876616495,0.934068055375491,5.9678434957417774e-09,1.013
2280.2109999991953,1.883912330673351e-05,0.01372847597629025,-1.1635805494821168,0.5505236064080474,0.934068055375491,6.49020841557742e-09,1.013
2280.1949999984354,1.9127321686209126e-05,0.01388780229667668,-1.2210032308929257,0.5008785251236991,0.934068055375491,6.0077520941966815e-09,1.013
2280.2020000014454,1.8663636692615836e-05,0.013526873836532696,-1.1815122836575473,0.4993781577362762,0.934068055375491,5.762280584651182e-09,1.013
2280.1510000005364,1.8745653833965086e-05,0.013649754190961975,-1.169806775530292,0.5434588046249694,0.934068055375491,6.399300941817291e-09,1.013
2280.213999999687,1.8857826155000123e-05,0.01372627139159754,-1.1718612797303851,0.538672860022964,0.934068055375491,6.3674446096467825e-09,1.013
2280.1880000010133,1.876418415632962e-05,0.013619935079836004,-1.1787736244801528,0.51219850788949,0.934068055375491,6.015747204168121e-09,1.013
2280.2030000016093,1.900837664629998e-05,0.013833597545563873,-1.1497319634247882,0.54275475344372,0.934068055375491,6.56503310583282e-09,1.013
2280.2229999992996,1.87574506101034e-05,0.013619258809726581,-1.160671957357894,0.5203492763354639,0.934068055375491,6.019554750056259e-09,1.013
2280.175000000745,1.8670203783020476e-05,0.013591405953376335,-1.1748070476369814,0.5406830516912436,0.934068055375491,6.367904113826165e-09,1.013
2280.2069999985397,1.892682541828248e-05,0.013774404180446979,-1.179217907633194,0.5344824962898375,0.934068055375491,6.379243283569847e-09,1.013
2280.2269999999553,1.8763713834330536e-05,0.013647729712878597,-1.1781349050863286,0.5315115915911905,0.934068055375491,6.276418329538653e-09,1.013
2280.229000000283,1.8757472979259535e-05,0.013630075105017615,-1.1762632886214626,0.5227918169609044,0.934068055375491,6.145895423681187e-09,1.013
2280.2050000000745,1.903322543472001e-05,0.013835880129119639,-1.2239336528472136,0.5092242864704778,0.934068055375491,6.153661435106647e-09,1.013
2280.2010000012815,1.8864316254526938e-05,0.013733842181000572,-1.1392612037162972,0.5508497190306627,0.934068055375491,6.43441316789908e-09,1.013
2280.194000000134,1.8664091402600162e-05,0.013597503640858391,-1.1641108792303954,0.5502143850329809,0.934068055375491,6.4344042605418145e-09,1.013
2280.2420000005513,1.8907781573570183e-05,0.01374925835320427,-1.1737913013615755,0.5281998972817074,0.934068055375491,6.256275668212798e-09,1.013
2280.16599999927,1.883305353995333e-05,0.013682874428700231,-1.1642390720307612,0.5238964698470331,0.934068055375491,6.114353005323074e-09,1.013
2280.200999999419,1.8682432648883145e-05,0.013617326424352457,-1.1631180763095261,0.5548987017711295,0.934068055375491,6.494056122819116e-09,1.013
2280.407999999821,1.8962915442401665e-05,0.013785862323409422,-1.1727809358572159,0.5275060650221982,0.934068055375491,6.211651696558621e-09,1.013
2280.4580000005662,1.8862121634329223e-05,0.013704686098288812,-1.13946004944538,0.5321145146305492,0.934068055375491,6.172207192743188e-09,1.013
2280.4579999987036,1.8774419398177825e-05,0.013645415655854969,-1.1668025872509686,0.5263781791872221,0.934068055375491,6.140573968113223e-09,1.013
2280.4589999988675,1.884332805739683e-05,0.013700172876358324,-1.1902600757333366,0.5217862255129035,0.934068055375491,6.128704755416806e-09,1.013
2280.1990000009537,1.8732727490546055e-05,0.013601470508735402,-1.1963318686437598,0.5121053958539131,0.934068055375491,5.93200364062155e-09,1.013
2280.197000000626,1.8883081904048172e-05,0.013725121032924286,-1.190441667090843,0.5202678408413245,0.934068055375491,6.161521505314442e-09,1.013
2280.1879999991506,1.8795515547588045e-05,0.013653994981226835,-1.1826014940772602,0.5184969738527416,0.934068055375491,6.066987470699133e-09,1.013
2280.4170000012964,1.8968785451649798e-05,0.013793209618466112,-1.18528572671082,0.5252285195666596,0.934068055375491,6.207715161369794e-09,1.013
2280.4380000010133,1.9169165385114853e-05,0.013937831893617282,-1.183108389600561,0.5268456990823609,0.934068055375491,6.373992282358321e-09,1.013
2280.466000000015,1.8968554416874652e-05,0.013769149344974413,-1.2056664427714114,0.5023707044506017,0.934068055375491,5.899271058321104e-09,1.013
2280.4589999988675,1.889970666229385e-05,0.013743802431028964,-1.2059607293561565,0.5220143014701876,0.934068055375491,6.164289988184364e-09,1.013
2280.4580000005662,1.893729392878299e-05,0.013777460616987123,-1.1660891567095775,0.5355805669982869,0.934068055375491,6.290826289162155e-09,1.013
2280.45900000073,1.8874650016655352e-05,0.013731542635767266,-1.2015768996820784,0.5241943285116885,0.934068055375491,6.251273162831584e-09,1.012
2280.4700000006706,1.894980118424852e-05,0.013781280209419051,-1.1630524063682357,0.5330776085328967,0.934068055375491,6.22744323714745e-09,1.013
2280.45900000073,1.8812004465428677e-05,0.013649272199606335,-1.195439220220579,0.5017505470212192,0.934068055375491,5.879601850125494e-09,1.013
2280.4580000005662,1.8918501374010255e-05,0.013778702100667742,-1.1695455636734318,0.5448521641735955,0.934068055375491,6.468757913013369e-09,1.012
2280.4539999999106,1.8893502962067482e-05,0.013724354073574535,-1.2031252493002398,0.5138291165095529,0.934068055375491,6.033840338416681e-09,1.012
2280.460000000894,1.879945112774133e-05,0.013647729712878604,-1.2068224626511959,0.5074080799030332,0.934068055375491,5.942864657353794e-09,1.012
2280.4580000005662,1.903126057154194e-05,0.01388827600986945,-1.1563018608506967,0.5666471395072588,0.934068055375491,6.808802584713715e-09,1.012
2280.2779999990016,1.8838708097723328e-05,0.01367777682766348,-1.2429142576707999,0.4955574898106548,0.934068055375491,5.911811292224007e-09,1.012
2280.2730000000447,1.8656860443644665e-05,0.013558450462621732,-1.2087475826349563,0.5161593040108685,0.934068055375491,6.003457822791854e-09,1.012
2280.2289999984205,1.9058408310834843e-05,0.013862482499632995,-1.215235842634005,0.5166509995494065,0.934068055375491,6.272046691152664e-09,1.012
2280.1710000000894,1.8952188300498818e-05,0.013775932483482632,-1.146373369820551,0.5333678280012186,0.934068055375491,6.252817999231274e-09,1.012
2280.408999999985,1.8731077239148322e-05,0.013632777837951663,-1.2024114623789781,0.5279760205243145,0.934068055375491,6.271545079224234e-09,1.012
2280.45900000073,1.9012467138242676e-05,0.013815609021377902,-1.1654900971517819,0.5296586028209348,0.934068055375491,6.259184312505212e-09,1.012
2280.4579999987036,1.8893445427327425e-05,0.013724354073574535,-1.2031252493002398,0.5138291165095529,0.934068055375491,6.033814087554556e-09,1.012
2280.4589999988675,1.8899707396011447e-05,0.013759111813439714,-1.191045202994177,0.5353021181059542,0.934068055375491,6.330361197763832e-09,1.012
2280.4589999988675,1.8899705175889666e-05,0.013743802431028964,-1.2059607293561565,0.5220143014701876,0.934068055375491,6.164291789478717e-09,1.012
2280.45900000073,1.8605279795677596e-05,0.013541748312844248,-1.1176840656091656,0.5556167901931407,0.934068055375491,6.32640374096885e-09,1.012
2280.4589999988675,1.905005290287219e-05,0.013820179753572404,-1.1823985879224101,0.5046826155885841,0.934068055375491,5.871690833722347e-09,1.012
2280.4580000005662,1.8799478809808477e-05,0.013647729712878604,-1.2068224626511959,0.5074080799030332,0.934068055375491,5.942868356639174e-09,1.012
2280.4579999987036,1.8761891190124144e-05,0.013666228063137347,-1.2102423770378476,0.5310958670735747,0.934068055375491,6.377815755994095e-09,1.012
2280.4579999987036,1.8793212693551124e-05,0.013674409445537647,-1.2116063732789006,0.5241344886948497,0.934068055375491,6.1761602213592145e-09,1.012
2280.4589999988675,1.8605280268875408e-05,0.013541748312844248,-1.1176840656091656,0.5556167901931407,0.934068055375491,6.326401227715843e-09,1.012
2280.4580000005662,1.8949824480850184e-05,0.013778224620182768,-1.1851448843814967,0.5247269909862297,0.934068055375491,6.1563893996969565e-09,1.012
2280.45900000073,1.889970410620797e-05,0.013743802431028964,-1.2059607293561565,0.5220143014701876,0.934068055375491,6.164295005494762e-09,1.012
2280.4580000005662,1.8837064054591305e-05,0.013710829373355323,-1.1673572364143594,0.5395382989106046,0.934068055375491,6.3303676138824705e-09,1.012
2280.194000000134,1.889572592351437e-05,0.013739685126247281,-1.1573708840084453,0.534447989704971,0.934068055375491,6.2091596330742625e-09,1.012
2280.2119999993593,1.866370508251011e-05,0.013588985477797416,-1.1378019427062724,0.5527437899907707,0.934068055375491,6.3162070093967775e-09,1.012
2280.234999999404,1.9001725188662813e-05,0.01378586232340943,-1.2022367136765761,0.5017092564585313,0.934068055375491,5.88081298863027e-09,1.012
2280.1889999993145,1.8795431209912743e-05,0.013653994981226845,-1.2197438614301168,0.5077454375405366,0.934068055375491,5.995784544779339e-09,1.012
2280.169000001624,1.8927144242335853e-05,0.013785098743513632,-1.180013459584935,0.5410960225386932,0.934068055375491,6.4667059750297366e-09,1.012
2280.1689999997616,1.86764254536872e-05,0.013599051824532282,-1.140030633832756,0.5539636780006009,0.934068055375491,6.434706405157429e-09,1.012
2280.2070000004023,1.8688799554514842e-05,0.013633839479301796,-1.1454800602589816,0.5668675515488493,0.934068055375491,6.569127389066402e-09,1.012
2280.177999999374,1.8920932963561006e-05,0.013739685126247283,-1.1667310478791395,0.5239612964708933,0.934068055375491,6.169721861214403e-09,1.012
2280.1990000009537,1.860111211897322e-05,0.013519089816762182,-1.180927328578058,0.5257600859394219,0.934068055375491,6.0547813034037614e-09,1.012
2280.177999999374,1.9002146509675057e-05,0.013810274588527429,-1.1952978670323897,0.5184419166464777,0.934068055375491,6.1262447053911265e-09,1.012
2280.216000000015,1.8782660286357837e-05,0.01367055999315009,-1.1921782778607724,0.5338340803618373,0.934068055375491,6.280218650665927e-09,1.012
2280.177000001073,1.8864512236438935e-05,0.013746865671471188,-1.1688046646582266,0.5508881624058894,0.934068055375491,6.5056521437227766e-09,1.011
2280.1980000007898,1.8895623453030163e-05,0.013724354073574535,-1.2031252493002398,0.5138291165095529,0.934068055375491,6.035388497341997e-09,1.012
2280.198999999091,1.8532283229840505e-05,0.013463791598599725,-1.15727253233323,0.53024536558414,0.934068055375491,6.066995379100911e-09,1.011
2280.1879999991506,1.91838555470881e-05,0.013928766144773523,-1.1995606299826644,0.5082013347736757,0.934068055375491,6.051232771422702e-09,1.011
2280.199999999255,1.88455735778988e-05,0.013693640475552276,-1.2054334711120864,0.5134572612786387,0.934068055375491,6.00345098883301e-09,1.011
2280.2050000000745,1.90584037372488e-05,0.013875764559304943,-1.1983477836962102,0.5316724884854614,0.934068055375491,6.383287949543945e-09,1.011
2280.18200000003,1.8895653132090462e-05,0.013724354073574535,-1.2031252493002398,0.5138291165095529,0.934068055375491,6.035121642064751e-09,1.011
2280.231999998912,1.860090906783558e-05,0.013552529381321335,-1.1149796869133013,0.5660313133179796,0.934068055375491,6.458544365639167e-09,1.011
2280.4580000005662,1.8924765735026826e-05,0.013785098743513632,-1.180013459584935,0.5410960225386932,0.934068055375491,6.464803806445621e-09,1.011
2280.321000000462,1.8531200790037093e-05,0.013463791598599725,-1.15727253233323,0.53024536558414,0.934068055375491,6.06704724730968e-09,1.011
2280.4589999988675,1.9269308688291855e-05,0.014002255457416015,-1.21252972295767,0.5106119548017162,0.934068055375491,6.184061170682718e-09,1.011
2280.4579999987036,1.8799478717850145e-05,0.013682393604075324,-1.1544674043136016,0.544220154961684,0.934068055375491,6.298733555952145e-09,1.011
2280.1500000003725,1.8576426833553473e-05,0.013501949177024236,-1.166272296629944,0.5312553011584776,0.934068055375491,6.15050178531221e-09,1.011
2280.216000000015,1.8826602908883743e-05,0.013708525967824776,-1.2005812830483449,0.5348886637546264,0.934068055375491,6.363503924066305e-09,1.011
2280.1990000009537,1.863860630247079e-05,0.01356805458653364,-1.1872948415955236,0.5372595648234334,0.934068055375491,6.268483250979045e-09,1.011
2280.339999999851,1.913862655506552e-05,0.013927915928280988,-1.1615674393075375,0.5406418507133295,0.934068055375491,6.473075416401102e-09,1.011
2280.4150000009686,1.8693344365251723e-05,0.013562719801759968,-1.2292408926951477,0.49541114571735145,0.934068055375491,5.7885473053419955e-09,1.011
2280.4580000005662,1.9012467457205862e-05,0.013815609021377854,-1.1654900971517057,0.5296586028210146,0.934068055375491,6.259195457512221e-09,1.011
2280.4579999987036,1.877442102110746e-05,0.013640014662748686,-1.2051507388274025,0.5130763304859025,0.934068055375491,6.014045078736904e-09,1.011
2280.45900000073,1.8874648774462273e-05,0.01376676012032336,-1.1544581474416682,0.5591515145954475,0.934068055375491,6.607140478006149e-09,1.011
2280.4589999988675,1.9012465886038224e-05,0.013835404621933932,-1.1721849542541587,0.5354880685116087,0.934068055375491,6.346173956245785e-09,1.011
2280.4580000005662,1.9087639044755432e-05,0.013877186883135675,-1.1888467326401593,0.5220724687585823,0.934068055375491,6.275005878475161e-09,1.011
2280.45900000073,1.8993672739868318e-05,0.013798932071569483,-1.1951707596744134,0.5148801817946824,0.934068055375491,6.184059654096097e-09,1.011
2280.396999999881,1.9213413648666268e-05,0.013976954716886415,-1.133670121878154,0.5478376799552852,0.934068055375491,6.520497210152819e-09,1.011
2280.45900000073,1.905631660550655e-05,0.013884864914150565,-1.1747012837729378,0.5486274201957845,0.934068055375491,6.603188235820639e-09,1.011
2280.4580000005662,1.8887180599022703e-05,0.013775932483482667,-1.150200459251193,0.5610155493365608,0.934068055375491,6.583417801632048e-09,1.011
2280.45900000073,1.9125228095303408e-05,0.013877186883135693,-1.2163402899973468,0.49628925630530846,0.934068055375491,5.92705147832283e-09,1.011
2280.4579999987036,1.8736834038375247e-05,0.013640014662748704,-1.1820054755909375,0.5361609682695099,0.934068055375491,6.377812371134631e-09,1.011
2280.2340000011027,1.9152331385330776e-05,0.01386959947055732,-1.1592903116766775,0.4985324059807139,0.934068055375491,5.8095365315027666e-09,1.011
2280.1679999995977,1.884569217479947e-05,0.013710925340188019,-1.2034037497429588,0.5242024402012843,0.934068055375491,6.249363022477745e-09,1.011
2280.2269999999553,1.9258784294872378e-05,0.013988717258073205,-1.1967659465354585,0.5146441172944242,0.934068055375491,6.106169483807621e-09,1.011
2280.4589999988675,1.9024992215620043e-05,0.013823226068735482,-1.1738000044149697,0.521553723439616,0.934068055375491,6.140571225200137e-09,1.011
2280.4569999985397,1.893729785789012e-05,0.013777460616987135,-1.1783568753789184,0.5329139862304105,0.934068055375491,6.346195692319934e-09,1.011
2280.4579999987036,1.8912239081805583e-05,0.01375528606524932,-1.2052698074969712,0.5205697899808293,0.934068055375491,6.211743806714997e-09,1.011
2280.4589999988675,1.8937292580684786e-05,0.013804938094373071,-1.1537252342077642,0.5555255411591772,0.934068055375491,6.6545892874411075e-09,1.01
2280.45900000073,1.9288100702732637e-05,0.01402357038402807,-1.1857652357625486,0.5264339071855915,0.934068055375491,6.3145448920480624e-09,1.011
2280.4589999988675,1.920039808346232e-05,0.013949061466259051,-1.1696975095973363,0.5238623788880578,0.934068055375491,6.1563814276274576e-09,1.01
2280.4580000005662,1.8987411006482063e-05,0.013785862323409441,-1.2034967383938053,0.5058106309544237,0.934068055375491,5.998224542670454e-09,1.011
2280.45900000073,1.9056318974350763e-05,0.013839683598452057,-1.1768938973802532,0.5201033287861503,0.934068055375491,6.120798799519306e-09,1.01
2280.45900000073,1.9156547635835738e-05,0.01390531893689755,-1.214758388952566,0.503387525814416,0.934068055375491,6.002175369648638e-09,1.011
2280.4580000005662,1.893729556419234e-05,0.013777460616987135,-1.1783568753789184,0.5329139862304105,0.934068055375491,6.3461840960595334e-09,1.01
2280.4579999987036,1.9231721553888503e-05,0.013954437136247153,-1.1737472138605203,0.5115585760959335,0.934068055375491,6.097081026050627e-09,1.01
2280.4589999988675,1.8937293105005987e-05,0.013777460616987135,-1.1783568753789184,0.5329139862304105,0.934068055375491,6.346174176002012e-09,1.01
2280.4589999988675,1.9093901222089175e-05,0.013883348602590544,-1.1767624795097409,0.5308331247887019,0.934068055375491,6.294773113710036e-09,1.01
2280.4579999987036,1.905631828164098e-05,0.013839683598452057,-1.1768938973802532,0.5201033287861503,0.934068055375491,6.120808027360567e-09,1.01
2280.4589999988675,1.9093904680081677e-05,0.013883348602590544,-1.1767624795097409,0.5308331247887019,0.934068055375491,6.294773763078512e-09,1.01
2280.4580000005662,1.9024996231412997e-05,0.013807987772148023,-1.1690345844393397,0.5162192103696033,0.934068055375491,6.014047066187506e-09,1.01
2280.45900000073,1.9112695239602602e-05,0.013882495604556353,-1.1855242316180192,0.518933486863223,0.934068055375491,6.1721974941058855e-09,1.01
2400.482999999076,1.82971865384498e-05,0.014013938639457376,-1.1093467550327538,0.5825945313042873,0.9182958340544896,6.369387873903577e-09,1.01
2400.482000000775,1.8297188753123433e-05,0.014013938639457376,-1.1093467550327538,0.5825945313042873,0.9182958340544896,6.3693901338393725e-09,1.01
2400.482000000775,1.8297187806657834e-05,0.014013938639457376,-1.1093467550327538,0.5825945313042873,0.9182958340544896,6.369393896205575e-09,1.01
2400.482000000775,1.8362109810216202e-05,0.01406938588025857,-1.1304416567490094,0.5789942253758108,0.9182958340544896,6.367325284067104e-09,1.01
2400.481999998912,1.8253906767528678e-05,0.013976681260142515,-1.1014505513717956,0.5825476858704597,0.9182958340544896,6.3054376335534696e-09,1.01
2400.482999999076,1.8329645140170175e-05,0.01404736884361522,-1.1167262180156454,0.5843900926054295,0.9182958340544896,6.455000147170216e-09,1.01
2400.482999999076,1.8297185655354006e-05,0.014013938639457376,-1.1093467550327538,0.5825945313042873,0.9182958340544896,6.369386944004154e-09,1.01
2400.482000000775,1.8297186908659283e-05,0.014029560628493384,-1.1097031560913628,0.5907351567248711,0.9182958340544896,6.4828564045505776e-09,1.01
2400.483000000939,1.827554534500957e-05,0.013978555004005239,-1.1123433100183462,0.5710411727098494,0.9182958340544896,6.204343526168979e-09,1.01
2400.483000000939,1.8221442054941972e-05,0.013962875948811706,-1.099899793473323,0.5893756929073355,0.9182958340544896,6.444682925059699e-09,1.01
2400.482999999076,1.829718218784582e-05,0.014013938639457376,-1.1093467550327538,0.5825945313042873,0.9182958340544896,6.369387152661088e-09,1.01
2400.483000000939,1.8221444748318967e-05,0.013962875948811706,-1.099899793473323,0.5893756929073355,0.9182958340544896,6.444683266439567e-09,1.01
2400.482999999076,1.8297183111602207e-05,0.014013938639457376,-1.1093467550327538,0.5825945313042873,0.9182958340544896,6.369389410968768e-09,1.01
2400.483000000939,1.840538786264353e-05,0.014087650789322712,-1.1095086456704901,0.5787951347224711,0.9182958340544896,6.286866973786266e-09,1.01
2400.482999999076,1.840538852375666e-05,0.014072262484354515,-1.1090879665774818,0.570585518451958,0.9182958340544896,6.173402847156586e-09,1.01
2400.481999998912,1.825390582277547e-05,0.014005781119305871,-1.0855198967488084,0.6023549002005394,0.9182958340544896,6.546805461438413e-09,1.01
2400.482999999076,1.8329646149012663e-05,0.01400578111930585,-1.0993618561688805,0.5690449467577481,0.9182958340544896,6.135237986771914e-09,1.01
2400.482999999076,1.8199802071411295e-05,0.013952129040469217,-1.0573389909639426,0.6034879334526386,0.9182958340544896,6.469439509552528e-09,1.01
2400.483000000939,1.8318822854741508e-05,0.01401597727765065,-1.1203194319953016,0.5711013182712543,0.9182958340544896,6.268302208245284e-09,1.01
2400.482999999076,1.8069957364553874e-05,0.013834394681028725,-1.113420032255966,0.5775463792449084,0.9182958340544896,6.199193202735872e-09,1.01
2400.482999999076,1.8329646206533172e-05,0.01402107257632153,-1.0997961575676576,0.5773243966282793,0.9182958340544896,6.248702619725676e-09,1.01
2400.482000000775,1.8221444902862337e-05,0.013962875948811706,-1.099899793473323,0.5893756929073355,0.9182958340544896,6.444685382949446e-09,1.009
2400.483000000939,1.8405389445402394e-05,0.014072262484354515,-1.1090879665774818,0.570585518451958,0.9182958340544896,6.173404884102888e-09,1.009
2400.481999998912,1.829718642479932e-05,0.014013938639457376,-1.1093467550327538,0.5825945313042873,0.9182958340544896,6.369392937255464e-09,1.009
2400.483000000939,1.8405387499072256e-05,0.014072262484354515,-1.1090879665774818,0.570585518451958,0.9182958340544896,6.1734035060010966e-09,1.009
2400.481999998912,1.8221445452916375e-05,0.01394734997870818,-1.0995300097964502,0.5811652673352417,0.9182958340544896,6.33122907538966e-09,1.009
2400.483000000939,1.829718460202518e-05,0.014013938639457376,-1.1093467550327538,0.5825945313042873,0.9182958340544896,6.369384761355338e-09,1.009
2400.483000000939,1.8297183738366587e-05,0.014029560628493384,-1.1097031560913628,0.5907351567248711,0.9182958340544896,6.482845231789066e-09,1.009
2400.482999999076,1.8297185056848132e-05,0.014013938639457376,-1.1093467550327538,0.5825945313042873,0.9182958340544896,6.3693831337157514e-09,1.009
2388.212999999523,1.8632908878666288e-05,0.014473785827850133,-1.0872990633417459,0.550912703571733,0.9587118829771318,7.680620429592238e-09,1.009
2400.483000000939,1.822144309257737e-05,0.01394734997870818,-1.0995300097964502,0.5811652673352417,0.9182958340544896,6.331219223221082e-09,1.009
2400.483000000939,1.8329644882594645e-05,0.01402107257632153,-1.0997961575676576,0.5773243966282793,0.9182958340544896,6.248700343442949e-09,1.009
2400.482999999076,1.8416208184109875e-05,0.014094747417456798,-1.11316202563745,0.5766638356310159,0.9182958340544896,6.283772525847229e-09,1.009
2400.483000000939,1.8329647262593333e-05,0.01404736884361522,-1.1167262180156454,0.5843900926054295,0.9182958340544896,6.455000383081694e-09,1.009
2400.482999999076,1.8329644259275215e-05,0.01400578111930585,-1.0993618561688805,0.5690449467577481,0.9182958340544896,6.135237581357784e-09,1.009
2400.483000000939,1.8329646666735344e-05,0.01400578111930585,-1.0993618561688805,0.5690449467577481,0.9182958340544896,6.135243837237967e-09,1.009
2400.482000000775,1.8405390536355873e-05,0.014087650789322712,-1.1095086456704901,0.5787951347224711,0.9182958340544896,6.2868726113125645e-09,1.009
2400.483000000939,1.8329646357646232e-05,0.01402107257632153,-1.0997961575676576,0.5773243966282793,0.9182958340544896,6.248704966520677e-09,1.009
2473.7079999987036,1.8100072633996575e-05,0.01339639806546441,-1.0780431449331753,0.5724199867474284,4.32224306161801,6.63327343108556e-09,1.012
2483.7230000011623,1.8164105460623325e-05,0.013485375668164247,-1.0922433987764826,0.5610961692011686,4.2973473310026655,6.495337709073542e-09,1.011
2483.7219999991357,1.8091459983620746e-05,0.013434804647020883,-1.0840967095938274,0.5657390583853875,4.295266177910554,6.507201476847115e-09,1.011
2483.7219999991357,1.8091459983620746e-05,0.013434804647020883,-1.0840967095938274,0.5657390583853875,4.295266177910554,6.507201476847115e-09,1.011
2463.6870000008494,1.9212302778601302e-05,0.0141083108722139,-1.1514954728097637,0.5202509288210353,4.35670101160116,6.533611150161074e-09,1.012
2463.6870000008494,1.9212302778601302e-05,0.0141083108722139,-1.1514954728097637,0.5202509288210353,4.35670101160116,6.533611150161074e-09,1.012
2493.7379999998957,1.8122652662656684e-05,0.0135026928743654,-1.1216904926649338,0.5480693563856783,4.364970465605657,6.361223899736905e-09,1.015
2493.7379999998957,1.8122652662656684e-05,0.0135026928743654,-1.1216904926649338,0.5480693563856783,4.364970465605657,6.361223899736905e-09,1.015
2280.4589999988675,1.869924563686192e-05,0.013588985477797442,-1.2172096734194977,0.5119140242789376,0.934068055375491,6.045673783928242e-09,1.014
2280.4589999988675,1.899367279191267e-05,0.013820655784578058,-1.1867389262591805,0.5314255034587737,0.934068055375491,6.397582049206151e-09,1.014
2280.45900000073,1.8536369285622088e-05,0.013515974953637952,-1.1373958882509987,0.5648163406434282,0.934068055375491,6.559690953414832e-09,1.014
2280.45900000073,1.8837061000090317e-05,0.01371082937335536,-1.1579621803065079,0.5438094771555948,0.934068055375491,6.4331627041513285e-09,1.014
2280.4589999988675,1.8630338316610322e-05,0.013587920331948066,-1.1474040829327232,0.5632196443196956,0.934068055375491,6.539922313005438e-09,1.014
2280.4589999988675,1.875562541386751e-05,0.013676333765419628,-1.157896455518022,0.5572555558108342,0.934068055375491,6.524109927233865e-09,1.013
2280.45900000073,1.9093902959371904e-05,0.0138833486025905,-1.1767624795096776,0.530833124788763,0.934068055375491,6.294773914513193e-09,1.014
2280.45900000073,1.8943555457923443e-05,0.013790156672519382,-1.170442740234417,0.5395619312294643,0.934068055375491,6.413392535858149e-09,1.013
2280.4579999987036,1.869924813960894e-05,0.013618389270240066,-1.217212074597252,0.5308727863358735,0.934068055375491,6.306641606362243e-09,1.013
2280.4580000005662,1.8705512076752e-05,0.013615393764721637,-1.2187086634833042,0.5251437398771236,0.934068055375491,6.207790404673572e-09,1.013
2280.4580000005662,1.893103117637824e-05,0.013788248238035304,-1.2431168186430777,0.5212339897926382,0.934068055375491,6.310598445482946e-09,1.013
2280.4589999988675,1.899367447629359e-05,0.013798932071569483,-1.1951707596744134,0.5148801817946824,0.934068055375491,6.184065468013342e-09,1.013
2280.4580000005662,1.8711777156294902e-05,0.013640014662748707,-1.1532003665512516,0.5564049622863946,0.934068055375491,6.504337580073042e-09,1.013
2280.4589999988675,1.88871778462874e-05,0.013746865671471223,-1.1619958169769669,0.5411803375845108,0.934068055375491,6.361989752352819e-09,1.013
2280.4580000005662,1.869924838146958e-05,0.01359672948291532,-1.2173696274713932,0.5172236426912546,0.934068055375491,6.085212667007193e-09,1.013
2280.45900000073,1.8711774471350926e-05,0.0136554404041605,-1.175723815813875,0.5567537808305778,0.934068055375491,6.6783143789697845e-09,1.013
2280.4580000005662,1.9012467449670928e-05,0.013812561026300046,-1.1850496410403502,0.5177377918326099,0.934068055375491,6.037773987022376e-09,1.013
2280.4579999987036,1.879321237113011e-05,0.013709773693859487,-1.1452502652348706,0.5628337382017452,0.934068055375491,6.650644212188637e-09,1.012
2280.4580000005662,1.8905971665978922e-05,0.013732021739446489,-1.1827489732327086,0.5191749407854556,0.934068055375491,6.104991472067304e-09,1.012
2280.45900000073,1.879321237803311e-05,0.013686720417597251,-1.2255384811426766,0.5267120679906601,0.934068055375491,6.302676963475064e-09,1.012
2280.4580000005662,1.8912239497234962e-05,0.013781280209419119,-1.1725836586781415,0.5476823459733435,0.934068055375491,6.607142012677192e-09,1.012
2280.45900000073,1.8761888952157625e-05,0.013647729712878597,-1.1781349050863286,0.5315115915911905,0.934068055375491,6.27499988801841e-09,1.012
2280.4579999987036,1.8536373118667006e-05,0.013503508316067595,-1.147434061928416,0.5548453142373785,0.934068055375491,6.385720581303311e-09,1.012
2280.4589999988675,1.8893440879721687e-05,0.01373240501035492,-1.163896032940541,0.5298435103917526,0.934068055375491,6.239419881943879e-09,1.012
2280.4580000005662,1.865539680246459e-05,0.01355845046262181,-1.2087475826349507,0.5161593040108848,0.934068055375491,6.0021820891975025e-09,1.012
2280.45900000073,1.891849889559218e-05,0.013778702100667823,-1.1695455636735517,0.5448521641734618,0.934068055375491,6.46875597382238e-09,1.012
2400.481999998912,1.7009567232874863e-05,0.013099618315050254,-1.1121413449348347,0.6186420686078952,0.9182958340544896,6.393115103398935e-09,1.006
2280.45900000073,1.8373494795832106e-05,0.013404143114409836,-1.1394920301721565,0.5670453290961371,0.934068055375491,6.528058599050423e-09,1.012
2280.4589999988675,1.8711772670652566e-05,0.013623798836478882,-1.1812214930236191,0.538644586096753,0.934068055375491,6.267094467519672e-09,1.012
2280.4580000005662,1.897488197456435e-05,0.013821702995080226,-1.1778465074689608,0.5433515907863171,0.934068055375491,6.520160592662793e-09,1.011
2280.4580000005662,1.870551264208017e-05,0.013604952658576398,-1.1580735330767262,0.537804381830716,0.934068055375491,6.2077913649891394e-09,1.012
2280.45900000073,1.8667924340047293e-05,0.013580558859905929,-1.1600645007559323,0.5385390819803092,0.934068055375491,6.239413195538496e-09,1.012
2280.4389999993145,3.287568700662719e-05,0.024651465206800713,-1.6970269622347605,0.3736532363691535,0.9709505944546686,8.525142627569223e-09,1.011
2280.391999999061,1.909460508338717e-05,0.013862482499632983,-1.185414173291071,0.514143164017257,0.934068055375491,6.0810134833573066e-09,1.011
2280.4579999987036,1.8749362854336922e-05,0.013672388618171868,-1.187003960652314,0.5500738223927909,0.934068055375491,6.480616849906682e-09,1.011
2280.45900000073,1.876188924560853e-05,0.013680085410629024,-1.1699189106293169,0.5549706394083901,0.934068055375491,6.543877532850452e-09,1.011
2280.4580000005662,1.8649132357946933e-05,0.013616843285160921,-1.1572185629066574,0.5687975956604896,0.934068055375491,6.702041259738547e-09,1.011
2280.45900000073,1.903752353539634e-05,0.013840729369281279,-1.1682179003432644,0.5320157852040107,0.934068055375491,6.243370008151347e-09,1.011
2280.44299999997,1.8855952632104025e-05,0.01372090222597396,-1.1825618218764407,0.5343692842597454,0.934068055375491,6.247590783381685e-09,1.011
2280.2039999999106,1.8901678766599497e-05,0.013759111813439742,-1.1910452029939935,0.5353021181061998,0.934068055375491,6.331795226214421e-09,1.011
2280.4589999988675,1.8818267983544493e-05,0.013699404520289418,-1.154299577066564,0.5450718849483648,0.934068055375491,6.350125799685124e-09,1.011
2280.4580000005662,1.9100169471666518e-05,0.013902953113031736,-1.1794937189604493,0.5388079182984883,0.934068055375491,6.425260698418655e-09,1.011
2280.4580000005662,1.8655396405806285e-05,0.013558450462621763,-1.2087475826349392,0.5161593040109014,0.934068055375491,6.00218503190928e-09,1.011
2280.162999998778,1.887708588396038e-05,0.013731542635767263,-1.2015768996819896,0.524194328511818,0.934068055375491,6.25278514779566e-09,1.011
2280.212999999523,1.8807711712289273e-05,0.013682105101189638,-1.1947919472528223,0.5290316477731819,0.934068055375491,6.240412810712444e-09,1.011
2280.19299999997,1.862622996783711e-05,0.013585111819852442,-1.1767780610612906,0.556221428013629,0.934068055375491,6.4981388380395334e-09,1.01
2280.1919999998063,1.8626133516334027e-05,0.013585111819852442,-1.1767780610612906,0.556221428013629,0.934068055375491,6.49807639654715e-09,1.011
2280.1689999997616,1.8895805976666573e-05,0.013721285807479064,-1.1587420335883771,0.5244203166583952,0.934068055375491,6.122394093990678e-09,1.01
2280.4589999988675,1.890597194383914e-05,0.013753468462058655,-1.1858521699894238,0.5288290140378988,0.934068055375491,6.215693046120539e-09,1.01
2280.4589999988675,1.8837064353702213e-05,0.013727709204379298,-1.1633310758337105,0.5508071019125325,0.934068055375491,6.5043393987911604e-09,1.01
2280.45900000073,1.8755623386426554e-05,0.013676333765419645,-1.1558051417745385,0.5568056517527834,0.934068055375491,6.524104580284132e-09,1.01
2280.45900000073,1.8799477358837226e-05,0.013687777875093348,-1.2061360738738438,0.5295272317630683,0.934068055375491,6.243374069772298e-09,1.01
2280.45900000073,1.8730567701411334e-05,0.013597213336795018,-1.2149391999907884,0.503505851164234,0.934068055375491,5.82819948322572e-09,1.01
2400.482999999076,1.817815853498091e-05,0.013908031252960784,-1.1132729888138055,0.5737008210685148,0.9182958340544896,6.11667476902945e-09,1.01
2280.45900000073,1.8899703142846878e-05,0.013743802431028993,-1.2059607293561572,0.5220143014701933,0.934068055375491,6.164292706888281e-09,1.01
2280.4579999987036,1.8799477661561957e-05,0.01368239360407538,-1.1544674043136172,0.5442201549616904,0.934068055375491,6.298738410604703e-09,1.01
2280.377000000328,1.8881614185564323e-05,0.013754999091239544,-1.1847931778145606,0.5429656138291229,0.934068055375491,6.429672736182043e-09,1.01
2280.4589999988675,1.8755624911395145e-05,0.013634708033467197,-1.1936414201601973,0.5199169131496488,0.934068055375491,6.081255853825347e-09,1.01
2280.4580000005662,1.8855859330814448e-05,0.013720902225973972,-1.182561821876461,0.5343692842597202,0.934068055375491,6.247332256239115e-09,1.01
2400.483000000939,1.812406095207302e-05,0.01386894440999818,-1.0857731218116429,0.5826509734172056,0.9182958340544896,6.1527768470758724e-09,1.01
2280.4580000005662,1.8649132478345826e-05,0.013608337227790344,-1.146742417539262,0.5678724501414473,0.934068055375491,6.599237638749617e-09,1.01
2280.45900000073,1.8949824360925833e-05,0.013812561026300105,-1.1819631595898545,0.5453106097484341,0.934068055375491,6.448976930631282e-09,1.01
2280.45900000073,1.8768154270475094e-05,0.013653609509268258,-1.1592822884283591,0.5365195328032533,0.934068055375491,6.247329698529396e-09,1.01
2280.4589999988675,1.906258099936113e-05,0.013876428328568417,-1.2090415069008122,0.5272262830841559,0.934068055375491,6.385718866908249e-09,1.009
2400.483000000939,1.8167341082358606e-05,0.013935224296382089,-1.1134505311673963,0.5912582426408513,0.9182958340544896,6.404454366061884e-09,1.01
2280.4580000005662,1.8824535263433147e-05,0.013706990149094345,-1.158687760682116,0.5458674651350824,0.934068055375491,6.472714836933845e-09,1.009
2280.4589999988675,1.897488031935347e-05,0.01382170299508031,-1.1778465074688695,0.5433515907864576,0.934068055375491,6.520153646227862e-09,1.01
2280.45900000073,1.8736833298172077e-05,0.013631523064303298,-1.1423503617469208,0.5440218536176853,0.934068055375491,6.3145408475772466e-09,1.009
2400.483000000939,1.8124059165437647e-05,0.013892101215816022,-1.0972803193157497,0.5913499715285042,0.9182958340544896,6.468407436465504e-09,1.009
2400.482000000775,1.8134882170761292e-05,0.013914021704740924,-1.1001849865554394,0.5966256750629345,0.9182958340544896,6.504514866828775e-09,1.009
2400.481999998912,1.8005039599203312e-05,0.013805795884337892,-1.0822222058671969,0.5975361075395702,0.9182958340544896,6.43024756909693e-09,1.009
2400.483000000939,1.8124059099485147e-05,0.013892101215816022,-1.0972803193157497,0.5913499715285042,0.9182958340544896,6.4684096798924366e-09,1.009
2400.481999998912,1.8026678393438708e-05,0.013813037319865643,-1.081399166930969,0.5937031734190704,0.9182958340544896,6.368358374010923e-09,1.009
2400.482999999076,1.8297186109398242e-05,0.01401393863945741,-1.1093467550325882,0.5825945313044868,0.9182958340544896,6.369385933457318e-09,1.009
2400.482000000775,1.8286367475591837e-05,0.01403566884761824,-1.0997627155574996,0.5995944628958356,0.9182958340544896,6.5911599682192475e-09,1.009
2400.482999999076,1.7961753619150072e-05,0.013767629390988856,-1.074137468360424,0.5980602375082891,0.9182958340544896,6.366292149815714e-09,1.009
2400.483000000939,1.8297183339137296e-05,0.01401393863945741,-1.1093467550325882,0.5825945313044868,0.9182958340544896,6.369384610319449e-09,1.009
2400.482999999076,1.8026677764011293e-05,0.013813037319865643,-1.081399166930969,0.5937031734190704,0.9182958340544896,6.3683543951151444e-09,1.009
2400.483000000939,1.8297185326057443e-05,0.01401393863945741,-1.1093467550325882,0.5825945313044868,0.9182958340544896,6.369387958106609e-09,1.009
2400.481999998912,1.812406241557784e-05,0.013881299513751506,-1.1026399321670404,0.5834770183570177,0.9182958340544896,6.30543989356099e-09,1.009
2400.481999998912,1.8069960714591078e-05,0.01385090679513872,-1.0894426919479143,0.5933626107315837,0.9182958340544896,6.432312046716741e-09,1.009
2400.482999999076,1.8124060305403345e-05,0.013892101215816022,-1.0972803193157497,0.5913499715285042,0.9182958340544896,6.4684091534601934e-09,1.009
2280.4589999988675,1.8893440597563645e-05,0.013753851135323241,-1.1664643049281815,0.5423005133499138,0.934068055375491,6.484564838341961e-09,1.009
2280.45900000073,1.888717788980738e-05,0.013765995480856014,-1.1647529471913647,0.5522794521851052,0.934068055375491,6.615046549232343e-09,1.009
2400.483000000939,1.8199803520156336e-05,0.013958782864118936,-1.107219048275042,0.5926866580488492,0.9182958340544896,6.506569062779882e-09,1.009
2280.4589999988675,1.8849592297819835e-05,0.013762936498168992,-1.1430261321956565,0.5727687371828948,0.934068055375491,6.828563751418875e-09,1.008
2400.482999999076,1.8221442873650856e-05,0.013947349978708216,-1.0995300097963743,0.5811652673353367,0.9182958340544896,6.331220887929996e-09,1.009
2280.4580000005662,1.878694927090664e-05,0.013640014662748725,-1.2235452376882685,0.5024762840335579,0.934068055375491,5.879607738948075e-09,1.008
2280.4580000005662,1.9006203064879796e-05,0.013827508813954907,-1.1638625600402437,0.5396816812445235,0.934068055375491,6.389677726090492e-09,1.008
2400.481999998912,1.8221445776133906e-05,0.013917272584471316,-1.1367553281110265,0.5538177355432273,0.9182958340544896,5.9392621927793455e-09,1.008
2400.482999999076,1.8102417115371428e-05,0.013912481549211259,-1.1196476872078065,0.6041263606650834,0.9182958340544896,6.61900429459346e-09,1.008
2400.481999998912,1.8286367419781764e-05,0.014026675267062368,-1.074697104676166,0.604998825530099,0.9182958340544896,6.533397075543304e-09,1.008
2400.483000000939,1.81889820244626e-05,0.013894500453673847,-1.1465319791996778,0.5493487515620856,0.9182958340544896,5.913474751910154e-09,1.008
2400.482999999076,1.8362107475093388e-05,0.014073277616004838,-1.111831451373431,0.5856889431883145,0.9182958340544896,6.4457175644131155e-09,1.008
2400.481999998912,1.8188984771859784e-05,0.01393761611098335,-1.145508862295938,0.5747032825373409,0.9182958340544896,6.247674966941317e-09,1.008
2400.482999999076,1.8069959217534066e-05,0.013871347653140444,-1.095779016447351,0.6024177860223728,0.9182958340544896,6.436433511515669e-09,1.008
2400.4690000005066,1.8124167938753806e-05,0.013885758377354998,-1.1038837162010917,0.5847981585588059,0.9182958340544896,6.321913989667028e-09,1.008
2400.4749999996275,1.796181581383261e-05,0.013741664139882516,-1.1015691741372728,0.5758604573218886,0.9182958340544896,6.131092272049307e-09,1.008
2400.483000000939,1.8308005079839352e-05,0.01404330038538968,-1.0989315554013777,0.5947203608305581,0.9182958340544896,6.510695824802234e-09,1.008
2400.482000000775,1.8188985282707448e-05,0.01390905837078501,-1.146667923433804,0.5579511669971151,0.9182958340544896,6.026933991527684e-09,1.008
2400.482999999076,1.810241786023515e-05,0.013904264505128293,-1.0803892128172747,0.6106255073959549,0.9182958340544896,6.575678765124379e-09,1.008
2400.482000000775,1.8188984440989856e-05,0.01393761611098335,-1.145508862295938,0.5747032825373409,0.9182958340544896,6.247673734718094e-09,1.008
2400.481999998912,1.8275546138190563e-05,0.014016486890869118,-1.1258914642371238,0.5874602810307485,0.9182958340544896,6.425089780272074e-09,1.008
2400.483000000939,1.822144158952247e-05,0.013966285936394932,-1.1019442805422814,0.5897415445810165,0.9182958340544896,6.386918426788531e-09,1.008
2400.485999999568,1.8188953888354833e-05,0.01393761611098335,-1.145508862295938,0.5747032825373409,0.9182958340544896,6.247626385034165e-09,1.008
2400.482999999076,1.8275542636650695e-05,0.014016486890869118,-1.1258914642371238,0.5874602810307485,0.9182958340544896,6.425085186114435e-09,1.008
2400.482999999076,1.8048316486370406e-05,0.0138331899017234,-1.1185864744919225,0.5857412459578226,0.9182958340544896,6.287897597325832e-09,1.007
2400.483000000939,1.8188982876406433e-05,0.01392958482271934,-1.1303040240903077,0.5741724400757661,0.9182958340544896,6.251798630842288e-09,1.007
2400.482000000775,1.8232265731677467e-05,0.013976170195491031,-1.062059362491544,0.6008385840026831,0.9182958340544896,6.517924639106592e-09,1.007
2400.482999999076,1.8156520773772782e-05,0.01389569991725771,-1.1452056526489698,0.5647631107182012,0.9182958340544896,6.20331583208408e-09,1.007
2400.483000000939,1.813487999097241e-05,0.013889358722211946,-1.1030853609130586,0.5828231690174748,0.9182958340544896,6.28789918118394e-09,1.007
2400.482000000775,1.810242206230022e-05,0.01385503174885948,-1.1182893746872706,0.5732359393371489,0.9182958340544896,6.239422745360846e-09,1.007
2400.482999999076,1.8102420106677446e-05,0.01385503174885948,-1.1182893746872706,0.5732359393371489,0.9182958340544896,6.2394193856156776e-09,1.007
2400.483000000939,1.8102418965769603e-05,0.01385503174885948,-1.1182893746872706,0.5732359393371489,0.9182958340544896,6.2394195727466e-09,1.007
2400.483000000939,1.8156519629121155e-05,0.013921206844235848,-1.0994277044969167,0.5928756155453133,0.9182958340544896,6.4426217939646044e-09,1.007
2400.483000000939,1.81998021014664e-05,0.013954006081204234,-1.1371410150109662,0.5802343895352936,0.9182958340544896,6.386918109154312e-09,1.007
2400.483000000939,1.8156520879062596e-05,0.01389569991725769,-1.1044693234844447,0.5769217988654554,0.9182958340544896,6.2404504443052615e-09,1.007
2400.481999998912,1.8210625189522067e-05,0.01393659109784638,-1.1315100942701188,0.5685003714963714,0.9182958340544896,6.204354795179079e-09,1.007
2400.483000000939,1.816734132416579e-05,0.013924798023669822,-1.0970580277800543,0.5905749365356605,0.9182958340544896,6.390017519400551e-09,1.007
2400.482999999076,1.8199801360971196e-05,0.013958782864118847,-1.1072190482749555,0.5926866580489242,0.9182958340544896,6.506571594181794e-09,1.007
2400.483000000939,1.825390486951107e-05,0.013976681260142476,-1.101450551371733,0.582547685870519,0.9182958340544896,6.3054325073331544e-09,1.007
2400.483000000939,1.829718614170064e-05,0.01401393863945732,-1.109346755032685,0.5825945313043512,0.9182958340544896,6.369386049271758e-09,1.007
2400.482999999076,1.8253904783417835e-05,0.013976681260142476,-1.101450551371733,0.582547685870519,0.9182958340544896,6.305434365480995e-09,1.007
2400.482000000775,1.8297186900067303e-05,0.01401393863945732,-1.109346755032685,0.5825945313043512,0.9182958340544896,6.369393549343926e-09,1.007
2400.482999999076,1.8297185163159448e-05,0.01401393863945732,-1.109346755032685,0.5825945313043512,0.9182958340544896,6.369384032916742e-09,1.007
2400.483000000939,1.815652178760247e-05,0.013921206844235848,-1.0994277044969167,0.5928756155453133,0.9182958340544896,6.442620915320348e-09,1.007
2400.482999999076,1.8318825760348724e-05,0.014055671622583654,-1.1125288954301829,0.5942519677825969,0.9182958340544896,6.565364206204942e-09,1.007
2400.482999999076,1.8253900995656328e-05,0.013976681260142476,-1.101450551371733,0.582547685870519,0.9182958340544896,6.305433562869324e-09,1.007
2400.482999999076,1.8297186141705658e-05,0.01401393863945732,-1.109346755032685,0.5825945313043512,0.9182958340544896,6.3693860492836025e-09,1.007
2400.481999998912,1.830800723269629e-05,0.014036686625716558,-1.1133553749845733,0.5885513529764117,0.9182958340544896,6.479761969501413e-09,1.007
2400.482000000775,1.8297187808924477e-05,0.01401393863945732,-1.109346755032685,0.5825945313043512,0.9182958340544896,6.369391737816453e-09,1.007
2400.482999999076,1.8221442896359206e-05,0.014001020370979046,-1.1102898838445154,0.6041235263424354,0.9182958340544896,6.702555033731931e-09,1.007
2400.482999999076,1.82539038773766e-05,0.013976681260142476,-1.101450551371733,0.582547685870519,0.9182958340544896,6.305437196322446e-09,1.006
2400.482999999076,1.828636351127825e-05,0.014038891558469815,-1.0927467059377531,0.6041520811922781,0.9182958340544896,6.6324104355165385e-09,1.006
2400.483000000939,1.832964596183437e-05,0.014093058068222256,-1.1158357407340487,0.6084751278429007,0.9182958340544896,6.789197899267185e-09,1.006
2400.482000000775,1.836211071095007e-05,0.014083593967720683,-1.1063358860413943,0.5955678670333925,0.9182958340544896,6.555053343753702e-09,1.006
2400.483000000939,1.843784941922386e-05,0.01412056925872592,-1.116820850820813,0.5808303133236047,0.9182958340544896,6.37247759437369e-09,1.006
2400.483000000939,1.8286363828167396e-05,0.01401037030882749,-1.108968616869405,0.5842340053284831,0.9182958340544896,6.391045751762945e-09,1.006
2400.482999999076,1.8427030591545286e-05,0.014113485614492095,-1.112466831519032,0.5824747779354413,0.9182958340544896,6.36938793952739e-09,1.006
2400.483000000939,1.8210623429418966e-05,0.013955712262794174,-1.095435822925118,0.5910912363120382,0.9182958340544896,6.441589540799714e-09,1.006
2400.483000000939,1.8253904053621027e-05,0.014026166024018545,-1.1061842829458288,0.6072716144566925,0.9182958340544896,6.751035540781561e-09,1.006
2400.482999999076,1.819980084590738e-05,0.013933686484474192,-1.1162247663252416,0.5774910907309341,0.9182958340544896,6.199189248427446e-09,1.006
2400.481999998912,1.838375080610298e-05,0.014105385665124655,-1.0884408441288997,0.6022258238322922,0.9182958340544896,6.621070655300807e-09,1.006
2400.482000000775,1.815652371177122e-05,0.013930610351377453,-1.0919167895734012,0.6012653267462637,0.9182958340544896,6.459128335142696e-09,1.006
2400.482000000775,1.8210625429924837e-05,0.01397003596136762,-1.119526412506134,0.5922814395563423,0.9182958340544896,6.4230266267311e-09,1.006
2400.482999999076,1.8297186117983375e-05,0.01402667526706235,-1.103898509263443,0.5896497230127815,0.9182958340544896,6.423022464568175e-09,1.006
2400.482999999076,1.8264724895779955e-05,0.014020053664729833,-1.05371263722385,0.6162455284645929,0.9182958340544896,6.655109098638114e-09,1.006
2400.483000000939,1.8221442471361366e-05,0.013977021959528525,-1.0985286925824633,0.5963636105057025,0.9182958340544896,6.461184561957519e-09,1.006
2400.482000000775,1.826472614657067e-05,0.013993365775048044,-1.1165358585487695,0.5809011652158524,0.9182958340544896,6.3745482355089115e-09,1.006
2400.482000000775,1.8134881863462875e-05,0.013901353137289154,-1.1035571064819827,0.5901068937257129,0.9182958340544896,6.376613940277158e-09,1.006
2400.483000000939,1.7875191005291398e-05,0.013704535224307547,-1.0802151909778956,0.5998401598295137,0.9182958340544896,6.32503279949432e-09,1.006
2400.482999999076,1.80807794809245e-05,0.013856062795414733,-1.1145862407147242,0.5841594621580718,0.9182958340544896,6.286865796806633e-09,1.006
2400.482000000775,1.8134881462040704e-05,0.013901353137289154,-1.1035571064819827,0.5901068937257129,0.9182958340544896,6.376606605458463e-09,1.006
2400.483000000939,1.8286364163407282e-05,0.01404330038538967,-1.0923581350206057,0.605734922514136,0.9182958340544896,6.609719902630121e-09,1.006
2400.482999999076,1.8329646131843423e-05,0.014061091199273465,-1.09226985774217,0.5970662037237113,0.9182958340544896,6.49831904075755e-09,1.006
2400.481999998912,1.823226517516712e-05,0.01398179087922847,-1.099064918913955,0.5930062725992467,0.9182958340544896,6.460161178066774e-09,1.006
2400.482999999076,1.817816006404336e-05,0.01392291704520356,-1.1104247943995948,0.5813369607547907,0.9182958340544896,6.341530757216345e-09,1.006
2400.483000000939,1.8308003620086464e-05,0.014018864840941007,-1.1045105211804527,0.5807802568687838,0.9182958340544896,6.393107279326013e-09,1.006
2400.482999999076,1.806995768652105e-05,0.013868944409998188,-1.095383226634848,0.6012902818087578,0.9182958340544896,6.527199255386158e-09,1.006
2400.483000000939,1.8156520724519843e-05,0.01392120684423591,-1.099427704496755,0.5928756155455038,0.9182958340544896,6.4426181643904976e-09,1.006
2400.482999999076,1.8221442135892413e-05,0.01397668126014254,-1.1209669136408615,0.5891405240396057,0.9182958340544896,6.4405572797638484e-09,1.006
2400.483000000939,1.825390425539105e-05,0.013976681260142563,-1.1014505513717616,0.5825476858704882,0.9182958340544896,6.305438349678361e-09,1.005
2400.482999999076,1.813488116083783e-05,0.013924456046484438,-1.117178106953175,0.5974559074399263,0.9182958340544896,6.525137460438899e-09,1.005
2400.482999999076,1.825390200925728e-05,0.013976681260142563,-1.1014505513717616,0.5825476858704882,0.9182958340544896,6.305432899246482e-09,1.005
2400.483000000939,1.829718532605602e-05,0.014013938639457409,-1.1093467550325313,0.5825945313045312,0.9182958340544896,6.369387958111809e-09,1.005
2400.482999999076,1.8405388086820845e-05,0.014072262484354548,-1.109087966577264,0.5705855184522007,0.9182958340544896,6.173401637790029e-09,1.005
2400.482999999076,1.829718674249125e-05,0.014013938639457409,-1.1093467550325313,0.5825945313045312,0.9182958340544896,6.369386874515106e-09,1.005
2400.482000000775,1.8405391485643183e-05,0.014072262484354548,-1.109087966577264,0.5705855184522007,0.9182958340544896,6.173408167755427e-09,1.005
2400.4619999993593,1.83623538608473e-05,0.014063800204442511,-1.0855929610065138,0.5902990920607935,0.9182958340544896,6.3508590100488356e-09,1.005
2400.482000000775,1.827554561015974e-05,0.014019544181164348,-1.1059816492377943,0.5936499734311625,0.9182958340544896,6.49729635740249e-09,1.005
2400.406000001356,1.6317616108760055e-05,0.012698893840091182,-0.9333861295958585,0.7196311078273454,0.9182958340544896,7.004645191092408e-09,1.005
2400.483000000939,1.8286361971681836e-05,0.014022431009941598,-1.105310282136109,0.5924441340998249,0.9182958340544896,6.479753542646496e-09,1.005
2400.483000000939,1.8253903830077207e-05,0.014011219993786636,-1.106477076164729,0.598999286760669,0.9182958340544896,6.637568428106959e-09,1.005
2400.483000000939,1.8221441678418964e-05,0.01402973033715668,-1.0368063587125322,0.6375693637385813,0.9182958340544896,7.0532589053986416e-09,1.005
2400.482000000775,1.8308007972876697e-05,0.014066170155985719,-1.0502468176332025,0.6225406209196507,0.9182958340544896,6.758254777921206e-09,1.005
2400.482000000775,1.7994218720437907e-05,0.013799585915112572,-1.0818225265440975,0.5995354320405182,0.9182958340544896,6.39001904879092e-09,1.005
2400.483000000939,1.834046533168284e-05,0.014065154511365046,-1.1316973267080752,0.583781073055993,0.9182958340544896,6.439527529244116e-09,1.005
2400.482999999076,1.8069959256169498e-05,0.013850219183412699,-1.1079633716365573,0.5866193072609379,0.9182958340544896,6.36835583444806e-09,1.005
2400.483000000939,1.8048316194368432e-05,0.013841621154708647,-1.0895864911276127,0.5970174234608596,0.9182958340544896,6.42611458025958e-09,1.005
2400.482999999076,1.8199801471497635e-05,0.013958782864118936,-1.107219048275042,0.5926866580488492,0.9182958340544896,6.506572051852218e-09,1.005
2400.482999999076,1.8199803242213418e-05,0.013958782864118936,-1.107219048275042,0.5926866580488492,0.9182958340544896,6.506574242901216e-09,1.005
2400.482000000775,1.823226517515629e-05,0.01402361953141579,-1.1138738236329813,0.6100324101515687,0.9182958340544896,6.8129275425120885e-09,1.005
2400.483000000939,1.8297186111653318e-05,0.01401393863945741,-1.1093467550325882,0.5825945313044868,0.9182958340544896,6.369383775070521e-09,1.005
2400.483000000939,1.8199803242201424e-05,0.013958782864118936,-1.107219048275042,0.5926866580488492,0.9182958340544896,6.506574242907387e-09,1.005
2400.482000000775,1.8329647889357635e-05,0.01406278438865882,-1.1169019111036194,0.5925615637124678,0.9182958340544896,6.568469344510624e-09,1.005
2400.483000000939,1.82971832232221e-05,0.01401393863945741,-1.1093467550325882,0.5825945313044868,0.9182958340544896,6.3693831171121496e-09,1.005
2400.483000000939,1.819980098108153e-05,0.014005781119305916,-1.1067612862154133,0.6164754239425788,0.9182958340544896,6.8407743246102055e-09,1.005
2400.482999999076,1.8329646585169243e-05,0.01404736884361527,-1.116726218015667,0.5843900926054146,0.9182958340544896,6.455002918202754e-09,1.005
2400.483000000939,1.8199800845902712e-05,0.013958782864118936,-1.107219048275042,0.5926866580488492,0.9182958340544896,6.506569960495298e-09,1.005
2400.482999999076,1.829718478006994e-05,0.014060244528118184,-1.1089798311940602,0.6065843691645969,0.9182958340544896,6.703581879307955e-09,1.005
2400.482999999076,1.8318824993239325e-05,0.014070908861565326,-1.1124579627368176,0.602434755152232,0.9182958340544896,6.6788284663486025e-09,1.005
2400.483000000939,1.8253903903131156e-05,0.014036177745892456,-1.0844589077038056,0.618232113721415,0.9182958340544896,6.767540163777776e-09,1.005
2400.482999999076,1.8394568132431617e-05,0.014126132487259918,-1.0916644696181126,0.6083858858289111,0.9182958340544896,6.657165836432768e-09,1.005
2400.483000000939,1.811323901436811e-05,0.013906832852954031,-1.103117532315595,0.6008800273350954,0.9182958340544896,6.591150967334322e-09,1.005
2400.483000000939,1.8210622905688164e-05,0.014001700576987769,-1.081406015923519,0.6189121117925849,0.9182958340544896,6.814989289321992e-09,1.005
2400.482999999076,1.839456619281625e-05,0.014080550584473103,-1.1051344933295235,0.5804573422185089,0.9182958340544896,6.283773688196438e-09,1.005
2400.483000000939,1.8167339897901512e-05,0.01395554165402197,-1.0113970795475962,0.6332283069909117,0.9182958340544896,6.742778971811592e-09,1.004
2400.483000000939,1.83404653293368e-05,0.0140661701559857,-1.1139218681012515,0.5896578482167769,0.9182958340544896,6.5199792542484425e-09,1.004
2400.483000000939,1.8156519719270147e-05,0.013947520687682556,-1.1365523075705746,0.594853645253836,0.9182958340544896,6.508636169455904e-09,1.004
2400.482999999076,1.8188981456151535e-05,0.013993365775048054,-1.0761669719694185,0.6237386192456249,0.9182958340544896,6.748967160811938e-09,1.004
2400.482000000775,1.8059140467121e-05,0.013845232977110766,-1.0877238217468264,0.5947893146267937,0.9182958340544896,6.379706430051205e-09,1.004
2400.483000000939,1.8069960220128707e-05,0.013868944409998123,-1.0953832266349175,0.6012902818086734,0.9182958340544896,6.527203108333066e-09,1.004
2400.483000000939,1.8318824818399785e-05,0.014015977277650596,-1.1203194319952339,0.5711013182713182,0.9182958340544896,6.268299724006538e-09,1.004
2400.482999999076,1.8178160944868104e-05,0.013922917045203495,-1.110424794399662,0.5813369607547061,0.9182958340544896,6.34153115744273e-09,1.004
2400.482999999076,1.8297185128819824e-05,0.014029560628493334,-1.109703156091205,0.5907351567250388,0.9182958340544896,6.482846747650007e-09,1.004
2400.482999999076,1.8329645487905802e-05,0.014047368843615165,-1.116726218015485,0.5843900926055982,0.9182958340544896,6.454998067437754e-09,1.004
2400.483000000939,1.808077514421348e-05,0.013854516196808112,-1.0893203166191612,0.5915333867294758,0.9182958340544896,6.404455160848577e-09,1.004
2400.482999999076,1.8405389721098977e-05,0.014087650789322661,-1.109508645670336,0.5787951347226382,0.9182958340544896,6.286867148020532e-09,1.004
2400.482999999076,1.8329644220640467e-05,0.014047368843615165,-1.116726218015485,0.5843900926055982,0.9182958340544896,6.454995881603152e-09,1.004
2400.482000000775,1.827554558011673e-05,0.014046860350778909,-1.088056445869115,0.6140540561362084,0.9182958340544896,6.742788712957721e-09,1.004
2280.4580000005662,1.82294180150287e-05,0.013341664064126332,-1.0123635112421299,0.6273431010203897,0.934068055375491,7.0381287436174955e-09,1.004
2400.482999999076,1.8156523881459508e-05,0.013921206844235838,-1.0994277044968768,0.5928756155453783,0.9182958340544896,6.442619089574574e-09,1.004
2400.482000000775,1.843785213789334e-05,0.014135568107235184,-1.1161314961141362,0.5886128082476862,0.9182958340544896,6.479760308913867e-09,1.004
2400.482999999076,1.8297186126573377e-05,0.014029560628493342,-1.1097031560912578,0.5907351567249901,0.9182958340544896,6.482848684367492e-09,1.004
2400.482999999076,1.8459491162785286e-05,0.01417240780026956,-1.0981134695019954,0.6035583009984814,0.9182958340544896,6.659231617800252e-09,1.004
2400.481999998912,1.8318828771791646e-05,0.01405905910283977,-1.081826751058717,0.6070924462449401,0.9182958340544896,6.619007775177343e-09,1.004
2400.4399999994785,1.8070317814414215e-05,0.013854859900307274,-1.096897133884998,0.5950193821256806,0.9182958340544896,6.3748978060482864e-09,1.004
2400.483000000939,1.8318824968806792e-05,0.01405905910283977,-1.081826751058717,0.6070924462449401,0.9182958340544896,6.619008213919652e-09,1.004
2400.482999999076,1.8221443481992893e-05,0.013977021959528506,-1.0985286925827897,0.5963636105053487,0.9182958340544896,6.4611828741684054e-09,1.004
2400.482999999076,1.8405388743237942e-05,0.0141337151790286,-1.0943869140818492,0.6059979338131839,0.9182958340544896,6.7221540337838024e-09,1.004
2400.482000000775,1.831882844537359e-05,0.01405905910283977,-1.081826751058717,0.6070924462449401,0.9182958340544896,6.619006562757745e-09,1.004
2400.482999999076,1.8329645492193933e-05,0.014066339422959467,-1.0605751801856629,0.6112983646451552,0.9182958340544896,6.657168252255344e-09,1.004
2400.483000000939,1.8437849423049236e-05,0.01414785866348344,-1.0958586935914936,0.5995099235306868,0.9182958340544896,6.657169946754103e-09,1.004
2400.481999998912,1.8210624196130554e-05,0.013970035961367602,-1.1195264125062736,0.5922814395561988,0.9182958340544896,6.423030730224786e-09,1.004
2400.482999999076,1.842703003915737e-05,0.014165013909192522,-1.0844373110666505,0.6153742102465043,0.9182958340544896,6.843865447817179e-09,1.004
2400.483000000939,1.8383746638617395e-05,0.014105385665124636,-1.0884408441288569,0.6022258238323588,0.9182958340544896,6.621067399354878e-09,1.004
2400.482999999076,1.8297184146988163e-05,0.014055502227140153,-1.042980138185331,0.6233962537063081,0.9182958340544896,6.742783590948361e-09,1.004
2400.482999999076,1.8437846422225186e-05,0.01414785866348344,-1.0958586935914936,0.5995099235306868,0.9182958340544896,6.657165725887021e-09,1.004
2400.482999999076,1.827554466244644e-05,0.014016486890869047,-1.1258914642371785,0.5874602810306846,0.9182958340544896,6.425088637661723e-09,1.004
2400.483000000939,1.8264722174303915e-05,0.014049572099906645,-1.0481778556486476,0.6303145094765733,0.9182958340544896,6.896469178506143e-09,1.004
2400.482999999076,1.8383745757090718e-05,0.014105385665124636,-1.0884408441288569,0.6022258238323588,0.9182958340544896,6.6210673243404506e-09,1.004
2400.482999999076,1.8037496474470293e-05,0.013835255173443146,-1.0629775703129132,0.6065008195124716,0.9182958340544896,6.464280879824383e-09,1.004
2400.482999999076,1.849195206792684e-05,0.014189701161321835,-1.0825545014322668,0.6029221233743668,0.9182958340544896,6.658199057801609e-09,1.004
2400.481999998912,1.838375080610298e-05,0.014105385665124636,-1.0884408441288569,0.6022258238323588,0.9182958340544896,6.621070655294437e-09,1.004
2400.482999999076,1.8318826763717078e-05,0.014083593967720664,-1.0488842598375587,0.6271488453162974,0.9182958340544896,6.843866410743909e-09,1.003
2400.482999999076,1.845949065574674e-05,0.014154925106191957,-1.093857320627798,0.5955783263806643,0.9182958340544896,6.582906186562288e-09,1.004
2400.482999999076,1.815652184747136e-05,0.013930610351377432,-1.0919167895735413,0.6012653267461199,0.9182958340544896,6.459124695505647e-09,1.003
2400.482999999076,1.838374882971645e-05,0.014105385665124636,-1.0884408441288569,0.6022258238323588,0.9182958340544896,6.621066919156147e-09,1.003
2400.482999999076,1.82863657264201e-05,0.014037704330022835,-1.1276331967492765,0.5940962327219318,0.9182958340544896,6.461187421259079e-09,1.003
2400.482999999076,1.8448669740915694e-05,0.014190204535590856,-1.0868851308758742,0.6192573800594605,0.9182958340544896,6.845926623763332e-09,1.003
2400.482000000775,1.8372930147133987e-05,0.014101840474275108,-1.0892241385739154,0.6041609338757097,0.9182958340544896,6.6551082851807546e-09,1.003
2400.483000000939,1.826472197190526e-05,0.014020053664729812,-1.0537126372238037,0.6162455284646597,0.9182958340544896,6.655102981986542e-09,1.003
2400.482999999076,1.8383749048577135e-05,0.014108761209161548,-1.0682057965296912,0.6085202447987154,0.9182958340544896,6.6932685677897e-09,1.003
2400.483000000939,1.8383749654032007e-05,0.014105385665124636,-1.0884408441288569,0.6022258238323588,0.9182958340544896,6.621063638574263e-09,1.003
2400.483000000939,1.840538742328018e-05,0.014136747116915465,-1.0740965712633688,0.61238875189968,0.9182958340544896,6.794357609603605e-09,1.003
2400.483000000939,1.8383745947370584e-05,0.014105385665124636,-1.0884408441288569,0.6022258238323588,0.9182958340544896,6.621065423558966e-09,1.003
2400.483000000939,1.8264725295332403e-05,0.014020053664729812,-1.0537126372238037,0.6162455284646597,0.9182958340544896,6.655107274789045e-09,1.003
2400.483000000939,1.8394567081833318e-05,0.014126132487259836,-1.09166446961808,0.6083858858289399,0.9182958340544896,6.6571700575532295e-09,1.003
2400.482000000775,1.8502773540753292e-05,0.01419674677690694,-1.1221797669872526,0.5921237705273399,0.9182958340544896,6.595285286979358e-09,1.003
2400.483000000939,1.8405388155496918e-05,0.014136747116915465,-1.0740965712633688,0.61238875189968,0.9182958340544896,6.794352357588215e-09,1.003
2400.481999998912,1.8383750806103128e-05,0.014105385665124636,-1.0884408441288569,0.6022258238323588,0.9182958340544896,6.621070655300138e-09,1.003
2400.483000000939,1.8124060720259558e-05,0.0139521290404692,-1.0351099748388057,0.640422654375025,0.9182958340544896,6.936699622132598e-09,1.003
2400.483000000939,1.8459488313295202e-05,0.01417240780026956,-1.0981134695019954,0.6035583009984814,0.9182958340544896,6.659230288317666e-09,1.003
2400.483000000939,1.8394566875381567e-05,0.014126132487259836,-1.09166446961808,0.6083858858289399,0.9182958340544896,6.657163651923248e-09,1.003
2400.482999999076,1.8405385495609834e-05,0.01413708395876397,-1.0787081680742907,0.6115092015676559,0.9182958340544896,6.742786426190747e-09,1.003
2400.483000000939,1.8383748939928222e-05,0.014105385665124636,-1.0884408441288569,0.6022258238323588,0.9182958340544896,6.6210651860587404e-09,1.003
2400.4720000009984,1.8232291990191304e-05,0.014009350618851106,-1.0360427626209239,0.6283906159558139,0.9182958340544896,6.740836272113055e-09,1.003
2400.483000000939,1.8405389920043147e-05,0.014092551223962246,-1.112885603902125,0.5781465045554666,0.9182958340544896,6.3528788935428786e-09,1.003
2280.4580000005662,1.875562722579098e-05,0.013703629945536693,-1.133562462468121,0.5805691168287738,0.934068055375491,6.8562475096423565e-09,1.003
2400.482000000775,1.8297187741479763e-05,0.014060244528118106,-1.1089798311941221,0.6065843691645176,0.9182958340544896,6.7035878648297115e-09,1.003
2400.482999999076,1.8437848805577135e-05,0.014135568107235184,-1.1161314961141362,0.5886128082476862,0.9182958340544896,6.479753564326791e-09,1.003
2400.483000000939,1.8156519590481074e-05,0.013981790879228408,-1.0819958819888398,0.6282269499036792,0.9182958340544896,6.904724565986089e-09,1.003
2400.482000000775,1.8253903434971415e-05,0.013976681260142492,-1.1014505513716997,0.5825476858705737,0.9182958340544896,6.305436319579308e-09,1.003
2400.483000000939,1.822144162510813e-05,0.014001020370979033,-1.110289883844474,0.6041235263425005,0.9182958340544896,6.702550306276047e-09,1.003
2400.481999998912,1.8329649106838372e-05,0.014093058068222261,-1.1158357407341013,0.6084751278428531,0.9182958340544896,6.789203815501698e-09,1.003
2400.4169999994338,1.83411897439449e-05,0.014085115412749556,-1.1204983348768387,0.5985908301958001,0.9182958340544896,6.678926873852483e-09,1.003
2400.483000000939,1.8329644748657706e-05,0.014093058068222261,-1.1158357407341013,0.6084751278428531,0.9182958340544896,6.789194458698693e-09,1.003
2400.481999998912,1.8437853103329356e-05,0.014135568107235184,-1.1161314961141362,0.5886128082476862,0.9182958340544896,6.479755350228707e-09,1.003
2400.482999999076,1.82106196198902e-05,0.013955712262794188,-1.0954358229250862,0.591091236312093,0.9182958340544896,6.441588709133062e-09,1.002
2400.483000000939,1.8275542635557555e-05,0.014046860350778914,-1.088056445869168,0.6140540561361605,0.9182958340544896,6.742780034931502e-09,1.002
2400.482999999076,1.829718738517262e-05,0.014060244528118106,-1.1089798311941221,0.6065843691645176,0.9182958340544896,6.703584416918753e-09,1.002
2400.483000000939,1.8437849539421175e-05,0.014150382798120057,-1.1158959957480548,0.5968803071515516,0.9182958340544896,6.593216857724944e-09,1.002
2400.482000000775,1.8318828471282306e-05,0.014070908861565238,-1.112457962736875,0.6024347551521562,0.9182958340544896,6.678835892363963e-09,1.002
2400.482999999076,1.819980322933156e-05,0.013979747255702892,-1.0780533918872075,0.6128150212295148,0.9182958340544896,6.704618403072047e-09,1.002
2400.483000000939,1.8437850602894706e-05,0.014150382798120057,-1.1158959957480548,0.5968803071515516,0.9182958340544896,6.5932184102803785e-09,1.002
2400.483000000939,1.834046520288778e-05,0.014085115412749556,-1.1204983348768387,0.5985908301958001,0.9182958340544896,6.6788270150226935e-09,1.002
2400.482999999076,1.8329648323808647e-05,0.014093058068222261,-1.1158357407341013,0.6084751278428531,0.9182958340544896,6.789195616980345e-09,1.002
2400.482999999076,1.8318824691096523e-05,0.014055671622583666,-1.1125288954303303,0.594251967782443,0.9182958340544896,6.5653675934250094e-09,1.002
2400.482999999076,1.8318825827550227e-05,0.014055671622583666,-1.1125288954303303,0.594251967782443,0.9182958340544896,6.565365038269943e-09,1.002
2400.482000000775,1.8232266113743025e-05,0.013992515005904933,-1.1145307555098525,0.5942828500679529,0.9182958340544896,6.59218906368664e-09,1.002
2400.483000000939,1.8427027212854642e-05,0.014128491983020852,-1.112457641311088,0.5907237506870768,0.9182958340544896,6.482845829503827e-09,1.002
2400.482000000775,1.818898447134412e-05,0.013967479235369378,-1.1031371478690208,0.6025138160209551,0.9182958340544896,6.616946975982246e-09,1.002
2400.482000000775,1.84270309058555e-05,0.014113485614492084,-1.1124668315190838,0.5824747779354023,0.9182958340544896,6.369390051571036e-09,1.002
2400.483000000939,1.8329645786687757e-05,0.014093058068222261,-1.1158357407341013,0.6084751278428531,0.9182958340544896,6.7891946264912495e-09,1.002
2400.482999999076,1.843784877145612e-05,0.014150382798120057,-1.1158959957480548,0.5968803071515516,0.9182958340544896,6.593218939396849e-09,1.002
2400.482999999076,1.8502771102373882e-05,0.01419674677690694,-1.1221797669872526,0.5921237705273399,0.9182958340544896,6.5952766208851286e-09,1.002
2400.482999999076,1.850277151565841e-05,0.01419674677690694,-1.1221797669872526,0.5921237705273399,0.9182958340544896,6.595277831904195e-09,1.002
2400.482000000775,1.8437852117125883e-05,0.014150382798120057,-1.1158959957480548,0.5968803071515516,0.9182958340544896,6.593219489539743e-09,1.002
2400.483000000939,1.8329646492442686e-05,0.014093058068222261,-1.1158357407341013,0.6084751278428531,0.9182958340544896,6.789195271973246e-09,1.002
2400.482000000775,1.8437852117125883e-05,0.014150382798120057,-1.1158959957480548,0.5968803071515516,0.9182958340544896,6.593219489539743e-09,1.002
2400.483000000939,1.842702726437059e-05,0.014130008593668357,-1.1127801212825288,0.590773422525202,0.9182958340544896,6.557113687842974e-09,1.002
2400.483000000939,1.850277252722712e-05,0.01419674677690694,-1.1221797669872526,0.5921237705273399,0.9182958340544896,6.59527994180242e-09,1.002
2400.483000000939,1.8437849479319196e-05,0.014150382798120057,-1.1158959957480548,0.5968803071515516,0.9182958340544896,6.593214146346948e-09,1.002
2400.482999999076,1.8275543816183983e-05,0.014048385774071762,-1.0877500519461414,0.6137051676496049,0.9182958340544896,6.817047489017794e-09,1.002
2400.482999999076,1.8502770264859945e-05,0.01419674677690694,-1.1221797669872526,0.5921237705273399,0.9182958340544896,6.595277160785291e-09,1.002
2400.482999999076,1.8394569118243685e-05,0.014126132487259836,-1.09166446961808,0.6083858858289399,0.9182958340544896,6.657168783114757e-09,1.002
2400.482999999076,1.8437849522718393e-05,0.014150382798120057,-1.1158959957480548,0.5968803071515516,0.9182958340544896,6.593218158450775e-09,1.002
2400.482000000775,1.8502774142930332e-05,0.01419674677690694,-1.1221797669872526,0.5921237705273399,0.9182958340544896,6.595282375344344e-09,1.002
2400.483000000939,1.8437849531072686e-05,0.014150382798120057,-1.1158959957480548,0.5968803071515516,0.9182958340544896,6.593214817456485e-09,1.002
2400.481999998912,1.8394571139430574e-05,0.014126132487259836,-1.09166446961808,0.6083858858289399,0.9182958340544896,6.6571726017242994e-09,1.002
2400.481999998912,1.8329647509870585e-05,0.014093058068222261,-1.1158357407341013,0.6084751278428531,0.9182958340544896,6.78919817725429e-09,1.002
2400.483000000939,1.8329647208499393e-05,0.014093058068222261,-1.1158357407341013,0.6084751278428531,0.9182958340544896,6.7891961710067224e-09,1.001
2400.482000000775,1.8437852442688137e-05,0.014150382798120057,-1.1158959957480548,0.5968803071515516,0.9182958340544896,6.5932207234227936e-09,1.001
2400.482000000775,1.8437851507768165e-05,0.014150382798120057,-1.1158959957480548,0.5968803071515516,0.9182958340544896,6.593222399072611e-09,1.001
2400.481999998912,1.8329648800327743e-05,0.014093058068222261,-1.1158357407341013,0.6084751278428531,0.9182958340544896,6.7892042912245304e-09,1.001
2400.483000000939,1.8437849526543316e-05,0.014135568107235184,-1.1161314961141362,0.5886128082476862,0.9182958340544896,6.47975408469498e-09,1.001
2400.482000000775,1.8329648179566176e-05,0.014093058068222261,-1.1158357407341013,0.6084751278428531,0.9182958340544896,6.789203557962412e-09,1.001
2400.482999999076,1.8329647211076504e-05,0.014093058068222261,-1.1158357407341013,0.6084751278428531,0.9182958340544896,6.7891997721442855e-09,1.001
2400.483000000939,1.8437849714726688e-05,0.014150382798120057,-1.1158959957480548,0.5968803071515516,0.9182958340544896,6.593219188782121e-09,1.001
2400.483000000939,1.8437849539421175e-05,0.014150382798120057,-1.1158959957480548,0.5968803071515516,0.9182958340544896,6.593216857724944e-09,1.001
2400.482999999076,1.8437847661233824e-05,0.014150382798120057,-1.1158959957480548,0.5968803071515516,0.9182958340544896,6.593215487993662e-09,1.001
2400.482000000775,1.8329648179566176e-05,0.014093058068222261,-1.1158357407341013,0.6084751278428531,0.9182958340544896,6.789203557962412e-09,1.001
2400.483000000939,1.8329647612903368e-05,0.014093058068222261,-1.1158357407341013,0.6084751278428531,0.9182958340544896,6.789200091180639e-09,1.001
2400.484999999404,1.8329624747962e-05,0.014093058068222261,-1.1158357407341013,0.6084751278428531,0.9182958340544896,6.789197204307392e-09,1.001
2400.483000000939,1.8134881250985725e-05,0.013926849710438538,-1.054378754267401,0.6184216503601377,0.9182958340544896,6.6035299317948125e-09,1.001
2400.4379999991506,1.8546471850174626e-05,0.014228408872661023,-1.1054037581352842,0.5950000149432936,0.9182958340544896,6.67369721831784e-09,1.001
2400.482999999076,1.823226322110548e-05,0.014030578849682004,-1.0873496221990924,0.6223902592492099,0.9182958340544896,6.916073159338183e-09,1.001
2400.483000000939,1.8362106714153422e-05,0.014097787735939957,-1.1056535461462325,0.6000493058619655,0.9182958340544896,6.64170214780812e-09,1.001
2400.482999999076,1.8297183790906144e-05,0.014013938639457378,-1.109346755032665,0.5825945313043921,0.9182958340544896,6.369380971645134e-09,1.001
2400.482999999076,1.836210814963904e-05,0.01408359396772072,-1.1063358860413743,0.5955678670334421,0.9182958340544896,6.555052408484326e-09,1.001
2400.483000000939,1.855687298795091e-05,0.014239281683327387,-1.1293040608893128,0.589483320167434,0.9182958340544896,6.631381535972585e-09,1.001
2400.482999999076,1.8091598794331058e-05,0.013937616110983387,-1.0236925093649025,0.6479389488571726,0.9182958340544896,7.0553169224146146e-09,1.001
2400.481999998912,1.852441393243066e-05,0.014220709244920662,-1.0580076100875826,0.6132249835321241,0.9182958340544896,6.838717011513691e-09,1.001
2400.478000000119,1.8308053521462512e-05,0.014074461843725225,-1.0540116059638351,0.6233923304956255,0.9182958340544896,6.871752070768899e-09,1.001
2400.4749999996275,1.8199870105726547e-05,0.014005781119305916,-1.1067612862154133,0.6164754239425788,0.9182958340544896,6.8408477074345605e-09,1.0
2400.483000000939,1.855687425709822e-05,0.014262838827827085,-1.0634175189010096,0.6206389614360697,0.9182958340544896,6.922259036131636e-09,1.001
2400.483000000939,1.8113240827687827e-05,0.013922917045203586,-1.1034649379809087,0.6088916125337451,0.9182958340544896,6.704618854598718e-09,1.001
2400.482000000775,1.8232266756908366e-05,0.014038891558469912,-1.113555908620545,0.6181729314812061,0.9182958340544896,6.926386159702376e-09,1.001
2400.483000000939,1.8437849693270432e-05,0.014135568107235274,-1.1161314961140822,0.5886128082477617,0.9182958340544896,6.479756421955535e-09,1.001
2400.486999999732,1.851358240212427e-05,0.01425348745963267,-1.0867181558242338,0.6255775766183015,0.9182958340544896,7.01096624011002e-09,1.0
2400.482999999076,1.8502772462839804e-05,0.014231922535188969,-1.043762437869431,0.630770122003156,0.9182958340544896,7.034690204630269e-09,1.0
2400.482999999076,1.8199801450033983e-05,0.013990302764006673,-1.1069030723194795,0.608367246925408,0.9182958340544896,6.727308568867426e-09,1.001
2400.481999998912,1.832964879516682e-05,0.014093058068222352,-1.1158357407342316,0.6084751278427193,0.9182958340544896,6.7892006504444846e-09,1.001
2400.481999998912,1.845949381861692e-05,0.014175935343290171,-1.1016920499874914,0.6033857654733255,0.9182958340544896,6.758258137194638e-09,1.0
2400.482999999076,1.8362108308477558e-05,0.014115847224206694,-1.0746398675072284,0.6204082685596444,0.9182958340544896,6.742783045238648e-09,1.0
2400.483000000939,1.8437850624367032e-05,0.014147858663483512,-1.0958586935914407,0.5995099235307504,0.9182958340544896,6.657170075103015e-09,1.0
2400.483000000939,1.8513592828643215e-05,0.014197082195195722,-1.1013353970580064,0.5930954246088167,0.9182958340544896,6.619003982667673e-09,1.0
2400.482999999076,1.8459489474260657e-05,0.014175935343290171,-1.1016920499874914,0.6033857654733255,0.9182958340544896,6.758253293032303e-09,1.0
2400.482000000775,1.806996071770477e-05,0.013868944409998123,-1.0953832266349175,0.6012902818086734,0.9182958340544896,6.5272047218622515e-09,1.0
2280.4579999987036,1.802895521645354e-05,0.013243071674215942,-0.971461775588581,0.6638058826592422,0.8812908992306927,7.338638032654751e-09,1.0
2400.482999999076,1.8491952275474437e-05,0.014212335353152769,-1.0698797184502509,0.6174586747851386,0.9182958340544896,6.905755243903758e-09,1.0
2280.4589999988675,1.76405617069275e-05,0.012981363159302022,-0.9133065954239918,0.6899862209479578,0.8812908992306927,7.417712641446728e-09,1.0
2280.4580000005662,1.799763425144417e-05,0.013211936389412933,-0.9498554647361068,0.664318735610216,0.8812908992306927,7.326774193856973e-09,1.0
2280.4589999988675,1.7909929607283872e-05,0.013156847326732411,-0.927191866724455,0.6753860725750426,0.8812908992306927,7.4216670465374815e-09,1.0
2280.45900000073,1.789113783155598e-05,0.013160947014397857,-0.9176475606657624,0.6873276444717372,0.8812908992306927,7.544237432787756e-09,1.0
2280.45900000073,1.8110393169612814e-05,0.013284240762331048,-0.949065820407125,0.6606914000863553,0.934068055375491,7.231876040567173e-09,1.0
2280.4589999988675,1.7966308891716686e-05,0.013179329908690512,-0.9418625418033701,0.6617123984988523,0.8812908992306927,7.2200094448646965e-09,1.0
2280.45900000073,1.7841023452772684e-05,0.013148544045874974,-0.8853701068322932,0.7077447205906059,0.8812908992306927,7.726123487085921e-09,1.0
2280.4579999987036,1.8010162514163306e-05,0.013220697489363465,-0.9202927079770102,0.6735686417226388,0.934068055375491,7.318869024049049e-09,1.0
2280.45900000073,1.8028954034846255e-05,0.013216815445723451,-0.9297102970345463,0.6616269874992945,0.934068055375491,7.196287540991218e-09,1.0
2280.4589999988675,1.7841021056620688e-05,0.013148544045874974,-0.8853701068322932,0.7077447205906059,0.8812908992306927,7.726127259183468e-09,1.0
2280.45900000073,1.802895563399552e-05,0.013216815445723451,-0.9297102970345463,0.6616269874992945,0.934068055375491,7.196286433049963e-09,1.0
2280.4579999987036,1.7740794585511865e-05,0.013048089192634534,-0.884884049330271,0.694207145196769,0.8812908992306927,7.504701788930744e-09,1.0
2280.45900000073,1.8035218172368425e-05,0.013277900119331604,-0.9035764625320661,0.6957895969969163,0.934068055375491,7.674717585382802e-09,1.0
2280.4580000005662,1.8016426916929066e-05,0.013240289391017587,-0.9220117745195928,0.6813125848836608,0.934068055375491,7.449351292450683e-09,1.0
2280.4580000005662,1.7740793082350253e-05,0.013048089192634534,-0.884884049330271,0.694207145196769,0.8812908992306927,7.504709686520589e-09,1.0
2280.4580000005662,1.8035221756970594e-05,0.013236611905500602,-0.9317219483613606,0.669356779830863,0.934068055375491,7.3267729056288305e-09,1.0
2280.4580000005662,1.784102357694161e-05,0.013148544045874974,-0.8853701068322932,0.7077447205906059,0.8812908992306927,7.726131582421154e-09,1.0
2280.4589999988675,1.7753320344313245e-05,0.013060990532276228,-0.8277461219226652,0.7109488849726383,0.8812908992306927,7.504699992708421e-09,1.0
2280.45900000073,1.7960046032956033e-05,0.013207952150125253,-0.8884892986718915,0.693945819132746,0.934068055375491,7.500745534840004e-09,1.0
2280.4589999988675,1.7960047185324564e-05,0.013207952150125253,-0.8884892986718915,0.693945819132746,0.934068055375491,7.50074676560045e-09,1.0
2280.4579999987036,1.8060277736263573e-05,0.013280278215221434,-0.8946898108870776,0.6890235923948408,0.8812908992306927,7.587741114424053e-09,1.0
2280.44299999997,1.7665780225183382e-05,0.013012140080466604,-0.9079418506891259,0.6980401782103541,0.8812908992306927,7.631218908793273e-09,1.0
2280.4589999988675,1.789113867048594e-05,0.013155347121788069,-0.9067761755176695,0.6886958406222843,0.934068055375491,7.465158685569873e-09,1.0
2280.4589999988675,1.7790908225268637e-05,0.013130518889815068,-0.8577824061748496,0.7201768446852925,0.8812908992306927,7.939641606485467e-09,1.0
2280.4579999987036,1.8041484010444173e-05,0.013262134463438262,-0.8996967756605145,0.6858155273282234,0.934068055375491,7.54424633329578e-09,0.999
2280.4580000005662,1.771573649083222e-05,0.01301254455475465,-0.8300159431414844,0.6992363159061493,0.934068055375491,7.386084985641753e-09,0.999
2280.4580000005662,1.7972576598634954e-05,0.013212733093099055,-0.86523823144283,0.694450037380229,0.934068055375491,7.556106323522915e-09,0.999
2280.4579999987036,1.8035220156533682e-05,0.013276314485420661,-0.8797739899160244,0.6995618092734609,0.934068055375491,7.76171759905849e-09,0.999
2280.45900000073,1.765935537855744e-05,0.012991799032669194,-0.9059575923140986,0.6905021650636577,0.8812908992306927,7.500741112078922e-09,0.999
2280.4579999987036,1.8016427862832287e-05,0.013240289391017679,-0.9220117745196665,0.6813125848835996,0.934068055375491,7.4493515896961286e-09,0.999
2280.4580000005662,1.7985105445912908e-05,0.013236611905500694,-0.9427436009547732,0.6836745840486504,0.8812908992306927,7.57983073189357e-09,0.999
2280.45900000073,1.7559122928543696e-05,0.012985315593108735,-0.8328208223703317,0.7407248522997036,0.8812908992306927,8.030585344462261e-09,0.999
2280.45900000073,1.7834757476971923e-05,0.013119992779202153,-0.8466327430236253,0.7047682111734835,0.934068055375491,7.54028662366906e-09,0.999
2280.4589999988675,1.7759585112303288e-05,0.01303547790495337,-0.8878769333404763,0.6791456948740786,0.934068055375491,7.279325134072766e-09,0.999
2280.45900000073,1.7815965866375468e-05,0.013158947326319208,-0.8384702002122126,0.7286792966404029,0.8812908992306927,8.018721770266127e-09,0.999
2280.4589999988675,1.8016426786484102e-05,0.013240289391017679,-0.9220117745196665,0.6813125848835996,0.934068055375491,7.4493446015505576e-09,0.999
2280.464999999851,1.75215206067162e-05,0.012930075100526855,-0.7799244612969947,0.7414837251699534,0.8812908992306927,7.80125203483691e-09,0.999
2280.45900000073,1.803522035639373e-05,0.013276314485420661,-0.8797739899160244,0.6995618092734609,0.934068055375491,7.761712442540108e-09,0.999
2280.4589999988675,1.793499153221055e-05,0.013196789880796618,-0.8608123541331754,0.7021912737753402,0.934068055375491,7.627274325097392e-09,0.999
2280.4589999988675,1.7759583417954268e-05,0.013063710281378375,-0.8444255376925041,0.7036088445014598,0.8812908992306927,7.57191627831607e-09,0.999
2280.4589999988675,1.8060275019718136e-05,0.013279485563910459,-0.9291298679457785,0.6810267104628133,0.934068055375491,7.564008039618687e-09,0.999
2280.4589999988675,1.754659608091977e-05,0.012942280771909901,-0.8901130193946454,0.7109906210181389,0.934068055375491,7.650998332425106e-09,0.999
2280.4580000005662,1.797257723017037e-05,0.013263622590021453,-0.8438985155035046,0.7249766947150277,0.8812908992306927,7.967324094775465e-09,0.999
2280.45900000073,1.79099307236587e-05,0.013192003159809442,-0.8289936484678027,0.7158032343221898,0.8812908992306927,7.809161485924393e-09,0.999
2280.407999999821,1.639409224359794e-05,0.011961671243909355,-1.0001427484935754,0.6037038265172171,0.934068055375491,6.101632264801885e-09,0.999
2280.4589999988675,1.820435819085071e-05,0.013366887603721574,-0.9159186463830826,0.6753418122373057,0.934068055375491,7.378170072934656e-09,0.999
2280.45900000073,1.797883961361426e-05,0.013235120741898457,-0.8942192932811062,0.698716807073432,0.934068055375491,7.623317338942515e-09,0.999
2280.4579999987036,1.7866081219303867e-05,0.01315454694252743,-0.8194703072403176,0.7160094971993529,0.8812908992306927,7.726131236178992e-09,0.999
2280.4580000005662,1.8185565822822277e-05,0.013380563279780502,-0.8629542142524258,0.702214208703746,0.8812908992306927,7.730085469993133e-09,0.999
2280.4589999988675,1.7778378271973262e-05,0.01305494461678672,-0.9171808112462072,0.6744519444584212,0.8812908992306927,7.338634747562058e-09,0.999
2280.4580000005662,1.8110394092583146e-05,0.013356941818277169,-0.8651577188342987,0.715885241183836,0.8812908992306927,7.991048147181223e-09,0.999
2280.4580000005662,1.795378282871131e-05,0.013187314478615242,-0.8548384916555647,0.6916615921939964,0.8812908992306927,7.457261405569917e-09,0.999
2280.45900000073,1.7703204996789464e-05,0.01305091245045627,-0.8600655664211017,0.7160634582811319,0.8812908992306927,7.718214339149971e-09,0.999
2280.45900000073,1.7897398793946462e-05,0.013180827383981486,-0.9193119947060668,0.6949452933267524,0.8812908992306927,7.674721800482623e-09,0.999
2280.4589999988675,1.7897402285572074e-05,0.013180827383981486,-0.9193119947060668,0.6949452933267524,0.8812908992306927,7.674719513237452e-09,0.999
2280.4580000005662,1.7960048329606824e-05,0.013248535172256838,-0.8298826270837423,0.726796948663369,0.8812908992306927,7.951507974191188e-09,0.999
2280.45900000073,1.784102232541325e-05,0.013148544045875052,-0.8853701068322071,0.7077447205906863,0.8812908992306927,7.726127092027746e-09,0.999
2280.4589999988675,1.7747058710984223e-05,0.013067738498825456,-0.886484564947573,0.7019402612842869,0.8812908992306927,7.635184093017396e-09,0.999
2280.45900000073,1.809159970831452e-05,0.01331402110163332,-0.9053534867946058,0.6914706592589243,0.8812908992306927,7.726123005173618e-09,0.999
2280.45900000073,1.7903665493699276e-05,0.013189309865828556,-0.9093344441332611,0.6953850359462829,0.8812908992306927,7.773569303936475e-09,0.999
2280.45900000073,1.8436138536181324e-05,0.013550975882511977,-0.973096411583052,0.6675394730173808,0.934068055375491,7.619367761388405e-09,0.999
2280.45900000073,1.8116655733417236e-05,0.013317578411139288,-0.8783386716016701,0.6907919191821059,0.8812908992306927,7.647044359335392e-09,0.999
2280.45900000073,1.7953780058640212e-05,0.013218408216932681,-0.9107768751088585,0.6931636306083512,0.8812908992306927,7.678674029758614e-09,0.999
2280.45900000073,1.799136653699093e-05,0.013258165309288528,-0.8528959804599894,0.7134448378277278,0.8812908992306927,7.844742429762128e-09,0.998
2280.4580000005662,1.7947519637802998e-05,0.013220697489363543,-0.8436457755614049,0.7136359605937422,0.8812908992306927,7.761715601139321e-09,0.999
2280.45900000073,1.7640560272052413e-05,0.013005666781101712,-0.8396122401784512,0.7166852834609719,0.8812908992306927,7.79729203622726e-09,0.998
2280.4589999988675,1.797883997457216e-05,0.013221195104830741,-0.8837533678452081,0.6922425851675711,0.8812908992306927,7.599591134705928e-09,0.998
2280.4580000005662,1.8085336817355962e-05,0.01331115479983853,-0.8602876456923916,0.7041167436234755,0.8812908992306927,7.753804076078036e-09,0.998
2280.45900000073,1.790992933600283e-05,0.013224677888824306,-0.8585782908027371,0.7252207165228172,0.8812908992306927,8.054304370315375e-09,0.998
2280.4579999987036,1.7978841634862666e-05,0.013221195104830741,-0.8837533678452081,0.6922425851675711,0.8812908992306927,7.599605760234924e-09,0.998
2280.4579999987036,1.777838096221209e-05,0.013054944616786747,-0.9171808112464772,0.6744519444581566,0.8812908992306927,7.338633342586054e-09,0.998
2280.4589999988675,1.801016147901779e-05,0.013254095692712468,-0.8918206230286945,0.6944780703259105,0.8812908992306927,7.706357161449943e-09,0.998
2280.4579999987036,1.7978840388819416e-05,0.013221195104830741,-0.8837533678452081,0.6922425851675711,0.8812908992306927,7.599605809799367e-09,0.998
2280.4579999987036,1.775958804608851e-05,0.013092685784537586,-0.906778028261805,0.7037809299318061,0.8812908992306927,7.722173407199084e-09,0.998
2280.4589999988675,1.7978839181238865e-05,0.013221195104830741,-0.8837533678452081,0.6922425851675711,0.8812908992306927,7.59959582133305e-09,0.998
2280.4589999988675,1.7778376656419648e-05,0.013054944616786747,-0.9171808112464772,0.6744519444581566,0.8812908992306927,7.338629928910521e-09,0.998
2280.45900000073,1.7909930713380647e-05,0.013224677888824306,-0.8585782908027371,0.7252207165228172,0.8812908992306927,8.054306297131924e-09,0.998
2280.45900000073,1.79287251730748e-05,0.013187314478615242,-0.8698008675163611,0.6962515353369448,0.8812908992306927,7.670768897981278e-09,0.998
2280.4589999988675,1.770320545592685e-05,0.013027905272509263,-0.8740669483361199,0.6992921394526226,0.8812908992306927,7.512607949629265e-09,0.998
2280.4580000005662,1.8003899024572168e-05,0.013232336786906001,-0.9520611207436955,0.6718317675417009,0.8812908992306927,7.457259549603955e-09,0.998
2280.45900000073,1.7903665920507265e-05,0.01317533580916294,-0.8640258708709223,0.7012359606506022,0.8812908992306927,7.694493050586274e-09,0.998
2280.45900000073,1.77909072390936e-05,0.013124906014701124,-0.9142579629121714,0.7062742440401887,0.8812908992306927,7.828925703093926e-09,0.998
2280.4589999988675,1.7909930734406793e-05,0.013156847326732491,-0.9271918667246335,0.6753860725748708,0.8812908992306927,7.421667542884115e-09,0.998
2280.4589999988675,1.7703204002617675e-05,0.013032348417041307,-0.919353614841846,0.6904386765064644,0.8812908992306927,7.607502110068313e-09,0.998
2280.45900000073,1.791619747505794e-05,0.013176933594253601,-0.9291485478937282,0.6829887100414117,0.8812908992306927,7.55214756043492e-09,0.998
2280.4579999987036,1.7765851682329137e-05,0.013080318682742646,-0.9103200846515391,0.6937729545006791,0.8812908992306927,7.59169567529129e-09,0.998
2280.4589999988675,1.7897401524141923e-05,0.013180827383981499,-0.9193119947061112,0.6949452933267228,0.8812908992306927,7.674722832788009e-09,0.998
2280.162000000477,1.793105593074672e-05,0.013220398911092722,-0.868569282459998,0.7134083217614198,0.8812908992306927,7.93379956270686e-09,0.998
2280.162000000477,1.7812014350666744e-05,0.013120795065768522,-0.9241721746184757,0.6943199059772763,0.8812908992306927,7.708358366302699e-09,0.998
2280.162000000477,1.7793220157790917e-05,0.013124906014701124,-0.9142579629121714,0.7062742440401887,0.8812908992306927,7.830968226626533e-09,0.998
2280.162000000477,1.7899731678707872e-05,0.013180827383981499,-0.9193119947061112,0.6949452933267228,0.8812908992306927,7.676723043500114e-09,0.998
2280.161999998614,1.7899730220273418e-05,0.013180827383981499,-0.9193119947061112,0.6949452933267228,0.8812908992306927,7.676717855093676e-09,0.998
2280.162000000477,1.7868405063564138e-05,0.01317653416614474,-0.9027496597791331,0.7081826765855477,0.8812908992306927,7.7835011526754e-09,0.998
2280.161999998614,1.7805752839023834e-05,0.013100421849374926,-0.9206441294944652,0.6891669289800209,0.8812908992306927,7.58574934250593e-09,0.998
2280.162000000477,1.7699242994405465e-05,0.01304435752185196,-0.9155629486945722,0.7005925224380926,0.8812908992306927,7.740004058348796e-09,0.998
2280.1630000006407,1.7805751242058426e-05,0.013100421849374926,-0.9206441294944652,0.6891669289800209,0.8812908992306927,7.585748496231764e-09,0.998
2280.162000000477,1.770550685760881e-05,0.013046879037976097,-0.8686420277267106,0.7115614316845569,0.8812908992306927,7.704403503566457e-09,0.997
2280.162000000477,1.7805750419941955e-05,0.013100421849374926,-0.9206441294944652,0.6891669289800209,0.8812908992306927,7.585757848969544e-09,0.997
2280.161999998614,1.7786955280616853e-05,0.013110361510933607,-0.878266118947093,0.709493579630081,0.8812908992306927,7.755821660276212e-09,0.997
2280.162000000477,1.784334228678302e-05,0.013143339317732516,-0.9126310644969364,0.6967512553804033,0.8812908992306927,7.704406314505761e-09,0.997
2280.162000000477,1.7768159026961602e-05,0.013095197994926108,-0.8922790028498859,0.7065888457143342,0.8812908992306927,7.759781140265415e-09,0.997
2280.162000000477,1.7718038944316307e-05,0.013063005215614014,-0.8692469341939093,0.7153516646774497,0.8812908992306927,7.74395354160536e-09,0.997
2280.161999998614,1.790599408660317e-05,0.013169342388569339,-0.8818153919301777,0.6959412507716275,0.934068055375491,7.530385693090204e-09,0.997
2280.162000000477,1.773683300171099e-05,0.013087860988838431,-0.8481817643006537,0.7233066274492305,0.8812908992306927,7.890290098137518e-09,0.997
2280.162000000477,1.7855872676573648e-05,0.013149344590430944,-0.8781980163651175,0.706220344961589,0.934068055375491,7.641130774910982e-09,0.997
2280.1630000006407,1.8119011341449583e-05,0.01335704032769946,-0.9043131283774741,0.7036341651279675,0.934068055375491,7.878423339225946e-09,0.997
2280.162000000477,1.8050094435705958e-05,0.01328424076233113,-0.9046087678423484,0.6931892596148288,0.934068055375491,7.70044985001989e-09,0.997
2280.162000000477,1.796238146807596e-05,0.013208749094126218,-0.8648917812633528,0.6966087606962753,0.934068055375491,7.589706452752985e-09,0.997
2280.162000000477,1.7981177782920018e-05,0.013234723069896223,-0.8701777623608962,0.70185542458509,0.934068055375491,7.712312402963737e-09,0.997
2280.162000000477,1.793732158541171e-05,0.013196789880796618,-0.8608123541331754,0.7021912737753402,0.934068055375491,7.629258442339709e-09,0.997
2280.162000000477,1.806262475006012e-05,0.01328820212780776,-0.9049361899390833,0.6910666275596532,0.934068055375491,7.668807941974522e-09,0.997
2280.162000000477,1.7937319955740272e-05,0.013196789880796618,-0.8608123541331754,0.7021912737753402,0.934068055375491,7.629264952852613e-09,0.997
2280.162000000477,1.8018768367748255e-05,0.013250620640876494,-0.8746776171952249,0.6942045460689273,0.934068055375491,7.64112917920376e-09,0.997
2280.162000000477,1.799370633159126e-05,0.01323869925237136,-0.870556035632819,0.6997109826786739,0.934068055375491,7.680674232625442e-09,0.997
2280.162000000477,1.799370935603088e-05,0.013258165309288542,-0.8528959804600333,0.7134448378276959,0.8812908992306927,7.846781595566097e-09,0.997
2280.1630000006407,1.7993706627872984e-05,0.013258165309288542,-0.8528959804600333,0.7134448378276959,0.8812908992306927,7.846781100494497e-09,0.997
2280.162000000477,1.8006237334052073e-05,0.013246250710851655,-0.8955031283955996,0.6934787934612898,0.934068055375491,7.617399806178367e-09,0.997
2280.162000000477,1.803756526703384e-05,0.013276314485420661,-0.8797739899160244,0.6995618092734609,0.934068055375491,7.763737079993682e-09,0.997
2280.1630000006407,1.7993705809524323e-05,0.013258165309288542,-0.8528959804600333,0.7134448378276959,0.8812908992306927,7.846781256337077e-09,0.997
2280.162000000477,1.803756508745501e-05,0.013276314485420661,-0.8797739899160244,0.6995618092734609,0.934068055375491,7.763729571650286e-09,0.997
2280.162000000477,1.795611619407987e-05,0.013226767119030003,-0.8712652807345975,0.706610254029598,0.934068055375491,7.799332281334732e-09,0.997
2280.162999998778,1.8037562349755822e-05,0.013276314485420661,-0.8797739899160244,0.6995618092734609,0.934068055375491,7.763727853959594e-09,0.997
2280.162000000477,1.8037564011998703e-05,0.013276314485420661,-0.8797739899160244,0.6995618092734609,0.934068055375491,7.763733799254871e-09,0.997
2280.162000000477,1.7993708558568412e-05,0.013258165309288542,-0.8528959804600333,0.7134448378276959,0.8812908992306927,7.846785311636717e-09,0.997
2280.161999998614,1.7993707017815782e-05,0.013258165309288542,-0.8528959804600333,0.7134448378276959,0.8812908992306927,7.846789993514833e-09,0.997
2280.161999998614,1.7993709742048104e-05,0.013258165309288542,-0.8528959804600333,0.7134448378276959,0.8812908992306927,7.84678399468364e-09,0.997
2280.161999998614,1.7912259475534223e-05,0.013192003159809442,-0.8289936484678027,0.7158032343221898,0.8812908992306927,7.811188860192671e-09,0.997
2280.162000000477,1.7993707518362526e-05,0.013258165309288542,-0.8528959804600333,0.7134448378276959,0.8812908992306927,7.846792808677246e-09,0.997
2280.162000000477,1.7912259652571055e-05,0.013192003159809442,-0.8289936484678027,0.7158032343221898,0.8812908992306927,7.811197343096384e-09,0.997
2280.162000000477,1.7993707546073558e-05,0.013258165309288542,-0.8528959804600333,0.7134448378276959,0.8812908992306927,7.84678753037948e-09,0.997
2280.161999998614,1.810021602692881e-05,0.013349058709176983,-0.8591347597506771,0.717818026921261,0.8812908992306927,7.98521045613355e-09,0.997
2280.1630000006407,1.7918525255808395e-05,0.013213231008508545,-0.8315072644694346,0.7227894412594184,0.8812908992306927,7.941701304713287e-09,0.996
2280.162000000477,1.7918524509218417e-05,0.013213231008508545,-0.8315072644694346,0.7227894412594184,0.8812908992306927,7.941709076662892e-09,0.996
2280.162000000477,1.791226067597329e-05,0.013192003159809442,-0.8289936484678027,0.7158032343221898,0.8812908992306927,7.811189872764143e-09,0.996
2280.162000000477,1.791225964227667e-05,0.013192003159809442,-0.8289936484678027,0.7158032343221898,0.8812908992306927,7.81119422697983e-09,0.996
2280.1630000006407,1.789346438938298e-05,0.013197288397721435,-0.8198064054073027,0.7274270423912299,0.8812908992306927,7.933791295984882e-09,0.996
2280.161999998614,1.798744338341498e-05,0.013271556447015432,-0.8500059662292574,0.7229717944554247,0.8812908992306927,7.977301456466602e-09,0.996
2280.1630000006407,1.8031296591337787e-05,0.01329067738165212,-0.8417531295557548,0.7182145199682897,0.8812908992306927,7.957523344255057e-09,0.996
2280.162000000477,1.7912259109891062e-05,0.013192003159809442,-0.8289936484678027,0.7158032343221898,0.8812908992306927,7.811196408712186e-09,0.996
2280.162000000477,1.7999973801669298e-05,0.013258066065210067,-0.8337505196092971,0.7160245494556762,0.8812908992306927,7.850739740893801e-09,0.996
2280.162000000477,1.798117813517096e-05,0.013262928151727875,-0.8242563743330917,0.7276800253303297,0.8812908992306927,7.973346179874177e-09,0.996
2280.162000000477,1.7899730220267092e-05,0.013184021429466553,-0.886605479655457,0.702010225784114,0.8812908992306927,7.724178776254187e-09,0.996
2280.162000000477,1.81440721533093e-05,0.013366887603721648,-0.8495759156389453,0.7141272035995824,0.8812908992306927,7.933802626587085e-09,0.996
2280.162000000477,1.789972931207072e-05,0.013184021429466553,-0.886605479655457,0.702010225784114,0.8812908992306927,7.724186656300781e-09,0.996
2280.162000000477,1.7918525052332185e-05,0.013243071674216015,-0.8243758070745115,0.7390406000786103,0.8812908992306927,8.17110018807136e-09,0.996
2280.162000000477,1.81315417011803e-05,0.013359010363598722,-0.8434891834760228,0.7160093524310883,0.8812908992306927,7.925885517420476e-09,0.996
2280.162000000477,1.7893463837094055e-05,0.013160947014397986,-0.9176475606659684,0.6873276444715498,0.8812908992306927,7.546201422267217e-09,0.996
2280.162000000477,1.8018769197874997e-05,0.013315602245407305,-0.8336827799026478,0.7370939605399136,0.8812908992306927,8.210646763877026e-09,0.996
2280.162999998778,1.7899727604205306e-05,0.013180827383981535,-0.9193119947063595,0.694945293326485,0.8812908992306927,7.676714800858145e-09,0.996
2280.162000000477,1.8125277108809925e-05,0.013371119702749816,-0.8396691375288858,0.7258191541493185,0.8812908992306927,8.056404396504228e-09,0.996
2280.162000000477,1.79247894904622e-05,0.013263622590021468,-0.8260564011559044,0.746137125225824,0.8812908992306927,8.301613670631179e-09,0.996
2280.162000000477,1.8031298637284346e-05,0.013319554283675965,-0.8317936067937279,0.7344186346740237,0.8812908992306927,8.147366329808725e-09,0.996
2280.162999998778,1.7899728833334484e-05,0.01321671589114974,-0.8847280087954354,0.719252356866676,0.8812908992306927,7.98520902011001e-09,0.996
2280.161999998614,1.780575198833395e-05,0.01310042184937496,-0.9222157787940559,0.6868384725218699,0.8812908992306927,7.577842823717207e-09,0.996
2280.162000000477,1.812527651102674e-05,0.013371119702749816,-0.8396691375288858,0.7258191541493185,0.8812908992306927,8.056406861686635e-09,0.996
2280.162999998778,1.77932201197095e-05,0.013124906014701163,-0.9142579629121901,0.7062742440401748,0.8812908992306927,7.830962827380819e-09,0.996
2280.162000000477,1.824431706883967e-05,0.013430131088438137,-0.8435038648834086,0.7122931262798173,0.8812908992306927,7.830969887424392e-09,0.996
2443.6189999990165,1.768707601320571e-05,0.013036833066103249,-0.9439665596075022,0.6641423664901944,4.276784597361407,7.508932742896076e-09,0.999
2453.639000000432,1.7725504723825743e-05,0.013124987220201277,-0.9388688612944502,0.6686336370567353,4.263092401194594,7.566406580584847e-09,0.998
2453.678000001237,1.7708387921563728e-05,0.013112536984969031,-0.9455791572349481,0.6663897129917924,4.260792050283782,7.569758249213885e-09,0.999
2453.678000001237,1.7708387921563728e-05,0.013112536984969031,-0.9455791572349481,0.6663897129917924,4.260792050283782,7.569758249213885e-09,0.999
2433.6480000000447,1.8991518726625694e-05,0.013945170724947492,-0.9728795978745843,0.6576292141374043,4.300770503332801,8.108079019237537e-09,0.999
2433.6480000000447,1.8991518726625694e-05,0.013945170724947492,-0.9728795978745843,0.6576292141374043,4.300770503332801,8.108079019237537e-09,0.999
2463.69299999997,1.784757515857963e-05,0.013248179829184574,-0.9903411509792681,0.6436530470926023,4.303591384942581,7.388593927610742e-09,1.002
2463.69299999997,1.784757515857963e-05,0.013248179829184574,-0.9903411509792681,0.6436530470926023,4.303591384942581,7.388593927610742e-09,1.002
2400.1710000000894,1.8115595989126074e-05,0.013947520687682598,-1.0787593844559145,0.6288045464755503,0.9182958340544896,6.953976164358826e-09,1.0
2400.1710000000894,1.862421664934457e-05,0.014343241315287561,-1.0489757326564486,0.6399851344507267,0.9182958340544896,7.2088174285506334e-09,1.0
2400.1710000000894,1.814805849030232e-05,0.01398791995837503,-1.109462127790434,0.6259936580294356,0.9182958340544896,7.01279103289402e-09,1.0
2400.1699999999255,1.823463425382581e-05,0.014038891558469912,-1.113555908620545,0.6181729314812061,0.9182958340544896,6.928189839791494e-09,1.0
2400.1699999999255,1.8332032446460134e-05,0.014093058068222352,-1.1158357407342316,0.6084751278427193,0.9182958340544896,6.7909618384985165e-09,1.0
2280.162999998778,1.769924060609516e-05,0.013072570721291199,-0.9073788960797633,0.7153197427382243,0.8812908992306927,7.921926732215938e-09,1.0
2400.1710000000894,1.8418601775184905e-05,0.014170055617056601,-1.1082949370222002,0.6151276387946346,0.9182958340544896,6.875566435301712e-09,1.0
2280.162000000477,1.769924417736549e-05,0.013072570721291199,-0.9073788960797633,0.7153197427382243,0.8812908992306927,7.921927411752051e-09,1.0
2280.162000000477,1.7918524550970284e-05,0.013208450245760797,-0.9249894928763589,0.6995289015323617,0.8812908992306927,7.799327826724635e-09,1.0
2280.1619999967515,1.789972903250287e-05,0.013180827383981535,-0.9193119947063595,0.694945293326485,0.8812908992306927,7.676717473779466e-09,1.0
2280.162000000477,1.7793218944093033e-05,0.013124906014701163,-0.9142579629121901,0.7062742440401748,0.8812908992306927,7.830964407922998e-09,1.0
2280.162000000477,1.8187929197190095e-05,0.013347481528659102,-0.9297799591393154,0.6689333850329554,0.934068055375491,7.399870922793998e-09,1.0
2280.162000000477,1.7699241996328458e-05,0.013072570721291199,-0.9073788960797633,0.7153197427382243,0.8812908992306927,7.92192972375567e-09,0.999
2280.162000000477,1.7899729240940623e-05,0.013180827383981535,-0.9193119947063595,0.694945293326485,0.8812908992306927,7.676719501021536e-09,0.999
2280.162000000477,1.7899729249417586e-05,0.013180827383981535,-0.9193119947063595,0.694945293326485,0.8812908992306927,7.676726242386215e-09,0.999
2280.162000000477,1.759899734969927e-05,0.01302416781865247,-0.8460417131496225,0.7426474776907509,0.8812908992306927,8.056402157690327e-09,0.999
2280.1630000025034,1.7880933820423686e-05,0.01312450500319722,-0.9192326322231166,0.672727741564764,0.8812908992306927,7.31680666122954e-09,0.999
2280.4580000005662,1.780343827289606e-05,0.013128915456069989,-0.9121406746488621,0.7035342144047598,0.8812908992306927,7.765669916243447e-09,0.999
2280.457999996841,1.780970158399743e-05,0.013152846399964321,-0.9199330469369817,0.7106699840024232,0.8812908992306927,7.951510117041919e-09,0.999
2280.4589999988675,1.8016426786478684e-05,0.013240289391017717,-0.9220117745199112,0.6813125848833627,0.934068055375491,7.449344601548612e-09,0.999
2280.4580000005662,1.7841023566508314e-05,0.013184919615346891,-0.8502498773997402,0.7322653076819277,0.8812908992306927,8.034544079300215e-09,0.999
2280.4589999988675,1.789740424388706e-05,0.013180827383981535,-0.9193119947063595,0.694945293326485,0.8812908992306927,7.6747235241331e-09,0.999
2280.4589999988675,1.7897403056447682e-05,0.013180827383981535,-0.9193119947063595,0.694945293326485,0.8812908992306927,7.674723142958396e-09,0.999
2280.4589999988675,1.7928722496885163e-05,0.013235120741898539,-0.9083903229149088,0.7102191155153911,0.8812908992306927,7.931730144575969e-09,0.999
2280.4580000005662,1.7897404891079518e-05,0.013180827383981535,-0.9193119947063595,0.694945293326485,0.8812908992306927,7.674725423363966e-09,0.998
2280.4589999988675,1.7897403503927362e-05,0.013180827383981535,-0.9193119947063595,0.694945293326485,0.8812908992306927,7.674721460422107e-09,0.998
2280.4580000005662,1.789740483731611e-05,0.013180827383981535,-0.9193119947063595,0.694945293326485,0.8812908992306927,7.674731729964386e-09,0.998
2280.4589999988675,1.789740212878456e-05,0.013180827383981535,-0.9193119947063595,0.694945293326485,0.8812908992306927,7.67471946315588e-09,0.998
2280.459000002593,1.7997633516488764e-05,0.01328186337592899,-0.9169516262148756,0.7048634844944957,0.8812908992306927,7.943595466006865e-09,0.998
2280.457999996841,1.791619695289176e-05,0.013208450245760797,-0.9249894928763589,0.6995289015323617,0.8812908992306927,7.797301134538612e-09,0.998
2280.4589999988675,1.8016426786478505e-05,0.013240289391017717,-0.9220117745199112,0.6813125848833627,0.934068055375491,7.449344601549411e-09,0.998
2280.4580000005662,1.7897404348666788e-05,0.013180827383981535,-0.9193119947063595,0.694945293326485,0.8812908992306927,7.674727725280193e-09,0.998
2280.459000002593,1.7803436140675382e-05,0.013111264742880274,-0.895976712499023,0.6985146410173974,0.8812908992306927,7.686587305153102e-09,0.998
2280.4580000005662,1.8072808011189172e-05,0.01331906034302173,-0.8954506855298066,0.7040064281749985,0.934068055375491,7.793344389515494e-09,0.998
2280.4580000005662,1.803522106801212e-05,0.013267590111562179,-0.9277485368592444,0.6860947557699689,0.934068055375491,7.571925828640149e-09,0.998
2280.4589999988675,1.789740197142365e-05,0.013180827383981535,-0.9193119947063595,0.694945293326485,0.8812908992306927,7.674725082016937e-09,0.998
2280.4589999988675,1.7897402285563814e-05,0.013180827383981535,-0.9193119947063595,0.694945293326485,0.8812908992306927,7.674719513241465e-09,0.998
2280.457999996841,1.8016427862834977e-05,0.013240289391017717,-0.9220117745199112,0.6813125848833627,0.934068055375491,7.449351589711833e-09,0.998
2280.4580000005662,1.8041485713578992e-05,0.01329859509793983,-0.9423587807298723,0.6910272116819149,0.8812908992306927,7.860565842517819e-09,0.998
2280.4589999988675,1.7966310367002613e-05,0.013228358692000028,-0.9278776512237061,0.6892511327362445,0.8812908992306927,7.686583830162618e-09,0.998
2280.459000002593,1.779090544725792e-05,0.013124906014701163,-0.9142579629121901,0.7062742440401748,0.8812908992306927,7.828926153898427e-09,0.997
2280.4580000005662,1.797884214140194e-05,0.013235120741898499,-0.8942192932810062,0.6987168070735267,0.934068055375491,7.623323641201413e-09,0.998
2280.459000002593,1.771573280435379e-05,0.013048895900057065,-0.9253233306900537,0.6915453839772344,0.8812908992306927,7.654949994654554e-09,0.997
2280.4580000005662,1.7966314427297984e-05,0.013254194966520133,-0.8551075760297477,0.7161808172983628,0.8812908992306927,7.979179972237361e-09,0.997
2280.4580000005662,1.8085338041526334e-05,0.01331115479983853,-0.8602876456923916,0.7041167436234755,0.8812908992306927,7.753803542128757e-09,0.997
2280.457999996841,1.787861115440388e-05,0.01319250185761437,-0.8509816588013992,0.7228643789203266,0.8812908992306927,7.947554001719185e-09,0.997
2280.4589999988675,1.7897403140552833e-05,0.013154446916697453,-0.8615156220848554,0.6940023477138006,0.8812908992306927,7.564008981990417e-09,0.997
2280.4589999988675,1.770947004050466e-05,0.013020126121145188,-0.9235478414257727,0.6809419846898451,0.8812908992306927,7.484927740845895e-09,0.997
2280.4589999988675,1.789740197143337e-05,0.013180827383981499,-0.9193119947061112,0.6949452933267228,0.8812908992306927,7.674725082016914e-09,0.997
2280.4580000005662,1.799763312710232e-05,0.013244561942647653,-0.9487118560918328,0.6818250043722698,0.8812908992306927,7.587740566685165e-09,0.997
2280.4219999983907,1.7427947819409222e-05,0.012902468144139164,-0.8689188576406965,0.7353498497642483,0.8812908992306927,8.105700945803435e-09,0.997
2280.447000000626,1.7634433469167025e-05,0.013020126121145175,-0.8710979762550672,0.7210019074383387,0.8812908992306927,7.840793314066765e-09,0.997
2280.4580000005662,1.789740376549799e-05,0.013180827383981514,-0.9193119947060042,0.6949452933268303,0.8812908992306927,7.674726864566193e-09,0.997
2280.459000002593,1.7815964376251186e-05,0.013162546546126514,-0.8662320117083242,0.7252721550229334,0.8812908992306927,8.010810505966861e-09,0.997
2280.457999996841,1.801016299433305e-05,0.013243767153686001,-0.9139919812560571,0.6849430855296949,0.934068055375491,7.595646532213003e-09,0.997
2280.4589999988675,1.8047747624547277e-05,0.013281863375928942,-0.9031907393681822,0.6934821888042626,0.934068055375491,7.635185233019804e-09,0.997
2280.4589999988675,1.7972573949483203e-05,0.013272349571869112,-0.8766552916466388,0.7211921054800525,0.8812908992306927,7.998947269472965e-09,0.997
2280.459000002593,1.7815964684533236e-05,0.013115278354491354,-0.8954648140808641,0.696116023934672,0.8812908992306927,7.64704589483225e-09,0.997
2280.4589999988675,1.7909931652699677e-05,0.013184021429466473,-0.8784568937572335,0.7015317483495869,0.8812908992306927,7.627272003842724e-09,0.997
2280.4589999988675,1.8304586695760855e-05,0.013455188785860972,-0.9430644442253708,0.6753125994472358,0.934068055375491,7.615409825673723e-09,0.997
2280.4580000005662,1.785355345764778e-05,0.013149344590430911,-0.8781980163650056,0.7062203449616892,0.934068055375491,7.639141702678782e-09,0.997
2280.4580000005662,1.797884100140241e-05,0.013238301687865668,-0.8967669710771888,0.6982374555827451,0.934068055375491,7.702404803853456e-09,0.996
2280.459000002593,1.8060276201748552e-05,0.013307991267616129,-0.8876437632981382,0.7047611782628399,0.8812908992306927,7.832880822634264e-09,0.996
2280.4589999988675,1.801642684001232e-05,0.013270465822942865,-0.8786497354846627,0.7049076651197206,0.8812908992306927,7.749847124848932e-09,0.996
2280.4589999988675,1.8072807691603567e-05,0.013319060343021688,-0.8954506855296724,0.7040064281751258,0.934068055375491,7.793341494076257e-09,0.996
2280.4589999988675,1.775958523481674e-05,0.013119992779202077,-0.8568607861110609,0.7283837543896027,0.8812908992306927,7.959407959492513e-09,0.996
2280.4589999988675,1.7922461679726447e-05,0.013216715891149642,-0.9056344491730792,0.7064655773763929,0.8812908992306927,7.761706983711225e-09,0.996
2280.4589999988675,1.8016424411906496e-05,0.01328037729330879,-0.8643066150371466,0.7138917671489291,0.8812908992306927,7.900099498824566e-09,0.996
2280.457999996841,1.8085335347306365e-05,0.01331115479983853,-0.8602876456923916,0.7041167436234755,0.8812908992306927,7.753809451329093e-09,0.996
2280.4580000005662,1.7997634615892803e-05,0.013279485563910438,-0.8845533513632997,0.7134096592343557,0.8812908992306927,7.959418331133668e-09,0.996
2280.4580000005662,1.7790908338271143e-05,0.013124906014701124,-0.9142579629121714,0.7062742440401887,0.8812908992306927,7.828938427091673e-09,0.996
2280.4580000005662,1.784728792421814e-05,0.013176034863981001,-0.8927681180000269,0.7134382302287778,0.8812908992306927,7.95942049974942e-09,0.996
2280.4589999988675,1.806027798742289e-05,0.013307991267616172,-0.8876437632981395,0.7047611782628512,0.8812908992306927,7.83288522036258e-09,0.996
2280.4589999988675,1.7947515593836312e-05,0.013246151377505504,-0.8395375311760049,0.7247897628543116,0.8812908992306927,8.046396658873062e-09,0.996
2280.4589999988675,1.8097861188397968e-05,0.013382136561377992,-0.8572380373167561,0.7346144059670096,0.8812908992306927,8.24409635183481e-09,0.996
2280.4580000005662,1.779090838615574e-05,0.013124906014701163,-0.9142579629121901,0.7062742440401748,0.8812908992306927,7.82893584757495e-09,0.996
2280.457999996841,1.8003899220638143e-05,0.013272448709143448,-0.8901138191638003,0.7079684134142438,0.8812908992306927,7.82893396374939e-09,0.996
2280.459000002593,1.797883928562026e-05,0.013235120741898533,-0.8942192932810604,0.6987168070734847,0.934068055375491,7.623319585118787e-09,0.996
2280.4589999988675,1.7960047569185818e-05,0.013255683984417318,-0.8601326348711744,0.7229500422229749,0.8812908992306927,7.864511088728269e-09,0.996
2280.457999996841,1.807280599540177e-05,0.01331906034302173,-0.8954506855298066,0.7040064281749985,0.934068055375491,7.793348952987022e-09,0.996
2280.4580000005662,1.7941253979392794e-05,0.013214824211746763,-0.8624461053983667,0.7071593832944026,0.8812908992306927,7.773579507960249e-09,0.996
2280.4589999988675,1.789740324494308e-05,0.013206358117847676,-0.9073031599644206,0.7073682043054411,0.8812908992306927,7.856605350391711e-09,0.996
2280.457999996841,1.7884876136343668e-05,0.013168043454555117,-0.9421123049973659,0.6856057865359702,0.8812908992306927,7.611461333005761e-09,0.996
2280.4580000005662,1.787234731897496e-05,0.013192801067248726,-0.9342928630192104,0.7048798221790685,0.8812908992306927,7.864517811929721e-09,0.995
2280.4580000005662,1.8097865296412725e-05,0.013315108158147146,-0.9191581492622256,0.6870611318229765,0.8812908992306927,7.61146362507e-09,0.995
2280.4589999988675,1.797883727977086e-05,0.013248634487730147,-0.9390637955560512,0.6936869460859361,0.8812908992306927,7.71030352907076e-09,0.995
2280.4589999988675,1.789740194090816e-05,0.013180827383981408,-0.9193119947060366,0.6949452933267842,0.8812908992306927,7.674721752299027e-09,0.995
2280.4589999988675,1.7960045529557576e-05,0.013207952150125253,-0.8884892986718915,0.693945819132746,0.934068055375491,7.500746675583454e-09,0.995
2280.4580000005662,1.8035221211103945e-05,0.013277900119331604,-0.9035764625320661,0.6957895969969163,0.934068055375491,7.67472761326318e-09,0.995
2280.4589999988675,1.8016423995708302e-05,0.013251017835781868,-0.8980205191192963,0.6908968608269065,0.934068055375491,7.552145940716029e-09,0.995
2280.4589999988675,1.8003896772517193e-05,0.013272845250835648,-0.8864995059983465,0.709018401511982,0.934068055375491,7.78148325580545e-09,0.995
2280.4580000005662,1.7978841348078524e-05,0.013258562278173654,-0.8793353764466918,0.7117759490438951,0.8812908992306927,7.868476288120584e-09,0.995
2280.459000002593,1.7997632427709598e-05,0.013280278215221358,-0.8743451865228078,0.7161709624650642,0.8812908992306927,7.896149416122868e-09,0.995
2280.4589999988675,1.8054012101357395e-05,0.013321529863147682,-0.8848916797090731,0.7142362947385931,0.8812908992306927,7.963366062788454e-09,0.995
2280.4580000005662,1.7985104871796924e-05,0.013276314485420578,-0.8758452974083895,0.7187543519838977,0.8812908992306927,7.951510065173527e-09,0.995
2280.4589999988675,1.7878608149341033e-05,0.013181326504606876,-0.8736793109161498,0.7112590874338727,0.8812908992306927,7.821026093409355e-09,0.995
2280.4589999988675,1.8185564466797715e-05,0.013380563279780452,-0.8629542142524107,0.7022142087037683,0.8812908992306927,7.730079988357187e-09,0.995
2280.459000002593,1.8079070893443775e-05,0.01332429518230746,-0.8573699394796988,0.7137056599426412,0.8812908992306927,7.884283521230794e-09,0.995
2280.4589999988675,1.811665613785062e-05,0.013369643541286025,-0.8525031279339528,0.7223012816339632,0.8812908992306927,7.994995801908304e-09,0.995
2280.4580000005662,1.806027834169554e-05,0.013329330539512388,-0.8480700143097781,0.7252695731743237,0.8812908992306927,8.006863261270879e-09,0.995
2280.459000002593,1.8173034517374897e-05,0.013405713628700832,-0.8555377875237227,0.7210018271060924,0.8812908992306927,7.983133814538181e-09,0.995
2280.4589999988675,1.80790696033149e-05,0.013290677381652021,-0.8861935787720729,0.6904156759901614,0.8812908992306927,7.575873813547957e-09,0.995
2280.4589999988675,1.7985103577926646e-05,0.013248535172256787,-0.8567003887231373,0.7113061445438285,0.8812908992306927,7.793341932499419e-09,0.995
2280.4580000005662,1.8116657903937286e-05,0.013343241932272548,-0.8959439328704435,0.7002954711381693,0.8812908992306927,7.813117036078451e-09,0.995
2280.4589999988675,1.789740305644885e-05,0.013180827383981434,-0.9193119947060517,0.6949452933267749,0.8812908992306927,7.674723142953273e-09,0.995
2280.457999996841,1.791619695289711e-05,0.013208450245760698,-0.9249894928762812,0.6995289015324268,0.8812908992306927,7.797301134549252e-09,0.995
2280.4589999988675,1.8035218824164066e-05,0.013307991267616089,-0.87004393078786,0.7183272828105179,0.8812908992306927,8.022674304195897e-09,0.995
2280.4589999988675,1.7784642159904998e-05,0.013154446916697399,-0.8470255942461873,0.7397264421434597,0.8812908992306927,8.038491083299275e-09,0.995
2280.4589999988675,1.785355116413217e-05,0.01314934459043091,-0.8781980163650651,0.7062203449616293,0.934068055375491,7.639135399665764e-09,0.995
2280.4589999988675,1.793498917885398e-05,0.0132183086743549,-0.8682463148403783,0.712648779743593,0.8812908992306927,7.706354614865604e-09,0.995
2280.4580000005662,1.7734530119796276e-05,0.013115980610248766,-0.7979333194607507,0.7491836881324005,0.8812908992306927,8.085940865134539e-09,0.994
2280.4589999988675,1.7759585795483563e-05,0.013119992779202092,-0.856860786110949,0.7283837543897091,0.8812908992306927,7.959411085616764e-09,0.994
2280.4589999988675,1.792246196180166e-05,0.013216715891149684,-0.869946624193656,0.7143320266117789,0.8812908992306927,7.817065373962681e-09,0.994
2280.4589999988675,1.7934987902331383e-05,0.013216715891149682,-0.8432134262112636,0.7157933077051829,0.8812908992306927,7.793342821897955e-09,0.994
2280.4589999988675,1.8028953993100334e-05,0.013305717014244538,-0.8704344377912863,0.7158741978074947,0.8812908992306927,7.923824187935025e-09,0.994
2280.4589999988675,1.8072805546981552e-05,0.013311945565425136,-0.8861588993839509,0.7022071241040118,0.8812908992306927,7.777523568545837e-09,0.994
2280.4580000005662,1.801642865615796e-05,0.01326610243003613,-0.8506887259387259,0.7084378905826602,0.8812908992306927,7.74194349608356e-09,0.994
2280.459000002593,1.8154241304300806e-05,0.013360980109022088,-0.8946189240252966,0.6955711128333334,0.8812908992306927,7.741939679222561e-09,0.994
2280.4580000005662,1.815424442488352e-05,0.013360980109022088,-0.8946189240252966,0.6955711128333334,0.8812908992306927,7.741944800308543e-09,0.994
2280.4589999988675,1.799136661004208e-05,0.013292657252863532,-0.8521611421276702,0.7299284532798375,0.8812908992306927,8.105706632705799e-09,0.994
2280.4580000005662,1.8185565711224487e-05,0.013393930282820357,-0.9024509490138062,0.6977358607101631,0.8812908992306927,7.848708403599352e-09,0.994
2280.459000002593,1.8085332880230444e-05,0.01331115479983848,-0.860287645692491,0.7041167436233848,0.8812908992306927,7.753803746355643e-09,0.994
2280.457999996841,1.806654330594855e-05,0.013349945791334849,-0.8498882657728686,0.7323608121964281,0.8812908992306927,8.137346381363609e-09,0.994
2280.4580000005662,1.811665911166273e-05,0.013344030796379951,-0.8683055381304197,0.7062612150412476,0.8812908992306927,7.860563661724583e-09,0.994
2280.4580000005662,1.8079072403831392e-05,0.013324295182307504,-0.8573699394797156,0.713705659942624,0.8812908992306927,7.884286339828679e-09,0.994
2280.4580000005662,1.8179302342582722e-05,0.013406989536098408,-0.8994462783342909,0.7073072526754225,0.8812908992306927,7.979188405801857e-09,0.994
2280.4580000005662,1.8097865296404627e-05,0.013382136561377947,-0.8572380373167006,0.7346144059670544,0.8812908992306927,8.244104627010821e-09,0.994
2280.4589999988675,1.8091599709816105e-05,0.013361767925887013,-0.8556629907577422,0.7274622375558023,0.8812908992306927,8.113617558357746e-09,0.994
2280.459000002593,1.8060277645371215e-05,0.013329330539512433,-0.8480700143099189,0.7252695731741947,0.8812908992306927,8.006859517062584e-09,0.994
2280.457999996841,1.8097865654812433e-05,0.013382136561377947,-0.8572380373167006,0.7346144059670544,0.8812908992306927,8.244100973030373e-09,0.994
2280.4589999988675,1.8122920166547616e-05,0.013364820277603119,-0.8704533036152706,0.7133706090728831,0.8812908992306927,7.991042557872102e-09,0.994
2280.4589999988675,1.809786307306782e-05,0.013382136561377947,-0.8572380373167006,0.7346144059670544,0.8812908992306927,8.244096228050201e-09,0.994
2280.4589999988675,1.8097862800494058e-05,0.01334905870917693,-0.8591347597506163,0.7178180269213081,0.8812908992306927,7.9831375167227e-09,0.994
2280.4580000005662,1.809786471651505e-05,0.013382136561377947,-0.8572380373167006,0.7346144059670544,0.8812908992306927,8.244103802399376e-09,0.994
2280.459000002593,1.8097862465309826e-05,0.013382136561377947,-0.8572380373167006,0.7346144059670544,0.8812908992306927,8.244098691669556e-09,0.994
2280.4589999988675,1.8104126860627927e-05,0.01336964354128608,-0.861000760510898,0.7249441051350067,0.8812908992306927,8.113621925343859e-09,0.994
2280.4580000005662,1.811665920050991e-05,0.01335112847586105,-0.8380577879037379,0.7184871661853027,0.8812908992306927,7.923822141194086e-09,0.994
2280.4580000005662,1.8066542094522696e-05,0.013349945791334849,-0.8498882657728686,0.7323608121964281,0.8812908992306927,8.137350855225729e-09,0.994
2280.4589999988675,1.8016425597903204e-05,0.013315602245407262,-0.8336827799025914,0.7370939605399588,0.8812908992306927,8.20851416838909e-09,0.994
2280.4589999988675,1.812292014567031e-05,0.013371119702749795,-0.8396691375288383,0.7258191541493535,0.8812908992306927,8.054306569152487e-09,0.994
2280.4580000005662,1.8016427438836114e-05,0.013315602245407262,-0.8336827799025914,0.7370939605399588,0.8812908992306927,8.20851766666898e-09,0.993
2280.4580000005662,1.80164268960392e-05,0.013315602245407262,-0.8336827799025914,0.7370939605399588,0.8812908992306927,8.20852039646736e-09,0.993
2280.457999996841,1.7897404683302112e-05,0.013216715891149694,-0.8847280087953768,0.719252356866722,0.8812908992306927,7.98313650413653e-09,0.993
2280.4580000005662,1.8003898111381533e-05,0.013272448709143427,-0.8901138191637514,0.707968413414279,0.8812908992306927,7.828935844613905e-09,0.993
2280.4580000005662,1.8097864163274657e-05,0.013382136561377947,-0.8572380373167006,0.7346144059670544,0.8812908992306927,8.24410652994076e-09,0.993
2280.4580000005662,1.812292229623836e-05,0.013371119702749795,-0.8396691375288383,0.7258191541493535,0.8812908992306927,8.05431141968964e-09,0.993
2280.4589999988675,1.8097861665065278e-05,0.013382136561377947,-0.8572380373167006,0.7346144059670544,0.8812908992306927,8.244098177997979e-09,0.993
2280.4589999988675,1.8122919279108982e-05,0.013371119702749795,-0.8396691375288383,0.7258191541493535,0.8812908992306927,8.054309071128367e-09,0.993
2280.459000002593,1.8122921620211788e-05,0.013371119702749795,-0.8396691375288383,0.7258191541493535,0.8812908992306927,8.054305728616846e-09,0.993
2280.4589999988675,1.812292051372643e-05,0.013371119702749795,-0.8396691375288383,0.7258191541493535,0.8812908992306927,8.054309620658558e-09,0.993
2280.4589999988675,1.8122921617658248e-05,0.013371119702749795,-0.8396691375288383,0.7258191541493535,0.8812908992306927,8.054307563952807e-09,0.993
2280.4589999988675,1.8016423983907853e-05,0.013315602245407262,-0.8336827799025914,0.7370939605399588,0.8812908992306927,8.208512354213544e-09,0.993
2280.4580000005662,1.8003899045451896e-05,0.013272448709143427,-0.8901138191637514,0.707968413414279,0.8812908992306927,7.828936130725312e-09,0.993
2280.4580000005662,1.8122921722204387e-05,0.013371119702749795,-0.8396691375288383,0.7258191541493535,0.8812908992306927,8.054316719393968e-09,0.993
2280.4589999988675,1.8204358079156516e-05,0.013422290964542626,-0.847691926583154,0.7176049055957917,0.8812908992306927,8.018718057840978e-09,0.993
2280.4580000005662,1.8016426906473397e-05,0.01328037729330878,-0.8643066150374166,0.7138917671486871,0.8812908992306927,7.90010789956143e-09,0.993
2280.459000002593,1.8122918874467905e-05,0.013371119702749795,-0.8396691375288383,0.7258191541493535,0.8812908992306927,8.054304327412989e-09,0.993
2280.4580000005662,1.8016428362625795e-05,0.013315602245407262,-0.8336827799025914,0.7370939605399588,0.8812908992306927,8.208514825888937e-09,0.993
2280.4589999988675,1.8003897941631797e-05,0.013272448709143427,-0.8901138191637514,0.707968413414279,0.8812908992306927,7.82892751747673e-09,0.993
2280.4580000005662,1.8003898633327043e-05,0.013272448709143427,-0.8901138191637514,0.707968413414279,0.8812908992306927,7.82893311447915e-09,0.993
2280.4589999988675,1.798510355344275e-05,0.013292162312707766,-0.8987915587411024,0.717579782814769,0.8812908992306927,8.117572193211019e-09,0.993
2280.4580000005662,1.8122922888771572e-05,0.013371119702749795,-0.8396691375288383,0.7258191541493535,0.8812908992306927,8.054312247374826e-09,0.993
2280.459000002593,1.8122921617656682e-05,0.013371119702749795,-0.8396691375288383,0.7258191541493535,0.8812908992306927,8.05430756395057e-09,0.993
2280.4580000005662,1.8016427821080013e-05,0.013315602245407262,-0.8336827799025914,0.7370939605399588,0.8812908992306927,8.208520668665919e-09,0.993
2280.4589999988675,1.808533350329574e-05,0.013323801417408136,-0.8976851537660817,0.6997816848922244,0.8812908992306927,7.79334732541816e-09,0.993
2280.459000002593,1.8003898182184847e-05,0.013272448709143427,-0.8901138191637514,0.707968413414279,0.8812908992306927,7.828928946582439e-09,0.993
2280.162000000477,1.8006237920565475e-05,0.013272448709143427,-0.8901138191637514,0.707968413414279,0.8812908992306927,7.830965660242381e-09,0.993
2280.1619999967515,1.794358677101081e-05,0.013224379400422353,-0.9298272584492882,0.691906503188095,0.8812908992306927,7.807234804672654e-09,0.992
2280.162999998778,1.8125276257656328e-05,0.013371119702749795,-0.8396691375288383,0.7258191541493535,0.8812908992306927,8.056397991116503e-09,0.992
2280.162000000477,1.800623867784001e-05,0.013272448709143427,-0.8901138191637514,0.707968413414279,0.8812908992306927,7.830971715172896e-09,0.992
2280.1730000004172,1.8024930769740438e-05,0.013300079144996046,-0.8957577021169918,0.7124364226642539,0.8812908992306927,7.953576256394041e-09,0.992
2280.162000000477,1.8125277918279766e-05,0.013371119702749795,-0.8396691375288383,0.7258191541493535,0.8812908992306927,8.056406655754953e-09,0.992
2280.162999998778,1.8125275443241207e-05,0.013371119702749795,-0.8396691375288383,0.7258191541493535,0.8812908992306927,8.05640015378955e-09,0.992
2280.162000000477,1.812527809300687e-05,0.013371119702749795,-0.8396691375288383,0.7258191541493535,0.8812908992306927,8.056402085686955e-09,0.992
2280.162000000477,1.812527575119613e-05,0.013371119702749795,-0.8396691375288383,0.7258191541493535,0.8812908992306927,8.05640201788716e-09,0.992
2280.162000000477,1.8125277928491677e-05,0.013371119702749795,-0.8396691375288383,0.7258191541493535,0.8812908992306927,8.05640025884936e-09,0.992
2280.162999998778,1.814407108421647e-05,0.0133987430675222,-0.8453565121151305,0.7301472065947195,0.8812908992306927,8.179003666551873e-09,0.992
2280.162000000477,1.8125277918287627e-05,0.013371119702749795,-0.8396691375288383,0.7258191541493535,0.8812908992306927,8.056406655762786e-09,0.992
2280.162000000477,1.813780746597605e-05,0.013375055336826008,-0.837106059064495,0.7230449316508953,0.8812908992306927,7.985212405265923e-09,0.992
2280.1609999984503,1.8206729194978906e-05,0.013437574969191131,-0.8628967931652736,0.7234798076604243,0.8812908992306927,8.092018634722076e-09,0.992
2280.4580000005662,1.8122923457712402e-05,0.013371119702749795,-0.8396691375288383,0.7258191541493535,0.8812908992306927,8.054309990499902e-09,0.992
2280.457999996841,1.8122921722197814e-05,0.013371119702749795,-0.8396691375288383,0.7258191541493535,0.8812908992306927,8.05431671943196e-09,0.992
2280.4589999988675,1.812292135669249e-05,0.013371119702749795,-0.8396691375288383,0.7258191541493535,0.8812908992306927,8.054307163940895e-09,0.992
2280.4589999988675,1.80978628759193e-05,0.013382136561377947,-0.8572380373167006,0.7346144059670544,0.8812908992306927,8.244100324120818e-09,0.992
2280.4580000005662,1.8016429288912833e-05,0.013315602245407262,-0.8336827799025914,0.7370939605399588,0.8812908992306927,8.208518336165674e-09,0.992
2280.4589999988675,1.801642423444366e-05,0.013315602245407262,-0.8336827799025914,0.7370939605399588,0.8812908992306927,8.208510697861772e-09,0.992
2280.4589999988675,1.812292162020911e-05,0.013371119702749795,-0.8396691375288383,0.7258191541493535,0.8812908992306927,8.054305728640092e-09,0.992
2280.4580000005662,1.801642782106414e-05,0.013315602245407282,-0.8336827799026381,0.7370939605399226,0.8812908992306927,8.208520668686936e-09,0.992
2280.4589999988675,1.8273265744516652e-05,0.013487908815325175,-0.8970619522055245,0.714957466399535,0.8812908992306927,8.078031337253414e-09,0.992
2280.4589999988675,1.801642423444228e-05,0.013315602245407282,-0.8336827799026381,0.7370939605399226,0.8812908992306927,8.208510697849106e-09,0.992
2280.4580000005662,1.7985106026356628e-05,0.013255683984417318,-0.9334354316994649,0.6939783965918466,0.8812908992306927,7.809163877211502e-09,0.992
2280.4580000005662,1.8104129694502843e-05,0.013324295182307525,-0.9125022576263344,0.6908097887150321,0.934068055375491,7.68658952415949e-09,0.992
2280.459000002593,1.8072804747651034e-05,0.013319060343021688,-0.8954506855296724,0.7040064281751258,0.934068055375491,7.793342946998476e-09,0.992
2280.4580000005662,1.801642693779382e-05,0.013276810016360361,-0.8861625038244427,0.7067042433588576,0.934068055375491,7.74194774233536e-09,0.992
2280.4580000005662,1.807280653135392e-05,0.013339592828947418,-0.8781160939556352,0.7174558877934245,0.8812908992306927,7.959418046284158e-09,0.992
2280.4589999988675,1.7978840416295187e-05,0.013238301687865668,-0.8967669710771888,0.6982374555827451,0.934068055375491,7.702398963629844e-09,0.992
2280.4580000005662,1.8241945380670517e-05,0.013455188785860954,-0.8904430805155696,0.7107927479636076,0.8812908992306927,7.963374597008242e-09,0.992
2280.457999996841,1.8054013959812957e-05,0.01332152986314773,-0.88489167970903,0.7142362947386317,0.8812908992306927,7.963369259553252e-09,0.991
2280.4589999988675,1.8129182902054222e-05,0.013351916874012021,-0.9289762595805371,0.6914842727205565,0.934068055375491,7.741940335624765e-09,0.991
2280.459000002593,1.7928724174817164e-05,0.013234723069896162,-0.8678043381854943,0.7215321994816842,0.8812908992306927,7.91591394740241e-09,0.992
2280.4589999988675,1.8104126741884886e-05,0.01336531252711171,-0.8749144338335606,0.7199879432608073,0.8812908992306927,7.971272406328681e-09,0.991
2280.4589999988675,1.8035218809679617e-05,0.0133158986889634,-0.8397172192484694,0.7289333089983543,0.8812908992306927,7.983137475308905e-09,0.991
2280.4589999988675,1.81980932776479e-05,0.013398644864706514,-0.9023537843979081,0.6947735731187819,0.8812908992306927,7.761713398148358e-09,0.991
2280.457999996841,1.814171554629873e-05,0.013357040327699476,-0.894933671242014,0.6974501047838456,0.8812908992306927,7.734036867226782e-09,0.991
2280.4589999988675,1.811039323718115e-05,0.013351424130623298,-0.8774749605344323,0.7106631144141569,0.8812908992306927,7.840789639123869e-09,0.991
2280.4580000005662,1.8054015150046484e-05,0.01332152986314773,-0.88489167970903,0.7142362947386317,0.8812908992306927,7.96336793673583e-09,0.991
2280.459000002593,1.8241944301081543e-05,0.013455188785860954,-0.8904430805155696,0.7107927479636076,0.8812908992306927,7.963361787127708e-09,0.991
2280.4580000005662,1.8072806414086595e-05,0.013375055336826014,-0.877621227860506,0.733491948334417,0.8812908992306927,8.220385214302792e-09,0.991
2280.4589999988675,1.8060277387475063e-05,0.013279485563910438,-0.9291298679459041,0.6810267104626897,0.934068055375491,7.564005388012564e-09,0.991
2280.4589999988675,1.7903666274482483e-05,0.01321840821693268,-0.901917696373415,0.7105859248748625,0.8812908992306927,8.010815846624522e-09,0.991
2280.4589999988675,1.7934987252674216e-05,0.01322069748936351,-0.8702900334978683,0.7121608151544245,0.8812908992306927,7.785433367319622e-09,0.991
2280.4580000005662,1.8147980032572752e-05,0.013402572416085718,-0.8835644640974012,0.7198525174356782,0.8812908992306927,8.054311452974951e-09,0.991
2280.4580000005662,1.7909932644004717e-05,0.013240587520753617,-0.8589392854492739,0.7329851617256988,0.8812908992306927,8.038496092460586e-09,0.991
2280.4589999988675,1.809786444161746e-05,0.013382136561377992,-0.8572380373167561,0.7346144059670096,0.8812908992306927,8.244098440197513e-09,0.991
2280.4589999988675,1.820435570913068e-05,0.01343757496919115,-0.8628967931653198,0.72347980766039,0.8812908992306927,8.089892897858031e-09,0.991
2280.4589999988675,1.8016428020744707e-05,0.013315602245407305,-0.8336827799026478,0.7370939605399136,0.8812908992306927,8.208512247121718e-09,0.991
2280.4589999988675,1.789740109811476e-05,0.013180827383981535,-0.9193119947063595,0.694945293326485,0.8812908992306927,7.67471913207558e-09,0.991
2280.459000002593,1.798510233712816e-05,0.013255683984417361,-0.9334354316995981,0.6939783965917179,0.8812908992306927,7.809159416348366e-09,0.991
2280.4589999988675,1.8185564522205044e-05,0.013382136561378013,-0.9555127356725177,0.6798787478480225,0.934068055375491,7.619365382201437e-09,0.991
2280.4580000005662,1.806654276533527e-05,0.013353493530671497,-0.8754340340058366,0.7267641678665092,0.8812908992306927,8.089897586470863e-09,0.991
2280.4589999988675,1.8072805718001028e-05,0.01333959282894746,-0.8781160939557733,0.717455887793297,0.8812908992306927,7.959408936818128e-09,0.991
2280.4290000014007,1.7891468747850297e-05,0.013206457750501778,-0.824309961331088,0.7320611080154809,0.8812908992306927,7.87657426528333e-09,0.991
2280.459000002593,1.8223152397195745e-05,0.013460566188138647,-0.8815045927273597,0.7221761391597911,0.8812908992306927,8.085938034037126e-09,0.991
2280.459000002593,1.8016425644813525e-05,0.013309671987733257,-0.8836111877544575,0.7205668521778084,0.8812908992306927,8.058259799314995e-09,0.991
2280.4580000005662,1.817930324030719e-05,0.01339677887443563,-0.8841052379705672,0.7055868062711618,0.8812908992306927,7.821023804963665e-09,0.991
2280.44299999997,1.7941409314595313e-05,0.013262134463438177,-0.8517340252808552,0.7342518017509081,0.8812908992306927,7.987254134241488e-09,0.991
2280.459000002593,1.8198093559215894e-05,0.013417486626355153,-0.8613291400376468,0.7162076835651916,0.8812908992306927,7.959413643879374e-09,0.991
2280.4580000005662,1.8260737235354688e-05,0.013513638335127578,-0.890318082873438,0.73136462095178,0.8812908992306927,8.3231813296781e-09,0.991
2280.4589999988675,1.8060275156050725e-05,0.013307991267616089,-0.8876437632981862,0.7047611782627998,0.8812908992306927,7.832885502393268e-09,0.991
2280.4580000005662,1.812918769107629e-05,0.013379481541367286,-0.8828218963382368,0.7166012608421365,0.8812908992306927,7.994998690609061e-09,0.991
2280.4589999988675,1.8135448673714882e-05,0.013405713628700834,-0.8727856975888146,0.7271187726887952,0.8812908992306927,8.244094051240414e-09,0.991
2280.459000002593,1.8198093319403933e-05,0.013417486626355153,-0.8613291400376468,0.7162076835651916,0.8812908992306927,7.959413469516517e-09,0.991
2280.4589999988675,1.8198092027505297e-05,0.013417486626355153,-0.8613291400376468,0.7162076835651916,0.8812908992306927,7.959413634564623e-09,0.99
2280.4589999988675,1.829206052553894e-05,0.013483323032546473,-0.9064837997693465,0.703426810018429,0.8812908992306927,7.955457433991494e-09,0.991
2280.4580000005662,1.7985105161364298e-05,0.013283448347473588,-0.8261263038988873,0.7348297040180855,0.8812908992306927,8.10175860584468e-09,0.991
2280.4580000005662,1.8223151238748662e-05,0.013465257438858532,-0.8684362597624826,0.7277760820930098,0.8812908992306927,8.212476885402486e-09,0.99
2280.459000002593,1.8122919101574654e-05,0.013371119702749717,-0.8396691375285643,0.7258191541496056,0.8812908992306927,8.05430453579886e-09,0.99
2280.457999996841,1.80978647060872e-05,0.013347481528659003,-0.8862223110401413,0.7120197648843329,0.8812908992306927,7.935691305540077e-09,0.99
2280.457999996841,1.822315123874672e-05,0.013465257438858532,-0.8684362597624826,0.7277760820930098,0.8812908992306927,8.21247688544209e-09,0.99
2280.4589999988675,1.82231505956813e-05,0.013465257438858532,-0.8684362597624826,0.7277760820930098,0.8812908992306927,8.212466535751366e-09,0.99
2280.4589999988675,1.822315207772509e-05,0.013465257438858532,-0.8684362597624826,0.7277760820930098,0.8812908992306927,8.212467926897116e-09,0.99
2280.459000002593,1.8085335280002106e-05,0.013371119702749717,-0.8752637045111844,0.7294540346862625,0.8812908992306927,8.165017932876341e-09,0.99
2280.4589999988675,1.8016425241655533e-05,0.013280377293308738,-0.8643066150370124,0.7138917671490629,0.8812908992306927,7.900100225584653e-09,0.99
2280.459000002593,1.799136918939342e-05,0.013291865339767967,-0.8441975351595565,0.7322523538602571,0.8812908992306927,8.10570776406171e-09,0.99
2280.4589999988675,1.80915979993747e-05,0.013367281343875213,-0.8230367670503718,0.7388404871360352,0.8812908992306927,8.16106540673128e-09,0.99
2280.4580000005662,1.793499111219344e-05,0.013259653881328517,-0.8091325284772659,0.7452277204213653,0.8812908992306927,8.157113115731095e-09,0.99
2280.4580000005662,1.811665904903089e-05,0.013375153712840229,-0.891811694845992,0.716420182780207,0.8812908992306927,8.058264130350676e-09,0.99
2280.4580000005662,1.809786405771435e-05,0.013382923132819148,-0.8195616577725331,0.7440161348407283,0.8812908992306927,8.259925026147563e-09,0.99
2280.4580000005662,1.8085334789388456e-05,0.013371119702749717,-0.8752637045111844,0.7294540346862625,0.8812908992306927,8.165025785345323e-09,0.99
2280.4580000005662,1.8035221211099263e-05,0.013307991267616089,-0.87004393078786,0.7183272828105179,0.8812908992306927,8.022680249979736e-09,0.99
2280.4589999988675,1.778464228033419e-05,0.013154446916697399,-0.8470255942461873,0.7397264421434597,0.8812908992306927,8.03849008695814e-09,0.99
2280.459000002593,1.7815964225231836e-05,0.013159347288244607,-0.864767566956059,0.726361732515005,0.8812908992306927,7.931733027637714e-09,0.99
2280.4580000005662,1.7903667562808015e-05,0.013254989130214485,-0.7912841715177619,0.7584828268105794,0.8812908992306927,8.263876471998572e-09,0.99
2280.4580000005662,1.803522121109121e-05,0.013307991267616089,-0.87004393078786,0.7183272828105179,0.8812908992306927,8.022680249994094e-09,0.99
2280.4589999988675,1.7853551182022448e-05,0.013191304951208902,-0.8158216125443181,0.7396830829797031,0.8812908992306927,8.089895868398996e-09,0.99
2280.4580000005662,1.7784643809948767e-05,0.013154446916697399,-0.8470255942461873,0.7397264421434597,0.8812908992306927,8.03850055581009e-09,0.99
2280.4589999988675,1.8135449474031523e-05,0.013376629266235757,-0.831774537707866,0.7254643361570882,0.8812908992306927,7.967315849352291e-09,0.99
2280.4589999988675,1.7903665248272784e-05,0.013254989130214485,-0.7912841715177619,0.7584828268105794,0.8812908992306927,8.263867871286367e-09,0.99
2280.4589999988675,1.816677086015106e-05,0.013434049434572016,-0.8344999867600507,0.7406867834058303,0.8812908992306927,8.26386950824949e-09,0.99
2280.4580000005662,1.7903669362412585e-05,0.013254989130214485,-0.7912841715177619,0.7584828268105794,0.8812908992306927,8.263872715745518e-09,0.99
2280.4580000005662,1.797884216228897e-05,0.013276017157978751,-0.8356173450016522,0.7312190294780407,0.8812908992306927,8.074080227903718e-09,0.99
2280.457999996841,1.7985103771228523e-05,0.013323011355506157,-0.8144108645241275,0.7563678866444203,0.8812908992306927,8.29946480716908e-09,0.99
2280.4580000005662,1.809160068357861e-05,0.013359798296617919,-0.8052538721680338,0.7393498946801647,0.8812908992306927,8.05036025292429e-09,0.99
2280.459000002593,1.803521825587114e-05,0.013307991267616089,-0.87004393078786,0.7183272828105179,0.8812908992306927,8.022669834011135e-09,0.99
2280.4589999988675,1.7903665342463305e-05,0.013254989130214485,-0.7912841715177619,0.7584828268105794,0.8812908992306927,8.263863902580403e-09,0.99
2280.4580000005662,1.7972577837106712e-05,0.013301661946024433,-0.8005932570864762,0.752670956605329,0.8812908992306927,8.275734632116689e-09,0.99
2280.4580000005662,1.8135450863812998e-05,0.013397859216268357,-0.8144760904476405,0.7386367112829628,0.8812908992306927,8.13339925061667e-09,0.99
2280.4589999988675,1.8160504131559017e-05,0.013413563441924198,-0.8531335236773385,0.7299508399239317,0.8812908992306927,8.022671861195606e-09,0.99
2280.4589999988675,1.8085333195205334e-05,0.01335457737414793,-0.8610456305645231,0.7233502210375216,0.8812908992306927,8.093843499893468e-09,0.989
2280.459000002593,1.7903667166614605e-05,0.013254989130214485,-0.7912841715177619,0.7584828268105794,0.8812908992306927,8.263869406231949e-09,0.989
2280.459000002593,1.7903664773662663e-05,0.013254989130214485,-0.7912841715177619,0.7584828268105794,0.8812908992306927,8.263866353389192e-09,0.989
2280.4589999988675,1.8054012094609985e-05,0.013342058548656877,-0.8332731716733996,0.7346295481733415,0.8812908992306927,8.121527673432519e-09,0.989
2280.459000002593,1.799136807733461e-05,0.013310462841412794,-0.827429862822437,0.7432063670099499,0.8812908992306927,8.263868728819656e-09,0.989
2280.4580000005662,1.816050818046108e-05,0.013396287781164922,-0.8392299802790104,0.7241361035253301,0.8812908992306927,7.9515100462599e-09,0.989
2280.4589999988675,1.7784643890273888e-05,0.013154446916697399,-0.8470255942461873,0.7397264421434597,0.8812908992306927,8.038489878836119e-09,0.989
2280.4589999988675,1.7947515593841174e-05,0.013293746056342641,-0.8005028423207055,0.7572273955053769,0.8812908992306927,8.34690041144776e-09,0.989
2280.4589999988675,1.7934987534228736e-05,0.013251712898219649,-0.8639190636748033,0.7260352382919243,0.8812908992306927,8.014763704822628e-09,0.989
2280.4589999988675,1.7841022370782568e-05,0.013197288397721354,-0.8562878073695162,0.7363479948552255,0.8812908992306927,8.089892089533014e-09,0.989
2280.4589999988675,1.8066539263474224e-05,0.013351916874011988,-0.8050612923465574,0.7438145015062533,0.8812908992306927,8.121522237932271e-09,0.989
2280.4580000005662,1.8091600015514555e-05,0.013310462841412778,-0.9368831650491907,0.6832437313427555,0.934068055375491,7.623323389805256e-09,0.989
2280.4580000005662,1.8079072763925108e-05,0.013357434358123477,-0.8746504120220391,0.7243543905799646,0.8812908992306927,8.042448228723348e-09,0.989
2280.459000002593,1.7985102167413935e-05,0.013275521597444277,-0.8756232922368574,0.7188516502891613,0.8812908992306927,7.888236176493464e-09,0.989
2280.44299999997,1.8003974133949758e-05,0.013293845034055137,-0.8691187243628256,0.7223191161908917,0.8812908992306927,7.947564356386081e-09,0.989
2280.4580000005662,1.802895863254432e-05,0.013301760864835224,-0.8692233996568444,0.7178697780490012,0.8812908992306927,7.876379193392695e-09,0.989
2280.457999996841,1.8147979324084993e-05,0.01337426830266155,-0.8918407878394405,0.705107819316894,0.8812908992306927,7.872432402892624e-09,0.989
2280.4589999988675,1.8166771206909066e-05,0.0134324822332794,-0.8918258505073942,0.7259360458464857,0.8812908992306927,8.232236219921503e-09,0.989
2280.4580000005662,1.820435997733866e-05,0.013437574969191051,-0.8628967931652385,0.723479807660455,0.8812908992306927,8.089900544983132e-09,0.989
2280.459000002593,1.8097860168945802e-05,0.013382136561377891,-0.8572380373165522,0.7346144059671854,0.8812908992306927,8.244094245865156e-09,0.989
2280.4580000005662,1.8223152228962042e-05,0.013465257438858532,-0.8684362597624826,0.7277760820930098,0.8812908992306927,8.212474549465914e-09,0.989
2280.459000002593,1.82231505956682e-05,0.013465257438858532,-0.8684362597624826,0.7277760820930098,0.8812908992306927,8.21246653573611e-09,0.989
2280.4580000005662,1.8072807105459932e-05,0.013386855296776782,-0.7858821983434483,0.7633322214884498,0.8812908992306927,8.331092085390993e-09,0.989
2280.4589999988675,1.809786305220293e-05,0.013347481528659003,-0.8862223110401413,0.7120197648843329,0.8812908992306927,7.935683661382971e-09,0.989
2280.4539999999106,1.8204411255399412e-05,0.013437574969191051,-0.8628967931652385,0.723479807660455,0.8812908992306927,8.089958952859761e-09,0.989
2280.4589999988675,1.8204357712246817e-05,0.013437574969191051,-0.8628967931652385,0.723479807660455,0.8812908992306927,8.089892027213098e-09,0.989
2280.4580000005662,1.820436074977969e-05,0.013437574969191051,-0.8628967931652385,0.723479807660455,0.8812908992306927,8.089896145984138e-09,0.989
2280.4580000005662,1.8273267503254322e-05,0.013487908815325097,-0.8970619522053385,0.7149574663997005,0.8812908992306927,8.078038354988587e-09,0.989
2280.4589999988675,1.8179298485498443e-05,0.013449711403673445,-0.8431115188141698,0.74156344873504,0.8812908992306927,8.295498246573383e-09,0.989
2280.459000002593,1.822315207771371e-05,0.013465257438858532,-0.8684362597624826,0.7277760820930098,0.8812908992306927,8.212467926896183e-09,0.989
2280.4580000005662,1.826073862466689e-05,0.01350038985791846,-0.8509173603226579,0.7335334343384005,0.8812908992306927,8.25992245940511e-09,0.989
2280.4580000005662,1.8235682553812038e-05,0.013480883150829326,-0.8433881162068628,0.7350394702215793,0.8812908992306927,8.275733182013408e-09,0.989
2280.459000002593,1.8160508106568815e-05,0.013422192934013914,-0.8376874833637307,0.737277746129668,0.8812908992306927,8.17292606812207e-09,0.989
2280.4589999988675,1.8204358793617687e-05,0.013437574969191051,-0.8628967931652385,0.723479807660455,0.8812908992306927,8.089897656580314e-09,0.989
2280.4580000005662,1.8223153685023127e-05,0.013465257438858532,-0.8684362597624826,0.7277760820930098,0.8812908992306927,8.212468988736042e-09,0.989
2280.459000002593,1.820435939747166e-05,0.013437574969191051,-0.8628967931652385,0.723479807660455,0.8812908992306927,8.089895182419492e-09,0.989
2280.4580000005662,1.8223151627644486e-05,0.013465257438858532,-0.8684362597624826,0.7277760820930098,0.8812908992306927,8.21247374523912e-09,0.989
2280.4589999988675,1.8223152806969198e-05,0.013465257438858532,-0.8684362597624826,0.7277760820930098,0.8812908992306927,8.212464944055946e-09,0.989
2280.4580000005662,1.790366874582719e-05,0.013254989130214485,-0.7912841715177619,0.7584828268105794,0.8812908992306927,8.263878627599625e-09,0.989
2280.4580000005662,1.8147979980369085e-05,0.013445699762573217,-0.8261529577947639,0.7545448119783231,0.8812908992306927,8.402264372120428e-09,0.989
2280.4589999988675,1.8191829148536118e-05,0.013461445922180414,-0.8519391704041408,0.7407046478996809,0.8812908992306927,8.319222091642172e-09,0.989
2280.4589999988675,1.822315096491583e-05,0.013465257438858532,-0.8684362597624826,0.7277760820930098,0.8812908992306927,8.2124660775189e-09,0.988
2280.4580000005662,1.8116658801410164e-05,0.013375153712840229,-0.891811694845992,0.716420182780207,0.8812908992306927,8.05826272412232e-09,0.988
2280.4589999988675,1.8010160630550597e-05,0.013346692868509202,-0.7666407655160867,0.7701915691884492,0.8812908992306927,8.41807023627128e-09,0.988
2280.459000002593,1.8267001306379534e-05,0.013504385252673673,-0.8772341014765797,0.7266091442752947,0.8812908992306927,8.295501667306042e-09,0.988
2280.459000002593,1.820435734901429e-05,0.013437574969191051,-0.8628967931652385,0.723479807660455,0.8812908992306927,8.089890767349626e-09,0.988
2280.4589999988675,1.8085332397562834e-05,0.013371119702749717,-0.8752637045111844,0.7294540346862625,0.8812908992306927,8.165016022667544e-09,0.988
2280.4589999988675,1.8010159882628992e-05,0.013346692868509202,-0.7666407655160867,0.7701915691884492,0.8812908992306927,8.41807809838425e-09,0.988
2280.4589999988675,1.8223150970016248e-05,0.013465257438858532,-0.8684362597624826,0.7277760820930098,0.8812908992306927,8.212469761164904e-09,0.988
2280.4589999988675,1.8223151816752554e-05,0.013465257438858532,-0.8684362597624826,0.7277760820930098,0.8812908992306927,8.212467279981828e-09,0.988
2280.4580000005662,1.8223151627640512e-05,0.013465257438858532,-0.8684362597624826,0.7277760820930098,0.8812908992306927,8.212473745235344e-09,0.988
2280.4580000005662,1.8166774339415117e-05,0.013434049434572016,-0.8344999867600507,0.7406867834058303,0.8812908992306927,8.263872642574256e-09,0.988
2280.459000002593,1.822315119455253e-05,0.013465257438858532,-0.8684362597624826,0.7277760820930098,0.8812908992306927,8.212464053659718e-09,0.988
2280.459000002593,1.8147975332296166e-05,0.013445699762573217,-0.8261529577947639,0.7545448119783231,0.8812908992306927,8.402256165625335e-09,0.988
2280.4580000005662,1.8085337047347884e-05,0.013371119702749717,-0.8752637045111844,0.7294540346862625,0.8812908992306927,8.165022371926484e-09,0.988
2280.4589999988675,1.8223150244655707e-05,0.013465257438858532,-0.8684362597624826,0.7277760820930098,0.8812908992306927,8.212468803119966e-09,0.988
2280.457999996841,1.7985106026355167e-05,0.013323011355506157,-0.8144108645241275,0.7563678866444203,0.8812908992306927,8.299460854705037e-09,0.988
2280.4580000005662,1.803522010433554e-05,0.013307991267616089,-0.87004393078786,0.7183272828105179,0.8812908992306927,8.022682169001795e-09,0.988
2280.422000002116,1.4289207691364678e-05,0.010469378908838969,-0.8131467673249451,0.6224149670038259,0.934068055375491,4.86768581722411e-09,0.988
2280.4589999988675,1.8198094592912073e-05,0.013457437779122214,-0.8205829526318316,0.7427548940371439,0.8812908992306927,8.267821709133524e-09,0.988
2280.4580000005662,1.8154245626423795e-05,0.013360980109022027,-0.8946189240252718,0.6955711128333574,0.8812908992306927,7.741943512976824e-09,0.988
2280.4589999988675,1.8066541646223837e-05,0.013349945791334772,-0.8498882657728313,0.7323608121964553,0.8812908992306927,8.137336886756905e-09,0.988
2280.4580000005662,1.8066542170341343e-05,0.013349945791334772,-0.8498882657728313,0.7323608121964553,0.8812908992306927,8.137348258294466e-09,0.988
2280.4589999988675,1.820435656353274e-05,0.013437574969191032,-0.8628967931652287,0.7234798076604615,0.8812908992306927,8.089891850482959e-09,0.988
2280.4580000005662,1.79287261620759e-05,0.01328037729330872,-0.7815371202069699,0.7633271429035645,0.8812908992306927,8.366680888280388e-09,0.988
2280.4580000005662,1.820435843665052e-05,0.013437574969191032,-0.8628967931652287,0.7234798076604615,0.8812908992306927,8.089899446924741e-09,0.988
2280.4589999988675,1.803521834856711e-05,0.013335646729131985,-0.7880544518667847,0.7518683191318332,0.8812908992306927,8.212467420089899e-09,0.988
2280.4589999988675,1.824820740100252e-05,0.01347697842130864,-0.8718867320267334,0.7222021268236755,0.8812908992306927,8.172925884871094e-09,0.988
2280.4580000005662,1.823568214940967e-05,0.013456655563228457,-0.8503827255440504,0.7221932412242401,0.8812908992306927,8.101764952600817e-09,0.988
2280.427000001073,1.8179421187629492e-05,0.013414838602713067,-0.8409635562956299,0.7247926287237674,0.8812908992306927,8.050844190351273e-09,0.988
2280.459000002593,1.8348438542650312e-05,0.013539318959782857,-0.8667121384641474,0.7170539734538431,0.8812908992306927,8.172927678526074e-09,0.988
2280.457999996841,1.8154244341384405e-05,0.013368856188525364,-0.9035171811949114,0.6968800370675503,0.934068055375491,7.757760863809717e-09,0.988
2280.4580000005662,1.826073986955333e-05,0.01348010229541066,-0.8921012721642172,0.7148509563385633,0.8812908992306927,8.062224754148133e-09,0.988
2280.4580000005662,1.811665794567732e-05,0.013329824099601432,-0.9123666056909183,0.6884217087780741,0.934068055375491,7.69449665871239e-09,0.988
2280.4589999988675,1.8254471230582148e-05,0.013493078147507179,-0.888784604086073,0.7243352534710044,0.8812908992306927,8.19269439120949e-09,0.988
2280.4589999988675,1.8066539618943607e-05,0.013349945791334831,-0.8498882657728588,0.732360812196434,0.8812908992306927,8.137340142101481e-09,0.988
2280.4589999988675,1.817930005724448e-05,0.01340698953609839,-0.8994462783343975,0.7073072526753177,0.8812908992306927,7.979181918412503e-09,0.988
2280.4589999988675,1.8072806465144498e-05,0.01338056327978049,-0.8849403279536707,0.7347292961006935,0.8812908992306927,8.323177658304219e-09,0.988
2280.457999996841,1.8097864163274562e-05,0.01338213656137793,-0.8572380373166903,0.7346144059670602,0.8812908992306927,8.244106529959258e-09,0.988
2280.459000002593,1.8097864080939087e-05,0.01338213656137793,-0.8572380373166903,0.7346144059670602,0.8812908992306927,8.244099705162866e-09,0.987
2280.457999996841,1.8166773779819012e-05,0.01343248223327944,-0.8918258505074115,0.7259360458464718,0.8812908992306927,8.23224271612746e-09,0.987
2280.4580000005662,1.8147980900311623e-05,0.013374268302661576,-0.8918407878395644,0.7051078193167721,0.8812908992306927,7.872424426629236e-09,0.987
2280.4589999988675,1.8097861188389484e-05,0.01338213656137793,-0.8572380373166903,0.7346144059670602,0.8812908992306927,8.244096351827576e-09,0.987
2280.4589999988675,1.8160507120279047e-05,0.013411993846828577,-0.8902347542478131,0.718813606916546,0.8812908992306927,8.101751875034284e-09,0.988
2280.4580000005662,1.7941254104643343e-05,0.013272845250835651,-0.8427806061796996,0.7372535679122483,0.8812908992306927,8.23224429507523e-09,0.987
2280.459000002593,1.8254474218045117e-05,0.013493078147507179,-0.888784604086073,0.7243352534710044,0.8812908992306927,8.192695707422548e-09,0.987
2280.4580000005662,1.81667743811746e-05,0.01343248223327944,-0.8918258505074115,0.7259360458464718,0.8812908992306927,8.232240479570061e-09,0.987
2280.4589999988675,1.819183109552127e-05,0.013392456635615484,-0.9181486557633916,0.6913793492737664,0.934068055375491,7.789385590209503e-09,0.987
2280.4589999988675,1.809159972920119e-05,0.013361767925886997,-0.8556629907577333,0.7274622375558081,0.8812908992306927,8.113615716738695e-09,0.987
2280.4580000005662,1.809160032419758e-05,0.013361767925886997,-0.8556629907577333,0.7274622375558081,0.8812908992306927,8.113621533811212e-09,0.987
2280.4580000005662,1.809786509226993e-05,0.01338213656137793,-0.8572380373166903,0.7346144059670602,0.8812908992306927,8.244106804168984e-09,0.987
2280.4589999988675,1.816677157428953e-05,0.01343248223327944,-0.8918258505074115,0.7259360458464718,0.8812908992306927,8.232233955466746e-09,0.987
2280.4580000005662,1.8097864716516134e-05,0.01338213656137793,-0.8572380373166903,0.7346144059670602,0.8812908992306927,8.244103802401654e-09,0.987
2280.4589999988675,1.80978640948725e-05,0.01338213656137793,-0.8572380373166903,0.7346144059670602,0.8812908992306927,8.244097879364485e-09,0.987
2280.459000002593,1.8166769590239865e-05,0.01343248223327944,-0.8918258505074115,0.7259360458464718,0.8812908992306927,8.23223422301882e-09,0.987
2280.459000002593,1.820435730095941e-05,0.013437574969191114,-0.8628967931652638,0.7234798076604299,0.8812908992306927,8.08989334326233e-09,0.987
2280.4580000005662,1.809786565481225e-05,0.01338213656137793,-0.8572380373166903,0.7346144059670602,0.8812908992306927,8.244100973014758e-09,0.987
2280.459000002593,1.8191828946653242e-05,0.013463791598599765,-0.8556569416242779,0.7402054395788878,0.8812908992306927,8.335042493979095e-09,0.987
2280.459000002593,1.8097862787712714e-05,0.01338213656137793,-0.8572380373166903,0.7346144059670602,0.8812908992306927,8.244100179728068e-09,0.987
2280.4589999988675,1.8204358068732986e-05,0.013437574969191114,-0.8628967931652638,0.7234798076604299,0.8812908992306927,8.08988975677212e-09,0.987
2280.4589999988675,1.8097861445878565e-05,0.01338213656137793,-0.8572380373166903,0.7346144059670602,0.8812908992306927,8.244096585761563e-09,0.987
2280.4589999988675,1.809786246532118e-05,0.01338213656137793,-0.8572380373166903,0.7346144059670602,0.8812908992306927,8.244098691691476e-09,0.987
2280.4589999988675,1.813544916087404e-05,0.013400216023396177,-0.8846514570710671,0.7236635022389428,0.8812908992306927,8.125478181985598e-09,0.987
2280.4580000005662,1.8204359977333797e-05,0.013437574969191114,-0.8628967931652638,0.7234798076604299,0.8812908992306927,8.089900544983342e-09,0.987
2280.4589999988675,1.8016423636850346e-05,0.013315602245407244,-0.8336827799025812,0.7370939605399647,0.8812908992306927,8.20851278131888e-09,0.987
2280.4580000005662,1.809786416327952e-05,0.01338213656137793,-0.8572380373166903,0.7346144059670602,0.8812908992306927,8.24410652993982e-09,0.987
2280.4589999988675,1.809786288984825e-05,0.01338213656137793,-0.8572380373166903,0.7346144059670602,0.8812908992306927,8.244098498303938e-09,0.987
2280.4589999988675,1.8060274711476897e-05,0.013329330539512416,-0.8480700143099087,0.7252695731742006,0.8812908992306927,8.006856240623208e-09,0.987
2280.4580000005662,1.8097864716513518e-05,0.01338213656137793,-0.8572380373166903,0.7346144059670602,0.8812908992306927,8.244103802408125e-09,0.987
2280.457999996841,1.8160508151107227e-05,0.013411993846828577,-0.8902347542478131,0.718813606916546,0.8812908992306927,8.101764934624424e-09,0.987
2280.457999996841,1.809786529640814e-05,0.01338213656137793,-0.8572380373166903,0.7346144059670602,0.8812908992306927,8.244104627033187e-09,0.987
2280.4589999988675,1.820435771224691e-05,0.013437574969191114,-0.8628967931652638,0.7234798076604299,0.8812908992306927,8.08989202721366e-09,0.987
2280.459000002593,1.8166772476557386e-05,0.01343248223327944,-0.8918258505074115,0.7259360458464718,0.8812908992306927,8.23223750934909e-09,0.987
2280.4580000005662,1.8166773199106783e-05,0.01343248223327944,-0.8918258505074115,0.7259360458464718,0.8812908992306927,8.232241879273496e-09,0.987
2280.4589999988675,1.8166770885351195e-05,0.01343248223327944,-0.8918258505074115,0.7259360458464718,0.8812908992306927,8.232236620664365e-09,0.987
2280.4589999988675,1.8097861585018357e-05,0.01338213656137793,-0.8572380373166903,0.7346144059670602,0.8812908992306927,8.244101979026662e-09,0.987
2280.459000002593,1.8097864094863577e-05,0.01338213656137793,-0.8572380373166903,0.7346144059670602,0.8812908992306927,8.244097879356258e-09,0.986
2280.4589999988675,1.8185564644448713e-05,0.013393930282820342,-0.9024509490137964,0.6977358607101689,0.8812908992306927,7.84869809259458e-09,0.986
2280.4589999988675,1.80978628759193e-05,0.01338213656137793,-0.8572380373166903,0.7346144059670602,0.8812908992306927,8.244100324121338e-09,0.986
2280.4580000005662,1.809786588559344e-05,0.01338213656137793,-0.8572380373166903,0.7346144059670602,0.8812908992306927,8.244102379065196e-09,0.986
2280.4589999988675,1.809786150850561e-05,0.01338213656137793,-0.8572380373166903,0.7346144059670602,0.8812908992306927,8.24409924383004e-09,0.986
2280.459000002593,1.8097859983358e-05,0.01338213656137793,-0.8572380373166903,0.7346144059670602,0.8812908992306927,8.244096970725946e-09,0.986
2280.4580000005662,1.8166772054712864e-05,0.01343248223327944,-0.8918258505074115,0.7259360458464718,0.8812908992306927,8.232243768064997e-09,0.986
2280.4580000005662,1.816677415128932e-05,0.01343248223327944,-0.8918258505074115,0.7259360458464718,0.8812908992306927,8.232239059806186e-09,0.986
2280.459000002593,1.816676986596631e-05,0.01343248223327944,-0.8918258505074115,0.7259360458464718,0.8812908992306927,8.232234513263645e-09,0.986
2280.4589999988675,1.8097861665083038e-05,0.01338213656137793,-0.8572380373166903,0.7346144059670602,0.8812908992306927,8.244098178016994e-09,0.986
2280.459000002593,1.8097862875905605e-05,0.01338213656137793,-0.8572380373166903,0.7346144059670602,0.8812908992306927,8.244100324104849e-09,0.986
2280.4580000005662,1.8166772564625942e-05,0.01343248223327944,-0.8918258505074115,0.7259360458464718,0.8812908992306927,8.232247198320975e-09,0.986
2280.457999996841,1.8166774151294995e-05,0.01343248223327944,-0.8918258505074115,0.7259360458464718,0.8812908992306927,8.232239059819504e-09,0.986
2280.4580000005662,1.8204358983077765e-05,0.013437574969191114,-0.8628967931652638,0.7234798076604299,0.8812908992306927,8.089902855908769e-09,0.986
2280.4589999988675,1.8097862437492827e-05,0.01338213656137793,-0.8572380373166903,0.7346144059670602,0.8812908992306927,8.244099518074415e-09,0.986
2280.457999996841,1.809786409946969e-05,0.01338213656137793,-0.8572380373166903,0.7346144059670602,0.8812908992306927,8.24410912055336e-09,0.986
2280.4589999988675,1.8379760986288735e-05,0.013613460830717239,-0.8371705331458594,0.7492645280851007,0.8812908992306927,8.548556686999381e-09,0.986
2280.4589999988675,1.8097861188407688e-05,0.01338213656137793,-0.8572380373166903,0.7346144059670602,0.8812908992306927,8.24409635183499e-09,0.986
2280.4580000005662,1.8091600898316128e-05,0.013361767925886997,-0.8556629907577333,0.7274622375558081,0.8812908992306927,8.113622388241829e-09,0.986
2280.4589999988675,1.827326577892975e-05,0.01348790881532516,-0.8970619522054792,0.7149574663995658,0.8812908992306927,8.078030391209215e-09,0.986
2280.459000002593,1.8166771499176066e-05,0.01343248223327944,-0.8918258505074115,0.7259360458464718,0.8812908992306927,8.23223415015507e-09,0.986
2280.459000002593,1.828579617169451e-05,0.013533097828734717,-0.8353882741890222,0.7446714454412048,0.8812908992306927,8.457613881498018e-09,0.986
2280.459000002593,1.80978613287218e-05,0.01338213656137793,-0.8572380373166903,0.7346144059670602,0.8812908992306927,8.244098515760882e-09,0.986
2280.4589999988675,1.809786307306764e-05,0.013382136561377947,-0.8572380373167006,0.7346144059670544,0.8812908992306927,8.244096228049413e-09,0.986
2280.4580000005662,1.844240649265757e-05,0.01361346083071728,-0.8622636774050347,0.7211769130792779,0.8812908992306927,8.216428422294913e-09,0.986
2280.4580000005662,1.8166774146973555e-05,0.013437574969191115,-0.8378038339276555,0.739808947519707,0.8812908992306927,8.335041189708361e-09,0.986
2280.4580000005662,1.826073811399354e-05,0.013513638335127547,-0.8903180828736579,0.731364620951571,0.8812908992306927,8.323185961353828e-09,0.986
2280.4580000005662,1.8097865885603164e-05,0.013382136561377862,-0.8572380373166553,0.7346144059670847,0.8812908992306927,8.244102379065216e-09,0.986
2280.4589999988675,1.8298325001057828e-05,0.013523760766264525,-0.8644526759603046,0.7275098481530251,0.8812908992306927,8.259915893674626e-09,0.986
2280.4580000005662,1.8166771591326437e-05,0.013421898838132051,-0.8828183661154672,0.7214495079941523,0.8812908992306927,8.129442621331468e-09,0.986
2280.4580000005662,1.8423614177030068e-05,0.013604469079951869,-0.8733004871678745,0.7216473471453114,0.8812908992306927,8.188750871017495e-09,0.986
2280.4589999988675,1.834217460559564e-05,0.013537861138692646,-0.8507783136959111,0.723859819286703,0.8812908992306927,8.153158032785657e-09,0.986
2280.4459999985993,1.8260872015898754e-05,0.013429249302999161,-0.885332507707421,0.6918431418039086,0.8812908992306927,7.72216464317824e-09,0.986
2280.4589999988675,1.8204358110482736e-05,0.013434441206329138,-0.8483364502863844,0.7235057750152338,0.8812908992306927,8.034533739489663e-09,0.986
2280.4589999988675,1.8292058228031216e-05,0.013489176948088455,-0.884230152971599,0.7096162605264852,0.8812908992306927,8.05035147537221e-09,0.986
2280.4580000005662,1.83734985737644e-05,0.01353854147473636,-0.8923837171457643,0.7027840318719875,0.8812908992306927,8.014771231484161e-09,0.986
2280.44299999997,1.837368172002915e-05,0.01353854147473636,-0.8923837171457643,0.7027840318719875,0.8812908992306927,8.014796069888831e-09,0.986
2280.4589999988675,1.8373495439451717e-05,0.01353854147473636,-0.8923837171457643,0.7027840318719875,0.8812908992306927,8.014765587478657e-09,0.986
2280.4589999988675,1.801015954808776e-05,0.013293746056342605,-0.9243665923952831,0.7039084906209029,0.8812908992306927,7.951500280999382e-09,0.985
2280.4589999988675,1.826700130639536e-05,0.013502436427314999,-0.8298293499885325,0.7381839995080974,0.8812908992306927,8.279685718633482e-09,0.985
2280.4580000005662,1.827326809824928e-05,0.013488689218827163,-0.8326140348790951,0.7289688552412606,0.8812908992306927,8.149207489756527e-09,0.985
2280.4589999988675,1.8329645885936667e-05,0.013521522804306,-0.8667764441805863,0.7164183455485141,0.8812908992306927,8.097800144105004e-09,0.985
2280.4589999988675,1.8373496190755484e-05,0.01353854147473636,-0.8923837171457643,0.7027840318719875,0.8812908992306927,8.014767507777302e-09,0.985
2280.4589999988675,1.8354704654406965e-05,0.013560779359686666,-0.8690425475385477,0.723772620754801,0.8812908992306927,8.303409501059562e-09,0.985
2280.457999996841,1.8267002510989185e-05,0.013502436427314999,-0.8298293499885325,0.7381839995080974,0.8812908992306927,8.279691583047788e-09,0.985
2280.459000002593,1.8335911019066202e-05,0.013543205715510277,-0.869251302187696,0.7230685120393874,0.8812908992306927,8.228283632850597e-09,0.985
2280.4589999988675,1.8317117342938813e-05,0.013505944110494026,-0.858840922431003,0.7152542760289734,0.8812908992306927,8.066171426594812e-09,0.985
2280.4580000005662,1.8373497866146542e-05,0.01353854147473636,-0.8923837171457643,0.7027840318719875,0.8812908992306927,8.014776820362655e-09,0.985
2280.4580000005662,1.816677377981142e-05,0.013435616453058016,-0.8239957976577381,0.742186853864683,0.8812908992306927,8.311322706270885e-09,0.985
2280.459000002593,1.8298322545388876e-05,0.01354709135610021,-0.8496879330514613,0.7423407901455417,0.8812908992306927,8.449706004904117e-09,0.985
2280.4589999988675,1.827953061854095e-05,0.013540970967284467,-0.8282463215088556,0.7512409511974493,0.8812908992306927,8.509016409856222e-09,0.985
2280.459000002593,1.8185563350445248e-05,0.013480102295410662,-0.7863821368643724,0.7654159877837199,0.8812908992306927,8.54460228700452e-09,0.985
2280.4589999988675,1.840481951908732e-05,0.013607273596751136,-0.8997876248610246,0.720556786868339,0.8812908992306927,8.38248988937734e-09,0.985
2280.4589999988675,1.834217303839463e-05,0.013560779359686668,-0.86596646378712,0.7294007126735773,0.8812908992306927,8.327130593671209e-09,0.985
2280.4580000005662,1.8267004794914885e-05,0.013513735702298526,-0.9439847325356339,0.713892694729964,0.934068055375491,8.27968837399494e-09,0.985
2280.462999999523,1.8310816543865606e-05,0.013543205715510279,-0.8426078714038523,0.7374640806257653,0.8812908992306927,8.386386717741915e-09,0.985
2280.4459999985993,1.8210704958311314e-05,0.013491810381428432,-0.7921770583216601,0.7604890491922821,0.8812908992306927,8.521089083141435e-09,0.985
2280.4019999988377,1.8874902428089364e-05,0.013985989229827136,-0.8293138505435751,0.7524418950294067,0.8812908992306927,8.790741794551291e-09,0.985
2280.459000002593,1.8335910209213285e-05,0.013543205715510277,-0.869251302187696,0.7230685120393874,0.8812908992306927,8.228284219191856e-09,0.985
2280.4589999988675,1.809786363444534e-05,0.01338213656137792,-0.857238037316443,0.7346144059672841,0.8812908992306927,8.24409502456891e-09,0.985
2280.4589999988675,1.8216885354848506e-05,0.013441491145350109,-0.8603492678576785,0.7207382021645741,0.8812908992306927,8.018719865370324e-09,0.985
2280.4589999988675,1.8223152077729768e-05,0.013465257438858586,-0.8684362597623827,0.7277760820930977,0.8812908992306927,8.212467926898378e-09,0.985
2280.4589999988675,1.8329646595759438e-05,0.013527749258468664,-0.8807573893076683,0.7146301693324131,0.8812908992306927,8.153157514455899e-09,0.985
2280.4589999988675,1.814171376632286e-05,0.013398743067522175,-0.8453565121149942,0.7301472065948381,0.8812908992306927,8.176880260699788e-09,0.985
2280.4580000005662,1.8229417760741962e-05,0.013453232833940332,-0.8325931153517407,0.7297930686428902,0.8812908992306927,8.058266450464842e-09,0.985
2280.4580000005662,1.8267004794915116e-05,0.013488396572805188,-0.863537140373762,0.7214408855653002,0.8812908992306927,8.2401481208159e-09,0.985
2280.4589999988675,1.8329646595754576e-05,0.01351451461441207,-0.8341678785045463,0.7214767615374673,0.8812908992306927,8.066169446972586e-09,0.985
2280.459000002593,1.831711752022768e-05,0.013550684581657799,-0.8695202791200036,0.7320699451503291,0.8812908992306927,8.382486406505537e-09,0.985
2280.4589999988675,1.8386023795450226e-05,0.013546314317147184,-0.8677701188800135,0.7088556568253397,0.8812908992306927,8.014764416515823e-09,0.985
2280.4580000005662,1.836723527129234e-05,0.013562331735555747,-0.8648129962938911,0.7245311976905682,0.8812908992306927,8.145252322720781e-09,0.985
2280.4589999988675,1.836723185842586e-05,0.013562331735555747,-0.8648129962938911,0.7245311976905682,0.8812908992306927,8.14524847454272e-09,0.985
2280.457999996841,1.8342178576961586e-05,0.013537861138692708,-0.8507783136960576,0.7238598192865706,0.8812908992306927,8.153158078240454e-09,0.985
2280.4589999988675,1.8329646595749718e-05,0.01351451461441207,-0.8341678785045463,0.7214767615374673,0.8812908992306927,8.066169446972492e-09,0.985
2280.4589999988675,1.8386023969795522e-05,0.013546314317147184,-0.8677701188800135,0.7088556568253397,0.8812908992306927,8.014764802223703e-09,0.985
2280.4580000005662,1.8223153140766383e-05,0.013490249890393552,-0.8211974228954313,0.7464123257546912,0.8812908992306927,8.481347266837141e-09,0.985
2280.4589999988675,1.838602379545341e-05,0.013575810531196535,-0.8591360525247826,0.7232030186585576,0.8812908992306927,8.228280507380371e-09,0.985
2280.4580000005662,1.8386027921829555e-05,0.013575810531196535,-0.8591360525247826,0.7232030186585576,0.8812908992306927,8.228288572313013e-09,0.984
2280.4589999988675,1.8398553734467793e-05,0.013579686842370186,-0.8600094786273402,0.7212878147235929,0.8812908992306927,8.204559624409393e-09,0.984
2280.4580000005662,1.8386027921813153e-05,0.013575810531196535,-0.8591360525247826,0.7232030186585576,0.8812908992306927,8.228288572329808e-09,0.984
2280.4580000005662,1.8429878167309605e-05,0.01358443381614644,-0.8767279755524036,0.7083781133148139,0.8812908992306927,8.097805343225646e-09,0.984
2280.4580000005662,1.8304589474055078e-05,0.013500877164485512,-0.923787079365856,0.6999878848841405,0.934068055375491,8.002915071897614e-09,0.984
2280.4580000005662,1.8329648756521395e-05,0.013533972848082379,-0.8499264568051843,0.7258002122897275,0.8812908992306927,8.176884362529781e-09,0.984
2280.4580000005662,1.8392292630719867e-05,0.013594116374373135,-0.8577522643102364,0.7302658019356133,0.8812908992306927,8.335043011281187e-09,0.984
2280.459000002593,1.8354704602205768e-05,0.013541748312844265,-0.8511247301145497,0.7217812915173346,0.8812908992306927,8.121525332662824e-09,0.984
2280.4580000005662,1.8229418447167773e-05,0.013470826177140578,-0.8479449314906868,0.7313268482117206,0.8812908992306927,8.232240342299015e-09,0.984
2280.4580000005662,1.8354706821462854e-05,0.013541748312844265,-0.8511247301145497,0.7217812915173346,0.8812908992306927,8.121530779302197e-09,0.984
2280.4580000005662,1.8298324137908754e-05,0.013509743072861765,-0.8170430517776333,0.7344699397107392,0.8812908992306927,8.172939447747906e-09,0.984
2280.4589999988675,1.8354704184654097e-05,0.013541748312844265,-0.8511247301145497,0.7217812915173346,0.8812908992306927,8.121525481819162e-09,0.984
2280.4589999988675,1.842987754264564e-05,0.01358443381614644,-0.8767279755524036,0.7083781133148139,0.8812908992306927,8.09779928524798e-09,0.984
2280.4580000005662,1.8235681619049883e-05,0.013503508316067543,-0.7876318196489072,0.7593330152758841,0.8812908992306927,8.418080156821169e-09,0.984
2280.459000002593,1.8216886499949447e-05,0.013486835686776355,-0.828974419468183,0.7467558507192724,0.8812908992306927,8.422032528172509e-09,0.984
2280.4580000005662,1.837976390807918e-05,0.013610754261941072,-0.8393349507333188,0.7455173765240662,0.8812908992306927,8.52483538360987e-09,0.984
2280.4580000005662,1.8229417760730294e-05,0.013470826177140578,-0.8479449314906868,0.7313268482117206,0.8812908992306927,8.232242544822871e-09,0.984
2280.459000002593,1.8417347010352036e-05,0.013628916626828864,-0.8464412073422727,0.7406530737300286,0.8812908992306927,8.422028831556821e-09,0.984
2280.4580000005662,1.8254474827336387e-05,0.013483323032546525,-0.8159232241636891,0.7382902540334312,0.8812908992306927,8.153161859527813e-09,0.984
2280.4580000005662,1.8298325604917116e-05,0.013509743072861765,-0.8170430517776333,0.7344699397107392,0.8812908992306927,8.172931552402543e-09,0.984
2280.4589999988675,1.851757646133215e-05,0.013680181593131458,-0.8722339939880479,0.7228765611221872,0.8812908992306927,8.350854955642403e-09,0.984
2280.4589999988675,1.8404815937008525e-05,0.01362659937498404,-0.813258901444196,0.7514703119283399,0.8812908992306927,8.540644749462344e-09,0.984
2280.4589999988675,1.8454934395220398e-05,0.013648211758707654,-0.8565640895437427,0.7332377415569626,0.8812908992306927,8.398303521379869e-09,0.984
2280.4580000005662,1.8223153161643787e-05,0.01345274380152511,-0.8494742794346668,0.7241421108654958,0.8812908992306927,8.125486721135053e-09,0.984
2280.4580000005662,1.8348440419915426e-05,0.013556412349492513,-0.8490543068757344,0.7307132039819927,0.8812908992306927,8.252014558218278e-09,0.984
2280.4580000005662,1.8411085213514688e-05,0.013616070226796433,-0.8569256452837735,0.732546036808603,0.8812908992306927,8.418083247231761e-09,0.984
2280.4589999988675,1.8379760630758558e-05,0.013590244178899235,-0.8568500427475136,0.7321762518479545,0.8812908992306927,8.358764879227728e-09,0.984
2280.4589999988675,1.835470418466979e-05,0.013541748312844265,-0.8511247301145497,0.7217812915173346,0.8812908992306927,8.121525481815055e-09,0.984
2280.4589999988675,1.824194410880424e-05,0.013467700151414892,-0.8074657637727909,0.7373002758150251,0.8812908992306927,8.121527824030257e-09,0.984
2280.457999996841,1.829832598238819e-05,0.013535431087957298,-0.8374512884733121,0.739994887548153,0.8812908992306927,8.386451078309258e-09,0.984
2280.459000002593,1.8323380993493116e-05,0.013578136450694698,-0.8046703221533806,0.7582268949486367,0.8812908992306927,8.576235047968563e-09,0.984
2280.4589999988675,1.826700257125764e-05,0.013502436427315002,-0.8298293499885672,0.7381839995080708,0.8812908992306927,8.27968565473415e-09,0.984
2280.4580000005662,1.8429878606608514e-05,0.013605726348625547,-0.8573100910117617,0.723717057313742,0.8812908992306927,8.216428826748819e-09,0.984
2280.459000002593,1.8379761299440583e-05,0.013590244178899235,-0.8568500427475136,0.7321762518479545,0.8812908992306927,8.358762393873475e-09,0.984
2280.459000002593,1.8348439394100895e-05,0.013577361188467554,-0.8317512139269398,0.7439462205102231,0.8812908992306927,8.4180720679097e-09,0.984
2280.459000002593,1.8354702939017552e-05,0.013541748312844265,-0.8511247301145497,0.7217812915173346,0.8812908992306927,8.1215254519648e-09,0.984
2280.4580000005662,1.8348440325972686e-05,0.013577361188467554,-0.8317512139269398,0.7439462205102231,0.8812908992306927,8.418082878987099e-09,0.984
2280.4619999974966,1.8329640249084347e-05,0.013564271955553323,-0.807619382369265,0.7491588333145857,0.8812908992306927,8.445724775519588e-09,0.984
2413.6180000007153,1.745457039003832e-05,0.012791287655354842,-0.8172422300830959,0.7351619527914264,4.208464610966543,8.22982459117997e-09,0.986
2423.6330000013113,1.7544636801037032e-05,0.012907701089145433,-0.8282890048278713,0.7311669470665569,4.2588598916049,8.209131490838268e-09,0.986
2433.647999998182,1.7466727848861197e-05,0.012916738644843181,-0.8177627286741451,0.7394850790532421,4.24076833251896,8.251197353480265e-09,0.986
2433.647999998182,1.7466727848861197e-05,0.012916738644843181,-0.8177627286741451,0.7394850790532421,4.24076833251896,8.251197353480265e-09,0.986
2403.594999998808,1.945216639348277e-05,0.014148177259940558,-0.9285743533837305,0.6856955459302092,4.306246053339943,8.804258642910142e-09,0.988
2403.594999998808,1.945216639348277e-05,0.014148177259940558,-0.9285743533837305,0.6856955459302092,4.306246053339943,8.804258642910142e-09,0.988
2443.662999998778,1.7692719683891596e-05,0.013100813517526672,-0.8927464896952091,0.7045026086668781,4.279478674348033,8.001126459564423e-09,0.992
2443.662999998778,1.7692719683891596e-05,0.013100813517526672,-0.8927464896952091,0.7045026086668781,4.279478674348033,8.001126459564423e-09,0.992
2280.4580000005662,1.809786637035298e-05,0.013382136561377954,-0.8572380373168569,0.7346144059669127,0.8812908992306927,8.24410665301063e-09,0.99
2280.434999998659,1.8066822029273433e-05,0.013349945791334854,-0.8498882657730245,0.7323608121962859,0.8812908992306927,8.137395787461883e-09,0.99
2280.457999996841,1.801642696910224e-05,0.01330571701424456,-0.8784659808212054,0.7211946891674995,0.8812908992306927,8.010819981652947e-09,0.99
2280.459000002593,1.818556312079015e-05,0.013427681541463045,-0.901314673750008,0.7144130949386303,0.8812908992306927,8.109660462097625e-09,0.99
2280.4580000005662,1.7997633566733793e-05,0.013275521597444325,-0.8486042870449153,0.7203970767902008,0.8812908992306927,7.919880472189848e-09,0.99
2280.4580000005662,1.8003898654205402e-05,0.013330218934515102,-0.8499470701551157,0.7435419603345452,0.8812908992306927,8.335045993232102e-09,0.99
2280.4589999988675,1.8166771131784023e-05,0.013432482233279463,-0.8918258505075745,0.725936045846325,0.8812908992306927,8.232236414635346e-09,0.99
2280.4580000005662,1.8097865092265164e-05,0.013382136561377954,-0.8572380373168569,0.7346144059669127,0.8812908992306927,8.244106804178116e-09,0.99
2280.4589999988675,1.8166772860514127e-05,0.013432482233279463,-0.8918258505075745,0.725936045846325,0.8812908992306927,8.232233405896657e-09,0.99
2280.4580000005662,1.789740434866839e-05,0.01322786134601784,-0.8484794675809408,0.7351088182972899,0.8812908992306927,7.943600384990118e-09,0.99
2280.4589999988675,1.8066540064494166e-05,0.013353493530671423,-0.8754340340058011,0.7267641678665425,0.8812908992306927,8.089890595141325e-09,0.99
2280.4589999988675,1.793498686642732e-05,0.013220697489363505,-0.8702900334980788,0.7121608151542294,0.8812908992306927,7.785432444378505e-09,0.99
2280.4580000005662,1.799763429320038e-05,0.013307991267616117,-0.8665504966967874,0.7315710760675428,0.8812908992306927,8.078035661434947e-09,0.99
2280.4589999988675,1.8154241274632244e-05,0.01341601556663566,-0.8725833184352045,0.7263368483960754,0.8812908992306927,8.074077568801222e-09,0.99
2280.4580000005662,1.798510667534636e-05,0.013276314485420607,-0.8758452974085529,0.7187543519837467,0.8812908992306927,7.951506020339131e-09,0.99
2280.44299999997,1.817320825921082e-05,0.01341042406802299,-0.8814469800985552,0.714966206204526,0.8812908992306927,7.951492637269692e-09,0.99
2280.459000002593,1.803521907341993e-05,0.013326961196643502,-0.8758500797206228,0.725717988665734,0.8812908992306927,8.085935680684148e-09,0.99
2280.4589999988675,1.7941252277820758e-05,0.013238699252371287,-0.8669437322856854,0.7190675864785313,0.8812908992306927,7.868469140086377e-09,0.989
2280.459000002593,1.7997632475659188e-05,0.013307991267616117,-0.8665504966967874,0.7315710760675428,0.8812908992306927,8.078029893445587e-09,0.989
2280.4589999988675,1.7997632492291825e-05,0.013307991267616117,-0.8665504966967874,0.7315710760675428,0.8812908992306927,8.07803221880283e-09,0.989
2280.4589999988675,1.7991368344188346e-05,0.01329780353845582,-0.8781467953546795,0.7255866896108627,0.8812908992306927,8.081981616635322e-09,0.989
2280.459000002593,1.7991368033297937e-05,0.01331362578634937,-0.8301865525529939,0.744770277448718,0.8812908992306927,8.1768822458699e-09,0.989
2280.4589999988675,1.8160506853934334e-05,0.013406498816854294,-0.882169480813507,0.7173344998212594,0.8812908992306927,7.998953613130618e-09,0.989
2280.4580000005662,1.803522067845156e-05,0.013319850639276348,-0.8658994342679449,0.7246967567645446,0.8812908992306927,7.959415482238682e-09,0.989
2280.4580000005662,1.8054015150046575e-05,0.01332152986314771,-0.884891679709352,0.7142362947383322,0.8812908992306927,7.963367936736477e-09,0.989
2280.4580000005662,1.8054013236161486e-05,0.01332152986314771,-0.884891679709352,0.7142362947383322,0.8812908992306927,7.963374609297064e-09,0.989
2280.4580000005662,1.8054015150036763e-05,0.01332152986314771,-0.884891679709352,0.7142362947383322,0.8812908992306927,7.963367936735407e-09,0.989
2280.457999996841,1.8147980320008426e-05,0.01340257241608566,-0.8835644640978471,0.719852517435262,0.8812908992306927,8.05431455797196e-09,0.989
2280.4589999988675,1.7903667589734627e-05,0.013226767119029969,-0.8676399248114968,0.7260192910499376,0.8812908992306927,7.987087295604545e-09,0.989
2280.4589999988675,1.813544756093461e-05,0.013429249302999206,-0.8764223592383802,0.7380770662690843,0.8812908992306927,8.307360645449499e-09,0.989
2280.457999996841,1.7972577230181076e-05,0.013272349571869116,-0.8766552916467374,0.7211921054799656,0.8812908992306927,7.998956322779e-09,0.989
2280.4580000005662,1.8066543048819525e-05,0.013325480143418158,-0.8834580189058587,0.7116883688028571,0.8812908992306927,7.90801631971246e-09,0.988
2280.4580000005662,1.806654213902304e-05,0.013353493530671423,-0.8754340340058011,0.7267641678665425,0.8812908992306927,8.089900314874198e-09,0.988
2280.4589999988675,1.803522000426155e-05,0.013319850639276348,-0.8658994342679449,0.7246967567645446,0.8812908992306927,7.959411355062817e-09,0.988
2280.4589999988675,1.8147978410579132e-05,0.01340257241608566,-0.8835644640978471,0.719852517435262,0.8812908992306927,8.05430384528501e-09,0.988
2280.459000002593,1.8147979310958415e-05,0.01340257241608566,-0.8835644640978471,0.719852517435262,0.8812908992306927,8.054307377387204e-09,0.988
2280.4589999988675,1.8147976600705406e-05,0.01340257241608566,-0.8835644640978471,0.719852517435262,0.8812908992306927,8.054304304918391e-09,0.988
2280.4580000005662,1.79976339851761e-05,0.013280278215221387,-0.8756773413786063,0.7164705775085934,0.8812908992306927,7.911965947232505e-09,0.988
2280.4589999988675,1.810412579455887e-05,0.013365312527111636,-0.8749144338338795,0.7199879432605064,0.8812908992306927,7.971270202388639e-09,0.988
2280.4589999988675,1.806654076333041e-05,0.013353493530671423,-0.8754340340058011,0.7267641678665425,0.8812908992306927,8.089895812871167e-09,0.988
2280.4589999988675,1.814797758754718e-05,0.01340257241608566,-0.8835644640978471,0.719852517435262,0.8812908992306927,8.054307161221873e-09,0.988
2280.4589999988675,1.8173035752309994e-05,0.01341042406802299,-0.8814469800985552,0.714966206204526,0.8812908992306927,7.951505223191316e-09,0.988
2280.4580000005662,1.7953782868421313e-05,0.013270069210147489,-0.8577548566814484,0.7321546682889871,0.8812908992306927,7.9950041166681e-09,0.988
2280.4589999988675,1.8147977587533013e-05,0.01340257241608566,-0.8835644640978471,0.719852517435262,0.8812908992306927,8.054307161221322e-09,0.988
2280.457999996841,1.8054014252319855e-05,0.01332152986314771,-0.884891679709352,0.7142362947383322,0.8812908992306927,7.963372372632779e-09,0.988
2280.4580000005662,1.7928726709120033e-05,0.013234723069896148,-0.8678043381855818,0.7215321994816026,0.8812908992306927,7.915918714503686e-09,0.988
2280.4589999988675,1.8066540309531175e-05,0.013353493530671423,-0.8754340340058011,0.7267641678665425,0.8812908992306927,8.089893316953916e-09,0.988
2280.4589999988675,1.7941252325857396e-05,0.013254592054315194,-0.8857009519490631,0.7211551963062788,0.934068055375491,7.987088359770388e-09,0.988
2280.4589999988675,1.8079070914329897e-05,0.013357434358123503,-0.8746504120223206,0.7243543905797041,0.8812908992306927,8.042443497969746e-09,0.987
2280.4580000005662,1.8147980320012688e-05,0.01340257241608566,-0.8835644640978471,0.719852517435262,0.8812908992306927,8.054314557938544e-09,0.987
2280.4589999988675,1.8066541598959836e-05,0.013325480143418158,-0.8834580189058587,0.7116883688028571,0.8812908992306927,7.908009123031099e-09,0.987
2280.4589999988675,1.807906782577078e-05,0.013357434358123503,-0.8746504120223206,0.7243543905797041,0.8812908992306927,8.042439323465242e-09,0.987
2280.4580000005662,1.7997635205590544e-05,0.013307991267616117,-0.8665504966967874,0.7315710760675428,0.8812908992306927,8.078033041489348e-09,0.987
2280.4580000005662,1.802269135098968e-05,0.013315898688963348,-0.8667325951645384,0.7271329168438775,0.8812908992306927,8.006866039817913e-09,0.987
2280.4580000005662,1.8135452358609425e-05,0.013390786306066424,-0.9088067239570292,0.7117940647709494,0.8812908992306927,7.991045975692906e-09,0.987
2280.4589999988675,1.8022689514087104e-05,0.013315898688963348,-0.8667325951645384,0.7271329168438775,0.8812908992306927,8.006859144535174e-09,0.987
2280.4580000005662,1.8223150654423972e-05,0.013465257438858545,-0.8210007156194488,0.7384291786501113,0.8812908992306927,8.196655314810005e-09,0.987
2280.4580000005662,1.795378341122657e-05,0.013270069210147489,-0.8577548566814484,0.7321546682889871,0.8812908992306927,7.995001615745157e-09,0.987
2280.4580000005662,1.7953784331869857e-05,0.013270069210147489,-0.8577548566814484,0.7321546682889871,0.8812908992306927,7.994998998716118e-09,0.987
2280.4589999988675,1.806654154676278e-05,0.013353493530671423,-0.8754340340058011,0.7267641678665425,0.8812908992306927,8.08989330456913e-09,0.987
2280.459000002593,1.8066540873207258e-05,0.01333337719291028,-0.8932343328881482,0.7132488824006936,0.934068055375491,7.92382602249124e-09,0.987
2280.4580000005662,1.8116657976993e-05,0.013357828376924437,-0.9309514488682975,0.6979950223836099,0.8812908992306927,7.773577289143914e-09,0.987
2280.459000002593,1.8028952869167326e-05,0.013301760864835234,-0.8692233996572312,0.7178697780486342,0.8812908992306927,7.876374278914909e-09,0.987
2280.4589999988675,1.819182893976288e-05,0.013420330217915423,-0.9098561045135414,0.7060884376341166,0.934068055375491,7.971272014056286e-09,0.987
2280.459000002593,1.799763161529827e-05,0.013307991267616117,-0.8665504966967874,0.7315710760675428,0.8812908992306927,8.078027375627585e-09,0.987
2280.459000002593,1.8173037004940192e-05,0.013445699762573286,-0.846665809443572,0.7393827026136833,0.8812908992306927,8.244097707083461e-09,0.987
2280.44299999997,1.809171015432811e-05,0.013310462841412789,-0.9368831650493306,0.6832437313426115,0.934068055375491,7.62330955672904e-09,0.987
2280.4580000005662,1.8066542765337347e-05,0.013353493530671423,-0.8754340340058011,0.7267641678665425,0.8812908992306927,8.089897586458025e-09,0.987
2280.459000002593,1.8022689297064205e-05,0.013315898688963348,-0.8667325951645384,0.7271329168438775,0.8812908992306927,8.00685390052606e-09,0.986
2280.459000002593,1.8022691209805238e-05,0.013315898688963348,-0.8667325951645384,0.7271329168438775,0.8812908992306927,8.006859348860897e-09,0.986
2280.4580000005662,1.7997634822538938e-05,0.013307991267616117,-0.8665504966967874,0.7315710760675428,0.8812908992306927,8.078036602842136e-09,0.986
2280.4589999988675,1.8085335286488417e-05,0.013341170942059848,-0.9063821760342305,0.7078063807908869,0.934068055375491,7.817067263835339e-09,0.986
2280.4580000005662,1.8054013886742976e-05,0.013320344550625085,-0.9183944960199706,0.7055579946588328,0.934068055375491,7.860565357462378e-09,0.986
2280.4580000005662,1.7953782703449507e-05,0.013270069210147489,-0.8577548566814484,0.7321546682889871,0.8812908992306927,7.995006769689039e-09,0.986
2280.4580000005662,1.8010163004774116e-05,0.013305618124845257,-0.8217647386185645,0.7388546538878442,0.8812908992306927,7.967323612479358e-09,0.986
2280.4580000005662,1.8241945651511328e-05,0.01346770015141489,-0.8074657637727891,0.7373002758150254,0.8812908992306927,8.12152819526121e-09,0.986
2280.4580000005662,1.8028957327399612e-05,0.013282754945694341,-0.9263018121463582,0.6951792896544894,0.934068055375491,7.702403626591166e-09,0.986
2280.4589999988675,1.817303527672793e-05,0.013390000196533124,-0.9376818811925549,0.6911661721591145,0.934068055375491,7.82497413096707e-09,0.986
2280.4589999988675,1.804774804408223e-05,0.013311154799838465,-0.8954510992307192,0.708430256025077,0.934068055375491,7.864511496179782e-09,0.986
2280.4589999988675,1.8041482682314703e-05,0.013325480143418134,-0.8931575919874013,0.7176614167709121,0.934068055375491,7.994997419465097e-09,0.986
2280.459000002593,1.8404819884431548e-05,0.013596052058555328,-0.8475409615815304,0.7308697821471348,0.8812908992306927,8.192697671835844e-09,0.986
2280.4580000005662,1.7941255751904833e-05,0.01328671675415948,-0.8162234411497602,0.7533015450338506,0.8812908992306927,8.311320707901838e-09,0.986
2280.4580000005662,1.7997634615887944e-05,0.013287409949192273,-0.8843958826550544,0.7182026821770982,0.934068055375491,7.911970541244816e-09,0.986
2280.4580000005662,1.804148453841358e-05,0.013325480143418134,-0.8931575919874013,0.7176614167709121,0.934068055375491,7.99500434605797e-09,0.986
2280.4580000005662,1.8072808209087745e-05,0.01330957312771917,-0.9199057644254149,0.6941081139178245,0.934068055375491,7.690541546132619e-09,0.986
2280.4580000005662,1.8210624617166054e-05,0.013435518519757137,-0.9003753649920436,0.7086245051945551,0.934068055375491,7.967328685696456e-09,0.986
2280.4589999988675,1.8054010879808946e-05,0.013320344550625085,-0.9183944960199706,0.7055579946588328,0.934068055375491,7.86055933066228e-09,0.986
2280.459000002593,1.8060276826833578e-05,0.013305618124845217,-0.92029511967662,0.6964029784421605,0.934068055375491,7.730075351009111e-09,0.986
2280.4589999988675,1.8122920576285856e-05,0.013372694095372848,-0.8320215004566989,0.7277556044376963,0.8812908992306927,8.00685791846078e-09,0.986
2280.4580000005662,1.8097864215465497e-05,0.013358517881860972,-0.9269951721889775,0.705072427152359,0.934068055375491,7.94360236129411e-09,0.985
2280.4589999988675,1.8379762517860395e-05,0.013577845732546891,-0.8792517672244307,0.7225270803677977,0.8812908992306927,8.200606922626188e-09,0.985
2280.457999996841,1.816050875457765e-05,0.013411993846828599,-0.8896319661824315,0.7182500382873872,0.934068055375491,8.014771607399997e-09,0.985
2280.4580000005662,1.8285797464428567e-05,0.013495710819601735,-0.8420129644921941,0.7267874385231127,0.8812908992306927,8.109672738958322e-09,0.985
2280.4580000005662,1.80101634123886e-05,0.01330324455873351,-0.8923923418577702,0.7194265808123681,0.8812908992306927,7.943602597294988e-09,0.985
2280.4580000005662,1.7822230869701665e-05,0.01318641645585971,-0.871782142295976,0.7346652901767445,0.8812908992306927,8.08594365781005e-09,0.985
2280.4589999988675,1.813544934947017e-05,0.013370332436917305,-0.9260310340163516,0.698294500637923,0.934068055375491,7.824977227498974e-09,0.985
2280.4589999988675,1.8267001863796084e-05,0.013473560854698446,-0.8709643082790808,0.714209590729309,0.8812908992306927,7.994999777511832e-09,0.985
2280.4589999988675,1.8166772555748424e-05,0.013397171736091004,-0.8915620001012963,0.7092281933974489,0.934068055375491,7.884283191805347e-09,0.985
2280.4580000005662,1.8185566365636044e-05,0.01347697842130871,-0.8501131287327635,0.7493606740742718,0.8812908992306927,8.449712365474732e-09,0.985
2280.432999998331,1.806042801242043e-05,0.013307991267616124,-0.8876437632982515,0.7047611782627324,0.8812908992306927,7.832881189254216e-09,0.985
2280.4469999969006,1.8085466975092042e-05,0.013406498816854268,-0.8461548565161321,0.7516940448827024,0.8812908992306927,8.473431638478423e-09,0.985
2280.4580000005662,1.8003899220637157e-05,0.01330373908659551,-0.8531756089606959,0.7314557988758982,0.8812908992306927,8.129438495647929e-09,0.985
2280.4580000005662,1.8122920738202417e-05,0.013411993846828566,-0.8738657094514672,0.7311939371259253,0.8812908992306927,8.354821141282427e-09,0.985
2280.459000002593,1.824194380113104e-05,0.01346965400251124,-0.8779431361745327,0.7185929627306697,0.8812908992306927,8.12943244576775e-09,0.985
2280.4589999988675,1.8260738617665987e-05,0.01350428781808515,-0.8556784639584212,0.7329710854340292,0.8812908992306927,8.338995476265142e-09,0.985
2280.4589999988675,1.81605080439371e-05,0.013394716161704566,-0.9473237079396082,0.6949711771492809,0.934068055375491,7.959409124769978e-09,0.985
2280.4589999988675,1.810412586762589e-05,0.013360980109022026,-0.9137691938884789,0.7073398584240543,0.934068055375491,8.010810525826803e-09,0.985
2280.4589999988675,1.8260736542871498e-05,0.013461348176792681,-0.9480423437761085,0.6911800912660828,0.934068055375491,7.919867275009161e-09,0.985
2280.4580000005662,1.8386028258955224e-05,0.013612977554331574,-0.8910081211845755,0.7317324128368686,0.8812908992306927,8.505065243380197e-09,0.985
2280.459000002593,1.8135448080776115e-05,0.013441001685729684,-0.8189308350711686,0.7555703899372294,0.8812908992306927,8.49715391408357e-09,0.985
2280.4589999988675,1.8185563521086808e-05,0.013437868721991294,-0.8544216996187579,0.728954943105744,0.8812908992306927,8.259909951486115e-09,0.985
2280.4589999988675,1.8198092440927465e-05,0.013439435295153974,-0.8788779544440817,0.7173646061222646,0.8812908992306927,8.18873959854097e-09,0.985
2280.457999996841,1.8160509930726326e-05,0.013414348170600917,-0.8321238253311516,0.7330432047343928,0.8812908992306927,8.172930148475815e-09,0.984
2280.459000002593,1.8116656443220566e-05,0.013389312312830904,-0.8709719834989551,0.7248909558032205,0.8812908992306927,8.224325955367976e-09,0.984
2280.4580000005662,1.811665797699291e-05,0.013389312312830904,-0.8709719834989551,0.7248909558032205,0.8812908992306927,8.224333682105076e-09,0.984
2280.4580000005662,1.812918767018988e-05,0.01341012971403959,-0.8839986874919425,0.7283266936381075,0.8812908992306927,8.248055032177524e-09,0.984
2280.459000002593,1.8317116977097602e-05,0.013514514614412063,-0.896255669158549,0.7103888848859342,0.8812908992306927,8.0345400001828e-09,0.984
2280.4589999988675,1.812918347113955e-05,0.013393242600969319,-0.8700222390298982,0.722456578637318,0.8812908992306927,8.176878237473299e-09,0.984
2280.4589999988675,1.8185565642154134e-05,0.013435518519757066,-0.8791458206556393,0.7196197635020984,0.8812908992306927,8.228283687127608e-09,0.984
2280.4580000005662,1.8003898121841146e-05,0.01330373908659551,-0.8531756089606959,0.7314557988758982,0.8812908992306927,8.129440441530685e-09,0.984
2280.4580000005662,1.8122922888781293e-05,0.013411993846828566,-0.8738657094514672,0.7311939371259253,0.8812908992306927,8.354816897877015e-09,0.984
2280.459000002593,1.7991366557845598e-05,0.013334166640626572,-0.8483739391185017,0.7486033824795165,0.8812908992306927,8.382486465559104e-09,0.984
2280.4580000005662,1.8116657402876837e-05,0.013399135871587468,-0.8457957969831122,0.734753308458329,0.8812908992306927,8.327140607705377e-09,0.984
2280.459000002593,1.800389643800677e-05,0.01330373908659551,-0.8531756089606959,0.7314557988758982,0.8812908992306927,8.1294323379632e-09,0.984
2280.4580000005662,1.816677248110375e-05,0.01346379159859976,-0.8899096165513263,0.7361167645875558,0.8812908992306927,8.453671774739498e-09,0.984
2280.459000002593,1.807280407199217e-05,0.013350635703374187,-0.862047746463988,0.7258121271805645,0.8812908992306927,8.141293707022887e-09,0.984
2280.4589999988675,1.8028955319968793e-05,0.013349945791334788,-0.8542768409729891,0.7413508515259514,0.8812908992306927,8.335041694084555e-09,0.984
2280.459000002593,1.8216884543452834e-05,0.013454015248831414,-0.867146580309127,0.7232340858251523,0.8812908992306927,8.12152452874523e-09,0.984
2280.4589999988675,1.8279530558429336e-05,0.013459099836952372,-0.8908952620044324,0.6978800361956663,0.8812908992306927,7.923825709309583e-09,0.984
2280.457999996841,1.8223152834399008e-05,0.01344335092938232,-0.8752815594960484,0.7143910969559064,0.8812908992306927,8.038495439943772e-09,0.984
2280.4580000005662,1.8429878585716986e-05,0.013568927351625236,-0.9204744169045362,0.6904724644739973,0.8812908992306927,7.89220023321738e-09,0.984
2280.4580000005662,1.8003898622896733e-05,0.01330373908659551,-0.8531756089606959,0.7314557988758982,0.8812908992306927,8.129437711391898e-09,0.984
2280.4580000005662,1.8041486228286914e-05,0.01335782837692441,-0.8601592471151598,0.7392147951644761,0.8812908992306927,8.342952481282134e-09,0.984
2280.4589999988675,1.804148325242905e-05,0.01335782837692441,-0.8601592471151598,0.7392147951644761,0.8812908992306927,8.342948203214458e-09,0.984
2280.4589999988675,1.8423608915720393e-05,0.013587436147140855,-0.8590723558381343,0.716767323657699,0.8812908992306927,8.11756808184389e-09,0.984
2280.4580000005662,1.827953193733722e-05,0.013506723471936774,-0.900094625855175,0.7155491202255752,0.8812908992306927,8.224336637484662e-09,0.984
2280.4580000005662,1.8173037954773483e-05,0.013431600602193356,-0.8800420341777162,0.7220234869078693,0.8812908992306927,8.275739063387787e-09,0.984
2280.4589999988675,1.8116654909475345e-05,0.013389312312830904,-0.8709719834989551,0.7248909558032205,0.8812908992306927,8.224327741441975e-09,0.984
2280.4580000005662,1.8248210424567028e-05,0.013451178778319542,-0.8741434116773674,0.7097566243989036,0.8812908992306927,7.951507321690615e-09,0.984
2280.4589999988675,1.8173036847698958e-05,0.013431600602193356,-0.8800420341777162,0.7220234869078693,0.8812908992306927,8.27573168095183e-09,0.983
2280.4589999988675,1.8279529405397066e-05,0.013518408501782011,-0.9159571853961994,0.7161239103108356,0.8812908992306927,8.335039982896163e-09,0.983
2280.4580000005662,1.8072808229964965e-05,0.013350635703374187,-0.862047746463988,0.7258121271805645,0.8812908992306927,8.141298132834301e-09,0.983
2280.4580000005662,1.8104129181912652e-05,0.013385380870659973,-0.8712885022274257,0.7271831310166106,0.8812908992306927,8.263873741845371e-09,0.983
2280.4589999988675,1.811665457543857e-05,0.013389312312830904,-0.8709719834989551,0.7248909558032205,0.8812908992306927,8.224326606632501e-09,0.983
2280.4589999988675,1.824820746362466e-05,0.013468384031540367,-0.8875493753413966,0.7153433221078477,0.8812908992306927,8.022673545923005e-09,0.983
2280.4580000005662,1.822315336264697e-05,0.01344335092938232,-0.8752815594960484,0.7143910969559064,0.8812908992306927,8.03849642985315e-09,0.983
2280.4580000005662,1.7985104934424944e-05,0.013323011355506155,-0.8581215696409985,0.7401954877853701,0.8812908992306927,8.37854282411419e-09,0.983
2280.4580000005662,1.8173037654062126e-05,0.013431600602193356,-0.8800420341777162,0.7220234869078693,0.8812908992306927,8.275735666880783e-09,0.983
2280.4589999988675,1.8310853014502376e-05,0.013515196125687095,-0.8861930704349161,0.7138087552162173,0.8812908992306927,8.13338378365288e-09,0.983
2280.4589999988675,1.812918370078277e-05,0.013393242600969319,-0.8700222390298982,0.722456578637318,0.8812908992306927,8.176879781064377e-09,0.983
2280.4580000005662,1.8317119783366237e-05,0.013514514614412063,-0.896255669158549,0.7103888848859342,0.8812908992306927,8.0345386481456e-09,0.983
2280.4589999988675,1.8216886225167273e-05,0.013498927832667934,-0.84949900727884,0.744976227805581,0.8812908992306927,8.548556960852798e-09,0.983
2280.457999996841,1.819809638285537e-05,0.013439435295153974,-0.8788779544440817,0.7173646061222646,0.8812908992306927,8.188746023747725e-09,0.983
2280.4580000005662,1.837349912563312e-05,0.013556412349492505,-0.9051882060600258,0.707897396521295,0.8812908992306927,8.085944481945146e-09,0.983
2280.4589999988675,1.829206057772996e-05,0.013489176948088445,-0.8842301529716607,0.7096162605264121,0.8812908992306927,8.05035313954128e-09,0.983
2280.4589999988675,1.8198094123449517e-05,0.013456655563228477,-0.8924937179103329,0.7229823271357393,0.8812908992306927,8.259915708841196e-09,0.983
2280.4589999988675,1.8066540497976985e-05,0.013369643541286022,-0.8654612036643972,0.7343349379750038,0.8812908992306927,8.311316533297106e-09,0.983
2280.457999996841,1.836723531305438e-05,0.01355262646908432,-0.8900790399697263,0.7119481160751706,0.8812908992306927,8.145251953770204e-09,0.983
2280.459000002593,1.8367231722724798e-05,0.01355262646908432,-0.8900790399697263,0.7119481160751706,0.8812908992306927,8.145248741359224e-09,0.983
2280.4580000005662,1.816677438116488e-05,0.013446189051177249,-0.8777707450829082,0.7310502663266782,0.8812908992306927,8.406216368029253e-09,0.983
2280.4589999988675,1.817303566879945e-05,0.013431600602193356,-0.8800420341777162,0.7220234869078693,0.8812908992306927,8.275734393408413e-09,0.983
2280.4589999988675,1.8248208117295318e-05,0.01351363833512763,-0.8990519306736262,0.7291075147254946,0.8812908992306927,8.441799993831985e-09,0.983
2280.4589999988675,1.8292060525530473e-05,0.013525414674059417,-0.8844662212940984,0.7252870990976584,0.8812908992306927,8.311317417762886e-09,0.983
2280.4589999988675,1.8373497875758844e-05,0.013538541474736352,-0.8923837171457114,0.7027840318720234,0.8812908992306927,8.014765224541002e-09,0.983
2280.4580000005662,1.817303817790113e-05,0.013441001685729663,-0.8469862209572376,0.7372329389209482,0.8812908992306927,8.252012921223733e-09,0.983
2280.4589999988675,1.8429875141311685e-05,0.01359798746719138,-0.9118532167346403,0.7050535117350846,0.8812908992306927,8.105707766427073e-09,0.982
2280.4589999988675,1.8317116977115807e-05,0.013514514614412063,-0.896255669158549,0.7103888848859342,0.8812908992306927,8.03454000018007e-09,0.982
2280.162999998778,1.8294436254496532e-05,0.013489176948088445,-0.8842301529716607,0.7096162605264121,0.8812908992306927,8.052442872356147e-09,0.982
2280.162000000477,1.824431562353888e-05,0.013465746016818842,-0.873291753031249,0.7191038256831387,0.8812908992306927,8.099911910073462e-09,0.982
2280.1630000025034,1.8419739360640184e-05,0.013601857458295464,-0.8568965552401737,0.7257569916473526,0.8812908992306927,8.250194994005141e-09,0.982
2280.162000000477,1.8338294548962735e-05,0.013556412349492477,-0.8527760331592629,0.7321215871583971,0.8812908992306927,8.309525138192842e-09,0.981
2280.162000000477,1.8225520280881108e-05,0.01344335092938232,-0.8752815594960484,0.7143910969559064,0.8812908992306927,8.040585166035373e-09,0.981
2280.1630000025034,1.8375884093786064e-05,0.013538541474736352,-0.8923837171457114,0.7027840318720234,0.8812908992306927,8.016849824377678e-09,0.981
2280.1619999967515,1.836335509669624e-05,0.01357193311290072,-0.8635639769226442,0.7263845310520219,0.8812908992306927,8.396537855752045e-09,0.981
2280.162000000477,1.8369620634042392e-05,0.01355262646908432,-0.8900790399697263,0.7119481160751706,0.8812908992306927,8.147372392036035e-09,0.981
2280.162999998778,1.8457331934995037e-05,0.01360572634862554,-0.9130443850983294,0.7011484396477025,0.8812908992306927,8.052445145583625e-09,0.981
2280.162000000477,1.8369620725653437e-05,0.01357086662865091,-0.9029951006434933,0.7169261789021297,0.8812908992306927,8.218560545275757e-09,0.981
2280.1619999967515,1.8263111325105687e-05,0.013503508316067489,-0.8905862832217668,0.7212854778701215,0.8812908992306927,8.372809464905748e-09,0.981
2280.162000000477,1.8294438794626642e-05,0.013489176948088445,-0.8842301529716607,0.7096162605264121,0.8812908992306927,8.052445552461619e-09,0.98
2280.162000000477,1.848866061103037e-05,0.013639242917714314,-0.9206238717810264,0.7029726328861725,0.8812908992306927,8.159231127373398e-09,0.98
2280.162999998778,1.848239279796916e-05,0.01362891662682881,-0.8682850885292988,0.7144571968998982,0.8812908992306927,8.171096028066362e-09,0.98
2280.1630000025034,1.84573339987415e-05,0.01360572634862554,-0.9130443850983294,0.7011484396477025,0.8812908992306927,8.052442143434437e-09,0.98
2280.162000000477,1.828190837169408e-05,0.013506723471936774,-0.900094625855175,0.7155491202255752,0.8812908992306927,8.226466757795874e-09,0.98
2280.162000000477,1.8294438022916754e-05,0.013489176948088445,-0.8842301529716607,0.7096162605264121,0.8812908992306927,8.052448935980544e-09,0.98
2280.162000000477,1.8238050419238805e-05,0.013500389857918484,-0.8606719625835884,0.7395225886140139,0.8812908992306927,8.404451805994653e-09,0.982
2280.162000000477,1.822552067765859e-05,0.01346525743885856,-0.8684362597625501,0.7277760820929365,0.8812908992306927,8.214605879064457e-09,0.982
2280.162000000477,1.8169134440066672e-05,0.013394814393323212,-0.8948776530458802,0.706335287629099,0.8812908992306927,7.949614446633809e-09,0.982
2280.162000000477,1.819419437233765e-05,0.013461445922180442,-0.8519391704040871,0.7407046478997179,0.8812908992306927,8.32139360267822e-09,0.982
2280.162000000477,1.8068890085057455e-05,0.013378694767585131,-0.8407943445512367,0.7475801522583363,0.8812908992306927,8.35303037948859e-09,0.982
2280.1630000025034,1.8238050571800217e-05,0.013500389857918484,-0.8606719625835884,0.7395225886140139,0.8812908992306927,8.404442758385628e-09,0.982
2280.1619999967515,1.831323303627385e-05,0.013519868420412305,-0.8556856014054226,0.727492350680603,0.8812908992306927,8.09595185352037e-09,0.982
2280.162000000477,1.8106481264116333e-05,0.013385380870659973,-0.8712885022274257,0.7271831310166106,0.8812908992306927,8.266017177937037e-09,0.982
2280.1630000025034,1.8263110972642518e-05,0.013508184653445417,-0.8605839837811056,0.7351256063875148,0.8812908992306927,8.333250199154844e-09,0.982
2280.1619999967515,1.8206725001976926e-05,0.013436399893768491,-0.8969691644151334,0.708964928603412,0.8812908992306927,8.171100130921925e-09,0.982
2280.162000000477,1.8306968529042022e-05,0.013546799971715958,-0.8692450988125109,0.734167738143748,0.8812908992306927,8.41631241464832e-09,0.982
2280.162000000477,1.8206724951341127e-05,0.013479419009812876,-0.8953095098417645,0.7292328550147478,0.8812908992306927,8.392580862803733e-09,0.982
2280.162999998778,1.8238050571803798e-05,0.013500389857918484,-0.8606719625835884,0.7395225886140139,0.8812908992306927,8.404442758383828e-09,0.981
2280.162000000477,1.819419446622643e-05,0.013461445922180442,-0.8519391704040871,0.7407046478997179,0.8812908992306927,8.32138996578851e-09,0.981
2280.1619999967515,1.8238050901221132e-05,0.013500389857918484,-0.8606719625835884,0.7395225886140139,0.8812908992306927,8.404449342680843e-09,0.981
2280.1619999967515,1.8250581355944673e-05,0.013468384031540367,-0.8875493753413966,0.7153433221078477,0.8812908992306927,8.024766412752173e-09,0.981
2280.162000000477,1.8363355034040355e-05,0.013588985477797398,-0.8780642280597628,0.7313041009975813,0.8812908992306927,8.467728493888955e-09,0.981
2280.162000000477,1.8181664923898955e-05,0.013441491145350098,-0.8374950138664179,0.7375154150878475,0.8812908992306927,8.297663742590762e-09,0.981
2280.162000000477,1.820045848439505e-05,0.013456655563228477,-0.8924937179103329,0.7229823271357393,0.8812908992306927,8.262063688681653e-09,0.981
2280.162000000477,1.8187929368062147e-05,0.013437868721991294,-0.8544216996187579,0.728954943105744,0.8812908992306927,8.262066094945683e-09,0.981
2280.1630000025034,1.831949685562986e-05,0.013533972848082344,-0.8548046196668961,0.7269325324099318,0.8812908992306927,8.313477011768361e-09,0.981
2280.162000000477,1.8332028685159665e-05,0.013518408501782004,-0.8965414053551228,0.7083122898947303,0.8812908992306927,8.004993154853957e-09,0.981
2280.162999998778,1.820045794477317e-05,0.013456655563228477,-0.8924937179103329,0.7229823271357393,0.8812908992306927,8.262059603617701e-09,0.981
2280.1619999967515,1.81566032197539e-05,0.01340502655133902,-0.8749935054356777,0.717217279696138,0.8812908992306927,8.155278787050595e-09,0.981
2280.162000000477,1.8131542353953814e-05,0.013393242600969319,-0.8700222390298982,0.722456578637318,0.8812908992306927,8.179008924453798e-09,0.981
2280.162000000477,1.8444802679444723e-05,0.013604952658576353,-0.8899506316584489,0.7109993075814641,0.8812908992306927,8.12364444259774e-09,0.981
2280.162000000477,1.8413479056872094e-05,0.013600599831973302,-0.8735334352317135,0.723846413916289,0.8812908992306927,8.230419759371209e-09,0.981
2280.162000000477,1.828190865901983e-05,0.01352230126786657,-0.8555212619568895,0.7336271234634351,0.8812908992306927,8.432129206582406e-09,0.981
2280.162000000477,1.829443804380262e-05,0.013542914247523985,-0.869532821710675,0.7364102226144035,0.8812908992306927,8.455862919039981e-09,0.981
2280.162999998778,1.8338294799726456e-05,0.013548645300312629,-0.908892037506094,0.7129952648023961,0.8812908992306927,8.277879168462357e-09,0.981
2280.1619999967515,1.822551881957724e-05,0.013480102295410652,-0.8464180251665199,0.736534473718131,0.8812908992306927,8.380713664979903e-09,0.981
2280.162000000477,1.8363355309572864e-05,0.013588985477797398,-0.8780642280597628,0.7313041009975813,0.8812908992306927,8.467724131608477e-09,0.981
2280.162000000477,1.83069683838248e-05,0.013546799971715958,-0.8692450988125109,0.734167738143748,0.8812908992306927,8.416308614506417e-09,0.981
2280.1630000025034,1.8426005524347313e-05,0.013604469079951907,-0.8733004871679513,0.7216473471452366,0.8812908992306927,8.190870821482683e-09,0.981
2280.162000000477,1.8338295588744223e-05,0.013550975882511942,-0.8857833403535964,0.721281106204804,0.8812908992306927,8.309522876029972e-09,0.981
2280.162999998778,1.8306967467185016e-05,0.013546799971715958,-0.8692450988125109,0.734167738143748,0.8812908992306927,8.416305901885175e-09,0.981
2280.1630000025034,1.8313231946812274e-05,0.013519868420412305,-0.8556856014054226,0.727492350680603,0.8812908992306927,8.095950389481094e-09,0.981
2280.162000000477,1.8156603996252814e-05,0.013417976943755624,-0.8838277217222235,0.7238833111548247,0.8812908992306927,8.179006479816777e-09,0.981
2280.162000000477,1.8144072710070198e-05,0.01341405390272688,-0.8842040338644397,0.7261758310797244,0.8812908992306927,8.218562772506618e-09,0.981
2280.162000000477,1.8294439054231083e-05,0.013526192913633906,-0.8546861447752749,0.7312501380607684,0.8812908992306927,8.384670041881472e-09,0.981
2280.162000000477,1.8156602831222888e-05,0.013433657651389479,-0.837534936771946,0.7419615712286012,0.8812908992306927,8.368852783126903e-09,0.981
2280.1619999967515,1.8169133316486385e-05,0.013421898838132095,-0.8828183661156586,0.7214495079939626,0.8812908992306927,8.13155061543289e-09,0.981
2280.1630000025034,1.831949840856094e-05,0.013550684581657771,-0.8683478802093627,0.7317879111764639,0.8812908992306927,8.368847526018231e-09,0.981
2280.162000000477,1.8432273572116416e-05,0.013626985610989111,-0.8761004865058553,0.727928258631343,0.8812908992306927,8.321387670307353e-09,0.981
2280.162000000477,1.8231785764917737e-05,0.013461054936371054,-0.9090806945489209,0.7099933578815777,0.8812908992306927,8.155278748250855e-09,0.98
2280.162000000477,1.8200460592455562e-05,0.013456655563228477,-0.8924937179103329,0.7229823271357393,0.8812908992306927,8.26206851195543e-09,0.98
2280.162000000477,1.8306967840884832e-05,0.013546799971715958,-0.8692450988125109,0.734167738143748,0.8812908992306927,8.416309301235131e-09,0.98
2280.162000000477,1.8238051100278537e-05,0.013500389857918484,-0.8606719625835884,0.7395225886140139,0.8812908992306927,8.404447406020024e-09,0.98
2280.1619999967515,1.8194196432812754e-05,0.013461445922180442,-0.8519391704040871,0.7407046478997179,0.8812908992306927,8.321385525117238e-09,0.98
2280.162000000477,1.836962056000145e-05,0.013562331735555717,-0.8648129962939399,0.7245311976905185,0.8812908992306927,8.147372134792469e-09,0.98
2280.162000000477,1.8294436213674118e-05,0.013542914247523985,-0.869532821710675,0.7364102226144035,0.8812908992306927,8.455859588306579e-09,0.98
2280.162000000477,1.8332029228098007e-05,0.013531250379846815,-0.905898796553875,0.7116169773103477,0.8812908992306927,8.131551938587447e-09,0.98
2280.162999998778,1.8175399188856583e-05,0.013433951489847579,-0.8465876919313091,0.7364071818687037,0.8812908992306927,8.198778378400809e-09,0.98
2280.162000000477,1.823805041922773e-05,0.013500389857918484,-0.8606719625835884,0.7395225886140139,0.8812908992306927,8.404451805988209e-09,0.98
2280.162000000477,1.8300703255103732e-05,0.013565726938443797,-0.872269285994042,0.742535153067544,0.8812908992306927,8.586379074095004e-09,0.98
2280.162000000477,1.8238050419225375e-05,0.013500389857918484,-0.8606719625835884,0.7395225886140139,0.8812908992306927,8.404451806002516e-09,0.98
2280.162000000477,1.8269380549915758e-05,0.013504385252673681,-0.8772341014765193,0.7266091442753375,0.8812908992306927,8.297657900818655e-09,0.98
2280.162000000477,1.8281906930799686e-05,0.013508282059926241,-0.8774297565272442,0.724485833305612,0.8812908992306927,8.26602581345857e-09,0.98
2280.162999998778,1.821925495332766e-05,0.01347317022045935,-0.855512920527608,0.7351142998060279,0.8812908992306927,8.281836790272497e-09,0.98
2280.162000000477,1.8238051100268904e-05,0.013500389857918484,-0.8606719625835884,0.7395225886140139,0.8812908992306927,8.404447406014102e-09,0.98
2280.162000000477,1.823805051151023e-05,0.013500389857918484,-0.8606719625835884,0.7395225886140139,0.8812908992306927,8.404449899890878e-09,0.98
2280.162000000477,1.823805211173031e-05,0.013500389857918484,-0.8606719625835884,0.7395225886140139,0.8812908992306927,8.404443716460584e-09,0.98
2280.162999998778,1.8363353598095164e-05,0.013588985477797398,-0.8780642280597628,0.7313041009975813,0.8812908992306927,8.467721035077764e-09,0.98
2280.162000000477,1.833829528530745e-05,0.013550975882511942,-0.8857833403535964,0.721281106204804,0.8812908992306927,8.309522395241926e-09,0.98
2280.1630000025034,1.819419248913097e-05,0.013461445922180442,-0.8519391704040871,0.7407046478997179,0.8812908992306927,8.32138692832958e-09,0.98
2280.162999998778,1.8269377417056274e-05,0.013504385252673681,-0.8772341014765193,0.7266091442753375,0.8812908992306927,8.297654219590318e-09,0.98
2280.162000000477,1.8194195306793557e-05,0.013461445922180442,-0.8519391704040871,0.7407046478997179,0.8812908992306927,8.321387472569728e-09,0.98
2280.1630000025034,1.8238050109681782e-05,0.013500389857918484,-0.8606719625835884,0.7395225886140139,0.8812908992306927,8.40444068357259e-09,0.98
2280.162000000477,1.8294437843058083e-05,0.013512177743369883,-0.8770546237647716,0.722223787072709,0.8812908992306927,8.226472823184707e-09,0.98
2280.162000000477,1.8225520548470698e-05,0.01346525743885856,-0.8684362597625501,0.7277760820929365,0.8812908992306927,8.214603992628326e-09,0.98
2280.162000000477,1.830696794466386e-05,0.01351957644929827,-0.8999983555630484,0.7165574178705951,0.8812908992306927,8.131552305180636e-09,0.98
2280.162000000477,1.8194197635441404e-05,0.013461445922180442,-0.8519391704040871,0.7407046478997179,0.8812908992306927,8.321384870564135e-09,0.98
2280.162000000477,1.8169133078377438e-05,0.013432482233279374,-0.8918258505072605,0.7259360458466054,0.8812908992306927,8.234383310851452e-09,0.98
2280.162000000477,1.8281906930808333e-05,0.013508282059926218,-0.8774297565271798,0.7244858333056842,0.8812908992306927,8.266025813488031e-09,0.98
2280.162999998778,1.8394680986956394e-05,0.01359411637437309,-0.8577522643099802,0.7302658019358479,0.8812908992306927,8.337207200890518e-09,0.98
2280.162000000477,1.8413477016751563e-05,0.013595181034779188,-0.8739046711548712,0.7192434172076102,0.8812908992306927,8.254158330717608e-09,0.98
2280.162000000477,1.83821507097375e-05,0.013610754261941029,-0.8393349507332992,0.7455173765240828,0.8812908992306927,8.527054184531926e-09,0.98
2280.162000000477,1.850745523207388e-05,0.013676333765419598,-0.873487697859789,0.7252837482840653,0.8812908992306927,8.4083987491285e-09,0.98
2280.162000000477,1.83570901983209e-05,0.01356853946295965,-0.8717357398705099,0.7274476491371418,0.8812908992306927,8.337210311716732e-09,0.98
2280.1630000025034,1.8701676736363405e-05,0.013806463017465027,-0.9489732859730036,0.6998252083672712,0.8812908992306927,8.3253421129836e-09,0.979
2280.162999998778,1.829443494407566e-05,0.0135156828984156,-0.90249762734206,0.7192517513039371,0.8812908992306927,8.202733845149601e-09,0.98
2280.162000000477,1.822552054848685e-05,0.013465257438858517,-0.8684362597622375,0.727776082093236,0.8812908992306927,8.214603992653214e-09,0.979
2280.162000000477,1.8281907621181628e-05,0.013508282059926218,-0.8774297565271798,0.7244858333056842,0.8812908992306927,8.266021392062778e-09,0.979
2280.162000000477,1.8469863546182033e-05,0.013612687580264718,-0.8899470824844529,0.7067556418163963,0.8812908992306927,8.052453805403551e-09,0.979
2280.1630000025034,1.846986113982085e-05,0.013612687580264718,-0.8899470824844529,0.7067556418163963,0.8812908992306927,8.052442645118264e-09,0.979
2280.162000000477,1.840094666125233e-05,0.013566502865513967,-0.8811588687284879,0.7116687675926724,0.8812908992306927,8.040582520630138e-09,0.979
2280.162999998778,1.8400943821384647e-05,0.013566502865513967,-0.8811588687284879,0.7116687675926724,0.8812908992306927,8.040578031439489e-09,0.979
2280.162000000477,1.8469864672118003e-05,0.013612687580264718,-0.8899470824844529,0.7067556418163963,0.8812908992306927,8.052446166654913e-09,0.979
2280.162000000477,1.830070325027208e-05,0.013535431087957354,-0.8374512884734595,0.7399948875480186,0.8812908992306927,8.388625835225261e-09,0.979
2280.162000000477,1.8551311683462144e-05,0.013724641688353264,-0.8510069742017192,0.7387797173490739,0.8812908992306927,8.523094627544906e-09,0.98
2280.162999998778,1.8382149111981166e-05,0.013613460830717286,-0.8371705331457902,0.7492645280851611,0.8812908992306927,8.55077903602003e-09,0.98
2280.162000000477,1.8382150833143845e-05,0.013613460830717286,-0.8371705331457902,0.7492645280851611,0.8812908992306927,8.550779812950157e-09,0.979
2280.1619999967515,1.8225519966434813e-05,0.01346525743885856,-0.8684362597625501,0.7277760820929365,0.8812908992306927,8.214602637688863e-09,0.979
2280.162000000477,1.816913383037742e-05,0.01343248223327945,-0.8918258505075891,0.725936045846304,0.8812908992306927,8.234380807148607e-09,0.979
2280.162000000477,1.8388415921037988e-05,0.013596729482915335,-0.9008548542176,0.7247013285895196,0.8812908992306927,8.293707150941773e-09,0.979
2280.162000000477,1.815660281034178e-05,0.013457144453490303,-0.8810571065645676,0.7429326849555143,0.8812908992306927,8.463773702085707e-09,0.979
2280.162000000477,1.8294437647020787e-05,0.013542914247523985,-0.869532821710675,0.7364102226144035,0.8812908992306927,8.455863327142399e-09,0.979
2280.162000000477,1.8194195306793557e-05,0.013461445922180442,-0.8519391704040871,0.7407046478997179,0.8812908992306927,8.321387472569728e-09,0.979
2280.162000000477,1.823805218548818e-05,0.013500389857918484,-0.8606719625835884,0.7395225886140139,0.8812908992306927,8.404445192422495e-09,0.979
2280.162000000477,1.8363355414761363e-05,0.013593632410259678,-0.9034423294012401,0.7279290042859451,0.8812908992306927,8.443996043007222e-09,0.979
2280.162000000477,1.826937822831983e-05,0.013504385252673681,-0.8772341014765193,0.7266091442753375,0.8812908992306927,8.29765917656172e-09,0.979
2280.162000000477,1.829443798161773e-05,0.013542914247523985,-0.869532821710675,0.7364102226144035,0.8812908992306927,8.455861062540006e-09,0.979
2280.162000000477,1.8225520594127214e-05,0.01344335092938232,-0.8752815594960484,0.7143910969559064,0.8812908992306927,8.040583927339893e-09,0.979
2280.162000000477,1.8388417327233132e-05,0.013596729482915295,-0.8769771881139841,0.7267470080829984,0.8812908992306927,8.380713684315766e-09,0.979
2280.162000000477,1.836335619853771e-05,0.013588985477797398,-0.8780642280597628,0.7313041009975813,0.8812908992306927,8.467730266494805e-09,0.979
2280.162000000477,1.8382149809258228e-05,0.01361539376472159,-0.8798736345953149,0.7351967873186877,0.8812908992306927,8.550786913631553e-09,0.979
2280.162000000477,1.848239507964927e-05,0.01362891662682881,-0.8682850885292988,0.7144571968998982,0.8812908992306927,8.171100510708827e-09,0.979
2280.162000000477,1.8563842025562107e-05,0.013695466018857592,-0.8902204993383345,0.7123690330959573,0.8812908992306927,8.206696260931533e-09,0.979
2280.162000000477,1.8256846559513583e-05,0.013498927832667982,-0.9012850239085455,0.7201559543703019,0.8812908992306927,8.313477702061799e-09,0.979
2280.162000000477,1.855131311501239e-05,0.013697003129766799,-0.915411128412023,0.7108887097070178,0.8812908992306927,8.230423469067332e-09,0.979
2280.162000000477,1.8388415900156962e-05,0.013596729482915295,-0.8769771881139841,0.7267470080829984,0.8812908992306927,8.380717708230972e-09,0.979
2280.162000000477,1.8275642959302096e-05,0.013530764167162484,-0.9286341158487295,0.7209906371406777,0.8812908992306927,8.380721379223587e-09,0.979
2280.162000000477,1.8206724795729753e-05,0.013479419009812876,-0.8953095098417645,0.7292328550147478,0.8812908992306927,8.392584484051975e-09,0.979
2280.162000000477,1.835709134873741e-05,0.013558450462621718,-0.8645281161999181,0.7266176517526155,0.8812908992306927,8.179008140117384e-09,0.979
2280.162999998778,1.8269376224933715e-05,0.013507892429788476,-0.9258441925248158,0.7147626025884997,0.8812908992306927,8.250194899859304e-09,0.979
2280.162000000477,1.8426007109395103e-05,0.013604469079951907,-0.8733004871679513,0.7216473471452366,0.8812908992306927,8.190877863149315e-09,0.979
2280.162000000477,1.857010708771107e-05,0.013717449509753274,-0.8927601516633108,0.7188467783496009,0.8812908992306927,8.33721436100007e-09,0.979
2280.162000000477,1.8570108433146034e-05,0.013717449509753274,-0.8927601516633108,0.7188467783496009,0.8812908992306927,8.337207536540894e-09,0.979
2280.162999998778,1.8432272349235445e-05,0.013626985610989111,-0.8761004865058553,0.727928258631343,0.8812908992306927,8.321387133858517e-09,0.979
2280.162000000477,1.860143374421567e-05,0.013750693762402212,-0.9000813091378568,0.7206533829958806,0.8812908992306927,8.44399597239387e-09,0.979
2280.162000000477,1.8357090303037286e-05,0.013603792040998573,-0.875811170285381,0.7401316302299671,0.8812908992306927,8.59824409708288e-09,0.979
2280.1630000025034,1.8494924158705203e-05,0.013660931616532522,-0.9229823850996044,0.7096275466674888,0.8812908992306927,8.289744615578059e-09,0.979
2280.162000000477,1.8463598195960817e-05,0.01362766149765747,-0.9156285646440869,0.7077402585509153,0.8812908992306927,8.182962255734145e-09,0.979
2280.162000000477,1.8488659450124522e-05,0.01366853859666131,-0.8848834156010552,0.7254841905816036,0.8812908992306927,8.372811869837873e-09,0.979
2280.162000000477,1.8400948892975218e-05,0.013564174951144738,-0.904120259061814,0.7033787089684451,0.8812908992306927,8.001029378266588e-09,0.979
2280.162000000477,1.8400946139183872e-05,0.013616070226796388,-0.8601790499751143,0.7367158927046932,0.8812908992306927,8.467730239860007e-09,0.979
2280.162000000477,1.8507454871008285e-05,0.01369440915502608,-0.8874418623141658,0.7296129324123668,0.8812908992306927,8.479595501232836e-09,0.979
2280.162000000477,1.854504622191847e-05,0.013702093578028556,-0.8823627265180316,0.7232849488975809,0.8812908992306927,8.329304288272373e-09,0.978
2280.162000000477,1.853878094537195e-05,0.013687777875093298,-0.8889798138417921,0.7162381078237469,0.8812908992306927,8.262070579452007e-09,0.978
2280.162000000477,1.853878094537195e-05,0.013687777875093298,-0.8889798138417921,0.7162381078237469,0.8812908992306927,8.262070579452007e-09,0.978
1922.8689999990165,2.579788983642354e-05,0.014655540459107335,-1.4111064216452012,0.3061173960549673,4.072504253564474,7.0816450499550406e-09,0.971
1922.8689999990165,2.579788983642354e-05,0.014655540459107335,-1.4111064216452012,0.3061173960549673,4.072504253564474,7.0816450499550406e-09,0.971
2403.6319999992847,1.710495256219971e-05,0.01257312497535595,-0.7094127310812994,0.799526731978052,4.170667874725076,8.753609156748406e-09,0.975
2403.6319999992847,1.710495256219971e-05,0.01257312497535595,-0.7094127310812994,0.799526731978052,4.170667874725076,8.753609156748406e-09,0.975
2280.486999999732,1.8191604678800557e-05,0.013463791598599787,-0.8556569416240807,0.7402054395790559,0.8812908992306927,8.334836911039431e-09,0.975
2280.487999998033,1.8191600544778006e-05,0.013463791598599787,-0.8556569416240807,0.7402054395790559,0.8812908992306927,8.334829682183426e-09,0.975
2280.486999999732,1.8097637379395756e-05,0.013382136561377917,-0.8572380373164994,0.7346144059672213,0.8812908992306927,8.243897865193148e-09,0.975
2280.486999999732,1.8235452553931877e-05,0.013511301312527002,-0.8053213377429138,0.7576393487416492,0.8812908992306927,8.591836530909519e-09,0.975
2280.486999999732,1.806631574893665e-05,0.01337869476758513,-0.8407943445511132,0.7475801522584461,0.8812908992306927,8.350653335813695e-09,0.975
2280.486999999732,1.8179074788244747e-05,0.01348839657280521,-0.844634125239816,0.7571114430494308,0.8812908992306927,8.56416442605045e-09,0.975
2280.486999999732,1.8085111290555622e-05,0.01340649881685428,-0.8461548565160162,0.7516940448828084,0.8812908992306927,8.473224784287431e-09,0.975
2280.486999999732,1.811642861669213e-05,0.013410129714039602,-0.8627848303448351,0.7387268710460891,0.8812908992306927,8.366469113160334e-09,0.975
2280.486999999732,1.8078844451270085e-05,0.013422290964542585,-0.844326660118178,0.7602650698350936,0.8812908992306927,8.603698282388906e-09,0.975
2160.4609999991953,1.737932912155671e-05,0.012322422864970862,-0.5707064610549728,0.8468060979792655,-0.0,9.235864215898607e-09,0.975
2160.4609999991953,1.7423181331091387e-05,0.012332622075270971,-0.5983421422618638,0.8309263598973304,-0.0,9.12841239537012e-09,0.975
2280.487000003457,1.8041257513485625e-05,0.013390884566513286,-0.8201239392687953,0.765626903454586,0.8812908992306927,8.556260721725936e-09,0.975
2160.4609999991953,1.7423180230378723e-05,0.012332622075270971,-0.5983421422618638,0.8309263598973304,-0.0,9.128407681213115e-09,0.975
2160.462000001222,1.72916266932308e-05,0.01230128600703599,-0.5151225936565234,0.8770038594150211,-0.0,9.440529774141216e-09,0.975
2160.4609999991953,1.7423179378357222e-05,0.012332622075270971,-0.5983421422618638,0.8309263598973304,-0.0,9.128410120806698e-09,0.975
2160.4609999991953,1.7393947113974844e-05,0.012335940928704632,-0.583671395253885,0.844495317089679,-0.0,9.261446023738443e-09,0.975
2160.462000001222,1.7320865061144737e-05,0.012298433314382079,-0.5309153585791808,0.863310187152766,-0.0,9.307495005032273e-09,0.975
2160.462000001222,1.7364711709820904e-05,0.01233451867229491,-0.5640413325951976,0.8578868781252155,-0.0,9.384247009056762e-09,0.975
2160.462000001222,1.7203926145477435e-05,0.012270108212870598,-0.4569459117643113,0.9028702448658842,-0.0,9.61450170394577e-09,0.975
2160.4609999991953,1.7379328914728994e-05,0.012322422864970862,-0.5707064610549728,0.8468060979792655,-0.0,9.23586372333449e-09,0.975
2160.4609999991953,1.7364712391784755e-05,0.01233451867229491,-0.5640413325951976,0.8578868781252155,-0.0,9.384252113484507e-09,0.975
2160.4609999991953,1.7218545280070893e-05,0.012215176065689256,-0.5148285621213482,0.8611381605798156,-0.0,9.21027498204912e-09,0.975
2160.462000001222,1.7540112783553294e-05,0.012434154057856184,-0.5862286605714315,0.8412354205559178,-0.0,9.281910839261934e-09,0.975
2160.4610000029206,1.742318021114754e-05,0.012366952755947399,-0.5345310620051005,0.8610882839508026,-0.0,9.281912108896553e-09,0.975
2160.4609999991953,1.749626303140764e-05,0.012379477452150504,-0.5809285616835815,0.8335361160723659,-0.0,9.061891596952057e-09,0.975
2160.4610000029206,1.720392799269247e-05,0.012270108212870598,-0.4569459117643113,0.9028702448658842,-0.0,9.61450869330085e-09,0.975
2160.4569999985397,1.7218575705072573e-05,0.012215176065689256,-0.5148285621213482,0.8611381605798156,-0.0,9.210363186835713e-09,0.975
2160.462000001222,1.745241070137286e-05,0.012389393690709441,-0.5557839948470691,0.8526440385562541,-0.0,9.404714436112757e-09,0.975
2160.462000001222,1.7379326356064512e-05,0.012351338209099217,-0.5097934162283719,0.8727175549071196,-0.0,9.368892468749442e-09,0.975
2160.4609999991953,1.7408563525839033e-05,0.012357964971855711,-0.5259063292446187,0.8635813974198606,-0.0,9.266561742662378e-09,0.974
2160.4610000029206,1.7277010495456372e-05,0.012312927642705522,-0.5075960747373052,0.8881652685181468,-0.0,9.588924464565017e-09,0.975
2160.4609999991953,1.7408564132159545e-05,0.012293915197250663,-0.5827069548261674,0.8203846769047023,-0.0,8.857217958906229e-09,0.974
2160.4609999991953,1.7364712082850914e-05,0.012348970646308584,-0.5277414583855369,0.87004063441248,-0.0,9.466120540419025e-09,0.974
2160.4609999991953,1.7174694486162597e-05,0.01222929088522935,-0.49114378789144286,0.8862753745833658,-0.0,9.491704637319418e-09,0.974
2160.462000001222,1.7583962315211384e-05,0.012458821060687133,-0.5792122114142226,0.8379957900190593,-0.0,9.256322297734297e-09,0.974
2160.462000001222,1.7379324710102977e-05,0.012351338209099217,-0.5097934162283719,0.8727175549071196,-0.0,9.36889734148806e-09,0.974
2160.4619999974966,1.7262393087608953e-05,0.012251506650395145,-0.5485138339066582,0.8557604671319761,-0.0,9.287025030679296e-09,0.974
2160.462000001222,1.7379327640526883e-05,0.012351338209099217,-0.5097934162283719,0.8727175549071196,-0.0,9.36889896648485e-09,0.974
2160.4609999991953,1.727700946480187e-05,0.012242911781471232,-0.48968612178895343,0.8595677604842903,-0.0,9.087480745934052e-09,0.974
2160.462000001222,1.7569345428651836e-05,0.012427097349663385,-0.5933757903678538,0.8271578556655474,-0.0,9.08746720432702e-09,0.974
2160.4609999991953,1.7320861311588536e-05,0.012326456119576099,-0.46840338868380105,0.8893128282962558,-0.0,9.440531676635262e-09,0.974
2160.4309999980032,1.7452777728583244e-05,0.012355835328567023,-0.5717484186710742,0.83601748068472,-0.0,9.138865947979558e-09,0.974
2160.4410000033677,1.7291737909456216e-05,0.012346365802859173,-0.47831457676494127,0.9003142643590528,-0.0,9.819575519404246e-09,0.974
2160.462000001222,1.7145456210114214e-05,0.012172252983324689,-0.46444152003295835,0.8756533805612602,-0.0,9.235857779635283e-09,0.974
2160.4659999981523,1.7481585192838073e-05,0.012420742884432017,-0.5423618191383475,0.8575689334517849,-0.0,9.496809881181495e-09,0.974
2160.4119999967515,1.724819455930677e-05,0.012276778822053143,-0.5040089459499493,0.8792976464255118,-0.0,9.517381339459841e-09,0.974
2160.462000001222,1.7598581015270147e-05,0.012502865168708311,-0.5803450862852269,0.8514278302008779,-0.0,9.537752600984636e-09,0.974
2160.4609999991953,1.7174691945865408e-05,0.01222929088522935,-0.49114378789144286,0.8862753745833658,-0.0,9.49170515283108e-09,0.974
2160.4609999991953,1.7452413531790742e-05,0.01235133820909918,-0.5627386929020544,0.8353492681201995,-0.0,9.067009583030268e-09,0.974
2160.4609999991953,1.748164706308749e-05,0.01246703254927949,-0.5013294324250182,0.88985545544797,-0.0,9.824296124554073e-09,0.974
2160.4609999991953,1.7306245075784878e-05,0.012278684044772205,-0.47320530848463793,0.8690825207734084,-0.0,9.220512878975488e-09,0.974
2160.462000001222,1.7598579897857564e-05,0.012487654722478298,-0.5823118799404652,0.8459216369678172,-0.0,9.384247140137089e-09,0.974
2160.4619999974966,1.7277009626350363e-05,0.012284873977984825,-0.46449155497709516,0.8835381589501105,-0.0,9.414947977452637e-09,0.974
2160.462000001222,1.7613195799943166e-05,0.012481096817899323,-0.5983886766971342,0.8352414479510192,-0.0,9.307490280594953e-09,0.974
2160.4609999991953,1.7364712294374872e-05,0.012332859165849447,-0.5152060549242012,0.8662720977974976,-0.0,9.343317163802216e-09,0.974
2160.4609999991953,1.723316294561353e-05,0.012231442561468417,-0.4596416684875648,0.8757710555638035,-0.0,9.19492835088415e-09,0.974
2160.462000001222,1.7613194268075797e-05,0.012553045342402763,-0.5235129730912487,0.8815104848472877,-0.0,9.901046353123245e-09,0.974
2160.4609999991953,1.7320859100327956e-05,0.012326456119576099,-0.46840338868380105,0.8893128282962558,-0.0,9.440539963877162e-09,0.974
2160.4609999991953,1.7627814882428678e-05,0.012526696637780029,-0.5780265183192652,0.8533507991865,-0.0,9.619622247923476e-09,0.974
2160.4609999991953,1.721854307394018e-05,0.01224243411182818,-0.45168225917898885,0.8872125437201432,-0.0,9.343317155148763e-09,0.974
2160.462000001222,1.732086070909257e-05,0.012283683848458772,-0.5187061964758275,0.8588759203223254,-0.0,9.184687050117752e-09,0.974
2160.462000001222,1.7393945795756584e-05,0.012368607688028152,-0.4886893332842783,0.8768542979234824,-0.0,9.547983742885757e-09,0.974
2160.4610000029206,1.7320860830898433e-05,0.012272252732668966,-0.4892848177502698,0.8580883526499906,-0.0,9.13352516280797e-09,0.974
2160.462000001222,1.770089850600259e-05,0.01256654800074266,-0.6026233311316354,0.842708826891751,-0.0,9.542866832266763e-09,0.974
2160.462000001222,1.7393945693211387e-05,0.0123733348457349,-0.48143293814126986,0.8827645004549138,-0.0,9.466114584866982e-09,0.974
2160.462000001222,1.7788598245321164e-05,0.012538828582535964,-0.6137253922658106,0.8031588686137859,-0.0,8.795810793703571e-09,0.974
2160.462000001222,1.736470869608148e-05,0.012389393690709422,-0.5283462409058997,0.8857678716340295,-0.0,9.793592212319241e-09,0.974
2160.4619999974966,1.742317801099972e-05,0.012308414846087608,-0.5587203904944191,0.8256193583365824,-0.0,8.954434254249166e-09,0.974
2160.4619999974966,1.7247778128567676e-05,0.012276778822053143,-0.5040089459499493,0.8792976464255118,-0.0,9.517282904021568e-09,0.974
2160.4609999991953,1.736471118680514e-05,0.012332859165849447,-0.5152060549242012,0.8662720977974976,-0.0,9.343314736658487e-09,0.973
2160.4610000029206,1.7554728644195756e-05,0.012434154057856184,-0.5777387092923902,0.8377471738067029,-0.0,9.164222015898795e-09,0.973
2160.4609999991953,1.7291626077070247e-05,0.012285825998598312,-0.502292478199053,0.8727571038297918,-0.0,9.317732999023239e-09,0.973
2160.462000001222,1.755472784299378e-05,0.01243862123571632,-0.5865794507326094,0.8383833717119458,-0.0,9.235857776044636e-09,0.973
2160.4609999991953,1.7379326620995262e-05,0.012389865694583727,-0.5354554545017391,0.8769851101649014,-0.0,9.82941533539955e-09,0.973
2160.4609999991953,1.7277011795319154e-05,0.012284873977984825,-0.46449155497709516,0.8835381589501105,-0.0,9.414952256319867e-09,0.973
2160.4619999974966,1.758396229600699e-05,0.012465390684301862,-0.5592828254986411,0.8456032861347085,-0.0,9.276789626234915e-09,0.973
2160.4609999991953,1.7101611480457544e-05,0.012185937634149869,-0.43984941257378596,0.9009510673409812,-0.0,9.517286161424082e-09,0.973
2160.4619999974966,1.758396224729447e-05,0.012483205091510912,-0.582647739447387,0.8489231406532334,-0.0,9.4405318451746e-09,0.973
2160.4610000029206,1.717469450112219e-05,0.01222929088522935,-0.49114378789144286,0.8862753745833658,-0.0,9.491705443748187e-09,0.973
2160.462000001222,1.7481644346316277e-05,0.012384908756719964,-0.5742629202749745,0.8378882045804439,-0.0,9.230742406062786e-09,0.973
2160.4610000029206,1.7320862144830543e-05,0.01233451867229489,-0.5168487053677069,0.8752427564661248,-0.0,9.675911837109048e-09,0.973
2160.462000001222,1.72185428521497e-05,0.01224243411182818,-0.45168225917898885,0.8872125437201432,-0.0,9.343310157714516e-09,0.973
2160.462000001222,1.761319638535386e-05,0.01249842095289592,-0.5693987923576946,0.8481183419868226,-0.0,9.430300535616917e-09,0.973
2160.4619999974966,1.71016093717578e-05,0.012185937634149869,-0.43984941257378596,0.9009510673409812,-0.0,9.517280099193246e-09,0.973
2160.462000001222,1.746702815196321e-05,0.012344471026021285,-0.5786290325536472,0.8246600541053376,-0.0,8.99024791412871e-09,0.973
2160.462000001222,1.7452410953900865e-05,0.0124117940515844,-0.5304284656828369,0.8712899529379603,-0.0,9.486581292295302e-09,0.973
2160.4510000012815,1.74086877269529e-05,0.012319812408384154,-0.5389652337808206,0.8409815966336913,-0.0,9.061908808901123e-09,0.973
2160.429999999702,1.7525842210987744e-05,0.01245835166929351,-0.5428080487547113,0.8652007007325612,-0.0,9.512218491599812e-09,0.973
2160.4619999974966,1.7203927954667464e-05,0.012226899689757416,-0.4609666403897479,0.8791826324390076,-0.0,9.338194177871196e-09,0.973
2160.462000001222,1.758396356635305e-05,0.012483205091510912,-0.582647739447387,0.8489231406532334,-0.0,9.440530101738109e-09,0.973
2160.4609999991953,1.740855983779978e-05,0.012357964971855711,-0.5259063292446187,0.8635813974198606,-0.0,9.266564805767545e-09,0.973
2160.4609999991953,1.75693457747667e-05,0.012427097349663385,-0.5933757903678538,0.8271578556655474,-0.0,9.087470162680258e-09,0.973
2160.4230000004172,1.7233492095208802e-05,0.012272252732668968,-0.5035480057370352,0.882275898156869,-0.0,9.563404288857246e-09,0.973
2160.4609999991953,1.730624711613322e-05,0.012280350872180264,-0.5220176003695354,0.8612215186701716,-0.0,9.261450896619492e-09,0.973
2160.4609999991953,1.7364713017357713e-05,0.01233451867229491,-0.5640413325951976,0.8578868781252155,-0.0,9.384252854634587e-09,0.973
2160.4619999974966,1.7189308422259768e-05,0.012217808878893455,-0.4987684631663658,0.8749794659285169,-0.0,9.343309793025537e-09,0.973
2160.462000001222,1.737932724099105e-05,0.012322422864970862,-0.5707064610549728,0.8468060979792655,-0.0,9.235857096204693e-09,0.973
2160.4609999991953,1.7335477506807816e-05,0.012337363021156029,-0.548372004910533,0.8715463079520795,-0.0,9.51728884708521e-09,0.973
2160.462000001222,1.755472863905751e-05,0.01243862123571632,-0.5865794507326094,0.8383833717119458,-0.0,9.235859159718907e-09,0.973
2160.445000000298,1.7379376017511457e-05,0.012357964971855732,-0.5363730668249751,0.8675293555746494,-0.0,9.481725029668406e-09,0.973
2160.4410000033677,1.7306307609271714e-05,0.012274635093014564,-0.5099070934662531,0.8613811253848409,-0.0,9.169369767489524e-09,0.973
2160.4619999974966,1.7613195069277218e-05,0.012481096817899323,-0.5983886766971342,0.8352414479510192,-0.0,9.307495028371561e-09,0.973
2160.4609999991953,1.7467028440390458e-05,0.012382311473505228,-0.5658083080647991,0.8471651916964075,-0.0,9.194927101011657e-09,0.973
2160.4610000029206,1.7598580582415965e-05,0.012472191289246426,-0.5900874849940014,0.8376079616174769,-0.0,9.292150288327141e-09,0.972
2160.4619999974966,1.7277008145767187e-05,0.012312927642705522,-0.5075960747373052,0.8881652685181468,-0.0,9.588919478380265e-09,0.973
2160.4609999991953,1.7437794859539254e-05,0.012307464572791764,-0.5936488946812077,0.8151854430699152,-0.0,8.857213237229735e-09,0.972
2160.4619999974966,1.743779549536131e-05,0.012366006981033505,-0.5828434538036085,0.8428577855424804,-0.0,9.307494936514453e-09,0.972
2160.4609999991953,1.7306243744746775e-05,0.012310315172615268,-0.5238428372827606,0.8744343848595962,-0.0,9.455887830874746e-09,0.972
2160.4619999974966,1.7379327598665826e-05,0.012322422864970862,-0.5707064610549728,0.8468060979792655,-0.0,9.235859034064127e-09,0.972
2160.450999997556,1.7613298928956315e-05,0.012479222497898105,-0.5506475357028733,0.8474203779255142,-0.0,9.236011529400017e-09,0.972
2160.462000001222,1.7540111302962962e-05,0.012432272660651054,-0.5676570135501833,0.8448531953462396,-0.0,9.302377830481823e-09,0.972
2160.462000001222,1.74231772614924e-05,0.012332622075270971,-0.5983421422618638,0.8309263598973304,-0.0,9.128406199816071e-09,0.972
2160.462000001222,1.7379325950986116e-05,0.012322422864970862,-0.5707064610549728,0.8468060979792655,-0.0,9.235862113350993e-09,0.972
2160.4619999974966,1.7423177889210712e-05,0.012332622075270971,-0.5983421422618638,0.8309263598973304,-0.0,9.12840584078697e-09,0.972
2160.4609999991953,1.751087859763866e-05,0.01239647186177916,-0.6388218856489711,0.8237446900641727,-0.0,9.159109411239382e-09,0.972
2160.4610000029206,1.7379327850340416e-05,0.012322422864970862,-0.5707064610549728,0.8468060979792655,-0.0,9.23586196803042e-09,0.972
2160.462000001222,1.7583963611218174e-05,0.012485781386925906,-0.5824942481728717,0.8528348875781673,-0.0,9.440530218414882e-09,0.972
2160.44299999997,1.7496488721434456e-05,0.012422390650502175,-0.5401431513616206,0.8606052988883006,-0.0,9.409884576071474e-09,0.972
2160.4609999991953,1.752549651572001e-05,0.012406138831310646,-0.5627998874512734,0.8392867400302032,-0.0,9.153994281935504e-09,0.972
2160.4609999991953,1.7540112206704518e-05,0.012432272660651054,-0.5676570135501833,0.8448531953462396,-0.0,9.302380809760824e-09,0.972
2160.462000001222,1.7613195304275498e-05,0.012469143200867599,-0.6046038406427359,0.8316717394484608,-0.0,9.184688771339485e-09,0.972
2160.462000001222,1.7408559798057525e-05,0.012306514226118599,-0.5934243988346437,0.8252140349670481,-0.0,8.980015894146916e-09,0.972
2160.4609999991953,1.761319736814087e-05,0.012469143200867599,-0.6046038406427359,0.8316717394484608,-0.0,9.184695412653949e-09,0.972
2160.4609999991953,1.7613197368156685e-05,0.012469143200867599,-0.6046038406427359,0.8316717394484608,-0.0,9.184695412605749e-09,0.972
2160.4610000029206,1.761319651782776e-05,0.012469143200867599,-0.6046038406427359,0.8316717394484608,-0.0,9.184691079351133e-09,0.972
2160.4609999991953,1.752549672082162e-05,0.012406138831310646,-0.5627998874512734,0.8392867400302032,-0.0,9.153994398131184e-09,0.972
2160.4619999974966,1.762781345824486e-05,0.012495379262910623,-0.6093145743474393,0.8372116800672964,-0.0,9.333078930489907e-09,0.972
2160.4609999991953,1.7613198776094443e-05,0.012469143200867599,-0.6046038406427359,0.8316717394484608,-0.0,9.18469482051281e-09,0.972
2160.462000001222,1.7730129801249086e-05,0.01252646321599813,-0.6142840595001418,0.8185648520155997,-0.0,9.010719103398728e-09,0.972
2160.462000001222,1.7540111226054762e-05,0.012432272660651054,-0.5676570135501833,0.8448531953462396,-0.0,9.302376146262233e-09,0.972
2160.4609999991953,1.7613197368158047e-05,0.012469143200867599,-0.6046038406427359,0.8316717394484608,-0.0,9.18469541264398e-09,0.972
2160.4609999991953,1.7744746843378114e-05,0.012552346533966148,-0.6189368353999081,0.8243190265507778,-0.0,9.159105723345894e-09,0.972
2160.462000001222,1.74231789459196e-05,0.012332622075270971,-0.5983421422618638,0.8309263598973304,-0.0,9.128405815214035e-09,0.972
2160.4609999991953,1.7540113597577015e-05,0.012432272660651054,-0.5676570135501833,0.8448531953462396,-0.0,9.30238328221184e-09,0.971
2160.4609999991953,1.7613197368152233e-05,0.012469143200867599,-0.6046038406427359,0.8316717394484608,-0.0,9.184695412614967e-09,0.971
2160.4609999991953,1.742317950311701e-05,0.012332622075270971,-0.5983421422618638,0.8309263598973304,-0.0,9.128410722300038e-09,0.971
2160.4609999991953,1.7613197368136837e-05,0.012469143200867599,-0.6046038406427359,0.8316717394484608,-0.0,9.18469541266323e-09,0.971
2160.4609999991953,1.7496263324960906e-05,0.012370262398707017,-0.634053153172788,0.8180624999303087,-0.0,9.010723691863787e-09,0.971
2160.4609999991953,1.7627814120990954e-05,0.012495379262910623,-0.6093145743474393,0.8372116800672964,-0.0,9.333083432413804e-09,0.971
2160.4609999991953,1.7613198776098424e-05,0.012469143200867599,-0.6046038406427359,0.8316717394484608,-0.0,9.184694820493336e-09,0.971
2160.462000001222,1.7613195832012772e-05,0.012469143200867599,-0.6046038406427359,0.8316717394484608,-0.0,9.184686605858988e-09,0.971
2160.4610000029206,1.7744746816445272e-05,0.012552346533966148,-0.6189368353999081,0.8243190265507778,-0.0,9.15911168473847e-09,0.971
2160.4609999991953,1.7510880803809473e-05,0.01239647186177916,-0.6388218856489711,0.8237446900641727,-0.0,9.159108591425096e-09,0.971
2160.462000001222,1.752549474370613e-05,0.012406138831310646,-0.5627998874512734,0.8392867400302032,-0.0,9.153987854928205e-09,0.971
2160.4609999991953,1.7657052710236113e-05,0.012489293660585871,-0.5779001533593386,0.831751323331674,-0.0,9.128425097604012e-09,0.971
2160.4609999991953,1.762781486961217e-05,0.012495379262910623,-0.6093145743474393,0.8372116800672964,-0.0,9.333080331233669e-09,0.971
2160.4619999974966,1.752550042166219e-05,0.012406138831310646,-0.5627998874512734,0.8392867400302032,-0.0,9.153985629685655e-09,0.971
2160.4609999991953,1.7408562731042018e-05,0.012306514226118599,-0.5934243988346437,0.8252140349670481,-0.0,8.98002397551768e-09,0.971
2160.4610000029206,1.7467028369913197e-05,0.012386561289752481,-0.611878830824967,0.8394947686929167,-0.0,9.266562729583258e-09,0.971
2160.4609999991953,1.733547885536225e-05,0.012337363021156029,-0.548372004910533,0.8715463079520795,-0.0,9.517289499434805e-09,0.971
2160.4610000029206,1.745241308442011e-05,0.012370498767878402,-0.5830744284894736,0.8399409233963697,-0.0,9.261448094719876e-09,0.971
2160.462000001222,1.7437793981421902e-05,0.012366006981033505,-0.5828434538036085,0.8428577855424804,-0.0,9.307494972722825e-09,0.971
2160.4609999991953,1.7379330940565415e-05,0.012322422864970862,-0.5707064610549728,0.8468060979792655,-0.0,9.235859394193275e-09,0.971
2160.4609999991953,1.749626466454266e-05,0.012422390650502175,-0.5401431513616206,0.8606052988883006,-0.0,9.409835098302986e-09,0.971
2160.462000001222,1.7364709174226344e-05,0.01233451867229491,-0.5640413325951976,0.8578868781252155,-0.0,9.384249819578477e-09,0.971
2160.4609999991953,1.754011221312966e-05,0.01238986569458375,-0.6082954602641686,0.8177434156421378,-0.0,8.954436507551087e-09,0.971
2160.4610000029206,1.7364712332821935e-05,0.01233451867229491,-0.5640413325951976,0.8578868781252155,-0.0,9.384251190068572e-09,0.971
2160.4609999991953,1.7306243553313236e-05,0.012272729241734878,-0.5263864919671848,0.8576009594813356,-0.0,9.159108720986104e-09,0.971
2160.462000001222,1.7510879280888076e-05,0.012442146822146845,-0.6168647807354324,0.8466881402610407,-0.0,9.486583651831905e-09,0.971
2160.4510000012815,1.7350191329830012e-05,0.012325507237228396,-0.5554859520324427,0.8604296254848506,-0.0,9.368911112861251e-09,0.971
2160.450999997556,1.7481764405161223e-05,0.012376406530026798,-0.6104414837609831,0.8270233415651074,-0.0,9.20013665537924e-09,0.971
2160.462000001222,1.7569342049555208e-05,0.0124555349494589,-0.6150066668106939,0.8375072589228416,-0.0,9.240979234947717e-09,0.971
2160.462000001222,1.7510878075464474e-05,0.01239647186177916,-0.6388218856489711,0.8237446900641727,-0.0,9.159104825412565e-09,0.971
2160.4609999991953,1.7393945097134997e-05,0.012380422198017651,-0.5602046806590635,0.867673476552846,-0.0,9.58891985756476e-09,0.971
2160.462000001222,1.75401115849678e-05,0.01238986569458375,-0.6082954602641686,0.8177434156421378,-0.0,8.954432125055254e-09,0.971
2160.4610000029206,1.759858071059494e-05,0.012475941760324833,-0.5797827528190069,0.8409071670611363,-0.0,9.374019353543205e-09,0.971
2160.4619999974966,1.748164437198591e-05,0.012353942004110838,-0.5763232835149052,0.827601735100369,-0.0,8.913499860108253e-09,0.971
2160.4609999991953,1.761319611401524e-05,0.012479222497898105,-0.5506475357028733,0.8474203779255142,-0.0,9.235861986009193e-09,0.971
2160.4609999991953,1.7350094811717798e-05,0.012325507237228396,-0.5554859520324427,0.8604296254848506,-0.0,9.368896579839646e-09,0.971
2160.462000001222,1.752549607389876e-05,0.012364115214168714,-0.6034390193493167,0.8118124558427796,-0.0,8.806046634819347e-09,0.97
2160.4609999991953,1.732086203586752e-05,0.012298433314382079,-0.5309153585791808,0.863310187152766,-0.0,9.307498905163321e-09,0.97
2160.4609999991953,1.7598580664011475e-05,0.01243321339484029,-0.6204204252831564,0.8142668537949913,-0.0,9.0260740653233e-09,0.97
2160.4609999991953,1.7423181702835015e-05,0.012332622075270971,-0.5983421422618638,0.8309263598973304,-0.0,9.128410607998803e-09,0.97
2160.462000001222,1.746702848525395e-05,0.012386561289752481,-0.611878830824967,0.8394947686929167,-0.0,9.266563778733733e-09,0.97
2160.462000001222,1.7540113315537744e-05,0.012432272660651054,-0.5676570135501833,0.8448531953462396,-0.0,9.302376035411e-09,0.97
2160.4609999991953,1.7481647311371193e-05,0.01239647186177916,-0.5355319971888282,0.8550349456553591,-0.0,9.261444858774093e-09,0.97
2160.462000001222,1.7613195114142344e-05,0.012465859810647345,-0.6421214026578097,0.8218070688557286,-0.0,9.133523050306462e-09,0.97
2160.4610000029206,1.7467029006586264e-05,0.012425685527113305,-0.5249901175896925,0.8740583997490439,-0.0,9.542877340141377e-09,0.97
2160.462000001222,1.7540111982361248e-05,0.01238986569458375,-0.6082954602641686,0.8177434156421378,-0.0,8.954429867125356e-09,0.97
2160.4609999991953,1.7554730455940785e-05,0.012480628264287984,-0.6271442178634778,0.8458297767831091,-0.0,9.59404273870763e-09,0.97
2160.462000001222,1.7379328924130643e-05,0.012322422864970862,-0.5707064610549728,0.8468060979792655,-0.0,9.23585671168475e-09,0.97
2393.61799999699,1.6928057650932166e-05,0.012420792281195555,-0.6445638699175369,0.8265858832588334,4.196415316326071,8.913207275976634e-09,0.972
2393.617000002414,1.6945306111265663e-05,0.012409561257341873,-0.6694914652434845,0.8112659579378103,4.232850868367821,8.773572109899915e-09,0.972
2393.6180000007153,1.6953193303239855e-05,0.012430044135504874,-0.6603339205443017,0.819717975208274,4.178623011073803,8.864408915753149e-09,0.972
2393.6180000007153,1.6953193303239855e-05,0.012430044135504874,-0.6603339205443017,0.819717975208274,4.178623011073803,8.864408915753149e-09,0.972
2383.603000000119,1.8455944357968322e-05,0.01341930081640025,-0.7716054640007801,0.7706717022442778,4.227624313198405,9.282612328657793e-09,0.973
2383.603000000119,1.8455944357968322e-05,0.01341930081640025,-0.7716054640007801,0.7706717022442778,4.227624313198405,9.282612328657793e-09,0.973
2403.63200000301,1.7047513842447095e-05,0.012555902658229359,-0.6944683106011107,0.8124592686214449,4.171120344972852,8.911478496070667e-09,0.976
2403.63200000301,1.7047513842447095e-05,0.012555902658229359,-0.6944683106011107,0.8124592686214449,4.171120344972852,8.911478496070667e-09,0.976
2280.1909999996424,1.8087457370340607e-05,0.013429249302999149,-0.788824112278165,0.7763065275093698,0.8812908992306927,8.586152542886528e-09,0.974
2160.1810000017285,1.7659335009752813e-05,0.01249210276850722,-0.6260650841726711,0.8195142796406159,-0.0,9.202434093311138e-09,0.974
2160.179999999702,1.7469304458559558e-05,0.012420742884432,-0.5507402075484764,0.8610684916047502,-0.0,9.617010625392002e-09,0.974
2160.1809999980032,1.7615478964004285e-05,0.01247336343259654,-0.5201175528971405,0.8501583079858633,-0.0,9.14613440611886e-09,0.974
2160.227000001818,1.751289673569386e-05,0.012450839000359114,-0.5098895839210207,0.8706868793006294,-0.0,9.652756566527126e-09,0.974
2160.1810000017285,1.7527768381270256e-05,0.012442381825722678,-0.5982540498067466,0.8474020086765609,-0.0,9.432756101640737e-09,0.974
2160.1810000017285,1.7513158851487963e-05,0.012396471861779109,-0.6388218856488264,0.8237446900642735,-0.0,9.161484479588097e-09,0.974
2160.179999999702,1.7527779117823165e-05,0.012442381825722678,-0.5982540498067466,0.8474020086765609,-0.0,9.432757095594927e-09,0.974
2160.1810000017285,1.7323106084341544e-05,0.012279398427080727,-0.5868742802875735,0.8413359291961073,-0.0,9.228026514173417e-09,0.974
2160.1810000017285,1.7527766846445048e-05,0.012442381825722678,-0.5982540498067466,0.8474020086765609,-0.0,9.432753160415182e-09,0.974
2160.1809999980032,1.7352352251136055e-05,0.01230722699300327,-0.5961679239750453,0.844318210749454,-0.0,9.217786351404588e-09,0.974
2160.1809999980032,1.739620397532355e-05,0.012316726610019533,-0.6230596475963717,0.8284995741270481,-0.0,9.110311960501158e-09,0.973
2160.1730000004172,1.7542491385897642e-05,0.012455769700440327,-0.5463910397596452,0.8583094513708582,-0.0,9.519774409337378e-09,0.973
2160.1810000017285,1.746929887442746e-05,0.012386561289752435,-0.611878830824824,0.8394947686930169,-0.0,9.268957271329336e-09,0.973
2160.1809999980032,1.7630099020040657e-05,0.012495379262910528,-0.6093145743474624,0.8372116800672653,-0.0,9.335511274340948e-09,0.973
2160.1810000017285,1.7425438901208007e-05,0.012332622075270949,-0.5983421422617257,0.8309263598974352,-0.0,9.130771735153547e-09,0.973
2160.179999999702,1.763010977155959e-05,0.012453656782305346,-0.6481627278494253,0.8107715562040732,-0.0,8.987477731873807e-09,0.973
2160.1800000034273,1.7366973804813892e-05,0.012333570410239114,-0.600813572209629,0.8498003202444168,-0.0,9.366221098683112e-09,0.973
2160.179999999702,1.7513160453008275e-05,0.012396471861779109,-0.6388218856488264,0.8237446900642735,-0.0,9.161494954485767e-09,0.973
2160.179999999702,1.7352355140002695e-05,0.012346128971657214,-0.5943891504881869,0.8607103254803712,-0.0,9.514647553288743e-09,0.973
2160.1809999980032,1.751315109270678e-05,0.012396471861779109,-0.6388218856488264,0.8237446900642735,-0.0,9.161494018004895e-09,0.973
2160.179999999702,1.746930862152124e-05,0.012386561289752435,-0.611878830824824,0.8394947686930169,-0.0,9.268975959646595e-09,0.973
2160.179999999702,1.7498541788185486e-05,0.012422390650502112,-0.5401431513615056,0.8606052988883915,-0.0,9.412284481151781e-09,0.973
2160.1810000017285,1.7513148352587823e-05,0.012396471861779109,-0.6388218856488264,0.8237446900642735,-0.0,9.161492931665333e-09,0.972
2160.1810000017285,1.7454675726927283e-05,0.012398830354192484,-0.6053978696920761,0.8504837519371544,-0.0,9.417390834930811e-09,0.972
2160.1800000034273,1.7513160452998635e-05,0.012396471861779109,-0.6388218856488264,0.8237446900642735,-0.0,9.161494954461038e-09,0.972
2160.1809999980032,1.763010813286395e-05,0.012495379262910528,-0.6093145743474624,0.8372116800672653,-0.0,9.335501338063085e-09,0.972
2160.1810000017285,1.7454679296654767e-05,0.012373098530742418,-0.600731944409548,0.8400332063685265,-0.0,9.233136050363334e-09,0.972
2160.1809999980032,1.7513157396590214e-05,0.012396471861779109,-0.6388218856488264,0.8237446900642735,-0.0,9.161478632788229e-09,0.972
2160.1789999976754,1.7381588812699578e-05,0.012322422864970844,-0.5707064610546824,0.8468060979794908,-0.0,9.238256056465437e-09,0.972
2160.179999999702,1.763010844572333e-05,0.012453656782305346,-0.6481627278494253,0.8107715562040732,-0.0,8.98747542486472e-09,0.972
2160.1809999980032,1.7615485499106646e-05,0.012544657071942194,-0.4964026809369715,0.8857829541166634,-0.0,9.801261583140964e-09,0.972
2160.1809999980032,1.7454680196781975e-05,0.012360567370917582,-0.607355944738885,0.8338095589126769,-0.0,9.120531052953359e-09,0.972
2160.179999999702,1.7717821760473904e-05,0.012597224237090079,-0.5083791422318704,0.8754991405969773,-0.0,9.704019236705825e-09,0.972
2160.1809999980032,1.7454674633188343e-05,0.012398830354192484,-0.6053978696920761,0.8504837519371544,-0.0,9.417406016802589e-09,0.972
2160.179999999702,1.7630109771561275e-05,0.012453656782305346,-0.6481627278494253,0.8107715562040732,-0.0,8.987477731864789e-09,0.972
2160.1809999980032,1.7483912724464342e-05,0.01239104562560822,-0.6102157183311347,0.8361822702337767,-0.0,9.192208204941531e-09,0.972
2160.1809999980032,1.7527767648270345e-05,0.012400952613851577,-0.637081050772665,0.8204461819892009,-0.0,9.084714025055466e-09,0.971
2160.1809999980032,1.7469301477368807e-05,0.012386561289752435,-0.611878830824824,0.8394947686930169,-0.0,9.268974590195347e-09,0.971
2160.1800000034273,1.7366973804808027e-05,0.012333570410239114,-0.600813572209629,0.8498003202444168,-0.0,9.366221098694473e-09,0.971
2160.179999999702,1.7586253777102733e-05,0.012485781386925817,-0.5824942481727478,0.8528348875782544,-0.0,9.442993402789104e-09,0.971
2160.1809999980032,1.7615481586159944e-05,0.012544657071942194,-0.4964026809369715,0.8857829541166634,-0.0,9.801262430307175e-09,0.971
2160.179999999702,1.7630109771557287e-05,0.012453656782305346,-0.6481627278494253,0.8107715562040732,-0.0,8.987477731891748e-09,0.971
2160.1809999980032,1.7498530189129237e-05,0.012408966763608845,-0.632771899753453,0.8346990862298677,-0.0,9.309920194039227e-09,0.971
2160.1810000017285,1.7513157485908788e-05,0.0124157982741193,-0.593420480108541,0.8420635802935873,-0.0,9.2843289198997e-09,0.971
2160.1810000017285,1.7644718941429673e-05,0.012527163468295657,-0.5186310677321915,0.8650715020945212,-0.0,9.545355131818645e-09,0.971
2160.1809999980032,1.774705612259858e-05,0.012580268593902695,-0.5305599969868853,0.8546507624078122,-0.0,9.448095492116503e-09,0.971
2160.1800000034273,1.765934710118914e-05,0.012553744111939987,-0.5235730156230347,0.8702183038304179,-0.0,9.693782929457332e-09,0.971
2160.1810000017285,1.764472689639446e-05,0.012527163468295657,-0.5186310677321915,0.8650715020945212,-0.0,9.545346029751485e-09,0.971
2160.179999999702,1.7644729454460908e-05,0.012527163468295657,-0.5186310677321915,0.8650715020945212,-0.0,9.545358425342417e-09,0.971
2160.1809999980032,1.7659342819818684e-05,0.012553744111939987,-0.5235730156230347,0.8702183038304179,-0.0,9.693763911302991e-09,0.971
2160.1809999980032,1.7644717644263313e-05,0.012527163468295657,-0.5186310677321915,0.8650715020945212,-0.0,9.545355292768737e-09,0.971
2160.1809999980032,1.7644717644251265e-05,0.012527163468295657,-0.5186310677321915,0.8650715020945212,-0.0,9.545355292768916e-09,0.971
2160.4610000029206,1.7744750727097364e-05,0.012552346533966148,-0.6189368353999081,0.8243190265507778,-0.0,9.159109672220955e-09,0.971
2160.440000001341,1.740865683539134e-05,0.012306514226118599,-0.5934243988346437,0.8252140349670481,-0.0,8.98040890109994e-09,0.971
2160.4619999974966,1.762780760123691e-05,0.012495379262910623,-0.6093145743474393,0.8372116800672964,-0.0,9.333079044650876e-09,0.97
2160.462000001222,1.7627812119921668e-05,0.012495379262910623,-0.6093145743474393,0.8372116800672964,-0.0,9.333076447880277e-09,0.97
2160.4609999991953,1.737932654409293e-05,0.012322422864970862,-0.5707064610549728,0.8468060979792655,-0.0,9.235864121938822e-09,0.97
2160.4609999991953,1.7496260726550308e-05,0.012380894543917317,-0.610596473552981,0.8241199328996958,-0.0,9.153995018713329e-09,0.97
2160.4610000029206,1.7569347082726537e-05,0.012440266633723246,-0.6504441324981709,0.819930874995591,-0.0,9.230747162958586e-09,0.97
2160.4609999991953,1.754011341809688e-05,0.012418153096003836,-0.5920400137131803,0.8326836861601343,-0.0,9.169345850532328e-09,0.97
2160.4610000029206,1.7613198053956e-05,0.012485547200218695,-0.6047681446405613,0.8347314356116716,-0.0,9.348434853229958e-09,0.97
2160.447999998927,1.748179583289542e-05,0.012411794051584473,-0.5748291069984304,0.8526608045922762,-0.0,9.363929067240697e-09,0.97
2160.462000001222,1.7715512506167715e-05,0.012570968131615097,-0.6044997832092638,0.8403495622560975,-0.0,9.517284435871135e-09,0.97
2160.4609999991953,1.7730131488236787e-05,0.012633150487034896,-0.539610440164445,0.8757001682323945,-0.0,9.952218833223627e-09,0.97
2160.4609999991953,1.7773980893433322e-05,0.012610447724520532,-0.5508302839791512,0.8535114376860228,-0.0,9.507050628328845e-09,0.97
2160.462000001222,1.742317724868853e-05,0.012419565774820281,-0.49601658866114384,0.887669852613484,-0.0,9.834527035666507e-09,0.97
2160.4619999974966,1.780321266811313e-05,0.012636853187385376,-0.5735369367748193,0.8513495383353878,-0.0,9.568449189495502e-09,0.97
2160.4609999991953,1.7598582140344122e-05,0.01252132683588259,-0.5095412394110066,0.8774483772005378,-0.0,9.599157445848235e-09,0.97
2160.462000001222,1.7832453343856725e-05,0.012636159013714685,-0.5904657993355009,0.8375335361660562,-0.0,9.435415518021458e-09,0.97
2160.4609999991953,1.7452412913931815e-05,0.012458116966964654,-0.4991554704263197,0.8953267073799207,-0.0,9.906167233174217e-09,0.97
2160.4619999974966,1.7540111956743404e-05,0.012426862057043808,-0.6295717433685657,0.8273887565730682,-0.0,9.11817210375163e-09,0.97
2160.4609999991953,1.7876297810732075e-05,0.012658815664788214,-0.5770858089277069,0.8380815944571799,-0.0,9.338201605875355e-09,0.97
2160.4609999991953,1.7817833198701686e-05,0.012632919032228985,-0.5372766803981524,0.8540258040062196,-0.0,9.409833855930052e-09,0.97
2160.4609999991953,1.7803213816670467e-05,0.012636853187385376,-0.5735369367748193,0.8513495383353878,-0.0,9.568455142304405e-09,0.97
2160.462000001222,1.7510877130297265e-05,0.012469143200867599,-0.5085108384637742,0.8793626502667502,-0.0,9.80382350611665e-09,0.97
2160.4609999991953,1.7803214457618644e-05,0.012606737268675167,-0.5709795127253163,0.838664777257637,-0.0,9.37402226509982e-09,0.97
2160.4619999974966,1.761319537481265e-05,0.012553045342402808,-0.5235129730910657,0.8815104848474329,-0.0,9.901043573802174e-09,0.97
2160.462000001222,1.7700898739748205e-05,0.012553511193082748,-0.5594575471091967,0.848946318683434,-0.0,9.471233010335687e-09,0.97
2160.4619999974966,1.761319520388636e-05,0.012553045342402808,-0.5235129730910657,0.8815104848474329,-0.0,9.90104578193677e-09,0.97
2160.462000001222,1.7583963656091692e-05,0.012521326835882609,-0.5157152785373635,0.8789665540216915,-0.0,9.76800659481991e-09,0.97
2160.4619999974966,1.7744745715748468e-05,0.012622035868816273,-0.6114618147018169,0.8513983580289312,-0.0,9.80382455198377e-09,0.969
2160.4619999974966,1.7744746087072882e-05,0.01261091145474021,-0.5333199566852791,0.8674015067670288,-0.0,9.640087856644842e-09,0.969
2160.462000001222,1.7613193907014152e-05,0.012469143200867599,-0.6046038406427359,0.8316717394484608,-0.0,9.184680555741129e-09,0.969
2160.4619999974966,1.7744746605372044e-05,0.012580268593902776,-0.5305599969870061,0.8546507624077276,-0.0,9.445648902186475e-09,0.969
2160.179999999702,1.7440064390055265e-05,0.012547919843450593,-0.09310174616954914,1.0134762121784977,-0.0,1.054851905610058e-08,0.947
2160.179999999702,1.744006712891101e-05,0.012584451559469398,-0.08630658200596386,1.0277515128546695,-0.0,1.0814658569194791e-08,0.948
2160.179999999702,1.710383783806528e-05,0.012303187434670439,-0.15043483790897882,1.0011297239307544,-0.0,1.034890659101963e-08,0.948
2160.1810000017285,1.6913794001665606e-05,0.012196730460173704,-0.05412383688124933,1.0298238444583225,-0.0,1.0425669223720753e-08,0.949
2160.1810000017285,1.6943027479476617e-05,0.012246971221227242,-0.031040470901171346,1.0455524853300744,-0.0,1.0671330794788509e-08,0.949
2160.1810000017285,1.7016121940907195e-05,0.012269631602013302,-0.04319388450356998,1.031596350567777,-0.0,1.0492200861949166e-08,0.949
2160.179999999702,1.676760854725905e-05,0.012140262143474525,-0.10003153869193326,1.0420121563279234,-0.0,1.0671350268185304e-08,0.95
2160.179999999702,1.656294723976569e-05,0.01195777170268636,-0.06617531973922608,1.0347775094286804,-0.0,1.0313079515777621e-08,0.95
2160.18599999696,1.654830390259898e-05,0.011934519200119087,-0.09163436907422451,1.0242849693028346,-0.0,1.0246434476855811e-08,0.95
2160.180999994278,1.6650648473338925e-05,0.011995613233265924,-0.06455670363580523,1.0226262987836532,-0.0,1.0241405401946706e-08,0.95
2160.179999999702,1.6475234109255362e-05,0.011887631785754627,0.010989568852270537,1.0449494191199191,-0.0,1.0210711151272774e-08,0.95
2160.179999999702,1.6548328574957994e-05,0.011943580820131664,-0.047361693901225355,1.0349595783446845,-0.0,1.0338670283828344e-08,0.95
2160.097999997437,1.665133743951114e-05,0.011995613233265924,-0.06455670363580523,1.0226262987836532,-0.0,1.0241995791851843e-08,0.95
2160.0659999996424,1.6344610929396405e-05,0.011786105408562838,-0.09279304887314677,1.0245552941001668,-0.0,1.01042370176367e-08,0.95
2160.0869999974966,1.647589815604375e-05,0.011907292964019725,0.011663765122625236,1.0526124139507855,-0.0,1.0365245593170292e-08,0.95
2160.179999999702,1.6475235250860896e-05,0.011907292964019725,0.011663765122625236,1.0526124139507855,-0.0,1.0364261051829653e-08,0.951
2160.179999999702,1.641676059159061e-05,0.011823012548880844,-0.15086205170312672,1.007051823847124,-0.0,1.0077644449896931e-08,0.95
2160.1810000017285,1.6475225110983254e-05,0.011907292964019725,0.011663765122625236,1.0526124139507855,-0.0,1.0364250486711902e-08,0.95
2280.1909999996424,1.7824317449472377e-05,0.013418271125595843,-0.3548240469814177,0.9422200934246411,0.8112781244591328,9.84383529425992e-09,0.95
2280.189999997616,1.788071545417213e-05,0.013443448805625466,-0.39338463450784333,0.9275484984960044,0.8812908992306927,9.792423708079277e-09,0.95
2280.189999997616,1.7824327983760076e-05,0.013418271125595843,-0.3548240469814177,0.9422200934246411,0.8112781244591328,9.84383273435247e-09,0.95
2280.1909999996424,1.747973470177691e-05,0.013158947326319155,-0.4434231999727456,0.9217823900440817,0.8112781244591328,9.689590057979363e-09,0.95
2280.1909999996424,1.7479735221488142e-05,0.013158947326319155,-0.4434231999727456,0.9217823900440817,0.8112781244591328,9.68959220869746e-09,0.95
2280.1909999996424,1.7504800597409203e-05,0.013130518889815037,-0.44273864615198333,0.9064649113246982,0.8112781244591328,9.373184956673016e-09,0.951
2280.1909999996424,1.738575975808759e-05,0.013076596209298992,-0.4326427608822363,0.9190740147825895,0.8112781244591328,9.598619788404352e-09,0.951
2280.189999997616,1.7536132640559743e-05,0.013164045930608027,-0.4515407633058488,0.9067845623263397,0.8112781244591328,9.479983694775755e-09,0.951
2280.1900000050664,1.770529147632786e-05,0.013310067420446884,-0.42350543991534906,0.9218402882432708,0.8112781244591328,9.618406485454998e-09,0.951
2280.1909999996424,1.7598772246684853e-05,0.013212733093098998,-0.45328075650773725,0.9093172858451612,0.8112781244591328,9.464160577543053e-09,0.951
2280.189999997616,1.7536132640584276e-05,0.013164045930608027,-0.4515407633058488,0.9067845623263397,0.8112781244591328,9.47998369477749e-09,0.951
2280.1909999996424,1.7504801934545862e-05,0.013130518889815037,-0.44273864615198333,0.9064649113246982,0.8112781244591328,9.37318401028456e-09,0.951
2280.189999997616,1.7460950935780863e-05,0.01311999277920212,-0.41574717155162544,0.9208201353450545,0.8112781244591328,9.456254073511341e-09,0.951
2280.1900000050664,1.750480693024615e-05,0.013130518889815037,-0.44273864615198333,0.9064649113246982,0.8112781244591328,9.373200399083979e-09,0.951
2280.1909999996424,1.7504796272630278e-05,0.013130518889815037,-0.44273864615198333,0.9064649113246982,0.8112781244591328,9.373190816652868e-09,0.951
2280.1909999996424,1.758624199852262e-05,0.013235816639152373,-0.43519499957268337,0.9238456757856381,0.8112781244591328,9.653997343328797e-09,0.951
2280.1909999996424,1.7460939883142905e-05,0.01311999277920212,-0.41574717155162544,0.9208201353450545,0.8112781244591328,9.456246552706656e-09,0.951
2280.1909999996424,1.7504795458855164e-05,0.013130518889815037,-0.44273864615198333,0.9064649113246982,0.8112781244591328,9.373198176190282e-09,0.951
2280.1909999996424,1.749226537764324e-05,0.013153346582364101,-0.4244856845602407,0.9211224835442914,0.8112781244591328,9.563030036303153e-09,0.951
2280.1909999996424,1.7504796064980408e-05,0.013130518889815037,-0.44273864615198333,0.9064649113246982,0.8112781244591328,9.373198679028188e-09,0.951
2280.1909999996424,1.7498534385500525e-05,0.013174436969893025,-0.4241191980815078,0.9265812835957884,0.8112781244591328,9.669804459896382e-09,0.951
2280.1909999996424,1.7504801934568857e-05,0.013130518889815037,-0.44273864615198333,0.9064649113246982,0.8112781244591328,9.373184010279305e-09,0.951
2280.1909999996424,1.7536122843435595e-05,0.013164045930608027,-0.4515407633058488,0.9067845623263397,0.8112781244591328,9.479971526555937e-09,0.951
2280.1909999996424,1.7536128894318026e-05,0.013164045930608027,-0.4515407633058488,0.9067845623263397,0.8112781244591328,9.479966772390806e-09,0.951
2280.1909999996424,1.7504798280042367e-05,0.013130518889815037,-0.44273864615198333,0.9064649113246982,0.8112781244591328,9.37319834741133e-09,0.951
2280.1930000036955,1.750479257351333e-05,0.013130518889815037,-0.44273864615198333,0.9064649113246982,0.8112781244591328,9.373177162866209e-09,0.951
2280.189999997616,1.741709408824283e-05,0.013110461873111712,-0.44149479422415716,0.9191174355722816,0.8112781244591328,9.705417591119846e-09,0.951
2280.189999997616,1.7467214883800726e-05,0.013121296469961784,-0.40571147576201483,0.9195636881577569,0.8112781244591328,9.491843412769532e-09,0.951
2280.1909999996424,1.7498530459668223e-05,0.013148043680775438,-0.4413244847496536,0.9140205652634947,0.8112781244591328,9.503706092577122e-09,0.951
2280.1909999996424,1.7460941353433513e-05,0.01311999277920212,-0.41574717155162544,0.9208201353450545,0.8112781244591328,9.456242173964925e-09,0.951
2280.189999997616,1.7435890367540795e-05,0.013087860988838398,-0.3966931521743664,0.919292403488495,0.8112781244591328,9.385065209704558e-09,0.951
2280.1909999996424,1.739202959295226e-05,0.013077099308171886,-0.3690058698456786,0.93375138353148,0.8112781244591328,9.468101843949456e-09,0.951
2280.1909999996424,1.746720457624115e-05,0.013121296469961784,-0.40571147576201483,0.9195636881577569,0.8112781244591328,9.491846257373362e-09,0.951
2280.1900000050664,1.7435890367527775e-05,0.013087860988838398,-0.3966931521743664,0.919292403488495,0.8112781244591328,9.385065209685888e-09,0.951
2280.1909999996424,1.739829019200387e-05,0.013087860988838415,-0.34917036759118636,0.9366527736183404,0.8112781244591328,9.590709710201843e-09,0.951
2280.1900000050664,1.742336008338891e-05,0.013110361510933574,-0.3779621376296962,0.9340051615798318,0.8112781244591328,9.574902179805504e-09,0.951
2280.1909999996424,1.7460940418539755e-05,0.01311999277920212,-0.41574717155162544,0.9208201353450545,0.8112781244591328,9.45625169396286e-09,0.951
2280.189999997616,1.7385769231006932e-05,0.013058068689309955,-0.3656734144686249,0.926321466596261,0.8112781244591328,9.456254073495304e-09,0.951
2280.189999997616,1.7460950935780863e-05,0.01311999277920212,-0.41574717155162544,0.9208201353450545,0.8112781244591328,9.456254073511341e-09,0.951
2280.1909999996424,1.7341903560072827e-05,0.013046879037976062,-0.3372907758805117,0.9408774116844494,0.8112781244591328,9.539304250743101e-09,0.951
2280.1909999996424,1.7485999762517506e-05,0.013170441386521157,-0.42254793018555104,0.9287687297007937,0.8112781244591328,9.693546674753913e-09,0.951
2280.195999994874,1.7391966502002796e-05,0.013077099308171886,-0.3690058698456786,0.93375138353148,0.8112781244591328,9.468077315957575e-09,0.951
2280.1909999996424,1.7423349458947324e-05,0.013110361510933574,-0.3779621376296962,0.9340051615798318,0.8112781244591328,9.574892396023961e-09,0.951
2280.1909999996424,1.7460939654363866e-05,0.013134426439503816,-0.3985071429775342,0.9277192990853705,0.8112781244591328,9.590714567587736e-09,0.951
2280.1909999996424,1.75047952287673e-05,0.013175335809162907,-0.41406079680259733,0.9255298454395152,0.8112781244591328,9.705411446689335e-09,0.951
2280.1909999996424,1.7448409385935768e-05,0.013118388058872093,-0.41073428422849645,0.9211790795268753,0.8112781244591328,9.574894877799774e-09,0.951
2280.189999997616,1.75611932088358e-05,0.013198385068676108,-0.43601464861586736,0.9146027516428663,0.8112781244591328,9.574902179838665e-09,0.951
2280.189999997616,1.7310584959372423e-05,0.013013656794225635,-0.32802396192131766,0.9406536365994159,0.8112781244591328,9.432527643543369e-09,0.951
2280.1909999996424,1.757997710922358e-05,0.013201275855406026,-0.4616053777735871,0.9050865098865473,0.8112781244591328,9.563035090724543e-09,0.951
2280.1909999996424,1.7348169707835564e-05,0.013052424658801309,-0.46109063857073984,0.9142779000514997,0.8812908992306927,9.638178964266814e-09,0.951
2280.1909999996424,1.738575953120578e-05,0.013076596209298992,-0.4326427608822363,0.9190740147825895,0.8112781244591328,9.59861954700067e-09,0.951
2280.189999997616,1.7291789452878484e-05,0.013026289207841045,-0.42151849379557804,0.9292781158930857,0.8112781244591328,9.689597299388618e-09,0.951
2280.1900000050664,1.7329381766850235e-05,0.013034367527506101,-0.4198300677080442,0.9235901821209904,0.8112781244591328,9.499753269539317e-09,0.951
2280.189999997616,1.7442155509594737e-05,0.013134526617799524,-0.4716186662639652,0.9169363677196867,0.8812908992306927,9.729144718026946e-09,0.951
2280.189999997616,1.747974636198661e-05,0.013158947326319155,-0.4434231999727456,0.9217823900440817,0.8112781244591328,9.68959534925214e-09,0.951
2280.1909999996424,1.738575868450102e-05,0.013108755611583069,-0.4325624518161155,0.9318725773673404,0.8112781244591328,9.780548997513376e-09,0.951
2280.189999997616,1.7410829637665114e-05,0.013080620458485426,-0.43149329354059685,0.9161958122251435,0.8112781244591328,9.464171071127803e-09,0.951
2280.1909999996424,1.7385757640405543e-05,0.013076596209298992,-0.4326427608822363,0.9190740147825895,0.8112781244591328,9.598626559012961e-09,0.951
2280.1909999996424,1.7291784993051845e-05,0.013026289207841045,-0.42151849379557804,0.9292781158930857,0.8112781244591328,9.689572573970207e-09,0.951
2280.1909999996424,1.7410818106407564e-05,0.013080620458485426,-0.43149329354059685,0.9161958122251435,0.8112781244591328,9.464160533696557e-09,0.951
2280.1909999996424,1.741082711071709e-05,0.013080620458485426,-0.43149329354059685,0.9161958122251435,0.8112781244591328,9.464161836819295e-09,0.951
2280.1909999996424,1.729178983674319e-05,0.013026289207841045,-0.42151849379557804,0.9292781158930857,0.8112781244591328,9.689595626277137e-09,0.951
2280.1909999996424,1.7385758043791482e-05,0.013076596209298992,-0.4326427608822363,0.9190740147825895,0.8112781244591328,9.598624428923404e-09,0.951
2280.189999997616,1.7385771074501372e-05,0.013076596209298992,-0.4326427608822363,0.9190740147825895,0.8112781244591328,9.598631789481833e-09,0.951
2280.185000002384,1.7385816015739464e-05,0.013076596209298992,-0.4326427608822363,0.9190740147825895,0.8112781244591328,9.598698025118233e-09,0.951
2280.1900000050664,1.7504806930237795e-05,0.013130518889815037,-0.44273864615198333,0.9064649113246982,0.8112781244591328,9.37320039904508e-09,0.951
2280.1909999996424,1.7504806781715305e-05,0.013130518889815037,-0.44273864615198333,0.9064649113246982,0.8112781244591328,9.373183901803685e-09,0.951
2280.1900000050664,1.7323117810356973e-05,0.013060486812882355,-0.4304700513829225,0.9290625406977577,0.8112781244591328,9.796378644917478e-09,0.951
2280.1909999996424,1.750480559229366e-05,0.013130518889815037,-0.44273864615198333,0.9064649113246982,0.8112781244591328,9.373191289264503e-09,0.951
2280.1900000050664,1.750480693023794e-05,0.013130518889815037,-0.44273864615198333,0.9064649113246982,0.8112781244591328,9.373200399067633e-09,0.951
2280.1909999996424,1.743587954348361e-05,0.013087860988838398,-0.3966931521743664,0.919292403488495,0.8112781244591328,9.38506340458771e-09,0.951
2280.1909999996424,1.7504800764138453e-05,0.013130518889815037,-0.44273864615198333,0.9064649113246982,0.8112781244591328,9.373183393693105e-09,0.951
2280.1909999996424,1.738575867405436e-05,0.013076596209298992,-0.4326427608822363,0.9190740147825895,0.8112781244591328,9.598622023728259e-09,0.951
2280.1900000050664,1.750480693024624e-05,0.013130518889815037,-0.44273864615198333,0.9064649113246982,0.8112781244591328,9.373200399051988e-09,0.951
2280.1909999996424,1.743587872518521e-05,0.013087860988838398,-0.3966931521743664,0.919292403488495,0.8112781244591328,9.385060147207636e-09,0.951
2280.1909999996424,1.7504796064990312e-05,0.013130518889815037,-0.44273864615198333,0.9064649113246982,0.8112781244591328,9.37319867906317e-09,0.951
2280.189999997616,1.7504805759826612e-05,0.013130518889815037,-0.44273864615198333,0.9064649113246982,0.8112781244591328,9.37319978251918e-09,0.951
2280.1909999996424,1.7548660364907822e-05,0.01316804345455514,-0.4530254755015628,0.9045989876853566,0.8112781244591328,9.456239711133579e-09,0.951
2280.189999997616,1.7504806930257758e-05,0.013130518889815037,-0.44273864615198333,0.9064649113246982,0.8112781244591328,9.37320039908928e-09,0.951
2280.1909999996424,1.7467205189504626e-05,0.013121296469961784,-0.40571147576201483,0.9195636881577569,0.8112781244591328,9.49184672114521e-09,0.951
2280.1909999996424,1.7423357601021114e-05,0.013110361510933574,-0.3779621376296962,0.9340051615798318,0.8112781244591328,9.574887948041643e-09,0.951
2280.1909999996424,1.7423348849081043e-05,0.013110361510933574,-0.3779621376296962,0.9340051615798318,0.8112781244591328,9.574894811912977e-09,0.951
2280.189999997616,1.743589036753585e-05,0.013087860988838398,-0.3966931521743664,0.919292403488495,0.8112781244591328,9.385065209691003e-09,0.951
2280.189999997616,1.7479746362001242e-05,0.013157347357035318,-0.4327093516626457,0.9243184800133433,0.8112781244591328,9.626316359211712e-09,0.951
2280.1909999996424,1.7435879117514098e-05,0.013087860988838398,-0.3966931521743664,0.919292403488495,0.8112781244591328,9.385058007272193e-09,0.951
2280.189999997616,1.7504806930257653e-05,0.013130518889815037,-0.44273864615198333,0.9064649113246982,0.8112781244591328,9.373200399067837e-09,0.951
2280.189999997616,1.7417094941348053e-05,0.013110461873111712,-0.44149479422415716,0.9191174355722816,0.8112781244591328,9.705415096756214e-09,0.951
2280.189999997616,1.753613264058436e-05,0.01319040720013082,-0.43454142553830266,0.9193975308060898,0.8112781244591328,9.646091043619714e-09,0.95
2280.189999997616,1.7504805738797863e-05,0.013130518889815037,-0.44273864615198333,0.9064649113246982,0.8112781244591328,9.373197884592452e-09,0.95
2280.189999997616,1.7435889174944782e-05,0.013087860988838398,-0.3966931521743664,0.919292403488495,0.8112781244591328,9.385060179035855e-09,0.951
2280.1909999996424,1.7504803188352782e-05,0.013130518889815037,-0.44273864615198333,0.9064649113246982,0.8112781244591328,9.37318367359339e-09,0.951
2280.1909999996424,1.7435880481335287e-05,0.013087860988838398,-0.3966931521743664,0.919292403488495,0.8112781244591328,9.385063387379151e-09,0.951
2280.1909999996424,1.7492267964207174e-05,0.013153346582364101,-0.4244856845602407,0.9211224835442914,0.8112781244591328,9.563035098318908e-09,0.951
2280.1900000050664,1.7392034373062358e-05,0.013077099308171886,-0.3690058698456786,0.93375138353148,0.8112781244591328,9.468118884120442e-09,0.95
2280.189999997616,1.7536132640574637e-05,0.013164045930608027,-0.4515407633058488,0.9067845623263397,0.8112781244591328,9.479983694775194e-09,0.951
2280.1909999996424,1.753613130039551e-05,0.013164045930608027,-0.4515407633058488,0.9067845623263397,0.8112781244591328,9.479974477012475e-09,0.951
2280.1909999996424,1.7504805592300337e-05,0.013130518889815037,-0.44273864615198333,0.9064649113246982,0.8112781244591328,9.373191289269325e-09,0.95
2280.1909999996424,1.7435881663272166e-05,0.013087860988838398,-0.3966931521743664,0.919292403488495,0.8112781244591328,9.38505089872766e-09,0.95
2280.189999997616,1.7504806930257673e-05,0.013130518889815037,-0.44273864615198333,0.9064649113246982,0.8112781244591328,9.373200399092057e-09,0.95
2280.1909999996424,1.7536120978287612e-05,0.013164045930608027,-0.4515407633058488,0.9067845623263397,0.8112781244591328,9.47997859237066e-09,0.95
2280.1909999996424,1.7655158566406963e-05,0.013238699252371306,-0.4915746164820023,0.8946380318837676,0.8812908992306927,9.412744776651197e-09,0.95
2280.1909999996424,1.750479524940888e-05,0.013130518889815037,-0.44273864615198333,0.9064649113246982,0.8112781244591328,9.37319538253533e-09,0.95
2280.189999997616,1.7536132640559743e-05,0.013164045930608027,-0.4515407633058488,0.9067845623263397,0.8112781244591328,9.479983694775755e-09,0.95
2280.1909999996424,1.7492271971198534e-05,0.013153346582364101,-0.4244856845602407,0.9211224835442914,0.8112781244591328,9.563035242293742e-09,0.95
2280.1909999996424,1.750480437980467e-05,0.013130518889815037,-0.44273864615198333,0.9064649113246982,0.8112781244591328,9.373186188067376e-09,0.95
2280.189999997616,1.7504804548346877e-05,0.013130518889815037,-0.44273864615198333,0.9064649113246982,0.8112781244591328,9.373199976667597e-09,0.95
2280.1909999996424,1.739202060063624e-05,0.013077099308171886,-0.3690058698456786,0.93375138353148,0.8112781244591328,9.468118218474889e-09,0.95
2160.1810000017285,1.6358280905963998e-05,0.01174833570395677,-0.0849642992649855,1.0061534381863444,-0.0,9.688646546136467e-09,0.95
2160.180999994278,1.6314426395053536e-05,0.011715187323943553,-0.046892738759767294,1.0136940464358701,-0.0,9.611875950197166e-09,0.95
2160.179999999702,1.6431379256398326e-05,0.011804944944649195,-0.11913454926176348,1.002069872423834,-0.0,9.775673387194095e-09,0.95
2160.179999999702,1.637290313537115e-05,0.011734639082049556,-0.09154225139397987,0.9956002369348937,-0.0,9.540236866918112e-09,0.95
2160.1810000017285,1.646060488609635e-05,0.011791562053965303,-0.15204574709270968,0.9828713582060818,-0.0,9.570942684470973e-09,0.95
2160.179999999702,1.631442993784341e-05,0.011715187323943553,-0.046892738759767294,1.0136940464358701,-0.0,9.611892471805336e-09,0.95
2160.179999999702,1.6343667267482875e-05,0.0117475890272522,-0.057763385464323136,1.0149214918076432,-0.0,9.744964465529442e-09,0.95
2160.1810000017285,1.631442182645178e-05,0.011737130565778358,-0.0756966860567414,1.0148325032194532,-0.0,9.826851356311275e-09,0.95
2160.179999999702,1.6431379256410266e-05,0.011804944944649195,-0.11913454926176348,1.002069872423834,-0.0,9.77567338717375e-09,0.95
2160.1810000017285,1.634366446709464e-05,0.0117475890272522,-0.057763385464323136,1.0149214918076432,-0.0,9.744961838879808e-09,0.95
2160.1810000017285,1.6285184771208205e-05,0.01171918006033484,-0.028775587873685726,1.0276197513773693,-0.0,9.74494768164866e-09,0.95
2160.180999994278,1.622671567939932e-05,0.011678940911688591,-0.013105228941226787,1.0276679357229819,-0.0,9.79613192946835e-09,0.95
2160.180999994278,1.6255950026141237e-05,0.011723171436860086,-0.009731085846394372,1.0373371941396707,-0.0,1.0000868513859561e-08,0.95
2160.180999994278,1.6475234044301094e-05,0.011841793368212361,-0.1321359211624804,1.0006924944607964,-0.0,9.883145223399614e-09,0.95
2160.179999999702,1.6431379256393545e-05,0.011804944944649195,-0.11913454926176348,1.002069872423834,-0.0,9.775673387180634e-09,0.95
2160.1810000017285,1.6270563909931166e-05,0.01167543530125043,-0.026121500462919833,1.0107389848739023,-0.0,9.586299282092413e-09,0.95
2160.179999999702,1.640214192677446e-05,0.011789082073696455,-0.07356535323262037,1.010366781324621,-0.0,9.816618616037055e-09,0.95
2160.1810000017285,1.6387520859030085e-05,0.011784368673341799,-0.07126805320718921,1.0134607112153233,-0.0,9.852438693413039e-09,0.95
2160.1810000017285,1.6445987631297165e-05,0.011845496590421353,-0.11405159633560835,1.0145681312407588,-0.0,1.0016222617836464e-08,0.95
2160.179999999702,1.6548328574948382e-05,0.01187901978747031,-0.10308250028273003,0.9972353778692901,-0.0,9.888272766478375e-09,0.95
2160.1810000017285,1.6387520424376917e-05,0.011817570425439999,-0.08485187824745388,1.0234879439936035,-0.0,1.0139059431506138e-08,0.95
2160.1810000017285,1.6387517982555486e-05,0.011784368673341799,-0.07126805320718921,1.0134607112153233,-0.0,9.852442349391116e-09,0.95
2160.179999999702,1.631442993784938e-05,0.011751321936338138,-0.03934373485782405,1.0288858353188577,-0.0,9.878036459309792e-09,0.95
2160.179999999702,1.6226717948952768e-05,0.01166942323324044,0.004152509371201152,1.0272354781958966,-0.0,9.693782929469367e-09,0.95
2160.1810000017285,1.6285182559781993e-05,0.011699202751864753,-0.059255526800304104,1.009403717037644,-0.0,9.72448917838085e-09,0.95
2160.179999999702,1.622671794893403e-05,0.011678940911688591,-0.013105228941226787,1.0276679357229819,-0.0,9.796146001589033e-09,0.95
2160.179999999702,1.6416760591607274e-05,0.011807916860513338,-0.09788075687335374,1.0093745908227374,-0.0,9.913863534528522e-09,0.95
2160.1810000017285,1.6372893512229942e-05,0.011797264030125418,-0.0635265584551501,1.0242240087389836,-0.0,1.0000869395228537e-08,0.95
2160.1810000017285,1.6314425007667335e-05,0.011785113019775804,-0.028284988235387942,1.040838554489553,-0.0,1.0256760813766456e-08,0.95
2160.1810000017285,1.6387516808041977e-05,0.011784368673341799,-0.07126805320718921,1.0134607112153233,-0.0,9.852427413874822e-09,0.95
2160.1810000017285,1.6314422022626504e-05,0.011712191878401381,-0.038558316146868776,1.0088592912300405,-0.0,9.673293333693028e-09,0.95
2160.1810000017285,1.6445986438829884e-05,0.011845496590421353,-0.11405159633560835,1.0145681312407588,-0.0,1.0016219587912864e-08,0.95
2160.179999999702,1.6387523261946374e-05,0.011801972280411547,-0.06588000736274102,1.0211379321027232,-0.0,9.965045070627266e-09,0.95
2160.179999999702,1.631442993785535e-05,0.011715187323943553,-0.046892738759767294,1.0136940464358701,-0.0,9.61189247176936e-09,0.95
2160.1810000017285,1.638751503086325e-05,0.011784368673341799,-0.07126805320718921,1.0134607112153233,-0.0,9.852430709645938e-09,0.95
2160.1810000017285,1.6329036988637677e-05,0.011760773336549093,-0.05034761046796277,1.025599672818556,-0.0,9.893386011326649e-09,0.95
2160.1810000017285,1.6445994305324368e-05,0.011804201848771881,-0.11587229271938071,0.9954533808380248,-0.0,9.780774437040656e-09,0.95
2160.1810000017285,1.643136767656605e-05,0.011804944944649195,-0.11913454926176348,1.002069872423834,-0.0,9.775670129299558e-09,0.95
2160.179999999702,1.6358285932301248e-05,0.011787841887905897,-0.052613247031123134,1.0274600991706324,-0.0,9.98551768502306e-09,0.95
2160.179999999702,1.619748061931238e-05,0.011646850338482836,-0.0021907416254851597,1.0263532416087475,-0.0,9.663074007844601e-09,0.95
2160.1810000017285,1.6431374217233324e-05,0.01181732299664426,-0.10859675214310371,1.0061701755849903,-0.0,9.929199289791069e-09,0.95
2160.180999994278,1.6372895724112075e-05,0.011760773336549093,-0.09646862137082124,1.0026975475956097,-0.0,9.785906744230291e-09,0.95
2160.180999994278,1.641675052050832e-05,0.011828699364468223,-0.06789492454559776,1.02322008927123,-0.0,1.0057172073190723e-08,0.95
2160.179999999702,1.6372904597124565e-05,0.011797264030125418,-0.0635265584551501,1.0242240087389836,-0.0,1.0000872145821697e-08,0.95
2160.1810000017285,1.641675042262774e-05,0.011793793590336478,-0.07501606218908918,1.0070526762412735,-0.0,9.770543071676846e-09,0.95
2160.179999999702,1.6299811273046264e-05,0.011764253517274838,-0.031416822716061166,1.0396142580232708,-0.0,1.0026462913876592e-08,0.95
2160.1810000017285,1.643137805493841e-05,0.011804944944649195,-0.11913454926176348,1.002069872423834,-0.0,9.775664126228383e-09,0.95
2160.179999999702,1.6343667267502912e-05,0.01173887428975382,-0.07408702437574188,1.009448862927604,-0.0,9.673310315072238e-09,0.95
2160.1810000017285,1.637289315320138e-05,0.011797264030125418,-0.0635265584551501,1.0242240087389836,-0.0,1.0000865135704142e-08,0.95
2160.180999994278,1.653370336435463e-05,0.011861284014790802,-0.1755055460790027,0.9828531427024659,-0.0,9.811482010459579e-09,0.95
2160.1810000017285,1.6489842851286e-05,0.011824249045798882,-0.162570980353979,0.9841781852131506,-0.0,9.704016762004217e-09,0.95
2160.1810000017285,1.643136761331548e-05,0.011804944944649195,-0.11913454926176348,1.002069872423834,-0.0,9.775668607509483e-09,0.95
2160.179999999702,1.640214192677446e-05,0.011772452729777836,-0.10864361152504465,1.0007952750657303,-0.0,9.642601393434721e-09,0.95
2160.179999999702,1.6387523261936975e-05,0.011784368673341799,-0.07126805320718921,1.0134607112153233,-0.0,9.852445691270476e-09,0.95
2160.1810000017285,1.640213700940753e-05,0.01180890733292715,-0.10128192708839556,1.0159107254189714,-0.0,9.908727183058829e-09,0.95
2160.1810000017285,1.6504466124031297e-05,0.011845496590421369,-0.1311412798151319,0.9912573436021358,-0.0,9.852428393405715e-09,0.95
2160.179999999702,1.646061658604004e-05,0.011854872909310586,-0.1246508866042193,1.0113741697727006,-0.0,1.0031581067487835e-08,0.95
2160.1810000017285,1.6299808484167493e-05,0.011685948977672802,-0.0663066682991249,0.99864182239436,-0.0,9.57606291255522e-09,0.95
2160.179999999702,1.6533709910144324e-05,0.0118723719775902,-0.13029913439685936,0.9930270773943272,-0.0,9.893390920106923e-09,0.95
2160.180999994278,1.6431372815341877e-05,0.011804944944649195,-0.11913454926176348,1.002069872423834,-0.0,9.775655334342963e-09,0.95
2160.180999994278,1.6387509242894084e-05,0.011784368673341799,-0.07126805320718921,1.0134607112153233,-0.0,9.852445222737545e-09,0.95
2160.179999999702,1.644599672874855e-05,0.01184278100736072,-0.08026005347682164,1.016776649488539,-0.0,1.0026460442195525e-08,0.95
2160.1810000017285,1.6431370138447164e-05,0.011823012548880843,-0.1149091682928427,1.0098112309181988,-0.0,9.898494234447181e-09,0.95
2160.182999998331,1.644599190754198e-05,0.011804201848771881,-0.11587229271938071,0.9954533808380248,-0.0,9.780755952599586e-09,0.949
2160.180999994278,1.6299802438464977e-05,0.011764253517274838,-0.031416822716061166,1.0396142580232708,-0.0,1.0026459353229804e-08,0.949
2160.180999994278,1.635827440248918e-05,0.011727660111714819,-0.08251865787960888,0.9940869442671199,-0.0,9.647714813620801e-09,0.949
2160.1810000017285,1.6343657191288754e-05,0.0117475890272522,-0.057763385464323136,1.0149214918076432,-0.0,9.744961775717228e-09,0.95
2160.1810000017285,1.6431367799662328e-05,0.01183808898755171,-0.07870374250817846,1.0200426515864858,-0.0,1.0072519203302205e-08,0.949
2160.179999999702,1.631442993785303e-05,0.011763756411634874,-0.024516430098139086,1.0329275561418267,-0.0,1.0062289989091856e-08,0.95
2160.179999999702,1.6343667267498314e-05,0.011803458706112392,-0.07552543989830296,1.0319922497230398,-0.0,1.0215834597254004e-08,0.95
2160.180999994278,1.6416756989804584e-05,0.01181336343111291,-0.04046023075757388,1.0218644437164883,-0.0,9.934318842332692e-09,0.949
2160.1810000017285,1.6387520437169035e-05,0.011801972280411547,-0.06588000736274102,1.0211379321027232,-0.0,9.965042324365729e-09,0.95
2160.180999994278,1.62559463568153e-05,0.011744850806537997,-0.013055655473701577,1.044870709229867,-0.0,1.0185110703568145e-08,0.95
2160.1810000017285,1.619747255233652e-05,0.011682195179439797,0.006237031088691225,1.0418466842960756,-0.0,9.929214171359456e-09,0.949
2160.180999994278,1.6270570386499448e-05,0.01171543690983414,-0.026794466050305665,1.0262599148310387,-0.0,9.903610030777283e-09,0.95
2160.1810000017285,1.6255948965723855e-05,0.011744850806537997,-0.013055655473701577,1.044870709229867,-0.0,1.0185107128619277e-08,0.949
2160.1810000017285,1.638751312419511e-05,0.01183166531362206,-0.013926282314099758,1.0432869510118934,-0.0,1.0190231392136862e-08,0.949
2160.1810000017285,1.6226706953795035e-05,0.011708945947636721,0.004299231337693055,1.0428204679595379,-0.0,1.0011105558399161e-08,0.949
2160.179999999702,1.6329048602697573e-05,0.011756297304669927,-0.04032966978538299,1.0213164078198047,-0.0,9.944572456163914e-09,0.949
2160.179999999702,1.632904860268204e-05,0.01178982612255159,-0.030037924802003513,1.0375448049954241,-0.0,1.0210716443688232e-08,0.949
2160.180999994278,1.6402131808682224e-05,0.011841052584791168,-0.05937716277931493,1.0341224271686233,-0.0,1.0205585843493379e-08,0.949
2160.179999999702,1.6241336613754878e-05,0.011718431525886927,-0.007214568016363998,1.0404729323503794,-0.0,1.0036699221064466e-08,0.949
2160.1810000017285,1.6445987676191947e-05,0.01186251652245904,-0.0450023837329101,1.033654765843771,-0.0,1.0067395739394836e-08,0.949
2160.180999994278,1.6299799735103035e-05,0.011759032859940902,-0.022810585207791334,1.0362469893233361,-0.0,1.0108348192479585e-08,0.949
2160.179999999702,1.6489853915673408e-05,0.011857832311788823,-0.057295711657717074,1.0152011154727116,-0.0,9.959926916975622e-09,0.949
2160.179999999702,1.660680323424156e-05,0.011965105210154163,-0.09725843907591036,1.018416414903267,-0.0,1.0205598290054463e-08,0.949
2160.179999999702,1.6343667267492345e-05,0.011822270588653656,-0.012941087392349893,1.0504634296815931,-0.0,1.0389851819853597e-08,0.949
2160.1810000017285,1.6314418431118252e-05,0.011785113019775804,-0.028284988235387942,1.040838554489553,-0.0,1.0256776020325945e-08,0.949
2160.179999999702,1.6445997921247853e-05,0.011864488268414491,-0.08428535845288465,1.0245430633033916,-0.0,1.022095275087126e-08,0.949
2160.180999994278,1.6270562340485902e-05,0.01177791570039514,0.003788162098885106,1.057465101511665,-0.0,1.0364255733593186e-08,0.949
2160.180999994278,1.6314418577299927e-05,0.011751570754783306,-0.03711555721464688,1.024180323823549,-0.0,9.9701562381273e-09,0.949
2160.1810000017285,1.6460605843943615e-05,0.01186153052656986,-0.1049407764683834,1.016063075570497,-0.0,1.0133940681388167e-08,0.949
2160.179999999702,1.646061658604004e-05,0.011852159474565232,-0.09270403015096429,1.0136229149498952,-0.0,1.0072526296333068e-08,0.949
2160.180999994278,1.6255951655841837e-05,0.011752068375869479,0.00896647747655166,1.0528566297279365,-0.0,1.0215818768606511e-08,0.949
2160.179999999702,1.6343667267488845e-05,0.011822270588653656,-0.012941087392349893,1.0504634296815931,-0.0,1.0389851819868221e-08,0.949
2160.179999999702,1.6416760591581128e-05,0.01181336343111291,-0.04046023075757388,1.0218644437164883,-0.0,9.934336148946764e-09,0.949
2160.179999999702,1.646061658605668e-05,0.011848458334833306,-0.05012322615497666,1.0205006568251602,-0.0,1.000087214584129e-08,0.949
2160.180999994278,1.6329039736058965e-05,0.011792057987431506,0.0010771377347507105,1.0468847652771747,-0.0,1.0118585990752076e-08,0.949
2160.1810000017285,1.637289819665788e-05,0.011803954139750527,-0.03979991300574781,1.0290669278884208,-0.0,1.0133925491560216e-08,0.949
2160.1810000017285,1.6387517905638844e-05,0.011829688096811194,-0.04495599921780791,1.0338702904644863,-0.0,1.0282366938055721e-08,0.949
2160.1810000017285,1.6387518410411787e-05,0.011796768315520092,-0.05578767722965461,1.0173886686016376,-0.0,1.0016223864970723e-08,0.949
2160.179999999702,1.6387523261945408e-05,0.01183166531362206,-0.013926282314099758,1.0432869510118934,-0.0,1.0190243829238643e-08,0.949
2160.1810000017285,1.650446968648841e-05,0.011883203537589917,-0.062261531688111216,1.0202597286657131,-0.0,1.0108350833612499e-08,0.949
2160.1810000017285,1.6285190322415936e-05,0.011720178031899328,-0.029236694076681502,1.0231271580585997,-0.0,9.867785915321442e-09,0.949
2160.1810000017285,1.6299806278729658e-05,0.011724917236830557,-0.030822314673216056,1.0197703639628364,-0.0,9.82171835784632e-09,0.949
2160.1810000017285,1.6212087999621038e-05,0.011669423233240423,-0.0018111298514460472,1.030986548754464,-0.0,9.780786144093317e-09,0.949
2160.179999999702,1.641676059160492e-05,0.011828699364468223,-0.06789492454559776,1.02322008927123,-0.0,1.0057171835490888e-08,0.949
2160.1810000017285,1.6504464864023404e-05,0.01187384959032105,-0.13535748840402828,1.0007110039007583,-0.0,1.0067392908167338e-08,0.949
2160.180999994278,1.6358274449934125e-05,0.011805192632880475,-0.04678787581522137,1.035184553202529,-0.0,1.0098109965965913e-08,0.949
2160.1810000017285,1.61974728758974e-05,0.011682195179439797,0.006237031088691225,1.0418466842960756,-0.0,9.929201053033494e-09,0.949
2160.179999999702,1.6431379256398326e-05,0.011804944944649195,-0.11913454926176348,1.002069872423834,-0.0,9.775673387194095e-09,0.949
2160.1800000071526,1.6445997921221548e-05,0.011804201848771881,-0.11587229271938071,0.9954533808380248,-0.0,9.780791540746113e-09,0.949
2160.1810000017285,1.6285183838174126e-05,0.011742111947280016,-0.033003630771370585,1.0306177890964188,-0.0,1.0052039149910934e-08,0.949
2160.179999999702,1.6372904597118595e-05,0.011734639082049556,-0.09154225139397987,0.9956002369348937,-0.0,9.540238321296549e-09,0.949
2160.180999994278,1.6372896775526036e-05,0.011795776823812549,-0.08640760698111238,1.0179891803483827,-0.0,1.0031563862661921e-08,0.949
2160.179999999702,1.6475235250878826e-05,0.011841793368212361,-0.1321359211624804,1.0006924944607964,-0.0,9.88315461291375e-09,0.949
2160.179999999702,1.6431379256410266e-05,0.011804944944649195,-0.11913454926176348,1.002069872423834,-0.0,9.77567338717375e-09,0.949
2160.18599999696,1.6562886951067515e-05,0.01197609705141014,-0.09501798667205774,1.0363130131368137,-0.0,1.0374419390127138e-08,0.949
2160.173999994993,1.637296995268967e-05,0.011762762137330462,-0.16654891404045014,0.9918762599063474,-0.0,9.847383881849304e-09,0.949
2160.179999999702,1.6416760591598946e-05,0.011803210981494993,-0.15146826402920466,0.9991702808661082,-0.0,9.924099841738922e-09,0.949
2160.1810000017285,1.634365949845579e-05,0.011786105408562838,-0.09279304887314677,1.0245552941001668,-0.0,1.0103218008501072e-08,0.949
2160.180999994278,1.6416755603707414e-05,0.011823012548880844,-0.15086205170312672,1.007051823847124,-0.0,1.0077625575578825e-08,0.949
2160.1830000057817,1.622670676786263e-05,0.01168244547018058,-0.1193885333826068,1.011295987415823,-0.0,9.929196113275688e-09,0.949
2160.1810000017285,1.6343664383736753e-05,0.011786105408562838,-0.09279304887314677,1.0245552941001668,-0.0,1.0103232712503906e-08,0.949
2160.1810000017285,1.634366076187522e-05,0.011786105408562838,-0.09279304887314677,1.0245552941001668,-0.0,1.010323185206246e-08,0.949
2160.1810000017285,1.632904080541261e-05,0.011734888254226424,-0.13618632237320716,0.9986781670622852,-0.0,9.83195612840794e-09,0.949
2160.180999994278,1.6358283520445648e-05,0.011739621520743006,-0.13520376582440052,0.9948166253254068,-0.0,9.6681776087193e-09,0.949
2160.179999999702,1.6358285932321414e-05,0.011739621520743006,-0.13520376582440052,0.9948166253254068,-0.0,9.668192161478865e-09,0.949
2160.1810000017285,1.632904620532068e-05,0.011734888254226424,-0.13618632237320716,0.9986781670622852,-0.0,9.831958286033884e-09,0.949
2160.179999999702,1.6577564630063645e-05,0.011894762717976286,-0.12564166632018114,0.9963826533746165,-0.0,9.744966605560803e-09,0.949
2160.179999999702,1.653370865483375e-05,0.011829193740969975,-0.20879960131606978,0.9658616283125244,-0.0,9.545353887942765e-09,0.949
2160.1810000017285,1.6329038533727782e-05,0.011734888254226424,-0.13618632237320716,0.9986781670622852,-0.0,9.831960948767688e-09,0.949
2160.1810000017285,1.629980886456839e-05,0.011719928546974972,-0.17763947438769323,0.9938362582670963,-0.0,9.903612211313509e-09,0.948
2160.179999999702,1.6445997921222716e-05,0.011838335982324925,-0.10963764992632363,1.0120393452161598,-0.0,1.0005990299429832e-08,0.948
2160.1810000017285,1.622671558963265e-05,0.01168244547018058,-0.1193885333826068,1.011295987415823,-0.0,9.929203149962663e-09,0.948
2160.1810000017285,1.6460605593475135e-05,0.011791562053965303,-0.15204574709270968,0.9828713582060818,-0.0,9.570944766207534e-09,0.948
2160.179999999702,1.6358285932310613e-05,0.011739621520743006,-0.13520376582440052,0.9948166253254068,-0.0,9.66819216146015e-09,0.948
2160.1810000017285,1.6299801190419527e-05,0.011719928546974972,-0.17763947438769323,0.9938362582670963,-0.0,9.903624480345527e-09,0.948
2160.1810000017285,1.622671031964446e-05,0.01168244547018058,-0.1193885333826068,1.011295987415823,-0.0,9.929214338733412e-09,0.948
2160.1800000071526,1.6402145104136917e-05,0.011772452729777838,-0.1937289205445505,0.9814268313191408,-0.0,9.806381775549699e-09,0.948
2160.1800000071526,1.6329048602666785e-05,0.011734888254226424,-0.13618632237320716,0.9986781670622852,-0.0,9.831973076808625e-09,0.948
2160.1810000017285,1.6329039774513682e-05,0.011734888254226424,-0.13618632237320716,0.9986781670622852,-0.0,9.831969991108868e-09,0.948
2160.179999999702,1.6460616586057953e-05,0.011791562053965303,-0.15204574709270968,0.9828713582060818,-0.0,9.57094724293839e-09,0.948
2160.1810000017285,1.648984601200668e-05,0.011824249045798882,-0.162570980353979,0.9841781852131506,-0.0,9.704002374918505e-09,0.948
2160.1810000017285,1.6460606497872013e-05,0.011791562053965303,-0.15204574709270968,0.9828713582060818,-0.0,9.570941612830866e-09,0.948
2160.1810000017285,1.646061377410335e-05,0.011791562053965303,-0.15204574709270968,0.9828713582060818,-0.0,9.57094481878602e-09,0.948
2160.179999999702,1.6270573943409395e-05,0.011715936065664444,-0.09227224886942409,1.0167564359796948,-0.0,9.903627227308057e-09,0.948
2160.1810000017285,1.646060639913636e-05,0.011791562053965303,-0.15204574709270968,0.9828713582060818,-0.0,9.570935351782333e-09,0.948
2160.1810000017285,1.6577556980265807e-05,0.011894762717976286,-0.12564166632018114,0.9963826533746165,-0.0,9.744961529572014e-09,0.948
2160.1810000017285,1.6460605593463294e-05,0.011791562053965303,-0.15204574709270968,0.9828713582060818,-0.0,9.570944766201212e-09,0.948
2160.1810000017285,1.646061377409131e-05,0.011791562053965303,-0.15204574709270968,0.9828713582060818,-0.0,9.570944818818348e-09,0.948
2160.179999999702,1.6577565904600823e-05,0.011894762717976286,-0.12564166632018114,0.9963826533746165,-0.0,9.744964465531717e-09,0.948
2160.1810000017285,1.6533701385853276e-05,0.011829193740969975,-0.20879960131606978,0.9658616283125244,-0.0,9.545353814736185e-09,0.948
2160.179999999702,1.646061535809154e-05,0.011791562053965303,-0.15204574709270968,0.9828713582060818,-0.0,9.570941887458069e-09,0.948
2160.1810000017285,1.6358276295059905e-05,0.011739621520743006,-0.13520376582440052,0.9948166253254068,-0.0,9.668180084350842e-09,0.948
2160.179999999702,1.6460616586051983e-05,0.011791562053965303,-0.15204574709270968,0.9828713582060818,-0.0,9.570947242953256e-09,0.948
2160.1810000017285,1.646060596444982e-05,0.011791562053965303,-0.15204574709270968,0.9828713582060818,-0.0,9.570940840760504e-09,0.948
2160.1810000017285,1.6489851464045227e-05,0.011824249045798882,-0.162570980353979,0.9841781852131506,-0.0,9.704004519694125e-09,0.948
2160.1810000017285,1.646060559347866e-05,0.011791562053965303,-0.15204574709270968,0.9828713582060818,-0.0,9.570944766239144e-09,0.948
2160.1810000017285,1.6358284730854517e-05,0.011739621520743006,-0.13520376582440052,0.9948166253254068,-0.0,9.66818298023459e-09,0.948
2160.1810000017285,1.6329041974384355e-05,0.011734888254226424,-0.13618632237320716,0.9986781670622852,-0.0,9.831956780997315e-09,0.948
2160.179999999702,1.622671794894802e-05,0.01168244547018058,-0.1193885333826068,1.011295987415823,-0.0,9.929217995371242e-09,0.948
2160.1810000017285,1.637289933784024e-05,0.011752317178511081,-0.11274225818636374,0.997099396841821,-0.0,9.714252345846248e-09,0.948
2160.1810000017285,1.6343659440758072e-05,0.011764253517274803,-0.07799513207216568,1.016732451971092,-0.0,9.918964629519983e-09,0.948
2160.180999994278,1.651908011555141e-05,0.011839570878899716,-0.13941312195711664,0.9841248563613318,-0.0,9.673308014897158e-09,0.948
2160.1810000017285,1.650446347536252e-05,0.01187187939914465,-0.101569426296789,1.0093678351467572,-0.0,9.965030217721972e-09,0.948
2160.179999999702,1.6606803234231772e-05,0.01193035344544883,-0.131541624980962,0.9967040689060506,-0.0,9.99063583859586e-09,0.948
2160.1810000017285,1.6416750435467385e-05,0.01181336343111286,-0.040460230757333626,1.0218644437166369,-0.0,9.934323923744036e-09,0.948
2160.1650000065565,1.654838104069065e-05,0.011923734255529629,-0.047847051358757664,1.0273176676530371,-0.0,1.0185398443768672e-08,0.948
2160.1810000017285,1.6621413915889227e-05,0.01194088754329577,-0.14480028758408947,0.9964464080253619,-0.0,9.913846358472042e-09,0.948
2160.16400000453,1.643150179731573e-05,0.01179602470455231,-0.13513544645388276,0.9965994952540245,-0.0,9.704061948393534e-09,0.948
2160.1810000017285,1.6343664454273862e-05,0.011764253517274803,-0.07799513207216568,1.016732451971092,-0.0,9.918978946028466e-09,0.948
2160.179999999702,1.6255955278577893e-05,0.01170594890498336,-0.015595566573702868,1.0295274826252814,-0.0,9.888272766520234e-09,0.948
2160.1810000017285,1.651908598388687e-05,0.011859804836515346,-0.1099961855140199,0.99831100013325,-0.0,9.816615137599329e-09,0.948
2160.1810000017285,1.6416751739056786e-05,0.01181336343111286,-0.040460230757333626,1.0218644437166369,-0.0,9.934323059558806e-09,0.948
2160.179999999702,1.6387523261936975e-05,0.01183166531362202,-0.013926282314256966,1.043286951011786,-0.0,1.0190243829253089e-08,0.948
2160.180999994278,1.646060500877312e-05,0.011875573239472756,-0.030489178043431764,1.0367917996655054,-0.0,1.0215830795719712e-08,0.948
2160.1750000044703,1.6372920900617283e-05,0.011776674338688798,-0.09108840426991449,1.014597995685452,-0.0,9.775764997173505e-09,0.948
2160.1810000017285,1.65775635055424e-05,0.011894762717976301,-0.12564166632031482,0.996382653374518,-0.0,9.744950036382948e-09,0.948
2160.179999999702,1.6679896558329013e-05,0.01197365529204141,-0.15374758459280535,0.9904449805146347,-0.0,9.924099841765648e-09,0.948
2160.179999999702,1.6592186424364728e-05,0.011888615616906305,-0.16412901361318122,0.980455514941712,-0.0,9.63748320503514e-09,0.948
2160.180999994278,1.6504462388476286e-05,0.01182894655530179,-0.16535825014775307,0.9813357782075035,-0.0,9.678416451774463e-09,0.948
2160.179999999702,1.6475235250860896e-05,0.01183314800942101,-0.14821581676683682,0.995099460059986,-0.0,9.81150046241297e-09,0.948
2160.179999999702,1.64313792563959e-05,0.01179602470455231,-0.13513544645388276,0.9965994952540245,-0.0,9.704019236683799e-09,0.948
2160.179999999702,1.650447258050863e-05,0.011865227588672415,-0.15806740451732404,0.9966531063428368,-0.0,9.94457245618266e-09,0.948
2160.1810000017285,1.6533708681758675e-05,0.011861284014790769,-0.1755055460787891,0.982853142702605,-0.0,9.811491049527441e-09,0.948
2160.1840000003576,1.646060678632513e-05,0.011791562053965272,-0.1520457470924952,0.9828713582062221,-0.0,9.570889250045729e-09,0.948
2160.1840000003576,1.6577544665686e-05,0.011894762717976301,-0.12564166632031482,0.996382653374518,-0.0,9.74495180286032e-09,0.948
2160.1860000044107,1.6431343289786716e-05,0.01179602470455231,-0.13513544645388276,0.9965994952540245,-0.0,9.703919490599343e-09,0.948
2160.179999999702,1.646061535210025e-05,0.011791562053965272,-0.1520457470924952,0.9828713582062221,-0.0,9.570944722803774e-09,0.947
2160.179999999702,1.640214192677446e-05,0.01174833570395674,-0.13025167017614026,0.9831784984235036,-0.0,9.58118355016741e-09,0.947
2160.1800000071526,1.647523389938046e-05,0.01183314800942101,-0.14821581676683682,0.995099460059986,-0.0,9.811499481874719e-09,0.947
2160.179999999702,1.6475235250871674e-05,0.01183314800942101,-0.14821581676683682,0.995099460059986,-0.0,9.811500462407756e-09,0.947
2160.179999999702,1.6475235250866883e-05,0.01183314800942101,-0.14821581676683682,0.995099460059986,-0.0,9.811500462429883e-09,0.947
2160.170000001788,1.6621432032356256e-05,0.0118846798036416,-0.18119093940146858,0.9666643377098747,-0.0,9.504501856511527e-09,0.947
2160.1759999990463,1.6621425226396018e-05,0.01192030063595129,-0.17381643390461043,0.9823441954080239,-0.0,9.770557474480446e-09,0.947
2160.1810000017285,1.646060577854031e-05,0.011819302281977036,-0.09492447308917873,1.0020421015343655,-0.0,9.744958389960536e-09,0.947
2160.179999999702,1.6343667267501787e-05,0.011764253517274803,-0.07799513207216568,1.016732451971092,-0.0,9.918981688125159e-09,0.947
2160.179999999702,1.6416760591592976e-05,0.011813610942839236,-0.1042413168295373,1.0130446580798738,-0.0,9.88315461292447e-09,0.947
2160.179999999702,1.6592184569409838e-05,0.011888615616906305,-0.16412901361318122,0.980455514941712,-0.0,9.637483239839378e-09,0.947
2160.1810000017285,1.6519090040007076e-05,0.011839570878899716,-0.13941312195711664,0.9841248563613318,-0.0,9.67330119515146e-09,0.947
2160.1810000017285,1.6562936996881328e-05,0.011900415246575828,-0.13027777574946153,1.0001126591403908,-0.0,9.842206807300909e-09,0.947
2160.1810000017285,1.667989124261509e-05,0.011960950107971303,-0.18818495247207156,0.9787481331253253,-0.0,9.842206015689602e-09,0.947
2160.179999999702,1.651909124533314e-05,0.011839570878899716,-0.13941312195711664,0.9841248563613318,-0.0,9.673310315051843e-09,0.947
2160.180999994278,1.6679886223979924e-05,0.011960950107971303,-0.18818495247207156,0.9787481331253253,-0.0,9.8421971539048e-09,0.947
2160.179999999702,1.662142189903471e-05,0.01192030063595129,-0.17381643390461043,0.9823441954080239,-0.0,9.770555233574643e-09,0.947
2160.1810000017285,1.662141872167744e-05,0.01194088754329577,-0.14480028758408947,0.9964464080253619,-0.0,9.91386520238459e-09,0.947
2160.179999999702,1.6592184569415957e-05,0.011888615616906305,-0.16412901361318122,0.980455514941712,-0.0,9.637483239831325e-09,0.947
2160.1810000017285,1.6548320675122522e-05,0.011912939547188575,-0.12224886927364675,1.0109564598013077,-0.0,9.990618744885016e-09,0.947
2160.1810000017285,1.6679891242608774e-05,0.011960950107971303,-0.18818495247207156,0.9787481331253253,-0.0,9.842206015652657e-09,0.947
2160.179999999702,1.6636040563877325e-05,0.011947007748890336,-0.1795994085839867,0.9869047856165891,-0.0,9.918981688124011e-09,0.947
2160.1810000017285,1.665065634750522e-05,0.011916620659952852,-0.19117637644179464,0.9685189537922005,-0.0,9.637481069014408e-09,0.947
2160.179999999702,1.6562946010537313e-05,0.011906310676197199,-0.17257069916739365,0.9926070508963133,-0.0,1.0016224005429407e-08,0.947
2160.1810000017285,1.6679891608467742e-05,0.011960950107971303,-0.18818495247207156,0.9787481331253253,-0.0,9.842207173809906e-09,0.947
2160.179999999702,1.6577565904599725e-05,0.01188025045515421,-0.15432009155338555,0.9804662693420574,-0.0,9.744964465550079e-09,0.947
2160.1810000017285,1.6577555631357802e-05,0.01188025045515421,-0.15432009155338555,0.9804662693420574,-0.0,9.744952324541758e-09,0.947
2160.1810000017285,1.6636033979173196e-05,0.011929618161269159,-0.18410103170365044,0.9792704449781603,-0.0,9.785906748748535e-09,0.947
2160.1810000017285,1.6445987605661218e-05,0.01183166531362201,-0.08676758410218,1.0130155959073428,-0.0,9.893380794061727e-09,0.947
2160.1810000017285,1.644599509389568e-05,0.011771210791960657,-0.11593711559709297,0.9833376579508458,-0.0,9.432754932578917e-09,0.947
2160.176000006497,1.6533730627053557e-05,0.01186892349917374,-0.120640019272785,0.9982523389472701,-0.0,9.709153769143857e-09,0.947
2160.179999999702,1.650447258049425e-05,0.011865227588672415,-0.15806740451732404,0.9966531063428368,-0.0,9.944572456159328e-09,0.947
2160.1810000017285,1.656293824491879e-05,0.011892550127622354,-0.14636633863624793,0.9914745906136986,-0.0,9.893388008325792e-09,0.947
2160.179999999702,1.6533709910144324e-05,0.011874588327736468,-0.16306226144806324,0.9908199705838504,-0.0,9.883154612918706e-09,0.947
2160.1810000017285,1.6650656341091368e-05,0.011929618161269157,-0.1788442071722529,0.9766372377326225,-0.0,9.70913517909855e-09,0.947
2160.1810000017285,1.6343655782531345e-05,0.011764253517274803,-0.07799513207216568,1.016732451971092,-0.0,9.918978191010516e-09,0.947
2160.1810000017285,1.6650656735591407e-05,0.011929618161269157,-0.1788442071722529,0.9766372377326225,-0.0,9.709122584431571e-09,0.947
2160.179999999702,1.640214192676976e-05,0.011805192632880424,-0.09322821072557641,1.0125399773514903,-0.0,9.990635838596523e-09,0.947
2160.1810000017285,1.6592173433217484e-05,0.011888615616906305,-0.16412901361318122,0.980455514941712,-0.0,9.637480898335502e-09,0.947
2160.1719999983907,1.6504553287802923e-05,0.011865227588672415,-0.15806740451732404,0.9966531063428368,-0.0,9.944587824332838e-09,0.947
2160.1810000017285,1.6650648182251154e-05,0.011916620659952852,-0.19117637644179464,0.9685189537922005,-0.0,9.637474020973491e-09,0.947
2160.1810000017285,1.6504461422528533e-05,0.011865227588672415,-0.15806740451732404,0.9966531063428368,-0.0,9.944569894954692e-09,0.947
2160.1800000071526,1.6562947239764367e-05,0.011906310676197199,-0.17257069916739365,0.9926070508963133,-0.0,1.0016226606615512e-08,0.947
2160.179999999702,1.646061658604004e-05,0.011825485413426243,-0.13803711882030534,0.9945463958411174,-0.0,9.918981688136842e-09,0.947
2160.1810000017285,1.6606795351072542e-05,0.011933049099819884,-0.16624912937478875,0.9931415322552647,-0.0,9.918964715261154e-09,0.947
2160.180999994278,1.6694506283864282e-05,0.011987322738324323,-0.19362809153288696,0.9834885311794525,-0.0,9.99062201486891e-09,0.947
2160.1800000071526,1.6621421899035777e-05,0.01192030063595129,-0.17381643390461043,0.9823441954080239,-0.0,9.770555233536828e-09,0.947
2160.179999999702,1.6519091245309125e-05,0.011839570878899716,-0.13941312195711664,0.9841248563613318,-0.0,9.67331031504956e-09,0.947
2160.1810000017285,1.6562936059986455e-05,0.011900415246575828,-0.13027777574946153,1.0001126591403908,-0.0,9.842206886038532e-09,0.947
2160.179999999702,1.659218456941581e-05,0.011906556255750192,-0.16000499915721056,0.9852615427128519,-0.0,9.893390920132072e-09,0.947
2160.180999994278,1.6562939957985343e-05,0.011900415246575828,-0.13027777574946153,1.0001126591403908,-0.0,9.842205799955361e-09,0.947
2160.179999999702,1.6621421899045582e-05,0.01192030063595129,-0.17381643390461043,0.9823441954080239,-0.0,9.770555233566047e-09,0.947
2160.1810000017285,1.6606794150461297e-05,0.011933049099819884,-0.16624912937478875,0.9931415322552647,-0.0,9.918971577106152e-09,0.947
2160.180999994278,1.637289449101988e-05,0.011752317178511081,-0.11274225818636374,0.997099396841821,-0.0,9.714253012197382e-09,0.947
2160.180999994278,1.6621418179305575e-05,0.01192030063595129,-0.17381643390461043,0.9823441954080239,-0.0,9.770537817610019e-09,0.947
2160.179999999702,1.650447258050261e-05,0.011886401882302363,-0.1287209455668501,1.0104492414452237,-0.0,1.0087880757112337e-08,0.947
2160.1810000017285,1.643137195793814e-05,0.011777170899072664,-0.19264286771274497,0.977607002485667,-0.0,9.642598426939835e-09,0.947
2160.1810000017285,1.6650656569335316e-05,0.011931823877875142,-0.18224646776293207,0.9793179644834311,-0.0,9.719357733649925e-09,0.947
2160.177999995649,1.665068291241014e-05,0.011931823877875142,-0.18224646776293207,0.9793179644834311,-0.0,9.719382927443047e-09,0.947
2160.1810000017285,1.66506473868549e-05,0.011931823877875142,-0.18224646776293207,0.9793179644834311,-0.0,9.719369082561576e-09,0.946
2160.1810000017285,1.6548322059500194e-05,0.011880004331816404,-0.16604239154067102,0.9909802061086218,-0.0,9.816616540359629e-09,0.947
2160.1810000017285,1.665065009364125e-05,0.011931823877875142,-0.18224646776293207,0.9793179644834311,-0.0,9.719369803643072e-09,0.947
2160.179999999702,1.6650659228688346e-05,0.011931823877875142,-0.18224646776293207,0.9793179644834311,-0.0,9.719373697518012e-09,0.946
2160.1810000017285,1.6592178010780036e-05,0.011888615616906356,-0.19752811052286656,0.9743808466551743,-0.0,9.709121599868384e-09,0.946
2160.1810000017285,1.6650647386853535e-05,0.011931823877875142,-0.18224646776293207,0.9793179644834311,-0.0,9.719369082537611e-09,0.946
2160.179999999702,1.6694515223138946e-05,0.011969258869902369,-0.19513127309027745,0.9778023991745132,-0.0,9.826854923241367e-09,0.946
2160.179999999702,1.6650658113133113e-05,0.012001461899256237,-0.01948579537463102,1.0342044516117164,-0.0,1.0210721556912624e-08,0.946
2160.1810000017285,1.659218330640528e-05,0.011899432391003785,-0.12487130854123851,0.9926615256527076,-0.0,9.668182725247544e-09,0.946
2160.1810000017285,1.665064738686087e-05,0.011931823877875142,-0.18224646776293207,0.9793179644834311,-0.0,9.719369082560522e-09,0.946
2160.180999994278,1.6650651840480492e-05,0.011964372061684185,-0.14886312161295479,0.9961983367814637,-0.0,9.985514268973843e-09,0.946
2160.179999999702,1.6650659228709085e-05,0.011931823877875142,-0.18224646776293207,0.9793179644834311,-0.0,9.719373697504038e-09,0.946
2160.1810000017285,1.650446238846066e-05,0.01182894655530179,-0.16535825014775307,0.9813357782075035,-0.0,9.67841645174289e-09,0.946
2160.179999999702,1.6475235250866883e-05,0.01183314800942101,-0.14821581676683682,0.995099460059986,-0.0,9.81150046242925e-09,0.946
2160.1810000017285,1.653369967150756e-05,0.011861284014790769,-0.1755055460787891,0.982853142702605,-0.0,9.811498070647131e-09,0.946
2160.1810000017285,1.6548317009218007e-05,0.011871140493153383,-0.20526496386554482,0.9780820070370222,-0.0,9.78590292851775e-09,0.946
2160.1810000017285,1.6504462388456035e-05,0.01182894655530179,-0.16535825014775307,0.9813357782075035,-0.0,9.67841645173875e-09,0.946
2160.1810000017285,1.662141903197444e-05,0.0118846798036416,-0.18119093940146858,0.9666643377098747,-0.0,9.504409153076704e-09,0.946
2160.1810000017285,1.6475226699235465e-05,0.01183314800942101,-0.14821581676683682,0.995099460059986,-0.0,9.811497483488437e-09,0.946
2160.179999999702,1.6372904597122098e-05,0.011752317178511081,-0.11274225818636374,0.997099396841821,-0.0,9.714255543910665e-09,0.946
2160.180999994278,1.641675686714662e-05,0.011813610942839236,-0.1042413168295373,1.0130446580798738,-0.0,9.883138930578835e-09,0.946
2160.1810000017285,1.6709122706899836e-05,0.011991712537858924,-0.13784937579312517,0.9938387720963138,-0.0,9.811491089644836e-09,0.946
2160.1810000017285,1.64313742620948e-05,0.01179602470455231,-0.13513544645388276,0.9965994952540245,-0.0,9.704001136857127e-09,0.946
2160.179999999702,1.650447258050261e-05,0.011865227588672415,-0.15806740451732404,0.9966531063428368,-0.0,9.944572456188194e-09,0.946
2160.180999994278,1.6548323254135443e-05,0.011871140493153383,-0.20526496386554482,0.9780820070370222,-0.0,9.785906551746661e-09,0.946
2160.1810000017285,1.6475227966494573e-05,0.01183314800942101,-0.14821581676683682,0.995099460059986,-0.0,9.811497081728153e-09,0.946
2160.179999999702,1.6475235250860896e-05,0.01183314800942101,-0.14821581676683682,0.995099460059986,-0.0,9.81150046241297e-09,0.946
2160.179999999702,1.654833111804632e-05,0.011871140493153383,-0.20526496386554482,0.9780820070370222,-0.0,9.785908905238258e-09,0.946
2160.1810000017285,1.653370203338468e-05,0.011874588327736468,-0.16306226144806324,0.9908199705838504,-0.0,9.883137598732346e-09,0.946
2160.1810000017285,1.6504464737090486e-05,0.011865227588672415,-0.15806740451732404,0.9966531063428368,-0.0,9.944555413125794e-09,0.946
2160.180999994278,1.662141265673613e-05,0.011932068932328867,-0.13883326652219052,0.9947828859151774,-0.0,9.852430782694375e-09,0.946
2160.1810000017285,1.647523024375421e-05,0.01183314800942101,-0.14821581676683682,0.995099460059986,-0.0,9.811482131642197e-09,0.946
2160.1810000017285,1.666527663050339e-05,0.011926676571245085,-0.22042571858090065,0.9636659959330711,-0.0,9.611883140582622e-09,0.946
2160.179999999702,1.662142189906367e-05,0.01196852597587052,-0.13155875407771545,1.0098048743338557,-0.0,1.0118589678761656e-08,0.946
2160.1810000017285,1.6475232819313288e-05,0.01183314800942101,-0.14821581676683682,0.995099460059986,-0.0,9.811485656744067e-09,0.946
2160.179999999702,1.6475232782146363e-05,0.01183314800942101,-0.14821581676683682,0.995099460059986,-0.0,9.81149980845503e-09,0.946
2160.180999994278,1.6606801973811714e-05,0.011927412036763745,-0.13604411605213684,0.9975894293175493,-0.0,9.87802681093303e-09,0.946
2160.179999999702,1.673837121760647e-05,0.012023369058162172,-0.14742030646135662,0.9956220218263693,-0.0,9.944572456163372e-09,0.946
2160.179999999702,1.6475235250866883e-05,0.01183314800942101,-0.14821581676683682,0.995099460059986,-0.0,9.811500462429883e-09,0.946
2160.179999999702,1.647523778540985e-05,0.01183314800942101,-0.14821581676683682,0.995099460059986,-0.0,9.811499658928582e-09,0.946
2293.4659999981523,1.7077212689561407e-05,0.012079988614597378,-0.4576876577255842,0.8978521241422504,4.132926639346757,9.87234593900512e-09,0.949
2323.512000001967,1.75619205404133e-05,0.012584872440969876,-0.47270773728689264,0.8939988847551344,4.154758319376065,1.0077210578944545e-08,0.949
2343.5410000011325,1.6481936488298798e-05,0.011946358254338756,-0.402595822174014,0.9229262338135068,4.115592835667085,9.564820228148058e-09,0.951
2343.542000003159,1.643438869600919e-05,0.011914891863455582,-0.39033129765960206,0.926767225303788,4.129663170036749,9.551639988896074e-09,0.951
2343.542000003159,1.643438869600919e-05,0.011914891863455582,-0.39033129765960206,0.926767225303788,4.129663170036749,9.551639988896074e-09,0.951
2333.527000002563,1.790957470589581e-05,0.012883458111157417,-0.4918614042127949,0.8882383257164284,4.1114095539588895,1.0179239592528657e-08,0.952
2333.527000002563,1.790957470589581e-05,0.012883458111157417,-0.4918614042127949,0.8882383257164284,4.1114095539588895,1.0179239592528657e-08,0.952
2353.5569999963045,1.6575039185334376e-05,0.012048313009536512,-0.4417043732332422,0.908194713783426,4.122434231755483,9.475647389922512e-09,0.955
2353.5569999963045,1.6575039185334376e-05,0.012048313009536512,-0.4417043732332422,0.908194713783426,4.122434231755483,9.475647389922512e-09,0.955
2280.1900000050664,1.734817837860519e-05,0.013052424658801309,-0.46109063857073984,0.9142779000514997,0.8812908992306927,9.638181169844186e-09,0.953
2280.1909999996424,1.7348174706931414e-05,0.013052424658801309,-0.46109063857073984,0.9142779000514997,0.8812908992306927,9.63816595008943e-09,0.953
2280.1900000050664,1.729179210003522e-05,0.013026289207841045,-0.42151849379557804,0.9292781158930857,0.8112781244591328,9.689595349245931e-09,0.953
2280.1909999996424,1.7291787014526754e-05,0.013026289207841045,-0.42151849379557804,0.9292781158930857,0.8112781244591328,9.689592657922284e-09,0.953
2280.1909999996424,1.7410824941432182e-05,0.013080620458485426,-0.43149329354059685,0.9161958122251435,0.8112781244591328,9.464146550667575e-09,0.953
2280.189999997616,1.7291792100041636e-05,0.013026289207841045,-0.42151849379557804,0.9292781158930857,0.8112781244591328,9.689595349272057e-09,0.953
2280.1900000050664,1.7291792100022296e-05,0.013026289207841045,-0.42151849379557804,0.9292781158930857,0.8112781244591328,9.68959534922608e-09,0.953
2280.189999997616,1.7504806930259184e-05,0.013130518889815037,-0.44273864615198333,0.9064649113246982,0.8112781244591328,9.373200399060242e-09,0.953
2280.1909999996424,1.75048042140738e-05,0.013130518889815037,-0.44273864615198333,0.9064649113246982,0.8112781244591328,9.373198501756488e-09,0.953
2280.189999997616,1.737950408894809e-05,0.013056960233006608,-0.3757086779501799,0.9276753688409489,0.8112781244591328,9.420659641604547e-09,0.953
2280.191000007093,1.7392024582192834e-05,0.013077099308171886,-0.3690058698456786,0.93375138353148,0.8112781244591328,9.468106713505567e-09,0.953
2280.1909999996424,1.7341902230219387e-05,0.013046879037976062,-0.3372907758805117,0.9408774116844494,0.8112781244591328,9.539301736228433e-09,0.953
2280.1909999996424,1.7492269581550162e-05,0.013153346582364101,-0.4244856845602407,0.9211224835442914,0.8112781244591328,9.563034747350153e-09,0.953
2280.1900000050664,1.7492276646115624e-05,0.013153346582364101,-0.4244856845602407,0.9211224835442914,0.8112781244591328,9.563037369172217e-09,0.952
2280.1909999996424,1.7536127724025722e-05,0.013164045930608027,-0.4515407633058488,0.9067845623263397,0.8112781244591328,9.479966153806251e-09,0.952
2280.189999997616,1.7573723492961287e-05,0.013218308674354902,-0.45973216699177266,0.9127901595609729,0.8112781244591328,9.693550286159387e-09,0.952
2280.1909999996424,1.7454677457374825e-05,0.013101225334416548,-0.41241844958026697,0.9134982456771545,0.8112781244591328,9.44437554413957e-09,0.952
2280.1909999996424,1.753612284342736e-05,0.013164045930608027,-0.4515407633058488,0.9067845623263397,0.8112781244591328,9.479971526543756e-09,0.952
2280.1909999996424,1.7385758653191592e-05,0.013058068689309955,-0.3656734144686249,0.926321466596261,0.8112781244591328,9.456244385202605e-09,0.952
2280.1909999996424,1.7410827322536302e-05,0.013090273608977576,-0.3847483023728211,0.927948420760291,0.8112781244591328,9.527428805006113e-09,0.952
2280.1909999996424,1.7454684488595733e-05,0.013127311826473602,-0.3951638485142692,0.9261702091561256,0.8112781244591328,9.610487430229591e-09,0.952
2280.1909999996424,1.7417090182897208e-05,0.013127311826473602,-0.37589764080467614,0.9416807783386812,0.8112781244591328,9.705397705705107e-09,0.952
2280.1909999996424,1.7536123895110526e-05,0.01319040720013082,-0.43454142553830266,0.9193975308060898,0.8112781244591328,9.646076398060254e-09,0.952
2280.189999997616,1.7423360083408504e-05,0.01309429365471042,-0.3863578034979316,0.9257265545344813,0.8112781244591328,9.503713316041697e-09,0.952
2280.1909999996424,1.7417083860256788e-05,0.013127311826473602,-0.37589764080467614,0.9416807783386812,0.8112781244591328,9.705411837821787e-09,0.952
2280.1930000036955,1.7404551366951483e-05,0.013119290738210063,-0.36877806219030695,0.9444035538265116,0.8112781244591328,9.69747854214928e-09,0.952
2280.189999997616,1.7335648094474628e-05,0.013063710281378321,-0.3351955460197824,0.9486088104827017,0.8112781244591328,9.669820664884081e-09,0.951
2280.1909999996424,1.7404556066980003e-05,0.013120494214055077,-0.36484273983828786,0.9428108192984868,0.8112781244591328,9.792409070917518e-09,0.951
2280.1900000050664,1.747974636198003e-05,0.013151345738624717,-0.3894084707922594,0.9298635821384673,0.8112781244591328,9.626316359225938e-09,0.951
2280.189999997616,1.7504806930247855e-05,0.013165345259030375,-0.4356282299414671,0.9191598461605942,0.8112781244591328,9.586766990444072e-09,0.951
2280.1909999996424,1.7486002784421363e-05,0.013172039765311493,-0.3877119327580485,0.9351376638215348,0.8112781244591328,9.717265216515902e-09,0.951
2280.1909999996424,1.7460943987471564e-05,0.01311999277920212,-0.41574717155162544,0.9208201353450545,0.8112781244591328,9.45623962488951e-09,0.951
2280.1909999996424,1.74922670686242e-05,0.013153346582364101,-0.4244856845602407,0.9211224835442914,0.8112781244591328,9.563025352000708e-09,0.951
2280.189999997616,1.7398299515137554e-05,0.013087860988838415,-0.34917036759118636,0.9366527736183404,0.8112781244591328,9.590721927322295e-09,0.951
2280.1909999996424,1.7492273922505617e-05,0.013153346582364101,-0.4244856845602407,0.9211224835442914,0.8112781244591328,9.563035327527033e-09,0.951
2280.1909999996424,1.7529862807560743e-05,0.013181326504606905,-0.4498818845676342,0.914411185005915,0.8112781244591328,9.610494475952822e-09,0.951
2280.1909999996424,1.7504795186991358e-05,0.013130518889815037,-0.44273864615198333,0.9064649113246982,0.8112781244591328,9.373197071812653e-09,0.951
2280.1909999996424,1.7529859414478257e-05,0.013207254784676799,-0.4323887136747304,0.9271211102927392,0.8112781244591328,9.776601281004443e-09,0.951
2280.1909999996424,1.749227178561406e-05,0.013153346582364101,-0.4244856845602407,0.9211224835442914,0.8112781244591328,9.563019872365058e-09,0.951
2280.1909999996424,1.761756802316505e-05,0.01321323100850849,-0.4644635524981213,0.898160273773054,0.8112781244591328,9.468116525155247e-09,0.951
2280.1909999996424,1.742334945894898e-05,0.013110361510933574,-0.3779621376296962,0.9340051615798318,0.8112781244591328,9.574892396011254e-09,0.951
2280.1909999996424,1.7423356440525095e-05,0.01309429365471042,-0.3863578034979316,0.9257265545344813,0.8112781244591328,9.50369676284569e-09,0.95
2280.1909999996424,1.7504803188344678e-05,0.013130518889815037,-0.44273864615198333,0.9064649113246982,0.8112781244591328,9.373183673587545e-09,0.95
2280.1909999996424,1.7492265993583382e-05,0.013153346582364101,-0.4244856845602407,0.9211224835442914,0.8112781244591328,9.563027613598752e-09,0.95
2280.1909999996424,1.752986003152642e-05,0.013181326504606905,-0.4498818845676342,0.914411185005915,0.8112781244591328,9.610480293162021e-09,0.95
2280.1900000050664,1.7417094941323598e-05,0.013127311826473602,-0.37589764080467614,0.9416807783386812,0.8112781244591328,9.705415096755266e-09,0.95
2280.1900000050664,1.7460950935780663e-05,0.013148043680775455,-0.39410020351001984,0.9316067528598646,0.8112781244591328,9.709370033613746e-09,0.95
2160.179999999702,1.6431379256398326e-05,0.011804944944649195,-0.11913454926176348,1.002069872423834,-0.0,9.775673387194095e-09,0.95
2160.1810000017285,1.638751677599166e-05,0.011780646235711944,-0.09549057507421921,1.0074929993892092,-0.0,9.82171840110243e-09,0.95
2160.1810000017285,1.6445986259334112e-05,0.011819054889437308,-0.13448992863654752,1.0002666981050459,-0.0,9.811495666548507e-09,0.95
2160.1810000017285,1.6533702139796255e-05,0.011900415246575861,-0.1406603698966955,1.0040916192284506,-0.0,1.0057164758338021e-08,0.95
2160.1810000017285,1.6372893044235616e-05,0.01177121079196069,-0.08468591526165037,1.0107471672306507,-0.0,9.806378993897945e-09,0.95
2160.1810000017285,1.651908023735335e-05,0.011929863261031121,-0.12708358550924181,1.0226085288090028,-0.0,1.0338660507029674e-08,0.95
2160.179999999702,1.648985263344073e-05,0.011868923499173772,-0.13827693833484833,1.0049368660381115,-0.0,1.0031581530981154e-08,0.95
2160.1789999976754,1.6431376092279592e-05,0.011777170899072664,-0.19264286771274497,0.977607002485667,-0.0,9.642593415225586e-09,0.95
2160.180999994278,1.6533701024283388e-05,0.011829193740969943,-0.20879960131586062,0.965861628312664,-0.0,9.545353852432422e-09,0.95
2160.1810000017285,1.6402131797129552e-05,0.011782135351891501,-0.17634120776871365,0.9912076100294303,-0.0,9.775670783979782e-09,0.95
2160.179999999702,1.657756590458653e-05,0.011866706091004835,-0.22179513985478394,0.9644115826470392,-0.0,9.652837700625808e-09,0.95
2160.1800000071526,1.629981127302511e-05,0.011696703189235646,-0.11294223289029448,0.9949283016683247,-0.0,9.678428468631789e-09,0.95
2160.1810000017285,1.643136903657907e-05,0.01179602470455231,-0.13513544645388276,0.9965994952540245,-0.0,9.704007233879193e-09,0.95
2160.1810000017285,1.6372903417478354e-05,0.011752317178511081,-0.11274225818636374,0.997099396841821,-0.0,9.714246456405085e-09,0.95
2160.180999994278,1.6372896781943466e-05,0.011752317178511081,-0.11274225818636374,0.997099396841821,-0.0,9.714238793555254e-09,0.95
2160.1810000017285,1.6372893146794755e-05,0.011752317178511081,-0.11274225818636374,0.997099396841821,-0.0,9.714248775671234e-09,0.95
2160.179999999702,1.641676059157867e-05,0.011800485667475859,-0.07712445089766673,1.0110672986983718,-0.0,9.760318926360967e-09,0.95
2160.1810000017285,1.6431370183322824e-05,0.011793793590336447,-0.12815541963749766,0.9927451877163427,-0.0,9.785894996881169e-09,0.95
2160.179999999702,1.643137774421579e-05,0.011793793590336447,-0.12815541963749766,0.9927451877163427,-0.0,9.785915244109486e-09,0.95
2160.179999999702,1.64606152627833e-05,0.011819302281977036,-0.09492447308917873,1.0020421015343655,-0.0,9.744963604531911e-09,0.95
2160.1810000017285,1.6387516045542406e-05,0.011740119648313826,-0.21275107745487398,0.9699397333907939,-0.0,9.55558968789062e-09,0.949
2160.1810000017285,1.6445996626167033e-05,0.01176102195503859,-0.25660420076747803,0.9520469448857513,-0.0,9.483929118143012e-09,0.949
2160.16400000453,1.6329137274168675e-05,0.011699452678756193,-0.1982483791416234,0.9735238707879735,-0.0,9.483974268790819e-09,0.949
2160.1810000017285,1.632904169955606e-05,0.01170594890498336,-0.24152106302100762,0.9661220895184605,-0.0,9.657953368140895e-09,0.949
2160.1810000017285,1.6504462401304112e-05,0.011852159474565183,-0.13172772856201487,0.9950504709308213,-0.0,9.821724724809833e-09,0.949
2160.179999999702,1.6431379256410235e-05,0.011787841887905864,-0.0849070905121363,1.0001664399357446,-0.0,9.611892471804942e-09,0.949
2160.180999994278,1.6519090040038324e-05,0.011839570878899716,-0.13941312195711664,0.9841248563613318,-0.0,9.673301195211339e-09,0.949
2160.180999994278,1.6519087494798162e-05,0.011839570878899716,-0.13941312195711664,0.9841248563613318,-0.0,9.673292873876148e-09,0.949
2160.1810000017285,1.6489851057586154e-05,0.01182869936446817,-0.1003458329128537,0.9962082791067094,-0.0,9.683544345448514e-09,0.949
2160.179999999702,1.6124387295213698e-05,0.011584926685818477,-0.12265041349083194,1.0004123698257308,-0.0,9.627246932620193e-09,0.949
2160.180999994278,1.6519080160441475e-05,0.011859804836515346,-0.1099961855140199,0.99831100013325,-0.0,9.816616036452976e-09,0.949
2160.177000001073,1.6489872038735992e-05,0.011822270588653603,-0.24245892414157888,0.9692595052564137,-0.0,9.652848460339085e-09,0.949
2160.170999996364,1.654837283118278e-05,0.011871140493153383,-0.20526496386554482,0.9780820070370222,-0.0,9.78611654016781e-09,0.948
2160.18599999696,1.653368506690103e-05,0.011848458334833284,-0.26704526398641537,0.9584598186014973,-0.0,9.719350109216731e-09,0.949
2160.180999994278,1.635827555778225e-05,0.011739621520742975,-0.13520376582418292,0.9948166253255475,-0.0,9.668183639631682e-09,0.949
2160.1810000017285,1.647522372359782e-05,0.01183314800942101,-0.14821581676683682,0.995099460059986,-0.0,9.811493637290514e-09,0.949
2160.180999994278,1.6504460894687605e-05,0.01182894655530179,-0.16535825014775307,0.9813357782075035,-0.0,9.67842380333395e-09,0.949
2160.179999999702,1.6402141926751852e-05,0.01174833570395674,-0.13025167017614026,0.9831784984235036,-0.0,9.58118355015792e-09,0.949
2160.1810000017285,1.6577562132267842e-05,0.01188025045515421,-0.15432009155338555,0.9804662693420574,-0.0,9.744946832702357e-09,0.949
2160.179999999702,1.6621421899043095e-05,0.01192030063595129,-0.17381643390461043,0.9823441954080239,-0.0,9.770555233558607e-09,0.949
2160.179999999702,1.640214192676849e-05,0.01178436867334177,-0.12298135208849814,0.9986635699919297,-0.0,9.847327537672325e-09,0.949
2160.1810000017285,1.6460608066033196e-05,0.011819302281977036,-0.09492447308917873,1.0020421015343655,-0.0,9.744961421979014e-09,0.949
2160.179999999702,1.6445997921231122e-05,0.01176102195503859,-0.25660420076747803,0.9520469448857513,-0.0,9.48393863163665e-09,0.949
2160.179999999702,1.6475235250871674e-05,0.011841793368212332,-0.13213592116226547,1.0006924944609354,-0.0,9.883154612888747e-09,0.949
2160.179999999702,1.6402141926773312e-05,0.01178436867334177,-0.12298135208849814,0.9986635699919297,-0.0,9.847327537649846e-09,0.949
2160.179999999702,1.6504472580495393e-05,0.01187187939914465,-0.101569426296789,1.0093678351467572,-0.0,9.965045070629488e-09,0.949
2160.179999999702,1.656294723978018e-05,0.011900415246575828,-0.13027777574946153,1.0001126591403908,-0.0,9.842209384065779e-09,0.948
2160.179999999702,1.662142086043085e-05,0.01192030063595129,-0.17381643390461043,0.9823441954080239,-0.0,9.770560337841352e-09,0.948
2160.1810000017285,1.6475232383772263e-05,0.011834383447351465,-0.23414996051356107,0.9804259553911734,-0.0,9.801261810489585e-09,0.948
2160.1810000017285,1.6504463494619756e-05,0.011865227588672415,-0.15806740451732404,0.9966531063428368,-0.0,9.944557636822513e-09,0.948
2160.1810000017285,1.6548318288041023e-05,0.011848951886927061,-0.1446179625812154,0.9783357779795061,-0.0,9.611880455033413e-09,0.948
2160.1810000017285,1.6475228764886944e-05,0.01183314800942101,-0.14821581676683682,0.995099460059986,-0.0,9.811482194475477e-09,0.948
2160.179999999702,1.6460615390152697e-05,0.011825485413426243,-0.13803711882030534,0.9945463958411174,-0.0,9.91897627962633e-09,0.948
2160.179999999702,1.6606806573157815e-05,0.011933049099819884,-0.16624912937478875,0.9931415322552647,-0.0,9.918980634344122e-09,0.948
2160.179999999702,1.662141950512199e-05,0.01192030063595129,-0.17381643390461043,0.9823441954080239,-0.0,9.770554117661653e-09,0.948
2160.179999999702,1.6621421899045582e-05,0.01192030063595129,-0.17381643390461043,0.9823441954080239,-0.0,9.770555233591347e-09,0.948
2160.1810000017285,1.637289340111232e-05,0.011752317178511081,-0.11274225818636374,0.997099396841821,-0.0,9.714251675193076e-09,0.948
2160.1810000017285,1.6358280776459074e-05,0.011688450840078638,-0.23252524129342245,0.9534406181858216,-0.0,9.279209512901015e-09,0.948
2160.179999999702,1.6489853915670965e-05,0.011807916860513303,-0.1293503603989543,0.9822199032104163,-0.0,9.540238321310591e-09,0.948
2160.179999999702,1.6445997921219183e-05,0.01183166531362201,-0.08676758410218,1.0130155959073428,-0.0,9.893390920130997e-09,0.948
2160.179999999702,1.6621421899038443e-05,0.01192030063595129,-0.17381643390461043,0.9823441954080239,-0.0,9.770555233606782e-09,0.948
2160.1810000017285,1.6621407757301213e-05,0.01192030063595129,-0.17381643390461043,0.9823441954080239,-0.0,9.770546924892262e-09,0.948
2160.179999999702,1.6387523261942945e-05,0.01172017803189928,-0.24226967771921348,0.9555556440195424,-0.0,9.412284481165043e-09,0.948
2160.1810000017285,1.6592178115504157e-05,0.011888615616906305,-0.16412901361318122,0.980455514941712,-0.0,9.637466482908657e-09,0.948
2160.1810000017285,1.659217295239519e-05,0.011888615616906305,-0.16412901361318122,0.980455514941712,-0.0,9.63747657309004e-09,0.948
2160.179999999702,1.6460613938645698e-05,0.011825485413426243,-0.13803711882030534,0.9945463958411174,-0.0,9.918975540494958e-09,0.948
2160.1810000017285,1.6533700165170365e-05,0.011829193740969943,-0.20879960131586062,0.965861628312664,-0.0,9.545347045883186e-09,0.948
2160.1689999997616,1.545191865864327e-05,0.011320942659074752,-0.04610192184429085,1.0839219953358366,-0.0,1.0906928608339653e-08,0.948
2160.462000004947,1.6341537303949635e-05,0.011786105408562852,-0.09279304887316053,1.0245552941001557,-0.0,1.0100599144355392e-08,0.948
2160.179999999702,1.665065922869945e-05,0.011931823877875182,-0.18224646776320874,0.979317964483254,-0.0,9.719373697525024e-09,0.948
2160.179999999702,1.64606165860233e-05,0.011810392885800207,-0.20319533122181754,0.9786467022439927,-0.0,9.775673387179641e-09,0.948
2160.1810000017285,1.635827743496273e-05,0.011739621520743046,-0.1352037658244294,0.9948166253253812,-0.0,9.668189363009367e-09,0.948
2160.1810000017285,1.65190875396619e-05,0.011833642200070901,-0.1673885481210995,0.978274854441818,-0.0,9.642584183490834e-09,0.948
2160.1750000044703,1.6431423621666516e-05,0.011804944944649225,-0.11913454926178213,1.0020698724238108,-0.0,9.775688518690513e-09,0.948
2160.1810000017285,1.632904335875825e-05,0.01175480491528854,-0.1349838877361873,1.0085798846462135,-0.0,9.954805129915149e-09,0.948
2160.1810000017285,1.6343659947228554e-05,0.011766490232761034,-0.09358901091979632,1.0166512957412694,-0.0,9.949687322733884e-09,0.948
2160.307999998331,1.6415906330596698e-05,0.011803210981495013,-0.15146826402922375,0.9991702808660989,-0.0,9.92221565838471e-09,0.948
2160.4610000029206,1.641462267006149e-05,0.011803210981495013,-0.15146826402922375,0.9991702808660989,-0.0,9.9215173837298e-09,0.948
2160.4619999974966,1.641461980636274e-05,0.011823012548880872,-0.15086205170315337,1.0070518238471118,-0.0,1.0075019628083088e-08,0.948
2160.462000004947,1.6648487594838824e-05,0.011912694099226882,-0.18308765803250138,0.9710720661219749,-0.0,9.563335642878709e-09,0.948
2160.46099999547,1.6341539978924877e-05,0.011786105408562852,-0.09279304887316053,1.0245552941001557,-0.0,1.0100603667114062e-08,0.948
2160.4619999974966,1.622460355439956e-05,0.011682445470180594,-0.11938853338262057,1.0112959874158116,-0.0,9.92663018330972e-09,0.948
2160.1840000003576,1.6460620127270367e-05,0.011791562053965341,-0.152045747092739,0.982871358206057,-0.0,9.570965756793224e-09,0.948
2160.1780000030994,1.649001599113232e-05,0.011824249045798919,-0.1625709803540074,0.9841781852131263,-0.0,9.70396886391461e-09,0.948
2160.2000000029802,1.657735427382198e-05,0.011958505255809224,-0.09835679836406586,1.024420071827932,-0.0,1.0205546836731178e-08,0.948
2160.3219999969006,1.7000452135567233e-05,0.012145318930757848,-0.37881190094501926,0.9180639194988194,-0.0,9.789236775612426e-09,0.947
2160.197999998927,1.6548154985106774e-05,0.011880004331816444,-0.1660423915405831,0.9909802061086939,-0.0,9.816285740725867e-09,0.947
2160.22500000149,1.6474804778120923e-05,0.01184302790427858,-0.10876812426189764,1.0082400310254451,-0.0,9.841833036805143e-09,0.947
2160.1560000032187,1.622679622020963e-05,0.011682445470180594,-0.11938853338262057,1.0112959874158116,-0.0,9.929339085936227e-09,0.947
2160.2369999960065,1.6299321524546822e-05,0.011720676985816504,-0.0913960863745733,1.0128683473291415,-0.0,9.73907378933485e-09,0.947
2160.143999993801,1.6490208009205986e-05,0.011824249045798919,-0.1625709803540074,0.9841781852131263,-0.0,9.704288260585421e-09,0.947
2160.222999997437,1.660637131006028e-05,0.011927412036763767,-0.13604411605240285,0.9975894293173738,-0.0,9.877666503484894e-09,0.947
2160.2159999981523,1.6665051575077665e-05,0.011969014576878111,-0.15094760447552558,0.9932098988586023,-0.0,9.949331223987609e-09,0.947
2160.255000002682,1.640165432924873e-05,0.011789082073696442,-0.07356535323260571,1.0103667813246053,-0.0,9.815757221449838e-09,0.947
2160.2239999994636,1.6533373103765225e-05,0.011879265931206692,-0.1705943039840765,0.9904687542355769,-0.0,9.923986258445921e-09,0.947
2160.204999998212,1.625583480492962e-05,0.011744850806538015,-0.013055655473718009,1.0448707092298366,-0.0,1.0184855102293752e-08,0.947
2160.212999999523,1.651884094567068e-05,0.011939173323523011,-0.14036203773065026,1.0241123796678053,-0.0,1.0420139196892019e-08,0.947
2160.194000005722,1.6489792210687998e-05,0.011898940932773725,-0.12047716720518009,1.0212675190204075,-0.0,1.0236100838570149e-08,0.947
2160.2159999981523,1.644562817054399e-05,0.011845496590421398,-0.11405159633545381,1.0145681312408543,-0.0,1.0015883397477069e-08,0.947
2160.1350000053644,1.6461090403463602e-05,0.01186769165689597,-0.10983698585347756,1.0189897921405462,-0.0,1.0083107831758251e-08,0.947
2160.197999998927,1.64898695441101e-05,0.0118464839208328,-0.13430502294381697,0.9976408550922583,-0.0,9.84690532655332e-09,0.947
2160.25,1.6591764428148898e-05,0.011902626374875583,-0.19017157038641486,0.9787763319714057,-0.0,9.882496358165532e-09,0.947
2160.1680000051856,1.6592302695538993e-05,0.011983663343673484,-0.1555036236387899,1.0174791933672218,-0.0,1.0446549602693288e-08,0.947
2160.197999998927,1.6606642410948334e-05,0.011927412036763767,-0.13604411605240285,0.9975894293173738,-0.0,9.877626741653744e-09,0.947
2160.1780000030994,1.6562932361864853e-05,0.011908766243834532,-0.11930954310340791,1.0066711595185862,-0.0,9.893513707720526e-09,0.947
2160.1889999955893,1.635833401899982e-05,0.011834383447351516,-0.028302361276860033,1.0505555144829553,-0.0,1.0313107303238371e-08,0.947
2160.18900000304,1.6562911593724956e-05,0.011931578818388426,-0.14838762524289706,1.0056487970483323,-0.0,1.0169837385852608e-08,0.947
2160.155999995768,1.6300064258546163e-05,0.011759032859940904,-0.022810585207792666,1.036246989323313,-0.0,1.010873710867732e-08,0.947
2160.1080000028014,1.6432101844388782e-05,0.01187901978747031,-0.044709018829895086,1.0434633606187207,-0.0,1.0339317500490362e-08,0.947
2160.234999999404,1.656265106258171e-05,0.011957771702686401,-0.06617531973926072,1.034777509428637,-0.0,1.031236318051197e-08,0.947
2160.2180000022054,1.6562784799190026e-05,0.011892304258838806,-0.15053643338469103,0.9903125887259557,-0.0,9.8726647405997e-09,0.947
2160.189999997616,1.635818781387671e-05,0.01180519263288046,-0.04458448383819835,1.034505215926978,-0.0,1.006749631860553e-08,0.947
2160.2140000015497,1.6475117972026212e-05,0.011859558288866322,-0.1268753245961891,1.008330404391793,-0.0,9.995390899693712e-09,0.947
2160.2630000039935,1.665004834360966e-05,0.01199926898358191,-0.10620984567348257,1.0173147006367451,-0.0,1.0179064411218558e-08,0.947
2160.1900000050664,1.6592091845166895e-05,0.01194529440740297,-0.10580877585684245,1.0139249564543975,-0.0,1.0057283300454279e-08,0.947
2160.219999998808,1.650408948539349e-05,0.011851912767874664,-0.16923855121771414,0.9882604055007581,-0.0,9.852348858932125e-09,0.947
2160.2419999986887,1.6489459569506735e-05,0.011855859458882451,-0.1445330544975576,0.9993822936743926,-0.0,9.877302409125879e-09,0.947
2160.46099999547,1.6473089808806784e-05,0.01184302790427858,-0.10876812426189764,1.0082400310254451,-0.0,9.839651586357026e-09,0.947
2160.4610000029206,1.6443855045547334e-05,0.011841793368212401,-0.13815620618805413,1.0085448333275207,-0.0,9.98291926572563e-09,0.947
2160.4619999974966,1.6458471925762277e-05,0.011791562053965341,-0.152045747092739,0.982871358206057,-0.0,9.568448509268205e-09,0.947
2160.4619999974966,1.6604638684532296e-05,0.011927412036763767,-0.13604411605240285,0.9975894293173738,-0.0,9.87546037058838e-09,0.946
2160.4619999974966,1.6663105761241974e-05,0.011969014576878111,-0.15094760447552558,0.9932098988586023,-0.0,9.947095715760905e-09,0.946
2160.18599999696,1.6635996227442065e-05,0.011936724011091126,-0.14088630416118297,0.9917634094796143,-0.0,9.816668703796607e-09,0.946
2160.1840000003576,1.666507500049874e-05,0.011969014576878111,-0.15094760447552558,0.9932098988586023,-0.0,9.949671762110419e-09,0.946
2160.325999997556,1.6474296209256062e-05,0.011806183333841657,-0.2218157506941103,0.9682327332105821,-0.0,9.62524960117872e-09,0.946
2160.2060000002384,1.6548281241604734e-05,0.011880004331816444,-0.1660423915405831,0.9909802061086939,-0.0,9.816419656083371e-09,0.946
2160.1719999983907,1.657763230352778e-05,0.011875819454643902,-0.1266846921868523,0.9881107263633538,-0.0,9.591421882762506e-09,0.946
2160.2060000002384,1.647502614498401e-05,0.01184302790427858,-0.10876812426189764,1.0082400310254451,-0.0,9.84202075501527e-09,0.946
2160.195000000298,1.6445970813406725e-05,0.011838335982324939,-0.10963764992633784,1.0120393452161487,-0.0,1.0005865418538655e-08,0.946
2160.1840000003576,1.6650576485289994e-05,0.011931823877875182,-0.18224646776320874,0.979317964483254,-0.0,9.719052894951086e-09,0.946
2160.210000000894,1.659193822974509e-05,0.011922753322266888,-0.13260758892175906,1.0001822862520124,-0.0,9.893184752761655e-09,0.946
2160.164999999106,1.6577748220802594e-05,0.011894762717976324,-0.12564166632021,0.9963826533745919,-0.0,9.745061333819195e-09,0.946
2160.225999996066,1.6606371346311407e-05,0.011927412036763767,-0.13604411605240285,0.9975894293173738,-0.0,9.8778420572748e-09,0.946
2160.18900000304,1.6577386877344682e-05,0.011894762717976324,-0.12564166632021,0.9963826533745919,-0.0,9.744889192695922e-09,0.946
2160.170000001788,1.6606932946412998e-05,0.011927412036763767,-0.13604411605240285,0.9975894293173738,-0.0,9.877676506386654e-09,0.946
2160.109999999404,1.6475775724940833e-05,0.01184302790427858,-0.10876812426189764,1.0082400310254451,-0.0,9.842827117815679e-09,0.946
2160.1080000028014,1.641734326319064e-05,0.011803210981495013,-0.15146826402922375,0.9991702808660989,-0.0,9.924758731206435e-09,0.946
2160.1239999979734,1.6548743538974553e-05,0.011860544448712453,-0.16672033880715054,0.9829021720153573,-0.0,9.663638358116309e-09,0.946
2160.107000000775,1.6548930381164398e-05,0.011880004331816444,-0.1660423915405831,0.9909802061086939,-0.0,9.817151122148308e-09,0.946
2160.103000000119,1.6417369616434544e-05,0.011823012548880872,-0.15086205170315337,1.0070518238471118,-0.0,1.0078287378923858e-08,0.946
2160.112999998033,1.6651194194465037e-05,0.011931823877875182,-0.18224646776320874,0.979317964483254,-0.0,9.719811947147371e-09,0.946
2160.109999999404,1.6548808400146145e-05,0.011860544448712453,-0.16672033880715054,0.9829021720153573,-0.0,9.66375352696839e-09,0.946
2160.1730000004172,1.667991005729436e-05,0.011952880198062708,-0.20626823496199975,0.968477695588861,-0.0,9.852466405562893e-09,0.946
2160.466000005603,1.6589983967409376e-05,0.01195288019806271,-0.04676171599071122,1.0276430990741654,-0.0,1.0105632666222442e-08,0.946
2160.462000004947,1.6575403884073412e-05,0.011866706091004885,-0.22179513985500998,0.9644115826468678,-0.0,9.650328037150153e-09,0.946
2160.4610000029206,1.6546173503268143e-05,0.011880004331816409,-0.166042391540556,0.990980206108688,-0.0,9.814064416260917e-09,0.946
2160.4610000029206,1.675080843689655e-05,0.01201095990729869,-0.20963151455678908,0.9735780466188466,-0.0,9.895934456665047e-09,0.946
2160.4610000029206,1.6838508909024863e-05,0.012084255863150267,-0.14369365328603267,0.9918346162423258,-0.0,9.947102720886723e-09,0.946
2160.4610000029206,1.654617457239437e-05,0.011880004331816409,-0.166042391540556,0.990980206108688,-0.0,9.814067600766007e-09,0.946
2160.4619999974966,1.669233950149663e-05,0.011969258869902374,-0.19513127309016554,0.9778023991745788,-0.0,9.824290773524332e-09,0.946
2160.4610000029206,1.654617433567407e-05,0.011833889287656673,-0.20781935487751024,0.9621212138830105,-0.0,9.4661212423293e-09,0.946
2160.4610000029206,1.6780041704605364e-05,0.012029204229123602,-0.19401309882191997,0.9769898609003731,-0.0,9.783363254803146e-09,0.946
2160.46099999547,1.667772133557068e-05,0.011978538313039652,-0.18072117097029983,0.9882927376444351,-0.0,9.921507778518923e-09,0.946
2160.4619999974966,1.686774039191853e-05,0.012066094781446645,-0.22473705504137653,0.9597072252791681,-0.0,9.721955815577786e-09,0.946
2160.4610000029206,1.667772598498816e-05,0.011960950107971392,-0.18818495247196676,0.9787481331253854,-0.0,9.83964170235445e-09,0.946
2160.4619999974966,1.656078992158244e-05,0.011870647863606875,-0.18036748809392567,0.977024166205917,-0.0,9.747541565708179e-09,0.946
2160.462000004947,1.675080697040294e-05,0.01201095990729869,-0.20963151455678908,0.9735780466188466,-0.0,9.895928853203652e-09,0.946
2160.46099999547,1.6619258448556726e-05,0.011964127668877203,-0.18017712828154853,0.9965703309003452,-0.0,1.0187590157408932e-08,0.946
2160.46099999547,1.6619257342267827e-05,0.011979026505663607,-0.11201238902024091,1.0168547045947338,-0.0,1.0238760957603385e-08,0.946
2160.4640000015497,1.666310322307503e-05,0.011986103064243444,-0.1422477712505481,1.000601475048873,-0.0,1.013128209088468e-08,0.946
2160.4619999974966,1.645847174073033e-05,0.011875573239472751,-0.030489178043432208,1.036791799665488,-0.0,1.0213172044765736e-08,0.946
2160.46099999547,1.6619257403797066e-05,0.011979026505663607,-0.11201238902024091,1.0168547045947338,-0.0,1.02387613764538e-08,0.946
2160.46099999547,1.6692342652414433e-05,0.01201509771493411,-0.08208143531905998,1.0182167717577912,-0.0,1.0049437053891574e-08,0.946
2160.4610000029206,1.6458472055187102e-05,0.011812620864816862,-0.15023965557855545,0.9917049022512368,-0.0,9.691258843686453e-09,0.945
2160.4610000029206,1.6458471997477053e-05,0.011832406684745776,-0.1497920040851488,0.9996247683203408,-0.0,9.844763438981544e-09,0.945
2160.462000004947,1.65461716748481e-05,0.011923734255529622,-0.04784705135837486,1.0273176676532696,-0.0,1.0182470206410814e-08,0.945
2160.4610000029206,1.6590023813101155e-05,0.011933049099819935,-0.04709603700295828,1.0199634818125756,-0.0,9.952218019648928e-09,0.945
2160.4610000029206,1.654617347124283e-05,0.011860544448712424,-0.16672033880713233,0.9829021720153487,-0.0,9.660559735492998e-09,0.945
2160.46099999547,1.667772433009848e-05,0.011980735023190614,-0.06440477154182478,1.011085423699762,-0.0,9.921517743244898e-09,0.945
2160.4610000029206,1.6692341311084195e-05,0.012004872305207049,-0.06411388755119551,1.0154452799862728,-0.0,1.000850427370127e-08,0.945
2160.4619999974966,1.6648488996856442e-05,0.011931823877875145,-0.18224646776318298,0.9793179644832484,-0.0,9.716838905661499e-09,0.945
2160.4619999974966,1.669234054027236e-05,0.012035036570910682,-0.08166416786197273,1.0258039651608062,-0.0,1.0202940060328955e-08,0.945
2160.46099999547,1.6546173727228394e-05,0.011860544448712424,-0.16672033880713233,0.9829021720153487,-0.0,9.660560887977931e-09,0.945
2160.46099999547,1.664849090989232e-05,0.011931823877875145,-0.18224646776318298,0.9793179644832484,-0.0,9.716844313624656e-09,0.945
2160.4610000029206,1.6677723905286968e-05,0.012000243662243533,-0.06383055864832254,1.0189240701860791,-0.0,1.0075017775207531e-08,0.945
2160.4619999974966,1.6546173192634734e-05,0.011943580820131658,-0.04736169390122713,1.0349595783446668,-0.0,1.0335975666585092e-08,0.945
2160.4619999974966,1.656078900415369e-05,0.01188467980364165,-0.16611673299274043,0.9874516083790545,-0.0,9.747541340092508e-09,0.945
2160.462999999523,1.641462127371295e-05,0.011823012548880836,-0.1508620517031276,1.007051823847106,-0.0,1.0074999734009734e-08,0.945
2160.4619999974966,1.6838507586173343e-05,0.012104080796567093,-0.14333607933178794,0.9995594464381994,-0.0,1.0100597518807445e-08,0.945
2160.4619999974966,1.654617245684504e-05,0.011860544448712424,-0.16672033880713233,0.9829021720153487,-0.0,9.660551387791374e-09,0.945
2160.4610000029206,1.6780042730526713e-05,0.012051788831334844,-0.08102736580332826,1.0072291292162114,-0.0,9.977800165753822e-09,0.945
2160.462000004947,1.6677721081709266e-05,0.012000243662243533,-0.06383055864832254,1.0189240701860791,-0.0,1.0075017947266728e-08,0.945
2160.46099999547,1.6546173573830744e-05,0.011860544448712424,-0.16672033880713233,0.9829021720153487,-0.0,9.660559458275997e-09,0.945
2160.4619999974966,1.6780038770343183e-05,0.012032606772058736,-0.081777002466211,0.999221868669705,-0.0,9.824295674745126e-09,0.945
2160.4619999974966,1.6648489797584754e-05,0.011931823877875145,-0.18224646776318298,0.9793179644832484,-0.0,9.71683613324099e-09,0.945
2160.46099999547,1.6648492337498224e-05,0.011931823877875145,-0.18224646776318298,0.9793179644832484,-0.0,9.716843686999343e-09,0.945
2160.46099999547,1.6823890899571043e-05,0.012089094210502657,-0.09436275267024818,1.0055507216558435,-0.0,1.0085254066131089e-08,0.945
2160.4610000029206,1.6648492337441697e-05,0.011931823877875145,-0.18224646776318298,0.9793179644832484,-0.0,9.716843686887844e-09,0.945
2160.4619999974966,1.664848958525725e-05,0.011931823877875145,-0.18224646776318298,0.9793179644832484,-0.0,9.716840335408789e-09,0.945
2160.4619999974966,1.667772250638101e-05,0.012000243662243533,-0.06383055864832254,1.0189240701860791,-0.0,1.0075016625522757e-08,0.945
2160.4619999974966,1.6648488996863872e-05,0.011931823877875145,-0.18224646776318298,0.9793179644832484,-0.0,9.716838905683135e-09,0.945
2160.179999999702,1.6621421899049065e-05,0.011936724011091106,-0.1660648268185514,0.992759718168455,-0.0,9.852445691254445e-09,0.945
2160.180999994278,1.6782222316925827e-05,0.012051788831334844,-0.08102736580332826,1.0072291292162114,-0.0,9.98039671842429e-09,0.945
2160.179999999702,1.6840701871346912e-05,0.01209368884755681,-0.09643523638134877,1.0025981409688955,-0.0,1.005205368188647e-08,0.945
2160.180999994278,1.6548319889993148e-05,0.011880004331816409,-0.166042391540556,0.990980206108688,-0.0,9.816604508587158e-09,0.945
2160.179999999702,1.6650659228681326e-05,0.011931823877875145,-0.18224646776318298,0.9793179644832484,-0.0,9.719373697529611e-09,0.945
2160.179999999702,1.654832857495921e-05,0.011880004331816409,-0.166042391540556,0.990980206108688,-0.0,9.816618616041062e-09,0.945
2160.1810000017285,1.6679884864369356e-05,0.012000243662243533,-0.06383055864832254,1.0189240701860791,-0.0,1.0077637437038722e-08,0.945
2160.1810000017285,1.6782215968160405e-05,0.012051788831334844,-0.08102736580332826,1.0072291292162114,-0.0,9.980396747474565e-09,0.945
2160.179999999702,1.678222721204253e-05,0.012051788831334844,-0.08102736580332826,1.0072291292162114,-0.0,9.98039953140014e-09,0.945
2160.180999994278,1.678221818599909e-05,0.012051788831334844,-0.08102736580332826,1.0072291292162114,-0.0,9.98040163813817e-09,0.945
2160.179999999702,1.6782227212056034e-05,0.012051788831334844,-0.08102736580332826,1.0072291292162114,-0.0,9.980399531443717e-09,0.944
2160.180999994278,1.6548317502898984e-05,0.011860544448712424,-0.16672033880713233,0.9829021720153487,-0.0,9.663064747739537e-09,0.945
2160.1810000017285,1.6650647579618298e-05,0.011931823877875145,-0.18224646776318298,0.9793179644832484,-0.0,9.719366998255096e-09,0.944
2160.180999994278,1.6679895374838428e-05,0.012000243662243533,-0.06383055864832254,1.0189240701860791,-0.0,1.0077635102813286e-08,0.944
2160.180999994278,1.665065448272358e-05,0.011931823877875145,-0.18224646776318298,0.9793179644832484,-0.0,9.719356625555461e-09,0.944
2160.179999999702,1.6679896558320502e-05,0.012000243662243533,-0.06383055864832254,1.0189240701860791,-0.0,1.0077644449912788e-08,0.944
2160.180999994278,1.6782222051088393e-05,0.012051788831334844,-0.08102736580332826,1.0072291292162114,-0.0,9.980380708235893e-09,0.944
2160.1810000017285,1.6650652678200533e-05,0.011931823877875145,-0.18224646776318298,0.9793179644832484,-0.0,9.719356513989183e-09,0.944
2160.179999999702,1.6679896558322938e-05,0.012000243662243533,-0.06383055864832254,1.0189240701860791,-0.0,1.007764444990872e-08,0.944
2160.1810000017285,1.6548316954087686e-05,0.011880004331816409,-0.166042391540556,0.990980206108688,-0.0,9.816615313524042e-09,0.944
2160.195999994874,1.6738266416299586e-05,0.012042565831784566,-0.07944422534181994,1.01386759635525,-0.0,1.014899889953916e-08,0.944
2160.180999994278,1.678221542579214e-05,0.012051788831334844,-0.08102736580332826,1.0072291292162114,-0.0,9.980396081875139e-09,0.944
2160.180999994278,1.665064755910374e-05,0.011931823877875145,-0.18224646776318298,0.9793179644832484,-0.0,9.719370497110721e-09,0.944
2160.179999999702,1.66798965583181e-05,0.012000243662243533,-0.06383055864832254,1.0189240701860791,-0.0,1.0077644449923244e-08,0.944
2160.1810000017285,1.67822206171009e-05,0.012051788831334844,-0.08102736580332826,1.0072291292162114,-0.0,9.98038102495798e-09,0.944
2160.179999999702,1.6752987387200185e-05,0.01199561323326594,-0.21171712402868081,0.9708265918503838,-0.0,9.663073467924974e-09,0.944
2160.180999994278,1.6679892887300667e-05,0.012000243662243533,-0.06383055864832254,1.0189240701860791,-0.0,1.0077626822916382e-08,0.944
2160.1810000017285,1.6679892887291916e-05,0.012000243662243533,-0.06383055864832254,1.0189240701860791,-0.0,1.0077626822869343e-08,0.944
2160.179999999702,1.6782227212040147e-05,0.012051788831334844,-0.08102736580332826,1.0072291292162114,-0.0,9.980399531414952e-09,0.944
2160.179999999702,1.6782227212048397e-05,0.012051788831334844,-0.08102736580332826,1.0072291292162114,-0.0,9.980399531398748e-09,0.944
2160.180999994278,1.6782222125023964e-05,0.012082319981706759,-0.09810084390032214,1.0172235488755486,-0.0,1.0174872050444065e-08,0.944
2160.180999994278,1.673837001230567e-05,0.012022396254320781,-0.11002364862430891,1.0011184301289267,-0.0,1.000598092899987e-08,0.944
2160.179999999702,1.667989655832407e-05,0.012000243662243533,-0.06383055864832254,1.0189240701860791,-0.0,1.0077644449898503e-08,0.944
2160.179999999702,1.6679896558333953e-05,0.012000243662243533,-0.06383055864832254,1.0189240701860791,-0.0,1.0077644449910904e-08,0.944
2160.179999999702,1.678222721205209e-05,0.012082319981706759,-0.09810084390032214,1.0172235488755486,-0.0,1.0174889368407643e-08,0.944
2160.1810000017285,1.667988928505842e-05,0.012000243662243533,-0.06383055864832254,1.0189240701860791,-0.0,1.007764134926902e-08,0.944
2160.179999999702,1.6782227212062105e-05,0.012051788831334844,-0.08102736580332826,1.0072291292162114,-0.0,9.980399531401774e-09,0.944
2160.1810000017285,1.6869933822855706e-05,0.012120978865379262,-0.1573255043296653,0.9973371409971726,-0.0,1.0052050067940464e-08,0.944
2160.1810000017285,1.688454848626745e-05,0.01213375746318666,-0.1146435122085343,1.0057107669519063,-0.0,1.0077629311558076e-08,0.944
2160.1810000017285,1.688455245475098e-05,0.012114463831227862,-0.11546019652562123,0.9977995329728109,-0.0,9.924096638284107e-09,0.944
2160.179999999702,1.6782225768673914e-05,0.012082319981706759,-0.09810084390032214,1.0172235488755486,-0.0,1.017489067678756e-08,0.944
2160.1810000017285,1.6548318193578187e-05,0.011923734255529622,-0.04784705135837486,1.0273176676532696,-0.0,1.0185121252880168e-08,0.944
2160.179999999702,1.6679896558329013e-05,0.012000243662243533,-0.06383055864832254,1.0189240701860791,-0.0,1.0077644449937542e-08,0.944
2160.179999999702,1.6679896558320502e-05,0.012000243662243533,-0.06383055864832254,1.0189240701860791,-0.0,1.0077644449912788e-08,0.944
2160.1810000017285,1.688455271122513e-05,0.01213375746318666,-0.1146435122085343,1.0057107669519063,-0.0,1.0077625575535558e-08,0.944
2160.1810000017285,1.6650651269877147e-05,0.011931823877875145,-0.18224646776318298,0.9793179644832484,-0.0,9.719356867454045e-09,0.944
2160.179999999702,1.6679896558320502e-05,0.012000243662243533,-0.06383055864832254,1.0189240701860791,-0.0,1.0077644449912788e-08,0.944
2160.179999999702,1.6738371217600497e-05,0.012002680012621348,-0.11030288017463485,0.9933000521284313,-0.0,9.85244569124529e-09,0.944
2160.180999994278,1.654832487444728e-05,0.011860544448712424,-0.16672033880713233,0.9829021720153487,-0.0,9.663056824560053e-09,0.944
2160.179999999702,1.678222679574289e-05,0.012082319981706759,-0.09810084390032214,1.0172235488755486,-0.0,1.017489353543771e-08,0.944
2160.179999999702,1.6592184569413247e-05,0.011933049099819935,-0.04709603700295828,1.0199634818125756,-0.0,9.954808763367285e-09,0.944
2160.179999999702,1.6592184569421927e-05,0.01195288019806271,-0.04676171599071122,1.0276430990741654,-0.0,1.0108353371572137e-08,0.944
2160.1810000017285,1.6840690554358123e-05,0.012104080796567093,-0.14333607933178794,0.9995594464381994,-0.0,1.0103232448132823e-08,0.944
2160.180999994278,1.692840179574103e-05,0.012162159703562969,-0.20073237118905363,0.9875347928158571,-0.0,1.013393928704457e-08,0.944
2160.1810000017285,1.684069097749157e-05,0.012084255863150267,-0.14369365328603267,0.9918346162423258,-0.0,9.949680890826118e-09,0.944
2160.1810000017285,1.6679894070366533e-05,0.012000243662243533,-0.06383055864832254,1.0189240701860791,-0.0,1.0077632160070261e-08,0.944
2160.179999999702,1.659218456943155e-05,0.011933049099819935,-0.04709603700295828,1.0199634818125756,-0.0,9.954808763375582e-09,0.944
2160.1810000017285,1.6840692826468466e-05,0.012104080796567093,-0.14333607933178794,0.9995594464381994,-0.0,1.0103220712976623e-08,0.944
2160.1810000017285,1.667988700440652e-05,0.011980735023190614,-0.06440477154182478,1.011085423699762,-0.0,9.92409616682285e-09,0.943
2160.1810000017285,1.686992716038665e-05,0.012140743833007657,-0.15670475784942317,1.00503839691364,-0.0,1.0205593327897947e-08,0.943
2160.1810000017285,1.6782223552563417e-05,0.012062701684524248,-0.09874936513470667,1.009479085443425,-0.0,1.0021327376625635e-08,0.944
2160.1810000017285,1.6840691666036154e-05,0.012104080796567093,-0.14333607933178794,0.9995594464381994,-0.0,1.0103230704938434e-08,0.943
2160.180999994278,1.692841097651414e-05,0.012142188786953195,-0.2010665059357657,0.9798523092534792,-0.0,9.980396832321257e-09,0.943
2160.1810000017285,1.679683396237248e-05,0.012085223687584235,-0.18662223431718372,0.9953932058292446,-0.0,1.0241420287281384e-08,0.943
2160.1810000017285,1.6869931293024046e-05,0.012120978865379262,-0.1573255043296653,0.9973371409971726,-0.0,1.0052037336863878e-08,0.943
2160.1810000017285,1.6840692748251407e-05,0.012084255863150267,-0.14369365328603267,0.9918346162423258,-0.0,9.949687777790615e-09,0.943
2160.1789999976754,1.678223170499909e-05,0.012062701684524248,-0.09874936513470667,1.009479085443425,-0.0,1.0021340931949749e-08,0.943
2160.1810000017285,1.694302212401851e-05,0.01213616701053516,-0.1599806764517342,0.9802879716161376,-0.0,9.852443242866112e-09,0.943
2160.179999999702,1.6928413860260208e-05,0.012142188786953195,-0.2010665059357657,0.9798523092534792,-0.0,9.98039953140643e-09,0.943
2160.1689999997616,1.6548424519559992e-05,0.011923734255529648,-0.0478470513585858,1.0273176676531526,-0.0,1.0185209136743345e-08,0.943
2160.1810000017285,1.6826076560272673e-05,0.012070455933093333,-0.1294039911559044,0.9932334200104489,-0.0,9.913845001654825e-09,0.943
2160.179999999702,1.6738369877690133e-05,0.012064155985775482,-0.14236345935139694,1.0130372253498325,-0.0,1.0313078628284685e-08,0.943
2160.179999999702,1.673837121759552e-05,0.012064155985775482,-0.14236345935139694,1.0130372253498325,-0.0,1.0313079515793715e-08,0.943
2160.1810000017285,1.6650656837736763e-05,0.012005846528970488,-0.0828786382255342,1.0254558396688256,-0.0,1.0282358437461069e-08,0.943
2160.180999994278,1.6650647495000987e-05,0.01202580072348347,-0.08231314504577636,1.0330058963810111,-0.0,1.043591128153792e-08,0.943
2160.179999999702,1.66798965583181e-05,0.011980735023190614,-0.064404771541827,1.0110854236997842,-0.0,9.924099841748972e-09,0.943
2160.180999994278,1.6782216821721042e-05,0.012082319981706767,-0.09810084390033014,1.0172235488755683,-0.0,1.0174886474940906e-08,0.943
2160.179999999702,1.678222721206808e-05,0.012082319981706767,-0.09810084390033014,1.0172235488755683,-0.0,1.0174889368420447e-08,0.943
2160.1780000030994,1.6869926862700835e-05,0.012110842853405456,-0.13963816840294951,0.9953693184298978,-0.0,1.0011163532338064e-08,0.943
2160.18599999696,1.665061410143984e-05,0.011931823877875126,-0.1822464677631661,0.9793179644832796,-0.0,9.719286491988024e-09,0.943
2160.1810000017285,1.665064936362339e-05,0.011931823877875126,-0.1822464677631661,0.9793179644832796,-0.0,9.719370840927543e-09,0.943
2160.1810000017285,1.6679890010395712e-05,0.011964616449499128,-0.19246685466965507,0.9805781179958176,-0.0,9.852427328545536e-09,0.943
2160.180999994278,1.6650651898186604e-05,0.011931823877875126,-0.1822464677631661,0.9793179644832796,-0.0,9.719370523214461e-09,0.943
2160.1810000017285,1.6679886281676017e-05,0.011964616449499128,-0.19246685466965507,0.9805781179958176,-0.0,9.852433537661702e-09,0.943
2160.179999999702,1.6679896558341193e-05,0.011964616449499128,-0.19246685466965507,0.9805781179958176,-0.0,9.85244569127804e-09,0.943
2160.179999999702,1.672375009730866e-05,0.012001705531819796,-0.20498967204319873,0.9792686430382995,-0.0,9.959918960930136e-09,0.943
2160.180999994278,1.665064755910384e-05,0.011931823877875126,-0.1822464677631661,0.9793179644832796,-0.0,9.719370497111735e-09,0.943
2160.179999999702,1.6562950499211258e-05,0.011862023534759191,-0.2191350230056961,0.9672223192790793,-0.0,9.678427676688354e-09,0.943
2160.1810000017285,1.6679889553936728e-05,0.011964616449499128,-0.19246685466965507,0.9805781179958176,-0.0,9.852442929340396e-09,0.943
2160.1810000017285,1.6679893695094668e-05,0.011964616449499128,-0.19246685466965507,0.9805781179958176,-0.0,9.852443148319448e-09,0.943
2160.179999999702,1.6650656744569156e-05,0.011931823877875126,-0.1822464677631661,0.9793179644832796,-0.0,9.719373106906924e-09,0.943
2160.179999999702,1.665065922869924e-05,0.011931823877875126,-0.1822464677631661,0.9793179644832796,-0.0,9.71937369749213e-09,0.943
2160.1810000017285,1.6738368712975968e-05,0.01199171253785891,-0.23845693296552817,0.9680458949814273,-0.0,9.750067719530298e-09,0.943
2160.1810000017285,1.656293842870512e-05,0.011862023534759191,-0.2191350230056961,0.9672223192790793,-0.0,9.678415147509867e-09,0.943
2160.179999999702,1.667989655832637e-05,0.011964616449499128,-0.19246685466965507,0.9805781179958176,-0.0,9.852445691253324e-09,0.943
2160.179999999702,1.6738371217600497e-05,0.012006333611208106,-0.20695478253852917,0.9763126454331853,-0.0,9.924099841741263e-09,0.943
2160.1810000017285,1.67091225453539e-05,0.011992444014890864,-0.19199295941628014,0.9819598404571831,-0.0,9.893386793481776e-09,0.943
2160.1810000017285,1.678222591187687e-05,0.012033821732811034,-0.20128563069073513,0.9766307658841433,-0.0,9.82684518170036e-09,0.943
2160.179999999702,1.6723752552777062e-05,0.012001705531819796,-0.20498967204319873,0.9792686430382995,-0.0,9.9599269169778e-09,0.943
2160.1810000017285,1.68553180246903e-05,0.01206148963286634,-0.22205064689519505,0.9623825112809105,-0.0,9.750067800320815e-09,0.943
2160.179999999702,1.6709133887976967e-05,0.012015341071007131,-0.19833729022716406,0.989667142617368,-0.0,1.0108353371568522e-08,0.943
2160.179999999702,1.6679896558329013e-05,0.011964616449499128,-0.19246685466965507,0.9805781179958176,-0.0,9.852445691281294e-09,0.943
2160.179999999702,1.685532053614675e-05,0.01206148963286634,-0.22205064689519505,0.9623825112809105,-0.0,9.750082619135779e-09,0.943
2160.155999995768,1.6796958205702978e-05,0.012020207157822127,-0.20767660386840614,0.966195878153291,-0.0,9.67870268200395e-09,0.943
2160.179999999702,1.6606802023388583e-05,0.011974387872132725,-0.13723160400950674,1.0144437650238043,-0.0,1.0215828976896312e-08,0.943
2160.1669999957085,1.687001130114474e-05,0.012110842853405456,-0.13963816840294951,0.9953693184298978,-0.0,1.001115198282872e-08,0.943
2160.180999994278,1.6840691726328413e-05,0.012074089022820447,-0.26638892658690594,0.9675481362464406,-0.0,9.847315512567307e-09,0.943
2160.1810000017285,1.673836002371208e-05,0.01199171253785891,-0.23845693296552817,0.9680458949814273,-0.0,9.75008015659087e-09,0.943
2160.1810000017285,1.686993009712801e-05,0.012110842853405456,-0.13963816840294951,0.9953693184298978,-0.0,1.0011105377481111e-08,0.943
2160.1810000017285,1.6738360587904538e-05,0.01199171253785891,-0.23845693296552817,0.9680458949814273,-0.0,9.750077681910612e-09,0.942
2160.180999994278,1.6811461675931604e-05,0.012067306370559038,-0.15408407566516535,0.9905598791614504,-0.0,1.0000869376959778e-08,0.942
2160.1810000017285,1.6738368712975968e-05,0.01199171253785891,-0.23845693296552817,0.9680458949814273,-0.0,9.750067719530298e-09,0.942
2160.1830000057817,1.6782222399386165e-05,0.012051788831334825,-0.08102736580331049,1.0072291292162427,-0.0,9.980366284270464e-09,0.942
2160.1810000017285,1.6869936739926462e-05,0.012110842853405456,-0.13963816840294951,0.9953693184298978,-0.0,1.0011093523405416e-08,0.942
2160.179999999702,1.665065922868468e-05,0.011931823877875126,-0.1822464677631661,0.9793179644832796,-0.0,9.719373697501479e-09,0.942
2160.1810000017285,1.686992881061129e-05,0.012110842853405456,-0.13963816840294951,0.9953693184298978,-0.0,1.0011105747737812e-08,0.942
2160.1810000017285,1.6782220745754293e-05,0.012051788831334825,-0.08102736580331049,1.0072291292162427,-0.0,9.980382860855938e-09,0.942
2160.1810000017285,1.667989410838785e-05,0.011964616449499128,-0.19246685466965507,0.9805781179958176,-0.0,9.852430872643327e-09,0.942
2160.1810000017285,1.6650650265885153e-05,0.011931823877875126,-0.1822464677631661,0.9793179644832796,-0.0,9.719370896686712e-09,0.942
2160.179999999702,1.6899176530603312e-05,0.012143633568965626,-0.14982160275136724,0.9964825804191109,-0.0,1.0144180446786533e-08,0.942
2160.179999999702,1.665065922869714e-05,0.011931823877875126,-0.1822464677631661,0.9793179644832796,-0.0,9.719373697538679e-09,0.942
2160.179999999702,1.6679896558336013e-05,0.011964616449499128,-0.19246685466965507,0.9805781179958176,-0.0,9.852445691238785e-09,0.942
2160.179999999702,1.672375255277954e-05,0.012001705531819796,-0.20498967204319873,0.9792686430382995,-0.0,9.959926916976947e-09,0.942
2160.179999999702,1.6650659228687194e-05,0.011931823877875126,-0.1822464677631661,0.9793179644832796,-0.0,9.719373697502116e-09,0.942
2160.179999999702,1.6650659228682376e-05,0.01197316688041214,-0.23661052323192378,0.9813473532524565,-0.0,1.0118589678773109e-08,0.942
2160.1810000017285,1.669450492767368e-05,0.011969258869902355,-0.19513127309014866,0.9778023991746111,-0.0,9.826842768087035e-09,0.942
2160.179999999702,1.673837121760647e-05,0.01199171253785891,-0.23845693296552817,0.9680458949814273,-0.0,9.750082619166815e-09,0.942
2160.179999999702,1.672375255279187e-05,0.012001705531819796,-0.20498967204319873,0.9792686430382995,-0.0,9.959926916998657e-09,0.942
2160.1810000017285,1.667988730532054e-05,0.011964616449499128,-0.19246685466965507,0.9805781179958176,-0.0,9.852440196517218e-09,0.942
2160.180999994278,1.6650648745606523e-05,0.011931823877875126,-0.1822464677631661,0.9793179644832796,-0.0,9.71936375246214e-09,0.942
2160.1810000017285,1.6782217121324398e-05,0.012029204229123557,-0.2508529633917993,0.9666079696329641,-0.0,9.857551770914517e-09,0.942
2160.180999994278,1.6679895272260234e-05,0.011964616449499128,-0.19246685466965507,0.9805781179958176,-0.0,9.852435951681455e-09,0.942
2160.180999994278,1.6899164709727006e-05,0.012112291374433688,-0.2769436115540209,0.9582739021386212,-0.0,9.980396256931144e-09,0.942
2160.1810000017285,1.69284020957696e-05,0.01211687721528494,-0.2745987450272813,0.9543646736534027,-0.0,9.816611882317674e-09,0.942
2160.179999999702,1.6957651189880614e-05,0.012161919285283622,-0.27179028221250645,0.9643673418943969,-0.0,1.002134476024312e-08,0.942
2160.1810000017285,1.694302068237299e-05,0.012111567135574635,-0.23776616398722794,0.9525512010529781,-0.0,9.719370658681824e-09,0.942
2160.179999999702,1.6621420847622294e-05,0.01191195772499656,-0.1935318803556445,0.9725917304963863,-0.0,9.801269259470762e-09,0.942
2160.179999999702,1.6782227212067974e-05,0.01206100477809826,-0.21351900596684814,0.9826415229010648,-0.0,1.013394413959661e-08,0.942
2160.1810000017285,1.68553114352953e-05,0.012114463831227863,-0.209884982524839,0.9859334260147807,-0.0,1.013904763877531e-08,0.942
2160.1810000017285,1.6796836971782354e-05,0.012077721019680795,-0.1846409567494609,0.9896947967749131,-0.0,1.0231174967844565e-08,0.942
2160.1810000017285,1.6796843184186226e-05,0.012087884805222398,-0.21901646571069966,0.9870590202600945,-0.0,1.0282359280162251e-08,0.942
2160.1810000017285,1.6489848622607967e-05,0.011824249045798882,-0.162570980353979,0.9841781852131506,-0.0,9.70401163532513e-09,0.942
2160.179999999702,1.6796845876875315e-05,0.012047663625384323,-0.22036425118132996,0.9721470992886231,-0.0,9.985517685006767e-09,0.942
2160.1810000017285,1.6826071461282205e-05,0.01207021368822985,-0.2133583590770205,0.9757890769827853,-0.0,9.934329317641184e-09,0.942
2160.1810000017285,1.657755483895405e-05,0.01193182387787513,-0.11896935772479855,1.0111601614598777,-0.0,1.0011098941154525e-08,0.942
2160.1810000017285,1.6869927869886082e-05,0.01211542924254001,-0.23984604586082714,0.9730319152849319,-0.0,1.0205595619989219e-08,0.942
2160.180999994278,1.6650656722797638e-05,0.011953858659115269,-0.23908567622426835,0.9726853044978936,-0.0,1.0005974884132154e-08,0.942
2160.179999999702,1.6855318957722898e-05,0.012069486924467092,-0.18094671409533714,0.9719294099610397,-0.0,9.780791613503427e-09,0.942
2160.1810000017285,1.691378429730245e-05,0.012120013896118463,-0.23052756538765307,0.9664214346877718,-0.0,9.924090218662979e-09,0.942
2160.1810000017285,1.6679891252025548e-05,0.011945294407402926,-0.24717278794259068,0.9588450249238142,-0.0,9.811488050881034e-09,0.942
2160.1810000017285,1.6840690638985554e-05,0.012074815509590314,-0.2154022617778506,0.9729029910665994,-0.0,9.898499674505922e-09,0.942
2160.1810000017285,1.6972261798436065e-05,0.012181857855791648,-0.24702231836119148,0.9709538549522061,-0.0,1.0179989948703558e-08,0.942
2160.179999999702,1.6957651189894593e-05,0.012155666740994832,-0.24200066939518816,0.9661165188238314,-0.0,1.003158106745015e-08,0.942
2160.179999999702,1.69137951954269e-05,0.012141947973237005,-0.2338073010752626,0.9739298376243389,-0.0,1.010835337157664e-08,0.942
2160.1810000017285,1.6913788478678814e-05,0.012131588461388336,-0.20003179431738882,0.976671460169098,-0.0,1.005715281270753e-08,0.942
2160.1810000017285,1.6752978056406665e-05,0.012022639462660538,-0.19627155330603685,0.9800146015612623,-0.0,9.959922022408645e-09,0.942
2160.1810000017285,1.689916899364442e-05,0.01214387434925632,-0.19212792325973593,0.9874690943869501,-0.0,1.020559488893226e-08,0.942
2160.179999999702,1.688455786579441e-05,0.012117842434326223,-0.18710392804232967,0.9826435620329171,-0.0,1.0057171835486863e-08,0.942
2160.179999999702,1.686993920096749e-05,0.01208981979559902,-0.23437362602893597,0.9653571498211333,-0.0,1.0000872145820726e-08,0.942
2160.1810000017285,1.692841091240678e-05,0.012106979283389415,-0.2373744706892178,0.9558111488660118,-0.0,9.775671322942866e-09,0.942
2160.1810000017285,1.6913787199419825e-05,0.012131106408323105,-0.27092389583607046,0.9629479161869068,-0.0,1.0108335974756046e-08,0.942
2160.180999994278,1.6855310769406005e-05,0.012120978865379238,-0.1691256725638981,0.9963786265874564,-0.0,1.0190231258390841e-08,0.942
2160.1810000017285,1.6752981947964236e-05,0.012043779787880007,-0.20039523033997186,0.9883115467443496,-0.0,1.0164635645604323e-08,0.942
2160.1810000017285,1.6840691535261202e-05,0.012092238098144683,-0.2158855959768009,0.9793309379522328,-0.0,1.013393169121456e-08,0.941
2160.1810000017285,1.6723750074666843e-05,0.012020693658162638,-0.17573668585955593,0.9919283457727339,-0.0,1.0103219869267583e-08,0.941
2160.1810000017285,1.681145406584805e-05,0.012126525948471259,-0.13033507500328234,1.0187868146934498,-0.0,1.0410311411676267e-08,0.941
2160.180999994278,1.691378347584357e-05,0.012131106408323105,-0.27092389583607046,0.9629479161869068,-0.0,1.0108346361682474e-08,0.941
2160.180999994278,1.6723742434694942e-05,0.012020693658162638,-0.17573668585955593,0.9919283457727339,-0.0,1.0103224273961633e-08,0.941
2160.179999999702,1.6650659228692117e-05,0.012008768726051361,-0.19836885550748562,1.0021981088610665,-0.0,1.0384733666310796e-08,0.941
2160.1810000017285,1.686993526793242e-05,0.01208981979559902,-0.23437362602893597,0.9653571498211333,-0.0,1.0000855707178765e-08,0.942
2160.179999999702,1.6782227212069393e-05,0.012071424863934397,-0.17244524064967193,0.9968710446273247,-0.0,1.0205598290083276e-08,0.941
2160.1810000017285,1.6767598183380573e-05,0.012046207333061752,-0.16810331091959396,0.9916661204637625,-0.0,1.0057159407682974e-08,0.941
2160.179999999702,1.669451522316079e-05,0.012023125864580944,-0.1566231845684003,1.0059625159256362,-0.0,1.023630721168915e-08,0.941
2160.180999994278,1.6899171376048188e-05,0.01214387434925632,-0.19212792325973593,0.9874690943869501,-0.0,1.020557907218725e-08,0.941
2160.180999994278,1.6986884610442094e-05,0.012192414476232063,-0.2076456262334978,0.9785132577942266,-0.0,1.0174872909863635e-08,0.941
2160.179999999702,1.6723752552777062e-05,0.012020693658162638,-0.17573668585955593,0.9919283457727339,-0.0,1.0103235217937054e-08,0.941
2160.1800000071526,1.6782227212053052e-05,0.012071424863934397,-0.17244524064967193,0.9968710446273247,-0.0,1.0205598290034336e-08,0.941
2160.1810000017285,1.6738360339979712e-05,0.012064155985775482,-0.14236345935139694,1.0130372253498325,-0.0,1.031307580255916e-08,0.941
2160.1800000071526,1.6840701871324462e-05,0.012092238098144683,-0.2158855959768009,0.9793309379522328,-0.0,1.013394413955242e-08,0.941
2160.179999999702,1.6782226115348602e-05,0.012071424863934397,-0.17244524064967193,0.9968710446273247,-0.0,1.0205600978391257e-08,0.941
2160.1810000017285,1.6782219680230366e-05,0.012071424863934397,-0.17244524064967193,0.9968710446273247,-0.0,1.0205595025416241e-08,0.941
2160.179999999702,1.6840701871351543e-05,0.012092238098144683,-0.2158855959768009,0.9793309379522328,-0.0,1.0133944139569677e-08,0.941
2160.1810000017285,1.6723744529856853e-05,0.012020693658162638,-0.17573668585955593,0.9919283457727339,-0.0,1.0103217679480615e-08,0.941
2160.179999999702,1.6840701871325804e-05,0.012092238098144683,-0.2158855959768009,0.9793309379522328,-0.0,1.0133944139572653e-08,0.941
2160.1810000017285,1.6694507272007192e-05,0.012023125864580944,-0.1566231845684003,1.0059625159256362,-0.0,1.0236289675251153e-08,0.941
2160.179999999702,1.6972269854710886e-05,0.012149410978911786,-0.23004829684682715,0.963857119794525,-0.0,9.872918305699556e-09,0.941
2160.1810000017285,1.6723749620328138e-05,0.012020693658162638,-0.17573668585955593,0.9919283457727339,-0.0,1.0103232803617975e-08,0.941
2160.179999999702,1.6869939200976716e-05,0.01208981979559902,-0.23437362602893597,0.9653571498211333,-0.0,1.0000872145846348e-08,0.941
2160.179999999702,1.679684587688884e-05,0.012085223687584228,-0.18662223431699232,0.9953932058293765,-0.0,1.0241425365315723e-08,0.941
2160.18599999696,1.708915402065973e-05,0.012251983966326032,-0.20363662123021387,0.9769704486535299,-0.0,1.0046870255936414e-08,0.941
2160.1810000017285,1.698688465872337e-05,0.0121676880128867,-0.24255357274413125,0.9649406686917846,-0.0,9.9189636832277e-09,0.941
2160.179999999702,1.6913795195431118e-05,0.012128454773988225,-0.18711766020509302,0.9812394735051948,-0.0,9.94457245619517e-09,0.941
2160.179999999702,1.6738371217605376e-05,0.012064155985775482,-0.14236345935139694,1.0130372253498325,-0.0,1.0313079515797163e-08,0.941
2160.1810000017285,1.6782220539728945e-05,0.012071424863934397,-0.17244524064967193,0.9968710446273247,-0.0,1.0205596277736254e-08,0.941
2160.180999994278,1.678221639986097e-05,0.012071424863934397,-0.17244524064967193,0.9968710446273247,-0.0,1.020558833412278e-08,0.941
2160.1810000017285,1.673835955570769e-05,0.012064155985775482,-0.14236345935139694,1.0130372253498325,-0.0,1.0313072247153945e-08,0.941
2160.179999999702,1.678222721208002e-05,0.012071424863934397,-0.17244524064967193,0.9968710446273247,-0.0,1.0205598290052372e-08,0.941
2160.179999999702,1.686993920096929e-05,0.012120978865379238,-0.15732550432983317,0.997337140997071,-0.0,1.0052053681929535e-08,0.941
2160.1810000017285,1.678221892927707e-05,0.012071424863934397,-0.17244524064967193,0.9968710446273247,-0.0,1.0205595291281054e-08,0.941
2160.1810000017285,1.6738368770658807e-05,0.012064155985775482,-0.14236345935139694,1.0130372253498325,-0.0,1.0313063991073753e-08,0.941
2160.1810000017285,1.6723744975649345e-05,0.012039166103507165,-0.13831581392665582,1.007816154710694,-0.0,1.0164637186521263e-08,0.941
2160.1810000017285,1.6782218069735534e-05,0.012071424863934397,-0.17244524064967193,0.9968710446273247,-0.0,1.0205595219927695e-08,0.941
2160.1810000017285,1.676760559682011e-05,0.012046207333061752,-0.16810331091959396,0.9916661204637625,-0.0,1.005716956134608e-08,0.941
2160.179999999702,1.6796845876869342e-05,0.012085223687584228,-0.18662223431699232,0.9953932058293765,-0.0,1.0241425365298162e-08,0.941
2160.180999994278,1.6913787673856555e-05,0.012128454773988225,-0.18711766020509302,0.9812394735051948,-0.0,9.944569417050422e-09,0.941
2160.180999994278,1.678222596959557e-05,0.012071424863934397,-0.17244524064967193,0.9968710446273247,-0.0,1.0205588485100196e-08,0.941
2160.179999999702,1.6738371217600497e-05,0.012064155985775482,-0.14236345935139694,1.0130372253498325,-0.0,1.0313079515769181e-08,0.941
2160.1810000017285,1.6913784342190327e-05,0.012131106408323105,-0.27092389583607046,0.9629479161869068,-0.0,1.0108343564473597e-08,0.941
2160.1810000017285,1.6782219680230366e-05,0.012071424863934397,-0.17244524064967193,0.9968710446273247,-0.0,1.0205595025416241e-08,0.941
2160.179999999702,1.67822272120485e-05,0.012071424863934397,-0.17244524064967193,0.9968710446273247,-0.0,1.0205598290055593e-08,0.941
2160.1810000017285,1.6782218481344872e-05,0.012071424863934397,-0.17244524064967193,0.9968710446273247,-0.0,1.020558378054228e-08,0.941
2160.180999994278,1.6840698901701325e-05,0.012092238098144683,-0.2158855959768009,0.9793309379522328,-0.0,1.0133941858570664e-08,0.941
2160.1810000017285,1.7030736594052203e-05,0.012231442561468457,-0.16098543560901035,0.9942587827116125,-0.0,1.0118573294406898e-08,0.94
2160.180999994278,1.6913792315539958e-05,0.012128454773988225,-0.18711766020509302,0.9812394735051948,-0.0,9.944569781547759e-09,0.94
2160.179999999702,1.6869937522108087e-05,0.012120978865379238,-0.15732550432983317,0.997337140997071,-0.0,1.0052059292011113e-08,0.941
2160.1810000017285,1.6738361487601877e-05,0.012064155985775482,-0.14236345935139694,1.0130372253498325,-0.0,1.0313068399527891e-08,0.941
2160.1810000017285,1.6738363975115887e-05,0.012064155985775482,-0.14236345935139694,1.0130372253498325,-0.0,1.031307882156496e-08,0.941
2160.179999999702,1.673836999520886e-05,0.012064155985775482,-0.14236345935139694,1.0130372253498325,-0.0,1.0313073829104968e-08,0.941
2160.179999999702,1.6972269854698282e-05,0.012149410978911786,-0.23004829684682715,0.963857119794525,-0.0,9.87291830567547e-09,0.941
2160.1810000017285,1.691379392471945e-05,0.012128454773988225,-0.18711766020509302,0.9812394735051948,-0.0,9.944562842477927e-09,0.94
2160.180999994278,1.6899175257358917e-05,0.012195052203480454,-0.1459343384164229,1.017067790853182,-0.0,1.0533149818984097e-08,0.94
2160.179999999702,1.6913795195433364e-05,0.012128454773988225,-0.18711766020509302,0.9812394735051948,-0.0,9.944572456185965e-09,0.94
2160.179999999702,1.6899176530612013e-05,0.012174654911833086,-0.14614755855132566,1.00974359599523,-0.0,1.0379615512688336e-08,0.94
2160.162000000477,1.6870140218043275e-05,0.012110842853405456,-0.13963816840294951,0.9953693184298978,-0.0,1.0011309917491198e-08,0.94
2160.180999994278,1.6869929839406956e-05,0.012110842853405456,-0.13963816840294951,0.9953693184298978,-0.0,1.0011093400181673e-08,0.94
2160.179999999702,1.6972273446212443e-05,0.012192174654548558,-0.17244575215465652,0.9937392106405468,-0.0,1.0108371445944355e-08,0.94
2160.4619999974966,1.6896974524429536e-05,0.012143633568965626,-0.14982160275136724,0.9964825804191109,-0.0,1.0141536702272032e-08,0.94
2160.46099999547,1.6896976072129143e-05,0.0121624001170898,-0.14640903926697613,1.0037823057089104,-0.0,1.0264345719158531e-08,0.94
2160.4619999974966,1.680927335794541e-05,0.012084497826525408,-0.09158232769795216,1.0082985033686838,-0.0,1.0110834792787591e-08,0.94
2160.1810000017285,1.7016115334844588e-05,0.012226421394543776,-0.17772155503849074,0.988026945247601,-0.0,1.0277249668107759e-08,0.94
2160.1810000017285,1.68991711443785e-05,0.012097798359461868,-0.23411148593449793,0.9617208653193106,-0.0,9.857560640823059e-09,0.94
2160.2260000035167,1.7293755706318485e-05,0.012395764226550665,-0.28227200569687705,0.9584747963598765,-0.0,1.021004948654756e-08,0.94
2160.4380000010133,1.6838771958857047e-05,0.012092238098144662,-0.21588559597660373,0.9793309379523646,-0.0,1.0131475088283904e-08,0.94
2195.8869999945164,1.8686975684094245e-05,0.014691476225492498,0.09030623535137572,0.37626981005909677,0.9927744539878083,1.3215465457864759e-08,0.94
2160.179999999702,1.6855320536149442e-05,0.012110601416389925,-0.22864152892584766,0.9803361108869949,-0.0,1.0180007522017844e-08,0.94
2160.119999997318,1.684117780151773e-05,0.012092238098144662,-0.21588559597660373,0.9793309379523646,-0.0,1.0134407104958636e-08,0.94
2160.1119999960065,1.6885152508606087e-05,0.012143874349256303,-0.18777332700529303,0.9924950715428668,-0.0,1.0262502291379024e-08,0.94
2160.10000000149,1.701682829728452e-05,0.01220008628097181,-0.2024209571095823,0.9776698243193035,-0.0,1.0001557477411127e-08,0.94
2160.10000000149,1.6738972808817013e-05,0.012084255863150237,-0.14181788001605478,1.0205465601470465,-0.0,1.0467408803858144e-08,0.94
2160.0780000016093,1.697302405555946e-05,0.012192174654548558,-0.17244575215465652,0.9937392106405468,-0.0,1.0109366421018915e-08,0.94
2160.1780000030994,1.6943062170688025e-05,0.012146522617436898,-0.23225887749688878,0.9690331677457843,-0.0,1.0016227753031515e-08,0.94
2160.179999999702,1.6943032525069142e-05,0.012184977809193014,-0.2293118689512763,0.9846303797795587,-0.0,1.03130795158099e-08,0.94
2160.353000000119,1.6649402678144412e-05,0.011931823877875126,-0.1822464677631661,0.9793179644832796,-0.0,9.717203033695863e-09,0.94
2160.46099999547,1.6780040680816384e-05,0.012059307632894815,-0.1582120283682915,0.9944588356061638,-0.0,1.0028965405505157e-08,0.94
2160.4610000029206,1.6896976502393962e-05,0.012143874349256331,-0.19212792325956585,0.9874690943870632,-0.0,1.0202943210528539e-08,0.94
2160.4610000029206,1.679465860181667e-05,0.012085223687584235,-0.18662223431718372,0.9953932058292446,-0.0,1.0238761664468186e-08,0.94
2160.462000004947,1.682389211216614e-05,0.012140262143474509,-0.14466739406835494,1.0171735876816967,-0.0,1.0443427242548098e-08,0.94
2160.46099999547,1.695544396711305e-05,0.012195052203480454,-0.18929469367098628,0.9923030335430364,-0.0,1.0305276434708572e-08,0.94
2160.445000000298,1.7028701897705217e-05,0.012297244497131125,-0.01729664630283878,1.0453556622534104,-0.0,1.0515262417976275e-08,0.94
2160.4619999974966,1.7028524684607627e-05,0.012263672403432534,-0.09328036522930994,1.014510901552385,-0.0,1.0463894844405793e-08,0.94
2160.4379999935627,1.7087270120797577e-05,0.012292012335311967,-0.139341868214232,1.0007398977295083,-0.0,1.0423051175620908e-08,0.94
2160.4610000029206,1.6765423909532825e-05,0.01203187773671861,-0.2088196397837634,0.9772861187594424,-0.0,1.0013614535630713e-08,0.94
2160.4610000029206,1.6823891956694798e-05,0.012140262143474509,-0.14466739406835494,1.0171735876816967,-0.0,1.0443433634649829e-08,0.94
2160.462000004947,1.6867740749967516e-05,0.012146763340459154,-0.17380297389066968,1.0012393280053502,-0.0,1.033597429364949e-08,0.94
2160.4619999974966,1.6867740378676952e-05,0.012146763340459154,-0.17380297389066968,1.0012393280053502,-0.0,1.0335975073176324e-08,0.94
2160.462000004947,1.673618961081384e-05,0.01208425586315026,-0.1418178800160752,1.0205465601470294,-0.0,1.0463895430529734e-08,0.94
2160.46099999547,1.704314240230505e-05,0.01226510287514995,-0.17450903623303526,1.0003272769853382,-0.0,1.0305274075223972e-08,0.94
2160.4610000029206,1.7043143609785413e-05,0.012245061064275514,-0.17487967166877594,0.9928033535692968,-0.0,1.0151772662818834e-08,0.94
2160.46099999547,1.6955443086860587e-05,0.012281303243415349,-0.04564454717731037,1.0507831491939328,-0.0,1.0857895809496697e-08,0.94
2160.46099999547,1.7043143561577386e-05,0.012245061064275514,-0.17487967166877594,0.9928033535692968,-0.0,1.0151775689372183e-08,0.94
2313.4959999993443,1.6205201917021506e-05,0.011635348106996207,-0.2869040760020347,0.9626116132137693,4.082382235190622,9.744968334494898e-09,0.943
2333.5260000005364,1.6417250288586723e-05,0.011879384166150099,-0.3401743813680418,0.9478052166280071,4.106423200458308,9.748688934005172e-09,0.943
2333.5260000005364,1.626533457731009e-05,0.011752598214842957,-0.3364524274837528,0.9425281528521139,4.107091379676592,9.52179995792593e-09,0.943
