ChargingTime,VoltageSlope,VoltageStd,VoltageKurtosis,VoltageSkewness,VoltageEntropy,VoltageCurvature,Normalized Capacity
1439.4400000000605,0.00013773152156230996,0.05732028309477653,-1.2674573139332665,-0.04598328645539783,6.621274872812949,-6.569358338207094e-09,1.021292808924682
1400.0,0.00011475,0.05135265560898713,-1.06011858825931,-0.06214822427722842,-0.0,-6.0197155785406765e-09,1.0203495043143502
1400.0,0.00011892857142858252,0.05330219328999343,-1.0035450646630806,0.17441987013491564,-0.0,1.703296703296654e-08,1.019417001863406
1400.0,0.00011689285714286823,0.052329541870543395,-1.0200077675023798,0.07916953486257852,-0.0,7.571105365220512e-09,1.0184957577277263
1400.0,0.00011903571428571429,0.05333970200070307,-0.9851580257125256,0.14966398704861977,-0.0,1.4487718164184848e-08,1.0175862280631884
1400.0100000000093,0.00011974903250265539,0.0536603072245079,-1.0065699960355992,0.16145332802098608,-0.0,1.5878673646014054e-08,1.0166888690256697
1400.0,0.00011932142857145074,0.05346890507130118,-0.99968132018738,0.15939544805878997,-0.0,1.557045895281112e-08,1.015804136771047
1400.0,0.00011982142857145075,0.05369073698595726,-0.9922950887823463,0.1532463443440719,-0.0,1.4988687782804195e-08,1.014932487455197
1400.0099999997765,0.000126070230057954,0.05661549510261559,-1.0010532249434618,0.26513068889467434,-0.0,2.802078758072911e-08,1.0140743772339977
1400.0,0.00012642857142857142,0.05677004575687864,-0.997408965807967,0.2615118707844612,-0.0,2.765029088558452e-08,1.0132302622633254
1400.0100000000093,0.00012739158743155704,0.05721446703496625,-0.9994437716910274,0.26927883687907217,-0.0,2.8741555739391045e-08,1.0124005986990574
1400.0099999997765,0.00012732048447431624,0.05718999246454955,-0.9997165000443475,0.27473880061127953,-0.0,2.9369352321376013e-08,1.0115858426970712
1400.0,0.00012732142857141749,0.05718999246454955,-0.9997165000443475,0.27473880061127953,-0.0,2.9371363930184248e-08,1.0107864504132433
1400.0,0.00012732142857141749,0.05718999246454955,-0.9997165000443475,0.27473880061127953,-0.0,2.9371363930184248e-08,1.0100028780034516
1400.0,0.00012660714285713177,0.05687639061617583,-0.9956129286015347,0.2781209482471592,-0.0,2.9532967032965268e-08,1.009235581623572
1400.0,0.000127,0.05704818347761161,-1.0061662513898264,0.2757092284719211,-0.0,2.9460245636714275e-08,1.008485017429483
1400.0,0.00012739285714287931,0.05721446703496627,-0.999443771690951,0.26927883687921017,-0.0,2.8741111829346322e-08,1.007751641577061
1400.0,0.00012739285714286966,0.05721446703496627,-0.999443771690951,0.26927883687921017,-0.0,2.8741111829348403e-08,1.0070359102221829
1400.0,0.00012742857142857144,0.057235936097458785,-1.0017063943971252,0.27261609147429444,-0.0,2.916936005171256e-08,1.006338279520726
1400.0,0.00012732142857142857,0.05718999246454959,-0.9997165000443213,0.27473880061130945,-0.0,2.937136393018727e-08,1.0056592056285676
1400.0100000000093,0.00012760586310379238,0.057319738144485446,-1.0111190696157466,0.27641832473170913,-0.0,2.9758549500660853e-08,1.0049991447015847
1400.0,0.00012760714285713323,0.057319738144485446,-1.0111190696157466,0.27641832473170913,-0.0,2.975921137685503e-08,1.004358552895654
1400.0,0.00012796428571428572,0.057499648032049135,-0.9889288350339909,0.28598485505254356,-0.0,3.06803490626993e-08,1.0037378863666535
1400.0,0.00012785714285712068,0.05744711854019684,-1.0071543509971213,0.28407374638032684,-0.0,3.0639948287005056e-08,1.0031376012704594
1400.0,0.000128,0.057503374642172846,-0.9913735023945458,0.2784053132203509,-0.0,2.9831932773108183e-08,1.002558153762949
1439.0,0.00013948668474474113,0.05807526685882957,-1.254027253310176,-0.11480225972908861,6.6223437092722675,-1.6669911049010843e-08,1.0009315377382693
1400.0,0.00011842857142857142,0.053063125031374225,-0.9960089311251359,0.14853192489348954,-0.0,1.4414996767937703e-08,1.0004163279662748
1400.0,0.00011839285714284605,0.05305989427950637,-0.9885312928293595,0.1634071037057724,-0.0,1.579670329670262e-08,0.9999132086976199
1400.0,0.00011882142857143966,0.05324981555970746,-0.9755604563853586,0.15329263704492432,-0.0,1.4762443438910947e-08,0.9994217371303742
1400.0,0.00011975,0.05366456665515629,-0.9862486442150811,0.15715404825280654,-0.0,1.534421460891881e-08,0.9989414704626071
1400.0,0.00011971428571427463,0.053651609836940055,-1.0095733938707108,0.16979441953627647,-0.0,1.6806722689074243e-08,0.9984719658923878
1400.0,0.00011996428571427463,0.05375827732500717,-0.9975559500385698,0.16056739548986043,-0.0,1.5764382676142377e-08,0.9980127806177861
1400.0,0.00012007142857142857,0.05381688529501815,-1.0028120701235752,0.17480180764297767,-0.0,1.7307692307690525e-08,0.9975634718368711
1400.0,0.0001266428571428586,0.05689196110256031,-0.9893949595882567,0.2775678607700185,-0.0,2.9411764705880197e-08,0.9971235967477124
1400.0,0.0001275000000000111,0.05727860067458094,-1.0056069983130924,0.27897106400476657,-0.0,2.9977375565607966e-08,0.9966927125483794
1400.0,0.00012782142857141894,0.05742821606144494,-0.9874707539231071,0.2802493392748478,-0.0,2.998545572074908e-08,0.9962703764369417
1400.0,0.0001275000000000111,0.057271034813170876,-1.0058757876724747,0.2751002374092073,-0.0,2.952488687782445e-08,0.9958561456114684
1400.0,0.00012750000000001253,0.057271034813170876,-1.0058757876724747,0.2751002374092073,-0.0,2.9524886877826203e-08,0.995449577270029
1400.0,0.0001275000000000111,0.057271034813170876,-1.0058757876724747,0.2751002374092073,-0.0,2.952488687782445e-08,0.9950502286106933
1400.0,0.00012732142857142857,0.05718999246454956,-0.9997165000443173,0.27473880061131123,-0.0,2.937136393018371e-08,0.9946576568315302
1400.0,0.00012782142857143967,0.05744546067689731,-0.9918438547253645,0.29182686943658026,-0.0,3.137524240465458e-08,0.9942714191306093
1400.0,0.0001285,0.05775127291938704,-0.9939416805863477,0.2929635226408075,-0.0,3.1641887524239114e-08,0.9938910727060003
1400.0100000002421,0.00012817728524668176,0.057596709562100445,-0.9975297952909572,0.2876140777070228,-0.0,3.101903792243377e-08,0.9935161747557724
1400.0,0.00012803571428572538,0.057534834169024454,-0.9923427721631244,0.2877561220314508,-0.0,3.0955074337426777e-08,0.9931462824779949
1400.0,0.00012853571428572536,0.057751767649714965,-0.9901599325313106,0.2830475737434411,-0.0,3.048642533936223e-08,0.9927809530707374
1400.0,0.00012835714285713178,0.0576766850642441,-0.9862840842999647,0.28489108759429177,-0.0,3.063994828700306e-08,0.9924197437320694
1400.0,0.0001281785714285618,0.05758472019555191,-0.997501828101262,0.2787863085556958,-0.0,2.998545572074599e-08,0.9920622116600601
1400.0,0.00012810714285715395,0.05756015486924466,-0.9977240394300226,0.2841581892739715,-0.0,3.061570782158933e-08,0.9917079140527792
1400.0,0.00012810714285715395,0.05756015486924466,-0.9977240394300226,0.2841581892739715,-0.0,3.061570782158933e-08,0.9913564081082958
1400.0,0.00012828571428573647,0.057626217578294676,-1.0056911509027529,0.27562999554906825,-0.0,2.975113122171723e-08,0.9910072510246796
1439.029999999795,0.00013968169310130718,0.058189548529150904,-1.241879595927997,-0.1450835037923642,6.6202036674143745,-2.1039832643067848e-08,0.9899757287517814
1400.0,0.00011953571428571429,0.05357300315146313,-0.9984196202800377,0.167557502274039,-0.0,1.6443115707821005e-08,0.9896399707007902
1400.0100000002421,0.00011974948493782994,0.0536675835473289,-0.9877386802674915,0.15948075359968808,-0.0,1.5649770043170742e-08,0.9893083866900997
1400.0,0.00011975,0.053664566655156315,-0.9862486442150669,0.1571540482528241,-0.0,1.534421460892007e-08,0.9889809184633761
1400.0,0.0001204642857142968,0.05399268027991873,-0.982835849912552,0.16591929517689621,-0.0,1.629767291532007e-08,0.9886575077642864
1400.0,0.00011999999999999027,0.05376996860524961,-0.9985064989433332,0.1539341236712003,-0.0,1.5142210730443175e-08,0.9883380963364964
1400.0,0.00011999999999999027,0.05376996860524961,-0.9985064989433332,0.1539341236712003,-0.0,1.5142210730443175e-08,0.9880226259236727
1400.0,0.00012671428571429824,0.056926853651564774,-0.9734408397483314,0.27775363498194056,-0.0,2.9250161603101394e-08,0.9877110382694819
1400.0,0.00012789285714285715,0.057464523217124384,-0.9847990751533291,0.28353248810866194,-0.0,3.032482223658698e-08,0.9874032751175904
1400.0,0.0001275,0.05728849298568969,-1.0019041123103403,0.284407152045726,-0.0,3.054298642533896e-08,0.9870992782116648
1400.0,0.000128,0.05750337464217288,-0.9913735023945489,0.27840531322034817,-0.0,2.9831932773103875e-08,0.986798989295371
1400.0,0.00012782142857142858,0.05740939030540286,-1.0115074946634397,0.27236449984621136,-0.0,2.9339043309629055e-08,0.9865023501123759
1400.0,0.000128,0.05750337464217288,-0.9913735023945489,0.27840531322034817,-0.0,2.9831932773103875e-08,0.986209302406346
1400.0,0.00012875,0.05785474421835627,-0.9889327967079615,0.28642398334587293,-0.0,3.0906593406593886e-08,0.9859197879209473
1400.0,0.00012817857142856035,0.057584720195551865,-0.9975018281012793,0.278786308555662,-0.0,2.998545572074859e-08,0.9856337483998466
1400.0,0.00012875000000002365,0.05787054518492111,-0.9869388662545648,0.2952870174612085,-0.0,3.192469295410651e-08,0.9853511255867101
1400.0100000007078,0.00012828537237839427,0.05764158551733617,-1.0038269353111045,0.28452485924929083,-0.0,3.0769741927007684e-08,0.9850718612252046
1400.0,0.00013696428571428573,0.061619647454208455,-1.0334310868182028,0.32449727002501505,-0.0,3.8259534583060585e-08,0.9847958970589961
1400.0100000007078,0.0001366415733234212,0.06146404291476908,-1.0562337800239212,0.31865082658869714,-0.0,3.776525983807258e-08,0.9845231748317513
1400.0,0.00013664285714286978,0.06146404291476908,-1.0562337800239212,0.31865082658869714,-0.0,3.776664511958346e-08,0.9842536362871365
1400.0,0.0001365357142857269,0.06141389636447658,-1.051686097365731,0.3176573900617594,-0.0,3.7532320620554824e-08,0.9839872231688184
1400.0,0.00013664285714286824,0.06146404291476908,-1.0562337800239212,0.31865082658869714,-0.0,3.776664511958458e-08,0.9837238772204631
1400.0,0.00013664285714286824,0.06146404291476908,-1.0562337800239212,0.31865082658869714,-0.0,3.776664511958458e-08,0.9834635401857371
1400.0,0.00013660714285715394,0.061450560848306704,-1.0348294849701676,0.3204093673231922,-0.0,3.769392372333313e-08,0.983206153808307
1400.0,0.00013660714285714285,0.061469465900520444,-1.0480284374166635,0.32870380788573,-0.0,3.89382676147364e-08,0.9829516598318393
1439.050000000745,0.00013905380156622421,0.05795828867638578,-1.2269684087940138,-0.169173002920719,6.61876763261827,-2.4319420809717863e-08,0.9822059218579811
1400.019999999553,0.00011982012181908152,0.0536935750346352,-0.993768458208355,0.155563019763309,-0.0,1.5295453781357683e-08,0.9819635753522103
1400.0,0.00011992857142857143,0.05374392545962314,-0.9924969681322651,0.15784194857798364,-0.0,1.5497737556558813e-08,0.9817242309159759
1400.0,0.00012042857142856035,0.053965332787421424,-0.9877238545567817,0.15366368795420182,-0.0,1.5077569489332743e-08,0.9814877938188108
1400.0,0.00012039285714284742,0.053958273120025234,-0.9842135081254169,0.1621608870077515,-0.0,1.5958306399478388e-08,0.9812541693302473
1400.0,0.0001264642857142968,0.056800989260332224,-0.9893395716623181,0.27012987588981663,-0.0,2.8514867485453973e-08,0.9810232627198185
1400.0,0.00012725,0.05717367026375499,-0.9933605690111751,0.28252245518109126,-0.0,3.017937944408405e-08,0.9807949792570574
1400.0,0.00012785714285714286,0.0574321960476626,-0.9965112028169631,0.2732961093328931,-0.0,2.9330963154489705e-08,0.9805692242114962
1400.0,0.00012757142857143966,0.057311762276500505,-0.9990534863777261,0.27976060936680935,-0.0,2.9993535875886547e-08,0.980345902852668
1400.0,0.00012796428571428716,0.057486395906211775,-0.9906198330899598,0.27850460363627777,-0.0,2.9840012928245896e-08,0.9801249204501058
1400.0,0.00012796428571429825,0.057489377900865966,-0.9966102442310891,0.27754556686767023,-0.0,2.984001292824534e-08,0.9799061822733418
1400.0,0.00012832142857142857,0.05764976355628217,-0.9981599266387295,0.2800923681827272,-0.0,3.019553975435956e-08,0.9796895935919092
1400.0,0.0001287500000000111,0.05785680188024157,-0.9886943686462772,0.28786282183690665,-0.0,3.108435681965198e-08,0.979475059675341
1400.0099999997765,0.00013703534029494162,0.06163703277676354,-1.0471568985218331,0.3171419199695459,-0.0,3.756517383281536e-08,0.9792624857931693
1400.0,0.00013700000000001108,0.06162613854835436,-1.0364390685475517,0.3206836900622146,-0.0,3.7831286360697276e-08,0.9790517772149274
1400.0,0.00013700000000002217,0.061643213043170705,-1.03547701780214,0.3274309472878026,-0.0,3.868778280542714e-08,0.9788428392101481
1400.0,0.0001365,0.061390397884204646,-1.0496104137611784,0.31469796146074897,-0.0,3.71040723981859e-08,0.9786355770483639
1400.0,0.00013653571428572537,0.06142226988719355,-1.0484237664114056,0.32168325711106105,-0.0,3.8000969618615535e-08,0.9784298959991078
1400.0,0.00013839285714283497,0.06226074204504788,-1.0651578920117821,0.32201255630076964,-0.0,3.8808985132514836e-08,0.9782257013319124
1400.0,0.00013885714285714442,0.06248161634394861,-1.0525257302112743,0.32766259969948214,-0.0,3.949579831932593e-08,0.9780228983163105
1400.0099999997765,0.00013860618148008323,0.06235703649148186,-1.066406715606871,0.3212526978673074,-0.0,3.876161122040125e-08,0.9778213922218351
1400.0099999997765,0.00013849861750888092,0.06230325222727328,-1.0728718305972165,0.31905718715898923,-0.0,3.857505951795157e-08,0.9776210883180186
1400.0,0.0001382857142856921,0.062210319156260595,-1.0607092302116403,0.32106593898532243,-0.0,3.857466063348277e-08,0.9774218918743942
1400.0,0.00013860714285714285,0.06234771924648163,-1.0666289156075344,0.31776243540149673,-0.0,3.8308015513895554e-08,0.9772237081604943
1400.0,0.0001395000000000111,0.06275174063228016,-1.0723830277618793,0.3186745770739114,-0.0,3.8768584356817004e-08,0.9770264424458521
1439.0799999991432,0.00013712120559762885,0.05717469115578975,-1.2095530996704067,-0.1866714635022119,6.612239829414904,-2.62922495226546e-08,0.9764389685425583
1400.0,0.00012610714285714287,0.05664282411576536,-0.9776052613337516,0.26865494354623526,-0.0,2.8175500969618622e-08,0.9762442701616578
1400.0,0.0001274642857142857,0.05726380058241728,-0.9832985096448832,0.27693450022301475,-0.0,2.9500646412410297e-08,0.9760501143312889
1400.0,0.00012753571428571428,0.0573061951275775,-0.9732966483549821,0.282172096230488,-0.0,2.9985455720748914e-08,0.9758564992904393
1400.0,0.00012767857142857288,0.057366573974081805,-0.9821682839790293,0.28034015125950607,-0.0,2.9920814479637304e-08,0.9756634232780981
1400.0,0.00012782142857142858,0.057416025637447174,-0.9936670877019425,0.27309234884755157,-0.0,2.9258241758239245e-08,0.9754708845332533
1400.0,0.0001285357142857379,0.05775176764971506,-0.9901599325313146,0.2830475737434215,-0.0,3.048642533936258e-08,0.9752788812948932
1400.0,0.00012853571428571428,0.057741872237777415,-0.9893650729047758,0.2765998682967231,-0.0,2.975921137685719e-08,0.9750874118020062
1400.0,0.0001369999999999889,0.061626138548354185,-1.036439068547543,0.32068369006222736,-0.0,3.783128636069497e-08,0.9748964742935808
1400.0,0.00013696428571428573,0.06161964745420852,-1.0334310868182028,0.3244972700250063,-0.0,3.825953458306266e-08,0.9747060670086053
1400.0,0.00013642857142856033,0.06137216679524078,-1.0438663033399982,0.3206924578334345,-0.0,3.776664511958336e-08,0.974516188186068
1400.0,0.00013914285714285716,0.06258533222348348,-1.0665456350540328,0.3171771701025942,-0.0,3.8413057530702825e-08,0.9743268360649573
1400.0,0.00013789285714284607,0.06206793513102056,-1.0373717938063862,0.33668489238763366,-0.0,4.01664511958615e-08,0.9741380088842615
1400.0,0.0001387500000000111,0.062439456390055985,-1.0447539628016789,0.3306445899275244,-0.0,3.973012281835617e-08,0.9739497048829688
1400.0099999997765,0.0001394271788865096,0.06274058457155908,-1.074257328068978,0.32694306040582316,-0.0,3.988403231984209e-08,0.973761922300068
1400.0,0.00013953571428571427,0.06277837055486397,-1.0623938501786487,0.32293189092314606,-0.0,3.921299288946189e-08,0.9735746593745471
1400.0,0.00013953571428571427,0.06278974741908412,-1.0686122637507094,0.32780324714000675,-0.0,3.995636716224797e-08,0.9733879143453946
1400.0,0.00013953571428571427,0.06278898902560184,-1.0581711451082405,0.3285744979262252,-0.0,3.9924046541694195e-08,0.9732016854515987
1400.0,0.00013974999999998892,0.06287614431411588,-1.0586534424175604,0.3250285821794416,-0.0,3.95038784744658e-08,0.973015970932148
1400.0,0.00013957142857142857,0.06280809774907334,-1.0477316460636459,0.33045605847626236,-0.0,3.99967679379416e-08,0.9728307690260307
1400.0,0.00013974999999998892,0.06287614431411588,-1.0586534424175604,0.3250285821794416,-0.0,3.95038784744658e-08,0.9726460779722351
1400.0,0.0001392142857142968,0.06263895030440807,-1.0678244809230573,0.32532657398616116,-0.0,3.952811893988226e-08,0.9724618960097497
1400.0,0.0001450357142857143,0.06524620040022766,-1.1174135861424344,0.31615086388462393,-0.0,4.066742081447661e-08,0.9722782213775628
1400.0,0.0001450357142857143,0.06524620040022766,-1.1174135861424344,0.31615086388462393,-0.0,4.066742081447661e-08,0.9720950523146629
1400.0,0.0001450357142857143,0.06524620040022766,-1.1174135861424344,0.31615086388462393,-0.0,4.066742081447661e-08,0.9719123870600379
1400.0,0.0001450357142857143,0.06524620040022766,-1.1174135861424344,0.31615086388462393,-0.0,4.066742081447661e-08,0.9717302238526767
1400.0,0.00014510714285714287,0.06528472438553479,-1.1208863365047783,0.3180231618209737,-0.0,4.1022947640592875e-08,0.9715485609315673
1400.0,0.00014489285714285713,0.06519070924164402,-1.1194177052475542,0.3194549174276706,-0.0,4.118455074337283e-08,0.9713673965356981
1400.0,0.00014525,0.0653482976059821,-1.1247144345178093,0.3176295219415257,-0.0,4.108758888170262e-08,0.9711867289040578
1400.0,0.00014560714285712233,0.06549641938595537,-1.1198748815614787,0.3135838445588591,-0.0,4.053813833225476e-08,0.9710065562756343
1400.0,0.00014528571428569376,0.0653490262979889,-1.1270742602533284,0.3111272381643321,-0.0,4.0158371040721814e-08,0.9708268768894162
1400.0,0.0001454285714285398,0.0654069313350402,-1.122594844862917,0.30998382433349303,-0.0,4.007756948933315e-08,0.9706476889843918
1400.0,0.0001453214285714064,0.06537350562800841,-1.1290602130320473,0.31386242768711076,-0.0,4.0586619263086977e-08,0.9704689907995495
1400.0,0.0001453214285714064,0.06537350562800841,-1.1290602130320473,0.31386242768711076,-0.0,4.0586619263086977e-08,0.9702907805738775
1400.0,0.00014521428571427628,0.06533015055415514,-1.1218337328592813,0.316627085484093,-0.0,4.082094376211703e-08,0.9701130565463644
1400.0,0.00014503571428572539,0.06524620040022769,-1.1174135861424028,0.3161508638846887,-0.0,4.066742081447668e-08,0.9699358169559983
1400.0,0.00014503571428571593,0.06524620040022769,-1.1174135861424028,0.3161508638846887,-0.0,4.066742081447594e-08,0.9697590600417678
1400.0,0.00014482142857143965,0.06514255430171875,-1.116097859322741,0.3142392463785648,-0.0,4.0376535229474783e-08,0.969582784042661
1400.0,0.0001448571428571556,0.06517427187384382,-1.1167662902084048,0.3197341953839042,-0.0,4.1160310277956594e-08,0.9694069871976665
1400.0,0.00014510714285715395,0.0652849432068667,-1.117403052998578,0.31911093552344666,-0.0,4.115223012281436e-08,0.9692316677457725
1400.0,0.00014507142857142857,0.06527655453092303,-1.1180178131883405,0.3222297114642515,-0.0,4.1596638655460176e-08,0.9690568239259674
1400.0,0.00014496428571429844,0.06522539674814083,-1.1139257410198087,0.32139378075915453,-0.0,4.1362314156430194e-08,0.9688824539772396
1400.0,0.0001448928571428793,0.06520130001625364,-1.1154197473087253,0.324017514538357,-0.0,4.175016160310158e-08,0.9687085561385774
1400.0099999997765,0.00014496284284085142,0.06520173821813847,-1.1229211959236503,0.3102375608015545,-0.0,3.989215501411362e-08,0.9685351286489692
1400.0,0.0001450357142857143,0.0652462004002276,-1.11741358614242,0.31615086388465785,-0.0,4.0667420814477426e-08,0.9683621697474033
1400.0,0.00014489285714285713,0.06518289287696215,-1.1100675842601968,0.31763401781935957,-0.0,4.0732062055590015e-08,0.9681896776728682
1400.0,0.00014935714285713346,0.06714639301733269,-1.1734899372607281,0.291675934963447,-0.0,3.920491273432284e-08,0.9680176506643521
1400.0,0.00014967857142858252,0.06729444893260414,-1.1780614039829127,0.2920144637807186,-0.0,3.939075630251995e-08,0.9678460869608434
1400.0,0.00014946428571427462,0.06720742589355806,-1.1772996483514202,0.29574964308146773,-0.0,3.9891725921136014e-08,0.9676749848013303
1400.0,0.0001494642857142857,0.06719821426198767,-1.1774487854777058,0.29249792769689487,-0.0,3.943923723335528e-08,0.9675043424248015
1400.0,0.00014967857142857144,0.0673107930212003,-1.1750048534394697,0.2986469941293306,-0.0,4.031189398836462e-08,0.967334158070245
1400.0,0.00014967857142857144,0.0673107930212003,-1.1750048534394697,0.2986469941293306,-0.0,4.031189398836462e-08,0.9671644299766495
1400.0,0.00014946428571427462,0.06720742589355806,-1.1772996483514202,0.29574964308146773,-0.0,3.9891725921136014e-08,0.9669951563830032
1400.0,0.00014978571428573645,0.06735563044305173,-1.181861012955478,0.2960726862714296,-0.0,4.0077569489335296e-08,0.9668263355282943
1400.0,0.00014967857142856203,0.06730152478284016,-1.175159365698302,0.2954029648846398,-0.0,3.985940530057986e-08,0.9666579656515113
1400.0,0.00014967857142856203,0.06730152478284016,-1.175159365698302,0.2954029648846398,-0.0,3.985940530057986e-08,0.9664900449916426
1400.0,0.00014964285714285714,0.06728347989415136,-1.179570252604219,0.29401231334096195,-0.0,3.973820297349515e-08,0.9663225717876766
1400.0,0.00014967857142857144,0.0673107930212003,-1.1750048534394697,0.2986469941293306,-0.0,4.031189398836462e-08,0.9661555442786014
1400.0099999997765,0.00014974859613823524,0.06734969155371806,-1.17835954338586,0.3004660995903265,-0.0,4.066836369281768e-08,0.9659889607034057
1400.0,0.00014971428571427462,0.0673222527422079,-1.1829310443062249,0.29584886107975183,-0.0,4.009372979961457e-08,0.9658228193010775
1400.0,0.00014967857142857144,0.0673107930212003,-1.1750048534394697,0.2986469941293306,-0.0,4.031189398836462e-08,0.9656571183106054
1400.0,0.00014967857142857144,0.0673107930212003,-1.1750048534394697,0.2986469941293306,-0.0,4.031189398836462e-08,0.9654918559709778
1400.0,0.0001495357142857032,0.06723781532384748,-1.1791692200183483,0.29525606652070746,-0.0,3.9940206851969957e-08,0.9653270305211828
1400.0,0.0001495357142857049,0.06722860785622235,-1.1895242309998104,0.29011206319864463,-0.0,3.934227537168243e-08,0.9651626402002089
1400.0,0.00014971428571427462,0.06730194931019746,-1.1807419356978062,0.28852893357026527,-0.0,3.8962508080153045e-08,0.9649986832470445
1400.0,0.00014957142857142857,0.06726266919076791,-1.1811530785074624,0.29791353564195366,-0.0,4.0368455074336734e-08,0.964835157900678
1400.0,0.00014992857142856033,0.06741393101754348,-1.1846594667959993,0.2943428071834303,-0.0,4.0012928248221595e-08,0.9646720624000976
1400.0,0.00015160714285714286,0.06813418133849318,-1.2207155116826536,0.27334672499885326,-0.0,3.780704589527911e-08,0.9645093949842917
1400.0,0.00014932142857141748,0.06714128670909118,-1.1896104957899454,0.29331473885225506,-0.0,3.9762443438912344e-08,0.9643471538922488
1400.0,0.0001492142857142985,0.06710851198583073,-1.1817241495809574,0.3001191614194312,-0.0,4.0546218487393294e-08,0.964185337362957
1400.0099999997765,0.0001492492381526017,0.06710531878714097,-1.1919870675573252,0.29108122734546005,-0.0,3.9424209690333784e-08,0.9640239436354048
1400.0,0.00014946428571427462,0.06720593794627154,-1.196225487649052,0.29204976588300297,-0.0,3.969780219780138e-08,0.9638629709485806
1400.0,0.00014957142857142857,0.06724971233785179,-1.1712150243457777,0.29458818303664347,-0.0,3.962508080154897e-08,0.9637024175414727
1400.0,0.00014967857142854927,0.06729324596407103,-1.1961150506630125,0.2888568997519047,-0.0,3.9277634130573105e-08,0.9635422816530695
1400.0,0.0001498214285714064,0.06735923594182669,-1.184689167565085,0.29076697696593756,-0.0,3.932611506140648e-08,0.9633825615223593
1400.0,0.0001495357142857049,0.06722860785622235,-1.1895242309998104,0.29011206319864463,-0.0,3.934227537168243e-08,0.9632232553883305
1400.0,0.00014967857142854927,0.06729444893260413,-1.1780614039829338,0.2920144637806876,-0.0,3.939075630251955e-08,0.9630643614899713
1400.0,0.00014996428571428572,0.06742283066764632,-1.169272827369161,0.2940473678203352,-0.0,3.9697802197800383e-08,0.9629058780662704
1400.0,0.00014957142857142857,0.06724971233785179,-1.1712150243457777,0.29458818303664347,-0.0,3.962508080154897e-08,0.9627478033562159
1400.0,0.00014996428571428572,0.06742283066764632,-1.169272827369161,0.2940473678203352,-0.0,3.9697802197800383e-08,0.9625901355987961
1400.0,0.00014946428571427462,0.06720742589355806,-1.1772996483514235,0.29574964308147905,-0.0,3.989172592113398e-08,0.9624328730329995
1400.0,0.00014928571428571597,0.06712298591462716,-1.1735041088421767,0.29515517927624046,-0.0,3.973820297349514e-08,0.9622760138978146
1400.0,0.00014928571428571597,0.06712298591462716,-1.1735041088421767,0.29515517927624046,-0.0,3.973820297349514e-08,0.9621195564322292
1400.0,0.00014967857142854927,0.06731079302120029,-1.1750048534394935,0.2986469941292962,-0.0,4.03118939883595e-08,0.9619634988752322
1400.0,0.00014967857142854927,0.06731079302120029,-1.1750048534394935,0.2986469941292962,-0.0,4.03118939883595e-08,0.9618078394658118
1400.0,0.00014935714285713178,0.06716185141666572,-1.1768876686661245,0.29698772119878186,-0.0,4.009372979961035e-08,0.9616525764429563
1400.0,0.00014967857142854927,0.06731079302120029,-1.1750048534394935,0.2986469941292962,-0.0,4.03118939883595e-08,0.9614977080456543
1400.0,0.0001499285714285825,0.06742558508318283,-1.180620758466012,0.2987361297076631,-0.0,4.0513897866837615e-08,0.9613432325128938
1400.0,0.00014974999999998892,0.06734969155371802,-1.1783595433858578,0.3004660995903391,-0.0,4.066742081447776e-08,0.9611891480836633
1400.0,0.00014949999999998892,0.06722655371063972,-1.1711422535088456,0.29808613389923516,-0.0,4.01583710407212e-08,0.9610354529969511
1400.0,0.0001492857142857032,0.06712298591462716,-1.1735041088421767,0.29515517927624046,-0.0,3.9738202973494556e-08,0.9608821454917458
1400.0,0.0001492857142857032,0.06712298591462716,-1.1735041088421767,0.29515517927624046,-0.0,3.9738202973494556e-08,0.9607292238070354
1400.0,0.00014957142857145074,0.06724971233785164,-1.1712150243457657,0.2945881830366525,-0.0,3.962508080154819e-08,0.9605766861818086
1400.0,0.00014939285714285713,0.06718595374743422,-1.1664969288198221,0.3022672377793787,-0.0,4.073206205558957e-08,0.9604245308550535
1400.0,0.00015003571428571429,0.06744818116789476,-1.174428657236713,0.2907574296930447,-0.0,3.9342275371684676e-08,0.9602727560657586
1400.0099999997765,0.00014946303127957633,0.06722967032068922,-1.1701011070388005,0.3056355283296547,-0.0,4.128272539111604e-08,0.960121360052912
1400.0099999997765,0.00014985587517488247,0.06738637703218513,-1.1864905047219638,0.29547201124114825,-0.0,4.0156280329820325e-08,0.9599703410555025
1400.0,0.00014939285714286822,0.06717340743677262,-1.172457524541573,0.2965491638146225,-0.0,4.0004848093084e-08,0.9598196973125181
1400.0099999997765,0.00014935565955025655,0.06718510322413802,-1.1631627168615426,0.3082475561812517,-0.0,4.1516276516087124e-08,0.9596694270629473
1400.0,0.00014957142857142857,0.06727222592535768,-1.1631852218652248,0.3050165006436616,-0.0,4.109566903684286e-08,0.9595195285457786
1439.1000000014901,0.00013631020744289153,0.05687480245667795,-1.1847473421401529,-0.2127133881348994,6.6120729940152705,-2.954321532144003e-08,0.959072587608499
1400.0,0.00012739285714285714,0.057223704711879576,-0.9812340212250952,0.27146332889514735,-0.0,2.8838073691015977e-08,0.9589248245376791
1400.0,0.00013514285714285714,0.06078870509121458,-1.0348460945441547,0.3184564352237298,-0.0,3.702327084679784e-08,0.9587776779483018
1400.0,0.00013539285714285715,0.060901403533752306,-1.0348695859478891,0.31913255606434343,-0.0,3.7176793794437065e-08,0.9586311386389839
1400.0,0.00013564285714285715,0.061021307753931185,-1.027678005062276,0.32191443478731746,-0.0,3.752424046541542e-08,0.9584851974083423
1400.0,0.00013614285714285714,0.06124758498640301,-1.0253220144373465,0.3223319583825291,-0.0,3.768584356819319e-08,0.9583398450549938
1400.0,0.00013796428571427464,0.06206524984317094,-1.0473921415078251,0.32237319819651256,-0.0,3.848577892695574e-08,0.9581950723775547
1400.0,0.0001387857142856921,0.06243678708063354,-1.0480228311172208,0.32339707383602756,-0.0,3.8849385908205415e-08,0.9580508701746425
1400.0,0.00013914285714283496,0.06261218503043725,-1.0436996207196032,0.32906304802602404,-0.0,3.965740142210629e-08,0.9579072292448735
1400.0,0.00014453571428572537,0.0650364732834035,-1.1239027489024198,0.3206105189650814,-0.0,4.1233031674206544e-08,0.9577641403868645
1400.0,0.00014453571428572537,0.0650364732834035,-1.1239027489024198,0.3206105189650814,-0.0,4.1233031674206544e-08,0.9576215943992326
1400.0,0.0001446428571428555,0.06509626571105137,-1.1072523186234218,0.32692609665146743,-0.0,4.190368455074289e-08,0.9574795820805941
1400.0,0.00014474999999999056,0.06512281437699803,-1.1190011214111613,0.3185958774195362,-0.0,4.097446670975901e-08,0.9573380942295661
1400.0,0.00014935714285715395,0.06714639301733256,-1.1734899372607093,0.2916759349634754,-0.0,3.920491273432111e-08,0.9571971216447651
1400.0,0.00014925000000001108,0.06710936347982041,-1.1849751242891446,0.29413437385009766,-0.0,3.976244343891298e-08,0.9570566551248084
1400.0,0.00014978571428572536,0.06734947944084177,-1.1779942621859076,0.2956264177946221,-0.0,4.007756948933273e-08,0.9569166854683123
1400.0,0.00014942857142858252,0.06719871030508438,-1.1935704005418912,0.2955407679904479,-0.0,4.0126050420167346e-08,0.9567772034738936
1400.0,0.0001497142857142857,0.06732670877360417,-1.1847172265044144,0.2975393881078671,-0.0,4.0433096315446345e-08,0.9566381999401692
1400.0,0.0001497142857142857,0.06732670877360417,-1.1847172265044144,0.2975393881078671,-0.0,4.0433096315446345e-08,0.956499665665756
1400.0099999979138,0.0001495701624200339,0.06724971233785164,-1.1712150243457657,0.2945881830366525,-0.0,3.962300822741409e-08,0.9563615914492705
1400.0,0.00014932142857143965,0.06716043336313271,-1.1746437246813513,0.30273498129145493,-0.0,4.0812863606977956e-08,0.9562239680893296
1400.0,0.00014957142857142857,0.06725905851542181,-1.1710785476132632,0.29783297096755634,-0.0,4.007756948933052e-08,0.95608678638455
1400.0,0.00014967857142857312,0.06731079302120008,-1.1750048534394752,0.29864699412930756,-0.0,4.0311893988361354e-08,0.9559500371335485
1400.0,0.00014967857142857144,0.06731079302120008,-1.1750048534394752,0.29864699412930756,-0.0,4.03118939883615e-08,0.9558137111349421
1400.0099999997765,0.0001496770614388479,0.06731079302120008,-1.1750048534394752,0.29864699412930756,-0.0,4.031174395550072e-08,0.9556777991873474
1400.0,0.00014946428571427633,0.06720742589355795,-1.177299648351402,0.29574964308149615,-0.0,3.9891725921135915e-08,0.9555422920893811
1400.0,0.00014967857142857144,0.06731079302120008,-1.1750048534394752,0.29864699412930756,-0.0,4.03118939883615e-08,0.95540718063966
1400.0,0.00014946428571427294,0.06720742589355795,-1.177299648351402,0.29574964308149615,-0.0,3.989172592113683e-08,0.9552724556368009
1400.0,0.00014957142857142857,0.06725905851542181,-1.1710785476132632,0.29783297096755634,-0.0,4.007756948933052e-08,0.9551381078794208
1400.0,0.00014910714285712069,0.0670652134652746,-1.1622430238600616,0.3051085682172215,-0.0,4.094214608920269e-08,0.9550041281661359
1400.0,0.0001495,0.0672369654565814,-1.1728286661436094,0.3021426715036864,-0.0,4.0853264382672294e-08,0.9548705072955636
1400.0099999997765,0.00014907109106814304,0.0670513662372789,-1.1608539818266,0.3059331260329223,-0.0,4.101326120468802e-08,0.9547372360663202
1400.0,0.00014935714285714286,0.06719467099051686,-1.1629916506224725,0.3114836718408023,-0.0,4.196832579185187e-08,0.9546043052770228
1400.0,0.00014910714285713345,0.0670652134652746,-1.1622430238600616,0.3051085682172215,-0.0,4.0942146089199025e-08,0.9544717057262881
1400.0099999997765,0.0001492130247496674,0.06712121231665247,-1.159555810500376,0.30863737535704744,-0.0,4.144909729215222e-08,0.9543394282127328
1400.019999999553,0.00014935425915382804,0.0671851032241381,-1.1631627168615648,0.308247556181222,-0.0,4.151719339770047e-08,0.9542074635349737
1400.0,0.00014935714285714286,0.0671851032241381,-1.1631627168615648,0.308247556181222,-0.0,4.151583710406954e-08,0.9540758024916274
1400.0,0.00014935714285714286,0.0671851032241381,-1.1631627168615648,0.308247556181222,-0.0,4.151583710406954e-08,0.9539444358813111
1400.0,0.00014935714285714286,0.0671851032241381,-1.1631627168615648,0.308247556181222,-0.0,4.151583710406954e-08,0.953813354502641
1400.0,0.00014935714285714286,0.0671851032241381,-1.1631627168615648,0.308247556181222,-0.0,4.151583710406954e-08,0.9536825491542344
1400.0,0.00014960714285714287,0.06727710995434863,-1.1616061796893442,0.30051226875640674,-0.0,4.039269553975142e-08,0.9535520106347078
1400.0099999997765,0.000149569920248349,0.06727222592535777,-1.1631852218652454,0.3050165006436321,-0.0,4.1095503911160697e-08,0.953421729742678
1400.0,0.00014982142857142858,0.06738022883676809,-1.1595381670562588,0.3033512698102509,-0.0,4.081286360697969e-08,0.953291697276762
1400.0,0.00014957142857141749,0.0672817105269223,-1.1630189604084475,0.3082520848733755,-0.0,4.1548157724623865e-08,0.9531619040355763
1400.0,0.00014957142857141749,0.0672817105269223,-1.1630189604084475,0.3082520848733755,-0.0,4.1548157724623865e-08,0.9530323408177377
1400.0,0.00014960714285714287,0.06728390453536273,-1.159572220772972,0.30329573063676923,-0.0,4.0780542986424004e-08,0.9529029984218631
1400.0,0.00014982142857140809,0.06738022883676809,-1.1595381670562588,0.3033512698102509,-0.0,4.0812863606978154e-08,0.9527738676465692
1400.0099999979138,0.00014982002343442408,0.06738022883676809,-1.1595381670562588,0.3033512698102509,-0.0,4.081379783732904e-08,0.9526449392904727
1400.0,0.00014982142857142858,0.06738022883676809,-1.1595381670562588,0.3033512698102509,-0.0,4.081286360697969e-08,0.9525162041521905
1400.0,0.00014982142857142858,0.06738022883676809,-1.1595381670562588,0.3033512698102509,-0.0,4.081286360697969e-08,0.9523876530303393
1400.0,0.00014967857142858252,0.06731638164737637,-1.1526855499974287,0.30470909794808426,-0.0,4.087750484809129e-08,0.9522592767235358
1400.0,0.00014942857142857143,0.06720742589355802,-1.1434470100858485,0.307507717745961,-0.0,4.1079508726564755e-08,0.9521310660303972
1400.0100000016391,0.00014899966285380958,0.06701407101710592,-1.1566166119370824,0.30505245665455216,-0.0,4.081934369563117e-08,0.9520030117495396
1400.0,0.0001500000000000111,0.06747084026239991,-1.1668098838411893,0.3059593747853588,-0.0,4.140271493212364e-08,0.9518751046795804
1400.0,0.0001492142857143079,0.06712908673380175,-1.141818138947057,0.3142036155505312,-0.0,4.198448610213109e-08,0.9517473356191357
1400.0,0.00014953571428573647,0.06725905851542194,-1.147408939479897,0.3083090385430847,-0.0,4.131383322559713e-08,0.9516196953668229
1400.0100000016391,0.00014899937190128557,0.0670207501627739,-1.1552745163445728,0.3077312172201365,-0.0,4.1174053046856376e-08,0.9514921747212587
1400.0100000016391,0.0001494276916310002,0.06720742589355802,-1.1434470100858485,0.307507717745961,-0.0,4.1076854498709214e-08,0.9513647644810596
1400.0,0.00014925000000001108,0.06714291793310315,-1.143221413693711,0.313376588380793,-0.0,4.1911764705880984e-08,0.9512374554448423
1400.0,0.00014953571428572539,0.06727859632758046,-1.1457303440636417,0.3154001216768093,-0.0,4.233193277310773e-08,0.9511102384112239
1400.0,0.0001490357142857143,0.06704547142123203,-1.157217816289717,0.31039000385051424,-0.0,4.160471881059948e-08,0.9509831041788211
1400.0,0.00014903571428571597,0.06704547142123203,-1.157217816289717,0.31039000385051424,-0.0,4.160471881059925e-08,0.9508560435462504
1400.0,0.00014960714285714287,0.06728390453536277,-1.1526240651785102,0.30498363235247933,-0.0,4.0958306399482304e-08,0.950729047312129
1400.0,0.00014928571428571597,0.067150009750735,-1.1459739293813742,0.3098774113097218,-0.0,4.148351648351396e-08,0.9506021062750732
1400.0,0.00015075,0.06779577174622826,-1.1808685603074311,0.2987966284566782,-0.0,4.0715901745310633e-08,0.9504752112337004
1400.0,0.00015021428571428572,0.06755258974275076,-1.172636378271597,0.2998259340479069,-0.0,4.065934065933861e-08,0.9503483529866268
1400.0,0.00015042857142857143,0.06765549989961409,-1.1719322439335218,0.3018341609227563,-0.0,4.093406593406426e-08,0.9502215223324693
1400.0,0.00015049999999999062,0.06769518517027714,-1.1735635525949457,0.3045488819253161,-0.0,4.143503555268028e-08,0.9500947100698448
1400.0,0.00015046428571427461,0.06768392930167623,-1.178009583101036,0.30497891927094073,-0.0,4.1523917259211794e-08,0.94996790699737
1400.0,0.00015039285714285713,0.06764494138690726,-1.1746880161410334,0.3031827914015881,-0.0,4.1168390433093796e-08,0.9498411039136617
1400.0,0.00015071428571426524,0.06777568042552488,-1.180625257974847,0.29783520211472514,-0.0,4.062702003878262e-08,0.9497142916173367
1400.0,0.00015025000000001108,0.0675699285044409,-1.163119351172596,0.3009939682065758,-0.0,4.066742081447792e-08,0.9495874609070116
1400.0,0.00015025000000001108,0.06757204268320563,-1.169340053281608,0.3020086897161962,-0.0,4.095830639948164e-08,0.9494606025813035
1400.0,0.00015032142857142856,0.06761072047988789,-1.1726610123523065,0.3038302067888255,-0.0,4.131383322559553e-08,0.9493337074388288
1400.0,0.00015082142857143028,0.06782105305946855,-1.1711229798913045,0.29843750574976335,-0.0,4.058661926308894e-08,0.9492067662782047
1400.0,0.00015078571428572536,0.06779640389395586,-1.1691682465080404,0.2957925731229604,-0.0,4.0158371040724e-08,0.9490797698980475
1400.0,0.0001505357142857143,0.0676978581640513,-1.172653870208263,0.3006344054957676,-0.0,4.089366515836797e-08,0.9489527090969744
1400.0,0.0001505357142857143,0.0676978581640513,-1.172653870208263,0.3006344054957676,-0.0,4.089366515836797e-08,0.9488255746736018
1400.0,0.00015032142857142856,0.06761072047988789,-1.1726610123523065,0.3038302067888255,-0.0,4.131383322559553e-08,0.9486983574265468
1400.0,0.00015078571428572536,0.06779640389395586,-1.1691682465080404,0.2957925731229604,-0.0,4.0158371040724e-08,0.9485710481544259
1400.0,0.00015067857142857314,0.0677631027568699,-1.166932214432674,0.3017241934655604,-0.0,4.0958306399478764e-08,0.9484436376558562
1400.0,0.0001505357142857143,0.0676978581640513,-1.172653870208263,0.3006344054957676,-0.0,4.089366515836797e-08,0.948316116729454
1400.0,0.00015032142857142856,0.06761072047988789,-1.1726610123523065,0.3038302067888255,-0.0,4.131383322559553e-08,0.9481884761738365
1400.0,0.00015082142857142857,0.06782105305946855,-1.1711229798913045,0.29843750574976335,-0.0,4.058661926308718e-08,0.9480607067876203
1400.0,0.00015082142857142857,0.06782105305946855,-1.1711229798913045,0.29843750574976335,-0.0,4.058661926308718e-08,0.9479327993694222
1400.0,0.00015078571428571428,0.06781403141786269,-1.16847889352632,0.30189823957003253,-0.0,4.1014867485454594e-08,0.947804744717859
1400.0,0.00015082142857143028,0.06782105305946855,-1.1711229798913045,0.29843750574976335,-0.0,4.058661926308894e-08,0.9476765336315474
1400.0,0.00015078571428571428,0.06781403141786269,-1.16847889352632,0.30189823957003253,-0.0,4.101486748545608e-08,0.9475481569091042
1400.0099999997765,0.00015053430472667607,0.0676978581640513,-1.172653870208263,0.3006344054957676,-0.0,4.089460407214738e-08,0.9474196053491462
1400.0,0.00015082142857143028,0.06782105305946855,-1.1711229798913045,0.29843750574976335,-0.0,4.058661926308894e-08,0.9472908697502901
1400.0,0.00015082142857142857,0.06782105305946855,-1.1711229798913045,0.29843750574976335,-0.0,4.058661926308718e-08,0.9471619409111528
1400.0,0.00015078571428571428,0.06781403141786269,-1.16847889352632,0.30189823957003253,-0.0,4.1014867485454594e-08,0.9470328096303509
1400.0,0.00015078571428571428,0.06781403141786269,-1.16847889352632,0.30189823957003253,-0.0,4.1014867485454594e-08,0.9469034667065015
1400.0,0.00015078571428571428,0.06781403141786269,-1.16847889352632,0.30189823957003253,-0.0,4.1014867485454594e-08,0.946773902938221
1400.0,0.00015078571428571428,0.06781403141786269,-1.16847889352632,0.30189823957003253,-0.0,4.1014867485454594e-08,0.9466441091241262
1400.0,0.00015071428571428741,0.0677890284703387,-1.1633251890684015,0.305190756295529,-0.0,4.1370394311568615e-08,0.9465140760628342
1400.0,0.00015082142857142857,0.06782105305946855,-1.1711229798913045,0.29843750574976335,-0.0,4.058661926308718e-08,0.9463837945529615
1400.0099999997765,0.00015078482418221672,0.06781403141786269,-1.16847889352632,0.30189823957003253,-0.0,4.10121786292171e-08,0.946253255393125
1400.0,0.000150785714285716,0.06781403141786269,-1.16847889352632,0.30189823957003253,-0.0,4.101486748545402e-08,0.9461224493819415
1400.0,0.00015082142857142857,0.06782105305946855,-1.1711229798913045,0.29843750574976335,-0.0,4.058661926308718e-08,0.9459913673180275
1439.089999999851,0.00013400529822065122,0.05593218524504476,-1.156675867891122,-0.22721504962042588,6.607654839075912,-3.062881244352545e-08,0.9455963773668122
1400.0,0.00013792857142857142,0.06206501967023497,-1.0313384442122862,0.3291846247627315,-0.0,3.9140271493211624e-08,0.9454641328333223
1400.0,0.00013796428571427306,0.06206524984317101,-1.0473921415078336,0.3223731981964877,-0.0,3.848577892695543e-08,0.945331612146059
1400.0099999979138,0.00013821398535409537,0.062189571932461836,-1.035498730355333,0.32758979704000285,-0.0,3.907423875102936e-08,0.9451988247981399
1400.0,0.00014382142857142857,0.06473624141376258,-1.100515241517138,0.33132642596237394,-0.0,4.217032967032867e-08,0.9450657802826831
1400.0099999979138,0.00014407021673887513,0.0648347349585302,-1.0915902579638639,0.3274939343558875,-0.0,4.159775197156667e-08,0.9449324880928063
1400.0,0.0001442857142857032,0.06492156439742904,-1.0919673044821303,0.3241111070235005,-0.0,4.117647058823529e-08,0.9447989577216276
1400.0,0.0001489642857142968,0.06698919600168651,-1.1546242683435204,0.3023941197510104,-0.0,4.0392695539755164e-08,0.9446651986622648
1400.0,0.0001489642857142968,0.06698187388071054,-1.157586166872886,0.29895372745303334,-0.0,3.9924046541691224e-08,0.9445312204078357
1400.0,0.00014903571428573646,0.06702650506294035,-1.1588754144555848,0.3032765632254326,-0.0,4.058661926308664e-08,0.9443970324514583
1400.0,0.00014892857142857142,0.06698208715768711,-1.1519059064247499,0.30589937866582895,-0.0,4.082094376211932e-08,0.9442626442862504
1400.0,0.00014903571428572537,0.06704547142123192,-1.1572178162897162,0.3103900038505248,-0.0,4.160471881059928e-08,0.9441280654053298
1400.0,0.00014892857142857142,0.06698208715768711,-1.1519059064247499,0.30589937866582895,-0.0,4.082094376211932e-08,0.9439933053018146
1400.0,0.000149,0.06702075016277377,-1.155274516344592,0.3077312172201019,-0.0,4.1176470588233315e-08,0.9438583734688225
1400.0,0.00014900000000001108,0.06702075016277377,-1.155274516344592,0.3077312172201019,-0.0,4.1176470588235505e-08,0.9437232793994713
1400.0,0.0001490357142857143,0.06704547142123192,-1.1572178162897162,0.3103900038505248,-0.0,4.160471881059944e-08,0.9435880325868793
1400.0,0.00014935714285715395,0.06719467099051678,-1.162991650622453,0.3114836718408356,-0.0,4.196832579185431e-08,0.9434526425241638
1400.0,0.0001490357142857143,0.06704653678780205,-1.1520513343038135,0.3123556522987268,-0.0,4.1879444085323816e-08,0.9433171187044431
1400.0,0.00014935714285715395,0.06719467099051678,-1.162991650622453,0.3114836718408356,-0.0,4.196832579185431e-08,0.943181470620835
1400.0,0.0001490357142857143,0.06705520114055277,-1.1570628403662544,0.3136274173615104,-0.0,4.205720749838248e-08,0.9430457077664572
1400.0,0.00014917857142857143,0.06711915488428725,-1.1606523642783957,0.3132163045488369,-0.0,4.212184873949477e-08,0.9429098396344279
1400.0,0.00014921428571428572,0.0671212123166524,-1.1595558105003816,0.30863737535703334,-0.0,4.145119586295838e-08,0.9427738757178648
1400.0,0.00014885714285714285,0.0669709958542822,-1.1496658771374464,0.31409814105324074,-0.0,4.203296703296471e-08,0.9426378255098856
1400.0100000016391,0.00014903445531916425,0.06704547142123192,-1.1572178162897162,0.3103900038505248,-0.0,4.1602621060366245e-08,0.9425016985036084
1400.0,0.00014992857142856033,0.0674319409973245,-1.1634635225731658,0.30415310208100305,-0.0,4.104718810600914e-08,0.942365504192151
1400.0,0.00014992857142856033,0.0674319409973245,-1.1634635225731658,0.30415310208100305,-0.0,4.104718810600914e-08,0.9422292520686314
1400.0,0.0001500357142856921,0.06748417803985078,-1.1571531558652668,0.3062849728713773,-0.0,4.1233031674207444e-08,0.9420929516261674
1400.0,0.00014992857142856033,0.0674319409973245,-1.1634635225731658,0.30415310208100305,-0.0,4.104718810600914e-08,0.9419566123578766
1400.0,0.00015017857142856034,0.06754666817062384,-1.1691001298064179,0.3042220313629773,-0.0,4.1249191984484794e-08,0.9418202437568775
1400.0100000016391,0.0001499989042870453,0.06747084026239981,-1.1668098838411805,0.3059593747853415,-0.0,4.140018557121992e-08,0.9416838553162874
1400.0,0.00015053571428572368,0.06769785816405116,-1.1726538702082518,0.300634405495776,-0.0,4.08936651583724e-08,0.9415474565292244
1400.0,0.0001499999999999983,0.06747084026239981,-1.1668098838411805,0.3059593747853415,-0.0,4.140271493212626e-08,0.9414110568888064
1400.0,0.00015032142857142856,0.06761072047988774,-1.1726610123522747,0.3038302067888797,-0.0,4.13138332255953e-08,0.9412746658881515
1400.0,0.00015039285714285713,0.0676575410219944,-1.1493815434877284,0.31260407313925664,-0.0,4.220265029088291e-08,0.9411382930203771
1400.0,0.00015017857142857142,0.06755385858353172,-1.1515660398930367,0.3097432359765976,-0.0,4.178248222365671e-08,0.9410019477786014
1400.0,0.00015039285714285713,0.0676575410219944,-1.1493815434877284,0.31260407313925664,-0.0,4.220265029088291e-08,0.9408656396559422
1400.0,0.00015039285714285542,0.0676575410219944,-1.1493815434877284,0.31260407313925664,-0.0,4.220265029088645e-08,0.9407293781455173
1400.0,0.00015060714285714287,0.06773421446745949,-1.171035353990154,0.3015777335778767,-0.0,4.100678733031481e-08,0.9405931727404447
1400.0,0.00015057142857141748,0.06773337082863601,-1.1517083384444882,0.31084899025693885,-0.0,4.204912734324014e-08,0.9404570329338422
1400.0,0.00015057142857141748,0.06773337082863601,-1.1517083384444882,0.31084899025693885,-0.0,4.204912734324014e-08,0.9403209682188277
1400.0,0.00015046428571429681,0.06769645133837905,-1.1527056253036612,0.31438900174135276,-0.0,4.255817711699911e-08,0.9401849880885192
1400.0100000016391,0.00015078444575221503,0.06785432575606011,-1.1578122802990216,0.31831105994604014,-0.0,4.3326985166515355e-08,0.9400491020360345
1400.0,0.00015021428571428572,0.06757479101671253,-1.1643964169365033,0.30887734215386775,-0.0,4.182288299935099e-08,0.9399133195544914
1400.0,0.00015082142857145075,0.06783116294644122,-1.1573042517402983,0.3044982109634744,-0.0,4.13138332255969e-08,0.9397776501370079
1400.0,0.0001507857142857032,0.06783116294644122,-1.1659794942643378,0.30794917645955266,-0.0,4.185520361990823e-08,0.9396421032767017
1400.0100000016391,0.00015049872798076112,0.06769096443888692,-1.1700133588588408,0.3041016787304875,-0.0,4.131980234141841e-08,0.9395066884666909
1400.0,0.00015125000000001108,0.06802149520205959,-1.1552755430752828,0.30420543386661597,-0.0,4.131383322559715e-08,0.9393714152000933
1400.0,0.00015078571428572365,0.06781403141786269,-1.16847889352632,0.30189823957003253,-0.0,4.101486748545599e-08,0.9392362929700265
1400.0,0.00015082142857142857,0.06782105305946855,-1.1711229798913045,0.29843750574976335,-0.0,4.058661926308718e-08,0.9391013312696089
1400.0,0.0001512857142857143,0.06804620279108688,-1.1572071297084408,0.3068296410099867,-0.0,4.174208144796316e-08,0.9389665395919581
1400.0099999979138,0.00015082015200341102,0.06782105305946855,-1.1711229798913045,0.29843750574976335,-0.0,4.0584514003727004e-08,0.9388319274301918
1400.0,0.0001512857142857143,0.06804620279108688,-1.1572071297084408,0.3068296410099867,-0.0,4.174208144796316e-08,0.9386975042774283
1400.0,0.00015078571428571428,0.06781403141786269,-1.16847889352632,0.30189823957003253,-0.0,4.1014867485454594e-08,0.9385632796267851
1400.0,0.0001512857142857143,0.06804620279108688,-1.1572071297084408,0.3068296410099867,-0.0,4.174208144796316e-08,0.9384292629713803
1400.0100000016391,0.00015071323438818802,0.0677890284703387,-1.1633251890684015,0.305190756295529,-0.0,4.1371682175027724e-08,0.9382954638043317
1400.0,0.0001512857142857143,0.06804620279108688,-1.1572071297084408,0.3068296410099867,-0.0,4.174208144796316e-08,0.9381618916187572
1400.0,0.00015103571428572537,0.06792481838312832,-1.1687342784167956,0.3013499500483677,-0.0,4.100678733031603e-08,0.9380285559077746
1400.0,0.0001512857142857143,0.06804620279108688,-1.1572071297084408,0.3068296410099867,-0.0,4.174208144796316e-08,0.9378954661645019
1400.0,0.00015128571428571258,0.06804620279108688,-1.1572071297084408,0.3068296410099867,-0.0,4.174208144796459e-08,0.9377626318820568
1400.0,0.0001509642857142951,0.06791086595152292,-1.1515473196559853,0.3107331521900626,-0.0,4.210568842921403e-08,0.9376300625535575
1400.0,0.00015107142857142858,0.06794269293904624,-1.1593849421138518,0.30398193577906063,-0.0,4.132191338073686e-08,0.9374977676721216
1400.0,0.00015125000000001108,0.06803934436010084,-1.1545468749699186,0.310280909444778,-0.0,4.217032967032816e-08,0.9373657567308671
1400.0100000016391,0.0001512485052475931,0.06803934436010084,-1.1545468749699186,0.310280909444778,-0.0,4.216947337744354e-08,0.9372340392229118
1400.0,0.00015071428571429509,0.0677890284703387,-1.1633251890684015,0.305190756295529,-0.0,4.137039431156952e-08,0.9371026246413735
1400.0,0.0001507142857142968,0.0677890284703387,-1.1633251890684015,0.305190756295529,-0.0,4.1370394311566464e-08,0.9369715224793705
1400.0,0.00015078571428571428,0.06781403141786269,-1.16847889352632,0.30189823957003253,-0.0,4.1014867485454594e-08,0.9368407422300202
1400.0,0.00015103571428572537,0.0679357539640701,-1.1567242251943597,0.30743789716871583,-0.0,4.175016160310266e-08,0.9367102933864406
1400.0,0.00015125000000001108,0.06803934436010084,-1.1545468749699186,0.310280909444778,-0.0,4.217032967032816e-08,0.9365801854417498
1400.0,0.00015060714285714116,0.06774496994154593,-1.1564536835895551,0.3078056722530237,-0.0,4.1604718810600185e-08,0.9364504278890655
1400.0,0.0001511785714285825,0.0680145642666404,-1.149372879060238,0.3135765986667507,-0.0,4.2525856496442206e-08,0.9363210302215055
1400.0,0.00015057142857143965,0.067742017628507,-1.153350204183029,0.3131325958551201,-0.0,4.235617323852426e-08,0.9361920019321879
1400.0,0.00015125000000001108,0.06803934436010084,-1.1545468749699186,0.310280909444778,-0.0,4.217032967032816e-08,0.9360633525142303
1400.0,0.0001511785714285825,0.0680145642666404,-1.149372879060238,0.3135765986667507,-0.0,4.2525856496442206e-08,0.9359350914607508
1400.0,0.0001509642857142857,0.0679206119216363,-1.151398303869057,0.3139287267838012,-0.0,4.2558177116997375e-08,0.9358072282648673
1400.0,0.00015074999999998892,0.06781782319462297,-1.155657301748738,0.3113808838066209,-0.0,4.220265029088411e-08,0.9356797724196976
1400.0,0.0001511785714285825,0.0680145642666404,-1.149372879060238,0.3135765986667507,-0.0,4.2525856496442206e-08,0.9355527334183595
1400.0,0.0001509642857142857,0.06791871892896961,-1.1485270519857311,0.3141303460760864,-0.0,4.257433742727685e-08,0.935426120753971
1400.0,0.0001512857142857143,0.06806635418052426,-1.1532401890957504,0.31434087651136455,-0.0,4.2760180995471486e-08,0.9352999439196499
1400.0099999979138,0.00015821359348319503,0.0710447209928533,-1.26931704440988,0.2390822806583515,-0.0,3.491990284981469e-08,0.9351742124085141
1400.0,0.00015832142857142857,0.07109169129672298,-1.275349692188154,0.23686775849962227,-0.0,3.4688106011633726e-08,0.9350489357136816
1400.0,0.00015832142857142857,0.07109169129672298,-1.275349692188154,0.23686775849962227,-0.0,3.4688106011633726e-08,0.93492412332827
1400.0099999979138,0.00015832105196096646,0.07109169129672298,-1.275349692188154,0.23686775849962227,-0.0,3.468641010869922e-08,0.9347997847453976
1400.0,0.00015825000000001108,0.07107722158730896,-1.2712148263902132,0.24479679251688088,-0.0,3.580316742081229e-08,0.9346759294581819
1400.0,0.00015832142857142678,0.07109169129672298,-1.275349692188154,0.23686775849962227,-0.0,3.46881060116363e-08,0.9345525669597409
1400.0,0.00015835714285714287,0.07111606877559548,-1.2773315783281667,0.23946323873342712,-0.0,3.511635423400305e-08,0.9344297067431925
1400.0,0.00015832142857142857,0.07109169129672298,-1.275349692188154,0.23686775849962227,-0.0,3.4688106011633726e-08,0.9343073583016545
1400.0,0.00015810714285712998,0.07101093141870748,-1.2655993421525618,0.24573399241768984,-0.0,3.5867808661926145e-08,0.934185531128245
1400.0,0.00015832142857142857,0.0710999966512623,-1.2753128942030836,0.23998301407974798,-0.0,3.5140594699416896e-08,0.9340642347160816
1400.0,0.00015810714285712998,0.07101093141870748,-1.2655993421525618,0.24573399241768984,-0.0,3.5867808661926145e-08,0.9339434785582823
1400.0,0.00015810714285714286,0.07101093141870748,-1.2655993421525618,0.24573399241768984,-0.0,3.5867808661925794e-08,0.933823272147965
1400.0,0.00015825000000001108,0.07107722158730896,-1.2712148263902132,0.24479679251688088,-0.0,3.580316742081229e-08,0.9337036249782477
1400.0,0.00015835714285714287,0.07112430433168858,-1.277271358854928,0.24257801519716682,-0.0,3.556884292178327e-08,0.933584546542248
1400.0,0.0001582142857142968,0.07105296481867453,-1.269263512869064,0.2422001396639865,-0.0,3.5374919198447407e-08,0.933466046333084
1400.0,0.00015825000000001108,0.07107722158730896,-1.2712148263902132,0.24479679251688088,-0.0,3.580316742081066e-08,0.9333481338438736
1400.0,0.0001582499999999982,0.07107722158730896,-1.2712148263902132,0.24479679251688088,-0.0,3.580316742081645e-08,0.9332308185677344
1400.0,0.0001582499999999982,0.07107722158730896,-1.2712148263902132,0.24479679251688088,-0.0,3.580316742081645e-08,0.9331141099977845
1400.0099999979138,0.0001582129414170126,0.07105296481867453,-1.269263512869064,0.2422001396639865,-0.0,3.537280876896716e-08,0.9329980176271419
1400.0,0.00015835714285714287,0.07112430433168858,-1.277271358854928,0.24257801519716682,-0.0,3.556884292178327e-08,0.9328825509489241
1400.0200000032783,0.00015781889947110816,0.07088743592082146,-1.2814765438121187,0.2428378020157392,-0.0,3.555792880921586e-08,0.9327677194562495
1400.0,0.00015810714285714286,0.07101093141870748,-1.2655993421525618,0.24573399241768984,-0.0,3.5867808661925794e-08,0.9326535326422353
1439.039999999106,0.00013155452407084863,0.05490304408207987,-1.1331533225755421,-0.2256493581374183,6.603736627933267,-2.9477670799116384e-08,0.9323158702058705
1400.0100000016391,0.00014321283096213331,0.0644589201038333,-1.0747349100292256,0.33301964411495016,-0.0,4.1822691851512e-08,0.9322054720995723
1400.0,0.00014792857142856974,0.0665484427924143,-1.1410338833098455,0.313373262941671,-0.0,4.14673561732404e-08,0.9320961501190331
1400.0,0.00014807142857143965,0.06661209671352063,-1.148068219333151,0.3119597146227692,-0.0,4.140271493212504e-08,0.9319878779631883
1400.0,0.00014807142857143965,0.06661209671352063,-1.148068219333151,0.3119597146227692,-0.0,4.140271493212504e-08,0.931880629330974
1400.0,0.00014867857142855865,0.06686710345012352,-1.1442042607787435,0.3054153735424864,-0.0,4.052197802197869e-08,0.9317743779213259
1400.0,0.00014832142857141748,0.06671138976074119,-1.1443328849124785,0.3068714774031447,-0.0,4.066742081447628e-08,0.9316690974331797
1400.0,0.00014910714285714286,0.06705967491719586,-1.1386101748353579,0.3072513504277837,-0.0,4.089366515836619e-08,0.9315647615654714
1400.0,0.00014907142857142856,0.06705271558010648,-1.1358852059997135,0.3107539189810168,-0.0,4.132191338073527e-08,0.9314613440171366
1400.0,0.00014892857142856033,0.06698919600168653,-1.128849049447706,0.3121652155227461,-0.0,4.138655462184721e-08,0.9313588184871111
1400.0,0.00014907142857142856,0.06705271558010648,-1.1358852059997135,0.3107539189810168,-0.0,4.132191338073527e-08,0.931257158674331
1400.0,0.0001490714285714158,0.06707529528891566,-1.1346391748421256,0.3188499368204042,-0.0,4.250161603102503e-08,0.9311563382777316
1400.0,0.00014910714285715394,0.06707763803093778,-1.1378650508041812,0.31339807391271224,-0.0,4.1750161603101304e-08,0.9310563309962491
1400.0,0.00015028571428572538,0.06759635098632666,-1.1456417792938707,0.30860365492917385,-0.0,4.1515837104073334e-08,0.930957110528819
1400.0,0.00015007142857145076,0.06750216927731176,-1.1476410667927113,0.30895369793130006,-0.0,4.154815772462553e-08,0.9308586505743772
1400.0,0.00015028571428572538,0.06759635098632666,-1.1456417792938707,0.30860365492917385,-0.0,4.1515837104073334e-08,0.9307609248318597
1400.0,0.0001502857142857143,0.06760586055182183,-1.1454710966799768,0.31182153591867345,-0.0,4.19683257918556e-08,0.9306639070002021
1400.0100000016391,0.00014992731017396968,0.06745884106694415,-1.1367329626295217,0.3179378714882739,-0.0,4.263208805075182e-08,0.9305675707783401
1400.0,0.00015071428571427462,0.06780349759204378,-1.1409958136492557,0.3137165161219807,-0.0,4.2275371687136065e-08,0.9304718898652097
1400.0,0.00015028571428572538,0.06759635098632666,-1.1456417792938707,0.30860365492917385,-0.0,4.1515837104073334e-08,0.9303768379597466
1400.0,0.00015107142857142858,0.0679707920465002,-1.1424588512310456,0.3162131037882533,-0.0,4.27601809954734e-08,0.9302823887608866
1400.0,0.00015046428571427461,0.06769033130647945,-1.1494594929934339,0.31235276181736366,-0.0,4.2121848739492674e-08,0.9301885159675654
1400.0,0.0001509642857142968,0.06791086595152288,-1.15154731965597,0.310733152190082,-0.0,4.210568842921723e-08,0.9300951932787189
1400.0100000016391,0.00015096287855342446,0.06791086595152288,-1.15154731965597,0.310733152190082,-0.0,4.210415764053092e-08,0.930002394393283
1400.0,0.0001507142857142968,0.06780293574203183,-1.1377349457587584,0.3147243925570038,-0.0,4.24046541693588e-08,0.9299100930101933
1400.0099999979138,0.0001581056722277146,0.07098993892497328,-1.2744149800531799,0.23457985113103957,-0.0,3.425030742838414e-08,0.9298182628283855
1400.0,0.00015810714285714286,0.07098993892497328,-1.2744149800531799,0.23457985113103957,-0.0,3.425177763413072e-08,0.929726877546796
1400.0,0.00015824999999998712,0.07107628363412148,-1.2688376821084562,0.24539119001058793,-0.0,3.593244990303867e-08,0.9296359108643597
1400.0,0.00015814285714287933,0.07104103441975328,-1.2663481089412596,0.2508122613813978,-0.0,3.6651583710404315e-08,0.929545336480013
1400.0,0.00015875000000002218,0.07129335773508534,-1.2653627621844128,0.243049241682867,-0.0,3.5560762766643406e-08,0.9294551280926916
1400.0,0.00015853571428571427,0.07119175982279591,-1.2676354565089238,0.24030088564287455,-0.0,3.5140594699417e-08,0.9293652594013312
1400.0,0.00015864285714284606,0.07124103953681266,-1.2648389557935027,0.24175292715294555,-0.0,3.534259857789296e-08,0.9292757041048676
1400.0,0.00015846428571427462,0.07115623320419313,-1.2620279052985914,0.2409612019343702,-0.0,3.51890756302497e-08,0.9291864359022366
1400.0,0.00015810714285713177,0.07099215248381835,-1.2655719984669667,0.23824861882369172,-0.0,3.468810601163471e-08,0.929097428492374
1400.0,0.00015821428571427464,0.07103909051326872,-1.27161391028836,0.23603236791442492,-0.0,3.445378151260366e-08,0.9290086555742157
1400.0100000016391,0.0001584635933043125,0.07115623320419313,-1.2620279052985914,0.2409612019343702,-0.0,3.518654793039863e-08,0.9289200908466972
1400.0,0.0001587499999999982,0.07129335773508534,-1.2653627621844128,0.243049241682867,-0.0,3.556076276664456e-08,0.9288317080087547
1400.0,0.00015875000000002218,0.07129335773508534,-1.2653627621844128,0.243049241682867,-0.0,3.5560762766643406e-08,0.9287434807593237
1400.0,0.00015875000000002218,0.07129335773508534,-1.2653627621844128,0.243049241682867,-0.0,3.5560762766643406e-08,0.9286553827973402
1400.0099999979138,0.00015839127429658593,0.07113849671089284,-1.2683662982624313,0.2445332220219911,-0.0,3.580309511296817e-08,0.9285673878217398
1400.0,0.00015828571428572538,0.07109028464866747,-1.2626014561986687,0.24601546419920375,-0.0,3.587588881706317e-08,0.9284794695314583
1400.0100000016391,0.00015824852804349727,0.07107722158730896,-1.2712148263902132,0.24479679251688088,-0.0,3.580167280311765e-08,0.9283916016254316
1400.0,0.00015810714285714286,0.07101093141870748,-1.2655993421525618,0.24573399241768984,-0.0,3.5867808661925794e-08,0.9283037578025954
1400.0,0.00015825000000001108,0.07107722158730896,-1.2712148263902132,0.24479679251688088,-0.0,3.580316742081229e-08,0.9282159117618857
1400.0,0.0001582499999999982,0.07107722158730896,-1.2712148263902132,0.24479679251688088,-0.0,3.580316742081645e-08,0.928128037202238
1400.0,0.00015832142857143965,0.07111647053216556,-1.2744727273193943,0.24658564517753578,-0.0,3.615869424692629e-08,0.9280401078225883
1400.0099999979138,0.00015846348235327366,0.07116566855550766,-1.2706914955720916,0.24180332009883201,-0.0,3.538435598273008e-08,0.9279520973218723
1400.0100000016391,0.00015824844304514703,0.07107722158730896,-1.2712148263902132,0.24479679251688088,-0.0,3.5803755632178585e-08,0.9278639793990259
1400.0,0.00015825000000001108,0.07107722158730896,-1.2712148263902132,0.24479679251688088,-0.0,3.580316742081229e-08,0.9277757277529849
1400.0,0.00015878571428572537,0.07130264137229884,-1.2678565419388983,0.23977689089174775,-0.0,3.5132514544277886e-08,0.9276873160826847
1400.0,0.00015857142857142857,0.07122178639393174,-1.2714588271495466,0.24476285807762974,-0.0,3.587588881706298e-08,0.9275987180870616
1400.0,0.00015875000000002218,0.07129335773508534,-1.2653627621844128,0.243049241682867,-0.0,3.5560762766643406e-08,0.9275099074650512
1400.0099999979138,0.00015878527487796126,0.07130264137229884,-1.2678565419388983,0.23977689089174775,-0.0,3.513336205650651e-08,0.9274208579155893
1400.0100000016391,0.00015874844143832123,0.07129335773508534,-1.2653627621844128,0.243049241682867,-0.0,3.55599771548948e-08,0.9273315431376117
1400.0,0.0001585,0.07117670833582995,-1.2672911192233225,0.24027985777737104,-0.0,3.506787330316625e-08,0.9272419368300541
1400.0,0.00015853571428572536,0.07120480187124882,-1.2739542319822683,0.24360224766016117,-0.0,3.573852617970079e-08,0.9271520126918524
1400.0,0.00015825000000001108,0.07107722158730896,-1.2712148263902132,0.24479679251688088,-0.0,3.580316742081229e-08,0.9270617444219424
1400.0,0.00015835714285714287,0.07112430433168858,-1.277271358854928,0.24257801519716682,-0.0,3.556884292178327e-08,0.9269711057192598
1400.0099999979138,0.00015849867952822343,0.07119456908126254,-1.2615661944645364,0.2497102980359994,-0.0,3.653990981522226e-08,0.9268800702827406
1400.0,0.00015846428571430788,0.07118172585178083,-1.2776768866999717,0.24625062032781114,-0.0,3.62233354880386e-08,0.9267886118113203
1400.0,0.00015875000000002218,0.07129335773508534,-1.2653627621844128,0.243049241682867,-0.0,3.5560762766643406e-08,0.9266967040039348
1400.0,0.00015885714285713176,0.07134089857524789,-1.2637848144072086,0.2429738484630309,-0.0,3.5568842921782905e-08,0.9266043205595201
1400.0,0.00015814285714283496,0.07104103441975325,-1.2663481089412696,0.25081226138134916,-0.0,3.665158371040415e-08,0.9265114351770117
1400.0,0.00015921428571427464,0.07151643167832132,-1.2676568708484885,0.24800305286664523,-0.0,3.645765998707154e-08,0.9264180215553457
1400.0,0.0001589999999999889,0.07142815237972318,-1.268150533956671,0.2509829741284138,-0.0,3.6877828054298835e-08,0.9263240533934575
1400.0,0.00015925,0.07152741732071301,-1.2643118900235089,0.24649452384932138,-0.0,3.6142533936650557e-08,0.9262295043902832
1400.0,0.0001589999999999889,0.07142815237972318,-1.268150533956671,0.2509829741284138,-0.0,3.6877828054298835e-08,0.9261343482447585
1400.0,0.00015925,0.07152308984483534,-1.2582597988631914,0.2468105679731915,-0.0,3.615869424692817e-08,0.9260385586558193
1400.0,0.0001589999999999889,0.07142815237972318,-1.268150533956671,0.2509829741284138,-0.0,3.6877828054298835e-08,0.9259421093224011
1400.0,0.00015935714285716503,0.07157892746572037,-1.2590425523337812,0.2497756778416408,-0.0,3.6651583710405056e-08,0.9258449739434401
1400.0,0.00015900000000001107,0.07142408557342544,-1.2619730901146848,0.25126275573981594,-0.0,3.689398836457534e-08,0.9257471262178716
1400.0,0.00015900000000001107,0.07141075015776854,-1.2557479734585746,0.2479631820755758,-0.0,3.6296056884290433e-08,0.9256485398446319
1400.0,0.0001592142857142968,0.07151410117359143,-1.255773976501589,0.2500761415643104,-0.0,3.658694246929518e-08,0.9255491885226566
1400.0,0.00015892857142856033,0.07138493905446389,-1.2587314920854662,0.24948280317001426,-0.0,3.6538461538461145e-08,0.9254490459508813
1400.0,0.0001589999999999889,0.07142815237972318,-1.268150533956671,0.2509829741284138,-0.0,3.6877828054298835e-08,0.925348085828242
1400.0,0.0001589999999999889,0.07142815237972318,-1.268150533956671,0.2509829741284138,-0.0,3.6877828054298835e-08,0.9252462818536745
1400.0,0.00015892857142856033,0.07138493905446389,-1.2587314920854662,0.24948280317001426,-0.0,3.6538461538461145e-08,0.9251436077261144
1400.0,0.00015899999999998711,0.07141075015776854,-1.2557479734585746,0.2479631820755758,-0.0,3.629605688429189e-08,0.9250400371444978
1400.0,0.00015914285714285715,0.0714769360070252,-1.2613881452347848,0.2470167433083271,-0.0,3.623141564317691e-08,0.9249355438077602
1400.0,0.00015900000000001107,0.07141075015776854,-1.2557479734585746,0.2479631820755758,-0.0,3.6296056884290433e-08,0.9248301014148376
1400.0,0.00015932142857143786,0.07154905077404357,-1.2582862390447818,0.24471552828056561,-0.0,3.586780866192669e-08,0.9247236836646656
1400.0,0.00015900000000001107,0.07141075015776854,-1.2557479734585746,0.2479631820755758,-0.0,3.6296056884290433e-08,0.9246162642561803
1400.0,0.00015900000000001107,0.07141075015776854,-1.2557479734585746,0.2479631820755758,-0.0,3.6296056884290433e-08,0.9245078168883172
1400.0,0.0001591785714285825,0.0714874614380532,-1.2576873133362958,0.24640545969545602,-0.0,3.61425339366495e-08,0.9243983152600123
1400.0,0.00015900000000001107,0.07141075015776854,-1.2557479734585746,0.2479631820755758,-0.0,3.6296056884290433e-08,0.9242877330702011
1400.0,0.00015900000000001107,0.07141075015776854,-1.2557479734585746,0.2479631820755758,-0.0,3.6296056884290433e-08,0.9241760440178197
1400.0,0.00015900000000001107,0.07141075015776854,-1.2557479734585746,0.2479631820755758,-0.0,3.6296056884291744e-08,0.9240632218018037
1400.0,0.00015867857142857144,0.07126596730023448,-1.2606384794010617,0.24605855593627035,-0.0,3.591628959275785e-08,0.923949240121089
1400.0,0.00015914285714286824,0.0714769360070252,-1.2613881452347848,0.2470167433083271,-0.0,3.623141564317968e-08,0.9238340726746114
1400.0100000016391,0.00015917697858180003,0.0714874614380532,-1.2576873133362958,0.24640545969545602,-0.0,3.61424577159853e-08,0.9237176931613067
1400.0,0.0001591785714285825,0.0714874614380532,-1.2576873133362958,0.24640545969545602,-0.0,3.61425339366495e-08,0.9236000752801106
1400.0,0.00015885714285714285,0.07134270076455576,-1.2625667241763516,0.2445012746239325,-0.0,3.576276664511878e-08,0.9234811927299589
1400.0,0.0001591785714285825,0.0714874614380532,-1.2576873133362958,0.24640545969545602,-0.0,3.61425339366495e-08,0.9233610192097874
1400.0,0.00015896428571428572,0.07139527795509805,-1.266271189733041,0.24531633693414287,-0.0,3.5997091144146605e-08,0.9232395284185322
1400.0099999979138,0.00015910596569933814,0.07146014540254154,-1.2529550491179695,0.2494124429104865,-0.0,3.649546562471311e-08,0.9231166940551285
1400.0099999979138,0.00015903475453971717,0.07142275214390384,-1.2709831456927307,0.2423155833726063,-0.0,3.5638790978628765e-08,0.9229924898185127
1400.0,0.00015885714285712998,0.07135124385741283,-1.2625305671695193,0.2475977226324533,-0.0,3.6215255332903134e-08,0.9228668894076201
1400.0100000016391,0.0001592126923913192,0.07151270283429838,-1.2566572932951434,0.25021695722070975,-0.0,3.673230015491412e-08,0.9227398665213868
1400.0,0.00015921428571428572,0.07151270283429838,-1.2566572932951434,0.25021695722070975,-0.0,3.673238526179466e-08,0.9226113948587484
1400.0099999979138,0.00015928461061299237,0.07154006536466789,-1.2613891977321858,0.24721249869671477,-0.0,3.63784128597866e-08,0.9224814481186409
1439.1499999985099,0.0001300261696475434,0.05425567939241319,-1.1144630988037474,-0.21625323910866362,6.60877267772417,-2.7592978238488754e-08,0.9220752833964219
1400.0,0.0001480000000000094,0.06658149321016489,-1.1213720201826072,0.31643008482950746,-0.0,4.161279896573948e-08,0.9219303750359498
1400.0,0.00014814285714286822,0.06666426186138874,-1.1259634932446851,0.3226248864424816,-0.0,4.263089851325164e-08,0.9217805897755619
1400.0,0.00014789285714285715,0.06653591940770463,-1.1204303849102386,0.3178106755236,-0.0,4.181480284421273e-08,0.9216260449696628
1400.0,0.00014835714285714287,0.06674885410109695,-1.1263507718812817,0.3179014638325384,-0.0,4.196832579185306e-08,0.9214668579726573
1400.0,0.00014810714285715395,0.06663275327887785,-1.125386246500019,0.31725137091067,-0.0,4.184712346476812e-08,0.9213031461389498
1400.0,0.00014839285714285714,0.06676340600173405,-1.122361382351323,0.31751665423445363,-0.0,4.189560439560247e-08,0.9211350268229453
1400.0,0.00014839285714285714,0.06676340600173405,-1.122361382351323,0.31751665423445363,-0.0,4.189560439560247e-08,0.9209626173790484
1400.0,0.00014821428571428573,0.06667940354519415,-1.118046019433969,0.3170484039313721,-0.0,4.174208144796142e-08,0.9207860351616636
1400.0,0.0001482857142857032,0.0667200976361053,-1.115251457515,0.3202330839313385,-0.0,4.212992889463251e-08,0.9206053975251955
1400.0,0.00014825,0.06669889697096083,-1.1058174160076826,0.3198265337158659,-0.0,4.1911764705879965e-08,0.9204208218240489
1400.0,0.00014964285714284605,0.06730725567623945,-1.1340733105031646,0.3094081828868282,-0.0,4.124111182934266e-08,0.9202324254126286
1400.0,0.00014989285714283497,0.06742982242584478,-1.1219760723721792,0.315085011736374,-0.0,4.197640594699088e-08,0.9200403256453391
1400.0,0.00015010714285713177,0.06751705251973301,-1.1221479678054798,0.31182430451706167,-0.0,4.1556237879763794e-08,0.919844639876585
1400.0,0.00014971428571427462,0.0673458027115064,-1.1374392539594627,0.3112331860616147,-0.0,4.159663865546138e-08,0.9196454854607712
1400.0,0.00014985714285714285,0.06741393101754337,-1.135498660519078,0.31366901005194764,-0.0,4.196832579185362e-08,0.9194429797523022
1400.0,0.00014989285714283497,0.06742982242584478,-1.1219760723721792,0.315085011736374,-0.0,4.197640594699088e-08,0.9192372401055825
1400.0,0.00015064285714285714,0.06776478928371772,-1.1344415501804717,0.31289012220429496,-0.0,4.204912734324396e-08,0.9190283838750171
1400.0,0.00015032142857142856,0.06763050875371052,-1.127066472696935,0.31627272439439574,-0.0,4.2251131221719044e-08,0.9188165284150104
1400.0,0.00015832142857142857,0.07111948363409956,-1.2533670339125578,0.2539589452295961,-0.0,3.7031351001936475e-08,0.9186017910799672
1400.0,0.00015821428571428573,0.07106717144464711,-1.2496536697591116,0.2531381089253757,-0.0,3.679702650290733e-08,0.9183842892242922
1400.0100000016391,0.00015821296877939942,0.07106717144464711,-1.2496536697591116,0.2531381089253757,-0.0,3.679845242566014e-08,0.9181641402023899
1400.0,0.0001585714285714175,0.07121984742097295,-1.253552370935984,0.24908399001613477,-0.0,3.629605688429016e-08,0.9179414613686651
1400.0,0.00015839285714284605,0.07114519024669266,-1.245338573406044,0.2533472509430854,-0.0,3.678894634776837e-08,0.9177163700775224
1400.0,0.00015885714285715394,0.07134590454425596,-1.2524520388234768,0.2482613150226469,-0.0,3.6231415643178956e-08,0.9174889836833664
1400.0,0.00015853571428573645,0.07122178639393181,-1.2509694272801901,0.256741787566962,-0.0,3.745151906916426e-08,0.917259419540602
1400.0,0.00015878571428571428,0.07130698222674761,-1.2491852822954437,0.24646023026096373,-0.0,3.587588881706202e-08,0.9170277950036336
1400.0,0.0001587857142857032,0.07131866782934446,-1.2477012884603986,0.25127850807644975,-0.0,3.658694246929255e-08,0.916794227426866
1400.0,0.00015689285714284607,0.070490796427281,-1.2263859685613212,0.26573151079699014,-0.0,3.811409179056158e-08,0.9165588341647039
1400.0,0.00015867857142855854,0.07128781369176908,-1.2566986543824479,0.2557558843950122,-0.0,3.7386877828053486e-08,0.9163217325715519
1400.0,0.00015839285714284605,0.07115864234899631,-1.2566109368135525,0.2557373693196127,-0.0,3.738687782805355e-08,0.9160830400018146
1400.0,0.00015885714285715394,0.07137273055352904,-1.2595785242108593,0.2565050094280683,-0.0,3.7540400775694495e-08,0.9158428738098967
1400.0,0.00015867857142858253,0.07128781369176908,-1.2566986543824479,0.2557558843950122,-0.0,3.738687782805232e-08,0.9156013513502029
1400.0100000016391,0.00015867722598280734,0.07128781369176908,-1.2566986543824479,0.2557558843950122,-0.0,3.738473519613524e-08,0.9153585899771379
1400.0,0.00015853571428571249,0.07122178639393181,-1.2509694272801901,0.256741787566962,-0.0,3.745151906916543e-08,0.9151147070451063
1400.0100000016391,0.00015924843233094607,0.07153720310839269,-1.2586002854068985,0.2527781647025313,-0.0,3.716120654708019e-08,0.9148698199085128
1400.0,0.0001589999999999889,0.07142228543768991,-1.2467842170227839,0.25476171567197287,-0.0,3.718487394957668e-08,0.914624045921762
1400.0,0.0001592142857142968,0.0715212256206905,-1.2565928800347828,0.25330444798834684,-0.0,3.71848739495761e-08,0.9143775024392586
1400.0100000016391,0.00015921280444663918,0.0715212256206905,-1.2565928800347828,0.25330444798834684,-0.0,3.7183354048057834e-08,0.9141303068154072
1400.0,0.00015914285714284607,0.07149911754367186,-1.252392443000458,0.2581258423566469,-0.0,3.784744667097342e-08,0.9138825764046127
1400.0,0.0001590357142857032,0.0714467500677119,-1.2487166492985935,0.25732305648363335,-0.0,3.761312217194309e-08,0.9136344285612794
1400.0099999979138,0.0001591424833299596,0.07149911754367186,-1.252392443000458,0.2581258423566469,-0.0,3.7845725779249905e-08,0.9133859806398122
1400.0100000016391,0.0001591056643700616,0.0714904589038685,-1.2498917450821225,0.2613971227474763,-0.0,3.827416503943975e-08,0.9131373499946159
1400.0,0.00015910714285714286,0.0714904589038685,-1.2498917450821225,0.2613971227474763,-0.0,3.82756948933405e-08,0.9128886539800948
1400.0,0.00015914285714284607,0.07149911754367186,-1.252392443000458,0.2581258423566469,-0.0,3.784744667097342e-08,0.9126400099506539
1400.0,0.00015910714285714286,0.0714904589038685,-1.2498917450821225,0.2613971227474763,-0.0,3.8275694893339616e-08,0.9123915352606976
1400.0,0.00015910714285714286,0.0714904589038685,-1.2498917450821225,0.2613971227474763,-0.0,3.82756948933405e-08,0.9121433472646306
1400.0,0.00015910714285711887,0.0714904589038685,-1.2498917450821225,0.2613971227474763,-0.0,3.827569489334186e-08,0.9118955633168577
1400.0,0.0001589999999999889,0.07144495050303386,-1.2501141310218893,0.2624457468796136,-0.0,3.847769877181504e-08,0.9116483007717835
1400.0,0.00015885714285714285,0.07137906856054813,-1.244328175111142,0.2634594807073466,-0.0,3.8542340012926025e-08,0.9114016769838127
1400.0,0.00015885714285714285,0.07137906856054813,-1.244328175111142,0.2634594807073466,-0.0,3.8542340012926025e-08,0.91115580930735
1400.0,0.00015907142857143967,0.07146714196714726,-1.2439416138630603,0.2604581857699673,-0.0,3.8122171945698806e-08,0.9109108150967998
1400.0,0.0001589285714285825,0.07140574873482496,-1.246899730997345,0.2606882633703056,-0.0,3.812217194569884e-08,0.910666811706567
1400.0,0.0001589999999999889,0.07144495050303386,-1.2501141310218893,0.2624457468796136,-0.0,3.847769877181504e-08,0.9104239164910564
1400.0099999979138,0.00015932007521807102,0.0715660201359223,-1.2403290860870475,0.25598879619767195,-0.0,3.7384725414399853e-08,0.9101822468046722
1400.0,0.00015885714285714285,0.07137906856054813,-1.244328175111142,0.2634594807073466,-0.0,3.8542340012926025e-08,0.9099419200018195
1400.0100000016391,0.0001588209882706518,0.07134570431223958,-1.2448174829564382,0.2563328774924383,-0.0,3.733920689270974e-08,0.9097030534369028
1400.0,0.00015885714285714285,0.07137906856054813,-1.244328175111142,0.2634594807073466,-0.0,3.8542340012926025e-08,0.9094657644643268
1400.0,0.0001591785714285825,0.0715160321686184,-1.2391211598392133,0.26163644150866955,-0.0,3.822721396250679e-08,0.9092301704384961
1400.0,0.0001589999999999889,0.07144015144227539,-1.2391508654094647,0.26349055732174975,-0.0,3.84776987718159e-08,0.9089963887138153
1400.0,0.00015917857142856034,0.0715049115862147,-1.2431659119408414,0.2561728577256656,-0.0,3.7386877828052236e-08,0.9087645366446893
1400.0,0.00015964285714285714,0.0717082050163485,-1.2646363035679113,0.2490215505743991,-0.0,3.673238526179363e-08,0.9085347315855226
1400.0,0.0001594642857142857,0.07164794882917844,-1.2561134340163953,0.2586220641950316,-0.0,3.803329023916976e-08,0.9083070908907198
1400.0,0.00015967857142857144,0.07173283766867158,-1.244524369580399,0.25791082413785593,-0.0,3.788784744667199e-08,0.9080817319146858
1400.0,0.0001597499999999982,0.07175998354302507,-1.2492760229959736,0.2549011252875832,-0.0,3.753232062055518e-08,0.9078587720118249
1400.0,0.00016178571428572539,0.07261129388738365,-1.3228660602381397,0.20441509407096756,-0.0,3.0736910148674185e-08,0.9076383285365421
1400.0,0.00016178571428572539,0.07261129388738365,-1.3228660602381397,0.20441509407096756,-0.0,3.0736910148674185e-08,0.9074205188432419
1400.0,0.00016178571428572539,0.07261129388738365,-1.3228660602381397,0.20441509407096756,-0.0,3.0736910148674185e-08,0.907205460286329
1400.0,0.00016178571428572539,0.07261129388738365,-1.3228660602381397,0.20441509407096756,-0.0,3.0736910148674185e-08,0.906993270220208
1400.0,0.00016178571428572539,0.07261129388738365,-1.3228660602381397,0.20441509407096756,-0.0,3.0736910148674185e-08,0.9067840659992837
1400.0,0.0001624285714285825,0.07288000574982985,-1.4312954280690875,0.10440834867887373,-0.0,1.4722042663217336e-08,0.9065779649779607
1400.0,0.00016239285714287748,0.07286680608186022,-1.429121864296091,0.10751672352143088,-0.0,1.5150290885586618e-08,0.9063750845106436
1400.0,0.00016260714285715395,0.07296659379143176,-1.4321720503244384,0.1058518550920483,-0.0,1.4875565610858794e-08,0.9061755419517373
1400.0,0.0001625714285714378,0.07294995022681802,-1.4351068146620005,0.10419486175125009,-0.0,1.4657401422106704e-08,0.9059794546556461
1400.0,0.0001624285714285825,0.07288000574982985,-1.4312954280690875,0.10440834867887373,-0.0,1.4722042663217336e-08,0.905786939976775
1400.0,0.00016239285714285715,0.07286680608186022,-1.429121864296091,0.10751672352143088,-0.0,1.5150290885583666e-08,0.9055981152695283
1400.0,0.00016260714285715395,0.07296659379143176,-1.4321720503244384,0.1058518550920483,-0.0,1.4875565610858794e-08,0.9054130978883109
1400.0,0.00016235714285713177,0.07286647932708018,-1.4358778613314915,0.10968191811718818,-0.0,1.538461538461752e-08,0.9052320051875276
1400.0100000016391,0.00016239209420609665,0.07287582393555292,-1.4334320043753557,0.10856314633892965,-0.0,1.52932720931332e-08,0.9050549545215828
1400.0,0.0001625357142857143,0.07294564186205134,-1.4372700350190812,0.10832653165658752,-0.0,1.52310924369754e-08,0.9048820632448812
1400.0,0.00016253571428572538,0.07294564186205134,-1.4372700350190812,0.10832653165658752,-0.0,1.523109243697305e-08,0.9047134487118276
1400.0,0.0001625357142857143,0.07294564186205134,-1.4372700350190812,0.10832653165658752,-0.0,1.52310924369754e-08,0.9045492282768265
1400.0,0.0001624285714285825,0.07288000574982985,-1.4312954280690875,0.10440834867887373,-0.0,1.4722042663217336e-08,0.9043895192942827
1400.0,0.00016239285714285715,0.07287647735985148,-1.4378239971014561,0.10433949682323317,-0.0,1.460084033613256e-08,0.9042344391186008
1400.0,0.00016235714285713177,0.07286647932708018,-1.4358778613314915,0.10968191811718818,-0.0,1.538461538461752e-08,0.9040841051041856
1400.0,0.00016264285714285713,0.0730008480055116,-1.4360563299780384,0.11035051877703433,-0.0,1.5449256625728014e-08,0.9039386346054414
1400.0,0.0001622857142857346,0.07282058840216889,-1.424369402599813,0.1122753159719799,-0.0,1.5837104072400407e-08,0.9037981449767734
1400.0,0.00016235714285713177,0.07286647932708018,-1.4358778613314915,0.10968191811718818,-0.0,1.538461538461752e-08,0.9036627535725856
1400.0,0.0001625357142857143,0.07294564186205134,-1.4372700350190812,0.10832653165658752,-0.0,1.52310924369754e-08,0.9035325777472832
1400.0,0.00016239285714285715,0.07286680608186022,-1.429121864296091,0.10751672352143088,-0.0,1.5150290885583666e-08,0.9034077348552707
1400.0100000016391,0.00016257010816675952,0.07296848634856008,-1.431930790763784,0.11296549309956092,-0.0,1.580671410663161e-08,0.903288342250953
1400.0,0.00016235714285713177,0.07286647932708018,-1.4358778613314915,0.10968191811718818,-0.0,1.538461538461752e-08,0.9031745172887342
1400.0,0.00016260714285715395,0.07296659379143176,-1.4321720503244384,0.1058518550920483,-0.0,1.4875565610858794e-08,0.9030663773230194
1400.0,0.00016275,0.0730363901470649,-1.4359994104200446,0.10562139927150956,-0.0,1.4810924369747562e-08,0.9029640397082132
1400.0,0.0001629642857142857,0.07313829040803128,-1.4320822848938641,0.10890038979082126,-0.0,1.5231092436976544e-08,0.90286762179872
1400.0,0.00016257142857143965,0.0729534750632862,-1.4300043535999472,0.10895837978665533,-0.0,1.5303813833226346e-08,0.9027772409489448
1400.0,0.00016260714285715395,0.07296659379143176,-1.4321720503244384,0.1058518550920483,-0.0,1.4875565610858794e-08,0.9026930145132921
1400.0,0.00016257142857145073,0.0729534750632862,-1.4300043535999472,0.10895837978665533,-0.0,1.5303813833223765e-08,0.9026150598461666
1400.0,0.00016260714285715395,0.07296659379143176,-1.4321720503244384,0.1058518550920483,-0.0,1.4875565610853926e-08,0.902543494301973
1400.0,0.00016260714285713177,0.07298714824901592,-1.4535129198552066,0.08998467196070718,-0.0,1.212831286360822e-08,0.902478435235116
1439.1700000017881,0.00012622031510868366,0.052625933317335616,-1.0904349524529031,-0.181718207701796,6.605144365957704,-2.208318800568785e-08,0.902311651105068
1400.0,0.00014735714285716336,0.06628172196515926,-1.1015941327765646,0.3148105749488627,-0.0,4.0901745313508645e-08,0.9022588248294283
1400.0,0.00014792857142856034,0.06656089227881778,-1.1015448745829914,0.3223039212695017,-0.0,4.209760827408015e-08,0.902206882705104
1400.0,0.00014789285714285715,0.06654880056877702,-1.0982838849328862,0.3246498029382172,-0.0,4.2396574014218086e-08,0.9021558137596678
1400.0,0.00014789285714285715,0.06654880056877702,-1.0982838849328862,0.3246498029382172,-0.0,4.2396574014218086e-08,0.9021056070206931
1400.0,0.00014810714285715395,0.06663596912293228,-1.098546620669942,0.32131721315915307,-0.0,4.197640594699459e-08,0.9020562515157532
1400.0,0.00014810714285715395,0.06663596912293228,-1.098546620669942,0.32131721315915307,-0.0,4.197640594699049e-08,0.902007736272421
1400.0200000032783,0.00014828324335928344,0.06671117561833964,-1.1011862017318133,0.31958287883088743,-0.0,4.181887105106024e-08,0.90196005031827
1400.0,0.00014825,0.06669889697096094,-1.105817416007677,0.3198265337158844,-0.0,4.191176470588159e-08,0.9019131826808731
1400.0,0.00014964285714283497,0.06732352592413107,-1.1078331572877556,0.3192267094049269,-0.0,4.2275371687134834e-08,0.9018671223878036
1400.0,0.00014964285714284605,0.0673153205515088,-1.1108756596319744,0.3157209569490954,-0.0,4.180672268907402e-08,0.9018218584666348
1400.0,0.0001495,0.06726153645074037,-1.1056476569009492,0.32047311331774603,-0.0,4.242081447963435e-08,0.9017773799449395
1400.0,0.00014964285714283497,0.06733696359850706,-1.1000753431328374,0.32474316492478394,-0.0,4.293794440853079e-08,0.9017336758502911
1400.0,0.0001495,0.06727095177252172,-1.1054215069637001,0.32370461457014627,-0.0,4.2873303167418143e-08,0.9016907352102629
1400.0,0.00014985714285712068,0.06741075228633434,-1.108057568826295,0.3159453296099278,-0.0,4.1855203619909574e-08,0.9016485470524279
1400.0,0.00014964285714284605,0.0673153205515088,-1.1108756596319744,0.3157209569490954,-0.0,4.180672268907402e-08,0.9016071004043593
1400.0,0.00014978571428571428,0.06737846201017902,-1.1179859842016426,0.31427731748785964,-0.0,4.174208144796235e-08,0.9015663842936303
1400.0,0.00014967857142856035,0.067335478513683,-1.1109657239162445,0.3169782765829277,-0.0,4.197640594699338e-08,0.9015263877478141
1400.0,0.0001502857142857032,0.06759247633533529,-1.1246662057239676,0.31011776862835055,-0.0,4.140271493212354e-08,0.9014870997944839
1400.0,0.00015785714285714285,0.07093504741931833,-1.2341318808240254,0.2677866567089713,-0.0,3.8768584356816256e-08,0.9014485094612129
1400.0,0.00015814285714283496,0.07104606151746096,-1.2424024824426987,0.2592851225031478,-0.0,3.762120232708425e-08,0.901410605775574
1400.0,0.00015814285714283496,0.07104606151746096,-1.2424024824426987,0.2592851225031478,-0.0,3.762120232708425e-08,0.9013733777651407
1400.0,0.00015839285714284605,0.07116466485419236,-1.2323035086630043,0.264316795191456,-0.0,3.835649644473206e-08,0.9013368144574859
1400.0,0.00015860714285713176,0.07126696957483848,-1.2300787937468936,0.2670535845805493,-0.0,3.877666451195554e-08,0.901300904880183
1400.0,0.00015839285714284605,0.07116466485419236,-1.2323035086630043,0.264316795191456,-0.0,3.835649644473206e-08,0.9012656380608051
1400.0,0.00015849999999998892,0.07121476572413094,-1.2263705612118658,0.2662543989419772,-0.0,3.8542340012923424e-08,0.9012310030269253
1400.0,0.00015860714285714284,0.07126075524505222,-1.2326049905415934,0.2639404243013873,-0.0,3.8308015513894455e-08,0.901196988806117
1400.0,0.0001585,0.0712111548244274,-1.235406723966536,0.26247633345742827,-0.0,3.810601163542315e-08,0.9011635844259531
1400.0099999979138,0.000159141374837768,0.07149292339272519,-1.2293777150330327,0.26130210130309023,-0.0,3.797781730027443e-08,0.901130778914007
1400.0100000016391,0.0001587843905141668,0.07133722730804716,-1.2423417032476871,0.25961068028081624,-0.0,3.776806292167188e-08,0.9010985612978516
1400.0,0.00015910714285715213,0.07149345624401061,-1.2268208792913804,0.2676539068679096,-0.0,3.885746606334894e-08,0.9010669206050603
1400.0,0.00015892857142857142,0.0714082828328958,-1.2209986509390767,0.26774411328101105,-0.0,3.8833225597929964e-08,0.9010358458632063
1400.0,0.00015914285714285715,0.07150171493114843,-1.2293083574557604,0.2643803598261545,-0.0,3.842921784098286e-08,0.9010053260998625
1400.0,0.00015860714285715396,0.07126696957483836,-1.230078793746878,0.26705358458060585,-0.0,3.8776664511953505e-08,0.9009753503426025
1400.0,0.0001589642857142968,0.07141215049342248,-1.2326058515357838,0.26020399607137334,-0.0,3.780704589527808e-08,0.9009459076189991
1400.0,0.00015892857142857142,0.07140508185196409,-1.2296382644995143,0.26427515298101856,-0.0,3.839689722042308e-08,0.9009169869566257
1400.0,0.00015914285714285715,0.07149292339272519,-1.2293777150330327,0.26130210130309023,-0.0,3.797672915319555e-08,0.9008885773830552
1400.0,0.00015914285714285715,0.07150171493114843,-1.2293083574557604,0.2643803598261545,-0.0,3.842921784098286e-08,0.9008606679258611
1400.0,0.00015914285714285715,0.07150171493114843,-1.2293083574557604,0.2643803598261545,-0.0,3.842921784098286e-08,0.9008332476126164
1400.0,0.00015914285714285715,0.07150171493114843,-1.2293083574557604,0.2643803598261545,-0.0,3.842921784098286e-08,0.9008063054708944
1400.0,0.00015892857142857142,0.07140508185196409,-1.2296382644995143,0.26427515298101856,-0.0,3.839689722042308e-08,0.9007798305282679
1400.0,0.00015914285714285715,0.07149292339272519,-1.2293777150330327,0.26130210130309023,-0.0,3.797672915319555e-08,0.9007538118123106
1400.0,0.00015914285714286824,0.07149292339272538,-1.2293777150330407,0.26130210130307857,-0.0,3.7976729153200294e-08,0.9007282383505956
1400.0,0.00015867857142856035,0.07130604729581048,-1.2332966836257933,0.26881198878948986,-0.0,3.913219133807255e-08,0.9007030991706956
1400.0,0.00015896428571428572,0.07143195230094022,-1.2261066842932158,0.2697806174251924,-0.0,3.9277634130574707e-08,0.9006783833001842
1400.0,0.00015892857142857142,0.07140508185196409,-1.2296382644995143,0.26427515298101856,-0.0,3.839689722042308e-08,0.9006540797666345
1400.0,0.00015910714285715394,0.0714851299888571,-1.2162411017104993,0.26755727254078776,-0.0,3.877666451195948e-08,0.9006301775976195
1400.0,0.00015914285714285715,0.07150171493114843,-1.2293083574557604,0.2643803598261545,-0.0,3.842921784098286e-08,0.9006066658207126
1400.0,0.00015910714285715394,0.0714851299888571,-1.2162411017104993,0.26755727254078776,-0.0,3.877666451195741e-08,0.9005835334634867
1400.0,0.00015917857142857143,0.07152408851635386,-1.2194690792368004,0.269317133013046,-0.0,3.913219133807106e-08,0.9005607695535154
1400.0,0.00015914285714285715,0.07150171493114843,-1.2293083574557604,0.2643803598261545,-0.0,3.842921784098286e-08,0.9005383631183715
1400.0100000016391,0.000159248515781105,0.07155803505513796,-1.2301252334073924,0.2673300686220676,-0.0,3.8923180131261237e-08,0.9005163031856285
1400.0,0.00015910714285714286,0.07149345624401061,-1.2268208792913804,0.2676539068679096,-0.0,3.8857466063347534e-08,0.9004945787828591
1400.0,0.0001598214285714175,0.07181013325496091,-1.234034033850775,0.2645744586981967,-0.0,3.869586296056775e-08,0.9004731789376368
1400.0,0.00016185714285714287,0.07265659606932433,-1.304529591905097,0.21692232790846797,-0.0,3.251454427925083e-08,0.9004520926775348
1400.0,0.0001625357142857032,0.07293780781956508,-1.4166260243495996,0.12141423285490406,-0.0,1.726729153199797e-08,0.9004313090301262
1400.0,0.00016282142857142857,0.0730712633243023,-1.4277268683420663,0.11633154721561073,-0.0,1.654007756948786e-08,0.9004108170229842
1400.0,0.00016292857142857144,0.07311289378827263,-1.4170039249621273,0.12042069838383648,-0.0,1.7146089204910305e-08,0.9003906056836818
1400.0,0.0001625357142857032,0.07293780781956508,-1.4166260243495996,0.12141423285490406,-0.0,1.726729153199797e-08,0.9003706640397926
1400.0,0.00016299999999998892,0.07314922777315917,-1.4242876874373847,0.11670244838676176,-0.0,1.654815772462734e-08,0.9003509811188893
1400.0,0.0001630714285714175,0.07319562828475479,-1.4221269942517272,0.12874595940442352,-0.0,1.8519715578536604e-08,0.9003315459485453
1400.0,0.0001627857142857032,0.07305848928867105,-1.4255494184931443,0.11944351202757846,-0.0,1.696832579185239e-08,0.9003123475563337
1400.0,0.0001625357142857032,0.07294342230210243,-1.4167479722301615,0.12452863608224564,-0.0,1.7719780219778972e-08,0.9002933749698278
1400.0,0.0001627857142857032,0.07305848928867105,-1.4255494184931443,0.11944351202757846,-0.0,1.696832579185239e-08,0.9002746172166006
1400.0,0.00016257142857141748,0.07296692009788706,-1.4441228560137793,0.09970552077858291,-0.0,1.372010342598449e-08,0.9002560633242254
1400.0,0.00016271428571427461,0.07303195647568726,-1.4425611819009854,0.09850869191207025,-0.0,1.3445378151258217e-08,0.9002377023202753
1400.0,0.0001625357142857032,0.07295282232864123,-1.4411404371603695,0.09982737307849965,-0.0,1.3598901098898471e-08,0.9002195232323238
3714.359999999404,4.178023483130203e-06,0.010152453705226694,15.47066580847444,-3.9925569334891784,0.9976264209419955,-4.942490379369276e-09,0.9002015150879435
1400.0,0.00016242857142856034,0.07291371286534203,-1.447297609377686,0.1009615774084641,-0.0,1.3784744667096916e-08,0.9001836669147079
1400.0,0.00016264285714285713,0.07301161029654978,-1.4475433821426529,0.10105314815974206,-0.0,1.3800904977374074e-08,0.9001659677401903
1400.0,0.00016260714285714286,0.07299301988807542,-1.4486552530401973,0.09961962977326676,-0.0,1.3631221719456492e-08,0.9001484065919635
1400.0,0.00016282142857141748,0.07308390481396816,-1.447332881416779,0.09693165817259145,-0.0,1.3211053652228725e-08,0.900130972497601
1400.0099999979138,0.00016274955862779797,0.07305425250814507,-1.4447313796941668,0.1012467174285359,-0.0,1.3874865210996053e-08,0.9001136544846758
1400.0,0.00016271428571427461,0.07303195647568726,-1.4425611819009854,0.09850869191207025,-0.0,1.3445378151258217e-08,0.9000964415807612
1400.0,0.00016289285714284605,0.07312481176206952,-1.4483952246570708,0.10109744434222472,-0.0,1.3808985132515787e-08,0.9000793228134304
1400.0,0.0001627499999999889,0.07305425250814507,-1.4447313796941668,0.1012467174285359,-0.0,1.387362637362442e-08,0.9000622872102564
1400.0,0.0001627499999999889,0.07305425250814507,-1.4447313796941668,0.1012467174285359,-0.0,1.387362637362442e-08,0.9000453237988124
1400.0,0.0001624999999999889,0.07293428222591573,-1.4400409103164247,0.10229675409642983,-0.0,1.4075630252099565e-08,0.9000284216066717
1400.0,0.0001624999999999889,0.07293428222591573,-1.4400409103164247,0.10229675409642983,-0.0,1.4075630252097173e-08,0.9000115696614075
1400.0,0.0001627499999999889,0.07305425250814507,-1.4447313796941668,0.1012467174285359,-0.0,1.387362637362442e-08,0.8999947569905927
1400.0,0.0001624999999999889,0.07293428222591573,-1.4400409103164247,0.10229675409642983,-0.0,1.4075630252097173e-08,0.8999779726218008
1400.0,0.00016274999999998707,0.07305425250814507,-1.4447313796941668,0.1012467174285359,-0.0,1.38736263736263e-08,0.8999612055826046
1400.0,0.00016282142857141748,0.0730976515810643,-1.4517734400042988,0.10082198460218955,-0.0,1.3728183581122661e-08,0.8999444449005779
1400.0,0.00016299999999998892,0.0731766941821546,-1.4531573067538774,0.0995126415005229,-0.0,1.3574660633481423e-08,0.8999276796032932
1400.0,0.00016271428571427461,0.07303195647568726,-1.4425611819009854,0.09850869191207025,-0.0,1.3445378151258217e-08,0.899910898718324
1400.0,0.00016274999999998707,0.07303665094288199,-1.4349061394488607,0.0980788188755598,-0.0,1.3340336134454761e-08,0.8998940912732435
1400.0,0.0001627499999999889,0.07305425250814507,-1.4447313796941668,0.1012467174285359,-0.0,1.387362637362442e-08,0.8998772462956247
1400.0100000053644,0.00016274848768598062,0.07305425250814507,-1.4447313796941668,0.1012467174285359,-0.0,1.3872416537814124e-08,0.899860352813041
1400.0,0.0001629642857142857,0.07315430527967845,-1.4509831235728288,0.09678073606595558,-0.0,1.3146412411117833e-08,0.8998433998530654
1400.0,0.0001627499999999889,0.07305425250814507,-1.4447313796941668,0.1012467174285359,-0.0,1.387362637362442e-08,0.8998263764432711
1400.0100000053644,0.00016274955672271698,0.07305425250814507,-1.4447313796941668,0.1012467174285359,-0.0,1.3871798168136034e-08,0.8998092716112314
1400.0,0.0001627499999999889,0.07305425250814507,-1.4447313796941668,0.1012467174285359,-0.0,1.387362637362442e-08,0.8997920743845192
1400.0,0.00016274999999997598,0.07305425250814507,-1.4447313796941668,0.1012467174285359,-0.0,1.3873626373627734e-08,0.899774773790708
1400.0,0.00016289285714284605,0.07312481176206952,-1.4483952246570708,0.10109744434222472,-0.0,1.3808985132512681e-08,0.8997573588573708
1400.0100000053644,0.00016274922969904463,0.07305425250814507,-1.4447313796941668,0.1012467174285359,-0.0,1.3871151425578224e-08,0.8997398186120807
1400.0,0.00016307142857142857,0.07316497991330488,-1.4194297836234038,0.11578539864752785,-0.0,1.662895927601601e-08,0.8997221420824112
1400.0,0.00016239285714284607,0.07288725801504946,-1.4463619448309821,0.09261735473913857,-0.0,1.2419198448610581e-08,0.8997043182959351
1400.0,0.0001627857142857032,0.07305848928867105,-1.4255494184931443,0.11944351202757846,-0.0,1.696832579185239e-08,0.8996863362802258
1400.0,0.0001627857142857032,0.0730643551945818,-1.455026947725418,0.07999419716076411,-0.0,1.0374919198444916e-08,0.8996681850628564
1400.0,0.00016289285714285714,0.07312044857630456,-1.4402066186644706,0.10735895028279406,-0.0,1.4810924369748083e-08,0.8996498536713999
1400.0,0.00016289285714283868,0.07312044857630456,-1.4402066186644706,0.10735895028279406,-0.0,1.4810924369748931e-08,0.8996313311334297
1400.0,0.00016271428571427461,0.07302347958998238,-1.432774081076756,0.10117747098539494,-0.0,1.3768584356817526e-08,0.8996126064765191
1400.0,0.00016299999999998892,0.07315658353344368,-1.4395985683433385,0.09704534733530358,-0.0,1.313833225597814e-08,0.8995936687282409
1400.0,0.00016299999999998892,0.07315658353344368,-1.4395985683433385,0.09704534733530358,-0.0,1.313833225597814e-08,0.8995745069161685
1400.0,0.00016292857142855848,0.07312403031510105,-1.4355384468260721,0.09962960924055572,-0.0,1.3493859082093629e-08,0.8995551100678751
1400.0,0.00016299999999998892,0.0731766941821546,-1.4531573067538774,0.0995126415005229,-0.0,1.3574660633481423e-08,0.8995354672109338
1400.0,0.00016292857142857144,0.07312403031510105,-1.4355384468260721,0.09962960924055572,-0.0,1.3493859082094195e-08,0.8995155673729179
1400.0,0.0001627499999999889,0.07305425250814507,-1.4447313796941668,0.1012467174285359,-0.0,1.387362637362442e-08,0.8994953995814003
1400.0,0.0001627499999999889,0.07305425250814507,-1.4447313796941668,0.1012467174285359,-0.0,1.387362637362442e-08,0.8994749528639545
1400.0,0.00016285714285713178,0.07310625013994236,-1.4495084318373788,0.0996675232354842,-0.0,1.3639301874595506e-08,0.8994542162481534
1400.0,0.00016299999999998892,0.0731766941821546,-1.4531573067538774,0.0995126415005229,-0.0,1.3574660633481423e-08,0.8994331787615703
1400.0,0.00016299999999998892,0.07315658353344368,-1.4395985683433385,0.09704534733530358,-0.0,1.313833225597814e-08,0.8994118294317783
1400.0,0.0001629642857142857,0.07315430527967845,-1.4509831235728288,0.09678073606595558,-0.0,1.3146412411117833e-08,0.8993901572863506
1400.0,0.00016299999999998708,0.07315658353344368,-1.4395985683433385,0.09704534733530358,-0.0,1.3138332255980101e-08,0.8993681513528606
1400.0,0.00016325,0.07327898418925803,-1.4480104105666134,0.09533124147205932,-0.0,1.2839366515835244e-08,0.8993458006588814
1400.0,0.00016299999999998892,0.0731766941821546,-1.4531573067538774,0.0995126415005229,-0.0,1.3574660633481423e-08,0.8993230942319859
1400.0,0.00016299999999998708,0.0731766941821546,-1.4531573067538774,0.0995126415005229,-0.0,1.3574660633485426e-08,0.8993000210997474
1400.0,0.00016314285714285714,0.07322710921379819,-1.4432606902125698,0.09690541720280388,-0.0,1.3073691014866026e-08,0.8992765702897391
1400.0,0.00016289285714284605,0.07312481176206952,-1.4483952246570708,0.10109744434222472,-0.0,1.3808985132512681e-08,0.8992527308295342
1400.0,0.00016289285714284605,0.07312481176206952,-1.4483952246570708,0.10109744434222472,-0.0,1.3808985132512681e-08,0.8992284917467058
1400.0,0.00016299999999998892,0.0731766941821546,-1.4531573067538774,0.0995126415005229,-0.0,1.3574660633481423e-08,0.8992038420688273
1400.0,0.00016324999999999814,0.07327898418925803,-1.4480104105666134,0.09533124147205932,-0.0,1.2839366515839831e-08,0.8991787708234715
1400.0099999979138,0.0001604630222311806,0.07220354825735638,-1.5230730887082193,-0.028020823595997314,-0.0,-9.443301746093479e-09,0.8991532670382121
1400.0100000053644,0.00016042716854261767,0.07218079153532936,-1.5277265006990726,-0.03024074747096487,-0.0,-9.536059519912043e-09,0.8991273197406218
1400.0,0.0001602857142857032,0.07211445928588284,-1.5246769616754368,-0.027238109028245056,-0.0,-9.146735617324788e-09,0.8991009179582737
1400.0,0.00016039285714283496,0.07216634224055532,-1.5191551641765846,-0.03033345623928806,-0.0,-9.801228183582191e-09,0.8990740507187415
1400.0,0.00016060714285714287,0.0722713142065568,-1.5264363626724644,-0.027828456190281306,-0.0,-9.381060116356083e-09,0.899046707049598
1400.0,0.00016046428571427461,0.07220354825735638,-1.5230730887082193,-0.028020823595997314,-0.0,-9.44570135746603e-09,0.8990188759784165
1400.0,0.00016046428571428573,0.07220506511714699,-1.5233918722999933,-0.024824698015684852,-0.0,-8.993212669683093e-09,0.89899054653277
1400.0,0.00016046428571427461,0.07220354825735638,-1.5230730887082193,-0.028020823595997314,-0.0,-9.44570135746603e-09,0.8989617077402318
1400.0,0.0001606071428571207,0.07227276375615078,-1.5267452794477523,-0.024635277295117004,-0.0,-8.928571428570056e-09,0.8989323486283753
1400.0,0.0001606071428571207,0.07227276375615078,-1.5267452794477523,-0.024635277295117004,-0.0,-8.928571428570056e-09,0.8989024582247732
1400.0,0.00016060714285711885,0.07227276375615078,-1.5267452794477523,-0.024635277295117004,-0.0,-8.92857142857231e-09,0.8988720255569991
1400.0,0.00016039285714283496,0.07216495653972892,-1.5268736455012912,-0.021871900552700555,-0.0,-8.298319327732188e-09,0.898841039652626
1400.0,0.00016042857142854926,0.07218217693216711,-1.5280396120267914,-0.027043371792938177,-0.0,-9.082094376211785e-09,0.898809489539227
1400.0,0.00016060714285712994,0.0722713142065568,-1.5264363626724644,-0.027828456190281306,-0.0,-9.381060116354306e-09,0.8987773642443754
1400.0,0.0001606071428571207,0.07227276375615078,-1.5267452794477523,-0.024635277295117004,-0.0,-8.928571428570056e-09,0.8987446527956442
1400.0099999979138,0.00016021351681709924,0.07209801529531734,-1.52947114317748,-0.023852487242310892,-0.0,-8.70805574012802e-09,0.8987113442206067
1400.0,0.00016039285714283496,0.07216634224055532,-1.5191551641765846,-0.03033345623928806,-0.0,-9.801228183582191e-09,0.8986774275468363
1400.0099999979138,0.00016060559667646835,0.07227276375615078,-1.5267452794477523,-0.024635277295117004,-0.0,-8.928769793552054e-09,0.8986428918019059
1400.0100000053644,0.00016046273524687775,0.07220354825735638,-1.5230730887082193,-0.028020823595997314,-0.0,-9.445168626788696e-09,0.8986077260133886
1400.0,0.0001606071428571207,0.07227276375615078,-1.5267452794477523,-0.024635277295117004,-0.0,-8.928571428570056e-09,0.8985719192088577
1400.0,0.0001606071428571207,0.07227276375615078,-1.5267452794477523,-0.024635277295117004,-0.0,-8.928571428570056e-09,0.8985354604158864
1400.0,0.00016060714285714287,0.0722713142065568,-1.5264363626724644,-0.027828456190281306,-0.0,-9.381060116356083e-09,0.8984983386620478
1400.0,0.0001606071428571207,0.07227276375615078,-1.5267452794477523,-0.024635277295117004,-0.0,-8.928571428570056e-09,0.8984605429749152
1400.0,0.00016046428571427461,0.07220354825735638,-1.5230730887082193,-0.028020823595997314,-0.0,-9.44570135746603e-09,0.8984220623820617
1400.0,0.00016060714285711885,0.07227276375615078,-1.5267452794477523,-0.024635277295117004,-0.0,-8.92857142857231e-09,0.8983828859110605
1400.0,0.00016064285714284605,0.07229292265959834,-1.5292226833821447,-0.021695818963501833,-0.0,-8.500323206206196e-09,0.8983430025894846
1400.0,0.0001606071428571207,0.07227276375615078,-1.5267452794477523,-0.024635277295117004,-0.0,-8.928571428570056e-09,0.8983024014449074
1400.0,0.00016060714285713178,0.07227276375615078,-1.5267452794477523,-0.024635277295117004,-0.0,-8.928571428573228e-09,0.898261071504902
1400.0,0.00016075,0.07234586242159124,-1.5286345175551324,-0.02721011949464397,-0.0,-9.445701357464564e-09,0.8982190017970415
1400.0100000053644,0.0001603560704076348,0.07219088453207793,-1.5337005285877605,-0.027935398428098893,-0.0,-9.8115705200804e-09,0.8981761813488993
1400.0,0.00016028571428569212,0.07215340799791983,-1.5300653980692605,-0.025722839690341046,-0.0,-9.453781512605908e-09,0.8981325991880482
1400.0,0.00016028571428569212,0.07215340799791983,-1.5300653980692605,-0.025722839690341046,-0.0,-9.453781512605908e-09,0.8980882443420618
1400.0,0.00016035714285714286,0.07219088453207793,-1.5337005285877605,-0.027935398428098893,-0.0,-9.809308338723614e-09,0.898043105838513
1400.0,0.00016017857142857142,0.0720979492476331,-1.5337363078161947,-0.02389428155335356,-0.0,-8.944731738850462e-09,0.897997172704975
1400.0,0.00016042857142853635,0.07222662746027751,-1.5361263632739925,-0.019143077093482286,-0.0,-8.435681965091173e-09,0.897950433969021
1400.0,0.00016074999999998892,0.07234737629757457,-1.5289478699197467,-0.0240203286888737,-0.0,-8.993212669684275e-09,0.8979028786582242
1400.0,0.0001606071428571207,0.07227276375615078,-1.5267452794477523,-0.024635277295117004,-0.0,-8.928571428570056e-09,0.8978544958001577
1400.0,0.0001610000000000111,0.0724232270029707,-1.5200070021382412,-0.011290177470057358,-0.0,-6.56108597285023e-09,0.8978052744223949
1400.0,0.00016064285714284605,0.07229292265959834,-1.5292226833821447,-0.021695818963501833,-0.0,-8.500323206206196e-09,0.8977552035525086
1400.0,0.0001607499999999649,0.07234737629757457,-1.5289478699197467,-0.0240203286888737,-0.0,-8.993212669681569e-09,0.8977042722180724
1400.0,0.0001606071428571207,0.07227276375615078,-1.5267452794477523,-0.024635277295117004,-0.0,-8.928571428570056e-09,0.8976524694466591
1400.0,0.00016074999999998892,0.07233697598903414,-1.5267932241240267,-0.020632672410813166,-0.0,-8.298319327733735e-09,0.8975997842658421
1400.0,0.0001606071428571207,0.07227276375615078,-1.5267452794477523,-0.024635277295117004,-0.0,-8.928571428570056e-09,0.8975462057031945
1400.0,0.00016074999999998892,0.07234737629757457,-1.5289478699197467,-0.0240203286888737,-0.0,-8.993212669684275e-09,0.8974917227862896
1400.0099999979138,0.00016064143971734212,0.07229292265959834,-1.5292226833821447,-0.021695818963501833,-0.0,-8.498422286868443e-09,0.8974363245427003
1439.1300000026822,0.00012777573862687624,0.053249092300469064,-1.081777702411921,-0.15568548129466198,6.611462836128697,-1.902102234425615e-08,0.8972425746192525
1400.0099999979138,0.00014878423057102625,0.06694631822445153,-1.1066019262549438,0.3218352716445868,-0.0,4.2388917836257695e-08,0.8971563517823765
1400.0099999979138,0.00014928423167673868,0.06716447473677337,-1.0940579515122095,0.3213646142659495,-0.0,4.224219301219313e-08,0.8970587860606866
1400.0,0.00014932142857146014,0.06718510322413818,-1.0947284665603507,0.32211807357918515,-0.0,4.2331932773110195e-08,0.8969501253638231
1400.0,0.00014978571428571428,0.06739591622501707,-1.0912459421777627,0.32423508804790246,-0.0,4.277634130575316e-08,0.8968306176014271
1400.0,0.0001497142857142968,0.0673719596893318,-1.0859603619163394,0.327594571684457,-0.0,4.313186813186482e-08,0.8967005106831393
1400.0099999979138,0.0001496414568958368,0.06733286185596364,-1.0874134284838894,0.3245806296947184,-0.0,4.271016622348037e-08,0.8965600525186
1400.0,0.000149714285714284,0.0673719596893318,-1.0859603619163394,0.327594571684457,-0.0,4.3131868131871214e-08,0.8964094910174503
1400.0,0.00014953571428573647,0.06728850464338504,-1.0813291764850639,0.32722645724490446,-0.0,4.297834518422611e-08,0.8962490740893306
1400.0,0.0001499285714285936,0.06745919401492177,-1.0862516060270666,0.3242820154379767,-0.0,4.271170006463691e-08,0.8960790496438816
1400.0,0.00015817857142857143,0.0710912894001188,-1.2147511370393778,0.2760965183878321,-0.0,3.977860374918858e-08,0.8958996655907441
1400.0,0.00015842857142856962,0.07119256247938374,-1.2080297861495688,0.27403154573708094,-0.0,3.94957983193285e-08,0.8957111698395586
1400.0,0.00015839285714283496,0.07118466929653568,-1.2055247994728095,0.2773224345735355,-0.0,3.9924046541691435e-08,0.895513810299966
1400.0,0.00015857142857142857,0.07126095571576216,-1.2076051004708142,0.2757141569443459,-0.0,3.977052359405094e-08,0.8953078348816068
1400.0,0.0001585,0.07124384685210171,-1.2026486315309273,0.2818741979197445,-0.0,4.0578539107948556e-08,0.8950934914941219
1400.0,0.00015867857142854924,0.07132200622128189,-1.2112035176953224,0.2795770587711327,-0.0,4.045733678086358e-08,0.8948710280471517
1400.0,0.00015857142857142857,0.07126095571576216,-1.2076051004708142,0.2757141569443459,-0.0,3.977052359405094e-08,0.894640692450337
1400.0,0.0001585357142857032,0.07124972848736906,-1.2115994413866684,0.27620388344915914,-0.0,3.985940530058102e-08,0.8944027326133184
1400.0099999979138,0.0001586060421946528,0.07126890726577158,-1.2101066714925133,0.27242728131483757,-0.0,3.934373120805414e-08,0.8941573964457368
1400.0,0.00015857142857142857,0.07126997631408004,-1.207506376892714,0.2787916483005926,-0.0,4.0223012281835806e-08,0.8939049318572326
1400.0,0.0001590357142857143,0.07147573680894065,-1.1995186490708323,0.27920211671806927,-0.0,4.024725274725088e-08,0.8936455867574468
1400.0,0.00015892857142857142,0.07143348554524594,-1.2060036060722654,0.2798383447326159,-0.0,4.043309631544563e-08,0.8933796090560197
1400.0,0.00015892857142857142,0.07143348554524594,-1.2060036060722654,0.2798383447326159,-0.0,4.043309631544563e-08,0.8931072466625922
1400.0,0.00015882142857144893,0.0713781345738182,-1.217355576094175,0.2753873214242042,-0.0,3.994020685196961e-08,0.892828747486805
1400.0,0.0001589642857142968,0.07143675191251021,-1.2138293898952666,0.27408891300007093,-0.0,3.9697802197799146e-08,0.8925443594382987
1400.0,0.00015907142857145076,0.07148892688148759,-1.217523689880414,0.2748708432516016,-0.0,3.99321266968326e-08,0.892254330426714
1400.0,0.00015946428571427825,0.07165539224716617,-1.1999383250430364,0.27460962357166757,-0.0,3.9697802197801e-08,0.8919589083616916
1400.0100000053644,0.00015939217444338425,0.0716408369842894,-1.2068012672166843,0.27978832393541403,-0.0,4.058404120010067e-08,0.8916583411528721
1400.0,0.00015921428571428572,0.07155637138448459,-1.2034658402506817,0.2791715362684842,-0.0,4.043309631544987e-08,0.8913528767098963
1400.0,0.00015939285714285713,0.0716408369842894,-1.2068012672166843,0.27978832393541403,-0.0,4.0586619263087724e-08,0.8910427629424047
1400.0,0.00015946428571427283,0.07165539224716617,-1.1999383250430364,0.27460962357166757,-0.0,3.969780219780311e-08,0.8907282477600382
1400.0,0.0001589285714285936,0.07142895237993657,-1.2113483939198237,0.27736848004120646,-0.0,4.0126050420166386e-08,0.8904095790724375
1400.0,0.00015932142857142678,0.07161783496947033,-1.1900853096691302,0.2859481293801718,-0.0,4.12330316742083e-08,0.890087004789243
1400.0,0.00015942857142858252,0.07165479414393379,-1.1948681071575222,0.281057107080862,-0.0,4.059469941822663e-08,0.8897607728200955
1400.0100000053644,0.00015921347372174186,0.07155637138448459,-1.2034658402506817,0.2791715362684842,-0.0,4.043434990276972e-08,0.8894311310746357
1400.0,0.00015928571428573646,0.07160074487508261,-1.20465446154373,0.28321634702190174,-0.0,4.109566903684382e-08,0.8890983274625043
1400.0,0.000159214285714295,0.07155637138448459,-1.2034658402506817,0.2791715362684842,-0.0,4.0433096315447536e-08,0.8887626098933419
1400.0,0.0001591785714285825,0.07154019849007971,-1.2028728376973092,0.27885855149853833,-0.0,4.031189398836463e-08,0.8884242262767892
1400.0,0.00016339285714284606,0.07333725097760611,-1.407628520712236,0.13759563814469314,-0.0,1.9869101486746163e-08,0.8880834245224871
1400.0,0.00016339285714284606,0.07333725097760611,-1.407628520712236,0.13759563814469314,-0.0,1.9869101486746643e-08,0.8877404525400759
1400.0,0.0001633214285714175,0.07328795132573848,-1.404326565820949,0.1298480556022281,-0.0,1.865707821589998e-08,0.8873955582391966
1400.0,0.00016332142857142858,0.07329880139343542,-1.404268892929126,0.13564028573322587,-0.0,1.951357466063145e-08,0.8870489895294897
1400.0,0.0001633928571428442,0.07333725097760611,-1.407628520712236,0.13759563814469314,-0.0,1.9869101486747334e-08,0.8867009943205959
1400.0,0.00016346428571428572,0.073378535852179,-1.4049470805415236,0.1383474142802399,-0.0,1.973981900452259e-08,0.8863518205221559
1400.0099999979138,0.0001635346052555749,0.07340150510977926,-1.406552212185487,0.13630571708785555,-0.0,1.959637292685204e-08,0.8860017160438104
1400.0,0.00016335714285713177,0.07332010703236926,-1.4258535595678743,0.11236595387144882,-0.0,1.5530058177116504e-08,0.8856509287952001
1400.0,0.00016335714285713177,0.07332010703236926,-1.4258535595678743,0.11236595387144882,-0.0,1.5530058177116504e-08,0.8852997066859656
1400.0,0.00016346428571427463,0.07337327916372612,-1.4296237821575826,0.11339864823969917,-0.0,1.5764382676146503e-08,0.8849482976257476
1400.0099999979138,0.00016310633328838647,0.07321806958863163,-1.4308582652300155,0.11658109955871418,-0.0,1.6267212220076217e-08,0.8845969495241868
1400.0,0.00016342857142854925,0.07335867527494773,-1.429286104481983,0.11435073058146439,-0.0,1.5885585003231276e-08,0.8842459102909238
1400.0,0.00016335714285712992,0.07332010703236926,-1.4258535595678743,0.11236595387144882,-0.0,1.5530058177116706e-08,0.8838954278355993
1400.0,0.00016310714285714285,0.07321806958863163,-1.4308582652300155,0.11658109955871418,-0.0,1.626535229476085e-08,0.8835457500678541
1400.0,0.00016310714285714285,0.07321247616811398,-1.4307051837641989,0.11347629644800111,-0.0,1.5812863606979714e-08,0.8831971248973289
1400.0,0.00016335714285713177,0.07332010703236926,-1.4258535595678743,0.11236595387144882,-0.0,1.5530058177116504e-08,0.8828498002336641
1400.0,0.00016310714285712992,0.07321806958863163,-1.4308582652300155,0.11658109955871418,-0.0,1.6265352294763866e-08,0.8825040239865007
1400.0,0.00016335714285713177,0.07331458634834244,-1.425687914947076,0.10926364458938927,-0.0,1.5077569489335297e-08,0.8821600440654792
1400.0099999904633,0.00016346271105678443,0.07338340282055479,-1.4372250310503736,0.11171959985804407,-0.0,1.5474422517929015e-08,0.8818181083802403
1400.0,0.00016314285714285714,0.07322535340271408,-1.4328578517610757,0.1103752775440659,-0.0,1.5384615384614978e-08,0.8814784648404246
1400.0,0.0001635357142857032,0.07341551671981947,-1.4412931887946265,0.10911161707782283,-0.0,1.511797026502825e-08,0.8811413613556729
1400.0,0.0001634642857142968,0.07338340282055479,-1.4372250310503736,0.11171959985804407,-0.0,1.547349709114466e-08,0.880807045835626
1400.0,0.0001634642857142968,0.07338340282055479,-1.4372250310503736,0.11171959985804407,-0.0,1.547349709114466e-08,0.8804757661899243
1400.0,0.0001634642857142968,0.07338340282055479,-1.4372250310503736,0.11171959985804407,-0.0,1.547349709114466e-08,0.8801477703282086
1400.0,0.0001634642857142968,0.07338340282055479,-1.4372250310503736,0.11171959985804407,-0.0,1.547349709114466e-08,0.8798233061601195
1400.0,0.00016335714285713177,0.07332010703236926,-1.4258535595678743,0.11236595387144882,-0.0,1.5530058177116504e-08,0.8795026215952979
1400.0,0.0001634642857142968,0.07338340282055479,-1.4372250310503736,0.11171959985804407,-0.0,1.547349709114489e-08,0.8791859645433842
1400.0,0.00016307142857143966,0.07320798811475103,-1.4408177877278592,0.10889259067776229,-0.0,1.4964447317386453e-08,0.8788735829140192
1400.0,0.00016321428571427463,0.07327463018379163,-1.443883920940132,0.10880763534892518,-0.0,1.5029088558499317e-08,0.8785657246168437
1400.0100000053644,0.00016339128457479885,0.07336698362147846,-1.4449273362447141,0.11034145065774409,-0.0,1.5054263446362634e-08,0.8782626375614982
1400.0,0.0001607857142856903,0.07235909131020167,-1.528977440771716,-0.012209483446914181,-0.0,-7.0620555914674915e-09,0.8779645696576235
1400.0,0.00016092857142854924,0.07244156922914462,-1.5279766597030826,-0.01564877960723806,-0.0,-7.983193277313577e-09,0.8776717688148602
1400.0,0.00016107142857142858,0.07250307054253112,-1.5275118735026136,-0.017549866894726915,-0.0,-8.2094376212031e-09,0.877384482942849
1400.0,0.00016089285714285714,0.07242750069650937,-1.5280353266396982,-0.022725779729306245,-0.0,-9.138655462186194e-09,0.8771029599512304
1400.0,0.0001610357142857032,0.07248566360716742,-1.5255244636073584,-0.014580774641594206,-0.0,-7.78118939883806e-09,0.8768274477496455
1400.0,0.00016107142857142858,0.07250307054253112,-1.5275118735026136,-0.017549866894726915,-0.0,-8.2094376212031e-09,0.8765581942477347
1400.0,0.00016096428571427463,0.07245885532000705,-1.5299445522999773,-0.018621800152302304,-0.0,-8.41144149967872e-09,0.8762954473551386
1400.0,0.00016089285714284606,0.07242184621731078,-1.5262947616419242,-0.016379323836980098,-0.0,-8.05591467356261e-09,0.876039454981498
1400.0,0.00016092857142854924,0.07243861111970869,-1.527479933334212,-0.0215497229422763,-0.0,-8.839689722044923e-09,0.8757904650364537
1400.0,0.00016110714285712068,0.07252277146491565,-1.5291868749306357,-0.01681907664872069,-0.0,-8.136716224953118e-09,0.8755487254296462
1400.0,0.00016114285714284606,0.07254010385067469,-1.5311507125401094,-0.019786827227294225,-0.0,-8.56496444732006e-09,0.8753144840707161
1400.0,0.00016114285714284606,0.07254010385067469,-1.5311507125401094,-0.019786827227294225,-0.0,-8.56496444732006e-09,0.8750879888693043
1400.0,0.00016096428571426354,0.07245077146390022,-1.5274367794692094,-0.009729227454510587,-0.0,-6.90853264382902e-09,0.8748694877350514
1400.0,0.0001610357142856921,0.07248789718356605,-1.5258645120598087,-0.011399358660143315,-0.0,-7.328700711054173e-09,0.874659228577598
1400.0,0.00016096428571427463,0.07245885532000705,-1.5299445522999773,-0.018621800152302304,-0.0,-8.41144149967872e-09,0.8744574593065848
1400.0,0.0001610357142856921,0.07248789718356605,-1.5258645120598087,-0.011399358660143315,-0.0,-7.328700711054173e-09,0.8742644278316526
1400.0,0.00016099999999997784,0.07246654400480276,-1.5277455209899076,-0.010681347946944447,-0.0,-7.029734970913184e-09,0.8740803820624419
1400.0,0.0001610357142857032,0.07248566360716742,-1.5255244636073584,-0.014580774641594206,-0.0,-7.78118939883806e-09,0.8739055699085935
1400.0099999979138,0.00016096381303279292,0.07245885532000705,-1.5299445522999773,-0.018621800152302304,-0.0,-8.413119589865812e-09,0.873740239279748
1400.0,0.00016096428571427463,0.07244978556608317,-1.5314865013443946,-0.012554502034872773,-0.0,-7.2478991596633596e-09,0.8735846380855461
1400.0,0.00016114285714284606,0.07254010385067469,-1.5311507125401094,-0.019786827227294225,-0.0,-8.56496444732006e-09,0.8734390142356286
1400.0,0.00016114285714284606,0.07254010385067469,-1.5311507125401094,-0.019786827227294225,-0.0,-8.56496444732006e-09,0.873303615639636
1400.0,0.00016114285714283313,0.07254010385067469,-1.5311507125401094,-0.019786827227294225,-0.0,-8.564964447317199e-09,0.8731786902072091
1400.0,0.00016089285714284606,0.07242184621731078,-1.5262947616419242,-0.016379323836980098,-0.0,-8.05591467356261e-09,0.8730644858479886
1400.0,0.00016096428571427463,0.07245885532000705,-1.5299445522999773,-0.018621800152302304,-0.0,-8.411441499676568e-09,0.872961250471615
1400.0,0.00016121428571427463,0.07257672459115913,-1.5334761244916588,-0.011022472695637952,-0.0,-7.191338073691019e-09,0.8728692319877291
1400.0099999979138,0.0001610341564385626,0.07248566360716742,-1.5255244636073584,-0.014580774641594206,-0.0,-7.780671050407097e-09,0.8727886783059715
1400.0100000053644,0.00016106987167548945,0.07250307054253112,-1.5275118735026136,-0.017549866894726915,-0.0,-8.208914965807765e-09,0.872719837335983
1400.0,0.00016139285714286824,0.07262572022427902,-1.5246638157763137,-0.01058331510029632,-0.0,-6.827731092438246e-09,0.8726629569874043
1400.0,0.00016110714285715394,0.0725233624099028,-1.5293614720537696,-0.012326937439669753,-0.0,-7.425662572722722e-09,0.8726182851698759
1400.0,0.0001610357142857032,0.07248566360716742,-1.5255244636073584,-0.014580774641594206,-0.0,-7.78118939883806e-09,0.8725860697930387
1400.0,0.00016107142857142858,0.07250307054253112,-1.5275118735026136,-0.017549866894726915,-0.0,-8.2094376212031e-09,0.8725665587665332
1439.1000000014901,0.00012748122442089602,0.05309033780660496,-1.065567273728647,-0.10218982587966134,6.614400113998417,-1.2315255803855894e-08,0.8725620262191766
1400.0,0.0001579642857142968,0.07100670659136635,-1.197436371631903,0.2837766465581785,-0.0,4.06351001939233e-08,0.8725645288011399
1400.0,0.00015821428571427464,0.0711271162543981,-1.1867056059567573,0.28896060872838997,-0.0,4.13703943115708e-08,0.8725679975273463
1400.0100000053644,0.00015864217997909572,0.0713036431313964,-1.1962746408105025,0.28159616097856716,-0.0,4.051134900131589e-08,0.8725724122697907
1400.0,0.00015864285714285714,0.0713036431313964,-1.1962746408105025,0.28159616097856716,-0.0,4.0513897866837026e-08,0.8725777529004681
1400.0,0.00015857142857141567,0.07127892896421585,-1.19000283255644,0.2855808278811333,-0.0,4.1014867485454316e-08,0.8725839992913735
1400.0,0.0001590357142857032,0.07148013377022684,-1.201386301735789,0.28077861416723626,-0.0,4.0586619263089485e-08,0.8725911313145019
1400.0,0.00015903571428572356,0.07148013377022684,-1.201386301735789,0.28077861416723626,-0.0,4.058661926308958e-08,0.8725991288418481
1400.0100000053644,0.00015907106178205443,0.07150024974981357,-1.2013983649080293,0.2817342920044278,-0.0,4.067378742127542e-08,0.8726079717454072
1400.0,0.00015907142857141747,0.07150844106017938,-1.1890287450428945,0.2873575713760067,-0.0,4.140271493212469e-08,0.8726176398971738
1400.0,0.0001591785714285825,0.07154865144647746,-1.2009704041706657,0.282447179944873,-0.0,4.0861344537813076e-08,0.8726281131691431
1400.0,0.0001592142857142968,0.07155637138448459,-1.2034658402506653,0.27917153626849767,-0.0,4.0433096315448615e-08,0.8726393714333099
1400.0,0.0001590357142857032,0.07148013377022684,-1.201386301735789,0.28077861416723626,-0.0,4.0586619263089485e-08,0.8726513945616694
1400.0,0.00015939285714285713,0.07165658843865415,-1.1932591658552352,0.28768798742521107,-0.0,4.158855850032123e-08,0.8726641624262161
1400.0,0.0001590357142857032,0.07148013377022684,-1.201386301735789,0.28077861416723626,-0.0,4.0586619263089485e-08,0.8726776548989453
1400.0,0.00015946428571427462,0.07168482604927126,-1.1941505148936857,0.28651738788620834,-0.0,4.147543632837613e-08,0.8726918518518518
1400.0,0.00015932142857142856,0.07162049453958852,-1.1908012055233723,0.2868680378008377,-0.0,4.141079508726361e-08,0.8727067331569306
1400.0,0.00015953571428572539,0.07172148512524981,-1.1994008638261726,0.28653629839536704,-0.0,4.152391725921005e-08,0.8727222786861765
1400.0,0.0001594642857142968,0.07167672133232916,-1.1927889263029203,0.28432998081919464,-0.0,4.116839043309584e-08,0.8727384683115845
1400.0,0.00015989285714286823,0.07186243471946605,-1.1866491486399462,0.2821279412024165,-0.0,4.07320620555912e-08,0.8727552819051496
1400.0,0.0001594642857142968,0.07167672133232916,-1.1927889263029203,0.28432998081919464,-0.0,4.116839043309584e-08,0.8727726993388667
1400.0,0.0001592857142857143,0.07159595625718636,-1.1889327787968151,0.28434653600667736,-0.0,4.098254686489676e-08,0.8727907004847306
1400.0,0.0001595357142857179,0.07172354332202685,-1.188650314864178,0.28958521663198994,-0.0,4.1830963154492626e-08,0.8728092652147365
1400.0,0.0001595357142857143,0.07170342357503542,-1.1806509218408556,0.28420438934499836,-0.0,4.092598577892801e-08,0.8728283734008789
1400.0,0.0001596428571428775,0.07176097891778016,-1.196239084966487,0.284906340899497,-0.0,4.13219133807337e-08,0.8728480049151532
1400.0,0.0001595,0.07169897389184068,-1.1867915891686587,0.2870715402283837,-0.0,4.140271493212714e-08,0.8728681396295542
1400.0,0.0001635714285714378,0.0734250508698367,-1.396224859658851,0.1479251724128738,-0.0,2.1396250808015326e-08,0.8728887574160769
1400.0,0.00016392857142856035,0.07358441864054285,-1.3993167001727782,0.14476107638797903,-0.0,2.091144149967381e-08,0.8729098381467159
1400.0,0.0001638214285714489,0.07354221333939541,-1.401018784987082,0.14844696552143782,-0.0,2.1598254686492027e-08,0.8729313616934664
1400.0,0.00016371428571427464,0.07349421745960703,-1.4004359257071108,0.14752253906295756,-0.0,2.1331609566901443e-08,0.8729533079283232
1400.0,0.00016403571428571427,0.07363216171005198,-1.3999610508221267,0.14571535403315658,-0.0,2.117808661926095e-08,0.8729756567232814
1400.0099999979138,0.00016371326581560112,0.07349421745960703,-1.4004359257071108,0.14752253906295756,-0.0,2.1328940467511966e-08,0.8729983879503358
1400.0,0.00016403571428571243,0.07363216171005198,-1.3999610508221267,0.14571535403315658,-0.0,2.11780866192644e-08,0.8730214814814815
1400.0,0.00016392857142858252,0.07358648944318134,-1.3962283402398354,0.14512309771759735,-0.0,2.0895281189399e-08,0.8730449171887132
1400.0,0.00016371428571427464,0.07348261861212653,-1.4005213431197112,0.14175876277386013,-0.0,2.0475113122172677e-08,0.8730686749440261
1400.0,0.00016364285714285716,0.0734637584767062,-1.3995506075240325,0.14984319008408287,-0.0,2.1751777634131822e-08,0.8730927346194148
1400.0099999904633,0.00016371384071145432,0.07349616122142508,-1.425837579048808,0.12264495491411478,-0.0,1.7211919262604238e-08,0.8731170760868745
1400.0100000053644,0.00016371267286669145,0.07349616122142508,-1.425837579048808,0.12264495491411478,-0.0,1.7210927493896257e-08,0.8731416792184001
1400.0,0.00016371428571426727,0.07349616122142508,-1.425837579048808,0.12264495491411478,-0.0,1.721073044602527e-08,0.8731665238859865
1400.0,0.00016389285714285713,0.07357490514208403,-1.427273327683917,0.12130492751257876,-0.0,1.705720749838559e-08,0.8731915899616287
1400.0,0.00016371428571427464,0.07349616122142508,-1.425837579048808,0.12264495491411478,-0.0,1.7210730446024473e-08,0.8732168573173215
1400.0,0.0001639285714285474,0.07355820500671235,-1.383489429832903,0.1494122637130154,-0.0,2.1945701357466126e-08,0.8732423058250598
1400.0,0.0001632500000000111,0.0733002306239471,-1.4569917035533169,0.0949282047474381,-0.0,1.2645442792499382e-08,0.8732679153568386
1400.0099999904633,0.00016371384380667832,0.07350205698449788,-1.4259853065091814,0.1257318542691092,-0.0,1.7661341735244975e-08,0.873293665784653
1400.0,0.00016371428571427464,0.07349616122142508,-1.425837579048808,0.12264495491411478,-0.0,1.7210730446024473e-08,0.8733195369804977
1400.0,0.00016396428571427462,0.07360402421710636,-1.4210096594887647,0.12150471419341285,-0.0,1.69279250161595e-08,0.8733455088163677
1400.0,0.00016371428571426355,0.07350205698449788,-1.4259853065091814,0.1257318542691092,-0.0,1.7663219133805918e-08,0.8733715611642581
1400.0,0.00016371428571426355,0.07350205698449788,-1.4259853065091814,0.1257318542691092,-0.0,1.7663219133805918e-08,0.8733976738961636
1400.0,0.00016389285714283496,0.07357490514208403,-1.427273327683917,0.12130492751257876,-0.0,1.705720749838415e-08,0.8734238268840793
1400.0100000053644,0.00016371288367825513,0.07349616122142508,-1.425837579048808,0.12264495491411478,-0.0,1.7208847731411467e-08,0.87345
1400.0,0.00016371428571427464,0.07349616122142508,-1.425837579048808,0.12264495491411478,-0.0,1.7210730446024473e-08,0.8734761731159207
1400.0,0.00016371428571427464,0.07349616122142508,-1.425837579048808,0.12264495491411478,-0.0,1.7210730446024473e-08,0.8735023261038364
1400.0,0.00016399999999998892,0.07363274375154683,-1.416628909264986,0.13354303392187442,-0.0,1.8875242404653754e-08,0.8735284388357418
1400.0,0.0001634999999999889,0.07340559210564923,-1.427082738863658,0.12537395076181132,-0.0,1.7630898513250136e-08,0.8735544911836323
1400.0099999979138,0.00016382098850872855,0.07354480331905244,-1.415887104825899,0.1320621495779428,-0.0,1.8719839555394047e-08,0.8735804630195022
1400.0,0.00016367857142856034,0.07349389349430595,-1.4276484847418076,0.12692165463861918,-0.0,1.7784421460890814e-08,0.8736063342153471
1400.0,0.00016371428571427464,0.07349616122142508,-1.425837579048808,0.12264495491411478,-0.0,1.7210730446024473e-08,0.8736320846431613
1400.0,0.00016371428571427464,0.07349616122142508,-1.425837579048808,0.12264495491411478,-0.0,1.7210730446024473e-08,0.8736576941749402
1400.0,0.00016367857142856034,0.07349389349430595,-1.4276484847418076,0.12692165463861918,-0.0,1.7784421460890814e-08,0.8736831426826787
1400.0,0.00016132142857142856,0.07259128899596183,-1.5213140533548135,-0.005150440274440092,-0.0,-6.019715578539199e-09,0.8737084100383714
1400.0,0.0001614999999999889,0.07267232393880549,-1.5225343306034271,-0.006335443289736989,-0.0,-6.1732385261805055e-09,0.8737334761140135
1400.0,0.00016157142857142856,0.07271752261482863,-1.5231224167338642,-0.008103311989655675,-0.0,-6.674208144798791e-09,0.8737583207815998
1400.0,0.00016167857142857143,0.07277381789784416,-1.5270685732323634,-0.009144289430526819,-0.0,-6.908532643827061e-09,0.8737829239131254
1400.0,0.00016167857142854926,0.07277741669606295,-1.5255290332655302,-0.014597932844816487,-0.0,-7.894311570784066e-09,0.8738072653805852
1400.0,0.00016160714285715395,0.07273454671415985,-1.5250958337344085,-0.011076531240860868,-0.0,-7.102456367163016e-09,0.873831325055974
1400.0,0.00016171428571427462,0.07278409035993937,-1.532816470334241,7.329323776952665e-05,-0.0,-5.155138978670078e-09,0.8738550828112868
1400.0,0.00016160714285715395,0.07273454671415985,-1.5250958337344085,-0.011076531240860868,-0.0,-7.102456367163016e-09,0.8738785185185185
1400.0,0.00016207142857142858,0.07285059727833074,-1.5115542025134376,0.018561499189713206,-0.0,-8.888170652873718e-10,0.8739016120496642
1400.0,0.00016157142857142856,0.07270999145332689,-1.5263257960097278,-0.004098642741335155,-0.0,-5.817711700066448e-09,0.8739243432767185
1400.0,0.00016160714285713178,0.07273716545271233,-1.5234022885047434,-0.00687942862681828,-0.0,-6.553005817714245e-09,0.8739466920716767
1400.0,0.00016174999999997599,0.07279861327826319,-1.524335621439882,-0.00928239901612131,-0.0,-6.8277310924372526e-09,0.8739686383065337
1400.0,0.00016157142857142856,0.07272105871721336,-1.5235490354690815,-0.00044396328684956116,-0.0,-5.510665804786841e-09,0.8739901618532842
1400.0,0.00016167857142856035,0.07276426386103356,-1.5209847036016804,-0.0038562486720121374,-0.0,-6.019715578540644e-09,0.8740112425839233
1400.0,0.00016157142857142856,0.07271752261482863,-1.5231224167338642,-0.008103311989655675,-0.0,-6.674208144796835e-09,0.8740318603704458
1400.0,0.00016167857142856035,0.07276426386103356,-1.5209847036016804,-0.0038562486720121374,-0.0,-6.019715578540644e-09,0.8740519950848468
1400.0,0.00016149999999998707,0.07268077626233263,-1.5194349040181836,-0.0058397441999022935,-0.0,-6.318681318682192e-09,0.874071626599121
1400.0,0.00016242857142857142,0.07305523024853638,-1.5125707802150472,0.0076301285008427665,-0.0,-3.5552682611499076e-09,0.8740907347852636
1400.0,0.00016157142857142856,0.07271752261482863,-1.5231224167338642,-0.008103311989655675,-0.0,-6.674208144798791e-09,0.8741092995152694
1400.0,0.00016149999999998707,0.07268077626233263,-1.5194349040181836,-0.0058397441999022935,-0.0,-6.318681318682192e-09,0.8741273006611333
1400.0,0.0001615,0.07268077626233263,-1.5194349040181836,-0.0058397441999022935,-0.0,-6.318681318682682e-09,0.8741447180948504
1400.0,0.00016167857142856035,0.07277447223803012,-1.527610695975603,0.000827191509990781,-0.0,-5.276341305757115e-09,0.8741615316884155
1400.0,0.0001615,0.07268077626233263,-1.5194349040181836,-0.0058397441999022935,-0.0,-6.318681318682682e-09,0.8741777213138234
1400.0,0.0001615,0.07268326590665253,-1.519763683232811,-0.0026684407999580783,-0.0,-5.866192630901442e-09,0.8741932668430694
1400.0,0.0001615,0.07268326590665253,-1.519763683232811,-0.0026684407999580783,-0.0,-5.866192630899834e-09,0.8742081481481482
1400.0,0.00016149999999998707,0.07268326590665253,-1.519763683232811,-0.0026684407999580783,-0.0,-5.8661926308986316e-09,0.8742223451010547
1400.0,0.00016185714285715395,0.07285523807033868,-1.5288250696077743,-0.000345827642163127,-0.0,-5.42986425339557e-09,0.8742358375737839
1400.0,0.00016167857142856035,0.07276426386103356,-1.5209847036016804,-0.0038562486720121374,-0.0,-6.019715578540644e-09,0.8742486054383307
1400.0,0.00016167857142857143,0.07277381789784416,-1.5270685732323634,-0.009144289430526819,-0.0,-6.908532643827061e-09,0.87426062856669
1400.0,0.00016174999999999257,0.07280194921514002,-1.524763451226232,-0.00162701014941499,-0.0,-5.664188752425222e-09,0.874271886830857
1400.0,0.00016199999999998892,0.07290385057437941,-1.5241247753173648,0.0013067296520366646,-0.0,-5.042016806722513e-09,0.8742823601028262
1400.0,0.00016157142857141748,0.07272007648379876,-1.523469508665222,-0.004933578487450105,-0.0,-6.221719457015209e-09,0.8742920282545928
1400.0,0.00016167857142856035,0.07276426386103356,-1.5209847036016804,-0.0038562486720121374,-0.0,-6.019715578540644e-09,0.8743008711581519
1500.0,0.0001491176470588321,0.07221080251596719,-1.565532894045744,-0.22155407132443639,-0.0,-4.2156862745096894e-08,0.8743088686854981
1500.0,0.00014892647058822845,0.07212925319637427,-1.5553405845776573,-0.23059611137699837,-0.0,-4.33998599439767e-08,0.8743160007086265
1500.0,0.00014872058823530823,0.07206730072184839,-1.5601531551716674,-0.23378681100973153,-0.0,-4.410014005602386e-08,0.8743222470995319
1500.0,0.00014869117647059208,0.07206498803163708,-1.5581071377382085,-0.2357859937426671,-0.0,-4.452030812324881e-08,0.8743275877302094
1500.0,0.00014875,0.07209735894376897,-1.5592291684143242,-0.23721096954426885,-0.0,-4.469537815125904e-08,0.8743320024726539
1500.0,0.00013954411764705368,0.06848257077534406,-1.473503618221293,-0.397730549855671,-0.0,-6.818977591036442e-08,0.8743354711988601
1500.0,0.00013942647058823188,0.06844069817489207,-1.4743324686907648,-0.3981351350980559,-0.0,-6.836484593837334e-08,0.8743379737808235
1500.0,0.00013958823529411937,0.06852444819186808,-1.4756240181072766,-0.3988115859522778,-0.0,-6.852240896358626e-08,0.8743394900905382
1439.1599999964237,0.00012813188800064664,0.05334694174312286,-1.058898393045925,-0.06355962570287471,6.619794749732812,-7.680016885102423e-09,0.8743333401163758
1400.0,0.00015921428571427282,0.07157280675414836,-1.1837011435725335,0.2883406919815152,-0.0,4.146735617323903e-08,0.874325091406805
1400.0,0.00015928571428572538,0.0716099221643268,-1.1905931140913826,0.2889940492744429,-0.0,4.177440206851798e-08,0.8743136312031367
1400.0100000053644,0.00015921334224285575,0.07157280675414836,-1.1837011435725335,0.2883406919815152,-0.0,4.146454504451693e-08,0.8742990102686771
1400.0,0.00015921428571428572,0.07157280675414836,-1.1837011435725335,0.2883406919815152,-0.0,4.146735617323432e-08,0.8742812793667325
1400.0,0.00015964285714285714,0.07177723475149637,-1.1825336327836649,0.2928410156856218,-0.0,4.232385261797037e-08,0.8742604892606094
1400.0,0.0001594642857142968,0.07168668601895993,-1.175658596376063,0.29033737326071823,-0.0,4.1734001292822816e-08,0.8742366907136137
1400.0,0.00015960714285714105,0.0717513563833962,-1.1818895717080287,0.2891619343602324,-0.0,4.166936005171507e-08,0.874209934489052
1400.0,0.00015971428571429498,0.07180317011173826,-1.1855830950324076,0.2899373114675883,-0.0,4.190368455074147e-08,0.8741802713502305
1400.0,0.00015946428571427462,0.07169359405533673,-1.1729474749985698,0.29351769425859137,-0.0,4.220265029088159e-08,0.8741477520604551
1400.0,0.00015992857142856033,0.07190648689195465,-1.1833778650606699,0.29266838266192546,-0.0,4.2323852617969306e-08,0.8741124273830324
1400.0,0.00015960714285714105,0.07175839091469824,-1.1791949119623915,0.2923432810083531,-0.0,4.213800904977264e-08,0.8740743480812688
1400.0,0.00015960714285715395,0.0717513563833962,-1.1818895717080287,0.2891619343602324,-0.0,4.166936005171117e-08,0.8740335649184703
1400.0099999979138,0.0001597486461363988,0.07181968161073017,-1.1760765893467646,0.2922338735357979,-0.0,4.213578887397919e-08,0.8739901286579432
1400.0,0.00015946428571427462,0.07169359405533673,-1.1729474749985698,0.29351769425859137,-0.0,4.220265029088159e-08,0.8739440900629939
1400.0100000053644,0.00015892789684980932,0.07143695188932755,-1.176391396752349,0.287006502143605,-0.0,4.107697365495642e-08,0.8738954998969285
1400.0100000053644,0.00016024850661452197,0.07205969747369192,-1.172574286906108,0.29757401900624686,-0.0,4.297674421221222e-08,0.8738444089230534
1400.0,0.00015960714285715214,0.0717513563833962,-1.1818895717080287,0.2891619343602324,-0.0,4.1669360051709955e-08,0.8737908679046748
1400.0,0.00016007142857142858,0.07196804846596852,-1.1802441570655302,0.29258108402586747,-0.0,4.232385261796927e-08,0.8737349276050989
1400.0,0.00015996428571427463,0.07191648595684408,-1.1765591989135729,0.2917926283410604,-0.0,4.208952811894025e-08,0.8736766387876321
1400.0,0.00015957142857142857,0.07173848007735815,-1.1793674292689136,0.29111251845716934,-0.0,4.196832579185501e-08,0.8736160522155806
1400.0099999904633,0.00015999955523542868,0.07192939659998608,-1.1770871997708108,0.2908501391573274,-0.0,4.196906355323729e-08,0.8735532186522507
1400.0099999979138,0.00015974931993703996,0.07182306301566631,-1.182841228165061,0.2916976058837172,-0.0,4.2119259689912016e-08,0.8734881888609486
1400.0,0.00015975,0.07181968161073017,-1.1760765893467646,0.2922338735357979,-0.0,4.21380090497731e-08,0.8734210136049806
1400.0,0.00016432142857142858,0.07376668495685447,-1.3906653650976255,0.15299631225939583,-0.0,2.221234647705057e-08,0.873351743647653
1400.0099999904633,0.00016414133225463708,0.07369674025226308,-1.4116398783144282,0.1402342642267859,-0.0,2.0102124022960575e-08,0.8732804297522722
1400.0,0.00016439285714285715,0.0738142456246954,-1.3994169416275808,0.15137009582503896,-0.0,2.1840659340658203e-08,0.8732071226821441
1400.0,0.0001643214285714175,0.07377559281522647,-1.3961171365355178,0.149460478331197,-0.0,2.148513251454374e-08,0.8731318732005752
1400.0,0.00016417857142856035,0.07372426104523987,-1.4005065107665993,0.1541201888924877,-0.0,2.226082740788611e-08,0.8730547320708718
1400.0,0.00016457142857140454,0.0738924572476463,-1.4009131638835444,0.15000207891182737,-0.0,2.1687136393020096e-08,0.8729757500563401
1400.0,0.00016435714285715393,0.07380263255080113,-1.4019592937107332,0.15272435574281898,-0.0,2.210730446024494e-08,0.8728949779202864
1400.0099999979138,0.0001644278169697824,0.07381624546966682,-1.3854321442362598,0.1534003420656373,-0.0,2.2137085338856188e-08,0.8728124664260168
1400.0,0.0001641785714285474,0.07372426104523987,-1.4005065107665993,0.1541201888924877,-0.0,2.226082740788539e-08,0.8727282663368378
1400.0,0.00016457142857142858,0.0738924572476463,-1.4009131638835444,0.15000207891182737,-0.0,2.1687136393019408e-08,0.8726424284160555
1400.0,0.00016457142857142858,0.0738924572476463,-1.4009131638835444,0.15000207891182737,-0.0,2.1687136393019408e-08,0.8725550034269763
1400.0,0.00016442857142854925,0.07383250026403072,-1.4285951998011834,0.1263607977628544,-0.0,1.7711700064639133e-08,0.8724660421329065
1400.0,0.00016432142857142858,0.07377075172128732,-1.4230915536452362,0.12174910207389898,-0.0,1.692792501616033e-08,0.8723755952971521
1400.0,0.00016432142857142858,0.07377075172128732,-1.4230915536452362,0.12174910207389898,-0.0,1.692792501616033e-08,0.8722837136830196
1400.0,0.00016432142857142858,0.07377075172128732,-1.4230915536452362,0.12174910207389898,-0.0,1.692792501616033e-08,0.8721904480538152
1400.0,0.00016410714285714287,0.07367444475205641,-1.4205914593779219,0.12551051422430806,-0.0,1.7558177116998945e-08,0.8720958491728452
1400.0,0.00016432142857140454,0.07377075172128732,-1.4230915536452362,0.12174910207389898,-0.0,1.692792501616314e-08,0.8719999678034158
1400.0,0.00016389285714285713,0.07359037204106836,-1.4265537984529566,0.12727776208528996,-0.0,1.7816742081446864e-08,0.8719028547088333
1400.0,0.00016432142857142858,0.07377075172128732,-1.4230915536452362,0.12174910207389898,-0.0,1.692792501616033e-08,0.871804560652404
1400.0,0.0001644642857142968,0.07383907856825903,-1.4084034982697464,0.14012552917221774,-0.0,2.003070458952593e-08,0.8717051363974342
1400.0,0.00016435714285713176,0.0737894688575932,-1.4184775901624798,0.13069431665793532,-0.0,1.851971557853868e-08,0.87160463270723
1400.0,0.0001640357142857032,0.07364490090000415,-1.4187896034126162,0.1304411788607982,-0.0,1.844699418228518e-08,0.8715031003450977
1400.0,0.00016417857142856035,0.07370759474985963,-1.417877842900884,0.13228799473694514,-0.0,1.8818681318680876e-08,0.8714005900743437
1400.0,0.00016414285714285714,0.07369906635061518,-1.419674626618403,0.13342139952666704,-0.0,1.8939883645763905e-08,0.8712971526582741
1400.0,0.0001647857142857032,0.07397567167657221,-1.4152456493496053,0.12823491999046635,-0.0,1.808338720103108e-08,0.8711928388601955
1400.0,0.00016399999999998892,0.07363274375154683,-1.416628909264986,0.13354303392187442,-0.0,1.8875242404653754e-08,0.8710876994434137
1400.0,0.00016410714285713178,0.07368368689395043,-1.4216058219804824,0.13184224323472943,-0.0,1.864091790562338e-08,0.8709817851712354
1400.0,0.00016414285714284605,0.07369577102294726,-1.423744771541848,0.12874259540634414,-0.0,1.8212669683255622e-08,0.8708751468069664
1400.0,0.00016414285714284605,0.07370520431324468,-1.419802421122403,0.13649396436746367,-0.0,1.9392372333547928e-08,0.8707678351139135
1400.0,0.00016435714285713176,0.07379553477264703,-1.4186097222435659,0.13376476446537966,-0.0,1.8972204266320296e-08,0.8706599008553826
1400.0,0.0001647857142857032,0.07397567167657221,-1.4152456493496053,0.12823491999046635,-0.0,1.808338720103108e-08,0.8705513947946799
1400.0,0.00016414285714286823,0.07369906635061518,-1.419674626618403,0.13342139952666704,-0.0,1.89398836457661e-08,0.870442367695112
1400.0,0.00016435714285713176,0.07378617756734669,-1.4193253546660434,0.1309384520786392,-0.0,1.8665158371040178e-08,0.8703328703199851
1400.0,0.00016196428571426354,0.0728686358815513,-1.5163063225188549,0.0024314702751028635,-0.0,-4.7107304460248885e-09,0.8702229534326051
1400.0,0.0001620357142856921,0.07290646323168058,-1.5200662193841308,0.004640627424493613,-0.0,-4.355203619911068e-09,0.8701126677962786
1400.0,0.00016207142857141565,0.07292755700987509,-1.5224824689284189,0.0075044070522745695,-0.0,-3.926955397544199e-09,0.8700020641743119
1400.0,0.0001620357142856921,0.07290646323168058,-1.5200662193841308,0.004640627424493613,-0.0,-4.355203619911068e-09,0.8698911933300111
1400.0100000053644,0.00016196278069615985,0.0728686358815513,-1.5163063225188549,0.0024314702751028635,-0.0,-4.7116674207435185e-09,0.8697801060266825
1400.0,0.00016210714285712068,0.07294342230210256,-1.5186385355704208,0.002975647136810465,-0.0,-4.775371687136154e-09,0.8696688530276324
1400.0099999904633,0.00016214238333074428,0.07298108039237365,-1.5249927550577216,-0.0016319872524825424,-0.0,-5.738634716737973e-09,0.869557485096167
1400.0,0.00016210714285712068,0.07294342230210256,-1.5186385355704208,0.002975647136810465,-0.0,-4.775371687136154e-09,0.8694460529955927
1400.0,0.0001622857142856921,0.07303567295376652,-1.517067378605541,0.005448400823659684,-0.0,-4.621848739497277e-09,0.8693346074892158
1400.0,0.0001624642857142728,0.07306826553690346,-1.518026622377847,0.024846015457675796,-0.0,-4.6056884292185385e-10,0.8692231993403423
1400.0,0.00016196428571426354,0.0728686358815513,-1.5163063225188549,0.0024314702751028635,-0.0,-4.7107304460248885e-09,0.8691118793122786
1400.0,0.0001622857142856921,0.07303567295376652,-1.517067378605541,0.005448400823659684,-0.0,-4.621848739497277e-09,0.869000698168331
1400.0099999904633,0.00016210561008670284,0.07294342230210256,-1.5186385355704208,0.002975647136810465,-0.0,-4.774157840249153e-09,0.8688897066718058
1400.0,0.0001620357142856921,0.07290646323168058,-1.5200662193841308,0.004640627424493613,-0.0,-4.355203619911068e-09,0.8687789555860093
1400.0099999904633,0.0001621056372289937,0.07294342230210256,-1.5186385355704208,0.002975647136810465,-0.0,-4.776306807924146e-09,0.8686684956742475
1400.0100000053644,0.00016239135028797708,0.07309159289809583,-1.521093000122327,0.004352830668211517,-0.0,-4.857105967138252e-09,0.8685583776998269
1400.0,0.00016196428571426354,0.0728686358815513,-1.5163063225188549,0.0024314702751028635,-0.0,-4.7107304460248885e-09,0.8684486524260538
1400.0,0.0001622857142856921,0.07303567295376652,-1.517067378605541,0.005448400823659684,-0.0,-4.621848739497277e-09,0.8683393706162343
1400.0099999904633,0.0001624630188986333,0.0731250071225069,-1.5244303928669105,-0.001086120795426776,-0.0,-5.6662156737537785e-09,0.8682305830336748
1400.0,0.0001622857142856921,0.07303567295376652,-1.517067378605541,0.005448400823659684,-0.0,-4.621848739497277e-09,0.8681223404416816
1400.0,0.00016239285714284607,0.07309159289809583,-1.521093000122327,0.004352830668211517,-0.0,-4.8561732385279566e-09,0.8680146936035608
1400.0,0.0001623571428571096,0.07307354416711206,-1.5208047628176988,0.0076456147980357,-0.0,-4.26632191338332e-09,0.8679076932826187
1400.0,0.00016239285714284607,0.07309159289809583,-1.521093000122327,0.004352830668211517,-0.0,-4.8561732385279566e-09,0.8678013902421616
1400.0,0.0001622857142856921,0.07303567295376652,-1.517067378605541,0.005448400823659684,-0.0,-4.621848739497277e-09,0.867695835245496
1400.0,0.00016239285714284607,0.07309159289809583,-1.521093000122327,0.004352830668211517,-0.0,-4.8561732385279566e-09,0.8675910790559277
1400.0,0.00016239285714283498,0.07308879140177,-1.520762179520194,0.0012010848528355839,-0.0,-5.308661926310996e-09,0.8674871724367633
1400.0,0.00016239285714283498,0.07308879140177,-1.520762179520194,0.0012010848528355839,-0.0,-5.308661926310996e-09,0.8673841661513091
1400.0,0.00016239285714282205,0.07309159289809583,-1.521093000122327,0.004352830668211517,-0.0,-4.85617323852486e-09,0.8672821109628711
1400.0100000053644,0.00016239157073377958,0.07309159289809583,-1.521093000122327,0.004352830668211517,-0.0,-4.853829769097052e-09,0.8671810576347557
1600.0,0.00013083333333334138,0.0688689612490955,-1.3985311951957595,-0.4903934908965154,-0.0,-7.510319917440839e-08,0.8670810569302693
1600.0,0.00013083333333334138,0.0688689612490955,-1.3985311951957595,-0.4903934908965154,-0.0,-7.510319917440839e-08,0.866982159612718
1600.0,0.0001302941176470615,0.06858319336225682,-1.409779837077143,-0.48655325274230876,-0.0,-7.440660474716349e-08,0.866884416445408
1600.0,0.00013083333333334138,0.0688689612490955,-1.3985311951957595,-0.4903934908965154,-0.0,-7.510319917440839e-08,0.8667878781916458
1600.0,0.00013024509803921121,0.06856340989529758,-1.405199121903885,-0.4895817180457026,-0.0,-7.466460268317618e-08,0.8666925956147375
1600.0,0.00013029411764705972,0.06858319336225682,-1.409779837077143,-0.48655325274230876,-0.0,-7.440660474715975e-08,0.8665986194779894
1600.0,0.0001304411764705936,0.06866575051739872,-1.4105042777567993,-0.4872844918482093,-0.0,-7.456140350877314e-08,0.8665060005447077
1600.0,0.00013095588235293582,0.0689373650070675,-1.4027120615368518,-0.4897255909655092,-0.0,-7.511609907120745e-08,0.8664147895781988
1600.0,0.00013026960784312384,0.06858003053539202,-1.3827650737053572,-0.49790833988554806,-0.0,-7.547729618163214e-08,0.8663250373417691
1600.0,0.0001302941176470615,0.06858319336225682,-1.409779837077143,-0.48655325274230876,-0.0,-7.440660474716349e-08,0.8662367945987245
1600.0,0.00013083333333334138,0.0688689612490955,-1.3985311951957595,-0.4903934908965154,-0.0,-7.510319917440839e-08,0.8661501121123715
1600.0,0.00013083333333334138,0.0688689612490955,-1.3985311951957595,-0.4903934908965154,-0.0,-7.510319917440839e-08,0.8660650406460162
1600.0,0.0001302941176470615,0.06858319336225682,-1.409779837077143,-0.48655325274230876,-0.0,-7.440660474716349e-08,0.8659816309629651
1600.0,0.00013044117647058017,0.0686706226254336,-1.3946747136229198,-0.4934759887263909,-0.0,-7.518059855521167e-08,0.8658999338265242
1439.2000000029802,0.00012803466795163296,0.05330951661217562,-1.0500628143993027,0.052930824823111164,6.618557646876487,6.250001135935926e-09,0.8656635382845577
1400.0,0.00016296428571426353,0.07314512645289171,-1.372171666275805,0.16461806027474266,-0.0,2.4038461538461135e-08,0.8655864813787921
1400.0,0.00016417857142857144,0.07370061704206389,-1.3875905997997584,0.1531469489396428,-0.0,2.2147705235938347e-08,0.8655101780968564
1400.0,0.0001643571428571521,0.07379004965828005,-1.3927248502053815,0.15561894816400315,-0.0,2.2640594699419907e-08,0.8654346066806449
1400.0,0.00016442857142857142,0.07381624546966682,-1.3854321442362598,0.1534003420656373,-0.0,2.2139625080801194e-08,0.8653597453720518
1400.0,0.00016439285714285715,0.07380495531176373,-1.3832500734452886,0.15651421268709953,-0.0,2.2567873303166783e-08,0.8652855724129721
1400.0,0.00016457142857143967,0.07389439053393002,-1.388371413913654,0.1589720251419701,-0.0,2.3060762766645346e-08,0.8652120660452999
1400.0,0.00016453571428571429,0.07387099437210673,-1.3863222774869044,0.15635744366126694,-0.0,2.263251454427697e-08,0.8651392045109297
1400.0,0.0001644285714285825,0.07381624546966682,-1.3854321442362598,0.1534003420656373,-0.0,2.213962508080154e-08,0.8650669660517561
1400.0,0.00016453571428571241,0.07387099437210673,-1.3863222774869044,0.15635744366126694,-0.0,2.2632514544280392e-08,0.8649953289096733
1400.0,0.00016453571428571429,0.07387099437210673,-1.3863222774869044,0.15635744366126694,-0.0,2.263251454427697e-08,0.8649242713265762
1400.0,0.00016439285714285715,0.07380495531176373,-1.3832500734452886,0.15651421268709953,-0.0,2.2567873303166783e-08,0.8648537715443588
1400.0,0.00016414285714284418,0.07369906635061518,-1.419674626618403,0.13342139952666704,-0.0,1.8939883645767002e-08,0.8647838078049159
1400.0099999904633,0.00016399888714415417,0.07363274375154683,-1.416628909264986,0.13354303392187442,-0.0,1.8877271918966063e-08,0.8647143583501419
1400.0,0.00016399999999998892,0.07363274375154683,-1.416628909264986,0.13354303392187442,-0.0,1.8875242404653754e-08,0.864645401421931
1400.0,0.00016435714285713176,0.0737894688575932,-1.4184775901624798,0.13069431665793532,-0.0,1.851971557853868e-08,0.864576915262178
1400.0,0.00016414285714285714,0.07369906635061518,-1.419674626618403,0.13342139952666704,-0.0,1.8939883645763905e-08,0.8645088781127772
1400.0,0.00016460714285714285,0.07389729036852113,-1.4137362158398,0.1295505419109243,-0.0,1.8236910148674218e-08,0.8644412682156231
1400.0,0.00016482142857142122,0.07399890604081998,-1.417374052284904,0.1308782620422237,-0.0,1.8511635423399666e-08,0.86437406381261
1400.0,0.00016460714285714285,0.07389729036852113,-1.4137362158398,0.1295505419109243,-0.0,1.8236910148674218e-08,0.8643072431456326
1400.0,0.00016414285714284605,0.07370307223679931,-1.420553562221152,0.13328215782623762,-0.0,1.8810601163543302e-08,0.8642407844565854
1400.0,0.0001643571428571299,0.07379553477264703,-1.4186097222435659,0.13376476446537966,-0.0,1.8972204266322288e-08,0.8641746659873626
1400.0,0.00016446428571428572,0.07384539834778375,-1.4085254468382349,0.14318806111128102,-0.0,2.0483193277309406e-08,0.8641088659798589
1400.0,0.00016460714285714285,0.07389729036852113,-1.4137362158398,0.1295505419109243,-0.0,1.8236910148674218e-08,0.8640433626759686
1400.0,0.00016435714285713176,0.07379553477264703,-1.4186097222435659,0.13376476446537966,-0.0,1.8972204266320296e-08,0.8639781343175863
1400.0,0.00016239285714283498,0.07308879140177,-1.520762179520194,0.0012010848528355839,-0.0,-5.308661926310996e-09,0.8639131591466065
1400.0,0.00016228571428567918,0.07303567295376652,-1.517067378605541,0.005448400823659684,-0.0,-4.6218487394948324e-09,0.8638484154049233
1400.0,0.00016235714285714285,0.07307413065804196,-1.523142944901434,-0.0042065811560081864,-0.0,-6.1570782159029065e-09,0.8637838813344317
1400.0,0.00016239285714284607,0.07309159289809583,-1.521093000122327,0.004352830668211517,-0.0,-4.8561732385279566e-09,0.8637195351770257
1400.0,0.00016239285714284607,0.07309159289809583,-1.521093000122327,0.004352830668211517,-0.0,-4.8561732385279566e-09,0.8636553551746
1400.0,0.0001622857142856847,0.07303567295376652,-1.517067378605541,0.005448400823659684,-0.0,-4.621848739498189e-09,0.8635913195690492
1400.0,0.0001623214285714175,0.07305757677208805,-1.5211947401199248,-0.0012318623200274314,-0.0,-5.728829993538308e-09,0.8635274066022675
1400.0,0.00016239285714284607,0.07309159289809583,-1.521093000122327,0.004352830668211517,-0.0,-4.8561732385279566e-09,0.8634635945161493
1400.010000012815,0.0001623560725494825,0.07307869209349095,-1.5212469174708538,0.013492890372866733,-0.0,-3.4122095342656082e-09,0.8633998615525894
1400.0,0.00016246428571427464,0.0731250071225069,-1.5244303928669105,-0.001086120795426776,-0.0,-5.664188752425883e-09,0.8633361859534819
1400.0,0.00016239285714283867,0.07309159289809583,-1.521093000122327,0.004352830668211517,-0.0,-4.8561732385277556e-09,0.8632725459607216
1400.0,0.00016239285714283498,0.07308879140177,-1.520762179520194,0.0012010848528355839,-0.0,-5.308661926310996e-09,0.8632089198162026
1400.0,0.00016239285714284607,0.07309159289809583,-1.521093000122327,0.004352830668211517,-0.0,-4.8561732385279566e-09,0.8631452857618198
1400.0,0.00016239285714284607,0.07309159289809583,-1.521093000122327,0.004352830668211517,-0.0,-4.8561732385279566e-09,0.8630816220394674
1400.0,0.0001624642857142617,0.0731250071225069,-1.5244303928669105,-0.001086120795426776,-0.0,-5.6641887524232025e-09,0.8630179068910399
1400.0,0.0001623571428571096,0.07307354416711206,-1.5208047628176988,0.0076456147980357,-0.0,-4.26632191338332e-09,0.8629541185584316
1400.0,0.00016228571428568843,0.07303567295376652,-1.517067378605541,0.005448400823659684,-0.0,-4.6218487394973925e-09,0.8628902352835373
1400.0,0.0001622857142856921,0.07303567295376652,-1.517067378605541,0.005448400823659684,-0.0,-4.621848739497277e-09,0.8628262353082512
1600.0,0.00013095588235293582,0.0689373650070675,-1.4027120615368518,-0.4897255909655092,-0.0,-7.511609907120745e-08,0.8627620968744679
1600.0,0.00013083333333334138,0.0688689612490955,-1.3985311951957595,-0.4903934908965154,-0.0,-7.510319917440839e-08,0.8626977982240818
1600.0,0.00013083333333334138,0.0688689612490955,-1.3985311951957595,-0.4903934908965154,-0.0,-7.510319917440839e-08,0.8626333175989872
1600.0,0.000130245098039213,0.06856340989529758,-1.405199121903885,-0.4895817180457026,-0.0,-7.466460268317825e-08,0.8625686332410789
1600.0,0.00013014705882354285,0.06857852948177261,-1.396461671758477,-0.4969763703106038,-0.0,-7.582559339525358e-08,0.8625037233922513
1600.0,0.0001302941176470615,0.06858319336225682,-1.409779837077143,-0.48655325274230876,-0.0,-7.440660474716349e-08,0.8624385662943987
1600.0,0.000130245098039213,0.06856340989529758,-1.405199121903885,-0.4895817180457026,-0.0,-7.466460268317825e-08,0.8623731401894157
1600.0,0.0001301960784313779,0.06852967369301123,-1.4039387606503666,-0.4883392148951319,-0.0,-7.45098039215707e-08,0.8623074233191966
1600.0,0.00013031862745098576,0.06858469431380189,-1.4121160565414452,-0.48360711218583136,-0.0,-7.410990712074453e-08,0.862241393925636
1600.0,0.000130245098039213,0.06856340989529758,-1.405199121903885,-0.4895817180457026,-0.0,-7.466460268317825e-08,0.8621750302506285
1600.0,0.0001302941176470615,0.06858319336225682,-1.409779837077143,-0.48655325274230876,-0.0,-7.440660474716349e-08,0.8621083105360681
1600.0,0.00013031862745098755,0.06858469431380189,-1.4121160565414452,-0.48360711218583136,-0.0,-7.410990712074253e-08,0.8620412130238497
1600.0,0.00013083333333334138,0.0688689612490955,-1.3985311951957595,-0.4903934908965154,-0.0,-7.510319917440839e-08,0.8619737159558677
1600.0,0.00013031862745098576,0.06858469431380189,-1.4121160565414452,-0.48360711218583136,-0.0,-7.410990712074453e-08,0.8619057975740163
1600.0,0.00013083333333332615,0.0688689612490955,-1.3985311951957595,-0.4903934908965154,-0.0,-7.510319917440615e-08,0.8618374361201903
1600.0,0.00013083333333334138,0.0688689612490955,-1.3985311951957595,-0.4903934908965154,-0.0,-7.510319917440839e-08,0.8617686098362839
1600.0,0.00013083333333334138,0.0688689612490955,-1.3985311951957595,-0.4903934908965154,-0.0,-7.510319917440839e-08,0.8616992969641918
1600.0,0.00013095588235293582,0.06892045713548856,-1.4027490581808437,-0.4874092521128916,-0.0,-7.480650154798908e-08,0.8616294757458083
1600.0,0.00013068627450979676,0.06878680832834165,-1.3976119502553657,-0.489719693948009,-0.0,-7.49484004127997e-08,0.8615591244230278
1600.0,0.00013066176470588503,0.06877408668968278,-1.4024521836657986,-0.4882081120509632,-0.0,-7.478070175438589e-08,0.861488221237745
1600.0,0.00013029411764705972,0.06858319336225682,-1.409779837077143,-0.48655325274230876,-0.0,-7.440660474715975e-08,0.8614167444318542
1600.0,0.0001302941176470615,0.06858319336225682,-1.409779837077143,-0.48655325274230876,-0.0,-7.440660474716349e-08,0.8613446722472499
1600.0,0.00013031862745097056,0.06865214961717384,-1.4082880138701706,-0.49027002792046437,-0.0,-7.52192982456147e-08,0.8612719829258265
1600.0099999979138,0.00013029354079978993,0.06861647461240844,-1.4067564498127816,-0.489128456380511,-0.0,-7.491980792122668e-08,0.8611986547094785
1600.0,0.00013034313725491002,0.06863629634872927,-1.4113338723067521,-0.4861031099287286,-0.0,-7.466460268317948e-08,0.8611246658401005
1600.0,0.00013066176470586982,0.06877408668968278,-1.4024521836657986,-0.4882081120509632,-0.0,-7.4780701754384e-08,0.8610499945595869
1600.0,0.0001306617647058716,0.06878541868397273,-1.3952690877413831,-0.4926554455939413,-0.0,-7.524509803921697e-08,0.860974619109832
1600.0,0.0001302941176470615,0.06858319336225682,-1.409779837077143,-0.48655325274230876,-0.0,-7.440660474716349e-08,0.8608985177327304
1600.0,0.0001302941176470615,0.06861647461240844,-1.4067564498127816,-0.489128456380511,-0.0,-7.492260061919512e-08,0.8608216686701766
1600.0,0.00013036764705882085,0.06863784970236687,-1.413673012859427,-0.48315829611930317,-0.0,-7.436790505675962e-08,0.860744050164065
1600.0,0.00013051470588235295,0.06875933091759473,-1.3977802736210077,-0.49415141768350995,-0.0,-7.573529411764667e-08,0.86066564045629
1600.0,0.000130147058823516,0.06856121137992206,-1.3964784525113338,-0.4946733100865625,-0.0,-7.551599587203258e-08,0.8605864177887462
1600.0,0.00013024509803919777,0.06861492077486626,-1.4023573817961854,-0.4928853843918607,-0.0,-7.541279669762487e-08,0.860506360403328
1600.0,0.00013056372549020146,0.06874489285843458,-1.4031833127153834,-0.48705324600117544,-0.0,-7.488390092879438e-08,0.8604254465419298
1600.0,0.00013031862745098576,0.06866955186209661,-1.4082881118388628,-0.49256924853273637,-0.0,-7.552889576883405e-08,0.8603436544464462
1600.0099999979138,0.00013036650443970407,0.06867201459281135,-1.412870865785526,-0.4872457013596838,-0.0,-7.496140973523268e-08,0.8602609623587716
1600.0,0.00013066176470588503,0.06877408668968278,-1.4024521836657986,-0.4882081120509632,-0.0,-7.478070175438589e-08,0.8601773485208004
1600.0,0.00013014705882354285,0.06857852948177261,-1.396461671758477,-0.4969763703106038,-0.0,-7.582559339525654e-08,0.8600927911744272
1600.0,0.00012279411764705713,0.06554909475751296,-1.2593386634696722,-0.6075050232091165,-0.0,-8.671310629514816e-08,0.8600072685615462
1600.010000012815,0.000122596957904734,0.06548461875980989,-1.2710579260686623,-0.606685158266193,-0.0,-8.67906466546803e-08,0.8599207589240522
1600.0,0.0001226225490196159,0.06548040793649204,-1.2732422442857194,-0.6037624566993897,-0.0,-8.649380804953638e-08,0.8598332405038395
1600.0099999979138,0.00012279313336700326,0.06554909475751296,-1.2593386634696722,-0.6075050232091165,-0.0,-8.671199950756996e-08,0.8597446915428025
1600.0,0.00012262254901962847,0.06548040793649204,-1.2732422442857194,-0.6037624566993897,-0.0,-8.649380804953573e-08,0.8596550902828358
1600.0,0.00012284313725490734,0.06556474124190265,-1.264333990930094,-0.6042236451917814,-0.0,-8.64551083591358e-08,0.8595644149658339
1600.0,0.00012279411764705883,0.06554909475751296,-1.2593386634696722,-0.6075050232091165,-0.0,-8.671310629514923e-08,0.8594726438336912
1600.0,0.00012259803921567822,0.06543794770620483,-1.2715893820642252,-0.6033799834853834,-0.0,-8.619711042311748e-08,0.8593797551283019
1600.0099999979138,0.0001228177138995539,0.06559153908851356,-1.2610010605703554,-0.607880403717058,-0.0,-8.70082690060916e-08,0.8592857270915608
1600.0099999904633,0.00012281771390023816,0.06559153908851356,-1.2610010605703554,-0.607880403717058,-0.0,-8.700826900723524e-08,0.8591905379653623
1600.0,0.0001227941176470454,0.06554909475751296,-1.2593386634696722,-0.6075050232091165,-0.0,-8.671310629515169e-08,0.8590941659916008
1600.0,0.0001226225490196159,0.06548040793649204,-1.2732422442857194,-0.6037624566993897,-0.0,-8.649380804953638e-08,0.8589965894121707
1600.0,0.0001225000000000215,0.06543244158492566,-1.2638679010850384,-0.6089313943447731,-0.0,-8.689370485036415e-08,0.8588977864689666
1600.0,0.00012232843137255085,0.06535840105323341,-1.2686848314150825,-0.6086109863398835,-0.0,-8.688080495356093e-08,0.858797735403883
1800.0,9.480701754385621e-05,0.05953454940704114,-0.6827027468336775,-0.9420040504794968,-0.0,-9.165560961226717e-08,0.8586964144588143
1800.0,9.480701754385621e-05,0.05953454940704114,-0.6827027468336775,-0.9420040504794968,-0.0,-9.165560961226717e-08,0.8585938018756549
1800.0,9.464912280702614e-05,0.05942305457652522,-0.6991221518419932,-0.9376423309111174,-0.0,-9.127966976264444e-08,0.8584898758962992
1800.0,9.452631578946681e-05,0.059380131357214205,-0.6862603961417841,-0.9430328442718351,-0.0,-9.150818222025752e-08,0.8583846147626418
1800.0099999904633,9.498167110403919e-05,0.059630195655541264,-0.6919475073559758,-0.9387285229972513,-0.0,-9.164013599785422e-08,0.8582779967165773
1439.129999987781,0.00013156038329272988,0.054776136420248214,-1.0475417345201403,0.04891859302000139,6.628407784182347,5.916483860578529e-09,0.8579480799039843
1400.0,0.00016435714285714285,0.07378624210386063,-1.404721638995579,0.13913188775291557,-0.0,1.979638009049651e-08,0.8578337435151331
1400.0,0.00016453571428571429,0.07387460418071386,-1.4054417771352492,0.14062903056232717,-0.0,1.994990303813972e-08,0.8577171773651554
1400.0,0.00016464285714285715,0.07392744190533489,-1.409109991099057,0.14161818307886248,-0.0,2.018422753716562e-08,0.8575983973036279
1400.0,0.00016471428571427464,0.07395622901097523,-1.411628672032151,0.13721095000693173,-0.0,1.945701357465969e-08,0.8574774191801273
1400.0,0.0001647857142857032,0.07399485181577233,-1.4144918599265195,0.1385666846328423,-0.0,1.965093729799558e-08,0.8573542588442303
1400.0,0.00016482142857142856,0.07400913714503354,-1.4152909370091615,0.13820106302648888,-0.0,1.9691338073692064e-08,0.8572289321455139
1400.0,0.00016478571428570134,0.07399485181577233,-1.4144918599265195,0.1385666846328423,-0.0,1.9650937297995582e-08,0.8571014549335544
1400.0,0.0001647857142857143,0.0739972972479401,-1.4131394716484131,0.14129465544009867,-0.0,2.0119586296056423e-08,0.856971843057929
1400.0,0.00016467857142857142,0.07394444504072607,-1.4094848335103742,0.14030683048630965,-0.0,1.9885261797026358e-08,0.8568401123682139
1400.0,0.00016489285714285713,0.07404773235330485,-1.4181378088450092,0.13955544246715865,-0.0,1.9885261797027477e-08,0.8567062787139862
1400.0,0.00016460714285714285,0.07391159455406045,-1.4115561759997222,0.14305254151994742,-0.0,2.0547834518422105e-08,0.8565703579448226
1400.0,0.0001647857142857143,0.07400000000000001,-1.4122502675204358,0.14453788467667195,-0.0,2.070135746606125e-08,0.8564323659102997
1400.0,0.00016467857142857142,0.07394444504072607,-1.4094848335103742,0.14030683048630965,-0.0,1.9885261797026358e-08,0.8562923184599943
1400.0,0.0001647857142857032,0.07400373220961483,-1.4132683825905403,0.14434870983204914,-0.0,2.057207498383733e-08,0.8561502314434832
1400.0,0.00016503571428569023,0.07410173187359839,-1.4073824777593946,0.14029424336949292,-0.0,1.9966063348417548e-08,0.8560061207103432
1400.0,0.00016489285714285713,0.07404773235330485,-1.4181378088450092,0.13955544246715865,-0.0,1.9885261797027477e-08,0.8558600021101508
1400.0099999904633,0.00016489125263066906,0.07404773235330485,-1.4181378088450092,0.13955544246715865,-0.0,1.9884685607614007e-08,0.8557118914924827
1400.0,0.0001647857142857032,0.07400373220961483,-1.4132683825905403,0.14434870983204914,-0.0,2.057207498383733e-08,0.8555618047069158
1400.0,0.00016492857142856034,0.07406355057522918,-1.4161516279392274,0.14115921367313514,-0.0,2.018422753716936e-08,0.855409757603027
1400.0,0.00016310714285712067,0.07341000321092887,-1.5185165417952706,0.006823877395680803,-0.0,-4.484486102136689e-09,0.8552557660303927
1400.0,0.00016289285714283497,0.07331718436907916,-1.5203175482302642,0.009400163556866535,-0.0,-4.0643180349097016e-09,0.8550998458385897
1400.0,0.00016264285714284605,0.07321247616811416,-1.526434181210445,0.013551703265876366,-0.0,-3.3290239172588263e-09,0.8549420128771948
1400.0,0.00016289285714284605,0.07331718436907916,-1.5203175482302642,0.009400163556866535,-0.0,-4.064318034907057e-09,0.854782282995785
1400.0,0.0001628928571428276,0.07331718436907916,-1.5203175482302642,0.009400163556866535,-0.0,-4.064318034906423e-09,0.8546206720439364
1400.0100000053644,0.00016282016709392506,0.07326488147225006,-1.5177016385757074,0.018542856852604477,-0.0,-2.2564365312997085e-09,0.8544571958712261
1400.0,0.00016324999999996673,0.07347736936992108,-1.521714122969136,0.006952482813410026,-0.0,-4.4198448610228726e-09,0.8542918703272312
1400.0,0.0001630357142856921,0.07337736773173392,-1.515170353236582,0.0122730826972208,-0.0,-3.6764705882393727e-09,0.8541247112615278
1400.0,0.00016299999999998892,0.07335770157899155,-1.516047110660472,0.02101519748446482,-0.0,-2.1008403361344392e-09,0.8539557345236928
1400.0,0.00016317857142856033,0.07344463415195349,-1.5183653042923253,0.012395666797541038,-0.0,-3.611829347126711e-09,0.853784955963303
1400.0,0.00016324999999996488,0.07347736936992108,-1.521714122969136,0.006952482813410026,-0.0,-4.419844861021882e-09,0.8536123914299354
1400.0,0.00016317857142856033,0.07344463415195349,-1.5183653042923253,0.012395666797541038,-0.0,-3.611829347126711e-09,0.8534380567731663
1400.0,0.0001630357142856921,0.07337736773173392,-1.515170353236582,0.0122730826972208,-0.0,-3.6764705882393727e-09,0.8532619678425726
1400.0099999979138,0.00016324848732991726,0.0734804800772352,-1.5220529568857426,0.010085585174709052,-0.0,-3.968303595720303e-09,0.853084140487731
1400.0,0.00016317857142856033,0.07344463415195349,-1.5183653042923253,0.012395666797541038,-0.0,-3.611829347126711e-09,0.8529045905582183
1400.0,0.00016310714285713176,0.07341318163719136,-1.518865115042231,0.009959565122627,-0.0,-4.031997414347251e-09,0.8527233339036113
1400.0,0.00016310714285712067,0.07341000321092887,-1.5185165417952706,0.006823877395680803,-0.0,-4.484486102136689e-09,0.8525403863734866
1400.0,0.00016317857142856033,0.07344463415195349,-1.5183653042923253,0.012395666797541038,-0.0,-3.611829347126711e-09,0.8523557638174211
1400.0099999979138,0.00016303528243725963,0.07337347386260695,-1.5180138657602529,0.018021512877107626,-0.0,-2.527607200410807e-09,0.8521694820849911
1400.0,0.00016299999999998892,0.07335770157899155,-1.516047110660472,0.02101519748446482,-0.0,-2.1008403361344392e-09,0.8519815570257738
1400.0,0.00016317857142856033,0.07344463415195349,-1.5183653042923253,0.012395666797541038,-0.0,-3.611829347126711e-09,0.8517920044893457
1400.0,0.00016324999999998892,0.07348261861212652,-1.5220515469588785,0.014564196974177821,-0.0,-3.256302521011329e-09,0.8516008403252837
1400.0,0.0001630357142856921,0.07337736773173392,-1.515170353236582,0.0122730826972208,-0.0,-3.6764705882393727e-09,0.8514080803831643
1400.0,0.00016324999999998892,0.07348261861212652,-1.5220515469588785,0.014564196974177821,-0.0,-3.256302521011329e-09,0.8512137405125644
1400.0,0.00016324999999996673,0.0734804800772352,-1.5220529568857426,0.010085585174709052,-0.0,-3.967356173242209e-09,0.8510178365630606
1600.0,0.0001316421568627478,0.06921301305730457,-1.4047742293259915,-0.4807497682133934,-0.0,-7.408410732714398e-08,0.8508203843842299
1600.0,0.00013115196078430298,0.06899643000142247,-1.4174230166967827,-0.47887810787736756,-0.0,-7.395510835913301e-08,0.8506213998256488
1600.0,0.0001311519607843146,0.06899643000142247,-1.4174230166967827,-0.47887810787736756,-0.0,-7.395510835913457e-08,0.850420898736894
1600.0,0.00013120098039215149,0.06903355961372115,-1.421292315839428,-0.4771306455795271,-0.0,-7.39551083591335e-08,0.8502188969675424
1600.0,0.0001311519607843182,0.06899643000142247,-1.4174230166967827,-0.47887810787736756,-0.0,-7.3955108359133e-08,0.8500154103671707
1600.0,0.0001313970588235321,0.06914036234994993,-1.410935487412948,-0.48099589758965483,-0.0,-7.44711042311683e-08,0.8498104547853554
1600.010000012815,0.00013120011811546084,0.06903355961372115,-1.421292315839428,-0.4771306455795271,-0.0,-7.395569327460504e-08,0.8496040460716735
1600.0,0.00013117647058821382,0.06903164236101325,-1.4189466052830495,-0.480064753602009,-0.0,-7.425180598555148e-08,0.8493962000757017
1600.0100000053644,0.00013117605089106138,0.06903164236101325,-1.4189466052830495,-0.480064753602009,-0.0,-7.424930339963327e-08,0.8491869326470166
1600.0,0.00013117647058824247,0.06903164236101325,-1.4189466052830495,-0.480064753602009,-0.0,-7.425180598555063e-08,0.848976259635195
1600.0099999979138,0.00013137152691611653,0.06910509898612673,-1.409399518059077,-0.4798164385802055,-0.0,-7.417497396222743e-08,0.8487641968898135
1600.0,0.00013132352941177186,0.06911408939529766,-1.419628525447393,-0.48080248627418753,-0.0,-7.440660474716074e-08,0.8485507602604493
1600.0,0.00013117647058822634,0.06903164236101325,-1.4189466052830495,-0.480064753602009,-0.0,-7.425180598555097e-08,0.8483359655966786
1600.0,0.00013137254901960695,0.06910509898612673,-1.409399518059077,-0.4798164385802055,-0.0,-7.417440660474747e-08,0.8481198287480782
1600.0,0.00013117647058821382,0.06903164236101325,-1.4189466052830495,-0.480064753602009,-0.0,-7.425180598555148e-08,0.8479023655642253
1600.0,0.0001313970588235321,0.06914036234994993,-1.410935487412948,-0.48099589758965483,-0.0,-7.44711042311683e-08,0.8476835918946961
1600.0,0.00013117647058824247,0.06899829494909542,-1.4197581157033319,-0.47594353009699003,-0.0,-7.365841073271119e-08,0.8474635235890675
1600.0,0.0001313970588235321,0.06914036234994993,-1.410935487412948,-0.48099589758965483,-0.0,-7.44711042311683e-08,0.8472421764969162
1600.0,0.000131200980392164,0.06903355961372115,-1.421292315839428,-0.4771306455795271,-0.0,-7.395510835913311e-08,0.8470195664678192
1600.0099999979138,0.0001310287729951293,0.06895789422880168,-1.408636987313064,-0.4848222036697924,-0.0,-7.461345272076348e-08,0.8467957093513528
1600.0,0.00013115196078430298,0.06899643000142247,-1.4174230166967827,-0.47887810787736756,-0.0,-7.395510835913301e-08,0.8465706209970941
1600.0,0.00013120098039215149,0.06903355961372115,-1.421292315839428,-0.4771306455795271,-0.0,-7.39551083591335e-08,0.8463443172546196
1600.0,0.0001310049019607825,0.06899046183009226,-1.4042663030857683,-0.4892710848430698,-0.0,-7.537409700722145e-08,0.8461168139735062
1600.0,0.00013102941176470857,0.06897484622501682,-1.4086105163532168,-0.48713707644505233,-0.0,-7.492260061919617e-08,0.8458881270033305
1600.0,0.00013117647058821382,0.06903164236101325,-1.4189466052830495,-0.480064753602009,-0.0,-7.425180598555148e-08,0.8456582721936693
1600.0,0.00013073529411763095,0.06886298203038876,-1.4055601664185828,-0.4888861323205475,-0.0,-7.533539731682287e-08,0.8454272653940992
1600.0,0.0001307352941176578,0.06887419263965797,-1.3983749676258883,-0.4933273046318936,-0.0,-7.579979360165411e-08,0.8451951224541973
1600.0,0.00013100490196078432,0.06899046183009226,-1.4042663030857683,-0.4892710848430698,-0.0,-7.537409700722439e-08,0.8449618592235397
1600.0,0.0001309068627450873,0.06895784091406441,-1.401637199565686,-0.4910638938468136,-0.0,-7.56578947368449e-08,0.8447274915517037
1600.0,0.00013088235294116306,0.0689564014005781,-1.3992880665703744,-0.49399340370214545,-0.0,-7.595459236326191e-08,0.8444920352882659
1600.0099999904633,0.0001234547598474523,0.06587878798127944,-1.280397586689377,-0.5987656203683431,-0.0,-8.633895507692802e-08,0.8442555062828029
1600.0,0.00012306372549018534,0.06571076328703476,-1.2782175763529926,-0.6005851858505435,-0.0,-8.657120743034237e-08,0.8440179203848914
1600.0,0.00012313725490197152,0.06576020386042547,-1.272874996798751,-0.6040750384293542,-0.0,-8.691950464396383e-08,0.8437792934441084
1600.0,0.00012281862745096964,0.06559153908851356,-1.2610010605703554,-0.607880403717058,-0.0,-8.700980392157131e-08,0.8435396413100305
1600.0,0.00012313725490197152,0.06576020386042547,-1.272874996798751,-0.6040750384293542,-0.0,-8.691950464396383e-08,0.8432989798322342
1600.0,0.0001230147058823637,0.06569140198015,-1.2674916745056604,-0.6050985762082364,-0.0,-8.690660474716279e-08,0.8430573248602965
1800.0,9.529824561401617e-05,0.05982689453700168,-0.7037129898224643,-0.9358437311562842,-0.0,-9.183252248267745e-08,0.8428146922437941
1800.0,9.498245614034744e-05,0.059630195655541264,-0.6919475073559758,-0.9387285229972513,-0.0,-9.164086687306438e-08,0.8425710978323037
1800.0,9.529824561400673e-05,0.05982689453700168,-0.7037129898224643,-0.9358437311562842,-0.0,-9.183252248267696e-08,0.842326557475402
1800.0,9.508771929823701e-05,0.05969743399620289,-0.6998310637685945,-0.9371729792964447,-0.0,-9.168509509066814e-08,0.8420810870226656
1800.0,9.529824561401617e-05,0.05982689453700168,-0.7037129898224643,-0.9358437311562842,-0.0,-9.183252248267745e-08,0.8418347023236716
1800.0099999979138,9.475416577940017e-05,0.05956739757452206,-0.680211806475822,-0.9456456036727072,-0.0,-9.206067895640349e-08,0.8415874192279965
1800.0100000053644,9.450793115881125e-05,0.059405829946049565,-0.686558957445762,-0.9441081021876889,-0.0,-9.172151319664371e-08,0.8413392535852169
1800.0,9.491228070173719e-05,0.05964362977803595,-0.6857777918102643,-0.9431811783227655,-0.0,-9.200943535309049e-08,0.8410902212449098
1800.0,9.4964912280676e-05,0.059656031591643434,-0.6922722487396045,-0.9397911928625745,-0.0,-9.185463659147916e-08,0.8408403380566519
1800.0099999979138,9.443776859868093e-05,0.059374419049173996,-0.6771954805128617,-0.9475775104602903,-0.0,-9.182459318393929e-08,0.8405896198700196
1800.0,9.44385964912212e-05,0.059374419049173996,-0.6771954805128617,-0.9475775104602903,-0.0,-9.182515111307795e-08,0.84033808253459
1800.0,9.48771929824562e-05,0.05965073785223273,-0.6829771308454387,-0.9457509042836472,-0.0,-9.220109096270346e-08,0.8400857418999397
1800.0,9.459649122805986e-05,0.059455865984779116,-0.696621905305574,-0.9413002376937427,-0.0,-9.168509509066838e-08,0.8398326138156454
1800.0,9.450877192981424e-05,0.059405829946049565,-0.686558957445762,-0.9441081021876889,-0.0,-9.172195193867099e-08,0.8395787141312839
1800.0,9.436842105262814e-05,0.05938909266427124,-0.6711253416567873,-0.951959751768069,-0.0,-9.219371959310168e-08,0.8393240586964319
1800.0099999979138,9.422753039779459e-05,0.05929103558367662,-0.6765101746017166,-0.9498683002046164,-0.0,-9.194168317550044e-08,0.8390686633606661
1800.0,9.443859649122979e-05,0.059374419049173996,-0.6771954805128617,-0.9475775104602903,-0.0,-9.182515111307912e-08,0.8388125439735634
1800.0,9.428070175437226e-05,0.059302968772761866,-0.6829955592339578,-0.9464648260418221,-0.0,-9.178829426507721e-08,0.8385557163847003
1800.0,9.450877192981258e-05,0.059405829946049565,-0.686558957445762,-0.9441081021876889,-0.0,-9.172195193867291e-08,0.8382981964436536
