ChargingTime,VoltageSlope,VoltageStd,VoltageKurtosis,VoltageSkewness,VoltageEntropy,VoltageCurvature,Capacity
1410.7137713740303,5.539830348643133e-05,0.0233396060768539,-1.1897224883482755,0.1952037670234766,1.9829637987072903,1.0693439852027386e-08,1.1095960030629244
1380.6982308214356,5.573461266582077e-05,0.0229892458292701,-1.187734884729639,0.1828454482832373,1.981607245443128,1.0251743373260241e-08,1.1053276266520669
1410.713204937303,5.587833717551349e-05,0.0235298621108836,-1.1967943296981551,0.1746897586545258,1.9829637987072903,9.648504224959338e-09,1.1020589672664316
1380.6982046311605,5.595635474130261e-05,0.0230735992017113,-1.1924310356919192,0.1698346524976428,1.988726135266058,9.55357536333186e-09,1.097823432520807
1380.6980720807917,5.59988636030001e-05,0.0230915979017972,-1.1939285219965112,0.1704514583492423,1.988726135266058,9.604167323571636e-09,1.1040868642489288
1410.700409722689,5.538579454343982e-05,0.0233258450177292,-1.1917995246828297,0.1811196714070199,1.9829637987072903,9.899142821248151e-09,1.1061538651042129
1410.716990908113,5.51413057730327e-05,0.0232258691200583,-1.1872430674890109,0.1869598504409172,1.9829637987072903,1.016475586589245e-08,1.1063068323045615
1380.7021585605398,5.551574659111964e-05,0.0228970383723019,-1.186907628510553,0.1796340702436287,1.981607245443128,1.001544437868342e-08,1.105901597431636
1410.7178281998786,5.527115836042159e-05,0.0232776064103564,-1.1950839870232,0.1806539184998035,1.9829637987072903,9.868052635711582e-09,1.10545818515844
1380.7031630139973,5.522585022699073e-05,0.022779206986856,-1.1813429164336586,0.1833835377615893,1.988726135266058,1.0147096315116774e-08,1.104577043445614
1410.6879266911128,5.534052127144245e-05,0.0233073585471353,-1.1835058367058622,0.1840557903969105,1.9829637987072903,1.0015109634605907e-08,1.1040999916090144
1410.7187075314869,5.544476582809697e-05,0.0233534925705665,-1.1833912473058563,0.1869130881239775,1.9829637987072903,1.0195503828892262e-08,1.103277825277683
1410.7194991143188,5.555998022340652e-05,0.0234007261910098,-1.1867333205242316,0.1845493259633943,1.9829637987072903,1.0102257050815612e-08,1.1025473143193705
1410.7039084476128,5.564182315815853e-05,0.023433200119553,-1.1871537096884237,0.1816029170396078,1.9829637987072903,9.950566428960023e-09,1.101895286270749
1410.7040103515028,5.573299806821597e-05,0.0234721721595168,-1.1857044112338428,0.1828724957160647,1.9829637987072903,1.0031096318447893e-08,1.1012382074925378
1380.6887871949584,5.551062063160687e-05,0.0228982131132794,-1.183234504941147,0.1860376988243524,1.988726135266058,1.0356781089980417e-08,1.1007566230539687
1380.7051381064812,5.567743216256234e-05,0.0229645933197549,-1.1849452769680269,0.1812208560244295,1.988726135266058,1.0125384584845269e-08,1.1002692910407903
1380.7048742789775,5.564626104623918e-05,0.0229534640435612,-1.1783809546847313,0.1851975127401405,1.981607245443128,1.031409124253474e-08,1.0994586549765302
1380.7049656967863,5.578927756570141e-05,0.0230097013759462,-1.1821547534938748,0.1798137638670728,1.988726135266058,1.0047090328664944e-08,1.0987301009141617
1380.7050118518528,5.588485835788634e-05,0.023051804106292,-1.181303205154948,0.1845663733292324,1.988726135266058,1.033535246279948e-08,1.0924764969587228
1380.6841148250387,5.618081143286766e-05,0.0231660683739414,-1.1810383570525886,0.1712397424559213,1.988726135266058,9.607789080175e-09,1.0809696878599868
1380.698861468234,5.626992352569982e-05,0.0232026536402551,-1.1808419310477112,0.1708883388046023,1.988726135266058,9.607892728199814e-09,1.0776630627428945
1350.6830403063211,5.636122013546883e-05,0.0227503494372404,-1.17796406063476,0.1701217080311947,1.985277590509022,9.7704346926673e-09,1.074924480553279
1350.6832937729196,5.651647703175541e-05,0.022813027661845,-1.181780478414665,0.1696634749387757,1.985277590509022,9.782119423358172e-09,1.0720231613759177
1350.6831356539624,5.668674074753e-05,0.02288109344961,-1.18223996434509,0.1685583159011024,1.985277590509022,9.750603065398822e-09,1.0809351392251667
1380.70142694714,5.585317653630028e-05,0.0230358609533058,-1.1778301931690465,0.1801131015723261,1.988726135266058,1.0048067462666182e-08,1.0843557651572773
1350.6870279747527,5.598919792379114e-05,0.0226033802875025,-1.1778795888075382,0.1759310732311388,1.985277590509022,1.0042847457803564e-08,1.0812361927874266
1350.683498057013,5.613627333296554e-05,0.0226608659841057,-1.1805488636511734,0.1719298806099974,1.985277590509022,9.847561037951213e-09,1.070081252106034
1350.6828200923628,5.763434166488519e-05,0.0232773476773269,-1.1734599162660886,0.1928317176702554,1.985277590509022,1.1335427271224429e-08,1.066785784840128
1350.6828862924012,5.647915783133088e-05,0.02279878694448,-1.1724184984357942,0.1718945798893607,1.985277590509022,9.859832381784718e-09,1.0656666607588294
1350.6827502532396,5.68716888740672e-05,0.0229568579692265,-1.1793469969454358,0.1705035223968718,1.9881327067591732,9.876407598212791e-09,1.0631644491069452
1320.6675828056177,5.658193495311371e-05,0.0223467868707216,-1.180593824500201,0.167027134538662,1.9904346909466677,9.834700257489324e-09,1.0727581157316497
1350.685767488147,5.640006543895825e-05,0.0227696398768895,-1.172301300153466,0.1772326565189871,1.985277590509022,1.0164770709874841e-08,1.0759961111532357
1350.686216928414,5.626676701684178e-05,0.0227156076303225,-1.178901949002855,0.1761564111811331,1.985277590509022,1.0107839191417406e-08,1.0767106388536976
1350.6831468166783,5.652613125639948e-05,0.0228157003682763,-1.1779237048408897,0.1676692837298798,1.985277590509022,9.643646773461722e-09,1.061873196847147
1320.6674901095685,5.698984446477882e-05,0.0225068704611089,-1.1823234630540116,0.1650731778849944,1.9904346909466677,9.796137551538772e-09,1.0609099908301067
1350.682941665349,5.6882024687712e-05,0.0229607753796397,-1.1803533633455734,0.1702265513846571,1.985277590509022,9.868858468225897e-09,1.0595184940291396
1350.6828090799972,5.686802814457961e-05,0.0229551831037048,-1.1756307332481497,0.1707391742389851,1.9881327067591732,9.874009242427904e-09,1.0579504510934894
1350.6825514127268,5.692031690807572e-05,0.0229746808111783,-1.1728970013074431,0.1680019782942564,1.985277590509022,9.704957542752571e-09,1.06230072655467
1350.66934739938,5.685124640443612e-05,0.0229493366300339,-1.1754415992247398,0.1731110068294931,1.985277590509022,1.0015202042291848e-08,1.06831245725076
1350.654790559085,5.662496872940446e-05,0.0228604022784901,-1.1752332739205722,0.1772158261071073,1.985277590509022,1.0214673226289424e-08,1.0702260949673916
1350.6670650609883,5.63674338176128e-05,0.0227587781807894,-1.1690674829622905,0.1824522653313676,1.985277590509022,1.0448904933599052e-08,1.0704184605916367
1350.6690709502436,5.592185185667028e-05,0.0225751188958614,-1.1654475484840163,0.1751410602050334,1.985277590509022,9.91328709901646e-09,1.0720457354203947
1350.667909094598,5.586639478133894e-05,0.0225508840846732,-1.1690806831441631,0.1718912742743758,1.985277590509022,9.736254359805681e-09,1.0634402331640909
1320.6665205431636,5.6797651730262665e-05,0.0224295576632709,-1.1735145385533703,0.1628846456597188,1.9904346909466677,9.584043927001292e-09,1.0619784465049205
1350.6818056490738,5.654618930482583e-05,0.0228250507363261,-1.1631777015279394,0.1710943475546655,1.985277590509022,9.769853970741464e-09,1.0599700566958683
1350.6816916649695,5.64109600883499e-05,0.0227729957170339,-1.164738477246267,0.1758052285510468,1.985277590509022,1.0034557640258657e-08,1.0580632841065705
1320.6665870088618,5.69102194372603e-05,0.0224835952572287,-1.1595157183746208,0.1821443043101591,1.9852913494060307,1.0696732184101991e-08,1.0536504330592626
1320.66686105181,5.634141180761185e-05,0.0222520570590255,-1.1678571398033104,0.1687834382217655,1.9904346909466677,9.832815927726984e-09,1.0568106121303529
1320.6673324366566,5.660549965688044e-05,0.0223550800218098,-1.167377635001701,0.1661034753634963,1.9904346909466677,9.714488206701344e-09,1.0562007945885856
1320.6676083693746,5.676206614278053e-05,0.0224172635768296,-1.1720105326854442,0.1664148741743321,1.9904346909466677,9.785039916168722e-09,1.0498877255042032
1320.6664363283198,5.737434140792141e-05,0.022659687376044,-1.1713504310579712,0.1675941144445961,1.9904346909466677,9.959062740379085e-09,1.04812479168397
1320.6510969778756,5.723355290419588e-05,0.0226088826763413,-1.168800403268598,0.1774114170541048,1.9852913494060307,1.0524205275195374e-08,1.0477951616636352
1320.6665334503632,5.697563716161184e-05,0.0225020348701458,-1.1728753673066554,0.167198761632268,1.9852913494060307,9.872206470237211e-09,1.0467084666470547
1320.6664570097346,5.704324502832892e-05,0.022530909238351,-1.1658385768759414,0.1721351170902192,1.9852913494060307,1.01515441870443e-08,1.042349406544724
1320.6665752544068,5.757496649481129e-05,0.0227400105455548,-1.1633448924167118,0.1705465008458657,1.9904346909466677,1.013449443599052e-08,1.0480121511470168
1320.651925743325,5.687279542762519e-05,0.0224612069762879,-1.1713108028047845,0.1672657266922144,1.9904346909466677,9.854574711179417e-09,1.0476886360551874
1320.6674269069918,5.710735889764309e-05,0.0225572071457468,-1.1710408028073185,0.1734930974220942,1.9904346909466677,1.0270136446948693e-08,1.046764994783378
1320.667540440103,5.732587142230183e-05,0.0226402286221301,-1.1658959403083484,0.167503653922689,1.9904346909466677,9.916707732353062e-09,1.045608706774624
1320.6674495034383,5.746743347761623e-05,0.0226977691640268,-1.1703624828098114,0.1705150470302072,1.9904346909466677,1.0149317773698465e-08,1.0446327499624617
1320.6680959797231,5.693783571158804e-05,0.0224889699037038,-1.1666574330614858,0.171345867700817,1.9852913494060307,1.0087387268788072e-08,1.0441030845546688
1320.6675956675315,5.7650410637951e-05,0.022769643860034,-1.1705123819831784,0.1696672102054866,1.9904346909466677,1.01289795737024e-08,1.0424225386655734
1290.6524010573048,5.767521565367775e-05,0.0222766212643682,-1.16998849689373,0.1655989896262191,1.991294663214758,1.0099691613592133e-08,1.0412497579390334
1290.6524741394678,5.772396173758285e-05,0.0223030611829357,-1.1653001551028288,0.1806383850370964,1.985025429856785,1.1030553317283345e-08,1.040424286460842
1290.6366059307477,5.773427236462008e-05,0.0222997692341838,-1.1684572997506968,0.167014294619977,1.991294663214758,1.0192868067465823e-08,1.039434082815837
1290.621063399245,5.804315225267916e-05,0.0224225318436131,-1.1691951172039368,0.1742838919397212,1.991294663214758,1.0714008399594081e-08,1.0385476966465694
1320.6673701705877,5.766113210908599e-05,0.0227752878225888,-1.1660358076639,0.1725630758222741,1.9904346909466677,1.0286488620430293e-08,1.0377801266906006
1320.6519971062662,5.8133370414435616e-05,0.0229624206856814,-1.173748777553344,0.1738826667887606,1.9852913494060307,1.0494064670530521e-08,1.0376719444068891
1290.652085881797,5.760624169104145e-05,0.0222508827342874,-1.1684012693464498,0.167447746359633,1.985025429856785,1.0191498452074702e-08,1.035615811406661
1320.651804115274,5.827486859695099e-05,0.023016887250526,-1.169845007000092,0.1712653649955037,1.9852913494060307,1.0338210997018456e-08,1.035024229954624
1320.6713756938698,5.7814637152816224e-05,0.0228362627868628,-1.1675052327856523,0.1732084180460594,1.9904346909466677,1.0362957767677171e-08,1.0351878040472773
1290.6587676820343,5.761938588952986e-05,0.0222556392204503,-1.1708396043041187,0.1667233445734006,1.991294663214758,1.0166746563207018e-08,1.0338360156387154
1320.6714312977856,5.85100480715661e-05,0.0231109526436486,-1.1672666755284442,0.1732283297154074,1.9904346909466677,1.0489793772794551e-08,1.039954091002419
1290.6430154419504,5.8204928362585307e-05,0.0224833304780872,-1.1699974062846263,0.1699150116589942,1.991294663214758,1.0465171672065381e-08,1.0362924341127184
1290.6409854697995,5.862272873598113e-05,0.0226429890482577,-1.1692452905031008,0.1667127715553897,1.991294663214758,1.0334695526491574e-08,1.0299112371422297
1290.6585253220985,5.901401309865902e-05,0.022796524093467,-1.168136169095616,0.1711696484376183,1.991294663214758,1.0683833502713768e-08,1.0299016184085694
1290.6566934093134,5.889110891539997e-05,0.0227448122412345,-1.1756763730990747,0.161985147908626,1.991294663214758,1.01104173783173e-08,1.0293669208195997
1290.609546172549,5.915497813538481e-05,0.022847132330304,-1.1700675525080524,0.1649301242095146,1.991294663214758,1.031675759968098e-08,1.027034962395359
1290.6561244040497,5.886752515972796e-05,0.0227394332567531,-1.164803411463259,0.1703449121839436,1.985025429856785,1.0584920712018069e-08,1.0323648384822628
1290.6579636149108,5.860995670213916e-05,0.0226393481844935,-1.1705341505935836,0.1687309978985123,1.985025429856785,1.0467831370019556e-08,1.0353238497152015
1320.6585076281335,5.888176652861551e-05,0.0232582953841718,-1.1658738304646674,0.1748191341360567,1.9852913494060307,1.0648569426928148e-08,1.0357606009708633
1290.656803378835,5.9370454234070194e-05,0.022928342429813,-1.1637061411248892,0.1593973789561484,1.991294663214758,9.961634904242528e-09,1.022816699108416
1290.6563178066865,5.893454554983805e-05,0.0227640565128327,-1.1644607390491282,0.1676783128205469,1.991294663214758,1.0421884139660771e-08,1.0212336742356838
1290.6531894429354,6.021770943046502e-05,0.0232676054402027,-1.1610234962137242,0.1823276956916823,1.985025429856785,1.1588819214711674e-08,1.0197819502109016
1260.6098469630815,6.038969524440774e-05,0.0227973573556714,-1.1720417036555075,0.1593002860945516,1.9865421941742167,1.0402634950207176e-08,1.016142757845666
1260.6451864559203,5.787636402139757e-05,0.0218562659176183,-1.1672067148281506,0.1745885220693774,1.9865421941742167,1.0927711499213713e-08,1.0281879414028168
1290.6428608761637,5.929971335572817e-05,0.0229049731566341,-1.1655020368185822,0.1675742350767742,1.9880103241183076,1.0490629794326905e-08,1.029430534809625
1290.6585674672388,5.929419298610173e-05,0.0229037240338455,-1.1702795546902616,0.1686020482423323,1.991294663214758,1.0578194267365562e-08,1.020547223537217
1260.6410015847068,6.0050795288845815e-05,0.0226707733036891,-1.1662582162588708,0.1615452642940638,1.9865421941742167,1.0462516383689852e-08,1.015883450866044
1290.6405048251618,5.964082882987927e-05,0.0230378876344211,-1.1662520281670443,0.1704209650407106,1.991294663214758,1.0739310589647562e-08,1.015306588202307
1290.6248812512497,5.9803742279263496e-05,0.0230962185950349,-1.1660649567067087,0.1615247533838257,1.991294663214758,1.0185429310475924e-08,1.0161491184569036
1260.6408568383197,6.048737294091776e-05,0.0228348572645416,-1.177776465003367,0.1593642049490652,1.9865421941742167,1.0455946732496064e-08,1.0214675732273066
1290.642078067176,5.9469309261341216e-05,0.0229695123047961,-1.1687035467896136,0.1659994787496037,1.991294663214758,1.0431837704608081e-08,1.0238515199006353
1290.6581367822364,5.940451210560608e-05,0.0229457395360595,-1.16868945174296,0.1678555876645829,1.991294663214758,1.0542814069984305e-08,1.0246257061824493
1290.646653297823,5.927560755525148e-05,0.0228965037049631,-1.166487055013982,0.1691477228298958,1.991294663214758,1.0591927645605116e-08,1.0273491327330009
1290.6591677756514,5.970608900106599e-05,0.0230631488103611,-1.1620618242654233,0.1700653554102635,1.9880103241183076,1.0705822861932101e-08,1.0284439605797917
1290.643880917225,5.962019974703263e-05,0.0230304808218572,-1.162546856912412,0.1717416661559133,1.991294663214758,1.0799832247660211e-08,1.0289446076715294
1290.6439709921833,5.962807082627925e-05,0.023033210740618,-1.1632087055933371,0.1703994206347173,1.991294663214758,1.0714949259178434e-08,1.0295533644961194
1290.6290103681386,5.966076141346968e-05,0.0230442931787463,-1.1672641745003034,0.1674941146127986,1.985025429856785,1.0556643913101496e-08,1.0304271764172432
1290.6603006788064,5.974102718935539e-05,0.023077234434371,-1.1684393129816066,0.1706629619198446,1.991294663214758,1.0785485758142856e-08,1.0303338659310282
1290.6604520615656,5.971210139195967e-05,0.0230660440221364,-1.1715143663754253,0.1705277972676257,1.991294663214758,1.078909881038138e-08,1.0307243382680238
1290.6606157501228,5.956516182689748e-05,0.0230083323989269,-1.1671609294335246,0.1689296273262431,1.991294663214758,1.0631507207511322e-08,1.0309791490953613
1290.6294195696246,5.962451763008457e-05,0.023030742367446,-1.1663677851375849,0.1691813890666222,1.991294663214758,1.0659727287900604e-08,1.0313296121361546
1290.6609279394615,5.95327940866466e-05,0.0229963017690763,-1.1638406831136046,0.1700113683715066,1.991294663214758,1.0676165405500384e-08,1.031596259088047
1290.6454028915614,5.9781041872200845e-05,0.0230939694924885,-1.170173647061297,0.173648414369308,1.991294663214758,1.0997664534154765e-08,1.0317151462316716
1290.6611136577558,5.974674643638335e-05,0.0230787866755921,-1.1691917892970785,0.1693148003368822,1.991294663214758,1.0698029449305365e-08,1.031751706089833
1290.66120824893,5.972389805114916e-05,0.0230707579975703,-1.1683898950873914,0.1710718676097225,1.991294663214758,1.0808914873588013e-08,1.03196839435012
1290.6614981177263,5.967397617786841e-05,0.0230505153424091,-1.169799619218129,0.168998291219958,1.991294663214758,1.0672239629673698e-08,1.0250060132889338
1260.6409139160533,6.07760899469964e-05,0.0229448523268704,-1.1711702501794008,0.1619111004994614,1.9865421941742167,1.0641326654691944e-08,1.0174408841455655
1290.6587205594406,5.988056103097012e-05,0.0231308755913655,-1.1661753892081497,0.1704683716717351,1.991294663214758,1.0783691667882637e-08,1.0240327185450453
1290.6592588529456,5.967448689484882e-05,0.0230499350533433,-1.1657682535522291,0.1678994695950155,1.991294663214758,1.0578493878910338e-08,1.0252006107338103
1290.6566995144822,5.857195533198778e-05,0.0226311894746145,-1.1611251572182255,0.1814907013114812,1.985025429856785,1.1221939981281762e-08,1.0227080849133692
1290.6406674762256,5.965195714842837e-05,0.0230417737156927,-1.1611852980272148,0.1698859012584435,1.985025429856785,1.0678341342864724e-08,1.0254223168755154
1290.6586337175686,6.216454093050687e-05,0.0240266030356667,-1.1773114860984015,0.1921227785232433,1.9797651941902248,1.2759703698667569e-08,1.018805976285615
1260.6410170383751,5.944201268522628e-05,0.022444234464271,-1.1583020885155284,0.1683447931972974,1.9865421941742167,1.0757102605605988e-08,1.0173750728794442
1260.6409484120086,5.979449798632196e-05,0.0225719408198459,-1.161290880880813,0.1571915673394399,1.9865421941742167,1.0101207678319976e-08,1.0209832811671358
1290.6407058218028,6.070803182949524e-05,0.0234432560125678,-1.161947918844226,0.1564095289468558,1.991294663214758,9.981542487926177e-09,1.018677238741633
1260.6255488172174,6.051345162476095e-05,0.0228492629857972,-1.1662338004879838,0.1698604946280779,1.9865421941742167,1.1105866196642665e-08,1.0156800688611176
1260.6418631654233,5.8137444203663465e-05,0.0219565807526885,-1.1602098965677292,0.1785028573056621,1.9865421941742167,1.1195359167488436e-08,1.0267133795190015
1290.6583352726884,5.958166578152902e-05,0.0230137065192213,-1.161289571085204,0.1674296417662583,1.991294663214758,1.050564113279666e-08,1.0287488082153935
1290.6592057154048,5.9814601656125407e-05,0.0231020886837524,-1.163562469058467,0.1639864091928383,1.991294663214758,1.0335429063036502e-08,1.0194546378305958
1260.6411146118771,6.065772607244932e-05,0.0229012795373661,-1.1655717855465408,0.1643254301805145,1.9865421941742167,1.0752466370730178e-08,1.0150635023047008
1260.6411200654693,6.0229419206853525e-05,0.0227373753114086,-1.1712358418915192,0.1594272522817653,1.9865421941742167,1.037960863704608e-08,1.0160175727812168
1260.5778771664482,6.030980064486401e-05,0.0227642703620072,-1.1814361429917803,0.1536001647342733,1.9865421941742167,1.0062483327108816e-08,1.01609123691282
1260.6411017347127,6.032980567637976e-05,0.0227716173262807,-1.1732702870407128,0.1516854918890829,1.9865421941742167,9.889091699868693e-09,1.01194293257072
1260.640892743133,6.0687937795546334e-05,0.0229099258484979,-1.1670845973227848,0.1585841018621634,1.9865421941742167,1.037930142441073e-08,1.0195269840545913
1290.6424378452357,5.985651099930669e-05,0.0231181385200698,-1.1648000447095277,0.1643671394295268,1.991294663214758,1.0376762866412668e-08,1.0238361144720671
1260.643472763244,6.0005777217919735e-05,0.0226545085999841,-1.1694971625312072,0.1628198136590477,1.9865421941742167,1.0555928364774714e-08,1.0253229916576894
1290.6412515288685,6.0445201691594126e-05,0.0233413758162869,-1.167828408243935,0.1557443401530607,1.991294663214758,9.92475351102066e-09,1.0101595009240216
1260.6254712936934,6.056837488956098e-05,0.0228689580031139,-1.1704228243547694,0.167149233203215,1.9865421941742167,1.0955609473359272e-08,1.0108666841697216
1260.5629908679985,6.04598702280406e-05,0.0228225116786439,-1.1635729473471663,0.1595656342260809,1.9865421941742167,1.0388812208857027e-08,1.0113828558370697
1260.641360861715,6.061941069937204e-05,0.0228856244148564,-1.1666431617702884,0.161770874960571,1.9865421941742167,1.0575950523208444e-08,1.011093856745758
1260.6267327975947,6.078345275748143e-05,0.0229472600880459,-1.1640378779263545,0.1620475642627674,1.9865421941742167,1.0610912601119541e-08,1.0201961812410294
1290.6427267864349,6.025967572206676e-05,0.0232735481232207,-1.166611646691103,0.1636306829762478,1.991294663214758,1.0407168060839543e-08,1.021996042602246
1290.643238919787,6.04440508573592e-05,0.0233453589491113,-1.1668687974554115,0.1645080853274698,1.991294663214758,1.0497785648507526e-08,1.0235900567026894
1290.6593320858665,6.0073465229585805e-05,0.0232029920697311,-1.164981830281022,0.1658294572607214,1.985025429856785,1.0509525020620122e-08,1.023887051011538
1260.6438283857424,6.038839540594764e-05,0.0227985975046621,-1.1642654581567768,0.1623030181076753,1.9865421941742167,1.0563757224034472e-08,1.02423920087417
1260.6285174575169,6.010394314466743e-05,0.0226902079099912,-1.1685940146235618,0.1602206341073294,1.9865421941742167,1.0393917534044332e-08,1.025544610031586
1260.6444977417125,6.032553904886265e-05,0.0227770152604553,-1.1653480495258943,0.166700861274401,1.9865421941742167,1.0851646786350177e-08,1.0262037141902796
1260.644944918109,6.029451360908574e-05,0.0227638947044404,-1.168659227060182,0.1634867625267445,1.9865421941742167,1.0649412720718764e-08,1.026495977723597
1260.6447265478782,6.0221051720078624e-05,0.0227362465322777,-1.1670843614906614,0.1637958439908807,1.9865421941742167,1.0647788524753032e-08,1.026813148737048
1260.6448107331526,6.03124856633721e-05,0.0227684646892636,-1.170063490987337,0.1589029403628372,1.9865421941742167,1.0350430474668692e-08,1.0271819767980723
1290.6602481224108,6.039474602624824e-05,0.0233270867607072,-1.166968684068748,0.1657586858066245,1.991294663214758,1.0572448245210972e-08,1.0272955504584371
1290.6603044329677,6.047170343615134e-05,0.0233597776882393,-1.1647297649070758,0.1715122684195194,1.985025429856785,1.0949083007754449e-08,1.0276108894835456
1290.660355144646,6.036931524499485e-05,0.0233184952024426,-1.164751061326811,0.1681987956625346,1.991294663214758,1.0712231368523721e-08,1.0280968214473964
1290.644921539817,6.0443082355814575e-05,0.0233451601032193,-1.167916820020478,0.1647381704215834,1.991294663214758,1.0517260830029028e-08,1.0285890190041445
1290.6607943207491,6.044577339376663e-05,0.0233462524987821,-1.1663384421207237,0.1647457337904073,1.991294663214758,1.050997247587022e-08,1.0287840930272285
1290.645648248959,6.023167421726431e-05,0.0232639749991607,-1.1668485688415329,0.1663505932160563,1.991294663214758,1.058327501900761e-08,1.0303868068916084
1290.6614924082533,6.015372938046106e-05,0.0232356971588478,-1.169442862750612,0.168810966435263,1.991294663214758,1.0742227381504757e-08,1.0306289045862127
1260.6416215873323,5.989163494710206e-05,0.0226125929025784,-1.1625109671744869,0.1656224166298883,1.9865421941742167,1.0683819642006277e-08,1.0147307731862023
1260.6413814830594,6.090745066701932e-05,0.022990351407687,-1.169073000213102,0.1532987016609673,1.9865421941742167,1.0068375125285709e-08,1.0141722640054325
1260.6414215632249,6.0965305454851486e-05,0.0230135601477947,-1.168214025230987,0.1563913925741281,1.9865421941742167,1.0283371413227747e-08,1.011089877280154
1260.6410663817078,6.1031426864704105e-05,0.0230400355536212,-1.1690643472521889,0.1595851658975357,1.9865421941742167,1.0517352234426677e-08,1.0202660480307535
1290.627500714967,6.0276524955640606e-05,0.0232812092321417,-1.1632919944874802,0.1663522032465374,1.991294663214758,1.0566400866482328e-08,1.0232020730702407
1260.6282232578378,6.024912177344879e-05,0.0227451544743122,-1.165768395638755,0.1613029582315981,1.9865421941742167,1.0477737057092069e-08,1.0203672533530688
1260.6412186515518,6.066680542342685e-05,0.0228989373277538,-1.167497147848245,0.1522287114634429,1.9865421941742167,9.948247155163884e-09,1.01005223071408
1260.6409453793894,5.919727355433658e-05,0.0223506108648261,-1.1617106038388576,0.1659145748435791,1.9865421941742167,1.0574046678165134e-08,1.017892136957841
1290.6562510703225,5.921587644666108e-05,0.0228604308374096,-1.17811535475663,0.1407744523678807,1.991294663214758,8.816813631261144e-09,1.0256926677530025
1290.6592061163392,5.993524790228984e-05,0.0231491549252596,-1.1579585378060824,0.1649280833670596,1.9880103241183076,1.0384469933062765e-08,1.0213498605018934
1260.641440846026,6.024885196438801e-05,0.0227423253198813,-1.1635071807299149,0.1547781458726196,1.9865421941742167,1.0028933539977351e-08,1.0153526632623164
1260.6436662462074,6.026682482423201e-05,0.0227545645690058,-1.15886026382823,0.1662432857150598,1.9865421941742167,1.0773546145306458e-08,1.017046899546581
1260.6415734221227,6.068867365948516e-05,0.0229099427142538,-1.1642194424367351,0.1581021121876428,1.9865421941742167,1.0330119154869705e-08,1.0174550293069085
1260.6409972137772,6.044148550717391e-05,0.0228155468309118,-1.1665852115766608,0.1557685866986797,1.9865421941742167,1.0146103285494281e-08,1.016911730984756
1290.6583469568286,6.034271053780991e-05,0.0233026873293217,-1.1639711196770188,0.1572959258122782,1.991294663214758,9.990267201812354e-09,1.0228217125823018
1260.6282059547957,6.0249945286892726e-05,0.0227462520084232,-1.163322021700678,0.1630676035207501,1.9865421941742167,1.0582215619882382e-08,1.024580808882828
1260.6132237419952,6.0005769749714326e-05,0.0226519326624488,-1.1648354998170634,0.1581949112693287,1.9865421941742167,1.022213158536312e-08,1.0150426183607264
1260.6413251974154,6.071484686812406e-05,0.0229190696030427,-1.169999231085204,0.1563516283538669,1.9865421941742167,1.0247547277882049e-08,1.0140156508927698
1260.6414581392892,6.101758747846888e-05,0.0230336280232869,-1.1659875327544442,0.1569526726426062,1.9865421941742167,1.0318819724362104e-08,1.0146012013820078
1260.6256338092498,6.067084155150297e-05,0.022904426433165,-1.1620522538765783,0.1613843856315992,1.9865421941742167,1.0532360659713605e-08,1.013342156627723
1260.6416671411134,6.0808702834647386e-05,0.0229566078774951,-1.1667860611639047,0.1609448183483972,1.9865421941742167,1.0558248230957252e-08,1.0128306375920402
1260.626181932632,6.00288681763471e-05,0.0226508963083883,-1.1772426396175952,0.1347922723834723,1.9865421941742167,8.737695023939615e-09,1.0215057018597389
1260.6440755878575,6.054588745830201e-05,0.0228586904487729,-1.1664080004542126,0.1634792502407447,1.9865421941742167,1.0682087450677611e-08,1.0240716553264504
1260.6447178560777,6.070489831852341e-05,0.0229163977181879,-1.1690704624699884,0.1587650275207152,1.9865421941742167,1.040502115837545e-08,1.0188449865146174
1260.6417534614448,6.0668201272692776e-05,0.0229060115797822,-1.165415897825879,0.1658853995575206,1.9865421941742167,1.085884602765233e-08,1.0153598925597642
1260.626332167536,6.058270946623253e-05,0.02286938678338,-1.1659441332021634,0.1577107001749522,1.9865421941742167,1.029677917403348e-08,1.0207991938972445
1260.6291581518017,6.051371959904592e-05,0.022844424342168,-1.1727328480173926,0.1590263710758613,1.9865421941742167,1.0414568333543417e-08,1.02424477814659
1260.645844693761,6.0817441493515016e-05,0.0229615596097822,-1.1710060904617203,0.1639979813683499,1.9865421941742167,1.0791175250161194e-08,1.024746159167566
1260.6458332100883,6.056779329800698e-05,0.0228677330897197,-1.170436050708885,0.1647519545453709,1.9865421941742167,1.0790948603305763e-08,1.0248444116918325
1290.6613701181486,6.091784835352694e-05,0.0235278955151183,-1.1687789874322023,0.1632163461481178,1.991294663214758,1.0505257651959075e-08,1.0252632686888803
1290.6613965788856,6.073127222517363e-05,0.0234569179382838,-1.1666556425791093,0.1654047406363068,1.991294663214758,1.0605619077499905e-08,1.025545110959313
1290.6461527282372,6.076319474921776e-05,0.0234695311829914,-1.1626348972021625,0.1669319063330323,1.9880103241183076,1.0688240905329302e-08,1.0256648065811669
1290.6461295103654,6.072349408134615e-05,0.0234537236557735,-1.1692337019050016,0.1650915716969898,1.991294663214758,1.059641577503077e-08,1.0261416854777272
1290.6624590363351,6.039392459481698e-05,0.0233293630798924,-1.1687329423285835,0.1704388566938117,1.991294663214758,1.0890999938754576e-08,1.0271674392586216
1290.6458949097432,6.061405130970864e-05,0.0234117810182732,-1.1668227497483643,0.1664035612876342,1.991294663214758,1.0650221534409951e-08,1.0269066515685057
1290.6313870460726,6.067520703477909e-05,0.0234363404657146,-1.1696206584562807,0.1678715386109252,1.991294663214758,1.0775409726167111e-08,1.0268073280873236
1290.6626125047917,6.0716777919470905e-05,0.0234514124623924,-1.1651152859158789,0.1655977885290719,1.991294663214758,1.0607296406818751e-08,1.0269519893083168
1290.6476768623106,6.078613665666126e-05,0.0234784800507899,-1.1708513801054945,0.1658987592227156,1.991294663214758,1.0670604116893135e-08,1.0270123938275908
1290.6627549300902,6.066729824725699e-05,0.02343492956698,-1.1635864157085911,0.1707358447911883,1.985025429856785,1.0932606487529284e-08,1.0271757137769664
1290.6628972450271,6.081577615807999e-05,0.0234904600958667,-1.168508235435651,0.1670259081435675,1.991294663214758,1.0741965010873481e-08,1.0273503937278172
1290.6630024476908,6.069203454683042e-05,0.0234427881331636,-1.16715610354136,0.1673394445321691,1.991294663214758,1.0729218563630536e-08,1.027837159933776
1290.6629299367778,6.069506638525283e-05,0.0234451193200022,-1.1634713971232915,0.1697358246846862,1.991294663214758,1.08677187521418e-08,1.0273585642085863
1290.663111534901,6.069848867515311e-05,0.0234457708576897,-1.1633215150102834,0.1683986261393062,1.991294663214758,1.0777706599908714e-08,1.0272691041901107
1290.663273058366,6.063073918213094e-05,0.0234212757734563,-1.1694072048246826,0.1711897535354485,1.991294663214758,1.0990049994690158e-08,1.0272500953021246
1290.663308341056,6.0719070549539605e-05,0.0234531444407973,-1.168092572973549,0.1671640100588122,1.991294663214758,1.0731631993351905e-08,1.0272646061337103
1260.6433180719614,6.126380528342e-05,0.0231254598633334,-1.163510719937179,0.1547408476263437,1.9865421941742167,1.0194821534477837e-08,1.0148388359909306
1260.6428224500269,5.989577119406155e-05,0.0226118830272866,-1.159629252938579,0.1608482097441751,1.9865421941742167,1.0351731099524486e-08,1.0169539580274416
1260.6425167364068,5.997631607323759e-05,0.0226389807543147,-1.1635870467123397,0.1536565778004851,1.9865421941742167,9.909202111056774e-09,1.0154549258264736
1260.6421968131326,6.112204628845343e-05,0.0230717892984971,-1.1624912043965665,0.1544618451691381,1.9865421941742167,1.0149107058077216e-08,1.0121603410416848
1260.6415966702623,6.136503361148666e-05,0.0231617544052608,-1.1675928939278382,0.1506433213141344,1.9865421941742167,9.956708774201836e-09,1.0105565882569212
1260.6440292773768,6.0732633755210936e-05,0.0229290173791768,-1.1695533434098355,0.1628395856993379,1.9865421941742167,1.0689029627018897e-08,1.0201671168200532
1290.6450822209008,6.057764275581656e-05,0.0233947242493372,-1.1655890054289235,0.1604214285109461,1.991294663214758,1.0244818930993751e-08,1.0217501328297849
1290.6614725240506,6.052986508972381e-05,0.0233807212102229,-1.1655575755005545,0.1686578953977693,1.9880103241183076,1.0780022080279685e-08,1.012826454682855
1260.6419579065405,6.092696093599548e-05,0.0229981918843862,-1.1638996408798865,0.1547288135166462,1.9865421941742167,1.014129168536954e-08,1.0096681699707226
1260.6263305032626,6.085604838612497e-05,0.0229759165178844,-1.1631040389171046,0.1644451010514806,1.9865421941742167,1.0775598748959242e-08,1.0123096460550516
1260.6423374041915,6.031662521008778e-05,0.0227685800963827,-1.1707277353053809,0.1559413078606338,1.9865421941742167,1.0159999209713596e-08,1.0113426269414023
1260.6105509102345,6.074259671434392e-05,0.0229314578068791,-1.1584272629922203,0.1613026147176064,1.9865421941742167,1.0518161106367109e-08,1.0057420961569965
1260.626581820659,5.873328807613194e-05,0.0221809201556065,-1.1586925360743965,0.1772285920578345,1.9865421941742167,1.1217502729338952e-08,1.0154470650223522
1290.6595954033546,6.0487046837610185e-05,0.0233605178740117,-1.1674070454688537,0.1614120738906328,1.991294663214758,1.030563835313124e-08,1.0173757256061933
1260.6448497953825,6.072282315515075e-05,0.0229238677518846,-1.166625905897615,0.1601215581744959,1.9865421941742167,1.0484439232493971e-08,1.0107285502399053
1260.6415733974427,6.147595454730435e-05,0.0232061348582692,-1.160962723646887,0.1558884875958155,1.9865421941742167,1.0292796375380054e-08,1.0045931311277276
1260.6412521051243,6.05116252566398e-05,0.022843607175099,-1.1693905121932129,0.1591038545515133,1.9865421941742167,1.039660729833968e-08,1.006522228506335
1260.6416824595071,6.030781183030257e-05,0.0227658630737482,-1.1606694242050868,0.1574512559725902,1.9865421941742167,1.0200076803041429e-08,1.0035999593886566
1260.6252667680385,6.117911163464954e-05,0.0230927569465381,-1.1669880417183025,0.1538203410137655,1.9865421941742167,1.0136450039312037e-08,1.0044275059830765
1260.6410389030352,6.074104745475276e-05,0.0229287928372704,-1.1654983766653175,0.156081874191089,1.9865421941742167,1.0210531457085813e-08,1.007534296259376
1260.643159616273,6.083947524129373e-05,0.0229666222847195,-1.167655603572753,0.1574591768075169,1.9865421941742167,1.033112646276113e-08,1.0116898369060827
1260.6437139450572,6.062742275649862e-05,0.0228871087985833,-1.1697440942587352,0.1583196011744942,1.9865421941742167,1.0366786479149577e-08,1.0132150826533075
1260.6419099872,6.223641798617871e-05,0.0234873992154144,-1.1688724288812895,0.1431183393329552,1.9899029132496548,9.585861656302225e-09,1.0020506035309238
1260.625573263038,6.102994890871602e-05,0.0230355294309431,-1.1635850392437015,0.1520429457251112,1.9865421941742167,9.972695055625955e-09,1.0016349035600185
1260.641759130638,6.114230073561597e-05,0.0230797236701323,-1.1638934690688556,0.1549903685791775,1.9865421941742167,1.0193152548045353e-08,1.0037509722308204
1260.6417045593262,6.080040446772896e-05,0.0229523024495814,-1.1610223795001426,0.1586020234106282,1.9865421941742167,1.0364829809419164e-08,1.001703546618511
1260.6573230507784,6.0701669431826826e-05,0.0229129053414677,-1.1665758748834214,0.1532185097779896,1.9865421941742167,1.0018323925719584e-08,1.0012426419412086
1260.627322610002,6.025159792590776e-05,0.0227473726431502,-1.1668338672970435,0.1639486253482684,1.9865421941742167,1.0661199951200934e-08,1.0104957445198877
1260.6441766903736,6.080044614659656e-05,0.0229537844006336,-1.1700143486073022,0.1612643606263806,1.9865421941742167,1.0598024212190817e-08,1.0118387896309975
1260.6445059170946,6.089182533686497e-05,0.0229855586616927,-1.1598431033070118,0.1558173029608348,1.9865421941742167,1.0184880158806346e-08,1.0023217453180937
1260.6412699595094,6.154876695355771e-05,0.0232302355847251,-1.169885937840007,0.1485934000563417,1.9865421941742167,9.859415823784033e-09,0.9991090421632364
1260.641314079985,6.124517422522888e-05,0.0231190817467287,-1.163979221587567,0.1562018308199934,1.9865421941742167,1.0292037036966845e-08,0.998114721085884
1230.625917241443,6.132546824301915e-05,0.0226129704971146,-1.1647110777300642,0.1468376366156394,1.9917959043140323,9.901345137494763e-09,0.9997325318298842
1260.630845387932,5.954775550599141e-05,0.0224846270116755,-1.1626927507972369,0.1697038613101865,1.9865421941742167,1.0892147770015426e-08,1.0007053249536833
1260.6306990436278,6.032464733910842e-05,0.0227746339018102,-1.1606813107618026,0.1631583814642759,1.9865421941742167,1.058677952325095e-08,1.0100256323775898
1260.633386631962,6.028517256817036e-05,0.0227614210570573,-1.160112629360408,0.1663121918976423,1.9865421941742167,1.0786166463687916e-08,1.009042704194346
1260.631437651813,6.072418471712573e-05,0.0229216760505216,-1.164248318696584,0.1549190077357407,1.9865421941742167,1.0121423612440971e-08,0.9986002378511472
1230.6003873180598,6.062557272040993e-05,0.0223563900993707,-1.1626714020927182,0.151618747401055,1.9917959043140323,1.0103079928913637e-08,0.9985822824366428
1230.6159739797004,6.078397167849137e-05,0.02241804033157,-1.1556294696213183,0.1580654931160676,1.9917959043140323,1.0534186939425144e-08,0.9964159345532608
1200.6060344250873,6.062290883088815e-05,0.021835730218575,-1.1681246659991174,0.1648627577788294,1.9884801060906256,1.1307791503940702e-08,1.001437047779396
1260.6360330474563,6.0362697301500736e-05,0.0227855000137259,-1.1542502921787137,0.1552689531296056,1.989341359837861,1.0030340127531428e-08,1.0002528435198514
1260.620489272289,6.087928476612888e-05,0.0229811177161627,-1.1585442226729414,0.1575729273013626,1.9865421941742167,1.0291921836191106e-08,1.00800796164062
1290.6515603316948,6.102232340060633e-05,0.0235643944548329,-1.158621136506663,0.1559166373838169,1.991294663214758,9.982033768664988e-09,0.9969972517765872
1230.62038928736,6.088012947558853e-05,0.0224523688588405,-1.1628355578485452,0.155472045527421,1.9917959043140323,1.0412151297176981e-08,0.9972168812013515
1230.6207132400014,6.182934792442258e-05,0.0228026567053873,-1.1710014450496191,0.1555708018994807,1.9858030597653733,1.0629709700383992e-08,0.9951904763820912
1230.6208161115646,6.11361387986676e-05,0.0225511766863527,-1.155183646054317,0.164689836370663,1.9917959043140323,1.1047607756108744e-08,0.994299188477056
1260.638205025345,6.124697859827766e-05,0.0231212849776364,-1.1564639274366342,0.1595268020946482,1.9865421941742167,1.0477396393896352e-08,0.9947765373373983
1230.621963235084,6.060461889511017e-05,0.0223524174621816,-1.162808967105559,0.1589274595017935,1.9917959043140323,1.0601506699143585e-08,1.0018368590614348
1260.6377768386155,6.082112453642187e-05,0.0229571409891371,-1.1641622750324434,0.1522527885118724,1.9865421941742167,9.955654147672997e-09,1.0029609462237712
1230.6204840634018,6.181478476245518e-05,0.022793869898431,-1.165601581807055,0.148146498584516,1.9917959043140323,1.007472763184462e-08,0.9879288069857936
1230.620377974119,6.123378807279135e-05,0.0225851216041318,-1.1567809381388017,0.160530160791644,1.9917959043140323,1.078836479642838e-08,0.9885811752457364
1230.6223739990965,6.142909961701507e-05,0.0226545275710324,-1.1657144173802871,0.1547804350345216,1.9917959043140323,1.0474713998516348e-08,0.989183554109706
1230.62063157605,6.15118775038081e-05,0.0226819399132151,-1.16837909754583,0.147560566909532,1.9917959043140323,9.997770617306618e-09,0.9872114216919246
1230.6049437220208,6.183842604309483e-05,0.0228038707427611,-1.1645915926287091,0.1513878257020209,1.9917959043140323,1.0296169942266057e-08,0.9936668901461996
1230.6240680809133,6.131112163396044e-05,0.022610387384706,-1.1691160089066592,0.1530209076950463,1.9917959043140323,1.0349149016802105e-08,0.9966496388217472
1230.6206480222754,6.14709836103951e-05,0.0226718434620138,-1.1600628007939533,0.1587956740594582,1.9917959043140323,1.0727945684391573e-08,0.9975979138583831
1260.637788226828,6.174385492771806e-05,0.0233081001042035,-1.1581375235635245,0.1581327825170777,1.9865421941742167,1.0477373646597422e-08,0.9979568676721916
1260.6381428604946,6.175432600103435e-05,0.0233147225375667,-1.1608557012911511,0.1632184440171061,1.9865421941742167,1.0840530380825277e-08,0.9984220878805172
1260.640521704685,6.164587990659848e-05,0.0232718026899046,-1.1662751151267452,0.1593591998825189,1.9865421941742167,1.0589527057185412e-08,0.9992349089912076
1260.638589784503,6.163124982429717e-05,0.0232673980789675,-1.1593325009189877,0.1618284282275907,1.9865421941742167,1.0716566169181752e-08,0.9994338382369796
1260.6374093722552,6.16833887162871e-05,0.0232854094590059,-1.1636411563398117,0.158204990833856,1.9865421941742167,1.050410950897605e-08,0.9999854255188868
1260.6389612704515,6.155852551307088e-05,0.0232384887604882,-1.1688767685249584,0.1584011171499044,1.9865421941742167,1.0522266657984448e-08,1.0001126401043974
1260.6390604428016,6.157487266016477e-05,0.0232461648922553,-1.1622651025696216,0.1617402048217205,1.9865421941742167,1.0717150682931237e-08,1.0002755816587616
1260.6237330669535,6.150296817706498e-05,0.0232184423967432,-1.1656442951754342,0.1610552836509092,1.9865421941742167,1.0678895778861225e-08,0.9998422024403864
1260.637301499024,6.171605570621865e-05,0.0232981900189678,-1.161890963322712,0.1592081572956184,1.9865421941742167,1.0567402046551288e-08,0.99964750800896
1260.6395848947575,6.143781316310056e-05,0.0231951089781507,-1.1647067834718647,0.1631710582723547,1.9865421941742167,1.0804638369471373e-08,1.0008251502138568
1260.6369527094066,6.204234923325993e-05,0.0234201465834693,-1.1681592321223688,0.1563822666141705,1.9865421941742167,1.0463908756754975e-08,1.00006763054803
1260.63769993186,6.175353911517533e-05,0.0233119793452275,-1.16776650603065,0.1581864024529116,1.9865421941742167,1.053649496718389e-08,1.0005499364766706
1260.640075567644,6.180329768068828e-05,0.0233312482990498,-1.1720136125143772,0.1590148512361039,1.9865421941742167,1.0624922926597162e-08,1.00083322620946
1260.640059477184,6.172325568521125e-05,0.0233016506861192,-1.1665995433446403,0.1604353357647628,1.9865421941742167,1.0678036665732094e-08,1.0012320833843409
1260.638204854913,6.533440164007906e-05,0.0246527543188693,-1.173807370360728,0.1347267873507678,1.9899029132496548,9.486218427503413e-09,0.9865563082311491
1230.62142785592,6.249717196688425e-05,0.0230434023864118,-1.1689339407874877,0.1432420471741488,1.9917959043140323,9.857965932290877e-09,0.9840713411223736
1230.621424692683,6.20330794109219e-05,0.0228771799443846,-1.1660438611563344,0.154534121152134,1.9917959043140323,1.056247199058282e-08,0.9865117598957712
1230.6212470601313,6.3284847693645e-05,0.0233341684914523,-1.1728064527186897,0.1438128901262448,1.9917959043140323,1.0044056743461797e-08,0.9828175890858512
1230.6212608045898,6.219703905448499e-05,0.0229358224952002,-1.1644480848629697,0.150548258367066,1.9917959043140323,1.0299184137364929e-08,0.9802510749106216
1230.621885722503,5.964954961006926e-05,0.0220035904225125,-1.151733826713066,0.1664800415733919,1.9917959043140323,1.0882090631408922e-08,0.9907067556822092
1260.6361653869972,6.199672256890652e-05,0.0234027464714745,-1.1636882903906198,0.1563196641620115,1.9865421941742167,1.0426643477878322e-08,0.9930601231304308
1260.6234583375044,6.190030600965673e-05,0.0233675370217576,-1.1618678708466712,0.1590396248665762,1.9865421941742167,1.0584780963083806e-08,0.986939399806302
1230.624010196887,6.204013771989431e-05,0.0228798290801706,-1.1623905178228215,0.1545672685178392,1.9917959043140323,1.0543900969904069e-08,0.9785708414862394
1230.6211427152157,6.178060479029472e-05,0.0227824637441915,-1.1624890234077434,0.1508273270918009,1.9917959043140323,1.023952071600993e-08,0.9793267577414324
1230.6215117149986,6.251159574009862e-05,0.0230540749964397,-1.1637633108993872,0.1553535592017354,1.9858030597653733,1.068836100151378e-08,0.9800996312754218
1230.6213764925487,6.239302367369285e-05,0.0230037373426059,-1.1669445916625445,0.1402965000700943,1.9917959043140323,9.623962179821305e-09,0.9784357910976034
1230.6054827007465,6.310601368546716e-05,0.0232697862004606,-1.1629411593815384,0.1485319048773246,1.9917959043140323,1.029579053551568e-08,0.9808578535855996
1230.6226050597616,6.248229618775912e-05,0.0230441570491015,-1.164212869122767,0.1570641110548971,1.9917959043140323,1.0805052205744533e-08,0.9865220899722806
1230.6210491470993,5.9736300873821305e-05,0.0220315914671737,-1.1654079354705815,0.1576889868993451,1.9917959043140323,1.0381981945737818e-08,0.991524371651227
1260.636201998219,6.088067215074248e-05,0.0229834196507282,-1.1565477625119005,0.160654377493048,1.9865421941742167,1.0489701161223621e-08,0.9895827086774016
1230.6055330666711,6.123111291917252e-05,0.0225814058156552,-1.1591908470183474,0.1553046723955884,1.9917959043140323,1.0438660685218456e-08,0.99418366130508
1230.6212861677632,6.370897130025548e-05,0.0234878072308529,-1.1636543710279792,0.1371291572322515,1.9917959043140323,9.581456525396693e-09,0.9866050364113078
1230.620647250675,6.174571430194286e-05,0.0227678189546061,-1.1650614574955585,0.1469888518132381,1.9917959043140323,9.98217072422802e-09,0.9854306766504052
1230.6209344761446,6.16808840203298e-05,0.022747282675059,-1.1624716633114718,0.1545423727892007,1.9917959043140323,1.0479943282998094e-08,0.9845294338636464
1230.620963643771,6.203056318630997e-05,0.0228759788307177,-1.1670919523075798,0.1537480542247099,1.9917959043140323,1.051006349254538e-08,0.9834214082917636
1230.6214755149558,6.060557448587942e-05,0.0223565573134756,-1.1593675559078755,0.1669485202568514,1.9858030597653733,1.1135530938889503e-08,0.9890509400349492
1230.622428584844,6.183872968073234e-05,0.0228056067224746,-1.1630413415239886,0.1545636925888385,1.9917959043140323,1.0512985787355552e-08,0.990974679141502
1260.6377039318904,6.20521747489474e-05,0.0234261579717138,-1.1626960659291008,0.1609517460632183,1.9865421941742167,1.0749038128124814e-08,0.991328746383184
1260.6223978288472,6.192353787208584e-05,0.023375344268522,-1.1587361498525095,0.1576279159695935,1.9865421941742167,1.0476913577160929e-08,0.9916406347998103
1260.6382532911375,6.204652007818424e-05,0.0234212867182886,-1.1605393015313206,0.1558132863870665,1.9865421941742167,1.0381289674946177e-08,0.9922200492172276
1260.6382794561796,6.198930260745692e-05,0.0234013878722707,-1.1601481050861586,0.1591837614490598,1.9865421941742167,1.0599356179126154e-08,0.9923182368620196
1260.6384572545066,6.2006568141589e-05,0.023407486601558,-1.161001273523631,0.1580640802832028,1.9865421941742167,1.0534112589906153e-08,0.992346420744637
1260.6228406880982,6.210063261774423e-05,0.0234406607484895,-1.1651366052365657,0.1544641981000363,1.9865421941742167,1.0324314611894576e-08,0.9923553083379222
1260.6386885959655,6.194943950639661e-05,0.0233876685263642,-1.161582604956082,0.1619763001475981,1.9865421941742167,1.0795147598053736e-08,0.9921220130929148
1260.63853933895,6.213142537139546e-05,0.0234562897940911,-1.162658126944646,0.1619611865002878,1.9865421941742167,1.0831331639725548e-08,0.9918689709520082
1260.63872037502,6.209550458233029e-05,0.0234403405714576,-1.1657753864449998,0.1565804463421657,1.9865421941742167,1.0474556819315434e-08,0.9916828256985168
1260.638872624375,6.23394369987959e-05,0.0235336837038364,-1.1657070605272402,0.1593661811398205,1.9865421941742167,1.0706488365754314e-08,0.9915232162001316
1260.6382673112676,6.232625287986393e-05,0.0235280284094949,-1.1614177015506455,0.1580170639774213,1.9865421941742167,1.0585102187485925e-08,0.9914864348463152
1260.6391812334768,6.222091202993566e-05,0.0234903215781732,-1.1641980595154473,0.1620543597564178,1.9865421941742167,1.0860118161634988e-08,0.991522924275554
1260.639486534521,6.243230393649972e-05,0.02356827173495,-1.161164499431736,0.1585835483063366,1.9865421941742167,1.0641151404061721e-08,0.9916573897612996
1260.639322375413,6.23964006918471e-05,0.0235547773532736,-1.1657352031155073,0.1584720842418412,1.9865421941742167,1.0653092683914643e-08,0.9913166971181258
1260.6391620058566,6.232134650848436e-05,0.0235256482198108,-1.1665678338729877,0.1569449745420595,1.9865421941742167,1.0542597515716674e-08,0.987159630483128
1230.6214315001853,6.228101510962324e-05,0.0229663441627858,-1.163176205613383,0.1494061441204389,1.9917959043140323,1.0227100718638992e-08,0.9749552770274634
1200.6060137483291,6.272271245142674e-05,0.0225876386979518,-1.166846763144744,0.1554705211329478,1.9884801060906256,1.1005011054952909e-08,0.9742606490295284
1200.559464382939,6.256319879754913e-05,0.0225284165600837,-1.1602834232095542,0.1542948499900173,1.9884801060906256,1.0847599165784223e-08,0.9733462988722124
1200.6059599495493,6.329585458467098e-05,0.0227921181018415,-1.1707498402754215,0.1511333827020062,1.9920047626819388,1.080721229726211e-08,0.971390660202296
1230.6052094195038,6.3210692965935e-05,0.023310122709973,-1.1636937109551837,0.1518403168243438,1.9917959043140323,1.0556909710088936e-08,0.9729383251532776
1230.6226759213023,6.271300725115434e-05,0.0231294222656281,-1.1632504267009134,0.1576941243258826,1.9917959043140323,1.08844085155014e-08,0.9818752221462572
1230.6231164294295,6.241664194275516e-05,0.0230195972407,-1.1648946121723776,0.1562450822710491,1.9917959043140323,1.0740249529152251e-08,0.9747751401419782
1230.621199843008,6.352691987226401e-05,0.023430243591133,-1.165767308122416,0.1590304045473068,1.9917959043140323,1.1139196483619185e-08,0.968301875345158
1200.6057880911976,6.289015507415812e-05,0.0226471184843623,-1.160473470673385,0.1540021399797057,1.9884801060906256,1.0886802188657656e-08,0.9688112431326644
1200.6058065271936,6.318854033807975e-05,0.022752104038288,-1.1654572740282132,0.1482188335183295,1.9920047626819388,1.0547223661127594e-08,0.9666120115279392
1200.6058113388715,6.346906930201208e-05,0.0228545314113755,-1.170243665930092,0.1513708959164862,1.9920047626819388,1.085342426299174e-08,0.9675340907549028
1200.6058280305006,6.366481701371991e-05,0.0229251624473136,-1.160508989838239,0.1518161532790015,1.9884801060906256,1.0862401769303312e-08,0.9723532624089016
1200.6070826076902,6.291366615009105e-05,0.022654341048178,-1.1649460507103158,0.1507499285596474,1.9920047626819388,1.0681511686312221e-08,0.9754242309630335
1230.6224712263793,6.325801462199224e-05,0.0233307710804243,-1.1679531929820923,0.1579714376600196,1.9917959043140323,1.1030670236243592e-08,0.9774256099142732
1200.606267024763,6.509736295648311e-05,0.0234340962710522,-1.1751241528286138,0.1357242675488433,1.9920047626819388,9.980334430758253e-09,0.9656896923543592
1200.6056743725203,6.396889624513206e-05,0.0230322586487376,-1.1666111389353178,0.1464025681623237,1.9920047626819388,1.0548668308621865e-08,0.9640830618273494
1200.6059258542955,6.371092751401198e-05,0.0229430067734635,-1.163301280592966,0.1545806999827143,1.9884801060906256,1.109189395412108e-08,0.9627551644221072
1200.6055726688355,6.41513741799548e-05,0.023099878208987,-1.1670303346130997,0.1506589287448005,1.9884801060906256,1.0897382834645664e-08,0.9618829907523624
1200.621257354971,6.426236864653654e-05,0.0231426673212681,-1.1647593591267495,0.1559815848558028,1.9920047626819388,1.1299916548185196e-08,0.961630296898483
1200.6065855887718,6.164502681132918e-05,0.022202927282949,-1.1577969586482824,0.1630191421978452,1.9884801060906256,1.1300219866102588e-08,0.9708198709897864
1230.6224239538424,6.333515330084877e-05,0.023358018253992,-1.1622978812538949,0.1556227806308097,1.9917959043140323,1.0836524624894362e-08,0.972696833246575
1200.6058706715703,6.167589186574793e-05,0.0222091891957596,-1.1616865613237946,0.1523625829530493,1.9884801060906256,1.0566810406118305e-08,0.9703329872323532
1230.6207326180302,6.304357887555854e-05,0.0232511085475409,-1.1659178218695827,0.1572829454123752,1.9917959043140323,1.0930437089387578e-08,0.9691969997449076
1200.6058219806291,6.336278124976176e-05,0.0228174471777722,-1.1693150928129423,0.1539425531618433,1.9884801060906256,1.1015462677630943e-08,0.9654845323423048
1200.5907286335714,6.164412828917946e-05,0.0222007181059042,-1.1638421708694071,0.1597895639444854,1.9884801060906256,1.1105665682832286e-08,0.97465262384642
1200.606960974168,6.298615699564143e-05,0.0226804208481324,-1.1666597283726534,0.1509605833694899,1.9884801060906256,1.0719568915785352e-08,0.9764229519980522
1200.607129173353,6.292219849056936e-05,0.0226560612539831,-1.1713059825978565,0.1477304943309616,1.9884801060906256,1.0499087772281128e-08,0.9690827287309888
1200.6055522835811,6.37683250443536e-05,0.0229638353518905,-1.1636615132142116,0.1548908861990031,1.9920047626819388,1.112414904051239e-08,0.9625802247950476
1200.6052317647263,6.378524973716423e-05,0.0229695710466043,-1.166242869938746,0.1540163742532251,1.9920047626819388,1.1077754196914897e-08,0.9633439996688558
1200.6054232316092,6.414390210684163e-05,0.0230971243107648,-1.162595976061636,0.1504904770125535,1.9884801060906256,1.0858597312547971e-08,0.9623376763501308
1200.6054870658554,6.439424164675022e-05,0.0231902453410472,-1.1620567626507,0.1570172040442141,1.9884801060906256,1.1383192540113825e-08,0.9605305364052246
1200.605594824534,6.366961003503016e-05,0.0229253318815413,-1.1649282758365311,0.1483739656786955,1.9884801060906256,1.0634152925247708e-08,0.965184229908921
1200.606601067353,6.3468964500363e-05,0.0228525450891087,-1.1661101648703265,0.1467960355806554,1.9920047626819388,1.0490862283931956e-08,0.9695497576671056
1230.6219106693752,6.357679689237899e-05,0.0234455626964888,-1.167620609735283,0.1521959407815865,1.9917959043140323,1.0663296955764003e-08,0.9701713147983886
1230.6246204930358,6.370548597637511e-05,0.0234964639408467,-1.1646887401598482,0.1596345483581665,1.9858030597653733,1.1205449580222511e-08,0.9707275820150778
1230.6223000497555,6.35247092508335e-05,0.0234271272927762,-1.1603624148904492,0.1542320770363359,1.9917959043140323,1.076062255484284e-08,0.9710539881404228
1230.622452725191,6.354182310223182e-05,0.0234322469742749,-1.1672045552225156,0.1514325871180905,1.9917959043140323,1.0598735994811767e-08,0.9716619270842838
1200.607408524491,6.379462717043644e-05,0.0229721976231252,-1.1695510479276736,0.1522781746410697,1.9884801060906256,1.0969843549412845e-08,0.972731422802494
1200.607523340732,6.378141757395589e-05,0.0229673918087712,-1.1672472106927427,0.1522004885947388,1.9884801060906256,1.0951396258809362e-08,0.97357833225415
1200.5920495553871,6.373095502833373e-05,0.0229484134121908,-1.165927491495479,0.1506045747659281,1.9920047626819388,1.0813194558453997e-08,0.9740166616874728
1200.6079956279136,6.359984208054201e-05,0.0229009624701694,-1.1712206497732685,0.149906923879491,1.9884801060906256,1.0770503565031297e-08,0.9741468624364618
1200.5923962844536,6.355198702551701e-05,0.0228848517742889,-1.1668869135623008,0.1531083468271892,1.9884801060906256,1.0973742501504005e-08,0.9743917261728868
1200.608125797473,6.363544658987917e-05,0.0229158424035258,-1.1675846895005464,0.1544451591419241,1.9884801060906256,1.1091259423405236e-08,0.974660536817878
1200.608201886993,6.357522479857288e-05,0.0228941195349163,-1.1644760896049458,0.1542285618749702,1.9884801060906256,1.104572455166737e-08,0.974635004185777
1200.608234438114,6.374085148575693e-05,0.0229526743136281,-1.168710322386476,0.1517870089142725,1.9884801060906256,1.0922343278275038e-08,0.9748225369841368
1200.6083416901529,6.35996925137224e-05,0.0229029959344502,-1.1673575915992698,0.1544911587935604,1.9884801060906256,1.1088475430726981e-08,0.9750737491492169
1230.6241635289043,6.40481772856422e-05,0.0236206607407873,-1.1695631104814883,0.1549726926274793,1.9917959043140323,1.0954785528490586e-08,0.9754672756221306
1230.6237420886755,6.413614859704134e-05,0.0236521226954025,-1.1665612460566432,0.1530054192098641,1.9917959043140323,1.0810820931909754e-08,0.9751124107226808
1230.624041294679,6.399298552898532e-05,0.023600984360234,-1.1685587657649636,0.1561196396984206,1.9917959043140323,1.1022918162107365e-08,0.975133542189602
1230.623924633488,6.338182697937662e-05,0.0233738682830492,-1.1647937182488697,0.1527789301195757,1.9917959043140323,1.0656329572098915e-08,0.9610177289385188
1200.590228962712,6.375967242078921e-05,0.0229574007200554,-1.1666125787378705,0.1479371663163214,1.9920047626819388,1.0629707399128536e-08,0.9578466693183544
1200.574599890504,6.422317984554605e-05,0.0231266252353279,-1.1617152659884271,0.1543773624588112,1.9884801060906256,1.1157752584801857e-08,0.9564437909742683
1200.605803669896,6.435382928317796e-05,0.0231728043642498,-1.161499700899845,0.1508183738918883,1.9884801060906256,1.0910012031720028e-08,0.9554586434587452
1200.5902179307304,6.479363323216374e-05,0.0233328358708772,-1.1636815771773157,0.1554401055762908,1.9884801060906256,1.134306641054787e-08,0.9530587991015624
1200.6058261008002,6.487338723865e-05,0.0233626678593325,-1.1604949293027906,0.1569609703227324,1.9884801060906256,1.1454065455739584e-08,0.9626760365747034
1200.6073311166838,6.429635017052624e-05,0.0231529553830966,-1.169249130405457,0.1525150045811506,1.9884801060906256,1.1072353285753228e-08,0.96562112178303
1200.607743394561,6.415223120570919e-05,0.0230988926091859,-1.1715708755894514,0.1476561832883008,1.9920047626819388,1.0701814545961964e-08,0.96490941241862
1200.5904663149267,6.448878246967599e-05,0.0232191851358724,-1.1671570160482296,0.1460819575739609,1.9920047626819388,1.061396742146638e-08,0.952656607469374
1170.5908675342798,6.48420807311587e-05,0.0227855421745802,-1.170620823837408,0.1500346073786757,1.9894910703001345,1.1256206713747834e-08,0.9541556821546624
1200.60613246914,6.496086438203099e-05,0.0233915483752536,-1.1659901710548406,0.15091768180202,1.9920047626819388,1.1049088415902751e-08,0.9535589972265356
1170.5599869051948,6.482192917942216e-05,0.0227763344664858,-1.1701572199026546,0.146646396141853,1.9894910703001345,1.0989225104956751e-08,0.952198842726856
1170.590701249428,6.545444600768903e-05,0.0230007001640933,-1.166282049796009,0.1499106015990494,1.9894910703001345,1.1324452436116636e-08,0.9492667481376824
1170.591757667251,6.420043983091121e-05,0.0225619747809879,-1.1648868256654836,0.1543487716254715,1.9894910703001345,1.1437713503869969e-08,0.9607836966302886
1200.6072717187926,6.467181152256046e-05,0.0232889129511704,-1.1671855966712394,0.1539712503242876,1.9884801060906256,1.1232951708250921e-08,0.9631239532317124
1200.608089205809,6.464543246662284e-05,0.0232781024774651,-1.168724459631474,0.1509984253980839,1.9884801060906256,1.1015097852960936e-08,0.9548297503599472
1170.5910229710862,6.575934309587668e-05,0.0231067701234511,-1.1692796182007432,0.1474379088154397,1.9894910703001345,1.1198973206882311e-08,0.9496622044541206
1170.5909585803747,6.508841257137443e-05,0.0228734017227009,-1.1652946167683913,0.1531053905613506,1.9894910703001345,1.1499721640100432e-08,0.9498569354195154
1200.5904708560556,6.548894472883088e-05,0.0235825716459748,-1.1692525108296266,0.1536339158915688,1.9884801060906256,1.1364188471106514e-08,0.9515432406083134
1170.5280728703365,6.535096578263068e-05,0.0229617546102685,-1.1673033755527893,0.1469555364846854,1.9894910703001345,1.10841210871281e-08,0.9504892378455534
1200.5746705774218,6.512537413918004e-05,0.0234493761216438,-1.1648835464918494,0.1493378632407684,1.9884801060906256,1.0951859434414602e-08,0.9551305100198454
1200.514328194782,6.469664566357934e-05,0.0232967088707621,-1.168239516901111,0.1555620120917513,1.9884801060906256,1.1367045791501607e-08,0.9601141051423396
1200.6058375798166,6.347277376282941e-05,0.0228595634747332,-1.1669777832810877,0.159463042225899,1.9884801060906256,1.1432086564327382e-08,0.9568254616234324
1200.6056347936392,6.455432396963635e-05,0.0232477473262358,-1.1626638689880051,0.1566557659280938,1.9884801060906256,1.1386422196167967e-08,0.9555953088216887
1200.591154965572,6.392954323448804e-05,0.0230236158009328,-1.1686965643836362,0.1582957188694109,1.9884801060906256,1.1436726613760756e-08,0.9552860441481626
1170.5906323380768,6.496674592260625e-05,0.0228274818752287,-1.1677427545233188,0.1457210638933898,1.9894910703001345,1.0926867131734064e-08,0.9511409826842716
1200.605527787469,6.48959209852731e-05,0.0233668302091299,-1.1675556550708988,0.1481706066078728,1.9920047626819388,1.083989817901551e-08,0.9493420657183472
1200.6055403035134,6.473322256206424e-05,0.0233117576067915,-1.163368865414866,0.1558412472307483,1.9920047626819388,1.1363378519892842e-08,0.9495986656275156
1200.5451558772477,6.495404483097979e-05,0.023388674543646,-1.166547337693036,0.1521892475265537,1.9884801060906256,1.1139502200986814e-08,0.9498812319958814
1200.60589660611,6.531389706933238e-05,0.0235206183304739,-1.1638461846233712,0.1551807490432062,1.9884801060906256,1.142028207401156e-08,0.9489652076440482
1200.605607024394,6.510576157068548e-05,0.0234443310240736,-1.1616248889496832,0.1526743383241484,1.9884801060906256,1.1178953499961232e-08,0.9466552517985504
1170.590330175124,6.532251301402465e-05,0.0229558481928173,-1.1637567027810682,0.1535069045859376,1.9894910703001345,1.1563264458862032e-08,0.9531924813121788
1200.606654590927,6.524138710810688e-05,0.0234937771011433,-1.1680073209798671,0.1533961788710114,1.9884801060906256,1.129199016297243e-08,0.9562937091848464
1200.6069186488166,6.505491920300677e-05,0.0234251664816398,-1.1711089215906678,0.1503123073771456,1.9884801060906256,1.1049330980944551e-08,0.9574985429083884
1200.607033439912,6.486479472647737e-05,0.0233579405747933,-1.1666656731351484,0.1532674243694473,1.9884801060906256,1.1212336248533164e-08,0.9581468109858202
1200.591646029614,6.510037530484392e-05,0.0234448999461224,-1.167433616291209,0.1584930187574182,1.9884801060906256,1.1653402539822653e-08,0.9584147230810146
1200.6072827558964,6.501914585131048e-05,0.0234128979430365,-1.1700376943715718,0.1517001138780586,1.9884801060906256,1.114016297949052e-08,0.958562732406645
1200.6075948895889,6.47838944336758e-05,0.0233301332156068,-1.1681451454480931,0.1558140897878539,1.9884801060906256,1.1398808970846552e-08,0.959005718375943
1200.611040902324,6.445137896753704e-05,0.0232122594727285,-1.164115789861402,0.1598985761892555,1.9884801060906256,1.1620495870164591e-08,0.9498498223055846
1170.595398391597,6.47734191493681e-05,0.022755843938115,-1.1794874220033411,0.1363055459768435,1.9894910703001345,1.0239987271961684e-08,0.9570177389720548
1200.611927345395,6.48947017171051e-05,0.0233686476405921,-1.1677059260953222,0.1526907161768696,1.9884801060906256,1.1178125419212675e-08,0.9591689163233652
1200.6121882414443,6.471576678369626e-05,0.0233050914357651,-1.166546668675472,0.1547189948534336,1.9884801060906256,1.1292039389593628e-08,0.9564221099723296
1200.6108549684286,6.557990370185515e-05,0.023615785152726,-1.1724562706751431,0.1535696840223282,1.9884801060906256,1.1392526141127077e-08,0.9503459926761706
1170.5953914793208,6.57616758286366e-05,0.0231070615710935,-1.1706111190061164,0.14615599003309,1.9894910703001345,1.1109705640185093e-08,0.9521781508321152
1170.564946949482,6.511353022454907e-05,0.0228817570922751,-1.1707815836324122,0.1518673793664236,1.9894910703001345,1.1443424885854207e-08,0.954385157822175
1200.6113847205415,6.534371733562119e-05,0.0235316671342013,-1.1723846413990004,0.1551724390208932,1.9884801060906256,1.1473997237595721e-08,0.9562629355720949
1200.580241763033,6.567527742311596e-05,0.0236515251429413,-1.166799344134815,0.1581446514499982,1.9884801060906256,1.1721123418180625e-08,0.9566841982198216
1200.6126541793346,6.519864434012177e-05,0.0234798705562825,-1.1692656609198315,0.1562297632026101,1.9884801060906256,1.1505515089668845e-08,0.961783453825956
1200.6128545701504,6.559960135075568e-05,0.0236220464829629,-1.1742786921612884,0.1515003289734047,1.9884801060906256,1.1249650177592376e-08,0.962490648095522
1200.61314025335,6.543774318772248e-05,0.0235650639328081,-1.1704343879885148,0.1544705977325096,1.9920047626819388,1.1425038444139868e-08,0.956073801202728
1200.6111378250644,6.60994967553433e-05,0.0238028544480378,-1.1676485124798397,0.1536151337794505,1.9920047626819388,1.1459274062219477e-08,0.9525174340184548
1170.5956311021,6.56289013666417e-05,0.0230644573268565,-1.1732337002876505,0.1548769881680234,1.9894910703001345,1.1786979131243796e-08,0.9538758515467138
1200.6113941036165,6.578978562683707e-05,0.0236941269571409,-1.16468111447658,0.1596584150065943,1.9884801060906256,1.1849511711310204e-08,0.953794704089198
1200.5960394367576,6.616080909841609e-05,0.0238269896412263,-1.1817073190273544,0.1577247526299446,1.9884801060906256,1.1872582069847371e-08,0.95271513624282
1170.5959987444803,6.598216522759576e-05,0.0231866457109889,-1.175150690798532,0.1503414507085372,1.9894910703001345,1.1499194281423125e-08,0.9570693845916776
1200.612983030267,6.519958469148616e-05,0.0234799838027442,-1.1607271948430924,0.1563684034442757,1.9884801060906256,1.1468734388785692e-08,0.9590739955708706
1200.613172297366,6.51760324732604e-05,0.0234699734752507,-1.169869350221945,0.1529524370922941,1.9884801060906256,1.1262532854182366e-08,0.9596036636511488
1200.6119759120047,6.785382861599509e-05,0.0244274018495022,-1.1704367250691452,0.1380576474241088,1.9920047626819388,1.0557515821976778e-08,0.9498515051602854
1200.6115515716374,6.581521939508239e-05,0.0236960830519527,-1.1691752157944448,0.1439155002307762,1.9920047626819388,1.0679604779502944e-08,0.9493705415326265
1200.6115664150566,6.608158124139653e-05,0.0237975765550296,-1.1696842526308149,0.1560160922943829,1.9884801060906256,1.1653103263328728e-08,0.9493597130475682
1200.611141609028,6.596488333761626e-05,0.0237555985178353,-1.163861766185594,0.1561417290304748,1.9884801060906256,1.1603550148443938e-08,0.9489738366441732
1200.6112345056608,6.614560512098968e-05,0.0238188826572317,-1.1728641064166492,0.1521595044092707,1.9920047626819388,1.1387003536044545e-08,0.9467552622795532
1200.6109828725455,6.597240449216087e-05,0.0237534063749027,-1.1787702340731658,0.1453438583919333,1.9920047626819388,1.0869426509408231e-08,0.9538303510709992
1200.58190058358,6.587234576973009e-05,0.0237223015419557,-1.169454700741671,0.1572461038506122,1.9884801060906256,1.1706478552829881e-08,0.9554864438014204
1200.6131757460537,6.572946989805602e-05,0.0236717132654849,-1.1729593569739452,0.1576705288013117,1.9884801060906256,1.1736639311105884e-08,0.952886428996296
1170.595692564733,6.622239551679819e-05,0.0232692375650436,-1.1724086332580983,0.1466789499649776,1.9894910703001345,1.1241290774778929e-08,0.9457182664105018
1170.596049546264,6.582501610871632e-05,0.0231337091230119,-1.172079262691211,0.155485761284942,1.9894910703001345,1.1859107455645509e-08,0.9467583199845464
1200.611366651021,6.634888476915758e-05,0.0238905972757895,-1.1695724679090953,0.1490304176140047,1.9920047626819388,1.1157131284867089e-08,0.9461907691221596
1200.6114640133455,6.65145233946599e-05,0.0239536640572563,-1.169935398492926,0.1563357149387089,1.9884801060906256,1.1755172487070625e-08,0.9487810790212216
1200.6116781383753,6.628299967931612e-05,0.0238681389008958,-1.1721198535231503,0.1517612446424124,1.9920047626819388,1.1374669988427422e-08,0.946707181362506
1200.613166618161,6.565794582600714e-05,0.0236456121954187,-1.1656121937466606,0.1573056946042584,1.9884801060906256,1.1649434463166954e-08,0.953459478089729
1200.5978109240532,6.625535274542103e-05,0.023859696006635,-1.166928233697777,0.1555963728866169,1.9884801060906256,1.1631979111877933e-08,0.9543554609761932
1200.6142893061042,6.637976711114928e-05,0.0239037736225595,-1.1764990930943646,0.1530496314081466,1.9884801060906256,1.1520430342777045e-08,0.9546292621039052
1200.6139852721244,6.597044620139084e-05,0.0237558497480556,-1.1706022548084825,0.1521063460283255,1.9884801060906256,1.133608483776594e-08,0.9550703424995638
1200.6139338491485,6.617558034607756e-05,0.0238311890046597,-1.1768597569184374,0.1549501286670665,1.9884801060906256,1.1631602138845429e-08,0.9552401822130612
1200.6140636373311,6.609558867199212e-05,0.023801345024775,-1.1716167284685868,0.1532123338564006,1.9884801060906256,1.1450284645192232e-08,0.9558267672333924
1200.6144940024242,6.58875344431204e-05,0.023724382755328,-1.1718414468295415,0.1487919065970581,1.9884801060906256,1.1079117816281309e-08,0.9567152971549852
1200.61463587638,6.593362988712257e-05,0.0237456681712563,-1.1690900155903272,0.1587260658156934,1.9884801060906256,1.1827186455967428e-08,0.9572482198398397
1200.6146884672344,6.586402304841098e-05,0.023717219747478,-1.179783762009928,0.1511108117038491,1.9884801060906256,1.1299071664862558e-08,0.9571941973817302
1200.614846416749,6.585080241824253e-05,0.0237164229671514,-1.1723649013606623,0.1595782341999998,1.9884801060906256,1.1900746139518026e-08,0.9571888228480048
1200.614935208112,6.576139086060919e-05,0.0236807157426314,-1.1746344712312686,0.1520608209192586,1.9884801060906256,1.1321027798288234e-08,0.9571030891720794
1200.5839720591905,6.602680441483083e-05,0.0237774562177729,-1.1727812277739,0.156234440748769,1.9884801060906256,1.1682554389719541e-08,0.9568456573147174
1200.61487340834,6.605789711312173e-05,0.0237882364556589,-1.1729647117061577,0.153907338827253,1.9884801060906256,1.1506287431117388e-08,0.9566112363174912
1200.614918791689,6.609550878282163e-05,0.0238030870821367,-1.1743670210329835,0.1565741307665919,1.9884801060906256,1.1727983830762772e-08,0.95697695713
1200.6151162404567,6.612092371728337e-05,0.0238105927153495,-1.1740679105241627,0.1530895019392157,1.9884801060906256,1.1460569885266325e-08,0.9568766249782288
1200.5995845561847,6.595248094260713e-05,0.0237535594126338,-1.172508501767752,0.1611456999085154,1.9884801060906256,1.2039375389806767e-08,0.956582068013018
1200.61537866015,6.599856306122663e-05,0.0237692247940156,-1.173990257726024,0.1584559388208576,1.9884801060906256,1.1846043000253714e-08,0.9562812385490094
1170.5965421106666,6.530601489398821e-05,0.0229484201041317,-1.1742817562524204,0.1490825108150583,1.9894910703001345,1.1285161037386165e-08,0.9510293275389886
1170.5965994484725,6.604495441665879e-05,0.0232090765548018,-1.1698387138227773,0.1513802312075054,1.9894910703001345,1.1562460975533228e-08,0.9494653346150136
1200.611521171406,6.617949745146238e-05,0.0238327511536088,-1.1761318452462566,0.1552611682727337,1.9884801060906256,1.1650851192323518e-08,0.9537318787890664
1200.6166698029265,6.603065397779423e-05,0.0237793750356734,-1.1695473947085595,0.1561890166988443,1.9884801060906256,1.1653556584035089e-08,0.9562186786502797
1200.613907692954,6.589882656766773e-05,0.0237318932853688,-1.170161945321447,0.1558499206131582,1.9884801060906256,1.1609822231429236e-08,0.956194381628469
1200.6132008088753,6.86632646022768e-05,0.024723614536624,-1.177764771404751,0.1480780174309685,1.9884801060906256,1.1525818684364508e-08,0.9456509392696468
1170.5807177405804,6.633184714510518e-05,0.023309372242791,-1.1746222750804651,0.1507437860540828,1.9894910703001345,1.159520982005673e-08,0.9443641427600716
1170.596710080281,6.618530023445163e-05,0.0232587465938518,-1.1752853498641291,0.152026189668633,1.9894910703001345,1.166933022295909e-08,0.9466009526228808
1200.6123287826777,6.680725675356363e-05,0.0240588754189281,-1.1697263349166909,0.1559012131462032,1.9884801060906256,1.1771196911736402e-08,0.945696152842827
1170.596833076328,6.671138433094159e-05,0.0234429172884812,-1.17215765274415,0.1506083718468437,1.9894910703001345,1.1632908911065782e-08,0.9427034790454492
1170.596487559378,6.685186361925707e-05,0.0234956385366007,-1.1704203842009109,0.1575554585046162,1.9894910703001345,1.2200874478066948e-08,0.9501225201759532
1170.599002758041,6.640972447157428e-05,0.0233367753158928,-1.1775046228487185,0.1500685484048112,1.9894910703001345,1.157005385891433e-08,0.9511538883813844
1170.599048863165,6.624961390400454e-05,0.0232816332128617,-1.1713459148504315,0.1527650730966489,1.9894910703001345,1.1717214476364653e-08,0.9503009354775028
1200.612639146857,6.660768327824572e-05,0.0239877077394126,-1.168705113798179,0.1572774216839589,1.9884801060906256,1.1836161574299677e-08,0.94045678871186
1170.5655742753297,6.698766297946862e-05,0.0235392372148977,-1.1732936653934136,0.1505456511352805,1.9894910703001345,1.1686111629298438e-08,0.9405831819074768
1200.6125566707924,6.712162681834001e-05,0.0241713661658707,-1.1747903821779715,0.154125498564407,1.9884801060906256,1.1720075620890449e-08,0.9415885880965552
1170.5969333015382,6.70702140688232e-05,0.0235713041401331,-1.1699852335312604,0.1555496628542588,1.9894910703001345,1.2075735555424137e-08,0.939000587084539
1170.5967475082723,6.748065361829622e-05,0.0237173109048242,-1.1669297790397568,0.1592693988433373,1.9894910703001345,1.2430541676426969e-08,0.946043112481554
1200.583158894442,6.680473089382728e-05,0.0240547087764135,-1.174303381248335,0.1496579169168873,1.9884801060906256,1.1316542965768649e-08,0.9474236883745876
1200.6146850138905,6.677411433499855e-05,0.024048223629897,-1.1694348399425485,0.1582583164414186,1.9884801060906256,1.1944086078575232e-08,0.9464092620466268
1170.5972910756243,6.694201441155002e-05,0.0235239711497069,-1.1713081877805245,0.1506398091908368,1.9894910703001345,1.1668544916515813e-08,0.93630670253878
1170.5656319744885,6.714451817764202e-05,0.0235977140718016,-1.173371152709478,0.1572002365668334,1.9894910703001345,1.2240910311843633e-08,0.9346908906117212
1170.580862827599,6.726685341482405e-05,0.0236434057248709,-1.169838230284811,0.1624325701555271,1.9894910703001345,1.2657363420722025e-08,0.935792491837464
1170.5965537596494,6.741886589282916e-05,0.0236931038840043,-1.1671730008030448,0.1540329755165081,1.9894910703001345,1.200085816441672e-08,0.933469696135372
1170.5961977308616,6.771694723734833e-05,0.0237987356129414,-1.169490169828015,0.1559735148725883,1.9894910703001345,1.2224407492762984e-08,0.9410446768407876
1170.5831584231928,6.712941563087473e-05,0.0235921583834403,-1.1703158886517229,0.1558676570473436,1.9894910703001345,1.2114448221759716e-08,0.9429705212309836
1170.5990278106185,6.697929523821052e-05,0.0235386265248643,-1.176249327069249,0.153663089702165,1.9894910703001345,1.1951573561763816e-08,0.94221971989015
1170.5966691682115,6.78998489249608e-05,0.0238604799282906,-1.17646354768743,0.1502694676569721,1.9894910703001345,1.1841913495702102e-08,0.9307475007750354
1140.5809211730957,6.778235789535598e-05,0.0232297187063721,-1.1697295919997253,0.1480723277629234,1.5766212201074912,1.1886529942663704e-08,0.930970335672307
1170.596467880532,6.787600724033549e-05,0.0238549683470575,-1.177790248817311,0.1561889735816613,1.9894910703001345,1.2326391852046288e-08,0.931723467364408
1170.5965909976512,6.804485900001447e-05,0.0239153234138655,-1.1699679747437093,0.1587200767894116,1.9894910703001345,1.2508814171530118e-08,0.9318225373246172
1170.581072657369,6.854074749714389e-05,0.024086085108565,-1.175736126911723,0.1520783308952934,1.9894910703001345,1.2098447942153929e-08,0.9291704006143624
1170.5978007931262,6.691047935884976e-05,0.0235169722515234,-1.1734630737060707,0.1591799539933363,1.9894910703001345,1.2359336798441362e-08,0.937442627916841
1170.5986247090625,6.795345602977833e-05,0.0238791820233251,-1.1771401059935815,0.1498396981294071,1.9894910703001345,1.1818107565131121e-08,0.9390772045848385
1170.5990219302475,6.772488423344115e-05,0.0238024721962418,-1.1758169057127383,0.1574956107310966,1.9894910703001345,1.2390589170665508e-08,0.9392826205478556
1170.5991999153048,6.773906545182206e-05,0.0238064631700746,-1.1737920895155265,0.1556328930184143,1.9894910703001345,1.2232541148341921e-08,0.9395574802709789
1170.5834600003436,6.766570324827795e-05,0.0237790282028722,-1.1767396516023394,0.1528794669832061,1.9894910703001345,1.2014319328715294e-08,0.9399566988449736
1170.5843562530354,6.783393405282895e-05,0.0238402668768076,-1.1738338493456597,0.1563022015128478,1.9894910703001345,1.2299393747726442e-08,0.940363627006134
1170.5842823684216,6.795726380585718e-05,0.0238817944161177,-1.1721304087624251,0.1529430142527527,1.9894910703001345,1.2040713346094957e-08,0.9407778377268318
1170.5845034355298,6.763441729878092e-05,0.0237690822612651,-1.182542987786207,0.1542108438381304,1.9894910703001345,1.2152616733503994e-08,0.9405999581310192
1170.6004553548992,6.787630250070096e-05,0.023853134918095,-1.1770510433490076,0.1521034871494444,1.9894910703001345,1.198884662072048e-08,0.9407073215028556
1170.584541500546,6.766466081008614e-05,0.0237792509531614,-1.16973004785142,0.1544268349859477,1.9894910703001345,1.2089903448100498e-08,0.940064706943022
1170.6001996956766,6.77162114058317e-05,0.0237974414172297,-1.176031234595646,0.1533201867130395,1.9894910703001345,1.2051746955300905e-08,0.9397893420674855
1170.600123776123,6.767466132976552e-05,0.0237839869209965,-1.180941446082198,0.1550971552578299,1.9894910703001345,1.2223963733527548e-08,0.9396077147829012
1170.6000895714387,6.787685770123885e-05,0.0238528034505609,-1.1711504530040544,0.1512573285109466,1.9894910703001345,1.1882770253703708e-08,0.9393243448568216
1170.6002567829564,6.802988922682375e-05,0.023908025554286,-1.1782739325523692,0.1536353519172766,1.9894910703001345,1.214937314948176e-08,0.939091258068682
1170.5690415650606,6.80154761195777e-05,0.0239020293870016,-1.177472259491215,0.1536454254040024,1.9894910703001345,1.2137816461997808e-08,0.9391322446200564
1170.6007006317377,6.810799026793634e-05,0.0239366728757333,-1.1711519494608869,0.1564888031120749,1.9894910703001345,1.2348130417720329e-08,0.939095133651813
1170.5970935774967,6.637327677709924e-05,0.023323129898072,-1.16801989031909,0.1487070408160108,1.9894910703001345,1.1398106095011636e-08,0.9342727854810312
1170.5817823028192,6.724430679386362e-05,0.0236322885399036,-1.1735977357645746,0.1559883688412441,1.9894910703001345,1.2166239978959733e-08,0.9313515347815
1170.596935578622,6.839506885803261e-05,0.0240369616901706,-1.175378995429791,0.1552385864349853,1.9894910703001345,1.2323979467739008e-08,0.9374871181837496
1170.5990613941103,6.75444213487919e-05,0.0237362146550605,-1.1739406961878909,0.151401885651286,1.9894910703001345,1.1853007964139904e-08,0.9400062298900648
1170.5841108607128,6.74858768971467e-05,0.0237161859785191,-1.1743595949545762,0.1532127812421606,1.9894910703001345,1.1990834899669416e-08,0.9403546029150438
1170.598215026781,7.007493738994745e-05,0.0246194845867787,-1.180131305435579,0.1386209022130304,1.9894910703001345,1.1271098796656024e-08,0.92751636878715
1140.5816024886444,6.856864485984242e-05,0.0235011991268167,-1.1742151391186886,0.1520924069066201,1.5766212201074912,1.2392827159298456e-08,0.9260356463942262
1170.5964747928083,6.801842203138717e-05,0.0239020577988149,-1.171399431327968,0.1503265778637138,1.9894910703001345,1.1833375584542173e-08,0.9252270910696776
1170.597005958669,6.844669138217699e-05,0.0240538755683309,-1.1732892496006682,0.1531504770633107,1.9894910703001345,1.2150937518386209e-08,0.9250288035117612
1170.596945582889,6.841168264522994e-05,0.0240393469959787,-1.1719341270588648,0.1486201716840595,1.9894910703001345,1.1767636685133126e-08,0.9234413440480655
1170.5967741999775,6.847711284215672e-05,0.0240646629106718,-1.1780293781224354,0.1528393718411036,1.9894910703001345,1.2164010421453372e-08,0.9312615431115684
1170.5994661599398,6.801880026443531e-05,0.0239030562434212,-1.1695743180381986,0.1520812866953455,1.9894910703001345,1.1968807294638653e-08,0.93363199590416
1170.5688936961817,6.8082096488874e-05,0.0239248795401616,-1.1762159722215633,0.1520372038170388,1.9894910703001345,1.2018185315966788e-08,0.9341734750398764
1140.5818180413917,6.841871538292948e-05,0.0234466814794414,-1.180006316460244,0.1448614970639233,1.5766212201074912,1.1798884357443012e-08,0.9217240397192444
1170.5814116075635,6.851220994409703e-05,0.0240732156410779,-1.1785794148905426,0.1455163130485337,1.9894910703001345,1.157548192997352e-08,0.921290875774201
1140.5818782467395,6.863744448217249e-05,0.0235236427983158,-1.1726546584921622,0.1496656056639095,1.5766212201074912,1.2190600869045585e-08,0.9205217056101616
1140.5816982835531,6.894375382008736e-05,0.0236280678810055,-1.174599989144379,0.1484543507822941,1.5766212201074912,1.2154321913839551e-08,0.918702433231994
1140.5814369702712,6.924013857922484e-05,0.023728504800419,-1.172670979102641,0.1462277454296892,1.5766212201074912,1.2006988279776872e-08,0.9263254736923044
1140.5836742809042,6.87106211939636e-05,0.0235478561422195,-1.185564285989591,0.1470495508657813,1.5766212201074912,1.2065568267897762e-08,0.9285557941538398
1140.5665967622772,7.016338237089071e-05,0.0240417543927526,-1.181285259972444,0.1397845448215768,1.5766212201074912,1.1671638057194095e-08,0.9162518576266518
1140.5811368916184,6.898859930772133e-05,0.0236454576101096,-1.1738848969792448,0.1530345994593545,1.5766212201074912,1.254448849204729e-08,0.9146736699742388
1140.5815621782094,6.911654102515237e-05,0.0236895713004741,-1.174858013918738,0.1532544472666163,1.5766212201074912,1.2590611517198374e-08,0.9165631422960612
1140.566069350578,6.926881647365256e-05,0.0237423606111938,-1.1749193145427792,0.1555435827328865,1.5735349605296267,1.2820258420256096e-08,0.908557827559358
1140.5800265558064,7.056791512500876e-05,0.0241822499590886,-1.1752877053301063,0.14300816789824,1.5766212201074912,1.198145055723049e-08,0.9139279599711884
1140.5515728304165,6.945344299286108e-05,0.0238037040336365,-1.1769698233521946,0.152047927979238,1.5766212201074912,1.2568507386917328e-08,0.9183561280808512
1140.586269242689,6.939420621087079e-05,0.0237833222906932,-1.1761829281546912,0.1499946549571692,1.5766212201074912,1.2378496673575367e-08,0.9200401622575322
1110.5486720334738,7.090622617534244e-05,0.0236858085831592,-1.1684356815551566,0.1509744252425744,1.5722260200806402,1.3000730877038992e-08,0.90233454192699
1110.5506469896063,7.008600294626707e-05,0.0234093527100534,-1.1790802336046549,0.1440735250319264,1.5778634858211926,1.2314714715509861e-08,0.9084998057694588
1140.5666405363008,7.006577519216441e-05,0.0240141242823545,-1.173307675377777,0.152436340712138,1.5766212201074912,1.2687001614797621e-08,0.9107046683764474
1140.582729201764,6.991922669807059e-05,0.023963420184895,-1.176619970748884,0.1506145965944571,1.5766212201074912,1.2523257140004582e-08,0.9121162325352236
1140.5830002687871,6.987328243738464e-05,0.023949125068858,-1.176590410113688,0.1535529085048327,1.5735349605296267,1.2768612170155013e-08,0.9129864851784472
1140.5830513658002,6.971581299097376e-05,0.0238927469131265,-1.1787410203380722,0.1482658441205381,1.5766212201074912,1.2303868130643033e-08,0.9133789891856108
1140.5835172832012,6.947624719278715e-05,0.0238110773545598,-1.1772781854744867,0.149365234480926,1.5766212201074912,1.2341887193879731e-08,0.9149825746448904
1140.5838669510558,7.029430089390779e-05,0.0240918317829987,-1.176043593764182,0.1499354474352141,1.5766212201074912,1.2530450791154404e-08,0.9153941365860172
1140.5840072315186,7.013015798747291e-05,0.0240371357419272,-1.1785196831989524,0.1533294479347132,1.5766212201074912,1.2811687558433008e-08,0.9157620280119328
1140.5842734761536,7.062114809048676e-05,0.0242007518810886,-1.1772852434023495,0.1434638802532951,1.5766212201074912,1.2040619228784525e-08,0.9135095089296748
1140.568463828415,6.968861648730805e-05,0.0238829032838123,-1.1781995766141895,0.1482266980392885,1.5735349605296267,1.2291031418994936e-08,0.912943750253576
1140.5841483082622,6.982940776554504e-05,0.0239338579940668,-1.1786205727403896,0.1528764084093456,1.5766212201074912,1.2715736637913062e-08,0.9125843736575764
1140.58404295519,6.981191952693052e-05,0.0239274944686056,-1.1772140878657604,0.152157753858075,1.5766212201074912,1.2642377024251668e-08,0.9121226576439692
1140.5687774056569,7.003577622336036e-05,0.0240022140123595,-1.179354907419863,0.1482085150908198,1.5766212201074912,1.2364374436061145e-08,0.9117888847741504
1140.5530951404944,7.0093586868485e-05,0.0240228219933044,-1.1721395567547097,0.1512666688092211,1.5766212201074912,1.2586214450531966e-08,0.9119672748156008
1140.58425815776,6.996608783328958e-05,0.0239783065861552,-1.176678829844472,0.1479312241049715,1.5766212201074912,1.2306656033313497e-08,0.9118845017491196
1110.5649959016591,7.104721272964698e-05,0.023729335551962,-1.1712754386257642,0.1419183317147573,1.5778634858211926,1.2242577615751185e-08,0.9017877361409588
1140.58149489481,7.401062282528048e-05,0.0253545724561493,-1.1878051758012975,0.1259847653455557,1.5766212201074912,1.1114076032011712e-08,0.8873625767661628
1080.5495689073578,7.121799113802787e-05,0.0231676999696196,-1.1726193027520466,0.1403603535837761,1.577662373129744,1.2458823667695671e-08,0.8831701104296211
1080.5337979206815,7.193034929359464e-05,0.0234043999127906,-1.1809151326965237,0.1517866759419025,1.577662373129744,1.3705602035206432e-08,0.8823030421367564
1110.564959153533,7.165957131024659e-05,0.023936011659539,-1.1679765622573772,0.1467366385988812,1.5778634858211926,1.2752740034750706e-08,0.8803644567372624
1080.5491884574294,7.26794912549933e-05,0.0236410529943611,-1.1794547672628286,0.13511580649702,1.577662373129744,1.2275927438289115e-08,0.8880422123350737
1110.5656556775791,7.52030158885127e-05,0.0251097788396678,-1.1817292580222485,0.1241779567401427,1.5778634858211926,1.1368436787823603e-08,0.8762845009095367
1080.5334051847458,7.260174559524476e-05,0.0236205079108719,-1.1637445211701618,0.1469587321498249,1.577662373129744,1.3252388654165772e-08,0.8711481023190836
1080.5390441622585,6.933831317742761e-05,0.022558274022624,-1.1698300104068409,0.1455717557621736,1.577662373129744,1.2569490456563809e-08,0.8803488757283938
1080.5407099723816,7.076908201143284e-05,0.0230171753392405,-1.1785464805702346,0.1294866449239383,1.577662373129744,1.1434581397264732e-08,0.8777967997233582
1080.540463058278,7.112516551275564e-05,0.0231365329055085,-1.174183229442834,0.1386072862984979,1.577662373129744,1.2291986472268011e-08,0.8747650111255476
1110.5571863297373,7.067591353857652e-05,0.0236064207483446,-1.1770135770443295,0.1445470390328618,1.5722260200806402,1.2447221677639793e-08,0.8834776016321905
1080.5405232878402,7.161316175229733e-05,0.0232985685786836,-1.16807771673394,0.1463717642819827,1.577662373129744,1.3045388483578973e-08,0.871871671314236
1080.5404792791232,7.084214137727402e-05,0.0230459388374507,-1.1699547873907337,0.1421713830927488,1.577662373129744,1.2536910662927924e-08,0.8718808404417433
1080.5249727107584,7.176166377715812e-05,0.0233437531808465,-1.1702641767876607,0.1399704132895728,1.577662373129744,1.250445636039265e-08,0.8683078778399318
1080.540696403943,7.244180923884214e-05,0.0235677299583146,-1.1777534903763818,0.1448686264631065,1.577662373129744,1.3122802220575366e-08,0.8655294538896825
1050.525525059551,7.309760732018954e-05,0.0231485587551141,-1.1697765202971873,0.1493586334171721,1.57518987591934,1.3972073269648721e-08,0.8625165018550511
1080.5255803931504,7.095362984803675e-05,0.0230882822770092,-1.1656801135513457,0.1569099652691427,1.577662373129744,1.3866790802895866e-08,0.8769737380248221
1110.557886281982,7.226719045710078e-05,0.0241415046443229,-1.168947418597598,0.1524641743883575,1.5778634858211926,1.3383923850175952e-08,0.8746600281356195
1080.525063556619,7.243775883797868e-05,0.0235652431258896,-1.170171469140321,0.1434926018944961,1.577662373129744,1.2942901636803437e-08,0.8616864622785237
1050.5252099549398,7.34098529003422e-05,0.023242538485486,-1.165870344270755,0.1379302860020031,1.57518987591934,1.2908459584901545e-08,0.8608785483773859
1080.5406428249553,7.352800277735879e-05,0.023922021337002,-1.17082484684565,0.1471960201368334,1.577662373129744,1.3491995645766032e-08,0.8561312643610923
1050.5097729703411,7.379702413945225e-05,0.023367403993743,-1.172219403781925,0.1438626992803451,1.57518987591934,1.3598931456504757e-08,0.8546195751316381
1050.524998569861,7.149341978652191e-05,0.0226361855601208,-1.1659950120399238,0.1389327100244404,1.5816190528451362,1.2663771966808122e-08,0.8655664324398586
1080.5397047465667,7.330511197480932e-05,0.0238472359955065,-1.176877294400074,0.1416696380958229,1.577662373129744,1.2973417814014237e-08,0.8692435520426369
1080.5396800749004,7.312962709730983e-05,0.0237916409432434,-1.1744200080115492,0.1452188527373791,1.577662373129744,1.3259134543525592e-08,0.8669590894552318
1050.5254622884097,7.408576964456452e-05,0.0234562695520879,-1.167189818140775,0.1372809238335313,1.57518987591934,1.2970666965520049e-08,0.8520705031943108
1050.525394785218,7.429281773237667e-05,0.0235252084360785,-1.1734628659406696,0.1451034020143774,1.57518987591934,1.3811118667463905e-08,0.8540955609311206
1050.525909135118,7.402719354372257e-05,0.0234388281085708,-1.1743735382768767,0.1398412759902798,1.57518987591934,1.3258439327199004e-08,0.8546417780823534
1050.5258267046884,7.439020182815339e-05,0.0235546351875996,-1.1783362940028073,0.1415660598470563,1.57518987591934,1.3520680558367151e-08,0.8537068960596126
1050.5257479492575,7.44318550742862e-05,0.0235679132166764,-1.172961771233452,0.1422220413009921,1.57518987591934,1.3554209430250528e-08,0.8515306512819839
1050.5099645331502,7.504187790284604e-05,0.0237598312936286,-1.1786502851934038,0.1401054443624176,1.57518987591934,1.349700839027411e-08,0.8624393900481148
1080.5255034817385,7.532752941312564e-05,0.0245019274821218,-1.1771120086848783,0.1355376895780845,1.577662373129744,1.2746711162055924e-08,0.8515954048780893
1050.525554196909,7.490139631842978e-05,0.0237164503219896,-1.1728906504553052,0.1419131490121433,1.57518987591934,1.3606114670588868e-08,0.8513328375968112
1050.5100169070065,7.512831294084634e-05,0.0237878462566381,-1.1748111641689092,0.1416517855198444,1.57518987591934,1.36400316289013e-08,0.8506608098739487
1050.5257587451488,7.529344252629584e-05,0.0238406079645122,-1.1732006482071493,0.1419598264217344,1.57518987591934,1.3684111134490868e-08,0.8494449393289824
1050.5255232099444,7.521767505085196e-05,0.0238163177000082,-1.175611442189813,0.1411769535316072,1.57518987591934,1.3612173543743065e-08,0.8559477318975814
1080.5425072647631,7.437319597566312e-05,0.0241947705507027,-1.1771549086004585,0.1420264373955846,1.577662373129744,1.3205583621034896e-08,0.858949519742195
1050.527594118379,7.458605468831477e-05,0.0236147591904504,-1.175673086932829,0.1372334249404491,1.57518987591934,1.311267445776968e-08,0.85993090678432
1050.5121815791354,7.46627205527074e-05,0.0236382884415378,-1.1786026866488226,0.1365389548030369,1.57518987591934,1.3080985550853976e-08,0.8604557062486256
1050.5277813235298,7.455352282308347e-05,0.0236041829430323,-1.1794419929978974,0.1364421714629626,1.57518987591934,1.3052063522694048e-08,0.8602572237081393
1050.52790775802,7.453670264878527e-05,0.0236002964120885,-1.173754355987313,0.1399958926782017,1.57518987591934,1.3358653195644132e-08,0.8599159324221455
1050.5279885046184,7.47264781191979e-05,0.0236604499285484,-1.1789099665190528,0.1399471464832355,1.57518987591934,1.3426335618659365e-08,0.8599112702271524
1050.5281044580042,7.478838535408845e-05,0.023680287825328,-1.1758248495450287,0.1406781188495116,1.57518987591934,1.3488300993520357e-08,0.8604368152023529
1050.5125202573836,7.454337409042472e-05,0.0236011039399028,-1.1730784300532948,0.1370901730679672,1.57518987591934,1.3072855577622034e-08,0.8612176471663298
1050.5283339237794,7.449214913221946e-05,0.0235862659067241,-1.1751026059482617,0.1402156550169613,1.57518987591934,1.3379986503245912e-08,0.8609524925624744
1050.5283755771816,7.466604792344152e-05,0.0236411752401806,-1.1791830963547767,0.1397829946732632,1.57518987591934,1.3403153314320237e-08,0.8607448787615277
1050.5307560013607,7.463341767351558e-05,0.0236296514288344,-1.1823056136174646,0.1367464391161043,1.57518987591934,1.31209001950988e-08,0.8600849245604201
1050.5284463930875,7.480306210511072e-05,0.0236835423928975,-1.1727058602074714,0.1375304787811394,1.57518987591934,1.3157265778206238e-08,0.859525550225687
1050.5262719625607,7.489827508918319e-05,0.0237138163770976,-1.1774759643668125,0.1376016277575555,1.57518987591934,1.3215328482630828e-08,0.8588591720046688
1050.5262091364712,7.395488166468031e-05,0.0234141227371134,-1.1816756953895595,0.1349426307516523,1.57518987591934,1.2823607565135057e-08,0.8582458888999139
1050.526221622713,7.369830756329865e-05,0.0233318717233493,-1.176774424371637,0.1328351288123672,1.57518987591934,1.2538998245566271e-08,0.8519952425909585
1050.5261495532468,7.50075015290117e-05,0.0237482091166843,-1.1790674805375896,0.1369015994445247,1.57518987591934,1.3182708545833644e-08,0.8506625252947531
1050.5268476307392,7.411609075194438e-05,0.0234638181750393,-1.1756856761876584,0.1320159552887184,1.57518987591934,1.2526347706876816e-08,0.8582304621469958
1050.5276976907626,7.449080200482696e-05,0.0235830105813112,-1.1792517394815691,0.1329334772420551,1.57518987591934,1.2703600790919378e-08,0.8588091166869797
1080.5429368335754,7.428485725714387e-05,0.0241642554453606,-1.1790204384739342,0.1378326983958333,1.577662373129744,1.2800960801941408e-08,0.8480147480407656
1050.496164701879,7.508978100688468e-05,0.0237728435751867,-1.1708696865971542,0.1357652591953762,1.57518987591934,1.3026905149278771e-08,0.8402278187446932
1020.5109634120016,7.548931982527813e-05,0.0232438561653517,-1.178750551506503,0.132677896284915,1.5765816657060605,1.3197219695743864e-08,0.8398499875119038
1020.5110398922116,7.536060834078839e-05,0.0232038423269928,-1.1736671400929537,0.1316294351549004,1.5765816657060605,1.3028914722843352e-08,0.8375229822344454
1020.4954959517344,7.709658405422875e-05,0.023739547464468,-1.1852832721604265,0.1353233007699238,1.5803341042062595,1.380038096401917e-08,0.8352037285606356
1050.5259215915576,7.649488908242822e-05,0.0242214959243061,-1.1711880813244888,0.1429804864127846,1.57518987591934,1.3989119303920418e-08,0.8337604421262994
1050.526690138504,7.429691814863384e-05,0.0235293813853177,-1.1696923091223397,0.1515737018209989,1.57518987591934,1.4416559526181017e-08,0.8446650055110267
1050.527256723493,7.552274994442804e-05,0.0239098675126153,-1.1784461421076442,0.1334873086568569,1.57518987591934,1.2931123458377269e-08,0.846435682758336
1050.527414375916,7.804757283211325e-05,0.0247216286771227,-1.1882469016913122,0.1587326651791963,1.57518987591934,1.6043392483623317e-08,0.831238188202909
1020.510898235254,7.69164101789851e-05,0.0236817914060885,-1.170774736607516,0.1287815209203676,1.5803341042062595,1.2989583641573488e-08,0.8278851349351525
1020.5107948472725,7.661072799624072e-05,0.0235910438564041,-1.175186654114868,0.137137196849235,1.5765816657060605,1.3824686330600844e-08,0.8300245471415956
1020.5108886910602,7.697232327932475e-05,0.0237005159782115,-1.1785989861096573,0.1328322122176294,1.5803341042062595,1.3468597257355298e-08,0.827396608936461
1020.5109024755656,7.742939120941029e-05,0.0238410021289899,-1.1776865938529604,0.1321796426467968,1.5803341042062595,1.3475817991824052e-08,0.8260420742267153
1020.4952414836736,7.750898792892671e-05,0.0238663162031855,-1.1793578485716762,0.1347980801787826,1.5765816657060605,1.3772825464340212e-08,0.8303828772550327
1050.526606440544,7.690225307541478e-05,0.0243477135177803,-1.1746538431594655,0.1362153221880794,1.57518987591934,1.341065345968568e-08,0.8369020961599078
1020.4967366345228,7.675256346497585e-05,0.0236330768685068,-1.1729017135782651,0.1342204092269006,1.5803341042062595,1.3527836262118693e-08,0.8256943055407326
1020.5106562981382,7.753223909791496e-05,0.0238732630636771,-1.1785220874700322,0.1333597911068891,1.5803341042062595,1.3618347353390516e-08,0.8190724722124878
1020.4951628381386,7.817725058065659e-05,0.0240720855240644,-1.1754689806118754,0.1356029275482766,1.5803341042062595,1.3946283445531044e-08,0.8194255322626374
1020.5108578791842,7.796058413028165e-05,0.0240050081360258,-1.1753721691484773,0.1332868632712255,1.5803341042062595,1.3666961138848518e-08,0.819805912977424
1020.5111897950992,7.830561296491822e-05,0.0241120505744389,-1.1776234580512872,0.135162787534199,1.5765816657060605,1.3940077159945805e-08,0.8178822705922768
990.49584572576,7.881819281370015e-05,0.0235846782085163,-1.1825764858352243,0.1315940107945367,1.5763232797880429,1.40787891579853e-08,0.8139874635320559
990.4960842700676,7.636731614603665e-05,0.0228545603636053,-1.1718292236117107,0.1401125902690445,1.5763232797880429,1.4458134396446115e-08,0.8271132366001746
1020.4930431833492,7.781672204565524e-05,0.0239612335955015,-1.1735374060431796,0.135494938682866,1.5765816657060605,1.3855392622556178e-08,0.8293373878410238
1020.4954400379212,7.801066069639784e-05,0.024019231597443,-1.17533357779658,0.1312548207044991,1.5803341042062595,1.3469702846680372e-08,0.813660645638798
1020.5103687522932,7.856449978742106e-05,0.0241897080507071,-1.184179561521843,0.1297181439675812,1.5803341042062595,1.3453557432389468e-08,0.8151415601966423
990.4959087427706,7.87487200154612e-05,0.0235610516214754,-1.179087864855486,0.1243021944839829,1.5763232797880429,1.3244938184855968e-08,0.8135306890752989
990.495966507122,7.902934117044745e-05,0.0236485038196177,-1.1795197783696632,0.1333418784721781,1.5763232797880429,1.4282484871961692e-08,0.8141637140599953
990.4959273645654,7.87497402811654e-05,0.0235624369202027,-1.1746135371200697,0.1273401273480774,1.5763232797880429,1.354353851735012e-08,0.8186545326750283
1050.527061412111,7.818093190168797e-05,0.0247501446442021,-1.180813063514409,0.1306302186045566,1.57518987591934,1.3106808916536381e-08,0.8220296156569736
1020.496504817158,7.788233412116056e-05,0.0239796694682828,-1.1777035585748066,0.1303858446229237,1.5765816657060605,1.3370970856810073e-08,0.82330083246988
1020.4972342429684,7.789824422810103e-05,0.0239843619788276,-1.1761006575473905,0.1307012075764859,1.5803341042062595,1.3393566168394661e-08,0.8236811347688069
1020.5125279705971,7.781364769331406e-05,0.02395864698194,-1.1815077427384648,0.1300870317662703,1.5803341042062595,1.3352095798590597e-08,0.8241033434103054
1020.512395516038,7.847049960377874e-05,0.0241618418894008,-1.1790732586964412,0.1325945383612279,1.5765816657060605,1.3712455484136524e-08,0.8244447964331807
1020.5157546391712,7.839018449762779e-05,0.0241384041469461,-1.1775720481590195,0.13574025184593,1.5803341042062595,1.4015220548444057e-08,0.8250107109240555
1020.5144255477936,7.834335547563549e-05,0.0241218867506973,-1.180306798858143,0.1306771574256683,1.5803341042062595,1.3496061790262281e-08,0.8253615903849234
1020.5127894608304,7.822973344226097e-05,0.0240874414465287,-1.176974024451841,0.1320200428600134,1.5803341042062595,1.35904667180762e-08,0.8256032865089419
1020.5129635035992,7.806482348278866e-05,0.0240380666378164,-1.1804811345115749,0.1351943460882327,1.5765816657060605,1.39218113823915e-08,0.8256438950209247
1020.513186258264,7.80043195408637e-05,0.0240169730635078,-1.1749421761068508,0.1296226396542789,1.5803341042062595,1.3287665649367966e-08,0.8258000419830791
1020.5131126753986,7.801025223492566e-05,0.0240207884113059,-1.1705072275898056,0.1342855245249387,1.5803341042062595,1.374457136528967e-08,0.8258802469193126
1020.497439643368,7.797513344014576e-05,0.0240089063861334,-1.1788964847362082,0.132066615182467,1.5803341042062595,1.3567170552675071e-08,0.8263771776246179
990.4950165022163,7.665611292081908e-05,0.0229356122918398,-1.1835307464312192,0.1259387128693741,1.5763232797880429,1.3096396924696193e-08,0.8213117533943906
1020.5100049618632,7.684529943580603e-05,0.0236573011328675,-1.182278850622025,0.1218378985685261,1.5803341042062595,1.2336628441379504e-08,0.8103119602824944
990.4954821066932,7.803563834368941e-05,0.0233458156002937,-1.18112622430499,0.1194114158007927,1.5763232797880429,1.261395565756334e-08,0.8156464575265872
990.4965674979612,7.790684530924298e-05,0.023307833717812,-1.1768885839889494,0.1206497033919216,1.5763232797880429,1.2699149671730444e-08,0.8173388992391973
1020.5121177695692,7.82283724364167e-05,0.0240841512975497,-1.176979105585154,0.1249630703200383,1.5803341042062595,1.2850330843092989e-08,0.8095456749794615
990.4795697079971,7.889838828408697e-05,0.0236061934174352,-1.176126654545237,0.1267317474800759,1.5763232797880429,1.3512947781173849e-08,0.7976967893223406
990.4804688505828,7.9474548362297e-05,0.0237775915954609,-1.1855410861683373,0.1226917645481608,1.5763232797880429,1.3235102457716834e-08,0.7982181471870513
990.4950894787908,7.973352832376763e-05,0.0238557691592055,-1.1755342351623084,0.1246400223907645,1.5763232797880429,1.3419739675781942e-08,0.796478992971977
990.4796350765972,7.988840862754745e-05,0.0239034483712108,-1.1755153378951733,0.1290890304150414,1.5763232797880429,1.3940849169206449e-08,0.7964293028353422
990.4952128957956,8.045171915379221e-05,0.0240716006590078,-1.1788002249625962,0.1270952485229332,1.5763232797880429,1.3839808569857196e-08,0.7949203371819713
960.4804415972905,8.0289058287947e-05,0.023324591965448,-1.1778625752236849,0.1221558970252849,1.5809826417057935,1.3641364718502889e-08,0.8021073621947586
990.4966851901264,8.027249776066406e-05,0.0240158376665464,-1.1823146039987138,0.1212045618164421,1.5763232797880429,1.3181879526714388e-08,0.8039786679351589
990.4811124783008,8.014963831283117e-05,0.0239808583571241,-1.1805259669032488,0.1273353817261067,1.5763232797880429,1.3826903069747107e-08,0.8041898506794076
990.496861007996,7.924226713309193e-05,0.0237081580498218,-1.1793562951700147,0.1226365839189154,1.5763232797880429,1.3146551707287557e-08,0.7911461435797393
990.4806438116356,8.096941098599464e-05,0.0242256473331775,-1.1857081690475375,0.124868294582495,1.5763232797880429,1.373039317556488e-08,0.7883066767379356
990.4953589150682,8.102706596550989e-05,0.0242417694304873,-1.1871003194364624,0.1217860128776731,1.5763232797880429,1.3398372634061286e-08,0.7883635702422687
990.4799579149112,8.109103593949126e-05,0.0242624167998685,-1.1776812768204168,0.1267405994887251,1.5763232797880429,1.3903998642837738e-08,0.7884628736651866
960.4804552914576,8.08958504916744e-05,0.0235000287164934,-1.182644427887337,0.1194742606932519,1.5809826417057935,1.3470951999134564e-08,0.7875215115973516
990.4801895515992,8.170781086052652e-05,0.0244460294579045,-1.1894314909650403,0.1230869906119173,1.5763232797880429,1.3675688593559722e-08,0.7856157820709627
990.4964589420706,8.027832057404052e-05,0.0240201317401397,-1.1806266379192836,0.1280621910254815,1.5763232797880429,1.3928760707250966e-08,0.7953645055190038
990.4970056023448,8.122171618250901e-05,0.0243005849786948,-1.180253478813236,0.1235070063888732,1.5763232797880429,1.3577650042679825e-08,0.7953969868056955
990.4970331061631,8.117386515298151e-05,0.0242863546004628,-1.183831272380271,0.123354321454625,1.5763232797880429,1.3582121382605584e-08,0.7949369416354266
960.4807328525932,8.20243631704273e-05,0.0238272950603691,-1.184665267023027,0.1180083481485253,1.5809826417057935,1.3508410505800577e-08,0.7789242228391483
960.4646562766284,8.221643868976113e-05,0.0238820570810434,-1.1821421005166974,0.1159149378846103,1.5809826417057935,1.3274083918963282e-08,0.7769876151931284
960.4803513428196,8.272500743916576e-05,0.0240304469746881,-1.1823055526650117,0.1174053711400292,1.5809826417057935,1.3533910799751088e-08,0.777963636076921
960.4803987750784,8.227703852821238e-05,0.0238994796339651,-1.1813587329120332,0.1148674004359343,1.5809826417057935,1.3155790580791844e-08,0.7753816218131608
960.480389061384,8.289849299175676e-05,0.0240806278760862,-1.1815957430507888,0.1167538022953649,1.5809826417057935,1.3480288507861814e-08,0.7733328511591226
960.480266707018,8.329743607315993e-05,0.0241960136357889,-1.1854229286753353,0.1151798822195299,1.5809826417057935,1.3384578081455276e-08,0.7795954410216638
960.4660465754567,8.229231543842594e-05,0.0239056086585198,-1.18497907244067,0.1196923077392439,1.5809826417057935,1.3745005836432411e-08,0.787433361959078
990.4971509343012,8.213804862982463e-05,0.0245733795884833,-1.1810494460072118,0.1197847193604962,1.5763232797880429,1.3317037265270653e-08,0.7889946130894854
990.497529791668,8.178142292963281e-05,0.0244679481887919,-1.1842306800177267,0.1229411218307431,1.5763232797880429,1.3639236629120787e-08,0.7816822912041516
960.4814325980842,8.284238305228311e-05,0.0240647429749105,-1.1870786881436413,0.1173010378896196,1.5809826417057935,1.3574269500115249e-08,0.7768204601569207
960.481014101766,8.283509164207888e-05,0.0240622541682741,-1.1855007169738483,0.1165539838909391,1.5809826417057935,1.3474931836006948e-08,0.7748997426492634
960.465705978684,8.268087065218141e-05,0.0240180986850073,-1.1874890664036637,0.119125904983073,1.5809826417057935,1.3765091279457843e-08,0.7784937398724989
960.4658640623092,8.228784676155858e-05,0.0239032369954522,-1.1829911556294286,0.1178806410181474,1.5809826417057935,1.3520049937479981e-08,0.7777849264014367
960.4815432839096,8.295793419368844e-05,0.0240994022688913,-1.1824147130981555,0.1208187917419621,1.5809826417057935,1.3974842532297385e-08,0.7760502167535468
960.4813784183934,8.293260201663377e-05,0.0240916621748234,-1.17792285436772,0.1197216947280781,1.5809826417057935,1.3806152838658596e-08,0.7846220947048389
960.4677030127496,8.232609262823413e-05,0.0239141899521098,-1.1863479724382042,0.1158908172252481,1.5809826417057935,1.3320605899167802e-08,0.7867205965405825
990.497905516997,8.244088770367985e-05,0.0246651585861423,-1.1835515258518674,0.1225585178544896,1.5763232797880429,1.3700780680499261e-08,0.7871116432714537
990.4842477906496,8.252204139956954e-05,0.0246873346312261,-1.180607622437436,0.1174093060392809,1.5763232797880429,1.3111446205809914e-08,0.7876416247015738
990.4982271175832,8.239643833053544e-05,0.0246496862220723,-1.1823037633402915,0.1171326553558091,1.5763232797880429,1.3066254428558671e-08,0.7878181612075323
990.4982886351644,8.216202253900569e-05,0.0245803760404188,-1.1872642759838847,0.1191322226105606,1.5763232797880429,1.3292349850262121e-08,0.786888342118938
990.4985385769978,8.236745130035015e-05,0.0246418972995446,-1.1818922057663526,0.1192926877502993,1.5763232797880429,1.3307055465448461e-08,0.7876624835212529
990.4985433192924,8.225350231181408e-05,0.0246079470375526,-1.1837246523467997,0.1197034546311725,1.5763232797880429,1.334530475917748e-08,0.787895500254753
990.4830036247148,8.231622602537266e-05,0.0246252636293453,-1.1785076860067474,0.1173044898173381,1.5763232797880429,1.3046021530258065e-08,0.7879883376024137
990.4987135780976,8.233350826345994e-05,0.0246311582307058,-1.1837271429313456,0.1176941062751085,1.5763232797880429,1.3132245737058626e-08,0.7874274936991503
990.498836202547,8.2552176151647e-05,0.024696394545576,-1.1810091294460314,0.1170491296946009,1.5763232797880429,1.3071730907206731e-08,0.7874316434785921
990.4988457113504,8.249197126339663e-05,0.0246781165647757,-1.183074915249341,0.1165273249123003,1.5763232797880429,1.3017405102012645e-08,0.7872458983994911
990.4814080232754,7.981020176017882e-05,0.0238773762331503,-1.1810054425205798,0.1222312470905164,1.5763232797880429,1.3210034123284821e-08,0.7895444624500237
990.4968865262344,8.147773443267188e-05,0.0243743938327567,-1.1883596012732267,0.1156486332004094,1.5763232797880429,1.2794032892486384e-08,0.7825375683854191
960.4821640681477,8.065379348897616e-05,0.0234287660696594,-1.182179711608622,0.1170054673284069,1.5809826417057935,1.3146992738907924e-08,0.791138582387354
960.4833116643132,8.191582740503803e-05,0.02379409369559,-1.18404412869113,0.1131720825976613,1.5809826417057935,1.2921422197789324e-08,0.7902778768960779
960.483769728802,8.224264027175439e-05,0.0238883918176807,-1.1827479239387184,0.111452614570454,1.5809826417057935,1.2763300930811333e-08,0.7892328715182374
990.4977594576776,8.365269880426714e-05,0.0250217957254905,-1.1826082222734102,0.1066410403803936,1.5763232797880429,1.2064711832081846e-08,0.7771523707719119
960.4663730738685,8.334479859600696e-05,0.0242095765798077,-1.18577937057134,0.114833485174467,1.5809826417057935,1.33529591064835e-08,0.7700120795828944
960.4830544199796,8.313109805155398e-05,0.0241492008147566,-1.1813787933113329,0.1189153428994663,1.5809826417057935,1.3767830756199051e-08,0.7774781516255446
