ChargingTime,VoltageSlope,VoltageStd,VoltageKurtosis,VoltageSkewness,VoltageEntropy,VoltageCurvature,Capacity
4945.543000000001,2.0865884618211044e-05,0.030793579434891204,-0.1636203637278424,-0.385519720623372,5.285856634637459,-1.3011828790580159e-09,1.048
4945.5430000000015,2.0865884618210133e-05,0.030793579434891204,-0.1636203637278424,-0.385519720623372,5.285856634637459,-1.3011828790575717e-09,1.048
5076.0610000000015,2.05019076066273e-05,0.03137498120162248,0.05387233852563433,-0.6389857369228501,5.276302594196716,-2.357600934539156e-09,1.05
5076.060999999994,2.0501907606628104e-05,0.03137498120162248,0.05387233852563433,-0.6389857369228501,5.276302594196716,-2.3576009345391015e-09,1.05
4800.401000000005,1.900689661839381e-05,0.02833204683832036,0.11056087830442696,-0.551623742199524,1.721753166061061,-1.72106171128427e-09,1.041
4800.525999999998,1.8923580071287155e-05,0.028213515183762364,0.12586388787972558,-0.5503556615455534,1.721753166061061,-1.6934734902069184e-09,1.041
4800.6889999999985,1.8966618621614063e-05,0.02828405566530456,0.1192012154822506,-0.544906830939339,1.721753166061061,-1.6725799693393806e-09,1.041
4800.512999999992,1.8922127400706785e-05,0.028198620447141557,0.11228885113513298,-0.5440541718872534,1.721753166061061,-1.6831143393980783e-09,1.041
4800.6159999999945,1.8907199423362227e-05,0.0281856000251988,0.11284609027960046,-0.5481846726363645,1.721753166061061,-1.6923659739777543e-09,1.041
4800.701000000001,1.8870559526915815e-05,0.02812196867132915,0.11521374649673266,-0.54281815441231,1.721753166061061,-1.6588212802640154e-09,1.041
4800.702000000005,1.890398665150861e-05,0.02817672885166918,0.10655401234536566,-0.546020651501479,1.721753166061061,-1.6892771234731295e-09,1.04
4800.66399999999,1.8915732378483926e-05,0.028201020566206637,0.10915463626743538,-0.5451995057746251,1.721753166061061,-1.6872443485497822e-09,1.04
4800.478999999992,1.8828157179635152e-05,0.02807524732206509,0.13073387202019093,-0.5515874700582518,1.721753166061061,-1.6884835733409528e-09,1.04
4800.589000000007,1.8818664823281464e-05,0.028072032779801394,0.13404528330783538,-0.5514239077770369,1.721753166061061,-1.687014008752456e-09,1.04
4800.470000000001,1.8796035006051322e-05,0.028031928659837935,0.1271516426072825,-0.5577169436475208,1.721753166061061,-1.7240117941236734e-09,1.04
4800.559999999998,1.8840764469464903e-05,0.028091466458782053,0.11658300727660365,-0.5611668925918568,1.721753166061061,-1.7594500201809162e-09,1.04
4800.5809999999765,1.879406035441165e-05,0.028043215778856594,0.13535519671750418,-0.5625740978510739,1.721753166061061,-1.7373278654450206e-09,1.04
4800.693999999989,1.8872269977839406e-05,0.028133263013821876,0.11232517669973774,-0.5518988433852533,1.721753166061061,-1.7165168433286918e-09,1.039
4800.703999999998,1.8854589158891696e-05,0.028118282395588258,0.11655924588917443,-0.5494205206862787,1.721753166061061,-1.6911632019791417e-09,1.039
4800.70199999999,1.8889761588767675e-05,0.028185967794060296,0.1464486313637816,-0.5579241845951017,1.721753166061061,-1.7060111643742866e-09,1.039
4800.613000000012,1.8852083143028793e-05,0.028116612570489783,0.1152528567984179,-0.5467952012530721,1.721753166061061,-1.6765385358032615e-09,1.039
4800.599999999977,1.8831869291142734e-05,0.028083781449224462,0.11306796864515567,-0.5529138325254177,1.721753166061061,-1.7058514167195574e-09,1.039
4800.483999999997,1.8813510337184646e-05,0.02806870925112855,0.11797358041268291,-0.55122916652898,1.721753166061061,-1.6924622019252344e-09,1.039
4800.607000000018,1.8791144247567826e-05,0.02804469429408671,0.11990448786516916,-0.5433480203813913,1.721753166061061,-1.6504405394585293e-09,1.038
4800.637999999977,1.8822832726326737e-05,0.028071446303334188,0.11013226627102668,-0.5450628677356395,1.721753166061061,-1.6753719205772625e-09,1.039
4800.654999999999,1.8828426405553594e-05,0.028103163609779727,0.14532072310956456,-0.5512438273220222,1.721753166061061,-1.6673047570819234e-09,1.038
4800.706999999995,1.8809649127954187e-05,0.028087407125336243,0.15853142918831065,-0.5593794929055617,1.721753166061061,-1.6946041723618317e-09,1.038
4800.642999999982,1.8784033469591595e-05,0.028051716177228868,0.16068702874620433,-0.5648080173728923,1.721753166061061,-1.718695530586578e-09,1.038
4800.651000000013,1.879103430714011e-05,0.028032102676891796,0.11621582188299362,-0.5421259105798454,1.721753166061061,-1.6403663807224906e-09,1.038
4800.588000000047,1.8874032801925065e-05,0.02814892884501913,0.12320522807349299,-0.5379163421994355,1.721753166061061,-1.6257947158988052e-09,1.038
4800.646999999997,1.882007749968219e-05,0.028096046071966203,0.1486866763224941,-0.5516705016191155,1.721753166061061,-1.6670933806263265e-09,1.038
4800.579999999958,1.8826345290033303e-05,0.028082934667021428,0.13571343013906256,-0.5477389319350434,1.721753166061061,-1.6614370900326733e-09,1.038
4800.495000000054,1.8811966587429657e-05,0.0280731405352553,0.1383749200485891,-0.5484838237427979,1.721753166061061,-1.654930005855722e-09,1.037
4800.567000000039,1.8729077565221905e-05,0.027967402627989916,0.15638774969022196,-0.563778018238561,1.721753166061061,-1.7097422845299311e-09,1.037
4800.591000000015,1.877955295914276e-05,0.028018939587531783,0.1395856426304487,-0.5537393574697251,1.721753166061061,-1.681668822681467e-09,1.037
4800.630999999994,1.8776681027618757e-05,0.02801626269882826,0.13869956520811133,-0.5546683688235556,1.721753166061061,-1.6887226316338193e-09,1.037
4800.52899999998,1.879161628756872e-05,0.028027273302633052,0.13321617427740184,-0.5476570256721109,1.721753166061061,-1.65966070444365e-09,1.037
4800.5560000000405,1.8733146303866854e-05,0.027957284490764837,0.14879535047287185,-0.5571091458402978,1.721753166061061,-1.6841431621959738e-09,1.037
4800.598999999987,1.8764923431201146e-05,0.027992137397804418,0.1365086467978962,-0.552541430752201,1.721753166061061,-1.6794331343961932e-09,1.037
4800.652999999991,1.8721250288131525e-05,0.027948668103873694,0.15489062408218723,-0.5599988559864147,1.721753166061061,-1.6916383854087713e-09,1.037
4800.637999999977,1.8769465338008912e-05,0.02799514330701823,0.1371993457330145,-0.5550698895597109,1.721753166061061,-1.6934732342350538e-09,1.037
4800.5929999999935,1.874040823964487e-05,0.02797579528719817,0.1483736623152514,-0.5583934684176735,1.721753166061061,-1.6933801984588122e-09,1.036
4800.642999999982,1.8764878540575773e-05,0.027992137397804418,0.1365086467978962,-0.552541430752201,1.721753166061061,-1.679471980895997e-09,1.036
4800.608999999997,1.878397555623104e-05,0.028014630324084615,0.12461530885435534,-0.5480752994330241,1.721753166061061,-1.6703468125498874e-09,1.036
4800.679999999993,1.8731402425292794e-05,0.027956935524167136,0.14682090819685145,-0.5543793392133047,1.721753166061061,-1.6691915979096881e-09,1.036
4800.695000000007,1.8763144828380604e-05,0.027991788865709147,0.13455343087544103,-0.5498148244873395,1.721753166061061,-1.6642296560922336e-09,1.036
4800.620999999985,1.872447053825998e-05,0.027935094633724105,0.1470227829207773,-0.5578660637278654,1.721753166061061,-1.692486038724268e-09,1.036
4800.720999999961,1.8744206296001022e-05,0.027963194450964252,0.1419063420118709,-0.5552885996776872,1.721753166061061,-1.6853760963866013e-09,1.036
4800.543000000005,1.878410121776625e-05,0.028014630324084615,0.12461530885435534,-0.5480752994330241,1.721753166061061,-1.6702925594835955e-09,1.036
4800.59500000003,1.8785748047849572e-05,0.028037822886150074,0.15299234473473167,-0.5629634495918264,1.721753166061061,-1.7196468451539779e-09,1.036
4800.705000000016,1.8751484808929747e-05,0.027959334581565094,0.12721733412547964,-0.5558799719642679,1.721753166061061,-1.7076113585438773e-09,1.035
4800.640000000014,1.8731360110445136e-05,0.027943649743288865,0.13718488368259374,-0.5563639005190726,1.721753166061061,-1.6975933573857337e-09,1.035
4800.579000000027,1.879124919218247e-05,0.02800535663047338,0.11868784327148729,-0.5438742391716859,1.721753166061061,-1.6561865538533708e-09,1.035
4800.539999999979,1.8673981608449918e-05,0.027891361544042384,0.17087737032204675,-0.5659132668076876,1.721753166061061,-1.7113824561311809e-09,1.035
4800.627999999968,1.8730230018668458e-05,0.027955321496988733,0.13998988882155405,-0.55850017053458,1.721753166061061,-1.7005783121428075e-09,1.035
4800.570000000007,1.8709778846247024e-05,0.02792175478446693,0.14685011403698311,-0.5544328149638746,1.721753166061061,-1.6730923935362366e-09,1.035
4800.631999999983,1.8756194973683738e-05,0.027976231200701817,0.12758300710564763,-0.5571254731623306,1.721753166061061,-1.713543419244059e-09,1.035
4800.59600000002,1.873032623259448e-05,0.027940463707589402,0.14640527357178623,-0.5567669102241742,1.721753166061061,-1.6850801101741863e-09,1.035
4800.697999999975,1.8745858741973897e-05,0.027970062392563614,0.14134799394789743,-0.5557117856788075,1.721753166061061,-1.6953040361357302e-09,1.035
4800.653000000049,1.8740286095100972e-05,0.02795396913219841,0.13465493824147723,-0.5544737086377726,1.721753166061061,-1.6890552605856699e-09,1.035
4800.597999999998,1.8701216993158836e-05,0.02792472459850657,0.16153280716390084,-0.5668492101620856,1.721753166061061,-1.7220450808094685e-09,1.035
4800.6389999999665,1.8698241050570295e-05,0.02789888099862804,0.14873266952809638,-0.5633928094369148,1.721753166061061,-1.7139067885812693e-09,1.034
4800.704999999958,1.869073965621558e-05,0.027905196648653076,0.15353637293211708,-0.5565006406241544,1.721753166061061,-1.6822528521997596e-09,1.034
4800.61400000006,1.8775075665508888e-05,0.028012845485511115,0.14685338110079682,-0.5624491900686353,1.721753166061061,-1.7244710924967424e-09,1.034
4800.62200000009,1.8682581905587374e-05,0.027879159976147212,0.14905545396566344,-0.5575303275383572,1.721753166061061,-1.6933213562856412e-09,1.034
4800.966000000015,1.867800891679933e-05,0.02787108826320939,0.1464575894120963,-0.5625193548120679,1.721753166061061,-1.7129885973342767e-09,1.034
4800.964999999967,1.8695426556994272e-05,0.027897984890948812,0.14878798430614637,-0.5546737877810093,1.721753166061061,-1.6766437889042825e-09,1.034
4800.945000000065,1.8628679102025006e-05,0.027818882865824034,0.16253537941117369,-0.5595478499071229,1.721753166061061,-1.6772876690936026e-09,1.034
4800.966000000015,1.8701231835147047e-05,0.027905633664977066,0.15047581704603408,-0.5579381502599486,1.721753166061061,-1.6831344576694416e-09,1.034
4800.9659999998985,1.862575357193584e-05,0.027811473329913447,0.16207865329541882,-0.5553220187236195,1.721753166061061,-1.6630141127829602e-09,1.034
4800.966000000015,1.872300521395299e-05,0.027958723931940068,0.16048785754443307,-0.5727588583952277,1.721753166061061,-1.7567982367814814e-09,1.034
4800.965000000084,1.8653333218468032e-05,0.027847340810998482,0.15808613285120066,-0.5637508775960864,1.721753166061061,-1.7068236296415582e-09,1.034
4800.966000000015,1.8673654148393228e-05,0.027862598411560646,0.15088916446138123,-0.5628222293747036,1.721753166061061,-1.709852264011508e-09,1.034
4800.965000000084,1.8656236215300825e-05,0.02785314274863088,0.15350703932704812,-0.5601261370471243,1.721753166061061,-1.6875688670807716e-09,1.033
4800.964999999967,1.86809122364344e-05,0.027883686987197367,0.14930434167114637,-0.5601971190235973,1.721753166061061,-1.6969806527628152e-09,1.033
4800.966000000015,1.8651881775355e-05,0.02784685908636033,0.15614337660845967,-0.5610190818306912,1.721753166061061,-1.6917876095167558e-09,1.033
4800.954000000027,1.8662072402898766e-05,0.027854981601142716,0.15666529402279483,-0.5657832430208835,1.721753166061061,-1.7180963860716514e-09,1.033
4800.966000000015,1.868091182028514e-05,0.027885917418006913,0.15517335271671762,-0.5545275128462952,1.721753166061061,-1.6636630846506748e-09,1.033
4800.964999999967,1.8683814431648095e-05,0.027880537839932384,0.14548805385645158,-0.563573842325911,1.721753166061061,-1.7225081956659375e-09,1.033
4800.965000000084,1.8656236306510996e-05,0.027844647425383236,0.15714727374356174,-0.5651786846125327,1.721753166061061,-1.709203141760565e-09,1.033
4800.964999999967,1.8691072627917353e-05,0.027893984839816297,0.15567079835723074,-0.5592963219662709,1.721753166061061,-1.6899488819464432e-09,1.033
4800.966000000015,1.8698330440793397e-05,0.027902945906192446,0.13882877664596505,-0.5595270075421565,1.721753166061061,-1.708661868715417e-09,1.033
4800.964999999967,1.8689619436766996e-05,0.02789354764098678,0.1537266847217018,-0.5565660078664001,1.721753166061061,-1.6749130082477617e-09,1.033
4800.449000000022,1.864957317732705e-05,0.02783656570491233,0.16179496637332402,-0.5656800038652045,1.721753166061061,-1.7141942633733397e-09,1.032
4800.964999999967,1.868381500804723e-05,0.027886376602204867,0.14999784724378173,-0.5592933327070803,1.721753166061061,-1.690489495053879e-09,1.032
4800.965000000084,1.866929946438814e-05,0.027863408122394514,0.14789632018336185,-0.5604905869294098,1.721753166061061,-1.7017393380920952e-09,1.033
4800.966000000015,1.870413564648586e-05,0.02792561984813296,0.16990840321656053,-0.5645709837976467,1.721753166061061,-1.7036866627902667e-09,1.032
4800.964999999967,1.8672202743375572e-05,0.027884036870494927,0.15851742274202474,-0.5466230526092716,1.721753166061061,-1.6245053163408256e-09,1.032
4800.966000000015,1.865913847037465e-05,0.027851829208220807,0.15562317889979527,-0.5635431703886041,1.721753166061061,-1.7048759518157007e-09,1.032
4800.966000000015,1.863591551406569e-05,0.027821030823777185,0.15979613025276462,-0.5570995060317936,1.721753166061061,-1.6728581054343582e-09,1.032
4800.966000000015,1.8644623212717018e-05,0.027833257874392597,0.14867061781767177,-0.5646961430369771,1.721753166061061,-1.7217510482148602e-09,1.032
4800.964999999967,1.864172103839225e-05,0.027829117055658794,0.15689854365228184,-0.5599204339643837,1.721753166061061,-1.6914639049060426e-09,1.032
4800.964999999967,1.8682363016745843e-05,0.027884408616688245,0.14363647607344587,-0.5527168319577173,1.721753166061061,-1.6676654467845518e-09,1.032
4800.966000000015,1.8656238112547385e-05,0.027855331845000886,0.15146277828444,-0.5604577402041513,1.721753166061061,-1.6890838043163582e-09,1.032
4800.964999999967,1.8654785494133704e-05,0.0278454576582092,0.1545465582701291,-0.5590076955949322,1.721753166061061,-1.6887598655720216e-09,1.032
4800.951999999932,1.8702696828860654e-05,0.027897853750825315,0.13603283779680053,-0.5484721998234788,1.721753166061061,-1.649922983942389e-09,1.032
4800.949999999953,1.8676609803646386e-05,0.02787920371890128,0.1533683208454315,-0.5599871183564391,1.721753166061061,-1.694265627172429e-09,1.031
4800.966000000015,1.867220227124199e-05,0.027866646730455375,0.151457988692127,-0.5644098920041424,1.721753166061061,-1.7112586627164888e-09,1.031
4800.966000000015,1.8630107765231613e-05,0.027822477314258662,0.16196952288651367,-0.5586691828893071,1.721753166061061,-1.6750210852161277e-09,1.031
4800.964999999967,1.8673654935669793e-05,0.027867084351325698,0.1534342712497767,-0.5671424445566677,1.721753166061061,-1.7262942020712362e-09,1.031
4800.966000000015,1.8679460569230705e-05,0.02788412434063335,0.15594135361196448,-0.5547730457694058,1.721753166061061,-1.6650697197374871e-09,1.031
4680.940999999992,1.8736068507209974e-05,0.027344478653295107,0.21558027147611192,-0.5907833792856331,1.7384327639243922,-1.874732563137832e-09,1.031
4680.940999999992,1.868526597612776e-05,0.027287160031122738,0.22839602578043694,-0.5872421810425955,1.7384327639243922,-1.8290761593312027e-09,1.031
4680.90399999998,1.8662028447394853e-05,0.027266855525645225,0.23582569437245215,-0.597026394352248,1.7384327639243922,-1.876663432438742e-09,1.031
4680.918000000063,1.8758042391408315e-05,0.027396939750495983,0.23491278293797357,-0.5975675825613651,1.7384327639243922,-1.8810865261548176e-09,1.031
4680.940999999992,1.8718093333856834e-05,0.027341325441958293,0.22705072689822225,-0.5860577633035218,1.7384327639243922,-1.8320134951390552e-09,1.031
4680.942000000039,1.8684483426563933e-05,0.0272874066943446,0.2229009936549997,-0.5894984823584523,1.7384327639243922,-1.8593095108176475e-09,1.031
4680.940999999992,1.8636808030230087e-05,0.02724107710886779,0.24456792893922374,-0.5941050413926606,1.7384327639243922,-1.8574735226372552e-09,1.031
4680.940999999992,1.8732161004047127e-05,0.027345076433029122,0.21722011980414058,-0.5889569065713267,1.7384327639243922,-1.8518431933669165e-09,1.031
4680.941000000108,1.869855249797314e-05,0.027317271703692022,0.22809013625193852,-0.5887319426897836,1.7384327639243922,-1.8411932971571555e-09,1.03
4680.940999999992,1.8703242404326995e-05,0.027319758980804163,0.22296144722180022,-0.5870081227450182,1.7384327639243922,-1.844376211816415e-09,1.03
4680.940999999992,1.8690736848640496e-05,0.027300042265394148,0.22973755694302245,-0.5864518540521502,1.7384327639243922,-1.832136113760884e-09,1.03
4680.940999999992,1.866103787822798e-05,0.02726903005242392,0.2418145405567258,-0.5908796776307663,1.7384327639243922,-1.8414387066133094e-09,1.03
4680.942000000039,1.868995650011883e-05,0.027282367274533995,0.2204783890699793,-0.5817877546787054,1.7384327639243922,-1.8180598368256093e-09,1.03
4680.942000000039,1.8675106128748747e-05,0.027301920661280777,0.25746669932328414,-0.5992430177107743,1.7384327639243922,-1.873753469349221e-09,1.03
4680.941000000108,1.8668852968852838e-05,0.027261506627289368,0.22726144101225287,-0.584502327840586,1.7384327639243922,-1.8243020718252227e-09,1.03
4680.941000000108,1.8651659222189665e-05,0.027253981125323436,0.23874828433483497,-0.5819979640591022,1.7384327639243922,-1.798108379933136e-09,1.03
4680.942000000039,1.8659474855653424e-05,0.02727937137406396,0.25450225855009023,-0.6064356777160796,1.7384327639243922,-1.90925129545377e-09,1.03
4680.942000000039,1.8596946971481214e-05,0.027183658364011282,0.2512133621444055,-0.5905666562732054,1.7384327639243922,-1.8257713509848654e-09,1.03
4680.941000000108,1.8657128442199247e-05,0.02726318782271084,0.2299266690510775,-0.5855664749783249,1.7384327639243922,-1.8158558737924006e-09,1.03
4680.941000000108,1.8599292522553553e-05,0.02719633035200491,0.24888532380921013,-0.5978297797136441,1.7384327639243922,-1.870448790406941e-09,1.03
4680.942000000039,1.861335975791597e-05,0.027202363679349403,0.23454986833055047,-0.5982206339417112,1.7384327639243922,-1.8790169596797567e-09,1.03
4680.941999999806,1.8711839857314988e-05,0.02731524182388718,0.21135984772028626,-0.5711129946944731,1.7384327639243922,-1.7649366341394827e-09,1.029
4680.942000000039,1.8598511111189417e-05,0.02716502275976334,0.23723937412521945,-0.5984849794477769,1.7384327639243922,-1.882566914807648e-09,1.029
4680.361999999965,1.8732179406743557e-05,0.027344150454943074,0.21266805639849817,-0.5841539023623606,1.7384327639243922,-1.8432730021758615e-09,1.029
4680.468999999808,1.8718378175387936e-05,0.02733635458599558,0.2188662092208853,-0.5872684213023098,1.7384327639243922,-1.850688059948202e-09,1.029
4680.435999999987,1.8726376633667803e-05,0.02733729255252911,0.21611096969835542,-0.5843053874152985,1.7384327639243922,-1.8287488213123953e-09,1.029
4680.351999999955,1.8661082392168598e-05,0.027270240659756282,0.23980968929266133,-0.5873061775080626,1.7384327639243922,-1.8238631854163378e-09,1.029
4680.415000000037,1.8697568516551758e-05,0.027313516894171733,0.2297566729021061,-0.5892815495649699,1.7384327639243922,-1.844782387071986e-09,1.029
4680.446999999927,1.870448099196947e-05,0.027316274382752963,0.22126255797677308,-0.5809651111077025,1.7384327639243922,-1.8086562674718372e-09,1.029
4680.436999999918,1.8685849591535617e-05,0.027300687978557676,0.232959428787062,-0.5881536812487141,1.7384327639243922,-1.836253791029498e-09,1.029
4680.470999999903,1.8699703473396043e-05,0.027315711173664808,0.22625891571095114,-0.586271637738038,1.7384327639243922,-1.8288763018130032e-09,1.028
4680.40699999989,1.872499259702132e-05,0.02733963732807677,0.2246897800726284,-0.5948571600957931,1.7384327639243922,-1.87779508215803e-09,1.028
4680.866999999853,1.87292671472003e-05,0.02737712642484691,0.2350398396043185,-0.5989382409972056,1.6854752972273346,-1.8768881758175154e-09,1.029
4680.936999999918,1.8661062276320968e-05,0.02728759462673139,0.2569592286477955,-0.6072122668323848,1.6854752972273346,-1.887215395014915e-09,1.029
4680.936999999918,1.8737660816714083e-05,0.027387017324796755,0.23072243468429088,-0.5950912067860442,1.7384327639243922,-1.8651958319706784e-09,1.028
4680.942000000039,1.8739194561951305e-05,0.027385940619042905,0.2312746945357831,-0.6026585173664231,1.7384327639243922,-1.910229814810758e-09,1.028
4680.940999999875,1.8800940657109286e-05,0.027441768183293896,0.20665069511481216,-0.5863014034287846,1.7384327639243922,-1.8591866340885734e-09,1.028
4680.940999999875,1.871418401329968e-05,0.02734958866235467,0.23633827164401566,-0.5971818009020562,1.7384327639243922,-1.872039131692004e-09,1.028
4680.940999999875,1.8723564902124698e-05,0.027343962911258988,0.22979544172482003,-0.6024377114395839,1.7384327639243922,-1.9085163370662747e-09,1.028
4680.940999999875,1.874466644640269e-05,0.02738939294971405,0.22464405707685753,-0.5932148743182121,1.7384327639243922,-1.8606562232718597e-09,1.028
4680.941000000108,1.8711059101769405e-05,0.02734771354057658,0.23285227749923942,-0.5986585779223977,1.7384327639243922,-1.882566273789416e-09,1.028
4680.941000000108,1.8721218640318516e-05,0.0273566075082232,0.2309418302606887,-0.6006034677470873,1.7384327639243922,-1.893704937520116e-09,1.028
4680.902999999933,1.8701757160330418e-05,0.027328955246620646,0.23708870008713,-0.6029864347154538,1.7384327639243922,-1.8965658947067502e-09,1.028
4680.925000000047,1.8769750012114344e-05,0.02742204568852568,0.2208494852205285,-0.592446823880578,1.7384327639243922,-1.8673125248248948e-09,1.028
4680.94700000016,1.8471083856106927e-05,0.026996189189758445,0.2436040750691002,-0.5881597850253565,1.7193793404575042,-1.7903829617131327e-09,1.028
4680.929000000004,1.870016063947835e-05,0.027333458411221,0.24939638112265072,-0.605259559954867,1.7384327639243922,-1.896025724631503e-09,1.028
4680.942000000039,1.855630520484335e-05,0.027120812331832153,0.23974877546238016,-0.6012029079832643,1.7384327639243922,-1.879873358281842e-09,1.028
4680.925999999978,1.873843972927408e-05,0.027372911464644746,0.2277638292117219,-0.5968313369770364,1.7384327639243922,-1.888313461333611e-09,1.027
4680.940999999875,1.8726689006929896e-05,0.027349401155962128,0.22329129828989025,-0.5887243281310667,1.7384327639243922,-1.8490281501477068e-09,1.027
4680.941000000108,1.8672761304795453e-05,0.027261682981326696,0.22360860652909764,-0.586479236516653,1.7384327639243922,-1.8315244033968979e-09,1.027
4680.940999999875,1.8658692317112682e-05,0.027281709379484757,0.2717968797160597,-0.6012953962040161,1.6763620978123273,-1.8469480413168739e-09,1.027
4680.941000000108,1.8739195576350004e-05,0.02738963869225565,0.2377446353919872,-0.597621006023589,1.6854752972273346,-1.8798738560026616e-09,1.027
4680.865999999922,1.873775998886068e-05,0.02737259531646524,0.22551389899975804,-0.5939685867871898,1.7384327639243922,-1.872053937862236e-09,1.027
4680.942000000039,1.8706369525450434e-05,0.0273420874036666,0.23763479682347954,-0.5987826082061716,1.7384327639243922,-1.8833009642800637e-09,1.027
4680.910000000149,1.8715121847637038e-05,0.027347139258815094,0.22813762424190953,-0.5904038877755725,1.7384327639243922,-1.8496245354951548e-09,1.027
4680.942000000039,1.861179779205384e-05,0.027219136838930246,0.25781651279167406,-0.6091252187217192,1.7384327639243922,-1.9066798967181256e-09,1.027
4680.940999999875,1.8657128789935833e-05,0.02725933150035331,0.24512078015342365,-0.5964767537114527,1.7384327639243922,-1.8677558381751203e-09,1.027
4680.941000000108,1.861336043072634e-05,0.02719727314762762,0.24986872340936772,-0.5984013336364989,1.7384327639243922,-1.871182785834046e-09,1.027
4680.940999999875,1.862664755524938e-05,0.02720558012143077,0.23369885348212494,-0.5837390055346214,1.7384327639243922,-1.8010458061819366e-09,1.027
4680.378999999957,1.8620417012648206e-05,0.02719623607064507,0.23574238967952166,-0.5820421964022217,1.7384327639243922,-1.792844134602352e-09,1.026
4680.425999999978,1.8651955693654448e-05,0.02726414006223803,0.2666957071679503,-0.5995540766041669,1.7384327639243922,-1.8565308117365361e-09,1.026
4680.404000000097,1.865777265690751e-05,0.027289509114168886,0.2880477396473573,-0.6037761777669927,1.7384327639243922,-1.8490483529335615e-09,1.026
4680.895000000019,1.871273373050244e-05,0.027367583294558805,0.286578874388677,-0.6141303691493096,1.7384327639243922,-1.9127265872384697e-09,1.026
4680.941000000108,1.860163725978307e-05,0.02717162924628252,0.2417878899329109,-0.5908412803787157,1.7384327639243922,-1.8304220312249312e-09,1.026
4680.908999999985,1.8646395136303903e-05,0.02722365816900006,0.21716788534837672,-0.5863704775478217,1.7384327639243922,-1.8388850044417526e-09,1.026
4680.94299999997,1.862664708013806e-05,0.027228896792063022,0.2518678672277872,-0.6017174636322652,1.6763620978123273,-1.882321353848778e-09,1.026
4680.929000000004,1.8667364919257006e-05,0.027295345710137024,0.2652002934607678,-0.6040351551235097,1.7384327639243922,-1.8808603519740233e-09,1.026
4680.679000000004,1.8712288968607526e-05,0.02732219910809822,0.23474094746268737,-0.5866129809055438,1.7384327639243922,-1.8208379239127826e-09,1.026
4680.452000000048,1.8721562521503857e-05,0.027363636266833916,0.24813629431771966,-0.6053486959114289,1.6854752972273346,-1.9107185916190273e-09,1.026
4680.430999999866,1.8682636057243572e-05,0.0272993730556357,0.24774566080619254,-0.5965701319243205,1.7220572131230525,-1.8586511261919143e-09,1.026
4680.40699999989,1.871539569293286e-05,0.027330350837906855,0.2219707303684033,-0.582021324172224,1.7384327639243922,-1.8120769202011436e-09,1.026
4680.474000000162,1.8695829163880496e-05,0.02731844497582968,0.24369316189211965,-0.6033619202996324,1.7220572131230525,-1.896380140602356e-09,1.026
4680.444000000134,1.868564721602522e-05,0.02730566532744363,0.2413931399208593,-0.6040102847001364,1.7384327639243922,-1.904971744730613e-09,1.025
4680.413999999873,1.871467984673239e-05,0.02733885185066883,0.23239377912224723,-0.6014061831660736,1.7384327639243922,-1.905770028658041e-09,1.025
4680.508999999845,1.8731540205026993e-05,0.027364538160143444,0.23190446850542834,-0.6018919882278667,1.7384327639243922,-1.902305849161291e-09,1.025
4680.458999999799,1.8716058631389696e-05,0.02735422903599815,0.23706997148581443,-0.6024813744979318,1.7384327639243922,-1.8986085898987734e-09,1.025
4680.41100000008,1.868047240271746e-05,0.02730924517072689,0.2464373595232794,-0.6049608717397111,1.7384327639243922,-1.9006802823495814e-09,1.025
4680.429999999935,1.8663742795995496e-05,0.02728903931373666,0.2521820374803987,-0.6052548124343148,1.7384327639243922,-1.8977789665395985e-09,1.025
4680.425000000047,1.870455302601732e-05,0.027324627287673195,0.23166338038897738,-0.5959745346827087,1.7384327639243922,-1.8706408831764172e-09,1.025
4680.405000000028,1.869359667002996e-05,0.02730867008000316,0.23765686113324813,-0.59878734805889,1.7384327639243922,-1.88259218520993e-09,1.025
4680.398000000045,1.8720259781259882e-05,0.02733973111491581,0.22949046215502378,-0.5999104247997594,1.7384327639243922,-1.894161583959634e-09,1.025
4680.415000000037,1.8671642404430623e-05,0.02729364300927868,0.24499081653567067,-0.5993404416736655,1.7384327639243922,-1.8706060291523553e-09,1.025
4680.3279999999795,1.8716652804903414e-05,0.027331582182804248,0.22580430845659016,-0.5928501560818741,1.7384327639243922,-1.8612944108290131e-09,1.025
4680.425999999978,1.868891243863281e-05,0.02730209675426936,0.2395528120233319,-0.600043746246977,1.7384327639243922,-1.8864760671911217e-09,1.025
4680.383000000147,1.8679630735588377e-05,0.027297212687613703,0.2385466668594205,-0.594069770504292,1.7384327639243922,-1.855177977110922e-09,1.025
4680.449000000022,1.8679464048079865e-05,0.027297212687613703,0.2385466668594205,-0.594069770504292,1.7384327639243922,-1.8552502040842037e-09,1.025
4680.311999999918,1.869256332527924e-05,0.02730754333653837,0.23338191898752614,-0.5932099077606077,1.7384327639243922,-1.8524222850900043e-09,1.025
4680.387000000104,1.868126177954181e-05,0.0272950521486014,0.23473807115131962,-0.5890122224518811,1.7384327639243922,-1.8346924908217606e-09,1.025
4680.365999999922,1.8671203806820048e-05,0.027289098039232993,0.24011994235473555,-0.5921311196288018,1.7384327639243922,-1.84577632753719e-09,1.025
4680.416999999899,1.8659162517977478e-05,0.02725142903804098,0.23536425947132633,-0.5949608263749836,1.7384327639243922,-1.8659436020707137e-09,1.024
4680.381999999983,1.8666315583198517e-05,0.027272790986716533,0.24013922325960335,-0.5903255171319445,1.7384327639243922,-1.8386153083092763e-09,1.024
4680.483000000007,1.869011554386176e-05,0.027289978906513412,0.22917087532153024,-0.5863377198281855,1.7384327639243922,-1.8262270030101387e-09,1.024
4680.409999999916,1.8655303414547356e-05,0.027247912175957924,0.24107961264846045,-0.5905565979277527,1.7384327639243922,-1.836990065776485e-09,1.024
4680.410000000149,1.8640494419495482e-05,0.027246253565092787,0.24491154917341662,-0.5850733011234079,1.7384327639243922,-1.8043385706876167e-09,1.024
4680.427000000142,1.866317758597476e-05,0.02727091058440408,0.24101071944137464,-0.5903150914242659,1.7384327639243922,-1.8344832184229348e-09,1.024
4680.462999999989,1.8670744308362735e-05,0.027262023929230696,0.23422597364588915,-0.5891304668110444,1.7384327639243922,-1.8308733014320229e-09,1.024
4680.491000000155,1.8669946270763936e-05,0.027271651008289665,0.23331386625514794,-0.5825186575137092,1.7384327639243922,-1.804118689808291e-09,1.024
4680.435999999987,1.865677432241334e-05,0.027249794165301145,0.24026753744297968,-0.5902621745149885,1.7384327639243922,-1.8352635677013283e-09,1.024
4680.413999999873,1.865941022020161e-05,0.027251899486843555,0.23679939020353213,-0.5872490217470597,1.7384327639243922,-1.8191997364235603e-09,1.024
4680.449000000022,1.8669913308018755e-05,0.027271651008289665,0.23331386625514794,-0.5825186575137092,1.7384327639243922,-1.804247863724689e-09,1.024
4680.491000000155,1.8699581060331976e-05,0.027306886048046996,0.22413848932938585,-0.5828549594394937,1.7384327639243922,-1.8138611312915191e-09,1.024
4680.7319999998435,1.858656135212657e-05,0.027156526344083894,0.2392174883725584,-0.5995935180828972,1.7384327639243922,-1.8807165757198083e-09,1.024
4680.929000000004,1.8661890316097687e-05,0.02726309377255782,0.22557375152367243,-0.5763946697686814,1.7384327639243922,-1.772310559947887e-09,1.024
4680.941000000108,1.8604763293758996e-05,0.027189317283796827,0.24831552377525945,-0.5902052398450199,1.7384327639243922,-1.8257715064978938e-09,1.024
4680.940999999875,1.861805049815727e-05,0.027210468856390807,0.24870476504199113,-0.5944537744869424,1.7384327639243922,-1.8371548432633634e-09,1.023
4680.940999999875,1.861805049815727e-05,0.027210468856390807,0.24870476504199113,-0.5944537744869424,1.7384327639243922,-1.8371548432633634e-09,1.023
4680.940999999875,1.861805049815727e-05,0.027210468856390807,0.24870476504199113,-0.5944537744869424,1.7384327639243922,-1.8371548432633634e-09,1.023
4947.405000000028,1.9882320434789983e-05,0.029603379235486973,0.011038489921171735,-0.5072080062000852,5.2054729560836215,-1.6654592558138748e-09,1.039
4947.405000000028,1.9882320434789983e-05,0.029603379235486973,0.011038489921171735,-0.5072080062000852,5.2054729560836215,-1.6654592558138748e-09,1.039
5017.52099999995,1.9721379296325708e-05,0.03005717957929641,0.192318171717353,-0.7173352309913712,5.201017831583876,-2.5741380913196036e-09,1.042
5017.52099999995,1.9721379296325708e-05,0.03005717957929641,0.192318171717353,-0.7173352309913712,5.201017831583876,-2.5741380913196036e-09,1.042
4800.964999999851,1.8419640475148744e-05,0.027562854997437335,0.2140534296279406,-0.5968684022803256,1.721753166061061,-1.7956314180785428e-09,1.032
4800.954000000143,1.8412424408516888e-05,0.027553783326609727,0.21321931111424774,-0.5996965995945466,1.721753166061061,-1.81022845553599e-09,1.032
4800.92799999984,1.8422640613718076e-05,0.027565841357667605,0.21023606456659216,-0.5939253412622031,1.721753166061061,-1.780993766489188e-09,1.032
4800.930000000168,1.838928579291757e-05,0.027522031086421508,0.2165041885493464,-0.5937064881836887,1.721753166061061,-1.776041390649071e-09,1.031
4800.947999999858,1.8389251167846886e-05,0.02750857959291086,0.21059127103272735,-0.5973150196608626,1.721753166061061,-1.8037735548848915e-09,1.031
4800.966000000015,1.8381900591995217e-05,0.02750146337569835,0.21147699219187155,-0.5950924134406977,1.721753166061061,-1.7893575235983414e-09,1.031
4800.966000000015,1.8378997783140222e-05,0.027498070885773496,0.2084903376616536,-0.5901158599127899,1.721753166061061,-1.765775907166549e-09,1.031
4680.941000000108,1.8489089130492248e-05,0.027036537481237466,0.2525825496007914,-0.6145819097315066,1.7384327639243922,-1.9322627041842598e-09,1.031
4680.940999999875,1.8449229432600606e-05,0.026996664086417627,0.2672191600458662,-0.6127554406328659,1.7384327639243922,-1.903008275115047e-09,1.031
4680.942000000039,1.8475020969287953e-05,0.027021311627144995,0.2550529878274639,-0.6106159658428914,1.7384327639243922,-1.9134129949354015e-09,1.03
4680.941000000108,1.8441412411868228e-05,0.02697566567225984,0.2676680198099284,-0.6120106810807951,1.7384327639243922,-1.8963986240099804e-09,1.03
4680.940999999875,1.850472103497579e-05,0.027079938643266452,0.26767945008433003,-0.6154496351838039,1.7384327639243922,-1.9197775804041312e-09,1.03
4680.941999999806,1.8503158093772562e-05,0.02709262365313217,0.3130662408045235,-0.6309006920805453,1.6763620978123273,-1.9520920982557543e-09,1.03
4680.941000000108,1.8516443834568816e-05,0.027098952103876736,0.2915302482798423,-0.6283243288691621,1.6763620978123273,-1.956864680400233e-09,1.03
4680.940999999875,1.8568029352624327e-05,0.027164727789864486,0.28456602760130467,-0.61734335842539,1.6763620978123273,-1.914024507215834e-09,1.03
4680.940999999875,1.8487527164184194e-05,0.027051517801864933,0.2915265058039256,-0.6340198117502416,1.6763620978123273,-1.986854345176062e-09,1.029
4680.940999999875,1.851409946547924e-05,0.02708656588203922,0.28488465092876547,-0.6258633112085245,1.6763620978123273,-1.9493985658986056e-09,1.029
4680.940999999875,1.8507846556565585e-05,0.027080885490957628,0.28309725368551764,-0.6279402305965507,1.6763620978123273,-1.964577336004315e-09,1.029
4680.941000000108,1.8516444721938044e-05,0.0270928957477786,0.27937356206071584,-0.6299739629337738,1.6854752972273346,-1.976449772537889e-09,1.029
4680.942000000039,1.8571155929815615e-05,0.027160007835805675,0.2619168020272604,-0.6230827854579986,1.6854752972273346,-1.9632305768818895e-09,1.029
4680.940999999875,1.8518789955413252e-05,0.027102653858134363,0.2805837989257811,-0.6319424049288515,1.7384327639243922,-1.9905266260333433e-09,1.029
4680.941000000108,1.854145473552988e-05,0.027130442263920015,0.2691915390837001,-0.6305977577422479,1.7384327639243922,-1.999951677607877e-09,1.028
4680.942000000039,1.8547707631625548e-05,0.02713299391837102,0.26722542805517424,-0.6235383177410958,1.7384327639243922,-1.966657991519005e-09,1.028
4680.925999999978,1.840706330674024e-05,0.026961974648068286,0.30007194429136774,-0.6309436691819814,1.6854752972273346,-1.9603243425094385e-09,1.028
4680.940999999642,1.8530512963403407e-05,0.02712032779092427,0.2699044634663572,-0.6184412887881653,1.7384327639243922,-1.940218480797778e-09,1.028
4680.941000000108,1.851800747743509e-05,0.027112763102954355,0.27377299673002575,-0.618811202885804,1.7384327639243922,-1.9353227421256127e-09,1.028
4680.941000000108,1.8494560256064827e-05,0.02706875149858796,0.27861830794318987,-0.6235437430184319,1.7384327639243922,-1.949766115271137e-09,1.028
4680.940999999642,1.8527386203856232e-05,0.027112763102954355,0.2712927157497935,-0.6203712687295251,1.7384327639243922,-1.9453595870680468e-09,1.028
4680.942000000272,1.8471894651486788e-05,0.027036110704967933,0.27762383699259274,-0.6226401731695524,1.7384327639243922,-1.939850947826575e-09,1.027
4680.942000000272,1.8514881216141303e-05,0.02708333530571984,0.26104991269110833,-0.6187613650319638,1.7384327639243922,-1.941931958251649e-09,1.027
4680.941000000108,1.85094097747921e-05,0.027089784241599458,0.2688753264818393,-0.6167915589758258,1.7384327639243922,-1.922469749850236e-09,1.027
4680.942000000272,1.8484400128308038e-05,0.027052465644297505,0.2678415621103296,-0.6140320959551702,1.7384327639243922,-1.911698717548349e-09,1.027
4680.941000000108,1.8488307107576406e-05,0.02704496493259194,0.26578159211068986,-0.6139674007828148,1.7384327639243922,-1.910841598635013e-09,1.027
4680.941999999806,1.8534421229676034e-05,0.027120812331832184,0.2952314829848959,-0.6203291762795,1.6763620978123273,-1.9180637488219755e-09,1.027
4680.941999999806,1.8503157769645932e-05,0.02704791569769736,0.2566172962443094,-0.6063347062398808,1.7384327639243922,-1.8911354498662986e-09,1.027
4680.941000000108,1.8497686763151467e-05,0.02704695584558122,0.25457136981340467,-0.6031492176122123,1.7384327639243922,-1.8650624767723397e-09,1.027
4680.941000000108,1.8540673924667196e-05,0.0271198196045736,0.29048088911916325,-0.6155217181587881,1.6763620978123273,-1.904109894121453e-09,1.026
4680.942000000272,1.850315802431255e-05,0.027053555622041092,0.2489900907463678,-0.5992938115033617,1.7384327639243922,-1.8424179649438467e-09,1.026
4680.941000000108,1.851019249528774e-05,0.027053591164054255,0.251252425510367,-0.6029617311049583,1.7384327639243922,-1.8738762999458757e-09,1.026
4680.941000000108,1.8510974246383126e-05,0.027054503393079563,0.24831768672303545,-0.599986881763559,1.7384327639243922,-1.8575961209891183e-09,1.026
4680.941999999806,1.851097323542924e-05,0.02704488197470347,0.24439265598869175,-0.5997141940320617,1.7384327639243922,-1.863226490318176e-09,1.026
4680.871999999974,1.8535459513005183e-05,0.02708854190546442,0.23865489234039527,-0.6000785783536443,1.7384327639243922,-1.87072937446205e-09,1.026
4680.933000000194,1.9342634738254675e-05,0.028096719399702867,0.09848813438644077,-0.5861336226059155,1.7384327639243922,-2.0497885311441216e-09,1.026
4680.904999999795,1.844709374470024e-05,0.026980097127802204,0.27192269673114655,-0.6046390085003797,1.7220572131230525,-1.8563703744720451e-09,1.025
4680.918000000063,1.85024420269837e-05,0.027053117266706127,0.25563656555333925,-0.6090208279491125,1.6854752972273346,-1.882440716320292e-09,1.025
4680.941000000108,1.852269649706148e-05,0.027099519817867127,0.27948712044387314,-0.6271562435415338,1.7220572131230525,-1.9573544913834273e-09,1.025
4680.940999999642,1.8516445601215378e-05,0.027098573621275553,0.2698659409203312,-0.6182080441846772,1.7384327639243922,-1.9203898128372423e-09,1.025
4680.941000000108,1.8468768104412766e-05,0.02704298572500964,0.2724572304790205,-0.6141621999604738,1.7384327639243922,-1.8977441604626364e-09,1.025
4680.925000000279,1.853216692822419e-05,0.02709999290377423,0.24631522371364545,-0.5974144213954349,1.7384327639243922,-1.8455158637403565e-09,1.025
4680.941000000108,1.84797093560796e-05,0.027016186980666927,0.24482356987262932,-0.5972699930097675,1.7384327639243922,-1.834339019780806e-09,1.025
4680.940999999642,1.8515662811669595e-05,0.027048626677304767,0.22354955407375243,-0.5957846783615915,1.7384327639243922,-1.8553927811270608e-09,1.025
4680.921000000089,1.8502484485343828e-05,0.027053117266706103,0.2556365655532562,-0.6090208279490171,1.6854752972273346,-1.8825205923881033e-09,1.024
4680.958999999799,1.8554666444183367e-05,0.027143304411198207,0.2703528948789522,-0.6139297557754247,1.6763620978123273,-1.9104438738370038e-09,1.024
4680.94299999997,1.8535979205378845e-05,0.027129319932501027,0.2715091701760204,-0.6220734706192564,1.6854752972273346,-1.9403409247443977e-09,1.024
4680.941000000108,1.852035203166777e-05,0.027118732290165044,0.2833053937727845,-0.6243336268053234,1.6854752972273346,-1.9386266866110657e-09,1.024
4680.929000000004,1.8517270050682546e-05,0.027087512498074305,0.26575654446984753,-0.6246395290433985,1.6854752972273346,-1.959222946180895e-09,1.024
4680.941000000108,1.8521134015055954e-05,0.027085702066039472,0.25913319017100545,-0.6180145458699485,1.7384327639243922,-1.9426668358635893e-09,1.024
4680.941999999806,1.851800752922204e-05,0.027088068619568657,0.2521243544538465,-0.5973460154454917,1.7384327639243922,-1.8305451271122381e-09,1.024
4680.942000000272,1.8482055482022944e-05,0.02706875149858795,0.28191174652172,-0.6214861527201033,1.7384327639243922,-1.938994856527054e-09,1.024
4680.925999999978,1.847120738968353e-05,0.027030739861052585,0.27239966189349607,-0.61415314130889,1.6854752972273346,-1.8959371961898716e-09,1.024
4680.941000000108,1.851175459460226e-05,0.02708929914569825,0.2617208201321568,-0.6085662515241069,1.7384327639243922,-1.8870958138041995e-09,1.024
4680.496999999974,1.8522405381112972e-05,0.027106390579647633,0.2675928284453901,-0.6194791555599233,1.7384327639243922,-1.940364112212203e-09,1.023
4680.332999999635,1.8563407381973738e-05,0.027160066840293855,0.2630362992056994,-0.6200059815362428,1.7384327639243922,-1.948436523411407e-09,1.023
4680.30700000003,1.85767902377519e-05,0.027188032340794765,0.2601796164257073,-0.6147244794787201,1.6854752972273346,-1.9142705433631685e-09,1.023
4680.327000000048,1.8514989056687983e-05,0.027084435874994053,0.27075199454674914,-0.6167049371506712,1.6854752972273346,-1.9215015422134798e-09,1.013
4680.935000000056,1.8530537180422642e-05,0.027080494920296485,0.24482415527574197,-0.6038212717747498,1.7384327639243922,-1.882460638705836e-09,1.021
4680.929999999702,1.8556364751789038e-05,0.02711797587182006,0.2351165596400122,-0.593047603612025,1.7384327639243922,-1.8321303839179714e-09,1.021
4680.941000000108,1.853911096550467e-05,0.0270894056309085,0.23591214204444544,-0.5868136553688649,1.7384327639243922,-1.7968837156462742e-09,1.021
4680.941999999806,1.8539110665559897e-05,0.0270894056309085,0.23591214204444544,-0.5868136553688649,1.7384327639243922,-1.7968841008707401e-09,1.021
4680.941000000108,1.8572718155314538e-05,0.02717784495522515,0.29498883182163116,-0.6118270852389929,1.6763620978123273,-1.8697138710833678e-09,1.021
4680.941000000108,1.858678692884031e-05,0.027180014811037278,0.26605916083950953,-0.5950164654476398,1.6763620978123273,-1.8109607443486679e-09,1.021
4680.936999999918,1.8602440615158728e-05,0.027205756837996732,0.2785154743302254,-0.6065618035208484,1.6763620978123273,-1.863102042003237e-09,1.021
4680.887999999803,1.9954846058087958e-05,0.028984954098679606,-0.0008264001498305973,-0.46448375862547053,1.7384327639243922,-1.4497118598246958e-09,1.021
4680.811999999918,1.8819567778123095e-05,0.027460180961922605,0.25334843414774255,-0.6187718798757698,1.7384327639243922,-1.9891138773288922e-09,1.021
4680.9159999997355,1.8511909406224133e-05,0.027069604015176527,0.2670725038994184,-0.6014337730862255,1.7220572131230525,-1.8406205380036659e-09,1.021
4680.941000000108,1.8473457228516564e-05,0.02699738828773948,0.24461410190315735,-0.5888588566953548,1.7384327639243922,-1.7824406297947033e-09,1.021
4680.941000000108,1.8603200543609837e-05,0.027200867256158924,0.2556422758161254,-0.6124210587531163,1.7384327639243922,-1.908271623855278e-09,1.021
4680.941000000108,1.8539891704225026e-05,0.027115032730940933,0.24465303657793935,-0.6000857930334019,1.7384327639243922,-1.8493944502128358e-09,1.021
4680.942000000272,1.8539891473618304e-05,0.027085512732824505,0.229047250620372,-0.5868287720529239,1.7384327639243922,-1.8014126776789641e-09,1.021
4680.941000000108,1.8572717871232783e-05,0.027150093261397123,0.2398277440880756,-0.5934996580150429,1.7384327639243922,-1.82393492828343e-09,1.021
4680.941000000108,1.8561776400993752e-05,0.027121651394392862,0.22757905229898556,-0.5981765595765394,1.7384327639243922,-1.8677557349489157e-09,1.021
4680.940999999642,1.8569591521495832e-05,0.027149998819473883,0.25531746996821436,-0.5929325161265564,1.6763620978123273,-1.8063089178136604e-09,1.021
4680.941000000108,1.858209815442707e-05,0.0271967074741759,0.26874725649498954,-0.607520731317139,1.6854752972273346,-1.8699592809135074e-09,1.021
4680.941999999806,1.8586004573688265e-05,0.027176535882339762,0.2654584793841477,-0.607355611154201,1.6854752972273346,-1.869102484160877e-09,1.021
4680.941000000108,1.8585223402089243e-05,0.027171334348103118,0.2577629972797495,-0.6145281475447184,1.6854752972273346,-1.918920656623181e-09,1.021
4680.940999999642,1.8590694709999596e-05,0.02719898188139797,0.2571962679463353,-0.6167914956318034,1.6854752972273346,-1.9312834627423313e-09,1.021
4680.941000000108,1.854614465882771e-05,0.027123825745586135,0.25624317228267346,-0.6136913684071421,1.6854752972273346,-1.9093729436769922e-09,1.021
4680.941999999806,1.8577408125859746e-05,0.02715717546960982,0.2445606282795425,-0.5943569311746034,1.6854752972273346,-1.822955626575275e-09,1.021
4642.529000000097,1.8665735601975872e-05,0.026992876553183127,0.18942973774629568,-0.5660688846847032,1.7650744557682292,-1.8517971342413857e-09,1.021
4680.941000000108,1.8526604712534944e-05,0.027079701926170735,0.24379326862998418,-0.6004890651981417,1.7384327639243922,-1.8671437304070797e-09,1.021
4680.941000000108,1.8590694869635945e-05,0.027158556285030666,0.22277028260208365,-0.5928472859862576,1.7384327639243922,-1.8375217283274885e-09,1.021
4680.941000000108,1.8575062689630502e-05,0.027148971742345346,0.23237198331094033,-0.5989547176635988,1.7384327639243922,-1.8590644719259027e-09,1.02
4680.941000000108,1.8543800052650094e-05,0.02708296843935646,0.22633804398241386,-0.5846260918706374,1.7384327639243922,-1.7973736713043093e-09,1.02
4680.940999999642,1.8539892536522066e-05,0.027103777293760054,0.23956384329020963,-0.5915597426092923,1.7384327639243922,-1.8200184873369875e-09,1.02
4680.941000000108,1.8538328121264996e-05,0.027106615239523898,0.24305310164514182,-0.5961528101086513,1.7384327639243922,-1.8329929252671514e-09,1.02
4680.941000000108,1.853910999870052e-05,0.027102843071606014,0.24246890352352102,-0.5945295941048433,1.7384327639243922,-1.8362975544334048e-09,1.02
4642.458999999799,1.8341276052072317e-05,0.026707340775188586,0.3372511471261861,-0.6053067068286913,1.7193793404575042,-1.8461720375903334e-09,1.02
4680.941000000108,1.8568809279575132e-05,0.027125491842403652,0.22651790424513818,-0.5869373912890711,1.7384327639243922,-1.806431386826308e-09,1.02
4680.941999999806,1.8560212987574055e-05,0.027116923942485875,0.22812952493156713,-0.5851347574534982,1.7384327639243922,-1.7962725042449668e-09,1.02
4680.941000000108,1.8525822612381888e-05,0.027081915150246074,0.24206312723298185,-0.5899610783092287,1.7384327639243922,-1.804350656071734e-09,1.02
4680.941000000108,1.8496123954050065e-05,0.027044964932591946,0.25065482330735867,-0.5976745140978927,1.7384327639243922,-1.8369103758198013e-09,1.02
4680.8889999999665,1.8522012137017638e-05,0.02707818688775533,0.24622467328353048,-0.5928858784231568,1.7384327639243922,-1.8159722582203426e-09,1.02
4680.94299999997,1.8499246687937693e-05,0.027047619450678424,0.2444162082773107,-0.591696610969949,1.7384327639243922,-1.8050852742352208e-09,1.02
4680.941000000108,1.8524259267157044e-05,0.027066572723090723,0.23515892817123607,-0.5901073827130024,1.7384327639243922,-1.8070433255106736e-09,1.02
4680.849000000395,1.8523696424733293e-05,0.027055688060189053,0.23064646158145674,-0.5886076731405862,1.7384327639243922,-1.8101914664613332e-09,1.02
4680.910000000149,1.8521994939275794e-05,0.027060757849413888,0.23538367795983817,-0.5883125013028827,1.7384327639243922,-1.8013299168970142e-09,1.019
4680.942000000272,1.8513318521274335e-05,0.027055202352948206,0.2406149340466217,-0.5914527334748602,1.7384327639243922,-1.8138978578755869e-09,1.019
4680.941000000108,1.8520352726223753e-05,0.027051896942823218,0.22998214960927665,-0.5898760774037081,1.7384327639243922,-1.8167137426215791e-09,1.019
4680.941999999806,1.84984693969793e-05,0.027029139072015578,0.23867852972123726,-0.5890447947700372,1.7384327639243922,-1.7944361598662783e-09,1.019
4680.941000000108,1.8501593885219886e-05,0.02703293338096122,0.2393434857393757,-0.5877737438711754,1.7384327639243922,-1.7878260829818123e-09,1.019
4680.941000000108,1.8533639148903918e-05,0.027077654236923085,0.22727335856826025,-0.5864770749140792,1.7384327639243922,-1.8036153908267498e-09,1.019
4680.698000000324,1.850251753133233e-05,0.02703293338096122,0.2393434857393757,-0.5877737438711754,1.7384327639243922,-1.787788603213192e-09,1.019
4680.320000000298,1.849389426692141e-05,0.027013185289542954,0.2441682361906241,-0.5959021564732835,1.7384327639243922,-1.8234242678385377e-09,1.019
4680.341999999713,1.849226527694724e-05,0.027006824873420217,0.23363848482930738,-0.5862582782425847,1.7384327639243922,-1.7901216961015345e-09,1.0
4560.904999999795,1.8370191128636255e-05,0.02624073642855877,0.29904488377851246,-0.5763231062128793,1.422112718852032,-1.7330451745261831e-09,1.007
4610.8889999999665,1.8120672481669166e-05,0.026190818512581333,0.3223856474139093,-0.5563241975438509,1.6646177528032564,-1.4517625357636508e-09,1.007
4560.916999999899,1.8135690838247385e-05,0.02600490455142536,0.4314704841974981,-0.6181257692926164,1.422112718852032,-1.7800188500378072e-09,1.008
4560.916999999899,1.8724304596687092e-05,0.026947191822127133,0.5297993407085433,-0.6885483021480429,1.422112718852032,-2.1142733957289276e-09,1.008
4560.918000000063,1.8928378949666896e-05,0.027203313087103536,0.4658014162623312,-0.6822783157451743,1.422112718852032,-2.175733135290619e-09,1.008
4560.916999999899,1.8908139315389776e-05,0.02708999347155325,0.36287419270450316,-0.6561476322402785,1.424289986119983,-2.1489631094301027e-09,1.009
4560.916999999899,1.8972229593287237e-05,0.027150527565749333,0.3517295884543836,-0.6418655596844629,1.422112718852032,-2.1021844938624378e-09,1.009
4560.917000000365,1.881031916645125e-05,0.026907047474196706,0.3489531983029841,-0.6410719254678858,1.424289986119983,-2.0847704716619567e-09,1.009
4560.810000000056,1.8001321184793404e-05,0.025742365192848855,0.32521772533163906,-0.5790738580695087,1.4155657531188455,-1.6870858735978155e-09,1.009
4680.941999999806,1.8698553505183557e-05,0.027441079069759962,0.3536022600229951,-0.6308640877182398,1.6854752972273346,-1.902396132781789e-09,1.009
4680.941000000108,1.8961945637092066e-05,0.02774045227294774,0.2598571081001779,-0.6064298780105675,1.6854752972273346,-1.9186763373269473e-09,1.01
4680.929000000004,1.8877566883218348e-05,0.027577757202276107,0.2474564577081355,-0.5883788228428946,1.7384327639243922,-1.8347320131939137e-09,1.01
4680.941000000108,1.8789217016167067e-05,0.02746162824089323,0.2411311483032561,-0.5895807471627927,1.7384327639243922,-1.8194063180765507e-09,1.01
4680.941000000108,1.8821260394902e-05,0.02751958510048007,0.2649858149866686,-0.5951403393717718,1.7384327639243922,-1.8371550773562097e-09,1.01
4680.940999999642,1.8719656625309e-05,0.027370850581201544,0.2694731959247143,-0.5877996303564738,1.7384327639243922,-1.780114417846814e-09,1.01
4680.941000000108,1.874935667130327e-05,0.027395009371444616,0.22776886377291383,-0.590984477889758,1.7384327639243922,-1.8474368014440328e-09,1.01
4680.940999999642,1.8700898275764997e-05,0.027331476641129643,0.2578730309421031,-0.5907841228804057,1.7384327639243922,-1.807532852522203e-09,1.01
4680.941999999806,1.867354247094508e-05,0.027311874002683527,0.2752734117554816,-0.5907490317473004,1.7384327639243922,-1.7851332450256865e-09,1.01
4680.941000000108,1.8765770138960614e-05,0.027434023420301278,0.24573052392252448,-0.586766830995013,1.7384327639243922,-1.800555838611277e-09,1.01
4680.929000000004,1.8684528074750258e-05,0.027313892398351358,0.24041518857969946,-0.586080128227586,1.7384327639243922,-1.7900609182828195e-09,1.011
4680.941000000108,1.870871218112367e-05,0.027335510388597578,0.2222557851673881,-0.5677765169681862,1.7193793404575042,-1.7321323237502827e-09,1.01
4680.941000000108,1.8749354812367956e-05,0.027396132517621435,0.2538854697979791,-0.5743180143259563,1.7193793404575042,-1.7448623259278196e-09,1.011
4680.941000000108,1.867354244755465e-05,0.027298868202330354,0.25959642104378533,-0.5743271387066863,1.7384327639243922,-1.713405208835296e-09,1.011
4680.942000000272,1.8652439842462064e-05,0.027252275840038347,0.24803449966114677,-0.5868461559946017,1.7384327639243922,-1.8001895813046702e-09,1.011
4680.941000000108,1.8622739209988057e-05,0.027212541886002393,0.23925776373103114,-0.5789361053515674,1.7384327639243922,-1.7585713390206145e-09,1.011
4680.941000000108,1.8644623830032627e-05,0.027237217656012978,0.2550518549322436,-0.5876328256246721,1.7384327639243922,-1.7872144104870426e-09,1.011
4680.942000000272,1.867823208786872e-05,0.027296050244941274,0.2366397702377463,-0.5825466232402068,1.7193793404575042,-1.784153387337246e-09,1.011
4680.9199999999255,1.869555695738236e-05,0.0273078837118608,0.2217375069239993,-0.5715617215947462,1.7193793404575042,-1.7430505715200914e-09,1.011
4680.921999999788,1.8657947842450023e-05,0.027262776350895995,0.22790385039679206,-0.5815578280266263,1.7384327639243922,-1.787082850061459e-09,1.011
4680.940999999642,1.8688392407734194e-05,0.027295146088636337,0.2183016693742208,-0.5804433127870436,1.7384327639243922,-1.787458416704876e-09,1.011
4680.915000000037,1.86455120361392e-05,0.0272342167888589,0.22128798961969487,-0.5712266727947911,1.7384327639243922,-1.7359281681539741e-09,1.011
4680.941000000108,1.86336822446297e-05,0.02722714284849417,0.2324149903481576,-0.5805090082502643,1.7384327639243922,-1.7683640428276823e-09,1.011
4680.941000000108,1.8608670985206455e-05,0.027192558842636622,0.22875451321519114,-0.5771869150759623,1.7384327639243922,-1.7468205689242026e-09,1.011
4680.941999999806,1.8593820697964594e-05,0.027175592367284635,0.23380638110787055,-0.5766674715277812,1.7384327639243922,-1.7415579651489234e-09,1.011
4680.941999999806,1.8579752500613782e-05,0.027155723767436794,0.23717518818534167,-0.5744858112186324,1.7384327639243922,-1.7337236246586428e-09,1.011
4680.941000000108,1.8593821353233555e-05,0.027163842860949507,0.21976015735829169,-0.5743858029349648,1.7384327639243922,-1.7486571161053953e-09,1.011
4680.941000000108,1.8553960590910495e-05,0.027101885164821624,0.22392177780815814,-0.5699401551652314,1.7384327639243922,-1.7127931565385397e-09,1.011
4680.941999999806,1.8579753186725204e-05,0.027130454077687997,0.2098574603629424,-0.5703573478181201,1.7384327639243922,-1.7347028493719061e-09,1.011
4680.941000000108,1.856802849010849e-05,0.027126945162442313,0.21639842079671556,-0.5680788120649617,1.7384327639243922,-1.714750990290674e-09,1.011
4680.941000000108,1.8568030242872198e-05,0.027126945162442313,0.21639842079671556,-0.5680788120649617,1.7384327639243922,-1.7147517760949264e-09,1.011
4680.940999999642,1.8548489159799542e-05,0.027099247789730798,0.2226672426720846,-0.5703965406761886,1.7384327639243922,-1.717566734545804e-09,1.011
4680.940999999642,1.861961349364821e-05,0.02724107710886777,0.2569938160151004,-0.5918461716374745,1.6854752972273346,-1.7967611115248966e-09,1.011
4680.941000000108,1.8526604740298265e-05,0.027097118779564798,0.2615400469635536,-0.5878501066499711,1.6763620978123273,-1.772157976283522e-09,1.011
4680.942000000272,1.8562559172239964e-05,0.02716573067445308,0.2631837539693418,-0.5862734701374981,1.6854752972273346,-1.7479227200351233e-09,1.011
4680.941999999806,1.8579752731922528e-05,0.027194032150738203,0.2687641700213814,-0.6005221696113029,1.6854752972273346,-1.8274855297670147e-09,1.011
4680.942000000272,1.8603200782394635e-05,0.02720407209337486,0.2429591078354285,-0.5923009006601468,1.6854752972273346,-1.8103483427762077e-09,1.011
4680.941999999806,1.8596947198096137e-05,0.027200301657452415,0.2448631154123655,-0.5924442410233991,1.6854752972273346,-1.8078999891093363e-09,1.011
4680.941999999806,1.859851047074994e-05,0.027202186940740128,0.24388390894697576,-0.5921472869677343,1.6854752972273346,-1.803982774440402e-09,1.011
4680.942000000272,1.8597728121858598e-05,0.027183976709517478,0.22804593065809753,-0.5864861762570865,1.7384327639243922,-1.7913762888763091e-09,1.011
4680.925999999978,1.8562591423767127e-05,0.027139714489362293,0.239823456105694,-0.5848065444284513,1.7384327639243922,-1.783657301180046e-09,1.011
4680.941000000108,1.8621175805364424e-05,0.02721037462401953,0.22748760488612385,-0.580055242848504,1.7384327639243922,-1.7715465598951221e-09,1.011
4680.941000000108,1.8600074517239504e-05,0.027193466409867906,0.23312954506673123,-0.5784174956246575,1.7384327639243922,-1.7511056515843388e-09,1.011
4680.942000000272,1.8563339753675828e-05,0.027134978372610693,0.23786128147831098,-0.5825319867461942,1.6854752972273346,-1.7644474294953867e-09,1.011
4680.941000000108,1.851097205311071e-05,0.027056019757684322,0.2458144296811784,-0.5850668689078792,1.6854752972273346,-1.764324075916901e-09,1.011
4680.941000000108,1.8546927123812447e-05,0.027096740271356123,0.23353596099161678,-0.5788113569563911,1.7384327639243922,-1.7562461096963338e-09,1.01
4680.942000000272,1.8521133390506117e-05,0.02706060387447556,0.2330597337560829,-0.5854055472828298,1.7384327639243922,-1.7850111029125726e-09,1.011
4680.941000000108,1.8528950000525674e-05,0.027069130398164255,0.23725960672008384,-0.5820840846726103,1.7384327639243922,-1.7642022041321392e-09,1.01
4680.909999999683,1.8479103974493183e-05,0.02700141259362706,0.2449727068643548,-0.5914447924843105,1.7384327639243922,-1.797300294600537e-09,1.01
4680.926000000443,1.8553984823409817e-05,0.027103304273909123,0.20758501218848213,-0.5693730760694269,1.7193793404575042,-1.725784339650344e-09,1.01
4680.904999999795,1.848618320373871e-05,0.02702894934258639,0.25466081628766046,-0.5895612428342448,1.7384327639243922,-1.7890918648827548e-09,1.01
4680.929000000004,1.855086589911559e-05,0.027110114963484224,0.23757243774405268,-0.5835443123003974,1.7384327639243922,-1.7639506814004515e-09,1.01
4680.941000000108,1.8529731166712433e-05,0.0270838678448241,0.24644724730526768,-0.5853535212040311,1.7384327639243922,-1.7672619744127485e-09,1.01
4680.929999999702,1.852120689880445e-05,0.02706060387447556,0.2330597337560829,-0.5854055472828298,1.7384327639243922,-1.785011969664317e-09,1.01
4680.941000000108,1.8507847682162454e-05,0.027039572140447426,0.24332670835101755,-0.5850563091095297,1.7384327639243922,-1.7701998008186231e-09,1.01
4680.941000000108,1.8460952411688397e-05,0.02698736646503228,0.24480146611336107,-0.5840240289094139,1.7384327639243922,-1.7552668577543014e-09,1.01
4680.941000000108,1.846329727034201e-05,0.026988589706744115,0.2465728747944662,-0.5868625301875396,1.7384327639243922,-1.771301384789754e-09,1.01
4680.941000000108,1.8510191726365118e-05,0.027044490884087394,0.21540811414685912,-0.5742073234478048,1.7384327639243922,-1.738253084751397e-09,1.01
4680.924999999814,1.8417284494664666e-05,0.026937677359758785,0.24847496193975616,-0.5750086636694249,1.7193793404575042,-1.6957974036174511e-09,1.01
4680.929000000004,1.8448461849893616e-05,0.026966265725522447,0.23199571649310968,-0.5697944671636966,1.7193793404575042,-1.6906356775768175e-09,1.01
4680.527999999933,1.8479889450967035e-05,0.02700332363209178,0.22144497579417122,-0.5629612230184134,1.7193793404575042,-1.6677396852645038e-09,1.01
4680.941000000108,1.8415620140967775e-05,0.026926109719292615,0.250780801022918,-0.5853143952341257,1.7384327639243922,-1.743271372841129e-09,1.01
4680.941000000108,1.8421091359237472e-05,0.026939997430186612,0.24970038401861672,-0.577740555822163,1.7193793404575042,-1.7118133850693605e-09,1.01
4680.941000000108,1.8453136805445066e-05,0.026966265725522447,0.23054325141031473,-0.5688860333440285,1.7193793404575042,-1.6869656884881995e-09,1.01
4680.925999999978,1.8491525070247193e-05,0.027012995448060226,0.20660529136534578,-0.557855952491314,1.7193793404575042,-1.6499142093201525e-09,1.01
4680.941000000108,1.847267616256758e-05,0.02698801965925258,0.20204836444570784,-0.5612141499986597,1.7193793404575042,-1.671665502363618e-09,1.01
4680.941000000108,1.8562557381458404e-05,0.027089784241599444,0.19418798442354834,-0.5597855892313562,1.7193793404575042,-1.6881893605905594e-09,1.01
4680.941000000108,1.8467987097468337e-05,0.027031783287313985,0.2816990177159533,-0.578354668562281,1.6763620978123273,-1.688312102779709e-09,1.01
4680.93600000022,1.8464892543171277e-05,0.026984694142211767,0.2414572226732692,-0.5774804764363218,1.7220572131230525,-1.7238062410680917e-09,1.01
4680.941000000108,1.8521134223384195e-05,0.02707670727623794,0.25247187117373837,-0.5800604546151659,1.7220572131230525,-1.7282162710347432e-09,1.01
4680.941000000108,1.8508629212327142e-05,0.0270327318216933,0.2380837650360781,-0.5771548702592787,1.7220572131230525,-1.7455971465242249e-09,1.009
4680.941000000108,1.8481273625658923e-05,0.027009542473270157,0.2424821639031438,-0.5784175445133896,1.7384327639243922,-1.7334789333685498e-09,1.009
4680.941000000108,1.851878960561752e-05,0.027049385034954687,0.2302758612636464,-0.5716897799479138,1.7384327639243922,-1.718790650510096e-09,1.009
4680.930000000168,1.8524314169716197e-05,0.027053306826641546,0.23062341717370805,-0.5742886338448888,1.7384327639243922,-1.7336355463305568e-09,1.009
4680.580999999773,1.8525179279654466e-05,0.027065163530322085,0.23690680902874872,-0.5794946576545454,1.7384327639243922,-1.7495344868498756e-09,1.009
4865.580999999773,1.976172123224025e-05,0.02934656545488362,0.3191887828182405,-0.7624735803228141,5.115283129103734,-2.7801582492268313e-09,1.022
4865.580999999773,1.976172123224025e-05,0.02934656545488362,0.3191887828182405,-0.7624735803228141,5.115283129103734,-2.7801582492268313e-09,1.022
4927.308000000194,1.9889799599404855e-05,0.029872739059669313,0.25716187293992165,-0.75017030033891,5.161372903081575,-2.7727893540141533e-09,1.023
4927.308000000194,1.9889799599404855e-05,0.029872739059669313,0.25716187293992165,-0.75017030033891,5.161372903081575,-2.7727893540141533e-09,1.023
4927.36699999962,1.9849923446496153e-05,0.02976511901092718,0.22896681515798134,-0.7252762095558116,5.147121633275436,-2.650700861025105e-09,1.024
4927.36699999962,1.9849923446496153e-05,0.02976511901092718,0.22896681515798134,-0.7252762095558116,5.147121633275436,-2.650700861025105e-09,1.024
4947.415000000037,1.9976097793626034e-05,0.030135515298342755,0.25311970787359517,-0.7528118511808316,5.146042072879991,-2.794700643467714e-09,1.025
4947.415000000037,1.9976097793626034e-05,0.030135515298342755,0.25311970787359517,-0.7528118511808316,5.146042072879991,-2.794700643467714e-09,1.025
4680.941000000108,1.8478146509940483e-05,0.026992686568867618,0.21130676259255488,-0.5679490268168502,1.7193793404575042,-1.704102035929918e-09,1.013
4680.940999999642,1.8513317821565856e-05,0.027052074663318187,0.2032767690198769,-0.5760467201217321,1.7193793404575042,-1.7526958266188393e-09,1.013
4680.941000000108,1.8443758032740117e-05,0.02694700401976115,0.20013362173684568,-0.5694002424033618,1.7193793404575042,-1.7153630020229919e-09,1.013
4680.940999999642,1.854770834950955e-05,0.02710093905081327,0.23163402914414855,-0.573834865870748,1.7384327639243922,-1.732621957324269e-09,1.013
4680.941000000108,1.8496122707496755e-05,0.026987829640746364,0.17995518269124222,-0.5585197121416718,1.7193793404575042,-1.6959008956179604e-09,1.013
4680.941000000108,1.843203383816662e-05,0.02693104918595652,0.20708113683956952,-0.5768445089683445,1.7193793404575042,-1.74682017236011e-09,1.013
4680.941000000108,1.8422654911250093e-05,0.026954365518646873,0.24414521230871067,-0.5931890344579432,1.7193793404575042,-1.7906417920525497e-09,1.012
4680.942000000272,1.8457043562066948e-05,0.02696387659491194,0.20545335177826995,-0.575402034736148,1.7193793404575042,-1.749513784614905e-09,1.012
4680.941000000108,1.8400770441710978e-05,0.026900469445908456,0.22399396478895506,-0.5762129822744876,1.7193793404575042,-1.719403161640095e-09,1.012
4680.941000000108,1.842734439213427e-05,0.026932858113350024,0.21801029603975852,-0.5673979174606528,1.7193793404575042,-1.6787650547212502e-09,1.012
4680.942000000272,1.8455480949043038e-05,0.02695759966108217,0.20833820893163058,-0.5683207429270227,1.7193793404575042,-1.7096102292911443e-09,1.012
4680.941000000108,1.8402332906302776e-05,0.026909618431010165,0.22517363867906237,-0.5657322482763291,1.7193793404575042,-1.667258629766313e-09,1.012
4680.941000000108,1.84601697570415e-05,0.02702134721156966,0.2577014059084286,-0.581225009815181,1.6854752972273346,-1.717933489105869e-09,1.012
4680.941000000108,1.8514099055698044e-05,0.0270875124980743,0.24986006319075216,-0.5862721423296511,1.6854752972273346,-1.7640797274665334e-09,1.012
4680.941000000108,1.8542236790358164e-05,0.027099957422617674,0.23749310336097107,-0.5821599949955839,1.7384327639243922,-1.7653040994355917e-09,1.012
4680.941000000108,1.8456262711971068e-05,0.026975725079962955,0.21620113274905517,-0.5756789070986854,1.7193793404575042,-1.7427818142683436e-09,1.012
4680.941000000108,1.8475020509699647e-05,0.027016566617445503,0.2436693623985069,-0.5891645063133167,1.7384327639243922,-1.789295044083267e-09,1.011
4680.941000000108,1.852973126202277e-05,0.027087701817311634,0.2401819426243681,-0.5767950673263589,1.6854752972273346,-1.732744627686144e-09,1.011
4680.941999999806,1.850393911609347e-05,0.0270545389338476,0.24297339538423257,-0.5822121226878353,1.7384327639243922,-1.7566129477106456e-09,1.011
4680.941000000108,1.8534420378862697e-05,0.027072504738581384,0.23175588173191208,-0.578889063655144,1.7384327639243922,-1.762610930968678e-09,1.011
4680.940999999642,1.8484399191656897e-05,0.027004795395613974,0.23628406223808884,-0.5821044192688792,1.7384327639243922,-1.7689762170600975e-09,1.011
4680.942000000272,1.8442975239750312e-05,0.026948562113775186,0.24924496555068165,-0.5904012375144125,1.7384327639243922,-1.7886832522883921e-09,1.011
4680.941000000108,1.8483618052132906e-05,0.027002742026006842,0.230936644973875,-0.5807476081198967,1.7384327639243922,-1.7585713876605848e-09,1.011
4680.941000000108,1.84515735186084e-05,0.026954092025573344,0.24400288346108434,-0.5872496160150278,1.7384327639243922,-1.7760753911517672e-09,1.011
4680.941999999806,1.8510973443876837e-05,0.027050001184890253,0.23194615171952604,-0.5849468848307532,1.7384327639243922,-1.779747453460193e-09,1.011
4680.942000000272,1.8484399007908705e-05,0.027004795395613974,0.23628406223808884,-0.5821044192688792,1.7384327639243922,-1.768975560887541e-09,1.011
4680.941000000108,1.842343581443173e-05,0.026922681315774785,0.2548574123042915,-0.5859390214094272,1.7384327639243922,-1.7518392771446752e-09,1.011
4680.941999999806,1.845000943537475e-05,0.02695218938825771,0.24374709327992905,-0.5878735867292126,1.7384327639243922,-1.779258262537329e-09,1.011
4680.941000000108,1.847345655093534e-05,0.026997388287739517,0.244614101903037,-0.5888588566952266,1.7384327639243922,-1.7824399372897403e-09,1.011
4680.941000000108,1.84632972703618e-05,0.026976711228723714,0.23553682441211388,-0.5794095435928063,1.7384327639243922,-1.7424144316719147e-09,1.01
4680.940999999642,1.8422654395556295e-05,0.026919145317327284,0.24794220468512584,-0.5848623612209901,1.7384327639243922,-1.751227436400096e-09,1.01
4680.8610000000335,1.8516084937275438e-05,0.027056635756530015,0.23269138087255925,-0.5828168915399149,1.7384327639243922,-1.7702467442693338e-09,1.01
4680.941000000108,1.8260086748127475e-05,0.026875293677584438,0.5300871814663943,-0.668784091779586,1.6763620978123273,-1.8706935508001676e-09,1.01
4680.915000000037,1.849778569609854e-05,0.02701887991377273,0.21105839077903665,-0.5856036168093254,1.7193793404575042,-1.8153649273177844e-09,1.01
4680.878999999724,1.8519881803655072e-05,0.027046671438412433,0.2298958393046706,-0.5764087856691813,1.7384327639243922,-1.7432394422853758e-09,1.01
4680.941000000108,1.8528949548629558e-05,0.02707055122434235,0.2303308497222658,-0.5759849191458691,1.7384327639243922,-1.7411903379666334e-09,1.01
4680.940999999642,1.8397644161798497e-05,0.02689789573315713,0.23006368276172662,-0.5821001119573669,1.7193793404575042,-1.7487792670894727e-09,1.01
4680.941999999806,1.8494560300687048e-05,0.027058329681046548,0.25736365637012604,-0.5907296853821419,1.6854752972273346,-1.7705669357393404e-09,1.01
4680.940999999642,1.849143363412583e-05,0.02702751447065635,0.24344054413012017,-0.5770076378046577,1.7384327639243922,-1.7250327895697674e-09,1.01
4680.942000000272,1.8423436307562012e-05,0.026926252559966023,0.24533281811869045,-0.5805887112066779,1.7193793404575042,-1.7263794125507248e-09,1.009
4680.941000000108,1.8364035567664705e-05,0.02684213106293907,0.22758029105241961,-0.5733496131942686,1.7193793404575042,-1.7048367818542314e-09,1.009
4680.941000000108,1.842968903159788e-05,0.026908010436318484,0.19449537151136775,-0.5624789021833931,1.7193793404575042,-1.697737146735472e-09,1.009
4680.925999999978,1.8486062840714713e-05,0.026987176441926865,0.21736528321653648,-0.5679478002670079,1.7220572131230525,-1.704356169830108e-09,1.009
4680.941000000108,1.8496123613550277e-05,0.027017930893086347,0.23594328506801432,-0.5752788236051152,1.7384327639243922,-1.7282160436199893e-09,1.009
4680.895000000019,1.850648116881159e-05,0.02702439543667811,0.23033310863445866,-0.5721361908120611,1.7384327639243922,-1.7171331073129427e-09,1.009
4680.942000000272,1.844844693904703e-05,0.026949335180420815,0.24692982204661718,-0.5730437932724147,1.7220572131230525,-1.6979816567503518e-09,1.009
4560.905999999959,1.849831966565744e-05,0.026427835691278927,0.31358512127062266,-0.6095486950721785,1.422112718852032,-1.9020708885573704e-09,1.009
4560.917000000365,1.849830267924729e-05,0.026428039949011713,0.3082492514776436,-0.6034648338460581,1.422112718852032,-1.868247908213375e-09,1.009
4560.916999999899,1.8525288384751758e-05,0.02647191876556938,0.30747249000239485,-0.6057077942094365,1.422112718852032,-1.8800121846009566e-09,1.009
4560.916999999899,1.8420721381793408e-05,0.026328430162427356,0.31568745240993845,-0.6212871497347554,1.424289986119983,-1.953282499673498e-09,1.009
4560.918000000063,1.8452766578174892e-05,0.026381990953937833,0.3140393710447289,-0.60696670130452,1.422112718852032,-1.8748715664191756e-09,1.009
4560.878000000026,1.8444452506333973e-05,0.026361726437825094,0.3039381827509722,-0.6110274331529422,1.424289986119983,-1.908819953262672e-09,1.009
4560.902999999933,2.0321573413766906e-05,0.028740098335977782,-0.01166795557164546,-0.5921810268548728,1.3891452268462232,-2.3939670701206126e-09,1.009
4560.918000000063,1.8380243344475525e-05,0.02629634909466522,0.3232587222600092,-0.6135026106995557,1.422112718852032,-1.884643981430784e-09,1.009
4560.875,1.8371993210276065e-05,0.026228622167066378,0.2774831953480179,-0.6031632439414946,1.422112718852032,-1.8860065036850916e-09,1.009
4560.896999999415,1.8353285855363596e-05,0.026262301917849673,0.32935321338327794,-0.6216881545257401,1.422112718852032,-1.9207887105488403e-09,1.008
4560.899000000209,1.834662100025576e-05,0.026213542255308597,0.30819494461692276,-0.6063529012491037,1.422112718852032,-1.879085978511171e-09,1.008
4560.917000000365,1.8452765331679032e-05,0.02638199095393783,0.3140393710447782,-0.6069667013045743,1.422112718852032,-1.8748715486512446e-09,1.008
4560.916999999434,1.843590093069656e-05,0.026328045728895903,0.294012710359532,-0.6028454426784081,1.422112718852032,-1.8820039997932304e-09,1.008
4560.917000000365,1.8392049439219414e-05,0.02629442452562143,0.32092967630747227,-0.6043317058513014,1.422112718852032,-1.8478235510982438e-09,1.008
4560.916999999434,1.8496617258270498e-05,0.02641044246098791,0.2569427720172892,-0.5894713290366047,1.422112718852032,-1.8554195238399334e-09,1.008
4560.895000000484,1.8495070925922248e-05,0.02641723765544245,0.29862810145253116,-0.6101965462859996,1.422112718852032,-1.921905258633876e-09,1.008
4560.896999999881,1.8429272730278193e-05,0.02635665787433968,0.32245426236563457,-0.6153135251252635,1.422112718852032,-1.9011354152487864e-09,1.008
4560.917000000365,1.849661662120769e-05,0.026431256800091566,0.3037743888601212,-0.5990336183871059,1.422112718852032,-1.855882502767434e-09,1.008
4560.904999999329,1.8395468345143415e-05,0.026303686825629242,0.3220684546232211,-0.6085531643815929,1.422112718852032,-1.8649933892239385e-09,1.008
4560.917000000365,1.8437587923182868e-05,0.026345365296472675,0.2856372837273842,-0.6097169213255221,1.422112718852032,-1.9189170097369453e-09,1.008
4560.904999999329,1.8476456002659532e-05,0.026366333377291634,0.2590675360907846,-0.5887453786168348,1.422112718852032,-1.8527505590420488e-09,1.008
4560.917000000365,1.8491558564997057e-05,0.026409267174848896,0.27858369652696213,-0.5965701082431865,1.422112718852032,-1.862968963862007e-09,1.008
4560.917000000365,1.84949303723097e-05,0.026438608132804565,0.3147855186612891,-0.609096729324154,1.422112718852032,-1.8835320527399434e-09,1.008
4560.917000000365,1.845276691671105e-05,0.026389177023310357,0.32204716592493865,-0.6095799034395223,1.422112718852032,-1.877558296493603e-09,1.008
4560.917000000365,1.8466259593426805e-05,0.026395491988234362,0.3018997247875719,-0.5920163103964706,1.422112718852032,-1.8071588145863435e-09,1.007
4560.911000000313,1.8387017987187656e-05,0.026298376155079628,0.3122001277495783,-0.6016615718220482,1.422112718852032,-1.841104594376251e-09,1.007
4560.917000000365,1.8407228637729265e-05,0.026292730788331803,0.2902479266508422,-0.5997618496821641,1.422112718852032,-1.864357219566122e-09,1.007
4560.917999999598,1.839542368833649e-05,0.026276711876574915,0.2895182247551884,-0.5937169041441372,1.422112718852032,-1.8361526796785678e-09,1.007
4560.917000000365,1.8432527282296566e-05,0.02634249656934729,0.32685657808634216,-0.6075927686191076,1.422112718852032,-1.880614646268581e-09,1.007
4560.917999999598,1.8461199253812317e-05,0.02636280146237626,0.2872381465922089,-0.6036002922065757,1.422112718852032,-1.896222525213563e-09,1.007
4560.917000000365,1.8486497745596915e-05,0.02641258850073279,0.31712139675155493,-0.6051174978211772,1.422112718852032,-1.878205616722448e-09,1.007
4560.900999999605,1.847133749685372e-05,0.026379995897190006,0.2755376580841813,-0.5970282578392462,1.422112718852032,-1.8762117498534437e-09,1.007
4560.916999999434,1.8506735954771075e-05,0.02643480509438018,0.3099788276579196,-0.6088045083834894,1.422112718852032,-1.898306965984205e-09,1.007
4560.917000000365,1.850167670235165e-05,0.026430593037483862,0.3042835090085729,-0.6002525787419293,1.422112718852032,-1.851204531641293e-09,1.007
4560.917000000365,1.846457285535234e-05,0.02638628748690181,0.31662644363745684,-0.6054618567393341,1.422112718852032,-1.867508022391782e-09,1.007
4560.917000000365,1.8467945187013036e-05,0.02638329533255065,0.3066603399071308,-0.6022425257222689,1.422112718852032,-1.861486876005834e-09,1.007
4560.916000000201,1.8444333896586085e-05,0.026356350657346518,0.31622128376282044,-0.6144743712408102,1.424289986119983,-1.9108589150241044e-09,1.007
4560.916999999434,1.8447707128042944e-05,0.026353662355888065,0.2990778698266485,-0.6040962558428603,1.424289986119983,-1.882328387207517e-09,1.007
4560.916999999434,1.8393736773066142e-05,0.02629827352286461,0.3267683550612701,-0.6128667672939315,1.422112718852032,-1.889089566599565e-09,1.007
4560.916999999434,1.8484810712408624e-05,0.02642106876138676,0.3096326213188383,-0.6046278372673772,1.422112718852032,-1.8732504475885957e-09,1.007
4560.917000000365,1.8451078619272686e-05,0.026379995897190034,0.3127190973062084,-0.6078229452388281,1.422112718852032,-1.880012845650746e-09,1.007
4560.917000000365,1.8420721181858945e-05,0.02634042167022356,0.31907542044448123,-0.6160600757062902,1.424289986119983,-1.9249376620263974e-09,1.007
4560.916999999434,1.8439273007701804e-05,0.02637500759508945,0.3177514725407571,-0.607266602661858,1.422112718852032,-1.8682019988151432e-09,1.007
4560.917000000365,1.8434214582757145e-05,0.026368713313989333,0.310295917416358,-0.6035680460928876,1.422112718852032,-1.8531500297278604e-09,1.006
4560.916999999434,1.847637734821805e-05,0.02640262326965956,0.30386167373831574,-0.5970488161556691,1.422112718852032,-1.8174412675176163e-09,1.006
4560.917999999598,1.8451079000874368e-05,0.02637835881485394,0.3187315014641694,-0.6030068393148541,1.422112718852032,-1.8504636116201687e-09,1.006
4560.916999999434,1.8415662346779e-05,0.026321612041416458,0.30821113454438454,-0.6102755891924864,1.424289986119983,-1.8941387311318695e-09,1.006
4560.917000000365,1.844096135281734e-05,0.026359038684630905,0.30273993490995377,-0.6081986027992635,1.422112718852032,-1.8922400365108714e-09,1.006
4560.916999999899,1.845445301857519e-05,0.02636930186735441,0.300483624866438,-0.6025534549448626,1.422112718852032,-1.8590784458038177e-09,1.006
4560.916999999434,1.84055424405974e-05,0.026305354206302357,0.30808428046952807,-0.5962405867685592,1.422112718852032,-1.820590233893066e-09,1.006
4560.917000000365,1.8459510870732647e-05,0.026383985859827028,0.3074892555662969,-0.5996231997365802,1.422112718852032,-1.8476386819767567e-09,1.006
4560.916999999434,1.843084141523762e-05,0.02634882272207634,0.305728684581521,-0.5987512858308798,1.422112718852032,-1.8363832920568956e-09,1.006
4560.917000000365,1.8402170167307706e-05,0.026312843289870852,0.3102866534920885,-0.6077896800287859,1.422112718852032,-1.8757057405057916e-09,1.006
4560.918000000529,1.8403855991160156e-05,0.02632384222270227,0.3121478336768533,-0.6118811405366524,1.422112718852032,-1.891961950116284e-09,1.006
4560.917000000365,1.8388675635498355e-05,0.026299838620626282,0.3160414458191405,-0.6074169864629093,1.422112718852032,-1.857919795637216e-09,1.006
4560.917000000365,1.8407227973733287e-05,0.02630922725198313,0.305945399627801,-0.6014128881769045,1.422112718852032,-1.8434240059715606e-09,1.006
4560.916999999434,1.837349672879166e-05,0.026273193596409,0.3061645556884205,-0.6009083302091262,1.422112718852032,-1.8489814034000471e-09,1.006
4560.895000000484,1.8388799790753517e-05,0.026268570322243036,0.2880245052113599,-0.5979973032953436,1.422112718852032,-1.8529085427357256e-09,1.006
4560.918000000529,1.8429154918525795e-05,0.026306380234187302,0.2683977397499899,-0.5932686243459826,1.422112718852032,-1.8588471879429782e-09,1.006
4560.916999999434,1.8467945018980392e-05,0.026390506615186608,0.30521458509937327,-0.6075567932228978,1.422112718852032,-1.9002982015659844e-09,1.006
4560.905000000261,1.84966782899899e-05,0.026442461660697605,0.3159949342253281,-0.6110299053646876,1.422112718852032,-1.9060306161019752e-09,1.005
4560.918000000529,1.8471318207021066e-05,0.026373702806585488,0.29951711148674764,-0.6040693092988811,1.422112718852032,-1.8872377101353914e-09,1.005
4560.917000000365,1.852023020217732e-05,0.026458303712778432,0.3016513452323881,-0.6003021845341815,1.422112718852032,-1.862367455693123e-09,1.005
4560.917000000365,1.8481437681359324e-05,0.026381607300895792,0.2875187915395947,-0.5944140992627391,1.422112718852032,-1.8363832447043488e-09,1.005
4560.916999999434,1.84999894139532e-05,0.02642515466218463,0.30440706159208286,-0.5982303524265774,1.422112718852032,-1.8470823471581949e-09,1.005
4560.917000000365,1.8499989738847926e-05,0.026429035682852795,0.30771609972234426,-0.6034153527989393,1.422112718852032,-1.8686661145592357e-09,1.005
4560.917000000365,1.853034940451766e-05,0.026478876565736994,0.3045095128446249,-0.6044790188534157,1.422112718852032,-1.8737609180033472e-09,1.005
4560.905000000261,1.8474744037319877e-05,0.02640474439027558,0.3118209242871486,-0.5974487699620298,1.422112718852032,-1.834103367189193e-09,1.005
4560.895999999717,1.8451128523053436e-05,0.02637278174053969,0.31518310637820646,-0.5982684935647536,1.422112718852032,-1.8261395635072451e-09,1.005
4560.912000000477,1.8432554277982814e-05,0.026356657874339714,0.3155762165117961,-0.594861230645528,1.422112718852032,-1.8082846900984174e-09,1.005
4560.878999999724,1.8420850555413695e-05,0.026320689152506793,0.3129961174787028,-0.6073039306463703,1.422112718852032,-1.8670271932062877e-09,1.005
4560.917000000365,1.842072143761569e-05,0.02633142855134633,0.3074730086817432,-0.5974510097549671,1.422112718852032,-1.822396342939712e-09,1.005
4560.917000000365,1.843927272265249e-05,0.0263753657610343,0.320708224477265,-0.602427194654725,1.422112718852032,-1.836151748968566e-09,1.005
4560.916999999434,1.844602013773715e-05,0.0263756983393424,0.31755287137049315,-0.6000387224504257,1.422112718852032,-1.8307793943828807e-09,1.005
4560.918000000529,1.8474690513595006e-05,0.02640512770714752,0.303948784716773,-0.5883599136435975,1.422112718852032,-1.784881791884385e-09,1.005
4560.917000000365,1.845107937816909e-05,0.026381351529101475,0.3175320161938,-0.6021992119073952,1.422112718852032,-1.8429603905577922e-09,1.005
4560.824999999255,1.8419535055065935e-05,0.026341062088625355,0.31694136346929946,-0.6063366881352034,1.422112718852032,-1.8580351442919242e-09,1.005
4560.838999999687,1.8452886260870846e-05,0.0263809934444234,0.30698892071550876,-0.5978929861400685,1.422112718852032,-1.8246567357931672e-09,1.005
4560.896999999881,1.8501804550039598e-05,0.026430593037483862,0.3042835090085729,-0.6002525787419293,1.422112718852032,-1.8512410315852126e-09,1.005
4560.917000000365,1.848143777579778e-05,0.026414095733931452,0.31547442592324293,-0.6048538411919947,1.422112718852032,-1.8738066218210782e-09,1.005
4560.916999999434,1.847469119237453e-05,0.026389279301986878,0.30922238486099607,-0.599902556923952,1.422112718852032,-1.8437017696327208e-09,1.005
4560.917999999598,1.848818337710561e-05,0.026441542989801326,0.315520320584151,-0.5996491554148206,1.422112718852032,-1.8436089119038283e-09,1.004
4560.917000000365,1.8481438088948806e-05,0.026407683010769824,0.3051633116980348,-0.5913556347512952,1.422112718852032,-1.8069276013789698e-09,1.004
4560.917000000365,1.8434213287247808e-05,0.02636024180803618,0.31930404565058534,-0.5962722469663311,1.422112718852032,-1.8126708064393407e-09,1.004
4560.917000000365,1.840554197401402e-05,0.02632068915250679,0.32620301574317345,-0.6022109389617698,1.422112718852032,-1.8366155919691438e-09,1.004
4560.916999999434,1.839373551394176e-05,0.026298684049321685,0.32389599380781453,-0.6097561809720846,1.422112718852032,-1.8714902779119787e-09,1.004
4560.921999999322,1.8439247726980423e-05,0.026347670297285634,0.31239154410916825,-0.5994549417762557,1.422112718852032,-1.8299303476065885e-09,1.004
4560.917000000365,1.845782692924983e-05,0.026391580467417096,0.31753207212239687,-0.6067483628543688,1.422112718852032,-1.8612085339573395e-09,1.004
4680.941000000574,1.940197723292435e-05,0.028683909542924366,0.5010756150962221,-0.7580482009283452,1.6854752972273346,-2.5907928709431915e-09,1.004
4680.941999999806,1.9452779441505722e-05,0.028759290583597427,0.4842162171867188,-0.7521897344729066,1.6854752972273346,-2.5772066732121705e-09,1.004
4680.917999999598,1.9492729428441828e-05,0.02880166483792035,0.4748317997086233,-0.74654749586951,1.6854752972273346,-2.562954740443715e-09,1.004
4680.941999999806,1.9406665707505075e-05,0.02867997603975684,0.49139508359310025,-0.7477122530382971,1.6854752972273346,-2.536201161251282e-09,1.004
4680.941999999806,1.945981354116735e-05,0.0287451668178255,0.47177062189929675,-0.7515483054305477,1.6854752972273346,-2.592752365404009e-09,1.004
4680.941999999806,1.9403540529315186e-05,0.0286850269170306,0.48863655492201863,-0.7548522361755204,1.6854752972273346,-2.5787982485609354e-09,1.004
4680.940999999642,1.9390252427962707e-05,0.028655234005281426,0.4901188171890407,-0.7533742502155102,1.6854752972273346,-2.5764722662374274e-09,1.004
4680.940999999642,1.9433239209644167e-05,0.028710044699837504,0.4749920893538162,-0.7535129472282629,1.6854752972273346,-2.590793651792649e-09,1.004
4680.941000000574,1.9392597597008313e-05,0.028665846738423238,0.4901329499808931,-0.7529955069444523,1.6854752972273346,-2.56484390187875e-09,1.004
4680.940999999642,1.9421515530831003e-05,0.028698688882765083,0.4774367984381387,-0.7523330086496425,1.6854752972273346,-2.582592482085889e-09,1.004
4680.940999999642,1.9396505046057383e-05,0.02867902610727113,0.4887955477837469,-0.7527277615354104,1.6854752972273346,-2.5649657720302748e-09,1.003
4680.940999999642,1.9447307555882084e-05,0.028758722199779724,0.5170747613097646,-0.7649646568168478,1.6854752972273346,-2.6182116082660497e-09,1.003
4680.941000000574,1.9391034184944966e-05,0.028657303181580548,0.4781474214728134,-0.753297149854195,1.6854752972273346,-2.5812463732337014e-09,1.003
4680.940999999642,1.9437147002711958e-05,0.02872271280309768,0.5047716636067707,-0.7609217217212011,1.6763620978123273,-2.6082971577754983e-09,1.003
4680.940999999642,1.939416139433665e-05,0.028689808786486,0.5262139597473134,-0.7680607966576031,1.6854752972273346,-2.6223733059801346e-09,1.003
4680.941999999806,1.9405883960575258e-05,0.028664627983560124,0.47153557911023647,-0.750197093929198,1.6854752972273346,-2.5759826923035043e-09,1.003
4680.940999999642,1.940510280832596e-05,0.028676980851708073,0.4802161491079011,-0.7469434077642663,1.6854752972273346,-2.5481963251281307e-09,1.003
4680.942000000738,1.9358207465050324e-05,0.02861880321459823,0.489469908600622,-0.7598158853270459,1.6854752972273346,-2.5922623771302873e-09,1.003
4680.941999999806,1.946372068435139e-05,0.028749124847326724,0.49358110065504235,-0.7531311680195011,1.6854752972273346,-2.590915790601368e-09,1.003
4680.940999999642,1.9403539873787508e-05,0.02870254165463221,0.5139631818770938,-0.7675250920491227,1.6854752972273346,-2.6311865957475472e-09,1.003
4680.941000000574,1.9423860230777324e-05,0.02873111419832032,0.5071453018128844,-0.7608893096891853,1.6854752972273346,-2.6025439303275593e-09,1.003
4680.940999999642,1.9359771657042476e-05,0.02860679496114023,0.4819248513643526,-0.75309915904084,1.6854752972273346,-2.5734125376110832e-09,1.003
4680.941999999806,1.9373839301970272e-05,0.0286552899309297,0.5243586876337574,-0.7646844864752013,1.6854752972273346,-2.600830222709392e-09,1.003
4680.941000000574,1.936524149651556e-05,0.02858185501148301,0.4746950704112516,-0.7463206055147743,1.6854752972273346,-2.5537050860261115e-09,1.003
4680.941999999806,1.937540190880935e-05,0.02862023669919501,0.47622508244652284,-0.7516102718344889,1.6854752972273346,-2.5761043980021247e-09,1.003
4680.924999999814,1.9455216013672393e-05,0.02869807462495503,0.4473412025975243,-0.7412780134528577,1.6854752972273346,-2.568563478508535e-09,1.003
4680.941999999806,1.9380872920368815e-05,0.028673840038685127,0.5261493484709914,-0.7690461686025183,1.6854752972273346,-2.6217612324139584e-09,1.003
4680.940999999642,1.9409792627352838e-05,0.028683551974017348,0.4742186639880508,-0.7465938024752352,1.6854752972273346,-2.5574994067211954e-09,1.003
4680.940999999642,1.9334760796776325e-05,0.028555658651581505,0.4894744437360803,-0.751357502348725,1.6854752972273346,-2.561661304316456e-09,1.003
4680.941000000574,1.939103481276741e-05,0.02867407477326102,0.5116443081472788,-0.7705568366244916,1.6854752972273346,-2.6522402104651984e-09,1.003
4680.940999999642,1.934179414355516e-05,0.02858625050524672,0.4880345585638102,-0.7533782644610205,1.6854752972273346,-2.568393492584345e-09,1.003
4680.940999999642,1.9319127879299658e-05,0.028553997429970637,0.49711550519408565,-0.7555158145822222,1.6854752972273346,-2.5660676506729343e-09,1.002
4680.940999999642,1.9376183894080118e-05,0.02865702357189246,0.5263653988783972,-0.7671496232080427,1.6854752972273346,-2.6141726978203153e-09,1.002
4680.941999999806,1.9322254534613434e-05,0.02856028262447247,0.49434163699153544,-0.7555791554592483,1.6854752972273346,-2.5712089133740393e-09,1.002
4680.941999999806,1.9376184109504862e-05,0.028619508766771003,0.470799555575665,-0.7488810455388971,1.6854752972273346,-2.5683928622374425e-09,1.002
4680.941999999806,1.9335542058218573e-05,0.028580060738124267,0.4853208778899698,-0.7487876235669386,1.6854752972273346,-2.543422690324334e-09,1.002
4680.941000000574,1.926989055009145e-05,0.02851260405055262,0.5158223058576237,-0.764791270262402,1.6854752972273346,-2.5847965433001606e-09,1.002
4680.941000000574,1.936211605931455e-05,0.028650849094680488,0.52516337454805,-0.7684837990397311,1.6854752972273346,-2.6183342270700295e-09,1.002
4680.940999999642,1.939259703901149e-05,0.028650681291402816,0.4715649095460348,-0.7501078342338132,1.6854752972273346,-2.580266333388935e-09,1.002
4680.854000000283,1.942196147742302e-05,0.02869797410878891,0.47841686152895546,-0.7377190299851345,1.7193793404575042,-2.5022197226942117e-09,1.002
4680.941000000574,1.9414480524619855e-05,0.028715715343558962,0.5196387498959574,-0.763575481532702,1.6854752972273346,-2.606950375414837e-09,1.002
4680.921000000089,1.945513691598217e-05,0.02875087512603434,0.4954625258499159,-0.7536272201113827,1.6854752972273346,-2.581747431594343e-09,1.002
4680.878999999724,1.940544715331292e-05,0.028656721590365003,0.4925813570870181,-0.7560208505573591,1.6854752972273346,-2.593734835513081e-09,1.002
4680.940999999642,1.9468411125329124e-05,0.028744575853987514,0.483850607200516,-0.7561928138538415,1.6854752972273346,-2.612703758743944e-09,1.002
4680.941000000574,1.9447307517639007e-05,0.028705578837749577,0.47752577939229424,-0.7524866353779097,1.6854752972273346,-2.591527392513457e-09,1.002
4680.941000000574,1.9496547445271475e-05,0.02879386286106015,0.4825701523349748,-0.757347235414444,1.6854752972273346,-2.6175993515183706e-09,1.002
4680.940999999642,1.9441837040475e-05,0.028731727749774817,0.492726173789499,-0.7576229911182567,1.6854752972273346,-2.6038905577635425e-09,1.002
4680.941999999806,1.9442618238137135e-05,0.02873307751685754,0.4915347488341215,-0.7537937771081487,1.6854752972273346,-2.5790428592229756e-09,1.002
4680.941999999806,1.94723182138736e-05,0.02876696823682437,0.48096402912549374,-0.7471463762898514,1.6854752972273346,-2.553827361855247e-09,1.002
4680.934000000358,1.9473911278160565e-05,0.02875533395335955,0.479947269407222,-0.7442948940349331,1.6854752972273346,-2.5313231904532766e-09,1.001
4680.929999999702,1.9403536579176128e-05,0.02864616142003259,0.486036030078421,-0.7469243906766643,1.6854752972273346,-2.5526042818527883e-09,1.001
4680.947000000626,1.940197230243167e-05,0.028638820703409756,0.475563796219725,-0.7421569605946692,1.6854752972273346,-2.5303221407177984e-09,1.001
4680.940999999642,1.9443400263173734e-05,0.02871092662545583,0.4863339770377255,-0.758122573898016,1.6854752972273346,-2.613437876272776e-09,1.001
4680.929000000469,1.9411357922144117e-05,0.028658018969950648,0.47219653995356303,-0.7491566739028519,1.6854752972273346,-2.5668036177488237e-09,1.001
4680.940999999642,1.940744810556909e-05,0.028690646648833248,0.5009215568052636,-0.7597822695154113,1.6854752972273346,-2.6019316113786953e-09,1.001
4680.941000000574,1.948013468961284e-05,0.02876870628892551,0.4743426749841704,-0.7416132293056387,1.6854752972273346,-2.526653928631624e-09,1.001
4680.940999999642,1.9414481504478444e-05,0.028690925930844963,0.4920316424832989,-0.7516044609141463,1.6854752972273346,-2.558478466067427e-09,1.001
4680.925999999978,1.9420054111854788e-05,0.028693059555695132,0.4880258862632316,-0.7487053884577202,1.6854752972273346,-2.5436775859541466e-09,1.001
4680.940999999642,1.9376966492014928e-05,0.02864352076912479,0.5062160517447882,-0.7509961974866848,1.6854752972273346,-2.5379148599186957e-09,1.001
4680.940999999642,1.9391034359960333e-05,0.02867394063945297,0.500328400906723,-0.7536065306014066,1.6854752972273346,-2.562150685280705e-09,1.001
4680.940999999642,1.939963211149344e-05,0.028674018884250592,0.49156243323906024,-0.745577268723335,1.6854752972273346,-2.5223704081689193e-09,1.001
4680.332000000402,1.936150592686328e-05,0.028612788516093064,0.4958609721669309,-0.7554348164468541,1.6854752972273346,-2.566368017975994e-09,1.001
4680.333000000566,1.939824464562939e-05,0.028670721239798923,0.4903955683155683,-0.7431276609510569,1.6854752972273346,-2.5074765794698767e-09,1.001
4680.332999999635,1.940918846466963e-05,0.028676980851708073,0.48715048522125937,-0.7426315237011999,1.6854752972273346,-2.5091904698854776e-09,1.001
4837.23900000006,1.9805953827216874e-05,0.029290603288320782,0.3495746029847986,-0.772423676433618,5.107344189772966,-2.824904126824922e-09,1.014
4837.23900000006,1.9805953827216874e-05,0.029290603288320782,0.3495746029847986,-0.772423676433618,5.107344189772966,-2.824904126824922e-09,1.014
4887.325000000186,1.9981253454552865e-05,0.02984353172350761,0.29905815055083274,-0.7707687762563473,5.119895269850627,-2.8879358010094566e-09,1.015
4887.325000000186,1.9981253454552865e-05,0.02984353172350761,0.29905815055083274,-0.7707687762563473,5.119895269850627,-2.8879358010094566e-09,1.015
4837.12799999956,2.01046773361008e-05,0.029469649237873676,0.11378301507161481,-0.5468073061852117,5.115610152107422,-1.826691792832906e-09,1.022
4837.12799999956,2.01046773361008e-05,0.029469649237873676,0.11378301507161481,-0.5468073061852117,5.115610152107422,-1.826691792832906e-09,1.022
4947.416000000201,1.9904504876398014e-05,0.030030079387444078,0.2590555725163215,-0.7436981730955409,5.157382450162818,-2.716120647257916e-09,1.025
4947.416000000201,1.9904504876398014e-05,0.030030079387444078,0.2590555725163215,-0.7436981730955409,5.157382450162818,-2.716120647257916e-09,1.025
4680.333000000566,1.8324211902213606e-05,0.026783270706610653,0.22955885426022027,-0.5563289626276487,1.7193793404575042,-1.599985246174517e-09,1.012
4680.333000000566,1.833046606454124e-05,0.02677446161684289,0.22263364187883417,-0.5568667835370189,1.7193793404575042,-1.6107598813579419e-09,1.012
4680.349000000395,1.8274102443947824e-05,0.026703308159601955,0.2227671251422052,-0.5722731760620738,1.7384327639243922,-1.6859287310347286e-09,1.012
4680.336999999359,1.827496004459964e-05,0.026677069285081213,0.18712648139797405,-0.5494916790925997,1.7384327639243922,-1.6067148307703508e-09,1.011
4680.332999999635,1.824526260373971e-05,0.026637536172351435,0.1902658471537344,-0.5453187278587367,1.7193793404575042,-1.5741515528095713e-09,1.011
4680.332999999635,1.8284346632932335e-05,0.026714912286240733,0.22265548054856543,-0.5614965577773124,1.7193793404575042,-1.6258197785777135e-09,1.011
4680.332999999635,1.826324093941768e-05,0.026680204896764398,0.22522248961031988,-0.5602432402598498,1.7193793404575042,-1.6183505784636752e-09,1.011
4680.333000000566,1.831326917766633e-05,0.02675798466980916,0.22795404674170427,-0.5702163228037792,1.6854752972273346,-1.6646309454553646e-09,1.011
4680.332999999635,1.8265586347064986e-05,0.026702527970212823,0.23656463609418488,-0.5648916560301367,1.6854752972273346,-1.62386016793319e-09,1.011
4680.332999999635,1.8324213022254807e-05,0.026771540572320136,0.21427513529703113,-0.5634279154985656,1.6854752972273346,-1.6479803510170515e-09,1.011
4680.333000000566,1.829607129839066e-05,0.026726343481618176,0.21968156997784227,-0.5698751851204408,1.6854752972273346,-1.6827515257448262e-09,1.011
4680.332999999635,1.8203051479939444e-05,0.026597558688818156,0.2303626442728266,-0.5720626852271039,1.7193793404575042,-1.6774869976087284e-09,1.011
4680.333000000566,1.8210868557351113e-05,0.026642926130973566,0.2587447263723677,-0.5739535204059721,1.6854752972273346,-1.6473680639526845e-09,1.011
4680.498999999836,1.9616579210495504e-05,0.028519494007810467,-0.07349065741478888,-0.4504079000854927,1.7525779239815469,-1.413292793189608e-09,1.01
4680.924999999814,1.8090571683542283e-05,0.026401971565852837,0.19460156352906344,-0.5325968890157833,1.7193793404575042,-1.5019049951719867e-09,1.01
4680.900999999605,1.832519186685207e-05,0.02677637688288608,0.23203215316165915,-0.5659419237017441,1.7193793404575042,-1.6574502269106157e-09,1.01
4680.929999999702,1.831089531399318e-05,0.026779776142761325,0.23822086743101112,-0.5668939232864991,1.7193793404575042,-1.6360443870392038e-09,1.01
4680.941999999806,1.8274153523145502e-05,0.026697438175379368,0.22742885650543032,-0.5711288872599944,1.7384327639243922,-1.6792533853661726e-09,1.01
4680.941999999806,1.8246798783087514e-05,0.02665539826020718,0.2086346046415435,-0.5604496167126682,1.7384327639243922,-1.638738284359402e-09,1.01
4680.941000000574,1.8249925373156504e-05,0.02666751601211498,0.21289228116981507,-0.5664355680952433,1.7193793404575042,-1.6590576202619596e-09,1.01
4680.940999999642,1.8322612399136723e-05,0.026789289382904966,0.24546911410982064,-0.5802071676952023,1.7193793404575042,-1.7052034149455517e-09,1.01
4680.940999999642,1.8261649561469567e-05,0.026693884347139527,0.21416555382443914,-0.5624746075598234,1.7193793404575042,-1.63984070610186e-09,1.009
4680.940999999642,1.8324957092615776e-05,0.026770582783422956,0.22986553000411813,-0.5617316686973084,1.7193793404575042,-1.6326181126819523e-09,1.009
4680.941000000574,1.827180935351888e-05,0.026720730452168315,0.24304060110279613,-0.5732108357707462,1.7193793404575042,-1.6698288020288315e-09,1.009
4680.930999999866,1.8343771395797804e-05,0.02678111657732373,0.21583619923567543,-0.5540681929810838,1.7193793404575042,-1.6169557907912303e-09,1.009
4680.941999999806,1.826086811399359e-05,0.0266732844352566,0.22986827048758451,-0.5652817782255822,1.7384327639243922,-1.6504892404680726e-09,1.009
4560.917000000365,1.8363378006224036e-05,0.026219590701843525,0.2752935023582914,-0.5952772758373844,1.422112718852032,-1.8416642788149381e-09,1.009
4560.916999999434,1.82604970854506e-05,0.02609491654260886,0.2976595904940078,-0.6101241776858477,1.422112718852032,-1.8991399265859407e-09,1.009
4560.917000000365,1.83161532416868e-05,0.02615439985124772,0.2802930656404552,-0.5911971283354827,1.422112718852032,-1.8090576397643881e-09,1.009
4560.916000000201,1.8331334554460267e-05,0.026207054710500968,0.3184880341440204,-0.6016926490896399,1.422112718852032,-1.8278150020445697e-09,1.008
4560.916999999434,1.8356631568417957e-05,0.026254361503866543,0.32536331966280185,-0.6143140121602195,1.422112718852032,-1.8877007811146323e-09,1.008
4560.917000000365,1.8285794520487137e-05,0.02614250369274596,0.28801504835274017,-0.6013723377263429,1.422112718852032,-1.8461100414532132e-09,1.008
4560.917000000365,1.8312779959186616e-05,0.026202368262508328,0.32960658724665803,-0.6128495304214729,1.422112718852032,-1.872046118236439e-09,1.008
4560.916999999434,1.8339766249971255e-05,0.026253770373784544,0.32858742505796545,-0.6161474363962901,1.422112718852032,-1.8858483742398495e-09,1.008
4560.916999999434,1.8312781128756855e-05,0.026213181878275215,0.332171887912009,-0.6159416032172502,1.422112718852032,-1.880012401539436e-09,1.008
4560.917999999598,1.82976014741553e-05,0.02619711432429874,0.33920506536487993,-0.6185173484519308,1.422112718852032,-1.887098760932732e-09,1.008
4560.905000000261,1.827743816264441e-05,0.026149162079555983,0.3269395389533334,-0.6030404575474995,1.422112718852032,-1.8101445931272577e-09,1.008
4560.917999999598,1.8282421822397093e-05,0.026171292902715575,0.34024663128077925,-0.6146903394449452,1.422112718852032,-1.8633398234514834e-09,1.008
4560.916999999434,1.8312781301252848e-05,0.026213181878275215,0.332171887912009,-0.6159416032172502,1.422112718852032,-1.8800124226892428e-09,1.008
4560.916999999434,1.831446749582498e-05,0.026201441173495623,0.3275667036296541,-0.6102201044917628,1.422112718852032,-1.8551416758896563e-09,1.007
4560.917000000365,1.8312780241781554e-05,0.026197500679174684,0.32387625238552253,-0.6072012585104105,1.422112718852032,-1.848425489093155e-09,1.007
4560.917999999598,1.836675090402149e-05,0.026259681075794298,0.29833356554189816,-0.5998557539764334,1.422112718852032,-1.8371245290332817e-09,1.007
4560.917000000365,1.8284109161154108e-05,0.026149213688335244,0.3237986243458253,-0.6029430567226982,1.422112718852032,-1.8258704408016645e-09,1.007
4560.916999999434,1.8321214058700777e-05,0.026198479419360203,0.3162001034554689,-0.6021151642033938,1.422112718852032,-1.825871075335124e-09,1.007
4560.917000000365,1.826724299064748e-05,0.026148233104111192,0.3398226736850529,-0.6103961664771653,1.422112718852032,-1.8348548016530547e-09,1.007
4560.917999999598,1.8343138716524392e-05,0.026214546136635625,0.30968922652615216,-0.6005226561941217,1.422112718852032,-1.8360127499870776e-09,1.007
4560.916999999434,1.8326273405174535e-05,0.026200514051678437,0.3159745201004913,-0.6060770550697853,1.422112718852032,-1.8513902209215525e-09,1.007
4560.916999999434,1.832627421655027e-05,0.026205509820251,0.31451375790252634,-0.6009392151386667,1.422112718852032,-1.8276765850901582e-09,1.007
4560.917000000365,1.833976551655573e-05,0.026231606241172177,0.31034078035028534,-0.6041173377013549,1.422112718852032,-1.8504641443180295e-09,1.006
4560.918000000529,1.8300973787719532e-05,0.026172298404585667,0.322720814159418,-0.6040847963254339,1.422112718852032,-1.8285567038846576e-09,1.006
4560.917000000365,1.8299288230503405e-05,0.026197346137908056,0.333727373177632,-0.6125432729762006,1.422112718852032,-1.8575956112893702e-09,1.006
4560.917000000365,1.8289167711196944e-05,0.026168327736372822,0.3293696619977622,-0.6064386074481961,1.422112718852032,-1.8337901737483607e-09,1.006
4560.917000000365,1.8280735791843037e-05,0.026174309292445,0.3405306928206615,-0.6135004654357539,1.422112718852032,-1.8568086096639224e-09,1.006
4560.917000000365,1.8321212820810423e-05,0.026208548017846757,0.31982644475111854,-0.6028988799626158,1.422112718852032,-1.8210538892728297e-09,1.006
4560.916999999434,1.828916881624386e-05,0.026178407931640113,0.3330245365279012,-0.6072065695988353,1.422112718852032,-1.8289736770240265e-09,1.006
4560.917000000365,1.8295914311597218e-05,0.026169281783072228,0.3261657863461118,-0.6037801065858011,1.422112718852032,-1.8295290942097844e-09,1.006
4560.91599999927,1.8277364630161722e-05,0.02615628312850501,0.33756179346775284,-0.6093853877348422,1.422112718852032,-1.8418026326743009e-09,1.006
4560.918000000529,1.8292541941651817e-05,0.026167193149074,0.3246824966971573,-0.6008462929917895,1.422112718852032,-1.8124857380168968e-09,1.006
4560.918000000529,1.826724368323525e-05,0.026148233104111192,0.3398226736850529,-0.6103961664771653,1.422112718852032,-1.834855456846824e-09,1.006
4560.916999999434,1.8341454081853613e-05,0.02621431447512617,0.30494326383686987,-0.6006103554559971,1.422112718852032,-1.8358753384623351e-09,1.005
4560.917000000365,1.8295915910820566e-05,0.02617098350975267,0.3204124302717899,-0.6039312446325841,1.422112718852032,-1.8320301326492844e-09,1.005
4560.916999999434,1.829085612066101e-05,0.026165955361366226,0.31894772598173304,-0.6057956658547943,1.422112718852032,-1.8441186938230497e-09,1.005
4560.899999999441,1.825553585442755e-05,0.02612871699016155,0.33201937218611244,-0.6124080286044746,1.422112718852032,-1.8587536611424239e-09,1.005
4560.889000000432,1.8255627913065687e-05,0.026119108469862807,0.32801063909987604,-0.6034716736434839,1.422112718852032,-1.8134678753762885e-09,1.005
4560.719999999739,1.832188976139272e-05,0.026208136079491295,0.32635352539002893,-0.6075862759449603,1.422112718852032,-1.839333080751218e-09,1.005
4560.917000000365,1.8268929955418036e-05,0.02612817466779846,0.3236390726872962,-0.6047148141461947,1.422112718852032,-1.8373095877301407e-09,1.005
4560.916999999434,1.8304348089739215e-05,0.026156128343707976,0.3069424013150819,-0.5990825939140488,1.422112718852032,-1.8229067563628104e-09,1.005
4560.917000000365,1.8336393467928356e-05,0.02621588458527375,0.3196123393408681,-0.6042312796808782,1.422112718852032,-1.8328638066540272e-09,1.005
4560.917000000365,1.8300974568124786e-05,0.026138167087182355,0.3005656650181052,-0.5966308362746904,1.422112718852032,-1.8142915246871843e-09,1.005
4560.916999999434,1.8324586784235753e-05,0.0261706741131321,0.2943956071768672,-0.5926584501222749,1.422112718852032,-1.8046582429813573e-09,1.004
4560.917000000365,1.827904893214814e-05,0.026119340975787407,0.31143053250138,-0.5907474976913039,1.422112718852032,-1.7683940697989553e-09,1.005
4560.916999999434,1.8378556329540957e-05,0.02628782860039254,0.34348686218565483,-0.6140858951539204,1.422112718852032,-1.8805214589526284e-09,1.004
4560.917000000365,1.8329649518860324e-05,0.026173046060422,0.2880152872609574,-0.5865037837362388,1.422112718852032,-1.7757119869924935e-09,1.004
4560.896999999881,1.8292612379621872e-05,0.02613062794115728,0.28976965582338376,-0.5905496776111138,1.422112718852032,-1.8043862297088576e-09,1.004
4680.918000000529,1.9400531199858355e-05,0.028659405759044233,0.5050248299259903,-0.760870508089892,1.6854752972273346,-2.6106188179667495e-09,1.004
4680.93200000003,1.9338673793306502e-05,0.02856857472010918,0.49748701468715106,-0.7497183646650909,1.6854752972273346,-2.542449066989291e-09,1.004
4680.929999999702,1.9373916415036808e-05,0.028603881751993923,0.484257450898284,-0.7498907748718376,1.6854752972273346,-2.564603809234707e-09,1.004
4680.940999999642,1.930115241980267e-05,0.028526359829606815,0.5106671548116841,-0.7561779631749161,1.6854752972273346,-2.560559785551602e-09,1.004
4680.941000000574,1.9367586954116305e-05,0.02862538769192166,0.5195402092448393,-0.7618416877236496,1.6854752972273346,-2.5951999791995876e-09,1.004
4680.941999999806,1.9267543944385635e-05,0.028493409044450236,0.5197537565606378,-0.7659732982735882,1.6854752972273346,-2.5964244518774504e-09,1.004
4680.940999999642,1.9306623314400323e-05,0.028531179525708453,0.5110984564873653,-0.7584608531139071,1.6854752972273346,-2.575369973006967e-09,1.004
4680.940999999642,1.935898992033709e-05,0.028606514857767835,0.49927963134068953,-0.7515017588608863,1.6854752972273346,-2.5490532080604166e-09,1.004
4680.941999999806,1.9367586285950553e-05,0.02858684474207834,0.486233743566713,-0.7547964553210784,1.6854752972273346,-2.5841831206384154e-09,1.003
4680.890999999829,1.9345070124130395e-05,0.02857422857159119,0.5044612675025766,-0.7563627764522595,1.6854752972273346,-2.5653117332788717e-09,1.003
4680.940999999642,1.934804797612756e-05,0.028582034432623794,0.49382969787074726,-0.7573907473189981,1.6854752972273346,-2.589936398854428e-09,1.003
4680.92399999965,1.9341123580794174e-05,0.028599399312321944,0.5131438008994986,-0.7595703938659317,1.6854752972273346,-2.581003875149397e-09,1.003
4680.941000000574,1.9358989585487512e-05,0.02863491458575235,0.5020443166905135,-0.7590952961536996,1.6854752972273346,-2.586264853932416e-09,1.003
4680.941999999806,1.94363671415594e-05,0.02871875113347838,0.49616551427920186,-0.7643972675091221,1.6854752972273346,-2.6346137235649134e-09,1.003
4680.941999999806,1.9376184297856153e-05,0.028642972467864982,0.4979312285659203,-0.7587037796148367,1.6854752972273346,-2.601687727289172e-09,1.003
4680.942000000738,1.9422297007152333e-05,0.02870093360404133,0.4986133003615283,-0.7615282356619832,1.6854752972273346,-2.6189457638483346e-09,1.003
4680.940999999642,1.9402758048438482e-05,0.02866015504458213,0.49642807635992847,-0.7521659648530018,1.6854752972273346,-2.560560106310967e-09,1.003
4680.941000000574,1.9355862085810995e-05,0.028620315090813298,0.5216747441012606,-0.7698752591825904,1.6854752972273346,-2.631309193880797e-09,1.003
4680.940999999642,1.9330070556697518e-05,0.028574284655783485,0.5045503373987854,-0.7544449314992137,1.6854752972273346,-2.550889682364665e-09,1.003
4680.941000000574,1.9410573150327684e-05,0.028721373708308375,0.5373437094928732,-0.778446025142163,1.6854752972273346,-2.661909153682362e-09,1.003
4680.918000000529,1.9381020637644777e-05,0.028653533813475785,0.5117332425463013,-0.765405238463075,1.6854752972273346,-2.6220108304879082e-09,1.002
4680.941000000574,1.933710504736662e-05,0.028606066686667212,0.5346210729933096,-0.7710799104890519,1.6854752972273346,-2.6134387140310913e-09,1.002
4680.918000000529,1.9373182251251687e-05,0.028664270174127662,0.5146869630367812,-0.7675965248675869,1.6854752972273346,-2.6206106445329114e-09,1.002
4680.940999999642,1.9295680627379114e-05,0.02856930395030878,0.5480918580191263,-0.7736827159217008,1.6854752972273346,-2.6096432107207664e-09,1.002
4680.940999999642,1.937931054997268e-05,0.02865174402889702,0.5126198472320329,-0.7654526377605539,1.6854752972273346,-2.6198026744008706e-09,1.002
4680.941999999806,1.9316001677864312e-05,0.028595319681589643,0.5386707783989091,-0.7686606164442339,1.6854752972273346,-2.590547836251221e-09,1.002
4680.940999999642,1.9355862394592275e-05,0.02864637400422161,0.5233345716002753,-0.7686881463492777,1.6854752972273346,-2.6163752350182943e-09,1.002
4680.941000000574,1.9358208340274327e-05,0.02863380644962999,0.5273479466231152,-0.7687992100249431,1.6854752972273346,-2.612825739207407e-09,1.002
4680.940999999642,1.9325381415074473e-05,0.02860424031682304,0.540100304683151,-0.7731151208456831,1.6854752972273346,-2.617966794589783e-09,1.002
4680.941000000574,1.935586284865204e-05,0.02864637400422161,0.5233345716002753,-0.7686881463492777,1.6854752972273346,-2.6163758131063752e-09,1.002
4680.941999999806,1.9296462493521917e-05,0.028567497669150566,0.5445476520485402,-0.7717052814330129,1.6854752972273346,-2.5967911373236677e-09,1.002
4680.941000000574,1.931912846179273e-05,0.0285827633194266,0.5397214854888861,-0.773099996686572,1.6854752972273346,-2.618701048101016e-09,1.002
4680.940999999642,1.9228465423671926e-05,0.02846230075209249,0.5177653078834248,-0.768053854138764,1.6854752972273346,-2.5929968440985455e-09,1.002
4680.941999999806,1.9343356520895306e-05,0.02859234925460718,0.515470622767551,-0.7683943483741951,1.6854752972273346,-2.619312751940564e-09,1.001
4680.941000000574,1.9265199630679716e-05,0.028501900521427242,0.5105794794686545,-0.7622829556515957,1.6854752972273346,-2.5794103713836847e-09,1.001
4680.940999999642,1.9308968964677425e-05,0.028560046954640712,0.5327894001739804,-0.7650852239433585,1.6854752972273346,-2.575738500869299e-09,1.001
4680.941000000574,1.9239407369495196e-05,0.028440851803032415,0.5024752273554607,-0.7524839881694856,1.6854752972273346,-2.5298357640656524e-09,1.001
4680.940999999642,1.9252693727683793e-05,0.028471927244667537,0.4993664879982158,-0.7603550657458041,1.6854752972273346,-2.57573801686851e-09,1.001
4680.941999999806,1.923315557591484e-05,0.028442970381142768,0.5059849758061428,-0.7575256359834249,1.6854752972273346,-2.5543170232577953e-09,1.001
4680.940999999642,1.928004930802435e-05,0.02853805376721603,0.531716062386856,-0.7672948065449158,1.6854752972273346,-2.5839383837798972e-09,1.001
4680.940999999642,1.9355081365582657e-05,0.028601192372490432,0.5128687832857102,-0.7566487744042928,1.6854752972273346,-2.559702185661997e-09,1.001
4680.940999999642,1.930662278055316e-05,0.02851648196376516,0.4768623267180634,-0.7451383786396804,1.6854752972273346,-2.5291025463858927e-09,1.001
4680.941999999806,1.9416826259832267e-05,0.028677148501094842,0.4847690098419246,-0.7498413423646204,1.6854752972273346,-2.5644765525093495e-09,1.001
4680.940999999642,1.9352736525277762e-05,0.028607321548055592,0.5103738866156498,-0.7578333444649406,1.6854752972273346,-2.5705970759267455e-09,1.001
4680.941000000574,1.9369149635147792e-05,0.028639178830800378,0.5131253919314993,-0.7584671063898717,1.6854752972273346,-2.5692500385783273e-09,1.001
4680.940999999642,1.9349609950504554e-05,0.028594770456079867,0.5145359601678154,-0.7543396175895539,1.6854752972273346,-2.5522363255003693e-09,1.0
4680.941000000574,1.9267544232561497e-05,0.028481933094867583,0.5004323147441481,-0.753803451171475,1.6854752972273346,-2.5330189091528785e-09,1.0
4680.941999999806,1.9358988912740728e-05,0.02860310858128571,0.5148237948288816,-0.7593235727040216,1.6854752972273346,-2.58112369334107e-09,1.0
4680.941999999806,1.9337105164989792e-05,0.028557353447009687,0.4692078499995209,-0.7468043087749044,1.6854752972273346,-2.549298136110697e-09,1.0
4680.941999999806,1.9312876451014016e-05,0.02857877103456609,0.5256772707488415,-0.7643161801546825,1.6854752972273346,-2.5778189698346837e-09,1.0
4680.941000000574,1.9276923752169243e-05,0.028484408690747635,0.490357040060891,-0.75072849571096,1.6854752972273346,-2.541831926105146e-09,1.0
4680.940999999642,1.9340231735221867e-05,0.028592080219565188,0.5157788784646526,-0.7605664907173101,1.6854752972273346,-2.572555001565333e-09,1.0
4680.941000000574,1.9351955273178626e-05,0.02857733546998571,0.4702770357789827,-0.7440347601023322,1.6854752972273346,-2.531550077256717e-09,1.0
4680.940999999642,1.933007059875827e-05,0.028587965910008263,0.5254808255967576,-0.7627626641627595,1.6854752972273346,-2.5751257667431144e-09,1.0
4680.941999999806,1.9341012766759932e-05,0.028604105855538842,0.5197287817094454,-0.7592870255954198,1.6854752972273346,-2.5582336991703065e-09,1.0
4680.941999999806,1.9317565732164336e-05,0.02856351447168851,0.5279203999994246,-0.7623453264157324,1.6854752972273346,-2.567047594964598e-09,1.0
4680.941000000574,1.9370713683884677e-05,0.028608946063631818,0.5042926592811776,-0.7570797491531903,1.6854752972273346,-2.5807566176367085e-09,1.0
4680.940999999642,1.928864711142629e-05,0.028542714279856753,0.532243116103575,-0.7697297883739659,1.6854752972273346,-2.6038907357023622e-09,1.0
4680.941999999806,1.9353517791157762e-05,0.028623820096609697,0.5117063334575938,-0.762938260247647,1.6854752972273346,-2.6025441618412452e-09,1.0
4680.941999999806,1.9298025773555447e-05,0.028542714279856753,0.5304077127750437,-0.7639633512033304,1.6854752972273346,-2.5742688010419197e-09,0.999
4680.924000000581,1.9251233079570255e-05,0.02849191293269201,0.5333773996812314,-0.7610132073513018,1.6854752972273346,-2.530453164952251e-09,0.999
4680.901999999769,1.9473925387297394e-05,0.028976161731981476,0.765326778535528,-0.8407230352377711,1.6763620978123273,-2.776397843673447e-09,0.999
4680.929000000469,1.931059912632899e-05,0.028548103803391754,0.525349944671663,-0.7667391273171397,1.6854752972273346,-2.5992375865313004e-09,0.999
4680.940999999642,1.9332415322744394e-05,0.028573959365935854,0.4897338635837425,-0.7390357510255311,1.6854752972273346,-2.479283509016501e-09,0.999
4680.941000000574,1.931365839892409e-05,0.028543702435352487,0.4838974260544502,-0.7456854183854741,1.6854752972273346,-2.5199216208056908e-09,0.999
4680.940999999642,1.9312094008685362e-05,0.028557084082273684,0.5081876867456803,-0.7534266901733507,1.6854752972273346,-2.53436571050637e-09,0.999
4680.940999999642,1.9342576999713798e-05,0.02857877103456607,0.4904786120149316,-0.7493128903265709,1.6854752972273346,-2.530816227807059e-09,0.999
4680.940999999642,1.9375401728357282e-05,0.02864638519281939,0.5237779041172144,-0.7607511097193655,1.6854752972273346,-2.5805116016351834e-09,0.999
4680.942000000738,1.9406664960086072e-05,0.02866499696985942,0.5021375727574124,-0.747061875766284,1.6854752972273346,-2.5153927966910174e-09,0.999
4680.940999999642,1.9370712981931564e-05,0.028625074179726914,0.5066072024313351,-0.7504043497325747,1.6854752972273346,-2.5347322737868833e-09,0.999
4680.940999999642,1.9406667264809965e-05,0.028651576230860638,0.4756878184161848,-0.730900781542753,1.6646177528032564,-2.4710829782922357e-09,0.999
4680.941999999806,1.933241552032776e-05,0.02856112428656858,0.5040249805893677,-0.7528353094602147,1.6854752972273346,-2.5436681626086024e-09,0.999
4680.940999999642,1.9365241344035284e-05,0.02860194318304528,0.4880297463015819,-0.7354724131558704,1.6646177528032564,-2.4697364515445806e-09,0.998
4680.941999999806,1.936133342323099e-05,0.0285881452927966,0.4819022810353699,-0.7332460182113989,1.6646177528032564,-2.4625144154103237e-09,0.998
4680.942000000738,1.935899000755182e-05,0.028584994718854177,0.48110361929168066,-0.7379132121239144,1.6854752972273346,-2.4917694030494714e-09,0.998
4680.925999999978,1.935594113909473e-05,0.028604632491958312,0.5001078769969496,-0.7451311134390974,1.6854752972273346,-2.5028348634458118e-09,0.998
4680.940999999642,1.9381655938515854e-05,0.028619475169442854,0.47010012940321566,-0.7304864299882207,1.6646177528032564,-2.460066752504023e-09,0.998
4680.941999999806,1.931600224719514e-05,0.028533336328780048,0.4890309563891484,-0.7396094960445871,1.6854752972273346,-2.4874841148581724e-09,0.998
4680.940999999642,1.9343357679186502e-05,0.02856767718046353,0.472730340663047,-0.7338754006478083,1.6854752972273346,-2.4712049167060757e-09,0.998
4680.942000000738,1.936524114839681e-05,0.028623271417967992,0.49372197172536003,-0.7443252285147138,1.6854752972273346,-2.5106181711914197e-09,0.998
4680.941000000574,1.934101317290116e-05,0.0285859477760736,0.5002441245791225,-0.7395699906047809,1.6854752972273346,-2.4698593555958923e-09,0.998
4680.941000000574,1.934804610572119e-05,0.028591900861464105,0.500047799231143,-0.7417158273665718,1.6854752972273346,-2.4836902685700457e-09,0.998
4680.941999999806,1.9375402826365523e-05,0.028624178411678237,0.48461959759528206,-0.7362380639573997,1.6854752972273346,-2.471816922813641e-09,0.998
4680.941000000574,1.9382436685698478e-05,0.02863016832750962,0.4844054135252813,-0.738378376657647,1.6854752972273346,-2.4856489189316203e-09,0.997
4680.941999999806,1.934648383014842e-05,0.02858768562214798,0.48874237836199796,-0.7420408014281988,1.6854752972273346,-2.497399884563754e-09,0.997
4680.941999999806,1.9351173629372813e-05,0.028589838162428327,0.49536050132897147,-0.7365725939030742,1.6854752972273346,-2.4587199920567645e-09,0.997
4680.941999999806,1.9346484401271496e-05,0.02858768562214798,0.48874237836199796,-0.7420408014281988,1.6854752972273346,-2.4973993747132825e-09,0.997
4680.940999999642,1.934648406537816e-05,0.02858768562214798,0.48874237836199796,-0.7420408014281988,1.6854752972273346,-2.4973996556070574e-09,0.997
4680.941000000574,1.9358208002266957e-05,0.028592405303255585,0.4834345651624008,-0.739008947174671,1.6854752972273346,-2.487974325701825e-09,0.997
4680.942000000738,1.9348829051144333e-05,0.02858881796822859,0.48528074377739205,-0.7391970768510789,1.6854752972273346,-2.4813648203681576e-09,0.997
4680.942000000738,1.9313656714863008e-05,0.028551067607682532,0.4893217919337891,-0.7460515020628299,1.6854752972273346,-2.5155152053857735e-09,0.997
4680.940999999642,1.928942859469406e-05,0.02851648196376511,0.4986192311628028,-0.7490793260703296,1.6854752972273346,-2.516862198486974e-09,0.997
4680.940999999642,1.930662389395654e-05,0.028525472197714126,0.4939473937782357,-0.7483852520942451,1.6854752972273346,-2.5222475603463367e-09,0.997
4680.941999999806,1.934726539239332e-05,0.028580565388891737,0.489569498091706,-0.749243216000209,1.6854752972273346,-2.5359565958151255e-09,0.997
4680.940999999642,1.9316003366782533e-05,0.02852848329256842,0.4879165375443071,-0.7423432105756343,1.6854752972273346,-2.4962979231605186e-09,0.997
4680.941000000574,1.9351173782427798e-05,0.028629720526681637,0.5300818376426282,-0.7642668171376897,1.6854752972273346,-2.5789205557668975e-09,0.997
4680.940999999642,1.933241529133856e-05,0.02856112428656858,0.47849808001629146,-0.7396100898054047,1.6854752972273346,-2.4880966473787576e-09,0.997
4680.941000000574,1.930584137885616e-05,0.028535796233269257,0.487798063700843,-0.7355858270536094,1.6854752972273346,-2.456027418717448e-09,0.997
4680.941000000574,1.9296462459407127e-05,0.028517190047498114,0.48620314338365667,-0.742894175664222,1.6854752972273346,-2.4978887298296735e-09,0.997
4680.941000000574,1.93503920515797e-05,0.02862395446528604,0.5303447709095872,-0.7552095080475507,1.6763620978123273,-2.5308153718810476e-09,0.996
4680.941999999806,1.9341013038948752e-05,0.028582718465390816,0.4852852257717206,-0.7503389427356232,1.6854752972273346,-2.5413425754344582e-09,0.996
4680.941999999806,1.9361333681784067e-05,0.028648175312189574,0.5275167178091218,-0.7564759088020614,1.6854752972273346,-2.5435457931115276e-09,0.996
4680.940999999642,1.9290991435446046e-05,0.028540524495207453,0.537524972352001,-0.755226181833547,1.6763620978123273,-2.5124548005293722e-09,0.996
4680.941999999806,1.9329289627058614e-05,0.028564804864081857,0.4866960072570006,-0.7360435824742273,1.6854752972273346,-2.4533343958954616e-09,0.996
4680.941000000574,1.9364460438959427e-05,0.028632910954766534,0.5111818036326801,-0.7511273664159233,1.6763620978123273,-2.5171064846256087e-09,0.996
4680.940999999642,1.936680575592256e-05,0.028628466647099716,0.5072752540765291,-0.7429689657116535,1.6854752972273346,-2.471939366568012e-09,0.996
4680.940999999642,1.928317565486459e-05,0.02850101212777695,0.49217280768807603,-0.7421845326753288,1.6854752972273346,-2.4874845606870316e-09,0.996
4680.941999999806,1.932850803997467e-05,0.028580789675261547,0.5141811204991398,-0.7439415251995032,1.6854752972273346,-2.4705929985296327e-09,0.996
4680.941999999806,1.9371493772184288e-05,0.028646732037184555,0.5078795157569154,-0.7377519651547138,1.6854752972273346,-2.440848734473639e-09,0.996
4680.941000000574,1.9355080894173657e-05,0.02861575682140062,0.503752658486321,-0.743716723410325,1.6854752972273346,-2.481364511527016e-09,0.996
4680.940999999642,1.931287676181596e-05,0.02855184218763634,0.5125009196321448,-0.7376936810537381,1.6763620978123273,-2.436320607094455e-09,0.996
4680.940999999642,1.931365745131106e-05,0.028574587508519707,0.5331380377136203,-0.750847885548792,1.6763620978123273,-2.4888316670929624e-09,0.996
4680.940999999642,1.938634491134003e-05,0.02866768036371092,0.5041832921293032,-0.7505377465319989,1.6854752972273346,-2.5261640153000574e-09,0.996
4680.941000000574,1.931209419470972e-05,0.028550349137925327,0.487692622746025,-0.7405808012750988,1.6854752972273346,-2.4763460855482117e-09,0.996
4680.941000000574,1.9366023462412515e-05,0.02864208844985347,0.5060652794095657,-0.7428422580741176,1.6854752972273346,-2.4745103830400492e-09,0.995
4680.941999999806,1.9326162464567957e-05,0.028587595929452342,0.5227710345639731,-0.7509179037835431,1.6854752972273346,-2.4947061550569856e-09,0.995
4680.940999999642,1.9232372706760977e-05,0.028432274456490953,0.49848663496043377,-0.7423999477867184,1.6854752972273346,-2.4682670909433915e-09,0.995
4680.925999999978,1.938322805667849e-05,0.02864687748679755,0.505446113937114,-0.7429278933145703,1.6854752972273346,-2.47524490252019e-09,0.995
4680.940999999642,1.9226120244101147e-05,0.02840881724809913,0.49650173873966263,-0.7350459048095958,1.6854752972273346,-2.4246922126000242e-09,0.995
4680.942000000738,1.9415263589627697e-05,0.028700654419412865,0.49299222061074577,-0.7406537118811188,1.6854752972273346,-2.479038892730305e-09,0.995
4680.941999999806,1.9385563169641965e-05,0.028655949845336825,0.4935631872268984,-0.7311613966974411,1.6854752972273346,-2.4308113972427496e-09,0.995
4680.941999999806,1.9287865686446393e-05,0.028537469745707637,0.5347648076409062,-0.7505529226513731,1.6763620978123273,-2.4806305018095123e-09,0.995
4680.940999999642,1.9290210708773268e-05,0.0284995614001338,0.47449361742419205,-0.722709402826666,1.6854752972273346,-2.378667706206955e-09,0.995
4680.940999999642,1.925582022328927e-05,0.0284439958064245,0.482462892343702,-0.7289204990765619,1.6854752972273346,-2.401679560325569e-09,0.995
4797.19000000041,1.984260957270591e-05,0.029158122120517105,0.3788821525195134,-0.7821660275633393,5.088404972049732,-2.8825403068585374e-09,1.01
4797.19000000041,1.984260957270591e-05,0.029158122120517105,0.3788821525195134,-0.7821660275633393,5.088404972049732,-2.8825403068585374e-09,1.01
4877.310999999754,2.0025024756683884e-05,0.029889539800583943,0.3143705106077732,-0.7744707626691917,5.107063293624792,-2.9059016232107465e-09,1.011
4877.310999999754,2.0025024756683884e-05,0.029889539800583943,0.3143705106077732,-0.7744707626691917,5.107063293624792,-2.9059016232107465e-09,1.011
4817.101999999955,2.0075781193351367e-05,0.029246128545259233,0.0774798377511754,-0.48915107477594394,5.114300396698336,-1.5862987048070276e-09,1.016
4817.101999999955,2.0075781193351367e-05,0.029246128545259233,0.0774798377511754,-0.48915107477594394,5.114300396698336,-1.5862987048070276e-09,1.016
4917.370000000112,1.9969101083903863e-05,0.02999994839353323,0.2799651209479732,-0.7443101632814643,5.133904092741641,-2.72476132682824e-09,1.02
4917.370000000112,1.9969101083903863e-05,0.02999994839353323,0.2799651209479732,-0.7443101632814643,5.133904092741641,-2.72476132682824e-09,1.02
4560.324999999255,1.840456111790638e-05,0.026329378407805772,0.3147292795664849,-0.5872644893252934,1.4155657531188455,-1.7491643445587e-09,1.006
4560.324000000022,1.8426489265495353e-05,0.02635934587029522,0.3082905870184769,-0.5805951277057969,1.4155657531188455,-1.7279009145194395e-09,1.006
4560.324000000022,1.8348896724807796e-05,0.026266695095787357,0.32376593083160277,-0.5872940905970673,1.4155657531188455,-1.737814385503367e-09,1.006
4560.325000000186,1.8379259245256387e-05,0.026288726975490874,0.3084833372311486,-0.5968466422689368,1.4155657531188455,-1.8120303182387267e-09,1.006
4560.324000000022,1.829491986922322e-05,0.02619332774493487,0.32982308368267743,-0.5986204961022231,1.4155657531188455,-1.787106194199271e-09,1.006
4560.324000000022,1.8266244079460545e-05,0.02614428459021478,0.3241417046319648,-0.5964032904370247,1.422112718852032,-1.7751077066969086e-09,1.005
4560.324000000022,1.8252750308409533e-05,0.026111279562247937,0.31888226762207417,-0.5971503890629722,1.422112718852032,-1.7739956248163904e-09,1.005
4560.324000000022,1.821901427855582e-05,0.026080018048891353,0.33258069806970747,-0.601614382186628,1.422112718852032,-1.7815008342239437e-09,1.005
4560.324999999255,1.8375885334159557e-05,0.026294681142966077,0.32629318581090994,-0.5971711914836173,1.422112718852032,-1.7940554245783065e-09,1.005
4560.325000000186,1.829829344266841e-05,0.026171885895671185,0.2994907099742772,-0.5828979306871296,1.422112718852032,-1.7233608721085494e-09,1.005
4560.324000000022,1.8286485829730508e-05,0.02615132956059356,0.2985514872363404,-0.5885859749621073,1.422112718852032,-1.7528706239831702e-09,1.005
4560.324000000022,1.832528216428738e-05,0.02619209119229772,0.302059127924871,-0.5853321536411521,1.4155657531188455,-1.73911149857052e-09,1.005
4560.325000000186,1.8335402926626024e-05,0.026235567332389836,0.32243756341670293,-0.5905318796894705,1.4155657531188455,-1.752175791069239e-09,1.005
4560.324000000022,1.8384319258456456e-05,0.026302275882500923,0.33446098790734613,-0.6007853540283318,1.422112718852032,-1.7941015155079376e-09,1.005
4560.324000000022,1.8310100705613176e-05,0.026171679638775754,0.27515305641986076,-0.5726688981768492,1.4155657531188455,-1.7133075299150088e-09,1.004
4560.324000000022,1.8372512268193606e-05,0.026288418964629988,0.32680428950001117,-0.6021527438954029,1.4155657531188455,-1.8109181541525782e-09,1.004
4560.324000000022,1.8321908974342253e-05,0.026172298404585667,0.2729674040598167,-0.5721313794008828,1.422112718852032,-1.7099260043516736e-09,1.004
4560.324000000022,1.8412995230999513e-05,0.026327071805492364,0.3205783721345896,-0.598168903159409,1.422112718852032,-1.814068688892381e-09,1.004
4560.324999999255,1.8380946432578538e-05,0.026269032686275375,0.3033652560567126,-0.5870342613801796,1.422112718852032,-1.7691781687056913e-09,1.004
4680.333000000566,1.937244891322331e-05,0.028631511687971727,0.4957037001439013,-0.7485456362475852,1.6854752972273346,-2.5352690525498175e-09,1.004
4680.333000000566,1.9391209796644763e-05,0.028674465993283986,0.5028849641482078,-0.7557123681806931,1.6854752972273346,-2.5634295740788326e-09,1.004
4680.332999999635,1.9393554838984272e-05,0.028673940639452958,0.5003284009067106,-0.7536065306013908,1.6854752972273346,-2.5628169306636104e-09,1.004
4680.333000000566,1.9413878742837317e-05,0.028739145107996186,0.541926460425405,-0.7669346324605595,1.6763620978123273,-2.5895082271909863e-09,1.003
4680.332999999635,1.943732891164693e-05,0.028754308484299464,0.5341918585041627,-0.7659419771826369,1.6763620978123273,-2.6005269874237252e-09,1.003
4680.332999999635,1.9338055230665334e-05,0.028617179258584324,0.5224094821002283,-0.7620482096084445,1.6854752972273346,-2.5663677810384836e-09,1.003
4680.333000000566,1.940293508495484e-05,0.02871392943485343,0.5393667900272368,-0.7689245116401369,1.6763620978123273,-2.6078732860269225e-09,1.003
4680.332999999635,1.935759748271822e-05,0.028605002252161307,0.49646455188628646,-0.7528876200558609,1.6854752972273346,-2.5554713025493703e-09,1.003
4680.333000000566,1.9336492111745843e-05,0.02860023982327277,0.5059083010731631,-0.7554061500992449,1.6854752972273346,-2.552900084347363e-09,1.003
4680.333000000566,1.9368540538033396e-05,0.028671615553741255,0.5472351668733588,-0.7718247399603365,1.6763620978123273,-2.611791642400345e-09,1.003
4680.332999999635,1.9418568258091735e-05,0.028734148361336233,0.5324369781063538,-0.7575064143131882,1.6763620978123273,-2.5488598539651785e-09,1.003
4680.331999999471,1.9411533808976508e-05,0.028738866294574592,0.5342348213770896,-0.7667905450913151,1.6854752972273346,-2.601873956477256e-09,1.003
4680.332999999635,1.940527950811904e-05,0.028706728863652872,0.5337553063480862,-0.7620719834287878,1.6763620978123273,-2.574448645139794e-09,1.002
4680.334999999963,1.943030731179978e-05,0.02874841132734387,0.5342939567356426,-0.7638160123662707,1.6763620978123273,-2.5866896256957993e-09,1.002
4680.921000000089,1.9480216931409434e-05,0.02883889823280444,0.5363767091167446,-0.780096954217118,1.6763620978123273,-2.696125176519366e-09,1.002
4680.915000000037,1.941067082464604e-05,0.02870270915472113,0.5035206931765628,-0.7512060809966516,1.6854752972273346,-2.536095473718606e-09,1.002
4680.941000000574,1.9359769861988207e-05,0.028666070357542723,0.5237640676486865,-0.7584974708760182,1.6854752972273346,-2.5552960560817855e-09,1.002
4680.940999999642,1.9355080805562562e-05,0.028629866062719028,0.5181976693338428,-0.7501625661206545,1.6854752972273346,-2.5122100195300965e-09,1.002
4680.940999999642,1.933710476896411e-05,0.02860248106505662,0.5081684675374181,-0.7529019240109555,1.6854752972273346,-2.532651707012648e-09,1.002
4680.941000000574,1.924722379141879e-05,0.02849448889585313,0.5410271057735554,-0.7688181887133382,1.6854752972273346,-2.5712087903027597e-09,1.002
4680.941999999806,1.928004949778491e-05,0.028537649445906293,0.5254922857698685,-0.7603809115844219,1.6854752972273346,-2.5403629023043777e-09,1.002
4680.941000000574,1.9303496625396e-05,0.028551842187636386,0.5106889244382238,-0.7597754934982465,1.6854752972273346,-2.558968092934362e-09,1.001
4680.941000000574,1.9329289098758476e-05,0.028567407913071056,0.5050470379287941,-0.7521665491531041,1.6854752972273346,-2.5360790696046184e-09,1.001
4680.938000000082,1.9321474803716397e-05,0.028564984392317354,0.5014061231443661,-0.7567094094861412,1.6854752972273346,-2.5588473834239103e-09,1.001
4680.881000000052,1.936472470556952e-05,0.02864419214412831,0.5071305660352872,-0.7484370613734679,1.6854752972273346,-2.511998348113154e-09,1.001
4680.940999999642,1.9445744997186403e-05,0.02877873146292907,0.5264029824599543,-0.7612273361445263,1.6854752972273346,-2.580756394423819e-09,1.001
4680.889000000432,2.03682871601328e-05,0.030314759035569062,0.5728218663557874,-0.8379460274710471,1.6394489514937396,-3.0481664349218295e-09,1.001
4680.941999999806,1.932616166148967e-05,0.028583649172210332,0.505483641467416,-0.7533024615503409,1.6854752972273346,-2.542688590033631e-09,1.001
4680.929000000469,1.9282399396734038e-05,0.02856390720597927,0.5560377103483427,-0.7689048025938349,1.6854752972273346,-2.569131899133907e-09,1.001
4680.941000000574,1.9290992018608393e-05,0.02853715526763715,0.5221312210600058,-0.7568465834020379,1.6854752972273346,-2.5406076295427507e-09,1.001
4680.942000000738,1.9312094064940713e-05,0.028604722131234345,0.539717593096062,-0.765915167308708,1.6854752972273346,-2.5698626934826064e-09,1.001
4680.925000000745,1.9407480785859532e-05,0.028688591049583725,0.4907435370931825,-0.7487029352531238,1.6854752972273346,-2.5370877090741987e-09,1.001
4680.453999999911,1.9418281768921247e-05,0.02873414836133622,0.5324369781063232,-0.7575064143131607,1.6763620978123273,-2.5487841411658277e-09,1.0
4680.43200000003,1.9372727076353463e-05,0.028639402658145355,0.49481861444681163,-0.7510972534301452,1.6854752972273346,-2.5441534379171797e-09,1.001
4680.839999999851,2.0088752147448397e-05,0.02956518222504299,0.4224729791569777,-0.7474173777427144,1.6854752972273346,-2.719080110062088e-09,1.0
4680.904000000097,1.9288881964082457e-05,0.028517369875487898,0.5148720675745668,-0.7547199106115967,1.6854752972273346,-2.5317355634051984e-09,1.0
4680.940999999642,1.9387125127059463e-05,0.02869779541251313,0.5367694116318678,-0.7633132073678182,1.6763620978123273,-2.573778692331927e-09,1.0
4680.940999999642,1.936524074267973e-05,0.028683674888831848,0.5353301308587577,-0.7606924647116686,1.6854752972273346,-2.556886863200842e-09,1.0
4680.940999999642,1.9419171349520525e-05,0.028756225635860336,0.5347501386249922,-0.7697781755377824,1.6854752972273346,-2.6093986383546594e-09,1.0
4680.941000000574,1.935273655846013e-05,0.02864807462094403,0.5170267141340004,-0.7552015991563155,1.6854752972273346,-2.538527541185729e-09,1.0
4680.940999999642,1.9341012968628653e-05,0.028654037170246074,0.5459704921616977,-0.7675838008827424,1.6854752972273346,-2.5734124775469516e-09,1.0
4680.940999999642,1.9373057175331407e-05,0.02868528390691835,0.5262800767829865,-0.7573263958131218,1.6854752972273346,-2.540729634356225e-09,1.0
4680.941999999806,1.9291772938744173e-05,0.028569202981083605,0.545083389090709,-0.7714383225041966,1.6854752972273346,-2.593608644005992e-09,0.999
4680.941999999806,1.9362115468114415e-05,0.028648343130145602,0.5222254037524796,-0.7583236513299949,1.6854752972273346,-2.5515020980309627e-09,0.999
4680.940999999642,1.93378863258542e-05,0.028610514473905137,0.5187504644434955,-0.7596280306176424,1.6854752972273346,-2.553092365006109e-09,0.999
4680.940999999642,1.9330851966103954e-05,0.028599343277380212,0.5207445309371801,-0.7588141281262538,1.6854752972273346,-2.5490538117299562e-09,0.999
4680.940999999642,1.93754023610849e-05,0.02864992057088372,0.5031682153274044,-0.7542405188053727,1.6854752972273346,-2.550155257762077e-09,0.999
4680.941000000574,1.9406665420046355e-05,0.02869731516075843,0.5061234077378516,-0.7479635312402783,1.6854752972273346,-2.519554235310537e-09,0.999
4680.941000000574,1.9369149686741965e-05,0.028635597355344846,0.496862755497562,-0.7503304551588834,1.6854752972273346,-2.5366911719341417e-09,0.999
4680.941999999806,1.934804792630681e-05,0.028603736083748135,0.5068173005231458,-0.7490975475217603,1.6854752972273346,-2.520167039806295e-09,0.999
4680.941000000574,1.93988505039485e-05,0.028714822403090447,0.5456381288130125,-0.7622992053010147,1.6763620978123273,-2.557744376182645e-09,0.999
4680.940999999642,1.9489513785348162e-05,0.028830672768905188,0.5200841674722869,-0.7554138426072287,1.6854752972273346,-2.557989431067388e-09,0.999
4680.941000000574,1.9437147468675357e-05,0.028755545730457077,0.5299473459552093,-0.7515194335779349,1.6854752972273346,-2.5152705781890397e-09,0.999
4680.941999999806,1.9380091745225482e-05,0.02867394063945293,0.5434755021433935,-0.760125322317649,1.6763620978123273,-2.5484420771426755e-09,0.999
4680.862000000663,1.9394564378348222e-05,0.02868891503967768,0.5013821885747536,-0.7522636250719502,1.6854752972273346,-2.5445377713205394e-09,0.998
4680.916999999434,1.9403598519187693e-05,0.02871339364058126,0.5432880532302953,-0.7553894463862963,1.6763620978123273,-2.5174026794605293e-09,0.998
4680.940999999642,1.9435584785655578e-05,0.02876980922906723,0.5369470149534608,-0.7562031992584956,1.6763620978123273,-2.5387716444016205e-09,0.998
4680.940999999642,1.94183885827756e-05,0.028729407340804026,0.525588254024381,-0.757460022118179,1.6854752972273346,-2.5595806238447382e-09,0.998
4680.941999999806,1.9424641668894982e-05,0.028756169906514095,0.5383567557294233,-0.7635859790283729,1.6854752972273346,-2.5747583704658333e-09,0.998
4680.941000000574,1.9387907746480328e-05,0.028662089676354398,0.4882558685934746,-0.7460523894038573,1.6854752972273346,-2.5293468023220068e-09,0.998
4680.941000000574,1.9371494274923438e-05,0.028665343589026136,0.5447592594001485,-0.7584755611027636,1.6763620978123273,-2.536568690435694e-09,0.998
4680.941000000574,1.9388689138517073e-05,0.02868474757758454,0.5315495537063417,-0.7536875191079335,1.6763620978123273,-2.527021472359237e-09,0.998
4680.940999999642,1.9420734742111408e-05,0.028752881683897426,0.5371403746664445,-0.7611485512855903,1.6854752972273346,-2.559213358200938e-09,0.998
4680.940999999642,1.9441836716530116e-05,0.028775423541626613,0.5252013372002802,-0.7587931269425866,1.6854752972273346,-2.565210794983609e-09,0.998
4680.940999999642,1.9409010508928048e-05,0.028718695331411925,0.5360860665558373,-0.7650499485476077,1.6763620978123273,-2.5843057547005345e-09,0.997
4680.940999999642,1.9439492014268304e-05,0.028760906515437605,0.5207575312749788,-0.7458575096416561,1.6854752972273346,-2.4989905738475604e-09,0.997
4680.941000000574,1.945512386047607e-05,0.02878853047968038,0.5218151771483557,-0.7597633962340739,1.6854752972273346,-2.572677712750266e-09,0.997
4680.941999999806,1.944496365935876e-05,0.028765085228539235,0.5214649118041481,-0.7482016260575115,1.6854752972273346,-2.5138012457801986e-09,0.997
4680.940999999642,1.946841151589349e-05,0.02880810738806092,0.5319746903870319,-0.7577541243336415,1.6854752972273346,-2.551991721984294e-09,0.997
4680.941000000574,1.9417607520486162e-05,0.028743561151887687,0.5310087982024743,-0.762924645048328,1.6854752972273346,-2.578308690566328e-09,0.997
4680.940999999642,1.941448076361754e-05,0.028726116054728697,0.52439011841129,-0.7550185481730228,1.6854752972273346,-2.544034945585557e-09,0.997
4680.940999999642,1.9415262948872474e-05,0.02871155177151181,0.48954944589958505,-0.7499348046025446,1.6854752972273346,-2.5505223716677934e-09,0.997
4680.940999999642,1.9429332121790007e-05,0.02876151943135131,0.5358603831289956,-0.7627852856470162,1.6854752972273346,-2.5710861851684255e-09,0.997
4680.941000000574,1.9424642480040228e-05,0.028754029817909522,0.5332795533442289,-0.7474732963728737,1.6763620978123273,-2.497399662417839e-09,0.997
4680.9399999994785,1.9451998260314066e-05,0.02877922149300757,0.5203097113459036,-0.7558119136575546,1.6854752972273346,-2.5540726423801363e-09,0.997
4680.941999999806,1.9472318454923912e-05,0.02881434827766655,0.5222647516549683,-0.7519908211492932,1.6854752972273346,-2.5349773653696253e-09,0.997
4680.940999999642,1.946137610155059e-05,0.028795654942885787,0.5292528104802727,-0.7513483224950607,1.6854752972273346,-2.5178405131231905e-09,0.997
4680.941999999806,1.9383217334774544e-05,0.028681451166662392,0.5368051318752247,-0.7494843805163951,1.6763620978123273,-2.500458881280325e-09,0.997
4680.941999999806,1.9461375744113448e-05,0.028795654942885787,0.5292528104802727,-0.7513483224950607,1.6854752972273346,-2.51784078818091e-09,0.996
4680.940999999642,1.94512157924875e-05,0.02879181463096046,0.5341509557527342,-0.7543280089687362,1.6854752972273346,-2.5289797161786143e-09,0.996
4680.941000000574,1.945356091966784e-05,0.028776058424696348,0.5250453671454074,-0.7477491306423373,1.6763620978123273,-2.504131662893379e-09,0.996
4680.941999999806,1.938556292834043e-05,0.028666864191328995,0.4952710221557046,-0.7461177799765454,1.6854752972273346,-2.5179628862097936e-09,0.996
4680.941000000574,1.944261869187835e-05,0.02877833052302212,0.5273804673996936,-0.7537367084980313,1.6854752972273346,-2.5332638305203705e-09,0.996
4680.941999999806,1.9430113376452065e-05,0.028750206242292558,0.5357776599129513,-0.7476882579582502,1.6763620978123273,-2.4860159090236186e-09,0.996
4680.940999999642,1.9417607712448e-05,0.028730578724525408,0.5265247273599858,-0.7532600898405262,1.6854752972273346,-2.5349772780997504e-09,0.996
4680.941999999806,1.93949419960165e-05,0.028683227923345062,0.5043055097826792,-0.7416000293363517,1.6646177528032564,-2.4817315099449703e-09,0.996
4680.941000000574,1.9476226723391375e-05,0.028817629486666108,0.5234537278590548,-0.7544269333062722,1.6854752972273346,-2.550521986259124e-09,0.996
4680.941000000574,1.9445745412029344e-05,0.028787639797805655,0.5334260168841589,-0.7519882940074584,1.6854752972273346,-2.5141688461473627e-09,0.996
4680.940999999642,1.9388690051013425e-05,0.028656397236290876,0.4911419200596745,-0.7353495297087009,1.6646177528032564,-2.4665540464195475e-09,0.996
4680.941000000574,1.93660237579228e-05,0.02865372397151713,0.5059184001101853,-0.7539489891632214,1.6854752972273346,-2.5420771906234262e-09,0.996
4680.941000000574,1.945512455050384e-05,0.028768929108524008,0.5165907550955309,-0.7452214648513034,1.6854752972273346,-2.502662545213993e-09,0.995
4680.940999999642,1.9456686807815818e-05,0.02877694946502877,0.5245860486604474,-0.7477054969301148,1.6763620978123273,-2.506824821615113e-09,0.995
4680.941999999806,1.9446526418156976e-05,0.02877310665650593,0.5294721381475735,-0.7506857746522875,1.6763620978123273,-2.5179634338796285e-09,0.995
4680.941999999806,1.9461376718083075e-05,0.028795654942885787,0.5292528104802727,-0.7513483224950607,1.6854752972273346,-2.517841176009767e-09,0.995
4680.940999999642,1.9435585160103264e-05,0.028754386510404684,0.5319184861758934,-0.7557540359535215,1.6763620978123273,-2.5385275760227046e-09,0.995
4680.941999999806,1.9482478874961187e-05,0.02881816334296024,0.5173986615404669,-0.7490155430922805,1.6854752972273346,-2.5238382845835803e-09,0.995
4680.940999999642,1.944574374966358e-05,0.028787639797805655,0.5334260168841589,-0.7519882940074584,1.6854752972273346,-2.514168434904686e-09,0.995
4680.941999999806,1.942698712738206e-05,0.02876001497806391,0.540026208244957,-0.7584202307300292,1.6854752972273346,-2.542076438881817e-09,0.995
4680.941000000574,1.944887087759776e-05,0.028768349773978116,0.5226503050003997,-0.7506449745032764,1.6854752972273346,-2.5293461859121954e-09,0.995
4680.941999999806,1.9436365358866152e-05,0.028772092960598687,0.5303883584146636,-0.7546196728032327,1.6854752972273346,-2.53864941155288e-09,0.995
4680.940999999642,1.9456686729522882e-05,0.02877694946502877,0.5245860486604474,-0.7477054969301148,1.6763620978123273,-2.5068243511231127e-09,0.995
4680.941000000574,1.9416044989819147e-05,0.028701112280778318,0.4891514016938219,-0.7345514196751849,1.6646177528032564,-2.4654520141091298e-09,0.995
4680.941999999806,1.938321876936344e-05,0.028694500500520255,0.5468507527242883,-0.752253057750211,1.6763620978123273,-2.496053025088446e-09,0.995
4680.941999999806,1.9419952428048285e-05,0.028704942395843883,0.4844730257377554,-0.7312625926574884,1.6646177528032564,-2.4455003069584575e-09,0.994
4680.940999999642,1.940510292435784e-05,0.02868712746252716,0.49942370563235894,-0.7386115661318992,1.6646177528032564,-2.4705938767041304e-09,0.994
4680.941000000574,1.9370712192393417e-05,0.028643520769124717,0.5001879780708163,-0.738385621283913,1.6646177528032564,-2.466676122145942e-09,0.994
4680.941000000574,1.9376965788330415e-05,0.02864598240054449,0.49345509292717304,-0.7338617041751826,1.6646177528032564,-2.4571280507035915e-09,0.994
4680.941000000574,1.943402185376309e-05,0.028746359858740432,0.5284570580980983,-0.7475423076306689,1.6854752972273346,-2.4966652330823242e-09,0.994
4680.942000000738,1.943636556761655e-05,0.028733568325530798,0.523507665351779,-0.7460006203456109,1.6763620978123273,-2.4994798410958032e-09,0.994
4680.941999999806,1.937774761436953e-05,0.028637600798376538,0.4980692776389053,-0.734644512492508,1.6646177528032564,-2.4494174163964754e-09,0.994
4680.941999999806,1.939337881922048e-05,0.02867518135323685,0.4961182245328586,-0.7390797192695643,1.6646177528032564,-2.4775698633283324e-09,0.994
4680.940999999642,1.941213807510519e-05,0.02873743872747507,0.544877673793227,-0.7507344777472268,1.6763620978123273,-2.486139111625203e-09,0.994
4680.941999999806,1.9367586581524804e-05,0.028633672127185792,0.5029583592151021,-0.7376377911072695,1.6646177528032564,-2.460556212837798e-09,0.994
4680.941999999806,1.9401976460569113e-05,0.028704328271855793,0.5417400130066872,-0.7516237634333824,1.6763620978123273,-2.506335479356927e-09,0.994
4680.940999999642,1.9393378575548045e-05,0.02867518135323685,0.4961182245328586,-0.7390797192695643,1.6646177528032564,-2.4775698580470927e-09,0.994
4680.941999999806,1.937227614619932e-05,0.028633448255045286,0.49738425166529243,-0.7322810758326898,1.6646177528032564,-2.434606436641072e-09,0.993
4680.940999999642,1.9434020715985748e-05,0.028746359858740432,0.5284570580980983,-0.7475423076306689,1.6854752972273346,-2.4966642974641675e-09,0.993
4680.940999999642,1.9403539571217503e-05,0.028679081986523563,0.49124868091251717,-0.7360913980854642,1.6646177528032564,-2.4664314418507797e-09,0.993
4680.940999999642,1.94121360622552e-05,0.028708247273883852,0.5367927452783992,-0.7486325401769721,1.6763620978123273,-2.4951958307434084e-09,0.993
4680.940999999642,1.9371494886418562e-05,0.02862792925332411,0.5017019561815981,-0.737826505032583,1.6646177528032564,-2.4672886843477576e-09,0.993
4680.940999999642,1.9330852246726393e-05,0.028601763886793665,0.5152506682823814,-0.736585789147278,1.6646177528032564,-2.4335049429830916e-09,0.993
4680.940999999642,1.936758535243725e-05,0.028633672127185792,0.5029583592151021,-0.7376377911072695,1.6646177528032564,-2.4605561844824346e-09,0.993
4680.941999999806,1.9381655824881035e-05,0.028640835111732217,0.499233772905447,-0.737106544183633,1.6646177528032564,-2.4649626458876176e-09,0.993
4680.940999999642,1.9349610021406612e-05,0.028620763038798843,0.5120548454477793,-0.7406782929238168,1.6646177528032564,-2.4606784998431485e-09,0.993
4680.940999999642,1.94137007870481e-05,0.02870217315099575,0.5011172126707844,-0.7445243012904121,1.6646177528032564,-2.5025406766208213e-09,0.993
4680.940999999642,1.941135564095043e-05,0.02871415267951611,0.5370996530924925,-0.7501678202931159,1.6763620978123273,-2.4982556920273705e-09,0.993
4680.941999999806,1.9367587719854923e-05,0.028633672127185792,0.5029583592151021,-0.7376377911072695,1.6646177528032564,-2.460556471845349e-09,0.993
4680.940999999642,1.934804752347262e-05,0.028616283243402933,0.5136358936100014,-0.7404413806739264,1.6646177528032564,-2.457740863520209e-09,0.993
4680.941000001505,1.9362116500662157e-05,0.028629541404389242,0.5022533420235313,-0.7352728719261481,1.6646177528032564,-2.4457449414946384e-09,0.993
4680.940999999642,1.936758611115708e-05,0.028633672127185792,0.5029583592151021,-0.7376377911072695,1.6646177528032564,-2.4605561289895058e-09,0.992
4680.941999999806,1.9357425889144563e-05,0.02862972052668161,0.5078893680772154,-0.7393225237713144,1.6854752972273346,-2.4533338195148924e-09,0.992
4680.940999999642,1.9325381310885623e-05,0.028586306565852825,0.5229050438852543,-0.7410034420639058,1.6646177528032564,-2.4475800999651124e-09,0.992
4680.940999999642,1.93402316697897e-05,0.028607321548055543,0.5178272606523953,-0.740485515791752,1.6646177528032564,-2.4467240418070284e-09,0.992
4680.941999999806,1.9382436984789223e-05,0.028649417141786662,0.4985436304436437,-0.738111023356753,1.6646177528032564,-2.465819669141898e-09,0.992
4680.940999999642,1.9348047461754218e-05,0.028616283243402933,0.5136358936100014,-0.7404413806739264,1.6646177528032564,-2.457740849253039e-09,0.992
4680.940999999642,1.9353518458144196e-05,0.028623954465285997,0.513259255848959,-0.7431442491116718,1.6646177528032564,-2.4762232562236686e-09,0.992
4680.940999999642,1.938087376265095e-05,0.02864673203718451,0.499533049682106,-0.7386508037846019,1.6854752972273346,-2.4680226450932315e-09,0.992
4680.941999999806,1.9367586777159183e-05,0.028633672127185792,0.5029583592151021,-0.7376377911072695,1.6646177528032564,-2.4605554497164183e-09,0.992
4680.941999999806,1.935976991531572e-05,0.02862471587587126,0.5071344106857909,-0.7376813618815543,1.6646177528032564,-2.449539491195868e-09,0.992
4680.941999999806,1.934413854758887e-05,0.028616652853064726,0.5113324643586363,-0.7383113038880239,1.6646177528032564,-2.4458674498224246e-09,0.992
4680.940999999642,1.9353518776433852e-05,0.028623954465285997,0.513259255848959,-0.7431442491116718,1.6646177528032564,-2.476223752940695e-09,0.992
4680.941999999806,1.9362897818394484e-05,0.028633806449629932,0.5086297267482727,-0.7416907359324331,1.6854752972273346,-2.468145288416908e-09,0.992
4680.940999999642,1.934961076380991e-05,0.028620763038798843,0.5120548454477793,-0.7406782929238168,1.6646177528032564,-2.460678293453007e-09,0.991
4680.941000001505,1.931912900488471e-05,0.028540389733741258,0.4915506239668277,-0.7250021153660251,1.6646177528032564,-2.39592706543759e-09,0.991
4680.940999999642,1.9367587038735896e-05,0.028633672127185792,0.5029583592151021,-0.7376377911072695,1.6646177528032564,-2.460556172511886e-09,0.991
4680.941999999806,1.933319769031214e-05,0.028595274847249514,0.5187146489473693,-0.7396450326866266,1.6854752972273346,-2.440237318550928e-09,0.991
4680.940999999642,1.9334760848066643e-05,0.028569259075141615,0.49178995307722984,-0.7326144558569181,1.6646177528032564,-2.439502238057545e-09,0.991
4680.940999999642,1.9349610218279143e-05,0.028620763038798843,0.5120548454477793,-0.7406782929238168,1.6646177528032564,-2.46067764669213e-09,0.991
4680.940999999642,1.935977127783659e-05,0.02862471587587126,0.5071344106857909,-0.7376813618815543,1.6646177528032564,-2.44953943549787e-09,0.991
4680.940999999642,1.938243690307766e-05,0.028649417141786662,0.4985436304436437,-0.738111023356753,1.6646177528032564,-2.4658195056941715e-09,0.991
4680.941999999806,1.9385563185049667e-05,0.028656576190716793,0.4968086808494476,-0.7363702058808176,1.6646177528032564,-2.4606778740722127e-09,0.991
4680.941999999806,1.9356644377945587e-05,0.02861230683751486,0.5103163123671033,-0.7389751821013281,1.6854752972273346,-2.4549255643167553e-09,0.991
4680.941999999806,1.9358989030397267e-05,0.028622554760636548,0.5103580292719139,-0.7399511449633914,1.6646177528032564,-2.4594539903433474e-09,0.991
4680.941999999806,1.932538044223337e-05,0.028586306565852825,0.5229050438852543,-0.7410034420639058,1.6646177528032564,-2.4475806803851383e-09,0.991
4680.940999999642,1.9343358163800875e-05,0.028599253621245168,0.513761532630153,-0.7379601230685355,1.6646177528032564,-2.44745930191669e-09,0.991
4680.940999999642,1.9331633502863122e-05,0.028616832056030838,0.5242041893325915,-0.745319842585007,1.6646177528032564,-2.460800853807081e-09,0.991
4680.940999999642,1.9381654543218027e-05,0.028632015431895547,0.5009650842840077,-0.7364560369125334,1.6854752972273346,-2.449049940594773e-09,0.991
4680.940999999642,1.9294899534778217e-05,0.02852303387682416,0.5078326908874695,-0.7331744218498287,1.6646177528032564,-2.4190615769570396e-09,0.99
4680.941999999806,1.9338668381190275e-05,0.02859755010127386,0.5200401419753957,-0.7412369357142733,1.6646177528032564,-2.4499070072765256e-09,0.99
4680.941999999806,1.934726619444804e-05,0.02858540958296099,0.48436245440552206,-0.7312146260841752,1.6854752972273346,-2.4365645596380086e-09,0.99
4680.940999999642,1.9319128703217076e-05,0.028581866225337246,0.5302341319835162,-0.7448265238101924,1.6854752972273346,-2.4522329800311793e-09,0.99
4680.941000001505,1.9390253030429816e-05,0.028658365673515294,0.4944022743306036,-0.7367610261936813,1.6854752972273346,-2.45847531857184e-09,0.99
4680.941999999806,1.9346483514286698e-05,0.02859396341170182,0.4933780358748048,-0.7261446671453762,1.6646177528032564,-2.401679911018639e-09,0.99
4680.940999999642,1.937227644252874e-05,0.02862037108469488,0.48256086375603857,-0.7348497128138396,1.6854752972273346,-2.460556439934246e-09,0.99
4680.941000001505,1.936133425291983e-05,0.02862216283106856,0.5075704806391159,-0.7366888299378336,1.6646177528032564,-2.4475809342015938e-09,0.99
4680.941999999806,1.934804640903134e-05,0.028599074308131873,0.5081557238306131,-0.7325938352380021,1.6646177528032564,-2.4215089858901627e-09,0.99
4680.941000001505,1.9391815756858125e-05,0.028672766941865987,0.5063108053023622,-0.7314077113784783,1.6646177528032564,-2.4193056085531574e-09,0.99
4680.941999999806,1.931522097372078e-05,0.02855528825243207,0.5073192789869134,-0.736879180012548,1.6646177528032564,-2.437177548545326e-09,0.99
4680.940999999642,1.9362897211120163e-05,0.02862126697190257,0.4901526812524679,-0.731686668737148,1.6854752972273346,-2.427507417492344e-09,0.99
4680.940999999642,1.9315220345389e-05,0.028542804113588137,0.5041210785821022,-0.7347193064998743,1.6854752972273346,-2.420774492885353e-09,0.99
4680.754000000656,1.9463541104855086e-05,0.028769241053062708,0.4982957535964698,-0.7223899072583976,1.6854752972273346,-2.380975722209211e-09,0.99
4680.333000000566,1.937792083176927e-05,0.028649786323989474,0.49406722972699635,-0.7264017847944833,1.6854752972273346,-2.3960600393454113e-09,0.989
4680.333000000566,1.930913233875383e-05,0.028552066699636832,0.5105706557458642,-0.7395845350819261,1.6854752972273346,-2.435484887385638e-09,0.989
4680.333000000566,1.936541458530348e-05,0.02860249227082425,0.4959100551018696,-0.7176442727461922,1.6646177528032564,-2.3571257574143954e-09,0.989
4680.333000000566,1.9336491860286467e-05,0.028575933481847487,0.505201443603501,-0.7316516686134704,1.6854752972273346,-2.4069570648064697e-09,0.989
4680.333000000566,1.9294281573628087e-05,0.028525730625039297,0.5125403046182679,-0.7366988262006515,1.6646177528032564,-2.425077038902029e-09,0.989
4680.333000000566,1.935837908576962e-05,0.028623271417968013,0.5055334331862236,-0.7249369388844931,1.6854752972273346,-2.3765929293131138e-09,0.989
4680.332000000402,1.932085857499028e-05,0.028575933481847483,0.5146300083438984,-0.7278346484972703,1.6646177528032564,-2.378306965532172e-09,0.989
4680.333000000566,1.939980803063221e-05,0.028653366025920633,0.48735787020092713,-0.7206664854317214,1.6854752972273346,-2.373776713328523e-09,0.989
4767.144999999553,1.9943199437239156e-05,0.02917454430147941,0.407266222759862,-0.7879258319188973,5.034542504732897,-2.9214343388024218e-09,1.004
4767.144999999553,1.9943199437239156e-05,0.02917454430147941,0.407266222759862,-0.7879258319188973,5.034542504732897,-2.9214343388024218e-09,1.004
4847.264999998733,2.012466655913784e-05,0.029899347353067558,0.32981937865151334,-0.7739153565324066,5.077295065075706,-2.9253974913370862e-09,1.005
4847.264999998733,2.012466655913784e-05,0.029899347353067558,0.32981937865151334,-0.7739153565324066,5.077295065075706,-2.9253974913370862e-09,1.005
4794.11999999918,2.0226629354302985e-05,0.029830934157508916,0.4454902408951802,-0.6474130309910588,4.963833569341904,-2.0388324769209624e-09,1.01
4794.11999999918,2.0226629354302985e-05,0.029830934157508916,0.4454902408951802,-0.6474130309910588,4.963833569341904,-2.0388324769209624e-09,1.01
4897.339999999851,2.0070758222583866e-05,0.030052765874327314,0.28780038335240743,-0.7359790842005173,5.106884575139755,-2.7005225125595225e-09,1.013
4897.339999999851,2.0070758222583866e-05,0.030052765874327314,0.28780038335240743,-0.7359790842005173,5.106884575139755,-2.7005225125595225e-09,1.013
4680.940999999642,1.940510237256788e-05,0.028692668589192432,0.4999698767533931,-0.7227997981912975,1.6854752972273346,-2.370466753276054e-09,0.998
4680.940999999642,1.9423079500240958e-05,0.028734315677181117,0.5244100216136247,-0.7420875969679296,1.6763620978123273,-2.4638608536962537e-09,0.998
4680.899000000209,1.929743825253069e-05,0.028549552064383137,0.5113194602027518,-0.7312268687033335,1.6646177528032564,-2.40032746560065e-09,0.998
4680.940999999642,1.9304278948678016e-05,0.02854496003832804,0.4975652076735182,-0.7237778616617535,1.6646177528032564,-2.370589265061132e-09,0.998
4680.941999999806,1.9255820252399438e-05,0.028485252594713212,0.5276264227981473,-0.7377830811559566,1.6646177528032564,-2.4124507632683146e-09,0.998
4680.940999999642,1.938869014510598e-05,0.02865084909468047,0.4691950445428956,-0.7156977251515402,1.6854752972273346,-2.360307489706122e-09,0.998
4680.942000001669,1.929880653714107e-05,0.028553323934216567,0.5229668101866252,-0.7426126949677901,1.6854752972273346,-2.4350958691851787e-09,0.998
4680.941999999806,1.925503879287743e-05,0.02849093423061677,0.5155182034392105,-0.7279823529295135,1.6646177528032564,-2.374873093591227e-09,0.998
4680.940999999642,1.9338667573684276e-05,0.028576920488663254,0.47110499208434664,-0.7165290434984279,1.6646177528032564,-2.375484873250054e-09,0.997
4680.942000001669,1.9299588999120005e-05,0.028536065798950763,0.48839454930792714,-0.7207366365659381,1.6646177528032564,-2.3571252389004143e-09,0.997
4680.940999999642,1.9333979079988622e-05,0.02861538720016529,0.5341656944642215,-0.738752652779452,1.6646177528032564,-2.4227330702904225e-09,0.997
4680.941999999806,1.9386345324983636e-05,0.028655110968470933,0.5001181950197586,-0.7342730210418618,1.6854752972273346,-2.4336271297601398e-09,0.997
4680.941999999806,1.933710604212957e-05,0.028596384476506892,0.503137833351949,-0.7321238645579243,1.6854752972273346,-2.4097585905500547e-09,0.997
4680.940999999642,1.9298026228666964e-05,0.028531123356783553,0.504704334326874,-0.7334907213460682,1.6646177528032564,-2.424692088479122e-09,0.997
4680.940999999642,1.9348829199139007e-05,0.0285789953350179,0.481573473662948,-0.7271097043728054,1.6646177528032564,-2.423835234669268e-09,0.997
4680.940999999642,1.932303599650348e-05,0.028561393613201112,0.4875865084134223,-0.7256359464321667,1.6646177528032564,-2.3992318404660027e-09,0.997
4680.941999999806,1.9319909532022315e-05,0.02854316344568661,0.48366780162086354,-0.7260418236367624,1.6646177528032564,-2.4058414217042346e-09,0.996
4680.940999999642,1.9376966304881105e-05,0.02859818893315467,0.4521342886573825,-0.7063525637429748,1.6646177528032564,-2.3325220915815103e-09,0.996
4680.941999999806,1.9436365498667304e-05,0.028724643221546334,0.5052644397120716,-0.7253823654819643,1.6763620978123273,-2.385400476807806e-09,0.996
4680.941999999806,1.9336322724622538e-05,0.02857809812264792,0.4713543311858097,-0.7138212383854146,1.6646177528032564,-2.350392912720935e-09,0.996
4680.940999999642,1.937852863013443e-05,0.028658913680272905,0.5153961940410801,-0.7348141020192522,1.6854752972273346,-2.4204072681713447e-09,0.996
4680.940999999642,1.9438710388430588e-05,0.028749927536140564,0.5032077799583918,-0.72293918249341,1.6854752972273346,-2.368876197543233e-09,0.996
4680.925000000745,1.93441578367506e-05,0.02861754885667364,0.5047846188547656,-0.7246980502412835,1.6854752972273346,-2.3704673942140896e-09,0.996
4680.941999999806,1.932459892307592e-05,0.02860606668666721,0.5228333206459839,-0.7371782724292553,1.6854752972273346,-2.4075555155969335e-09,0.996
4680.941999999806,1.9319909072159505e-05,0.028588582533627855,0.5234972676250518,-0.7353298172184434,1.6854752972273346,-2.3999660521859587e-09,0.995
4680.941999999806,1.9351955474575004e-05,0.028639402658145387,0.5253360355285777,-0.7305807145089047,1.6854752972273346,-2.3861343814214445e-09,0.995
4680.940999999642,1.931287670055272e-05,0.028585050781923204,0.5194578272903829,-0.7333042924086522,1.6646177528032564,-2.3995994715261753e-09,0.995
4680.940999999642,1.9319910154954197e-05,0.02856256066592896,0.5063968590740879,-0.7302389702439361,1.6646177528032564,-2.411227823067734e-09,0.995
4680.940999999642,1.9274578227046182e-05,0.028522764187979357,0.5292154378622875,-0.7400949192876572,1.6854752972273346,-2.4229782617109486e-09,0.995
4680.941000001505,1.930740571408216e-05,0.02854460072884592,0.504294577729465,-0.7368926202027982,1.6646177528032564,-2.4447659911550293e-09,0.995
4680.941999999806,1.9341013353656993e-05,0.028575585778144653,0.500612706393877,-0.7182575435058058,1.6646177528032564,-2.34280367332048e-09,0.995
4680.941999999806,1.929255510106046e-05,0.028543084842176623,0.5273898343203554,-0.7299901171951448,1.6646177528032564,-2.369977455450528e-09,0.995
4680.940999999642,1.9306623607010595e-05,0.02853153900420933,0.5013198265812395,-0.7304138213784549,1.6646177528032564,-2.4108601854421247e-09,0.995
4680.871999999508,1.9567993366995097e-05,0.028857696835795237,0.4595954104839248,-0.7210449903498534,1.6854752972273346,-2.444525322001598e-09,0.995
4680.940999999642,1.9334760011311065e-05,0.028573746242993244,0.4821561833150274,-0.7154527792298823,1.6646177528032564,-2.342068746206248e-09,0.995
4680.940999999642,1.9454341700356514e-05,0.028766957095125983,0.5015173689528947,-0.7257841629738867,1.6854752972273346,-2.3936010740691265e-09,0.994
4680.926000000909,1.9358309270686467e-05,0.028634925778827737,0.5073080186556886,-0.7300827976531251,1.6646177528032564,-2.3981583350816932e-09,0.994
4680.940999999642,1.9326162909916586e-05,0.02860194318304534,0.5124042339363504,-0.7302538881943089,1.6646177528032564,-2.3931117023002387e-09,0.994
4680.940999999642,1.933788734359327e-05,0.028590791058194478,0.49018127860279215,-0.726711487011338,1.6646177528032564,-2.4096362555239394e-09,0.994
4680.941999999806,1.9359771006054894e-05,0.028593122716252365,0.471362786453263,-0.723064829773276,1.6646177528032564,-2.418693949701019e-09,0.994
4680.940999999642,1.9369149319011434e-05,0.02862108779670449,0.4871667970867244,-0.7291016299696008,1.6646177528032564,-2.4275070313709396e-09,0.994
4680.941999999806,1.9447307386446197e-05,0.028759123413052423,0.5101327671336362,-0.735437457010329,1.6854752972273346,-2.4466015477746863e-09,0.994
4680.940999999642,1.9418389180148465e-05,0.0287267297129346,0.5167227282441527,-0.732182454858185,1.6763620978123273,-2.4065757819083222e-09,0.994
4680.929999999702,1.943329195269899e-05,0.028746415607105013,0.5077789755149489,-0.7260340657577001,1.6854752972273346,-2.3856818159314247e-09,0.994
4680.940999999642,1.9369930751957908e-05,0.028679383732605746,0.5252405660045625,-0.7363909019248102,1.6854752972273346,-2.41612344364387e-09,0.994
4680.917999999598,1.9407599289874774e-05,0.02871601670470011,0.5150747949736276,-0.7290654468593958,1.6854752972273346,-2.388747147972187e-09,0.993
4680.942000001669,1.9412136622706102e-05,0.028716731029586943,0.5091006129836972,-0.7235982590038101,1.6854752972273346,-2.3605522851772183e-09,0.993
4680.941999999806,1.939337902794638e-05,0.028701279789209083,0.512566623544862,-0.7194492552841008,1.6646177528032564,-2.336072110102576e-09,0.993
4680.940999999642,1.939650531006639e-05,0.028699939694388527,0.5146374339560627,-0.733999847194518,1.6854752972273346,-2.41269663374246e-09,0.993
4680.940999999642,1.935195553744419e-05,0.02863582121068394,0.518270380558727,-0.7262501552623842,1.6646177528032564,-2.375363211462982e-09,0.993
4680.940999999642,1.9344920820882902e-05,0.028622106840692215,0.5183640938805905,-0.7224442723057641,1.6646177528032564,-2.3532076649087924e-09,0.993
4680.941999999806,1.9307405480132208e-05,0.02859127309925001,0.5345385800902291,-0.7307132287025679,1.6646177528032564,-2.3674070241296808e-09,0.993
4680.941999999806,1.9380873267227693e-05,0.02865550244739778,0.4971634582222104,-0.7204528865227006,1.6646177528032564,-2.37205790932542e-09,0.993
4680.940999999642,1.9320691470076386e-05,0.02858684474207835,0.5261052523409648,-0.72584803571193,1.6646177528032564,-2.3596948448434215e-09,0.993
4680.940999999642,1.9348830082222815e-05,0.028597964783242703,0.5056015181076599,-0.7228531970886964,1.6646177528032564,-2.3780566233053556e-09,0.992
4680.941999999806,1.9363679819066394e-05,0.028616372846183624,0.48521705145990035,-0.7186871866598866,1.6646177528032564,-2.376954479352657e-09,0.992
4680.941000001505,1.935586295706658e-05,0.02860023982327278,0.49669900808209944,-0.7153938171728669,1.6646177528032564,-2.343906074460554e-09,0.992
4680.941000001505,1.941370010888834e-05,0.02867723791370037,0.4766170552637088,-0.7105453141850387,1.6646177528032564,-2.351004491374152e-09,0.992
4680.940999999642,1.936524144290004e-05,0.028628824904012657,0.5021621244587609,-0.7186624061993601,1.6646177528032564,-2.3519843120871863e-09,0.992
4680.941999999806,1.9387908826722005e-05,0.028641909404908295,0.48757964830904577,-0.7102813634947442,1.6646177528032564,-2.325912280330027e-09,0.992
4680.332000000402,1.938417422695365e-05,0.028633851223638006,0.49131026124264476,-0.7107777274702717,1.6646177528032564,-2.3274960921801485e-09,0.992
4680.332000000402,1.932945696483034e-05,0.02856387354325166,0.49745704142070757,-0.7226008127276886,1.6646177528032564,-2.3774499667605783e-09,0.992
4680.333000000566,1.9409188202155927e-05,0.02864992057088376,0.4780100369096183,-0.7048379074239237,1.6646177528032564,-2.313538159646766e-09,0.992
4680.332999998704,1.940215297573654e-05,0.028646821544726118,0.4823465303538059,-0.7077812846663424,1.6646177528032564,-2.3273734184288522e-09,0.992
4680.768999999389,2.097113683245764e-05,0.03133482334155011,0.547329324751499,-0.8734675550234583,1.6854752972273346,-3.4575804988865406e-09,0.992
4680.940999999642,1.9358988632994443e-05,0.028604184291364756,0.4803852109518054,-0.7091860346154985,1.6646177528032564,-2.325299613525698e-09,0.991
4680.940999999642,1.93410128640664e-05,0.028587203520600013,0.49984480983687085,-0.7126376107867346,1.6646177528032564,-2.3136718196140915e-09,0.991
4680.940999999642,1.9375402714773147e-05,0.02865081553410354,0.47899415851853266,-0.7168198781647772,1.6646177528032564,-2.3521064518272624e-09,0.991
4680.941999999806,1.9378528817315207e-05,0.02862395446528601,0.49160497181775,-0.7155721273148659,1.6646177528032564,-2.347210371859291e-09,0.991
4680.941000001505,1.9372276292709167e-05,0.02863344825504528,0.47733898469638936,-0.7134801729044755,1.6646177528032564,-2.345006697728626e-09,0.991
4680.941999999806,1.946684800127003e-05,0.028772215497166416,0.4932247981695781,-0.719966087992741,1.6854752972273346,-2.365447862304213e-09,0.991
4680.941999999806,1.9412918191926713e-05,0.02870736526595255,0.5039947862949812,-0.7174350733514734,1.6646177528032564,-2.335949232096229e-09,0.991
4680.940999999642,1.934570229068776e-05,0.028620012721959565,0.5146812140083368,-0.7250305567751439,1.6646177528032564,-2.35969550450153e-09,0.991
4680.940999999642,1.9399630839877313e-05,0.02866740085523749,0.4866657108277055,-0.7154440448407211,1.6646177528032564,-2.3539425869380743e-09,0.991
4680.940999999642,1.941370049640609e-05,0.02866731141195043,0.4665461928534085,-0.7095331701680117,1.6646177528032564,-2.3492913100665166e-09,0.99
4680.940999999642,1.9415262726550035e-05,0.028662033763973888,0.4526712642145796,-0.6977410078102666,1.6646177528032564,-2.288334775369863e-09,0.99
4680.940999999642,1.9426206207251442e-05,0.028733512552240163,0.5275887475276648,-0.7293141802809358,1.6646177528032564,-2.3911535869316935e-09,0.99
4680.941999999806,1.9387907290917542e-05,0.028659092618985506,0.5039186769223463,-0.7189249275807874,1.6646177528032564,-2.3582263723491423e-09,0.99
4680.940999999642,1.9484043227328606e-05,0.0287898553179895,0.4937555371303475,-0.7062903157597872,1.6646177528032564,-2.296412691317468e-09,0.99
4680.940999999642,1.9406664981164755e-05,0.028666562313465396,0.4736530326441284,-0.7015585205122253,1.6646177528032564,-2.277194844390003e-09,0.99
4680.941999999806,1.940588492873343e-05,0.02870985491483316,0.5076743754998465,-0.725087822727562,1.6854752972273346,-2.3737719445239605e-09,0.99
4680.940999999642,1.9406665713065884e-05,0.028691059985244943,0.5034202951927047,-0.721811327427413,1.6854752972273346,-2.3565129211660707e-09,0.99
4680.941999999806,1.941917104576633e-05,0.028712500627909317,0.497939630291822,-0.7169034086450806,1.6854752972273346,-2.3379076070696355e-09,0.99
4680.940999999642,1.9437147388715833e-05,0.028716998896838528,0.49736486392493573,-0.705278182531616,1.6646177528032564,-2.2831931891365415e-09,0.99
4680.941000001505,1.9401194128570894e-05,0.028684747577584577,0.48893932106310745,-0.7136410787489492,1.6854752972273346,-2.330685828763322e-09,0.989
4680.941000001505,1.9443399291047783e-05,0.02874796536836152,0.4986195850570647,-0.7179372764562486,1.6854752972273346,-2.348800977906234e-09,0.989
4680.941999999806,1.941838907378336e-05,0.028716463159836673,0.503670669445726,-0.7183669661685225,1.6854752972273346,-2.3392544035895336e-09,0.989
4680.940999999642,1.9338668686716066e-05,0.02860023982327278,0.5214555406018393,-0.7109014235912897,1.6646177528032564,-2.287844568560175e-09,0.989
4680.940999999642,1.934179381777076e-05,0.028632944536329346,0.5235887936766317,-0.7290558409454545,1.6646177528032564,-2.369855021308204e-09,0.989
4680.940999999642,1.938087363818166e-05,0.02866784806748692,0.516339140364904,-0.7216240755712051,1.6854752972273346,-2.3419469778680205e-09,0.989
4680.941999999806,1.9422298215657224e-05,0.028719286827799822,0.5049783426160444,-0.7208692875690805,1.6854752972273346,-2.354799463072679e-09,0.989
4680.941999999806,1.9377746869068904e-05,0.028668742471057124,0.5119349133483917,-0.7224175350498314,1.6646177528032564,-2.3529632557023825e-09,0.989
4680.332999998704,1.9409188301606323e-05,0.02870557883774958,0.5061333091405151,-0.7172157499028078,1.6646177528032564,-2.334597540163167e-09,0.989
4680.333000000566,1.93380554215927e-05,0.028614043082697375,0.5220356800841786,-0.7210051946298608,1.6646177528032564,-2.330312250819199e-09,0.989
4680.332999998704,1.933883698683284e-05,0.028595812854691042,0.521426304436905,-0.7239360473934344,1.6854752972273346,-2.3478202062752216e-09,0.989
4680.333000000566,1.939589924963726e-05,0.028674018884250592,0.5039694281043419,-0.710924567514139,1.6646177528032564,-2.31341629428504e-09,0.989
4680.333000000566,1.9387301128370255e-05,0.028647772545084067,0.5059641209115475,-0.715104682103011,1.6646177528032564,-2.325293012837483e-09,0.989
4680.333000000566,1.9366195400873573e-05,0.028636436803843326,0.5124552138110454,-0.7180418368094618,1.6646177528032564,-2.3310470277313314e-09,0.988
4680.332999998704,1.937557656917951e-05,0.028648969641829378,0.5071715474587042,-0.7182806930364956,1.6646177528032564,-2.342800596159691e-09,0.988
4680.333000000566,1.9406061783651685e-05,0.028656050508910513,0.489531401946802,-0.7134739322643684,1.6646177528032564,-2.337291413040247e-09,0.988
4680.333000000566,1.9373230691019787e-05,0.028617683254795363,0.5001850076878203,-0.7141055203845534,1.6646177528032564,-2.33190434751492e-09,0.988
4680.333000000566,1.9320857727798764e-05,0.028580240170529153,0.5262415708117625,-0.7229442866177758,1.6646177528032564,-2.334475162906815e-09,0.988
4680.333000000566,1.9317731153536622e-05,0.02857934299723922,0.5267059495492625,-0.7229837561509861,1.6646177528032564,-2.331781400287635e-09,0.988
4680.332999998704,1.9355252982598585e-05,0.02860463249195836,0.5092468631341465,-0.7171106510025603,1.6646177528032564,-2.332026384897662e-09,0.988
4560.324999999255,1.9396393443122153e-05,0.028067539518612593,0.5844797140123648,-0.7647335217966089,1.424289986119983,-2.626688972130233e-09,0.988
4560.3460000008345,1.9521135505856314e-05,0.028210482254683904,0.552503498816888,-0.7497238122863252,1.424289986119983,-2.584126287294625e-09,0.989
4680.854999998584,1.9515742176708503e-05,0.028811044445685746,0.47049227189552933,-0.7117034896590873,1.6646177528032564,-2.3727478170093483e-09,0.988
4680.938999999315,1.9401991731998084e-05,0.028675863164081525,0.4960691378266753,-0.7071185990982812,1.6646177528032564,-2.2994730443012404e-09,0.988
4680.945000000298,1.9409773240855077e-05,0.028699995532922015,0.5087048723016183,-0.7130624051094664,1.7193793404575042,-2.322975538886081e-09,0.988
4560.916999999434,1.949169316753438e-05,0.02820667889247241,0.5737481267506421,-0.7638383508370014,1.424289986119983,-2.6335089164281763e-09,0.988
4560.916999999434,1.9476514372841383e-05,0.02816559860307185,0.5480100050791425,-0.7466423828663381,1.424289986119983,-2.5734382481477007e-09,0.988
4560.916999999434,1.9533857629516843e-05,0.028267471279256925,0.5595914224858429,-0.760135643842774,1.424289986119983,-2.639298021166198e-09,0.988
4560.9020000007,1.9459660476846634e-05,0.02816602982614589,0.5740590454350456,-0.7640004784445813,1.424289986119983,-2.635974261654727e-09,0.988
4560.917000001296,1.9452901910687718e-05,0.028149926351169148,0.5704178913370725,-0.7600309410520799,1.424289986119983,-2.6212355284847826e-09,0.987
4560.916999999434,1.9468081373773646e-05,0.028187151675331625,0.5839636639652408,-0.7660129078245678,1.424289986119983,-2.6355460247608936e-09,0.987
4560.897000001743,1.9751534294855495e-05,0.028554609470229163,0.5651202927337735,-0.7219830339223516,1.422112718852032,-2.479274871116282e-09,0.987
4560.6899999994785,1.9794435054514648e-05,0.028703425573894697,0.5899748805231932,-0.7959296902474647,1.424289986119983,-2.873561724469941e-09,0.987
4560.316999999806,1.940993863074613e-05,0.028103937607421407,0.6028145738857296,-0.7769396415603579,1.424289986119983,-2.679628043724071e-09,0.987
4560.901000000536,1.9474832556736307e-05,0.028215193885421052,0.6085401278584737,-0.7727767978574843,1.424289986119983,-2.658429123591956e-09,0.987
4560.8479999993,1.9520662616354804e-05,0.028242945448577677,0.5776052676838188,-0.7555763485153418,1.424289986119983,-2.5900633548046417e-09,0.987
4560.916999999434,1.9523738646638245e-05,0.02823974381796306,0.5554147050211045,-0.7587961113425848,1.424289986119983,-2.624570252214139e-09,0.987
4560.323999999091,1.9431815776581758e-05,0.028106362470729486,0.5688073638089,-0.755566207587185,1.424289986119983,-2.5942134086047427e-09,0.987
4560.323999999091,1.948579310228907e-05,0.02817048541138559,0.5617823961766368,-0.7500163941847076,1.424289986119983,-2.592082169809703e-09,0.987
4560.323999999091,1.9452057558945074e-05,0.028173910462859598,0.6100927586006906,-0.7732861986243396,1.424289986119983,-2.6578668498510796e-09,0.987
4560.324999999255,1.9472298430347474e-05,0.028187223491347033,0.5926885408213551,-0.7635000006939597,1.424289986119983,-2.624974361866826e-09,0.987
4560.323999999091,1.946386489624999e-05,0.028157332217822566,0.5443640592840766,-0.7502215098844701,1.424289986119983,-2.593333241493612e-09,0.987
4560.783999999985,1.957676678740455e-05,0.028317269400293502,0.5709236598639467,-0.7725951874454582,1.424289986119983,-2.7261513010927595e-09,0.986
4560.916999999434,1.9387125371392188e-05,0.028044450931871946,0.5543316678050392,-0.7535932540765855,1.424289986119983,-2.5971977256405813e-09,0.986
4560.751000000164,1.9478867851478804e-05,0.028188133145038676,0.5860493923305841,-0.7577668280123564,1.424289986119983,-2.5965276957047944e-09,0.986
4560.917000001296,1.9454589354072635e-05,0.02815385721554612,0.5782081146079663,-0.7631008777371225,1.424289986119983,-2.625079726261125e-09,0.986
4560.905000001192,1.94698373429661e-05,0.028166532911388157,0.578046496797866,-0.7596610913487492,1.424289986119983,-2.5992287329044403e-09,0.986
4560.917999999598,1.9452901181204902e-05,0.02814920723122213,0.586455532304961,-0.7548750039337484,1.422112718852032,-2.563156957486897e-09,0.986
4560.917000001296,1.9456275875745928e-05,0.028164736137116793,0.5721642559607654,-0.7609213955558032,1.424289986119983,-2.616974318337367e-09,0.986
4560.917000001296,1.9432663834603342e-05,0.028133501863890045,0.5787404284090751,-0.7647451371376203,1.424289986119983,-2.626608295478243e-09,0.986
4560.916999999434,1.9430976174200178e-05,0.028130695554654573,0.5797604652155339,-0.765353600267048,1.424289986119983,-2.629247197726245e-09,0.986
4560.916999999434,1.9471455043377416e-05,0.028170892607146815,0.5658078785774081,-0.7577070166281408,1.424289986119983,-2.610629463531255e-09,0.985
4560.861999999732,1.9574637293905696e-05,0.028318484638125134,0.5660468970414656,-0.7661191051020206,1.424289986119983,-2.689999616752819e-09,0.985
4560.815999999642,1.9480312757121823e-05,0.02818906670646219,0.5855527090271728,-0.7577246928723875,1.424289986119983,-2.5987826579638183e-09,0.985
4560.917000001296,1.9523738309345717e-05,0.028241750852736978,0.5721715714840445,-0.7500316073125877,1.422112718852032,-2.5605630342922354e-09,0.985
4560.896999999881,1.9667150455355328e-05,0.028426409001928783,0.5364140495189305,-0.7240381524795428,1.422112718852032,-2.473074755347576e-09,0.985
4560.917000001296,1.9420857011745448e-05,0.028092410643490204,0.5781075945786909,-0.7575164903023759,1.424289986119983,-2.5849709425320024e-09,0.985
4560.9000000003725,1.942768800874076e-05,0.02809507667427393,0.542818771019896,-0.7460670741288496,1.424289986119983,-2.5844730254076114e-09,0.985
4560.917000001296,1.947820192864049e-05,0.0281582668004225,0.5425444455890398,-0.7393060571642117,1.424289986119983,-2.5385632535676943e-09,0.985
4560.788999998942,1.9513915036150418e-05,0.02822884599640583,0.5693424949098413,-0.7507610339587913,1.424289986119983,-2.574562518625722e-09,0.985
4560.44299999997,1.9544318917197858e-05,0.02827677931294669,0.5645033480997164,-0.7491005055874668,1.422112718852032,-2.5649412697126814e-09,0.985
4560.339999999851,1.9445057703248176e-05,0.0281289684559665,0.5681608126586175,-0.7579630626357029,1.424289986119983,-2.6014641879978193e-09,0.985
4560.512000000104,1.9549366171519892e-05,0.02827327126008394,0.5529693456646618,-0.7493942942644557,1.422112718852032,-2.5785333542376566e-09,0.985
4560.917000001296,1.9328096375632398e-05,0.0280076864329283,0.590028963043566,-0.7596342459821908,1.424289986119983,-2.5839054364114837e-09,0.985
4560.872000001371,2.121376384132627e-05,0.030698833097957418,0.5199356315343939,-0.8487326521736543,1.3690769344234988,-3.673688181065963e-09,0.985
4560.904999999329,1.938208797210813e-05,0.02806133632760968,0.6094130194122327,-0.7603182255106173,1.424289986119983,-2.566122045242625e-09,0.985
4560.917000001296,1.9397245821406668e-05,0.028058715187543944,0.5771820130708045,-0.751471486487569,1.424289986119983,-2.560610291651647e-09,0.984
4560.916999999434,1.9420857149184733e-05,0.028101776661840383,0.5862924120721407,-0.7583107471843618,1.424289986119983,-2.5865451505408165e-09,0.984
4560.917000001296,1.952373836784053e-05,0.028237664952989645,0.5682833005331203,-0.7448345767549287,1.422112718852032,-2.532310751720696e-09,0.984
4560.916999999434,1.9528798258211197e-05,0.028240866819282513,0.5497244726942245,-0.742702733677619,1.422112718852032,-2.545881363928361e-09,0.984
4560.917000001296,1.941579722248494e-05,0.028062634783376148,0.5411911659207691,-0.7348448142968812,1.424289986119983,-2.5061888234256628e-09,0.984
4560.917999999598,1.949169477923995e-05,0.028188731585405913,0.573516098832294,-0.7465075250525498,1.424289986119983,-2.5402313507508575e-09,0.984
4560.917999999598,1.952542555885084e-05,0.028225905731897486,0.5639474925866526,-0.7345199840704755,1.422112718852032,-2.4823376397020704e-09,0.984
4560.917999999598,1.946470908946035e-05,0.028163226758141518,0.5768198934216389,-0.7456278126462458,1.422112718852032,-2.530226457893465e-09,0.984
4560.916999999434,1.9486634816963715e-05,0.028202444357649,0.5702201019390265,-0.7541374182065056,1.422112718852032,-2.58705519532065e-09,0.984
4560.916999999434,1.9478201021348732e-05,0.02817752667369322,0.5648105374256938,-0.7509919990203375,1.422112718852032,-2.5801541515749793e-09,0.984
4560.91800000146,1.948832083862198e-05,0.028205243528165645,0.5692034237490282,-0.7535374868243612,1.422112718852032,-2.584415944753083e-09,0.984
4560.917000001296,1.947651421046802e-05,0.02819014385430333,0.563981984621591,-0.7511754076057255,1.422112718852032,-2.5760322565517007e-09,0.984
4560.916999999434,1.9419172132145887e-05,0.028102617049311305,0.5827047029622587,-0.7508689710870033,1.422112718852032,-2.5512999646817065e-09,0.984
4560.917000001296,1.947988735793883e-05,0.02816823375209297,0.5425706375646309,-0.7444679063877213,1.424289986119983,-2.558802795931545e-09,0.983
4560.916999999434,1.9471454742112293e-05,0.028165095501140998,0.547275817546061,-0.747590799591798,1.424289986119983,-2.5745963032822848e-09,0.983
4560.917000001296,1.9461335018932957e-05,0.028116875794679627,0.5339049588804365,-0.7308420558591351,1.424289986119983,-2.498084274102163e-09,0.983
4560.917000001296,1.939555978447762e-05,0.028060230188268642,0.5623942777562241,-0.7365630527727267,1.424289986119983,-2.4707128872360557e-09,0.983
4560.916999999434,1.9488320316841614e-05,0.028197251998074456,0.5739544723584884,-0.7420473524011294,1.424289986119983,-2.51447947084207e-09,0.983
4560.916999999434,1.9469767624319082e-05,0.028124458309373376,0.52728856353768,-0.7267918830545731,1.424289986119983,-2.4722866008597046e-09,0.983
4560.916999999434,1.9505185853276623e-05,0.028202587911613362,0.5739997371328194,-0.7493541138582388,1.424289986119983,-2.5627398023850286e-09,0.983
4560.916999999434,1.9490008318804577e-05,0.028189880555298502,0.5717106918308654,-0.7420722632955647,1.424289986119983,-2.5156379105942315e-09,0.983
4560.91800000146,1.946808145259933e-05,0.028143165898218157,0.5333869803233182,-0.7188835125593159,1.422112718852032,-2.4276859273065086e-09,0.983
4560.917000001296,1.9490007323286462e-05,0.028189880555298502,0.5717106918308654,-0.7420722632955647,1.424289986119983,-2.515637269385452e-09,0.983
4560.916999999434,1.945290264908235e-05,0.02811135558969752,0.5339143403046638,-0.7284285282020905,1.424289986119983,-2.4806237262495407e-09,0.983
4560.917999999598,1.949844022033583e-05,0.028189952364361892,0.5684075009209932,-0.7395770138765014,1.424289986119983,-2.5087364539620544e-09,0.982
4560.917999999598,1.9527110605025716e-05,0.028245955606018443,0.5773172364951744,-0.7388073211473084,1.422112718852032,-2.487663199944979e-09,0.982
4560.917000001296,1.9528797307577694e-05,0.028245979494873782,0.5800183738298004,-0.7419415357448464,1.424289986119983,-2.507902201732475e-09,0.982
4560.91800000146,1.955409611278098e-05,0.028272030211990276,0.5658778378011946,-0.7388192597689627,1.424289986119983,-2.5098945951078575e-09,0.982
4560.916999999434,1.9478206064110364e-05,0.028170341693829325,0.5570785379711487,-0.7448930801591004,1.422112718852032,-2.5427343130545265e-09,0.983
4560.868000000715,1.9390620361849668e-05,0.028082464836781014,0.5799896885115543,-0.7524902244801455,1.422112718852032,-2.5608011922233724e-09,0.983
4560.871999999508,1.9527218268300933e-05,0.02826178948579282,0.5831766133188463,-0.7476381719074373,1.422112718852032,-2.55222605893411e-09,0.981
4560.86400000006,1.9405960648951854e-05,0.02808477142447331,0.5635251462348894,-0.7472245094108552,1.422112718852032,-2.5361995521449623e-09,0.982
4560.917999999598,1.943266320135737e-05,0.02808806278928934,0.5509045201587108,-0.7402588790393448,1.424289986119983,-2.519064122732602e-09,0.982
4560.917000001296,1.9397246681858958e-05,0.02806869344940752,0.5806480729928509,-0.7376579960964298,1.422112718852032,-2.480392182344766e-09,0.982
4560.900999998674,1.9493408625653457e-05,0.028156972754716528,0.5254280071654014,-0.72248606600752,1.422112718852032,-2.4497789420532976e-09,0.982
4560.916999999434,1.9486633993585068e-05,0.028191891139933884,0.5619540809949086,-0.744427147476977,1.422112718852032,-2.5452787147048796e-09,0.982
4560.916999999434,1.9479887816950312e-05,0.02817752667369322,0.5648170812434303,-0.7486933090154659,1.422112718852032,-2.5569504018364316e-09,0.982
4560.916999999434,1.950855895884675e-05,0.028221100250083012,0.5889289776851219,-0.7476268625493782,1.422112718852032,-2.5515317254707575e-09,0.982
4560.917000001296,1.950012596376112e-05,0.02816351426513537,0.5285023253068379,-0.7226587928022803,1.422112718852032,-2.4610789533987255e-09,0.982
4560.480999998748,1.947023404244161e-05,0.028171323749184664,0.5753106922702167,-0.7385820949175275,1.424289986119983,-2.4933268350192677e-09,0.981
4560.894999999553,1.9530625221473492e-05,0.0282254754235954,0.5466448788884719,-0.7281374586553789,1.424289986119983,-2.4713581620429786e-09,0.981
4560.899000000209,1.9535668226860352e-05,0.028256082669529035,0.5681106182431108,-0.7350197406350175,1.422112718852032,-2.4848585370042634e-09,0.981
4560.916999999434,1.955915677275714e-05,0.028266229976511174,0.5597110731855284,-0.731400912368978,1.424289986119983,-2.476131003696222e-09,0.981
4560.9020000007,1.953731342759442e-05,0.02826131197212834,0.5603835945006996,-0.7396790994542628,1.422112718852032,-2.5138750967129394e-09,0.981
4560.916999999434,1.955240996420178e-05,0.028267662244072095,0.5558781470452452,-0.7358068352835627,1.422112718852032,-2.500307802839743e-09,0.981
4560.917000001296,1.9522052699681404e-05,0.028229276253329178,0.5600604829372671,-0.7422173603621267,1.422112718852032,-2.527725913668778e-09,0.981
4560.916999999434,1.9506872135928274e-05,0.028223108610660214,0.5782222347137314,-0.7418824256404016,1.422112718852032,-2.50998706499754e-09,0.981
4560.916999999434,1.9490006180357087e-05,0.02819617512177805,0.5708607075721401,-0.7412085036020251,1.422112718852032,-2.516007176899604e-09,0.981
4727.084999999031,2.0059490773211555e-05,0.029139375574509577,0.4308685325257766,-0.7854722067735772,5.027962853018217,-2.9271199048564002e-09,0.998
4727.084999999031,2.0059490773211555e-05,0.029139375574509577,0.4308685325257766,-0.7854722067735772,5.027962853018217,-2.9271199048564002e-09,0.998
4807.2050000000745,2.022708628000739e-05,0.029832574507281488,0.3416415430737998,-0.7638801767672407,5.071831002951837,-2.902700505661881e-09,0.999
4807.2050000000745,2.022708628000739e-05,0.029832574507281488,0.3416415430737998,-0.7638801767672407,5.071831002951837,-2.902700505661881e-09,0.999
4777.14100000076,2.0217010528875216e-05,0.029417066357100882,0.25515950067096504,-0.5898991066723441,5.055014056175682,-2.020095288704056e-09,1.001
4777.14100000076,2.0217010528875216e-05,0.029417066357100882,0.25515950067096504,-0.5898991066723441,5.055014056175682,-2.020095288704056e-09,1.001
4847.265000000596,2.03636681101848e-05,0.030245755354486495,0.3145657792030043,-0.7457462470707522,5.070033982232232,-2.8211339096974562e-09,1.003
4847.265000000596,2.03636681101848e-05,0.030245755354486495,0.3145657792030043,-0.7457462470707522,5.070033982232232,-2.8211339096974562e-09,1.003
4560.916999999434,1.952542543619866e-05,0.028221100250082985,0.553414549766595,-0.7315731527026348,1.422112718852032,-2.4938229704205587e-09,0.986
4560.917000001296,1.9456274595787638e-05,0.028151652164094217,0.5824402785336851,-0.755788076173159,1.422112718852032,-2.5780692269828927e-09,0.986
4560.917999999598,1.9466395681436183e-05,0.028149039433924373,0.5543431496524343,-0.7361821981310255,1.422112718852032,-2.5126736496610236e-09,0.986
4560.916999999434,1.9417484349991237e-05,0.02807900459997175,0.5634379079876046,-0.7346851151332713,1.422112718852032,-2.4806703607525075e-09,0.986
4560.917999999598,1.9452902364621097e-05,0.028139497313239885,0.5645097454206809,-0.7437852551596238,1.422112718852032,-2.5359234630869443e-09,0.985
4560.916999999434,1.946302218303034e-05,0.028158554358058963,0.5567485343254277,-0.73368732010742,1.422112718852032,-2.4688596962180934e-09,0.985
4560.917999999598,1.9444469502409236e-05,0.028131007380616743,0.556483450758332,-0.7350961292680016,1.422112718852032,-2.490210900123135e-09,0.985
4560.917000001296,1.944615669690626e-05,0.028110203410194004,0.5468567256521921,-0.7216041509870867,1.422112718852032,-2.421062603770427e-09,0.985
4560.917999999598,1.9463021489989638e-05,0.028143741319138736,0.5417789110423628,-0.7270004233656373,1.422112718852032,-2.464227812525132e-09,0.985
4560.901000000536,1.950022490321854e-05,0.02815999210219495,0.5245072114362812,-0.7173840856561442,1.422112718852032,-2.4328692363074637e-09,0.985
4560.916999999434,1.944615599781783e-05,0.028114571840907883,0.5504671067346161,-0.7260179769124285,1.422112718852032,-2.4376432229727256e-09,0.985
4560.916999999434,1.946976835466652e-05,0.028141199787963433,0.5369969299740762,-0.7211594766925378,1.422112718852032,-2.4318079600607876e-09,0.985
4560.916999999434,1.9476514285645707e-05,0.028145970964091313,0.5318914086870836,-0.7187265901442794,1.422112718852032,-2.433938181448261e-09,0.985
4560.917000001296,1.950687251977861e-05,0.02821241961942871,0.5666573864481039,-0.7254423103755756,1.422112718852032,-2.4331038881672978e-09,0.984
4560.917999999598,1.9474827209649537e-05,0.028171347701326628,0.569345236834863,-0.7329436603150152,1.422112718852032,-2.4656638507109567e-09,0.984
4560.917000001296,1.9572649000545818e-05,0.028319461556216206,0.5688969084889468,-0.7344504439206657,1.422112718852032,-2.4911365800685015e-09,0.984
4560.917999999598,1.9491694145844042e-05,0.02818068748449042,0.5643545797728091,-0.7320654684681115,1.422112718852032,-2.4656638436167915e-09,0.984
4560.917000001296,1.9496753790262262e-05,0.028206750658770423,0.5752474370879641,-0.730819318812881,1.422112718852032,-2.4480184695953383e-09,0.984
4560.916999999434,1.9488319423947844e-05,0.02819466742586372,0.551138861767428,-0.7242627178238343,1.422112718852032,-2.4316688653886996e-09,0.984
4560.916999999434,1.952879772423625e-05,0.02823479730186606,0.5543281565161573,-0.72297918262818,1.422112718852032,-2.438986139222057e-09,0.984
4560.917000001296,1.950518705324381e-05,0.02816854516250706,0.5109621503014528,-0.7077449789311829,1.422112718852032,-2.39230130813723e-09,0.983
4560.916999999434,1.953385717180033e-05,0.028238525191540232,0.5552532546652089,-0.7255043677005937,1.422112718852032,-2.4553356492775832e-09,0.983
4560.916999999434,1.9537230003315923e-05,0.028272054078813537,0.5821942506004225,-0.733082928346132,1.422112718852032,-2.4605227907934464e-09,0.983
4560.916999999434,1.9537231768393597e-05,0.028237569369310794,0.549927676937545,-0.7199281762897539,1.422112718852032,-2.4248610447794954e-09,0.983
4560.917000001296,1.953723114113058e-05,0.028237569369310794,0.549927676937545,-0.7199281762897539,1.422112718852032,-2.424860272151094e-09,0.983
4560.916999999434,1.9474827040537925e-05,0.028171347701326628,0.569345236834863,-0.7329436603150152,1.422112718852032,-2.465663431426233e-09,0.983
4560.916999999434,1.957264923206485e-05,0.02830087050348558,0.5663267438730983,-0.730067194971094,1.422112718852032,-2.4686285205198532e-09,0.983
4560.916999999434,1.9545662577412715e-05,0.028274822493599038,0.5777498820376148,-0.7300331668808709,1.422112718852032,-2.4463965063491537e-09,0.982
4560.917999999598,1.9488321133645233e-05,0.02818066354028681,0.5681075445036807,-0.7272643653077003,1.422112718852032,-2.436949413253821e-09,0.982
4560.916999999434,1.953723212739536e-05,0.028237569369310794,0.549927676937545,-0.7199281762897539,1.422112718852032,-2.4248604431894386e-09,0.982
4560.892000000924,1.9544153598979315e-05,0.028265513815514842,0.5626057609020467,-0.7264092803389053,1.422112718852032,-2.44158653153602e-09,0.982
4560.901000000536,1.9469817199272742e-05,0.028144508528732296,0.5397372651072692,-0.7232270596053142,1.422112718852032,-2.4462956744583075e-09,0.982
4560.916999999434,1.9478201367113666e-05,0.028138562107237912,0.5241691480442245,-0.7240572982567228,1.422112718852032,-2.476502239181767e-09,0.982
4560.867000000551,1.965722030660984e-05,0.028477801094812093,0.5786891917172028,-0.754617249236031,1.422112718852032,-2.605297613771898e-09,0.982
4560.916999999434,1.955072376671588e-05,0.02827935638059931,0.560104317425421,-0.746057367383219,1.422112718852032,-2.550281011023063e-09,0.982
4560.917999999598,1.9474828004650914e-05,0.02817659272991938,0.5595938592296958,-0.7438034652314899,1.422112718852032,-2.5324499338843704e-09,0.982
4560.916999999434,1.9454588800681006e-05,0.02815323406633883,0.5682213343986784,-0.7474810276300826,1.422112718852032,-2.54495422522587e-09,0.982
4560.91800000146,1.9498440151982616e-05,0.02818123819555869,0.5377209380529586,-0.7242343571416674,1.422112718852032,-2.4672388388192006e-09,0.981
4560.916999999434,1.9463021904889733e-05,0.02813518071848974,0.5540147382568326,-0.7328176808688985,1.422112718852032,-2.485811153884009e-09,0.981
4560.916999999434,1.9471454948606268e-05,0.028141511497531913,0.5426889630743688,-0.7253600488503715,1.422112718852032,-2.459827519721708e-09,0.981
4560.893999999389,1.95221056572446e-05,0.028196629807897517,0.5250233621320337,-0.7268708706047173,1.422112718852032,-2.4965122458786247e-09,0.981
4560.916999999434,1.943603689962907e-05,0.028118603636122164,0.5597358711926503,-0.7315137864456347,1.422112718852032,-2.4637647653510503e-09,0.981
4560.881999999285,1.954081858373434e-05,0.02825863774649173,0.5527452720194068,-0.726595697990643,1.422112718852032,-2.453219497755553e-09,0.981
4560.892000000924,1.9486804001940057e-05,0.02816761092093631,0.5483730858937679,-0.7284222722602044,1.422112718852032,-2.472015428300083e-09,0.981
4560.8849999997765,1.9485120858109864e-05,0.02817220996487481,0.5550099969464619,-0.7357667013479987,1.422112718852032,-2.5019035825846057e-09,0.981
4560.916999999434,1.9420857696386228e-05,0.028110179405952153,0.5641875679683754,-0.7319849153978604,1.422112718852032,-2.4566782951035545e-09,0.981
4560.88599999994,1.946989572857996e-05,0.02815321009878616,0.5486046904140136,-0.7247506745295808,1.422112718852032,-2.448297488398054e-09,0.981
4560.916999999434,1.947820215306657e-05,0.028181884668733205,0.5685925244350605,-0.7334973277223374,1.422112718852032,-2.467794788853858e-09,0.98
4560.917000001296,1.947820139487839e-05,0.028153665478797538,0.5424728676015018,-0.7191655929782528,1.422112718852032,-2.4228690096656878e-09,0.98
4560.917999999598,1.941242494837263e-05,0.028085540244941,0.5646039783991958,-0.7276447247151187,1.422112718852032,-2.4265280933551954e-09,0.98
4560.916999999434,1.9510246278092434e-05,0.028191220960988087,0.5244206811395675,-0.7225172037523455,1.422112718852032,-2.4601527977781557e-09,0.98
4560.921000000089,1.948325885021546e-05,0.028180328319299865,0.5634898895483378,-0.7281376117333467,1.422112718852032,-2.4449609229735362e-09,0.98
4560.916999999434,1.945796393970196e-05,0.028115003846621557,0.5414351736974021,-0.718809422653376,1.422112718852032,-2.4202760168974766e-09,0.98
4560.916999999434,1.945121520376703e-05,0.028122994755326036,0.5485626015885723,-0.7227038012787863,1.422112718852032,-2.4233326220043507e-09,0.98
4560.916999999434,1.9476514472417333e-05,0.02813172696579915,0.5380603401048223,-0.7164337113161227,1.422112718852032,-2.4038335583489443e-09,0.98
4560.916999999434,1.9508558091748667e-05,0.028184063413555602,0.5227325919947843,-0.7196750077118711,1.422112718852032,-2.4512135058432147e-09,0.98
4560.916999999434,1.9439411033255234e-05,0.028097310180980065,0.546910146722472,-0.7160997101725747,1.422112718852032,-2.3844746479016744e-09,0.98
4560.916999999434,1.9481574604394375e-05,0.0281525869352551,0.5270126066485719,-0.7162885187546744,1.422112718852032,-2.4203676315089127e-09,0.98
4560.917999999598,1.9484947680584443e-05,0.028157188433130847,0.5285284318669503,-0.7139694110316714,1.422112718852032,-2.395728563452431e-09,0.979
4560.916999999434,1.9447843012230412e-05,0.028100119824353918,0.5454153234805066,-0.7159657074720551,1.422112718852032,-2.3921164386930903e-09,0.979
4560.917999999598,1.953385822384039e-05,0.028228248406466237,0.5272100741116783,-0.7155538390729346,1.422112718852032,-2.4195805980003217e-09,0.979
4560.914999999106,1.9511947774062066e-05,0.028150789270857006,0.5134929216896484,-0.7067258950816812,1.422112718852032,-2.384062376661842e-09,0.979
4560.913000000641,1.9525436759478383e-05,0.02821218044579453,0.5207523850570106,-0.7063523693291713,1.4155657531188455,-2.376369211612603e-09,0.979
4560.916999999434,1.9533857923745355e-05,0.028208329471132366,0.5246123112072358,-0.708266603933343,1.4155657531188455,-2.384937305069031e-09,0.979
4560.917000001296,1.9508559961119154e-05,0.028173647012144355,0.5360780091321606,-0.7086300094863502,1.4155657531188455,-2.37127381631078e-09,0.979
4560.916999999434,1.9468081493767715e-05,0.02815136453595395,0.5374492552825827,-0.7200936913839366,1.422112718852032,-2.422868994454469e-09,0.979
4560.917999999598,1.949675345696006e-05,0.028161645417208607,0.5370324081687188,-0.7105052346179185,1.4155657531188455,-2.3868825482149024e-09,0.979
4560.916999999434,1.9528798470993707e-05,0.028229993333628897,0.5319595691073831,-0.7137182399871672,1.4155657531188455,-2.4118464282963174e-09,0.979
4560.917000001296,1.9496752977468216e-05,0.02816617356570345,0.5400370992677912,-0.709363054470892,1.4155657531188455,-2.374192074113114e-09,0.979
4560.91800000146,1.9513618630033614e-05,0.02817565875518791,0.5321384883789237,-0.7056183060951235,1.4155657531188455,-2.354925690274499e-09,0.978
4560.917999999598,1.9491692837633077e-05,0.02816444864259602,0.5380767604605476,-0.7065379866058153,1.4155657531188455,-2.349505621147472e-09,0.979
4560.917000001296,1.9500126529189557e-05,0.028167371366824373,0.5336580855777138,-0.7034765727396645,1.4155657531188455,-2.335379748186209e-09,0.978
4560.916999999434,1.9463022726482578e-05,0.028134221385271413,0.5547386608704272,-0.7111690845329984,1.4155657531188455,-2.35622139504404e-09,0.978
4560.916999999434,1.947988786650114e-05,0.028163729893454618,0.5500361744426114,-0.7178455170479837,1.4155657531188455,-2.407817290534369e-09,0.978
4560.917000001296,1.9527110987356036e-05,0.028191747531500954,0.5205001444105903,-0.700998589553419,1.4155657531188455,-2.346681373652424e-09,0.978
4560.916999999434,1.9491693700228516e-05,0.02816444864259602,0.5380767604605476,-0.7065379866058153,1.4155657531188455,-2.3495067716783817e-09,0.978
4560.917000001296,1.9567589243597208e-05,0.028262720614233454,0.5290242844389925,-0.7063805717607892,1.4155657531188455,-2.376507752934298e-09,0.978
4560.916999999434,1.950349942862392e-05,0.02817846058651252,0.5317016787113764,-0.7066643597593437,1.4155657531188455,-2.364929419556266e-09,0.978
4560.916999999434,1.954903617554624e-05,0.028217776577536286,0.5154233274460687,-0.6967374168868882,1.4155657531188455,-2.333574021019803e-09,0.978
4560.916999999434,1.9530484955439993e-05,0.02819619905280921,0.5238664270732416,-0.706223748516785,1.4155657531188455,-2.3771560276225654e-09,0.978
4560.916999999434,1.9495067275430753e-05,0.02816363405884986,0.5356748100545978,-0.7038575268980574,1.4155657531188455,-2.3407995347238504e-09,0.978
4560.916999999434,1.9513618752649585e-05,0.028186984103917397,0.5258660821544954,-0.7041340173589246,1.4155657531188455,-2.355387552023845e-09,0.977
4560.916999999434,1.9505184901879073e-05,0.028169239834871157,0.5326740921102298,-0.7033978808288501,1.4155657531188455,-2.3407987434763285e-09,0.977
4560.916999999434,1.9500126081692148e-05,0.028165502774825494,0.5346753786827372,-0.7037489517867456,1.4155657531188455,-2.343716629425621e-09,0.977
4560.916999999434,1.9542289384322085e-05,0.028195481113037955,0.51700031962692,-0.69963877897073,1.4155657531188455,-2.343206990199679e-09,0.977
4560.91800000146,1.9505185625552757e-05,0.028169239834871157,0.5326740921102298,-0.7033978808288501,1.4155657531188455,-2.3407990477457175e-09,0.977
4560.916999999434,1.94866343779815e-05,0.028160830752376,0.5371588011868527,-0.7039869175552335,1.4155657531188455,-2.333157641735682e-09,0.977
4560.917999999598,1.9522051841972183e-05,0.02819899884326536,0.5301295651770515,-0.6987614060049739,1.4155657531188455,-2.3228292662977983e-09,0.977
4560.916999999434,1.948663392151444e-05,0.028162436098774234,0.5420237002610175,-0.7095511324469062,1.4155657531188455,-2.365854152135717e-09,0.977
4560.916999999434,1.955578376669748e-05,0.028227268331577637,0.5086251231402477,-0.700592381912578,1.4155657531188455,-2.3625670913564837e-09,0.977
4560.917000001296,1.9505186636977974e-05,0.028169239834871157,0.5326740921102298,-0.7033978808288501,1.4155657531188455,-2.340799375857753e-09,0.977
4560.916999999434,1.9503498071250438e-05,0.028166532911388143,0.5312805266709875,-0.7007980502757778,1.4155657531188455,-2.3266728589533763e-09,0.977
4560.916999999434,1.9530485531380222e-05,0.028212276115491486,0.5272605000213537,-0.6986317548372708,1.4155657531188455,-2.329452154987217e-09,0.977
4560.917999999598,1.9530484332242736e-05,0.0281825550696953,0.511445931721711,-0.6941789550668671,1.4155657531188455,-2.3210221359325858e-09,0.977
4560.917999999598,1.951530583389234e-05,0.028169455419363,0.5229618526925428,-0.6996394971872426,1.4155657531188455,-2.3349630128138992e-09,0.977
4560.916999999434,1.951530451946363e-05,0.028180615651818505,0.522028592134955,-0.6980077562783943,1.4155657531188455,-2.32143954979753e-09,0.976
4560.916999999434,1.9535544185167714e-05,0.028208329471132366,0.52885638073188,-0.6968478384119317,1.4155657531188455,-2.313379826548429e-09,0.976
4560.916999999434,1.9567589368426188e-05,0.02823945708706522,0.49762981415156915,-0.69518787668772,1.4155657531188455,-2.3464030941962285e-09,0.976
4560.917000001296,1.9543977781339442e-05,0.028211247649246627,0.5244899260126359,-0.6937944191258834,1.4155657531188455,-2.299255169289349e-09,0.976
4560.916999999434,1.954734916082693e-05,0.02820861651843172,0.5099791930755968,-0.6956340650058532,1.4155657531188455,-2.3199106660834665e-09,0.976
4560.917000001296,1.9516991867583005e-05,0.028186146231902756,0.5234862499493205,-0.7014571828289178,1.4155657531188455,-2.3466812861590424e-09,0.976
4560.917999999598,1.9528798752565202e-05,0.028200219177754855,0.5142565170142674,-0.6986669921883556,1.4155657531188455,-2.3414473092094964e-09,0.976
4560.916999999434,1.9508559926529913e-05,0.028168473298870886,0.5274111574535847,-0.6977913715791577,1.4155657531188455,-2.310323338109331e-09,0.976
4560.916999999434,1.952879756125386e-05,0.028185332275238225,0.5167130736988419,-0.6948763008307005,1.4155657531188455,-2.3127322228143366e-09,0.976
4560.916999999434,1.953217064854294e-05,0.028202085469541196,0.5227000853233417,-0.6935803025532485,1.4155657531188455,-2.305321516675766e-09,0.976
4560.916999999434,1.9525425048621693e-05,0.028186146231902767,0.5219254067499963,-0.7004761187700844,1.4155657531188455,-2.3432074896362556e-09,0.976
4560.916999999434,1.9523739042018988e-05,0.028183416990357292,0.52055201622714,-0.6978791295358793,1.4155657531188455,-2.329081494799691e-09,0.976
4560.917999999598,1.9508559655744786e-05,0.028168473298870886,0.5274111574535847,-0.6977913715791577,1.4155657531188455,-2.310323412228561e-09,0.975
4560.916999999434,1.9557469904229568e-05,0.028240030545949577,0.5224156294589308,-0.6892628026521233,1.4155657531188455,-2.279061697995771e-09,0.975
4560.916999999434,1.9538918226358804e-05,0.02820761184010435,0.523627437463432,-0.6912445508729551,1.4155657531188455,-2.2829056770373117e-09,0.975
4560.916999999434,1.958614217725287e-05,0.02825980775134622,0.5074868486039303,-0.6833288639780594,1.4155657531188455,-2.267343984565495e-09,0.975
4560.916999999434,1.9538918033017012e-05,0.02820761184010435,0.523627437463432,-0.6912445508729551,1.4155657531188455,-2.2829058152885636e-09,0.975
4560.916999999434,1.9543977345957802e-05,0.028211247649246627,0.5244899260126359,-0.6937944191258834,1.4155657531188455,-2.2992543658848705e-09,0.975
4560.916999999434,1.951530587179915e-05,0.0281829860333213,0.5399920178151305,-0.6981093653558463,1.4155657531188455,-2.3015241496725355e-09,0.975
4560.916999999434,1.952711102771102e-05,0.02818894702082799,0.5298965293309461,-0.6951314407582526,1.4155657531188455,-2.2994399386218652e-09,0.975
4560.917000001296,1.9528798173286437e-05,0.028189521507237667,0.5364939949105589,-0.6976065919457279,1.4155657531188455,-2.3037468440270056e-09,0.975
4560.916999999434,1.9543977397459682e-05,0.028214715583159678,0.5304528928596097,-0.6916715433019972,1.4155657531188455,-2.279987858611251e-09,0.975
4560.916999999434,1.9530484679105042e-05,0.028204717209617473,0.5279713143890046,-0.6942964187961508,1.4155657531188455,-2.297031408432619e-09,0.975
4560.917000001296,1.95119313220861e-05,0.028192465566350338,0.5369191989356623,-0.6974388541726999,1.4155657531188455,-2.2978188471049583e-09,0.975
4560.88599999994,1.953901257573914e-05,0.028215480862885958,0.5358313490260649,-0.6933894687903667,1.4155657531188455,-2.2858510566685984e-09,0.975
4560.916999999434,1.9515306253937807e-05,0.028179514194586683,0.5361779523292314,-0.6928243662997039,1.4155657531188455,-2.27327236182863e-09,0.974
4560.917000001296,1.9532170761522126e-05,0.028228535251216057,0.5311348882864113,-0.696768793387236,1.4155657531188455,-2.309119468890355e-09,0.974
4560.917999999598,1.9474827264560715e-05,0.028133453895143646,0.549728410335776,-0.6946254951121253,1.4155657531188455,-2.264009060435319e-09,0.974
4560.917999999598,1.9547350774635742e-05,0.028236924171015403,0.5280721192396527,-0.6956248219266116,1.4155657531188455,-2.3084249208001063e-09,0.974
4560.917999999598,1.953048513675045e-05,0.02820646359248284,0.5298364470687966,-0.6969247167771672,1.4155657531188455,-2.3079616508140914e-09,0.974
4560.917000001296,1.9498440033351864e-05,0.028161645417208607,0.5370991097961486,-0.6930533091536705,1.4155657531188455,-2.273641919652878e-09,0.974
4560.916999999434,1.9501813073191296e-05,0.028176281408448748,0.5463598338628368,-0.7015247392236339,1.4155657531188455,-2.314678053357685e-09,0.974
4560.917000001296,1.9533856834912494e-05,0.028211917352455002,0.534938333517319,-0.6908322908282022,1.4155657531188455,-2.2694277704506425e-09,0.974
4560.91800000146,1.954566432827176e-05,0.028219641708172875,0.5211352877633342,-0.694394036847739,1.4155657531188455,-2.315788957287984e-09,0.974
4560.917000001296,1.9491694388478805e-05,0.02814575519971851,0.5326588702848869,-0.6904142852511138,1.4155657531188455,-2.261137595303886e-09,0.974
4560.917999999598,1.9496751975040593e-05,0.02817271293975719,0.5454406176029991,-0.6989676114403649,1.4155657531188455,-2.2983284044626106e-09,0.974
4560.916999999434,1.9498440652991047e-05,0.028164879883276685,0.545987479172144,-0.6938410052452635,1.4155657531188455,-2.2761441438833266e-09,0.974
4560.917000001296,1.9569276516031133e-05,0.028244689467772553,0.518363711634084,-0.6894477142988333,1.4155657531188455,-2.285592505707424e-09,0.974
4560.917000001296,1.9493379638458363e-05,0.028167874428106362,0.5504698459417465,-0.7015853841899484,1.4155657531188455,-2.3045342505038707e-09,0.974
4560.916999999434,1.961481401267855e-05,0.02830783166074948,0.5054210959082619,-0.6782994532131308,1.4155657531188455,-2.2416395411193228e-09,0.973
4560.916999999434,1.950181260190356e-05,0.028170844702068622,0.5460412465503164,-0.6985235370185017,1.4155657531188455,-2.290408323301067e-09,0.973
4560.916999999434,1.9498440752184165e-05,0.028175347423397414,0.5468591881832756,-0.7015744730368731,1.4155657531188455,-2.3124542017788084e-09,0.973
4560.904999999329,1.9520430037670146e-05,0.028195385386353883,0.532543694503842,-0.6943834533155462,1.4155657531188455,-2.2837313971189018e-09,0.973
4560.896999999881,1.9474951527337185e-05,0.02815666121631256,0.556371651812209,-0.7021830481258674,1.4155657531188455,-2.2941088758872076e-09,0.973
4560.917000001296,1.94832592151348e-05,0.028161621456814605,0.5546824501124075,-0.6987500740882434,1.4155657531188455,-2.282302691662498e-09,0.973
4560.916999999434,1.9479888611140804e-05,0.028135324615651193,0.5487383203298402,-0.6945492192699543,1.4155657531188455,-2.26942861536265e-09,0.973
4560.916999999434,1.9538918243757904e-05,0.02820761184010435,0.523627437463432,-0.6912445508729551,1.4155657531188455,-2.2829050105475773e-09,0.973
4560.917999999598,1.944446895472006e-05,0.028101752650400463,0.556979224105091,-0.6924170481909099,1.4155657531188455,-2.2427037552294644e-09,0.973
4560.916999999434,1.9491694154843656e-05,0.028157404109893102,0.5404093016043969,-0.6899748402383493,1.4155657531188455,-2.2555799582028567e-09,0.973
4560.916999999434,1.9516992048503225e-05,0.028201487312545653,0.544658089440385,-0.693254336234997,1.4155657531188455,-2.265629798879362e-09,0.973
4560.916999999434,1.964854457229544e-05,0.028339778579454748,0.5005171391395344,-0.6820624964590727,1.4155657531188455,-2.2677607293113235e-09,0.973
4560.916999999434,1.961481344197412e-05,0.028294003026921564,0.512346905613378,-0.666895355114205,1.4155657531188455,-2.1717035936485517e-09,0.973
4560.917000001296,1.9549037057362128e-05,0.02824418777465427,0.5354093716964892,-0.6882491766885299,1.4155657531188455,-2.2555791335755778e-09,0.973
4560.91800000146,1.951361885945354e-05,0.028200578089613543,0.556359796856885,-0.6902456407290284,1.4155657531188455,-2.2468265389140447e-09,0.973
4560.917000001296,1.9505186309164653e-05,0.028156253814736958,0.537603335305338,-0.6803997145799515,1.4155657531188455,-2.2106539496687386e-09,0.972
4560.917000001296,1.9677215722969644e-05,0.028394654607098287,0.5008548151190961,-0.6767400420161085,1.4155657531188455,-2.2537272673020006e-09,0.972
4560.917000001296,1.9589514357101804e-05,0.0282735337825077,0.5219850265768984,-0.6695972231547489,1.4155657531188455,-2.182124403419e-09,0.972
4560.916999999434,1.9587827383246755e-05,0.0282682590008046,0.5246445526845531,-0.6726175787761363,1.4155657531188455,-2.185782647122628e-09,0.972
4560.917000001296,1.9506871917196646e-05,0.028184709821928024,0.5558223628159924,-0.6835701858886747,1.4155657531188455,-2.2159806351994073e-09,0.972
4560.916999999434,1.9564215589109825e-05,0.028248129409125602,0.5400632279950255,-0.6827604854124366,1.4155657531188455,-2.2379335121351997e-09,0.972
4560.916999999434,1.956590202656538e-05,0.02824863103224081,0.5360456938382674,-0.6764827825741124,1.4155657531188455,-2.2006499927441696e-09,0.972
4560.916999999434,1.9597946611986973e-05,0.028302753999224484,0.5324940137374825,-0.6711442335072728,1.4155657531188455,-2.1738339103435488e-09,0.972
4560.916999999434,1.956927521871898e-05,0.028246266159561915,0.533085287992975,-0.6736056649504839,1.4155657531188455,-2.1838844124982804e-09,0.972
4560.917000001296,1.959457487892913e-05,0.028295314652942792,0.530018494385688,-0.6740205110931455,1.4155657531188455,-2.1927307404913533e-09,0.972
4560.916999999434,1.9565902004817697e-05,0.028254649814983344,0.5346889009200488,-0.6701422858245617,1.4155657531188455,-2.1705452100956544e-09,0.972
4560.916999999434,1.9609752002137578e-05,0.0282940745717269,0.5166464054149826,-0.6613765277136766,1.4155657531188455,-2.144609100972376e-09,0.972
4560.917999999598,1.9614812728168885e-05,0.028302301018026384,0.5182291194087116,-0.6695277639695774,1.4155657531188455,-2.1800402207323745e-09,0.972
4560.916999999434,1.9582767876783006e-05,0.028255867745979265,0.5040819405611492,-0.6596684013878733,1.4155657531188455,-2.1311776136676406e-09,0.972
4560.916999999434,1.9547349465283976e-05,0.02822389757035827,0.5435375744133446,-0.6761492038709446,1.4155657531188455,-2.1943051300481527e-09,0.971
4560.917999999598,1.9633366452420037e-05,0.02836276949906722,0.530981887881671,-0.6825273650423959,1.4155657531188455,-2.2316815121176533e-09,0.971
4560.917000001296,1.9599633404895764e-05,0.028298581529807958,0.5240061186537868,-0.6670326924911474,1.4155657531188455,-2.1571138966823264e-09,0.971
4560.916999999434,1.9621559553141168e-05,0.02830547173418003,0.5167136251026272,-0.6643680439192958,1.4155657531188455,-2.151324637012451e-09,0.971
4560.917999999598,1.9570961742820996e-05,0.028265609304696054,0.5356825645289449,-0.6768116769802962,1.4155657531188455,-2.201252056598728e-09,0.971
4560.917999999598,1.9550722511023836e-05,0.028237880015084104,0.538233443817957,-0.6732018788918682,1.4155657531188455,-2.1704067417934038e-09,0.971
4560.917999999598,1.957602310637085e-05,0.02827904619044449,0.532543477092736,-0.670620976813903,1.4155657531188455,-2.175454818983689e-09,0.971
4560.916999999434,1.9646857893333136e-05,0.028303802980481158,0.4691091105554883,-0.6474762280487251,1.4155657531188455,-2.106260729818728e-09,0.971
4560.916999999434,1.956252932078482e-05,0.02822554714210131,0.4880035898686552,-0.6557340455455208,1.4046029552471069,-2.1252494776608317e-09,0.971
4560.916999999434,1.95136198106614e-05,0.028193398984315405,0.5062967070486892,-0.661647322010292,1.4046029552471069,-2.131594948619107e-09,0.971
4560.917000001296,1.9565902758638646e-05,0.028247914425063678,0.5161925280076605,-0.6684359863027086,1.4155657531188455,-2.167581417065025e-09,0.971
4560.916999999434,1.9589514506551477e-05,0.028294026875210123,0.5316960913136244,-0.6727485437820968,1.4155657531188455,-2.1792529252092965e-09,0.971
4560.916999999434,1.9643485114884164e-05,0.02830375530035835,0.46434009306161483,-0.6425746733565887,1.4046029552471069,-2.089124533889447e-09,0.971
4560.917000001296,1.9609753255829125e-05,0.028291713497622908,0.5023742020053321,-0.6531645757731754,1.4155657531188455,-2.09875679691731e-09,0.97
4560.875999998301,2.0883374896614495e-05,0.03000836590505218,0.3673632937703988,-0.7108776741533509,1.422112718852032,-2.8520894069614735e-09,0.971
4560.916999999434,1.960638091668643e-05,0.02831398084817786,0.5357248388102325,-0.6771022487871748,1.4155657531188455,-2.2003725029791984e-09,0.971
4560.916999999434,1.958445416972826e-05,0.028282291088307824,0.5257039567791617,-0.6777955517617718,1.4155657531188455,-2.2185738337120264e-09,0.971
4560.916999999434,1.9516993056350324e-05,0.028197491298333033,0.5349707591130128,-0.679507368416388,1.4155657531188455,-2.2202417670480463e-09,0.971
4560.916999999434,1.9623245793948615e-05,0.02829495694278508,0.48109078043676723,-0.6630529854626318,1.4155657531188455,-2.1917573818979363e-09,0.97
4560.917000001296,1.9638425307388338e-05,0.02834418304609618,0.5178878616730578,-0.6663769165848339,1.4155657531188455,-2.175316153929615e-09,0.97
4560.916999999434,1.9641798672793625e-05,0.02834270703082817,0.5133079844581605,-0.6609856041057018,1.4046029552471069,-2.1503988312312127e-09,0.97
4560.91800000146,1.9597948051027344e-05,0.02830473272682223,0.5355898625433309,-0.6723659723055355,1.4155657531188455,-2.1717034574907033e-09,0.97
4560.916999999434,1.9589514490527003e-05,0.028270478825259526,0.5067908314094689,-0.6551163090967597,1.4155657531188455,-2.112744403538539e-09,0.97
4560.917000001296,1.964517149052923e-05,0.028375185410821815,0.5234208439939172,-0.6669648055928644,1.4155657531188455,-2.157716386953849e-09,0.97
4560.916999999434,1.962999243149591e-05,0.028318174876571425,0.5145965279065416,-0.6592746979204638,1.4155657531188455,-2.1365503350603784e-09,0.97
4560.923000000417,1.9564187134568046e-05,0.028265967386252717,0.535199260344204,-0.676173852482242,1.4155657531188455,-2.1985499949250385e-09,0.97
4560.904999999329,1.96064019154638e-05,0.028280430089478562,0.5025186847278773,-0.6785547582150021,1.4155657531188455,-2.2562292586617452e-09,0.97
4560.895999999717,1.957614474667605e-05,0.028247842763346135,0.5118866704406999,-0.6748021298584732,1.4155657531188455,-2.2136828851921603e-09,0.97
4560.905999999493,1.9621581242487115e-05,0.028284939221688798,0.4893300723158305,-0.6670708304949131,1.4155657531188455,-2.201530664977603e-09,0.97
4560.88599999994,1.959636833012373e-05,0.028270765241525227,0.4913091011761397,-0.6624118259767455,1.4155657531188455,-2.160352703495639e-09,0.97
4560.916999999434,1.958276806642343e-05,0.02825276311233614,0.4947053730408162,-0.6593360421264629,1.4155657531188455,-2.1543346874685e-09,0.969
4560.917000001296,1.959288848064624e-05,0.02826095383158512,0.4879173751786623,-0.6555313612480842,1.4155657531188455,-2.130622536565594e-09,0.969
4560.9020000007,1.958956680697456e-05,0.028258637746491785,0.4850759088755856,-0.6536311069663361,1.4155657531188455,-2.1390902382892695e-09,0.969
4560.916999999434,1.960300679173868e-05,0.02827353378250777,0.478380888785213,-0.6513886495499068,1.4155657531188455,-2.1257130599957355e-09,0.969
4560.91800000146,1.9596261272321696e-05,0.028258637746491778,0.48368217194712715,-0.650385996039499,1.4155657531188455,-2.105704678674799e-09,0.969
4560.917000001296,1.9586142162805692e-05,0.028254052770809883,0.47959884700745636,-0.6455564776394928,1.4046029552471069,-2.0937555840872137e-09,0.969
4560.916999999434,1.957770831587906e-05,0.028232622472238022,0.483799462521564,-0.6509803403605068,1.4155657531188455,-2.11751489290841e-09,0.969
4560.916999999434,1.9614813315711134e-05,0.028270478825259533,0.46856500902797116,-0.6417691118827139,1.4155657531188455,-2.0871329489066497e-09,0.969
4560.917999999598,1.9589514021957917e-05,0.028291665797125644,0.5235450979390244,-0.6538628610185027,1.4046029552471069,-2.0997761245422113e-09,0.969
4560.917000001296,1.957939444183958e-05,0.028242730425055384,0.4764740711634925,-0.6389219052346616,1.4046029552471069,-2.054573265422802e-09,0.969
4560.916999999434,1.956421534461303e-05,0.02825121066757206,0.5080031636925617,-0.6528753553197053,1.4046029552471069,-2.104269167216273e-09,0.969
4560.916999999434,1.9597948115561253e-05,0.028276349778836633,0.5168249792778794,-0.6507452451161703,1.4155657531188455,-2.0926898919789327e-09,0.969
4560.916999999434,1.9577707843833307e-05,0.02822554714210134,0.47676218462954223,-0.640671394254614,1.4155657531188455,-2.0646231596741966e-09,0.969
4560.917000001296,1.9618186855732358e-05,0.02831216959839746,0.5086180128080704,-0.6456116891095548,1.4046029552471069,-2.0599926263356205e-09,0.968
4560.917999999598,1.9611440979457864e-05,0.028275705465437152,0.48264730502736874,-0.637994653940309,1.4046029552471069,-2.056286702324415e-09,0.968
4560.916999999434,1.960806797732827e-05,0.028280501668621106,0.4868869320754845,-0.6406459224226574,1.4046029552471069,-2.0528595282007573e-09,0.968
4560.916999999434,1.9591201957276748e-05,0.028268808005872382,0.5154376948815247,-0.645489543988364,1.4046029552471069,-2.0572136451946862e-09,0.968
4560.916999999434,1.9591200199386456e-05,0.028268808005872382,0.5154376948815247,-0.645489543988364,1.4046029552471069,-2.0572125432686893e-09,0.968
4560.91800000146,1.967552949041131e-05,0.028369905744588156,0.50816705953926,-0.6466802097050356,1.4046029552471069,-2.0809263207919505e-09,0.968
4560.916999999434,1.9581081164283825e-05,0.028242539291661168,0.5141089854884129,-0.6470951216620646,1.4046029552471069,-2.0714778611742966e-09,0.968
4560.916999999434,1.9555783985108957e-05,0.02819983633340395,0.4753803760652633,-0.6305310632626934,1.4046029552471069,-2.014279228189185e-09,0.968
4560.916999999434,1.962493326666224e-05,0.028320104874116774,0.5262019382864422,-0.6516387244346492,1.4046029552471069,-2.0933389821855e-09,0.968
4560.917999999598,1.9633364817635892e-05,0.028334968596138082,0.5232247684050355,-0.6468061716723578,1.4046029552471069,-2.061798587456174e-09,0.968
4440.893000001088,1.954233596267657e-05,0.0275743918142546,0.6000250352023939,-0.709946445042163,1.4249893704297378,-2.4353504110781867e-09,0.968
4440.892999999225,1.948763736312745e-05,0.027504920030588093,0.6127619486020359,-0.7196718737902199,1.4249893704297378,-2.4692149838396507e-09,0.968
4440.893000001088,1.9514987186078878e-05,0.027556743475110737,0.6094824517273971,-0.7108502583183098,1.4249893704297378,-2.4211090817742616e-09,0.968
4440.788000000641,2.0091601352551425e-05,0.028308853397026462,0.5248366418170405,-0.7300421435929938,1.429598335135886,-2.7325491734450206e-09,0.968
4440.832999998704,1.9450554385434042e-05,0.027488430257265217,0.614683770593889,-0.7213685530884275,1.4249893704297378,-2.456304989704671e-09,0.968
4440.873999999836,1.935181519393729e-05,0.027311763627280293,0.5922572059108808,-0.7207508253858687,1.4249893704297378,-2.46542723392269e-09,0.968
4440.892999999225,1.9564216171387242e-05,0.027649451647128766,0.6252737573708758,-0.7200513340710751,1.4249893704297378,-2.456871355916781e-09,0.968
4440.892999999225,1.9498577499376894e-05,0.02757568145452372,0.6319962065005429,-0.7245295944898597,1.4249893704297378,-2.456872268974113e-09,0.967
4440.892999999225,1.9522279804249117e-05,0.027564949810166228,0.5921063656457828,-0.7188435221028393,1.4249893704297378,-2.4742777846423033e-09,0.968
4440.893000001088,1.9535042256826827e-05,0.027606460167119352,0.6119151131921461,-0.7173795582285096,1.4249893704297378,-2.4537066116000314e-09,0.967
4440.892999999225,1.9556923613030773e-05,0.027620626427860475,0.6201201340408455,-0.7156149388546313,1.4249893704297378,-2.4363008462109795e-09,0.967
4440.893999999389,1.963167823750211e-05,0.0277054205376723,0.5904680656759838,-0.7097333856334138,1.4249893704297378,-2.4508582289806125e-09,0.967
4440.893000001088,1.954233684495985e-05,0.027606099476515236,0.585592853275652,-0.7182244864486248,1.4249893704297378,-2.4774431935850364e-09,0.967
4440.892999999225,1.957150911247573e-05,0.02762000841536558,0.5673217458838322,-0.7083953265802688,1.4249893704297378,-2.4549725708981878e-09,0.967
4440.892999999225,1.9559658277032473e-05,0.027609719050720974,0.5662819762005618,-0.70744757547807,1.4249893704297378,-2.4464282274538152e-09,0.967
4440.893000001088,1.9523191626130256e-05,0.027576107022577106,0.5744303065400569,-0.6992849041770465,1.4249893704297378,-2.3957898012033575e-09,0.967
4440.892999999225,1.949219570135913e-05,0.027550354777464366,0.6221197296731633,-0.7199367513265327,1.4249893704297378,-2.4518082487457683e-09,0.967
4440.892999999225,1.9486724527449876e-05,0.027489827421508056,0.5667366543821823,-0.6975219758011504,1.4249893704297378,-2.3831312384993355e-09,0.967
4440.892999999225,1.9497664644088847e-05,0.02754875414438081,0.616887888762879,-0.7142228195524419,1.4249893704297378,-2.4258563173655752e-09,0.967
4440.893000001088,1.95414248408825e-05,0.027598175976175487,0.6229464791276431,-0.7190477441887275,1.4249893704297378,-2.4587708317066853e-09,0.967
4440.877000000328,1.954781531110915e-05,0.027600173170339314,0.6187760878733259,-0.7158898454995852,1.4249893704297378,-2.441681778201631e-09,0.966
4440.892999999225,1.9575155824556517e-05,0.027649091517361293,0.6159332740788233,-0.7170451388115473,1.4249893704297378,-2.4470603639967324e-09,0.967
4440.892999999225,1.955509943205591e-05,0.027629225666910374,0.6088961846271914,-0.7158670300290042,1.4249893704297378,-2.4454779522860967e-09,0.966
4440.893000001088,1.950404779381203e-05,0.02755643375423929,0.6122450328375173,-0.7214852040045743,1.4249893704297378,-2.4692146130211846e-09,0.966
4440.893000001088,1.9480342982050587e-05,0.02751324522613427,0.6190528446903074,-0.717590789094092,1.4249893704297378,-2.439148001111395e-09,0.966
4440.893999999389,1.9517721615061698e-05,0.027559698553372716,0.6012648091516959,-0.7121938839205995,1.4249893704297378,-2.4173112705805165e-09,0.966
4440.892999999225,1.954142502990227e-05,0.027607709665986826,0.6047858080591446,-0.7194063646035195,1.4249893704297378,-2.4609864905794575e-09,0.966
4440.893000001088,1.951133955060917e-05,0.02758233504000143,0.6090359808181702,-0.7135722630700744,1.4249893704297378,-2.4242740055103554e-09,0.966
4440.892999999225,1.9521367635240974e-05,0.027588535871300755,0.6014181753971433,-0.7177164266428652,1.4249893704297378,-2.4480102114220513e-09,0.966
4440.892999999225,1.9574244558169325e-05,0.02764658334066829,0.5815715981925642,-0.7111477279968363,1.4249893704297378,-2.4480099897998217e-09,0.966
4440.892999999225,1.951407483899359e-05,0.027582966789288718,0.605653919205742,-0.7105041499864111,1.4249893704297378,-2.405600825425304e-09,0.966
4440.893000001088,1.957333250172262e-05,0.02762680579243699,0.5757631876704181,-0.701409356784619,1.4249893704297378,-2.4056012061489815e-09,0.966
4440.892999999225,1.9559657004008476e-05,0.02760765814137826,0.5868962689499542,-0.7038692826215701,1.4249893704297378,-2.4062338147180923e-09,0.966
4440.892999999225,1.9545070342840145e-05,0.027598949100738412,0.5856900916332961,-0.6986811956042858,1.4249893704297378,-2.367622188905183e-09,0.966
4440.882999999449,1.958617386991233e-05,0.02763468247828579,0.5719040864027383,-0.6992863569746933,1.4249893704297378,-2.4109900527675492e-09,0.966
4440.892999999225,1.9541423487681823e-05,0.027587195269118986,0.5853524586249499,-0.6947236218425461,1.4249893704297378,-2.3527480320731854e-09,0.966
4440.893000001088,1.9576980268151818e-05,0.02762093542892249,0.5671025169703605,-0.6901731446604822,1.4249893704297378,-2.3461023823509385e-09,0.966
4440.893000001088,1.9595212738299332e-05,0.027653207006647335,0.5589546587762291,-0.6928208860883173,1.4249893704297378,-2.3761679626150555e-09,0.965
4440.892999999225,1.9575156085086318e-05,0.027635454581549337,0.5618791484331602,-0.6891501786714562,1.4249893704297378,-2.3451519777171052e-09,0.965
4440.894000001252,1.9550541253107296e-05,0.027604824139803422,0.5780071795627291,-0.6953669758851149,1.4249893704297378,-2.3685724270490734e-09,0.965
4440.892999999225,1.9581537791455697e-05,0.027623111213533145,0.56339733316549,-0.6852181138162078,1.4249893704297378,-2.321732379427156e-09,0.965
4440.893000001088,1.9577890811337773e-05,0.0276103888131355,0.5632160450483781,-0.6831137968893037,1.4249893704297378,-2.3131876819839443e-09,0.965
4440.893000001088,1.9541425179909697e-05,0.027584152891722308,0.5811362249880605,-0.6889881631716201,1.4249893704297378,-2.3176183376266283e-09,0.965
4440.893000001088,1.9626208204665383e-05,0.02766575546780806,0.5463379137937436,-0.6862233053258601,1.4249893704297378,-2.361292998260779e-09,0.965
4440.892999999225,1.959612399656421e-05,0.0276426727035629,0.5550231366901772,-0.6857690804263284,1.4249893704297378,-2.3432534908522365e-09,0.965
4440.892999999225,1.9567862693703327e-05,0.027618823852763125,0.5686706642084185,-0.6884766739350147,1.4249893704297378,-2.331860344708577e-09,0.965
4440.880999999121,1.9619900443548835e-05,0.027655380252294564,0.54816658235552,-0.6850207560275152,1.4249893704297378,-2.355636637829405e-09,0.965
4440.880999999121,1.9613460534821955e-05,0.02765084067515261,0.547744618380904,-0.6824316083675236,1.4249893704297378,-2.3385077266772672e-09,0.965
4440.850999999791,2.0518925685790376e-05,0.028725326477227888,0.4257573471343017,-0.7077872586080494,1.4249893704297378,-2.8091569456197384e-09,0.965
4440.893000001088,1.9545982884636768e-05,0.02760300764942926,0.6116725266862626,-0.7178097489879695,1.4249893704297378,-2.4587704606342864e-09,0.965
4440.878000000492,1.9561568276900087e-05,0.02761548877864813,0.5712906109553848,-0.6923955914774855,1.4249893704297378,-2.3553310568315514e-09,0.965
4440.892999999225,1.9545071404927937e-05,0.027606215413294777,0.6029401073552392,-0.7085579700392026,1.4249893704297378,-2.4097160342520935e-09,0.965
4440.893000001088,1.9561481241677897e-05,0.027585493641757778,0.5799368528014166,-0.6953809709542026,1.4249893704297378,-2.369522381601155e-09,0.965
4440.892999999225,1.957059822470045e-05,0.02761698252959272,0.5953653603609297,-0.7003291835002902,1.4249893704297378,-2.386296230481775e-09,0.964
4440.892999999225,1.9552364237860808e-05,0.027603535861083803,0.5946201677297864,-0.7039506915466381,1.4249893704297378,-2.3900937919385963e-09,0.964
4440.892999999225,1.9602505144754676e-05,0.027657167586701975,0.5643616025144076,-0.6940302040920652,1.4249893704297378,-2.3755350763561237e-09,0.964
4440.893000001088,1.9556011637667698e-05,0.027604514958393923,0.5716907914248406,-0.6921577080305712,1.4249893704297378,-2.3701548095064543e-09,0.964
4440.893000001088,1.961891567984551e-05,0.02765572744139891,0.5453393653263063,-0.6824195906194497,1.4249893704297378,-2.343886513712363e-09,0.964
4440.892999999225,1.958883053686031e-05,0.027629650410244407,0.5548603765375102,-0.6825009817748755,1.4249893704297378,-2.3312276343151444e-09,0.964
4440.892999999225,1.957150937035429e-05,0.02762150192189145,0.5621433299589653,-0.6858409755301402,1.4249893704297378,-2.3359742936745712e-09,0.964
4440.893000001088,1.9566951198459183e-05,0.027620175795115037,0.5657960600091787,-0.6889492323066544,1.4249893704297378,-2.354014168033273e-09,0.964
4440.893000001088,1.952227872129117e-05,0.02754961901412818,0.5710896516752793,-0.6972639328989105,1.4249893704297378,-2.3875618142366292e-09,0.964
4440.892999999225,1.9576979471562203e-05,0.027620162919785703,0.5570606718731148,-0.680113765429736,1.4157371940048646,-2.3100219415881882e-09,0.964
4440.892999999225,1.960068288549349e-05,0.027622634872975952,0.547579331036121,-0.6769409784831317,1.4249893704297378,-2.3214165220651853e-09,0.964
4440.893000001088,1.961071029612282e-05,0.02766587115459284,0.5894035153603117,-0.6960329050501145,1.4249893704297378,-2.3685722451047473e-09,0.964
4440.893000001088,1.9574245392457293e-05,0.02761466460560814,0.5943092194386042,-0.6958038348631982,1.4157371940048646,-2.367307059845921e-09,0.964
4440.887000000104,1.957428184626046e-05,0.02761466460560814,0.5943092194386042,-0.6958038348631982,1.4157371940048646,-2.367324501373351e-09,0.964
4440.7750000003725,1.9581206264859188e-05,0.027624437199393132,0.5605367917168889,-0.685691606235642,1.4249893704297378,-2.3440422018023223e-09,0.964
4440.86400000006,1.9567989505317986e-05,0.02759424559139421,0.5565547693265644,-0.68118015742753,1.4157371940048646,-2.3195739951925972e-09,0.964
4440.892999999225,1.9587007065298986e-05,0.02764375332965445,0.5995865588690084,-0.6919333917736116,1.4157371940048646,-2.3394556807510654e-09,0.964
4440.893000001088,1.9509515041280257e-05,0.027523376847967265,0.5649804664151619,-0.684159131281123,1.4157371940048646,-2.321416603607011e-09,0.963
4440.893000001088,1.955418861868492e-05,0.027599155263630847,0.5949241744951719,-0.6979361888397088,1.4157371940048646,-2.36952218189715e-09,0.963
4440.893999999389,1.9590654380610765e-05,0.02766376300837947,0.606973430128777,-0.6959878159875734,1.4157371940048646,-2.346735490817869e-09,0.963
4440.893999999389,1.958700697855091e-05,0.02766180897330607,0.6080603109030087,-0.6961676686213789,1.4157371940048646,-2.347683903744816e-09,0.963
4440.893000001088,1.9581537555523418e-05,0.027615797837196757,0.587797096212253,-0.6897374314774463,1.4157371940048646,-2.334392341278244e-09,0.963
4440.893000001088,1.953868888548455e-05,0.02759594667909078,0.617921260767246,-0.6939472298534213,1.4157371940048646,-2.319517335552206e-09,0.963
4440.892999999225,1.9587007797306177e-05,0.027643032916953882,0.6002227274555745,-0.6959713911645096,1.4157371940048646,-2.3521148294462843e-09,0.963
4440.893000001088,1.9577891233190725e-05,0.0276466862447011,0.6040310239458933,-0.6940790863211217,1.4157371940048646,-2.3299615578629777e-09,0.963
4440.892999999225,1.9597035223134938e-05,0.0276605104920858,0.5922085804471582,-0.688786345914987,1.4157371940048646,-2.3150867109293144e-09,0.963
4440.892999999225,1.9611622781384252e-05,0.027666372458403598,0.5889893773257464,-0.6884877305049854,1.4157371940048646,-2.326480116576083e-09,0.963
4440.893000001088,1.950678085326388e-05,0.027501053904543327,0.5503094436695379,-0.6694936350148648,1.4157371940048646,-2.2407122218516034e-09,0.963
4440.892999999225,1.962529635529182e-05,0.027702352632836543,0.5830736526559157,-0.6900603503331342,1.4157371940048646,-2.3340752146101917e-09,0.963
4440.893000001088,1.9560569920805924e-05,0.027627526628274526,0.599572693323708,-0.6959613730892037,1.4157371940048646,-2.348633578264729e-09,0.963
4440.892999999225,1.9655381592298762e-05,0.027754153380565895,0.5872800918563188,-0.6999597440981704,1.4157371940048646,-2.3961067879590678e-09,0.963
4440.893000001088,1.961435853187189e-05,0.027695522436228706,0.5885670447572546,-0.6835577870467678,1.4157371940048646,-2.2856544646832893e-09,0.963
4440.892999999225,1.958792008469058e-05,0.02765269260398264,0.596272518133337,-0.6898325486941878,1.4157371940048646,-2.3229986497172013e-09,0.962
4440.892999999225,1.954871805621434e-05,0.027614407046488643,0.6094286196487593,-0.6865477204228109,1.4157371940048646,-2.2809067367536764e-09,0.962
4440.892999999225,1.9506780555933795e-05,0.027534034286619314,0.5976137218267366,-0.6799406122035458,1.4157371940048646,-2.2527391415461897e-09,0.962
4440.893000001088,1.9611623513866405e-05,0.027708090236975375,0.590006104389571,-0.6893084037446102,1.4157371940048646,-2.3207833182603157e-09,0.962
4440.892999999225,1.962165024627512e-05,0.02771518679257581,0.5890691850546137,-0.6915718631120056,1.4157371940048646,-2.335024799340708e-09,0.962
4440.893999999389,1.9513162243786786e-05,0.027574649747133674,0.6175852608458996,-0.6844023807016985,1.4157371940048646,-2.260333953444124e-09,0.962
4440.893000001088,1.963532561880937e-05,0.027708603611198163,0.5716177180906556,-0.6822168275416087,1.4157371940048646,-2.307173930894089e-09,0.962
4440.893000001088,1.9572420954677235e-05,0.02762578886704082,0.5976618008990702,-0.6861144619208908,1.4157371940048646,-2.298313016560719e-09,0.962
4440.892999999225,1.9533219662702095e-05,0.027564846600998116,0.5805630237890251,-0.6705885029150026,1.4157371940048646,-2.2321676655590235e-09,0.962
4440.893999999389,1.954233592863934e-05,0.02759073998905556,0.5847707534361697,-0.6776907130831161,1.4157371940048646,-2.258435897809934e-09,0.962
4440.893000001088,1.954780614656941e-05,0.027596049771944683,0.5983216747002671,-0.6753695141435084,1.4157371940048646,-2.2454603063511832e-09,0.962
4440.893000001088,1.9587006982021824e-05,0.02764920727386954,0.5824679923992759,-0.6781998942611018,1.4157371940048646,-2.2647654322261175e-09,0.962
4440.894000001252,1.957515584332581e-05,0.027625570030099102,0.5946818374268412,-0.6833258468012237,1.4157371940048646,-2.282804610333738e-09,0.962
4440.893000001088,1.9574243266260467e-05,0.027632172993682102,0.5892312327892837,-0.6809067302846138,1.4157371940048646,-2.279640301805154e-09,0.961
4440.892999999225,1.9632589576978463e-05,0.027650750647673205,0.5487523004750985,-0.6671674534691335,1.4157371940048646,-2.245776188001965e-09,0.961
4440.892999999225,1.958153849496189e-05,0.027642929999321147,0.5871345569563315,-0.6758707472511549,1.4157371940048646,-2.2426116539909745e-09,0.961
4440.892999999225,1.9575155830532185e-05,0.027628607846768134,0.5830000223214986,-0.6773456931509636,1.4157371940048646,-2.264449560594336e-09,0.961
4440.893000001088,1.9587918838840196e-05,0.027635197216191714,0.5789599935864329,-0.6718571631081955,1.4157371940048646,-2.2369143384345394e-09,0.961
4440.892999999225,1.9574244559080736e-05,0.0276120373898658,0.5869024506360563,-0.6783243252063249,1.4157371940048646,-2.259701294918107e-09,0.961
4440.893000001088,1.9622563297767653e-05,0.027678606597115678,0.5728753485360207,-0.6682309505421213,1.4157371940048646,-2.225205599637706e-09,0.961
4440.892999999225,1.9624385010149813e-05,0.02769422553570979,0.5789871953295656,-0.6743605672192975,1.4157371940048646,-2.260334739575845e-09,0.961
4440.893000001088,1.956786260479212e-05,0.027599967015050297,0.5925122000552152,-0.6721724724649258,1.4157371940048646,-2.2293189326583566e-09,0.961
4440.889999998733,1.9624395292166964e-05,0.027693455071001148,0.5732297855561024,-0.6763289472289123,1.4157371940048646,-2.2578037661451454e-09,0.961
4440.882000001147,1.9589768178826063e-05,0.0276537728385267,0.5907650734490311,-0.6832604392828404,1.4157371940048646,-2.287571927921309e-09,0.961
4440.892999999225,1.9566040710348702e-05,0.027634219205972782,0.5865713406698081,-0.6818716394456754,1.4157371940048646,-2.2802737317984225e-09,0.961
4440.893999999389,1.9658117003146216e-05,0.0277170857433689,0.5489522809464877,-0.6638192337213772,1.4157371940048646,-2.2359650877280532e-09,0.961
4440.892999999225,1.9591566107069157e-05,0.027642659838712138,0.5840371504350008,-0.6735086171349882,1.4157371940048646,-2.241662362655394e-09,0.961
4440.892000000924,1.9599772503077874e-05,0.02765075064767323,0.58481282878172,-0.674875543758728,1.4157371940048646,-2.254638080174663e-09,0.961
4440.893000001088,1.952410355054723e-05,0.02754605609264038,0.5755444071607418,-0.6623793423211359,1.4157371940048646,-2.1774167463856495e-09,0.961
4440.892999999225,1.960250545971124e-05,0.027675265877567034,0.5770242847418912,-0.6726454948193016,1.4157371940048646,-2.240712792072795e-09,0.961
4440.893000001088,1.957880294660119e-05,0.027607078482905584,0.5572188230862523,-0.6573707116519347,1.4157371940048646,-2.18406159855967e-09,0.961
4440.893000001088,1.955418876590383e-05,0.027628002884491878,0.5945087213601878,-0.6773446138338717,1.4157371940048646,-2.254954549846603e-09,0.96
4440.892999999225,1.9597035079240015e-05,0.027662824574551142,0.5772971488845897,-0.6686630560915325,1.4157371940048646,-2.223622564000374e-09,0.96
4440.892999999225,1.9622561713770823e-05,0.027672593011550815,0.5688884643816112,-0.6711785689774267,1.4157371940048646,-2.255271030683056e-09,0.96
4440.892999999225,1.9545071336049555e-05,0.027605494020977936,0.6019927651932022,-0.6757967947271599,1.4157371940048646,-2.237547874305706e-09,0.96
4440.877999998629,1.9581584116768532e-05,0.027657334741567435,0.5831491339286301,-0.671946936841686,1.4157371940048646,-2.2312525646287968e-09,0.96
4440.893000001088,1.9612534819907715e-05,0.027677848546125258,0.5727424919991755,-0.6694590887499514,1.4157371940048646,-2.225838019820114e-09,0.96
4440.893000001088,1.9583360203370205e-05,0.027618218676173725,0.5840773403497916,-0.669741796249902,1.4157371940048646,-2.2220396427064683e-09,0.96
4440.893999999389,1.9554188555446802e-05,0.027595908019171278,0.5898324899595195,-0.6664383477874838,1.4157371940048646,-2.1945061787600046e-09,0.96
4440.893000001088,1.956968682438817e-05,0.027630461265751218,0.5758082817879249,-0.67515123612428,1.4157371940048646,-2.2502069423443157e-09,0.96
4440.892000000924,1.96043289107229e-05,0.027634476580438848,0.5732081962916138,-0.666667001036445,1.4157371940048646,-2.223938583933366e-09,0.96
4440.877999998629,1.95479148554059e-05,0.027610736567981284,0.6020136035708239,-0.6781661743635038,1.4157371940048646,-2.246095734728517e-09,0.96
4440.893000001088,1.954963009007167e-05,0.027575114020236036,0.5700636963263195,-0.6631428044769979,1.4157371940048646,-2.197987512240309e-09,0.96
4440.893000001088,1.9684554777157522e-05,0.027773007967278194,0.5633793358794525,-0.6631484825473372,1.4157371940048646,-2.2071649779998615e-09,0.96
4440.893000001088,1.9612533464283318e-05,0.0276615004288342,0.5586031634231503,-0.660005864002275,1.4157371940048646,-2.2011520002037166e-09,0.96
4440.892999999225,1.958336095388504e-05,0.027607194415573782,0.5725385575561992,-0.6584797354265447,1.4157371940048646,-2.165388977791581e-09,0.96
4440.892999999225,1.961526951381637e-05,0.027663184525536535,0.5841715662303626,-0.667971095185577,1.4157371940048646,-2.2191914775259e-09,0.959
4440.892999999225,1.9649912314610526e-05,0.02772990025984682,0.5761797806077613,-0.6649755256943856,1.4157371940048646,-2.2062157253957105e-09,0.959
4440.892999999225,1.958427247416623e-05,0.027621656417957493,0.5664808177327396,-0.6583066853748153,1.4157371940048646,-2.1770988318400536e-09,0.959
4440.892999999225,1.953960101917202e-05,0.02758224478892203,0.5805057788903318,-0.6614602585609655,1.4157371940048646,-2.1783648177745958e-09,0.959
4440.893000001088,1.9597946822603202e-05,0.02765805478174668,0.5952622905636105,-0.6707355032947155,1.4157371940048646,-2.213811852534401e-09,0.959
4440.892999999225,1.956786229407116e-05,0.02759424559139421,0.5764306781189443,-0.6570984085848289,1.4157371940048646,-2.157793260889287e-09,0.959
4440.892999999225,1.953686656259302e-05,0.02754228612321995,0.5289897332982565,-0.6430546620317191,1.4157371940048646,-2.1229804103272455e-09,0.959
4440.893000001088,1.9616181459875625e-05,0.02763804097032019,0.5550924111906963,-0.6536393576129736,1.4157371940048646,-2.1593756057606097e-09,0.959
4440.893000001088,1.9628944912269e-05,0.027666796631456485,0.5501251560338787,-0.6536721277264271,1.4157371940048646,-2.1707700972357696e-09,0.959
4440.893000001088,1.9556922683222534e-05,0.027588368299590584,0.5796822688694432,-0.657578948009709,1.4157371940048646,-2.158742455564336e-09,0.959
4440.892999999225,1.9571509092319478e-05,0.027596616775757022,0.5803755571537152,-0.6631019012965376,1.4157371940048646,-2.1929230557077775e-09,0.959
4440.894000001252,1.963897200085849e-05,0.027691503131131213,0.5465751285948852,-0.6507699911329206,1.4157371940048646,-2.159692404029407e-09,0.959
4440.893999999389,1.959521237979756e-05,0.027604502075760023,0.5198757747619953,-0.6436316912505247,1.4157371940048646,-2.1381721062365176e-09,0.959
4440.893999999389,1.96380609094917e-05,0.02767517592954291,0.5532955081020856,-0.6514800660588645,1.4157371940048646,-2.1539959656855416e-09,0.959
4440.892999999225,1.9598858482760568e-05,0.027652435399061863,0.5898274609362315,-0.6624739864004233,1.4157371940048646,-2.1729853174262852e-09,0.958
4440.893000001088,1.9610711056985685e-05,0.0276497731876004,0.5554000607956673,-0.6493487129478493,1.4157371940048646,-2.1407033283215637e-09,0.959
4440.877000000328,1.9610714448293234e-05,0.027651728073193813,0.5565363835432491,-0.6483485785450122,1.4157371940048646,-2.1337392520059935e-09,0.958
4440.892999999225,1.966541099873733e-05,0.027737606641356275,0.5700337664322288,-0.6618106198297812,1.4157371940048646,-2.1891257516437023e-09,0.958
4440.892999999225,1.9645353075339886e-05,0.027684785865544483,0.5638099434353929,-0.6461988117478275,1.4017717579694209,-2.1226629762664324e-09,0.958
4440.892999999225,1.959703585274485e-05,0.027625312572654128,0.527470289836391,-0.6280424918407442,1.4017717579694209,-2.05398650974648e-09,0.958
4440.892999999225,1.959703585274485e-05,0.027625312572654128,0.527470289836391,-0.6280424918407442,1.4017717579694209,-2.05398650974648e-09,0.958
4440.866000000387,1.9879796176621905e-05,0.02815164179916721,0.642197066252113,-0.7273774875440988,1.4249893704297378,-2.5661273168899777e-09,0.959
4440.892999999225,1.977936795789936e-05,0.027884694507322713,0.5675249965434643,-0.6648438778140097,1.4157371940048646,-2.2502072024478923e-09,0.959
4440.892999999225,1.9779367819493794e-05,0.027884694507322713,0.5675249965434643,-0.6648438778140097,1.4157371940048646,-2.2502071374978675e-09,0.959
4440.893000001088,1.9779367014368578e-05,0.027884694507322713,0.5675249965434643,-0.6648438778140097,1.4157371940048646,-2.25020689329799e-09,0.958
4440.893000001088,1.980216022078341e-05,0.027912393429624184,0.5600394699167301,-0.662631431467523,1.4157371940048646,-2.244510862734088e-09,0.958
4440.892999999225,1.9779367551891925e-05,0.02789846455137493,0.574522272538557,-0.6692402628085147,1.4157371940048646,-2.2483083736216106e-09,0.958
4440.892999999225,1.983589091988955e-05,0.02796522937603146,0.5613145759464233,-0.6579779595000452,1.4157371940048646,-2.2188748389790385e-09,0.958
4440.892999999225,1.9737431882522073e-05,0.02782959731089342,0.5332702478719598,-0.6563601476640274,1.4157371940048646,-2.2242550626988346e-09,0.958
4440.892999999225,1.976204644114418e-05,0.02787654402845029,0.574682690751525,-0.6681378291065605,1.4157371940048646,-2.2549542402384396e-09,0.958
4440.893000001088,1.9804894252538622e-05,0.027889744312880268,0.5219087052747642,-0.6434986141293355,1.4157371940048646,-2.178997823703727e-09,0.958
4440.892999999225,1.974654768019523e-05,0.02786550710980308,0.5986310663599879,-0.6623697445002438,1.4157371940048646,-2.199885827577507e-09,0.958
4440.893000001088,1.9741077184930122e-05,0.027841197714626457,0.5503412514121804,-0.6499434439632655,1.4017717579694209,-2.1714029119197726e-09,0.958
4440.892999999225,1.9697318944903313e-05,0.02777029328597718,0.5512733652534201,-0.6588557316646583,1.4157371940048646,-2.223622739524767e-09,0.958
4440.892999999225,1.9763869304572364e-05,0.02788149327315207,0.577691416606247,-0.6735091592850108,1.4157371940048646,-2.2850205794612363e-09,0.958
4440.893000001088,1.979668862197194e-05,0.027881493273152074,0.5276711293611229,-0.6444435749782352,1.4017717579694209,-2.173301174822935e-09,0.958
4440.892999999225,1.9745635872677292e-05,0.027814425169517137,0.5284776680218761,-0.6520461290918462,1.4157371940048646,-2.2150766226787975e-09,0.958
4440.893000001088,1.9779367472808545e-05,0.027873214274078708,0.5347610294727265,-0.6477200722466525,1.4017717579694209,-2.178048390399799e-09,0.958
4440.892999999225,1.9797600136499446e-05,0.02793138310506949,0.5788835936799646,-0.6584954272996237,1.4157371940048646,-2.2043164551074732e-09,0.958
4440.892999999225,1.9773898005008667e-05,0.027879031516410847,0.5748318252420148,-0.6681566970666452,1.4157371940048646,-2.2492576950008093e-09,0.958
4440.892999999225,1.9786661327728304e-05,0.027882960019686914,0.5278439100531322,-0.6431788311520885,1.4017717579694209,-2.1748837342837497e-09,0.957
4440.892000000924,1.9837713834215005e-05,0.027969094913319403,0.561525820015139,-0.656750730368544,1.4157371940048646,-2.214760750154526e-09,0.957
4440.893000001088,1.9786661171718198e-05,0.02788872422384304,0.5325737119509077,-0.6435532932034165,1.4017717579694209,-2.163490357906153e-09,0.957
4505.5800000000745,2.0259137630585907e-05,0.02914283776937929,0.32027209990273686,-0.6066468348486114,1.437862392249213,-2.1620858042600925e-09,0.957
4440.892999999225,1.9744725007953672e-05,0.027845080470365633,0.5483292626224827,-0.649879402254445,1.4017717579694209,-2.1767831504628197e-09,0.957
4440.893000001088,1.985230023488788e-05,0.027994157081888734,0.5581387043730595,-0.6577482591393946,1.4157371940048646,-2.2248885645041307e-09,0.957
4440.892999999225,1.9817658491941554e-05,0.02790040201202183,0.5166823384616199,-0.6425013802518604,1.4017717579694209,-2.1818458808326736e-09,0.957
4440.892999999225,1.9826774426926517e-05,0.02791880118234769,0.5134083284028099,-0.6377946107924968,1.4017717579694209,-2.164439753105179e-09,0.957
4440.893000001088,1.9762045327203764e-05,0.027857248891257607,0.53979629093195,-0.646914224256204,1.4017717579694209,-2.173301407624868e-09,0.957
4440.892999999225,1.9762046334912823e-05,0.027857248891257607,0.53979629093195,-0.646914224256204,1.4017717579694209,-2.173301305272219e-09,0.957
4440.893000001088,1.976751547425062e-05,0.027869756521931605,0.5393678470435948,-0.6509010570783044,1.4017717579694209,-2.190391294850183e-09,0.957
4440.889999998733,1.9834984082328508e-05,0.02797129447070692,0.5477321472593952,-0.6444631200028842,1.4157371940048646,-2.1596960944068916e-09,0.956
4440.8810000009835,1.9760294364285924e-05,0.027806957488720658,0.5041139408714477,-0.610690316269155,1.4017717579694209,-2.0087223531899753e-09,0.956
4440.864999998361,1.975852005631545e-05,0.027811867970346786,0.5047764922633142,-0.6014210650608317,1.4017717579694209,-1.9634983374932376e-09,0.956
4440.900999998674,1.9640748227267357e-05,0.027653361325580838,0.5094913558949767,-0.610646971311821,1.4157371940048646,-1.9742352700719066e-09,0.956
4440.892999999225,1.9670880017761526e-05,0.02773104160617305,0.5225248956704514,-0.6242669886487183,1.4017717579694209,-2.0372133658523875e-09,0.956
4440.893000001088,1.970005196301117e-05,0.027738683569071804,0.5172314640864855,-0.6103620044629068,1.4017717579694209,-1.9821441270463675e-09,0.956
4440.892999999225,1.9745636734987434e-05,0.02779918078553908,0.5080734127585735,-0.6113589735243559,1.4017717579694209,-2.002398807019671e-09,0.956
4440.892999999225,1.977480970288632e-05,0.027820612618820736,0.5001056022360415,-0.6006514145973731,1.4017717579694209,-1.9593574158149502e-09,0.956
4440.893000001088,1.9783013717588206e-05,0.027836139102142003,0.4971222867049798,-0.600576889468865,1.4017717579694209,-1.963788290290792e-09,0.956
4440.892999999225,1.973743086982002e-05,0.02779911682336902,0.5108862400523124,-0.6140099659969058,1.4017717579694209,-2.01062785831976e-09,0.955
4440.892999999225,1.9642619111348877e-05,0.0276978207543066,0.5339133706047678,-0.6125046142663699,1.4017717579694209,-1.9808785280226787e-09,0.955
4440.892999999225,1.9650823708083763e-05,0.02770574142859398,0.5280974346559675,-0.6223834988633163,1.4017717579694209,-2.027717849126675e-09,0.955
4440.892999999225,1.9705524371613122e-05,0.027749604331243013,0.5076189483243798,-0.6175263101170644,1.4157371940048646,-2.0204387594748486e-09,0.955
4440.893000001088,1.9741990178035678e-05,0.027816521897415892,0.5149702898151465,-0.6100911177562887,1.4017717579694209,-1.989423803257148e-09,0.955
4440.892999999225,1.977936769815768e-05,0.0278390517488646,0.4957724439358513,-0.5998455825073451,1.4017717579694209,-1.9463827577572106e-09,0.955
4440.893000001088,1.974837108334561e-05,0.02780106120757671,0.5095477590643638,-0.6132132491515436,1.4017717579694209,-1.998285841342208e-09,0.955
4440.878000000492,1.9704630015496766e-05,0.02774569539742645,0.5070871200025016,-0.6150646967323034,1.4017717579694209,-2.0141107317090655e-09,0.955
4440.894000001252,1.973743181982892e-05,0.02779911682336902,0.5108862400523124,-0.6140099659969058,1.4017717579694209,-2.0106281715150934e-09,0.955
4440.893000001088,1.9747460509505426e-05,0.027805832047878436,0.5099098827139192,-0.6163711637830809,1.4017717579694209,-2.0248694245819322e-09,0.955
4440.893000001088,1.9787571980416e-05,0.027846625758699985,0.49939474063257094,-0.6080414003552903,1.4017717579694209,-1.9935376211046652e-09,0.955
4440.892000000924,1.973196237734119e-05,0.027800191368294553,0.513589439912018,-0.6050808557184691,1.4017717579694209,-1.972017436025364e-09,0.955
4440.774000000209,1.9734465711590732e-05,0.02778161124172509,0.5033766513202114,-0.5994018831409526,1.4017717579694209,-1.938844072194014e-09,0.955
4440.892999999225,1.9686377717052735e-05,0.027734670518881194,0.5221932968209546,-0.613363123174521,1.4017717579694209,-1.9954367464159303e-09,0.955
4440.8810000009835,1.9729309969888875e-05,0.02773842716150336,0.48572558540612,-0.5957667619424014,1.4017717579694209,-1.9422934376987367e-09,0.955
4440.892999999225,1.9720110100224074e-05,0.027795138087086904,0.5235655676461288,-0.6137137756312071,1.4017717579694209,-2.0017669416303364e-09,0.954
4440.893000001088,1.968090921979307e-05,0.027723949108961782,0.5258901531167521,-0.6128785380642946,1.4017717579694209,-1.984992786129668e-09,0.954
4440.892999999225,1.9739254520366007e-05,0.027795330000622925,0.5075735182947367,-0.6086774299728442,1.4017717579694209,-1.9853090575061534e-09,0.954
4440.893000001088,1.973743274224105e-05,0.02780203334868658,0.5174340277612655,-0.6101585924691434,1.4017717579694209,-1.9891065780309553e-09,0.954
4440.893000001088,1.9727402584614817e-05,0.027796263960916102,0.5179578860530483,-0.6077922280319209,1.4017717579694209,-1.9773969554315898e-09,0.954
4440.893000001088,1.971008138391148e-05,0.02777684904406009,0.5171640869607343,-0.6095097905148587,1.4017717579694209,-1.9726501865069722e-09,0.954
4440.892999999225,1.9706436132393405e-05,0.02775435839058133,0.49746485683987096,-0.5963157691937023,1.4017717579694209,-1.9242278290215923e-09,0.954
4440.893999999389,1.976386873760437e-05,0.027832778960018883,0.5116546348098678,-0.6143375753017405,1.4017717579694209,-2.0131597160844435e-09,0.954
4440.893000001088,1.9742901358084323e-05,0.027799219162770474,0.5056752292269633,-0.6081360020184183,1.4017717579694209,-1.9811952883246367e-09,0.954
4440.892999999225,1.9723755802716257e-05,0.027774864554048397,0.5044353144153448,-0.597030134533271,1.4017717579694209,-1.9245444197801452e-09,0.954
4440.872999999672,1.9739328909919854e-05,0.027784324817199606,0.5070104278613066,-0.6051741727972308,1.4017717579694209,-1.9774486201046178e-09,0.954
4440.893000001088,1.976113489445826e-05,0.027792310407393987,0.497639508922199,-0.5988005446717056,1.4017717579694209,-1.9514453862545174e-09,0.954
4440.892999999225,1.974290047211712e-05,0.02778171364561179,0.49826759824017053,-0.5937640199355917,1.4017717579694209,-1.9204291849698358e-09,0.954
4440.892999999225,1.9702788676502878e-05,0.027763889684489798,0.5176462728386424,-0.6060614393321861,1.4017717579694209,-1.9590409626113633e-09,0.954
4440.893000001088,1.9695494456984123e-05,0.027757382112429497,0.5248309538833533,-0.6130299282291761,1.4017717579694209,-1.9916396611873827e-09,0.954
4440.894000001252,1.9723756156964386e-05,0.027774864554048397,0.5044353144153448,-0.597030134533271,1.4017717579694209,-1.9245438808444703e-09,0.953
4440.892999999225,1.9752017832152452e-05,0.02778171364561179,0.49794273584840454,-0.5932611055253694,1.4017717579694209,-1.913150011288e-09,0.953
4440.893000001088,1.9724668623628028e-05,0.027727181358005823,0.4790466935954498,-0.5824230592638362,1.4017717579694209,-1.8808692988906244e-09,0.953
4440.893000001088,1.974837153562344e-05,0.027783556851030684,0.5020220553603987,-0.5988462448331808,1.4017717579694209,-1.9375202077228914e-09,0.953
4440.893000001088,1.973834285081241e-05,0.027813760320350354,0.5113347083043474,-0.6043464732722502,1.4017717579694209,-1.9536601580433278e-09,0.953
4440.892999999225,1.9745636017717132e-05,0.027785566317610453,0.4987261468659878,-0.596213510670281,1.4017717579694209,-1.92644326724135e-09,0.953
4440.892999999225,1.975748785076654e-05,0.02782545678904848,0.5028299517090309,-0.6011672325708379,1.4017717579694209,-1.9520782784087555e-09,0.953
4440.892999999225,1.9754752191641897e-05,0.02780987319175834,0.5113091437909558,-0.6027200347549576,1.4017717579694209,-1.9444821465945704e-09,0.953
4440.892999999225,1.9754753049266225e-05,0.027824293753873616,0.5108251472991157,-0.6093960135444456,1.4017717579694209,-1.9849929886029015e-09,0.953
4440.894000001252,1.9710081128639786e-05,0.027751231823286992,0.49908155395398346,-0.5828781518763303,1.4017717579694209,-1.8650455596013456e-09,0.953
4440.893000001088,1.975839836890771e-05,0.02782817886815568,0.5089249671888099,-0.6088582162047677,1.4017717579694209,-1.980877889306995e-09,0.953
4440.892999999225,1.9761134842977688e-05,0.0277833520564672,0.48246287970665236,-0.5808257124974457,1.4017717579694209,-1.8720075090475386e-09,0.953
4440.893000001088,1.9744724533112244e-05,0.027802800804499556,0.5019432174564233,-0.5998587495085642,1.4017717579694209,-1.934039314140865e-09,0.953
4440.892999999225,1.975931120426949e-05,0.027818350012888005,0.5115087773829159,-0.5935984766064406,1.4017717579694209,-1.922012119635118e-09,0.953
4440.894000001252,1.9729225889942412e-05,0.02777681063592151,0.5034021755087905,-0.5969693937548529,1.4017717579694209,-1.9302406686821053e-09,0.953
4440.891999999061,1.978028015200829e-05,0.027847596309181648,0.5001927289976575,-0.607063180870993,1.4017717579694209,-1.989424269002663e-09,0.953
4440.893000001088,1.976113457373935e-05,0.027841861908602605,0.5037987338770975,-0.6021881810676089,1.4017717579694209,-1.9479640572084746e-09,0.953
4440.893000001088,1.9797601192811497e-05,0.027871070773469477,0.49618711811049465,-0.5906125597860563,1.4017717579694209,-1.906820669269772e-09,0.953
4440.892999999225,1.9756576950718787e-05,0.027810691579770057,0.5112627444952103,-0.5895089231385628,1.4017717579694209,-1.8856167413377925e-09,0.952
4440.892999999225,1.9780279649849048e-05,0.027841772498797976,0.49833110143598125,-0.5880552982184505,1.4017717579694209,-1.8944786920748908e-09,0.952
4440.893000001088,1.9762959232856393e-05,0.027779767907213777,0.4742408518916017,-0.5835539121578264,1.4017717579694209,-1.8890984305212692e-09,0.952
4440.894000001252,1.9767516171492395e-05,0.027805218151855292,0.48315497935715923,-0.5850426652009766,1.4017717579694209,-1.896693262925923e-09,0.952
4440.892999999225,1.9773897757200606e-05,0.027862035637619482,0.5160739606515055,-0.6010071672026347,1.4017717579694209,-1.9536606071174858e-09,0.952
4440.892999999225,1.9774808794646956e-05,0.027847494147565956,0.5206029910166126,-0.5973329451408861,1.4017717579694209,-1.924227733794694e-09,0.952
4440.892999999225,1.968729049947089e-05,0.027713339039886348,0.493896217872956,-0.5920236883318674,1.4017717579694209,-1.9131508448849914e-09,0.952
4440.892999999225,1.971372872013903e-05,0.027771932370579077,0.5133757890426938,-0.5838026221367929,1.4017717579694209,-1.859347971620879e-09,0.952
4440.892999999225,1.9872356417987225e-05,0.02794212673826357,0.4868998033988814,-0.5742736026082563,1.4017717579694209,-1.8489045895531406e-09,0.952
4440.893000001088,1.974381342115948e-05,0.02779549632461566,0.5004959440119046,-0.5813436626465177,1.4017717579694209,-1.870742060568604e-09,0.952
4440.892999999225,1.9782102527746585e-05,0.027854389215660892,0.503956221600312,-0.5816953805616801,1.4017717579694209,-1.8568157842804382e-09,0.952
4440.892999999225,1.9730138449273533e-05,0.027766502532249198,0.5044584571136661,-0.5752699611712189,1.4017717579694209,-1.8226366886214675e-09,0.952
4440.892000000924,1.9740166827193936e-05,0.027790992431234725,0.49459850286155005,-0.5767183522234168,1.4017717579694209,-1.840991942447582e-09,0.952
4440.892999999225,1.978392640637336e-05,0.02785801482594686,0.5103232907411814,-0.5863293417804438,1.4017717579694209,-1.8843501796247805e-09,0.952
4440.892999999225,1.979851346988787e-05,0.027862507885354684,0.48380584032888985,-0.567394126403227,1.4017717579694209,-1.8080778357711333e-09,0.952
4440.892999999225,1.9895148942580056e-05,0.027972413254342087,0.4801146440772688,-0.5796796869072134,1.4017717579694209,-1.8767552741550823e-09,0.951
4440.893000001088,1.984774187491336e-05,0.02788419712851949,0.4647306336007264,-0.5621211673464467,1.4017717579694209,-1.7982660551804333e-09,0.951
4440.892999999225,1.9862329032611118e-05,0.027896437721568388,0.4660522740311541,-0.564907389930094,1.4017717579694209,-1.813774647664942e-09,0.952
4440.859000001103,1.9816002984894332e-05,0.02789178437903128,0.4965771775644332,-0.5854542711869769,1.4017717579694209,-1.898274790090228e-09,0.951
4440.85899999924,1.9793150012569287e-05,0.027863988393940293,0.4878549622745907,-0.5730105240851424,1.4017717579694209,-1.8325158505594799e-09,0.951
4440.892999999225,1.9867799803951134e-05,0.027964123021952843,0.49394173203371183,-0.5796095518400924,1.4017717579694209,-1.848588363990329e-09,0.951
4440.8960000015795,1.974469916461825e-05,0.027817071623091667,0.5003742070423347,-0.5710375093791279,1.4017717579694209,-1.816300552810346e-09,0.951
4440.893999999389,1.9820392200096256e-05,0.027877003273703013,0.48863578808853037,-0.5745803466385456,1.4017717579694209,-1.8495374329383463e-09,0.951
4440.893000001088,1.98130994518673e-05,0.027871236645472662,0.4791873749966955,-0.566698293917873,1.4017717579694209,-1.8042798079595509e-09,0.951
4440.892999999225,1.9807629046181814e-05,0.027847494147565953,0.4900968386751008,-0.5755830901821544,1.4017717579694209,-1.8536513156659402e-09,0.951
4440.893000001088,1.9820392267018218e-05,0.027879911651298526,0.48442187215043075,-0.5775477703138289,1.4017717579694209,-1.8653615045938537e-09,0.951
4440.892999999225,1.986415306082019e-05,0.02793221066444849,0.467540383855519,-0.5678616434102869,1.4017717579694209,-1.8175725568241054e-09,0.951
4440.892999999225,1.9808540628643816e-05,0.027884439442378027,0.48938080308911225,-0.5740732192380565,1.4017717579694209,-1.8270669009048703e-09,0.951
4440.893000001088,1.9830420105089555e-05,0.027890866367729288,0.477477620388028,-0.5728230024476596,1.4017717579694209,-1.8387769165314957e-09,0.951
4440.893000001088,1.9792129693741315e-05,0.02785401896833702,0.49352803166725234,-0.5743943837379262,1.4017717579694209,-1.8273826744647862e-09,0.951
4440.893000001088,1.980489321836308e-05,0.027874898337496175,0.4846393964426774,-0.5634486263136689,1.4017717579694209,-1.7745300644015936e-09,0.951
4440.893999999389,1.98085403902394e-05,0.027873418408396914,0.48761433010986854,-0.5744431164542183,1.4017717579694209,-1.8511195979093688e-09,0.951
4440.892999999225,1.9764780914779028e-05,0.02781860568379753,0.5025472663656236,-0.5744237110099744,1.4017717579694209,-1.830864889969361e-09,0.95
4440.892999999225,1.980945242575485e-05,0.027868837785022704,0.4845658796921213,-0.5693253131380145,1.4017717579694209,-1.800166166081546e-09,0.95
4440.892999999225,1.9855036183828983e-05,0.02791193476665866,0.46504440231467203,-0.5598215699693334,1.4017717579694209,-1.7802274865100546e-09,0.95
4440.891999999061,1.9819481722571075e-05,0.02789331433072761,0.4770647243274002,-0.5642420814543767,1.4017717579694209,-1.7960516534558207e-09,0.95
4440.892999999225,1.981036329264696e-05,0.02786663014056743,0.4871812791891239,-0.5740678544958286,1.4017717579694209,-1.8409914565498824e-09,0.95
4440.893000001088,1.9801248080483194e-05,0.027864332983790933,0.4970904123914597,-0.5752768661691695,1.4017717579694209,-1.8270675861676555e-09,0.95
4440.892999999225,1.982495055265024e-05,0.02788484754516966,0.49576814056816243,-0.5713993697379425,1.4017717579694209,-1.7973178549239505e-09,0.95
4440.892999999225,1.9824950093600634e-05,0.027906366506720234,0.4910190018071581,-0.5607999719055106,1.3829839249845155,-1.7666189177228464e-09,0.95
4440.892999999225,1.9815833303671684e-05,0.02789826060032186,0.5060354774043905,-0.5572827973785736,1.3829839249845155,-1.7311721640001524e-09,0.95
4440.892999999225,1.9840448453734915e-05,0.027904442204366716,0.4826371835388783,-0.564888141969413,1.4017717579694209,-1.7789614942893112e-09,0.95
4440.892999999225,1.981948020780035e-05,0.027896068032328438,0.4944235344477508,-0.5641940653426424,1.3829839249845155,-1.784658101767452e-09,0.95
4440.892999999225,1.9850477454019305e-05,0.027919565428434958,0.4913219486739351,-0.5700604818678521,1.3829839249845155,-1.8226356825347364e-09,0.95
4440.893999999389,1.9783013903541184e-05,0.02784855405610223,0.4982537529322397,-0.5692879874493556,1.4017717579694209,-1.7916204024518425e-09,0.95
4440.892999999225,1.9887855386826574e-05,0.027980090971151457,0.48004999391869285,-0.5618555321791594,1.3829839249845155,-1.7919366415244432e-09,0.95
4440.892999999225,1.9836802757966652e-05,0.027895723834493985,0.4949252269263722,-0.5648516598500654,1.3829839249845155,-1.7780117790326237e-09,0.95
4440.892999999225,1.9875091673918252e-05,0.02795603386217342,0.48863923361230066,-0.5639152774387235,1.3829839249845155,-1.7878229926427046e-09,0.95
4440.893000001088,1.9889677881206574e-05,0.02796849731582415,0.4817404449437821,-0.5590255420629999,1.3829839249845155,-1.7583899008992065e-09,0.95
4440.893999999389,1.9818568486166438e-05,0.027892052126636237,0.5040939085195872,-0.5636522470276808,1.3829839249845155,-1.7536425792758409e-09,0.949
4440.892999999225,1.9869622387188708e-05,0.027960867289360987,0.4905170358635882,-0.5653210320419831,1.3829839249845155,-1.786556317951752e-09,0.949
4440.892999999225,1.9766605066952484e-05,0.027832306207854835,0.519532882734902,-0.5574443651179626,1.3829839249845155,-1.7159809443561998e-09,0.949
4440.893000001088,1.981765705094332e-05,0.027889693309314532,0.5043397487576957,-0.5595163899397853,1.3829839249845155,-1.753009344554862e-09,0.949
4440.892999999225,1.9842270952584765e-05,0.02791820250830007,0.49482580353183403,-0.565254647247653,1.3829839249845155,-1.7849733998937167e-09,0.949
4440.892999999225,1.9917028491379617e-05,0.02800915568659576,0.4829882139026118,-0.5547812333635,1.3829839249845155,-1.7469963605389425e-09,0.949
4440.892999999225,1.986323979426192e-05,0.027951695785717493,0.4933211117166465,-0.567080449132398,1.3829839249845155,-1.8001655860035077e-09,0.949
4440.892999999225,1.9850476887617196e-05,0.027928480087537882,0.5009945879946338,-0.5653841899319304,1.3829839249845155,-1.7780114143725526e-09,0.949
4440.894000001252,1.9901530704286474e-05,0.027990295005755936,0.47720193398643707,-0.5637813901695041,1.3829839249845155,-1.8020647891866944e-09,0.949
4440.892999999225,1.9834067183868766e-05,0.02791686499862315,0.5093822024394861,-0.551677126108767,1.3829839249845155,-1.7023724673818468e-09,0.949
4440.892999999225,1.9900618385261582e-05,0.027995643331047117,0.4857386018700187,-0.5538403459391453,1.3829839249845155,-1.7413003376794836e-09,0.949
4354.186999998987,1.9308500267484416e-05,0.02713702650773228,0.5990388985964592,-0.6754103261252956,1.4157371940048646,-2.3349568153310083e-09,0.949
4440.893000001088,1.9875091281751535e-05,0.027957662057293234,0.5024641968282082,-0.5609745959428609,1.4017717579694209,-1.7523761144235596e-09,0.949
4440.892999999225,1.9810364714526404e-05,0.02788290900371131,0.5142130304105108,-0.5669264208660728,1.3829839249845155,-1.7713661675814072e-09,0.949
4440.893000001088,1.984227118363637e-05,0.027925946066819002,0.5117086085709595,-0.5595294144103076,1.3829839249845155,-1.741932388160239e-09,0.949
4440.893000001088,1.9836802512338444e-05,0.027922074555997222,0.5136884226990883,-0.5595552691482665,1.3829839249845155,-1.7343374698641785e-09,0.949
4440.893999999389,1.9840448818456744e-05,0.02794045945466349,0.5086089985188815,-0.561610038168018,1.3829839249845155,-1.758072560638972e-09,0.948
4440.892999999225,1.9862328412937796e-05,0.02796539468954885,0.5112706560560785,-0.5696433251645459,1.4017717579694209,-1.7966841572120746e-09,0.948
4440.892999999225,1.9850478017771994e-05,0.027928480087537882,0.5009945879946338,-0.5653841899319304,1.3829839249845155,-1.7780122170902823e-09,0.948
4440.894000001252,1.9814010783725215e-05,0.02785851267220226,0.47323343537036333,-0.5463528261333931,1.3829839249845155,-1.7096513410180494e-09,0.948
4440.892999999225,1.984227223062045e-05,0.027925946066819002,0.5117086085709595,-0.5595294144103076,1.3829839249845155,-1.741932738742831e-09,0.948
4440.892000000924,1.981310064347928e-05,0.02788623760048438,0.4722090818604414,-0.5486129947647082,1.3829839249845155,-1.7134490627102387e-09,0.948
4440.892999999225,1.9878737907571657e-05,0.02797236240151121,0.4944931893387303,-0.5573726507415819,1.3829839249845155,-1.738767333377706e-09,0.948
4440.892999999225,1.9836802399311005e-05,0.027922074555997222,0.5136884226990883,-0.5595552691482665,1.3829839249845155,-1.734337540448323e-09,0.948
4440.892999999225,1.9845918235934812e-05,0.02794122310835542,0.5110680230101874,-0.561947758433972,1.3829839249845155,-1.7447798139605476e-09,0.948
4440.892999999225,1.982221646841441e-05,0.027916062462057387,0.5216481121596983,-0.565794208207809,1.3829839249845155,-1.765352072106611e-09,0.948
4440.892999999225,1.9829508739500985e-05,0.02792013859927202,0.5147184511506935,-0.5596153802180732,1.3829839249845155,-1.7286401631536098e-09,0.948
4440.892999999225,1.983953750841252e-05,0.027924405167933822,0.5148970270826645,-0.5625961675411864,1.3829839249845155,-1.7606055318309824e-09,0.948
4440.892999999225,1.982039187244593e-05,0.02787537036731924,0.46954331243095515,-0.5459941225301129,1.3829839249845155,-1.7064858650597465e-09,0.948
4440.892999999225,1.982130199724805e-05,0.027878266159139607,0.47492856585033083,-0.5541748563540078,1.4017717579694209,-1.7406664730107872e-09,0.948
4440.893000001088,1.9837714526949347e-05,0.02790733497956139,0.4710434552173015,-0.5469424873052615,1.3829839249845155,-1.7093342257162797e-09,0.947
4440.893000001088,1.977572037136386e-05,0.02780581925851614,0.4786041958573266,-0.5452114160343524,1.3829839249845155,-1.701422656434613e-09,0.948
4440.893000001088,1.9774809543915414e-05,0.027844020429604092,0.4896596940414404,-0.5528146872631827,1.3829839249845155,-1.7162978553698637e-09,0.947
4440.892999999225,1.9913381336156212e-05,0.028002806707530015,0.46652206183645095,-0.5339125716655877,1.3829839249845155,-1.6624950260540075e-09,0.947
4440.892999999225,1.9816745339287307e-05,0.027883789016208447,0.4783346513802753,-0.5476700228564736,1.3829839249845155,-1.7112330443467233e-09,0.947
4440.38599999994,1.9842196969132273e-05,0.027897036862691165,0.46919739780333236,-0.5439713382919069,1.4017717579694209,-1.702029836395455e-09,0.947
4440.2010000012815,1.9824352510236223e-05,0.027886020807427185,0.47945015821412884,-0.5505054001120907,1.3829839249845155,-1.7298272854518803e-09,0.947
4440.166999999434,1.9807295645418183e-05,0.027856227612245085,0.48609075578117533,-0.5607956625882274,1.4017717579694209,-1.7801675058364422e-09,0.947
4440.19299999997,1.9824439845691097e-05,0.027886020807427185,0.47945015821412884,-0.5505054001120907,1.3829839249845155,-1.729838936748505e-09,0.947
4440.207000000402,1.9819794080836386e-05,0.027895417877297976,0.47866846609387625,-0.5565285569536166,1.3829839249845155,-1.7459730140891333e-09,0.947
4440.177000001073,1.9891135445548972e-05,0.02798690254534258,0.5077165751636268,-0.5650564749980409,1.4017717579694209,-1.7754025951426882e-09,0.947
4440.183000000194,1.9844538044823693e-05,0.027909271824423494,0.470009147637366,-0.5468398143298615,1.3829839249845155,-1.7101987083356483e-09,0.947
4440.199999999255,1.9836355661367095e-05,0.02789404102838659,0.4775898949125543,-0.552746884026591,1.4017717579694209,-1.7421652225333786e-09,0.947
4440.213999999687,1.9930941388222282e-05,0.02802981799821043,0.46184808999955473,-0.5275367460523327,1.3829839249845155,-1.6363844455698337e-09,0.947
4440.315999999642,1.9874028348159035e-05,0.027955016192066844,0.47284062001649385,-0.5376115998079077,1.3829839249845155,-1.6746398754972033e-09,0.947
4440.308000000194,1.9895019423252908e-05,0.027986584878181713,0.4764298219009113,-0.5367182270071432,1.3829839249845155,-1.6610389245870433e-09,0.947
4440.315999999642,1.991597011463957e-05,0.028002806707530015,0.46652206183645095,-0.5339125716655877,1.3829839249845155,-1.6629268889444563e-09,0.947
4440.315999999642,1.9874027424736174e-05,0.02794580459228358,0.46958302809751507,-0.5273349709447658,1.3829839249845155,-1.626521398840948e-09,0.947
4440.315999999642,1.990320505778047e-05,0.027971447034746667,0.4643351673331728,-0.5366962446674641,1.3829839249845155,-1.6822378410407411e-09,0.947
4440.315999999642,1.983573338328949e-05,0.027890624109707857,0.48160642609475035,-0.5392167413381241,1.3829839249845155,-1.6838196219796395e-09,0.946
4440.3149999994785,1.9869469799920956e-05,0.02793953031452569,0.4787484630204082,-0.5352473846597098,1.3829839249845155,-1.6550126582958689e-09,0.946
4440.315999999642,1.9920529291918266e-05,0.028004927426627912,0.4676377256691011,-0.5367475886752721,1.3829839249845155,-1.680971456753427e-09,0.946
4440.315999999642,1.9876762824467934e-05,0.027947522455126488,0.46646095935324894,-0.5242688371572766,1.3829839249845155,-1.6078444002800414e-09,0.946
4440.315999999642,1.991961749619258e-05,0.02800412741373735,0.47031803511634296,-0.5397664253337564,1.3829839249845155,-1.6999649320017945e-09,0.946
4440.315999999642,1.99177932368334e-05,0.028014741597941435,0.4687985055435968,-0.5347604333901019,1.3829839249845155,-1.6553289349830556e-09,0.946
4440.315999999642,1.990411784137436e-05,0.0279948684588524,0.468401326862121,-0.5316534494084361,1.3829839249845155,-1.65058078320225e-09,0.946
4440.315999999642,1.99342051913468e-05,0.027999301454403543,0.45562295844482525,-0.5251768485238412,1.3829839249845155,-1.6379185814138987e-09,0.946
4440.3149999994785,1.9931471514713636e-05,0.028025186802336063,0.4618837707713559,-0.532533127958261,1.3829839249845155,-1.662927068299864e-09,0.946
4440.315999999642,1.9885881677974194e-05,0.02798038329290073,0.47515010959316273,-0.5313938467052007,1.3829839249845155,-1.6300035406376146e-09,0.946
4320.308000000194,1.9753217811576682e-05,0.027154269541903583,0.5616441704691484,-0.6205343650580629,1.4141566206100542,-2.118466943222769e-09,0.946
4320.30700000003,1.9662344828476702e-05,0.02705599798615874,0.592812492388981,-0.6305970699508678,1.4141566206100542,-2.1380037187715837e-09,0.946
4320.30700000003,1.967814783818731e-05,0.02706831530948486,0.5810934384234825,-0.6245286268860791,1.4141566206100542,-2.120276233367906e-09,0.946
4320.30700000003,1.9678147754567255e-05,0.02706831530948486,0.5810934384234825,-0.6245286268860791,1.4141566206100542,-2.1202765607861752e-09,0.945
4320.30700000003,1.966827070059611e-05,0.02706307280982537,0.5949626138646229,-0.6358935505974997,1.4141566206100542,-2.1732788485515313e-09,0.945
4320.308000000194,1.975914571939344e-05,0.027162562559611407,0.5652528666432612,-0.6098216968563138,1.4141566206100542,-2.057867122316913e-09,0.945
4320.308000000194,1.977494812329824e-05,0.027192092782827658,0.5642033924366894,-0.6088963262178624,1.4141566206100542,-2.0687208694408518e-09,0.945
4320.308000000194,1.9739389190967206e-05,0.027142793357192066,0.5727702460582407,-0.6264989664782383,1.4141566206100542,-2.135652647690104e-09,0.945
4320.30700000003,1.9674197789334266e-05,0.02706182444593012,0.5685622725563175,-0.6167087660886927,1.4141566206100542,-2.0924184825804606e-09,0.945
4320.30700000003,1.9798655412593134e-05,0.0272228595868267,0.5662424321019341,-0.6090921633163447,1.4141566206100542,-2.0611235416236034e-09,0.945
4320.30700000003,1.9774949060253248e-05,0.02720476243416026,0.5703349513764371,-0.604956029448626,1.4141566206100542,-2.0361597336069727e-09,0.945
4320.30700000003,1.981445910239877e-05,0.02722592056755379,0.5558621890740438,-0.6136403387346882,1.4141566206100542,-2.0983882571221244e-09,0.945
4320.308000000194,1.9729512181280972e-05,0.02710794792751454,0.564266747372598,-0.6174941481724788,1.4141566206100542,-2.10797533365853e-09,0.945
4320.30700000003,1.9743340863685792e-05,0.027152638283705767,0.5787131941331647,-0.61842281580325,1.4141566206100542,-2.0925990071776895e-09,0.945
4320.308000000194,1.9816433832343416e-05,0.027228622769025535,0.5543961782783184,-0.6093722166306705,1.4141566206100542,-2.0725193350911684e-09,0.945
4320.308000000194,1.978285005641942e-05,0.027209591357862394,0.5730190404302724,-0.6108747944286714,1.4141566206100542,-2.0755948775956445e-09,0.945
4320.30700000003,1.9794703986053006e-05,0.02722250107107285,0.5642817994326181,-0.6056016185372951,1.4141566206100542,-2.0386920953103276e-09,0.945
4320.308000000194,1.97472919925181e-05,0.02716960963443689,0.5777150739648329,-0.6093481202406131,1.4141566206100542,-2.050993217504389e-09,0.945
4320.30700000003,1.9788777122803582e-05,0.027202775428088022,0.5690848286932351,-0.6183779431956498,1.4141566206100542,-2.1043570627783567e-09,0.945
4320.30700000003,1.9770997681211736e-05,0.027187785413226914,0.5735992114263957,-0.6134688565357274,1.4141566206100542,-2.075956183650073e-09,0.945
4320.30700000003,1.981445900240316e-05,0.027228595196895387,0.562356193445896,-0.6168414448739903,1.4141566206100542,-2.0976640001296345e-09,0.945
4320.307999998331,1.9822360084724995e-05,0.027241881728693376,0.5543113326412752,-0.6053259057423359,1.4141566206100542,-2.0589526432801785e-09,0.944
4320.30700000003,1.9814458599479975e-05,0.027238794979806837,0.5639259417634017,-0.6130465530139274,1.4141566206100542,-2.0857254355238076e-09,0.944
4320.30700000003,1.98401417986242e-05,0.027262515378166097,0.5556183501995298,-0.6125822310839248,1.4141566206100542,-2.083012089837661e-09,0.944
4320.30700000003,1.9818409476135347e-05,0.027240531319094066,0.560245737193104,-0.6097436606036981,1.4141566206100542,-2.0636553243609277e-09,0.944
4320.308000000194,1.9778900205180624e-05,0.027176212880873324,0.5454130801493369,-0.5984934533436701,1.4141566206100542,-2.0130050644994756e-09,0.944
4320.308000000194,1.981050743909274e-05,0.02723777517339466,0.564678278532516,-0.6092771618254497,1.4141566206100542,-2.0379680035377563e-09,0.944
4320.30700000003,1.9774947640030724e-05,0.02718215166923633,0.5517247665965113,-0.6064267640996778,1.4141566206100542,-2.0629317792856296e-09,0.944
4320.308000000194,1.9867797600096817e-05,0.027302965991846943,0.5494729691605533,-0.5986717430034255,1.4141566206100542,-2.011739019767513e-09,0.944
4320.308000000194,1.982631199093311e-05,0.02725766828766684,0.5610492047684486,-0.6160598503487701,1.4141566206100542,-2.1005578606030424e-09,0.944
4320.30700000003,1.9772972715308907e-05,0.027180881153860678,0.5497491934787839,-0.6033653281747434,1.4141566206100542,-2.0424903921808132e-09,0.944
4320.30700000003,1.9774947402966368e-05,0.02718190309481391,0.5491757414228386,-0.6032906387440969,1.4141566206100542,-2.042309968057122e-09,0.944
4320.308000000194,1.9788777668748764e-05,0.027191761470928843,0.5521337814887621,-0.610680177750645,1.4141566206100542,-2.0743288603710415e-09,0.944
4320.30700000003,1.9713707103145164e-05,0.027112323361860324,0.574646086363642,-0.6118147436802567,1.4141566206100542,-2.0439382607509683e-09,0.944
4320.306999998167,1.9780874866262985e-05,0.027215026321090626,0.5736186753153447,-0.6118552637154031,1.4141566206100542,-2.0602187898030735e-09,0.944
4320.30700000003,1.9759144758585735e-05,0.027162479641967496,0.5579544824743361,-0.6027340469951478,1.4141566206100542,-2.0209644305446353e-09,0.944
4320.30700000003,1.9786801441563698e-05,0.027190546626094596,0.5501088768646074,-0.6076161002783359,1.4141566206100542,-2.0538881613308318e-09,0.943
4320.30700000003,1.9792727494446415e-05,0.027189304115005527,0.5477237193724847,-0.6059210634354112,1.4141566206100542,-2.065283973082267e-09,0.943
4320.30700000003,1.9836189910398857e-05,0.027254170135775344,0.5519581260715793,-0.5939800290749985,1.4141566206100542,-2.002332343943437e-09,0.943
4320.308000000194,1.979865479429051e-05,0.027213812514816624,0.5487486585727992,-0.5971387236990418,1.4141566206100542,-2.0050455565712556e-09,0.943
4320.308000000194,1.9770997172683583e-05,0.027192368872993082,0.5591753568391638,-0.5962945795778676,1.4141566206100542,-1.977187972483991e-09,0.943
4320.308000000194,1.9816434635662186e-05,0.027260284721974608,0.5832869200061288,-0.6160642363588847,1.4141566206100542,-2.0862677794068607e-09,0.943
4320.30700000003,1.9850018937063175e-05,0.02726989452027906,0.5374551168355333,-0.5854764802261935,1.4141566206100542,-1.968866726212094e-09,0.943
4320.308000000194,1.9796678666808584e-05,0.027213371117293918,0.5597889745516924,-0.6023377180856422,1.4141566206100542,-2.016803816468839e-09,0.943
4320.30700000003,1.9846067018182493e-05,0.0272723446146601,0.5416770668576922,-0.5902269653303582,1.4141566206100542,-1.9775490291269775e-09,0.943
4320.308000000194,1.9818408802545603e-05,0.027225617242483843,0.5532144136771269,-0.6020335547934164,1.4141566206100542,-2.03471208252646e-09,0.943
4320.308000000194,1.990138195429831e-05,0.02733116339442016,0.5314521548884437,-0.5741912764026545,1.3968114093900867,-1.916406929142774e-09,0.943
4320.30700000003,1.9871748359893118e-05,0.027286407752726394,0.5315349511175103,-0.5866383865967634,1.4141566206100542,-1.9733893898549588e-09,0.943
4320.30700000003,1.9828288588985747e-05,0.027254170135775347,0.5523252967219134,-0.5926223155647092,1.4141566206100542,-1.9704949393127068e-09,0.943
4320.30700000003,1.9871749865196917e-05,0.027286600348129804,0.5340322834637119,-0.5897666855726093,1.4141566206100542,-1.9940111360755615e-09,0.943
4320.30700000003,1.984211601098996e-05,0.027262157383912675,0.5455280799870912,-0.5895128476967231,1.4141566206100542,-1.969590083983347e-09,0.943
4320.30700000003,1.985594415377758e-05,0.02728252804152021,0.5455138915179725,-0.5868701090213138,1.3968114093900867,-1.9636208708094126e-09,0.943
4320.30700000003,1.983618938531988e-05,0.027243397414836168,0.5374472269491921,-0.5933554646546868,1.4141566206100542,-2.000523096029861e-09,0.943
4320.30700000003,1.9869773768461026e-05,0.027308987179695633,0.545394212303723,-0.5790534339692143,1.3968114093900867,-1.9319640278554863e-09,0.942
4320.30700000003,1.9873724336174507e-05,0.027310306714734143,0.5486232435703742,-0.582973516005429,1.3968114093900867,-1.9460736656484175e-09,0.942
4320.307999998331,1.988557713489291e-05,0.027314374879815115,0.5463566347198086,-0.5827434503767847,1.3968114093900867,-1.9504147088221186e-09,0.942
4320.30700000003,1.9879650977957317e-05,0.027321685059206624,0.5493021424246809,-0.5898854302538704,1.3968114093900867,-1.995096533636427e-09,0.942
4320.308000000194,1.990730829321778e-05,0.02733440450548849,0.532202649529617,-0.5770782135450108,1.3968114093900867,-1.9354013346189212e-09,0.942
4320.308000000194,1.989150308373844e-05,0.0273266856341516,0.5455938820345603,-0.5830076442905611,1.3968114093900867,-1.9596400962098594e-09,0.942
4320.30700000003,1.9879652189953258e-05,0.027321685059206624,0.5493021424246809,-0.5898854302538704,1.3968114093900867,-1.9950967874788083e-09,0.942
4320.308000000194,1.990730881307533e-05,0.02733456929747894,0.534668774338015,-0.5802030317029202,1.3968114093900867,-1.9560232630851364e-09,0.942
4320.308000000194,1.9859895822344677e-05,0.0273001336498065,0.554008085880664,-0.5831857155886645,1.3968114093900867,-1.9339531357081575e-09,0.942
4320.308000000194,1.9838165165476645e-05,0.027268820814046725,0.5701381608940173,-0.5895969751802983,1.3968114093900867,-1.9587361826853303e-09,0.942
4320.30700000003,1.9865821552398076e-05,0.027303378444333122,0.5573864450592145,-0.5892135240713325,1.3968114093900867,-1.9735696318134145e-09,0.942
4320.30700000003,1.9909283806033106e-05,0.027335722813595795,0.5365986430066325,-0.5832591501058315,1.3968114093900867,-1.976463971705533e-09,0.942
4320.308000000194,1.988360272230387e-05,0.027313357895350755,0.5469242543168877,-0.5828139213980047,1.3968114093900867,-1.95059634987495e-09,0.942
4320.30700000003,1.9883601698953604e-05,0.027309536993709922,0.5466726608841652,-0.5836625850158361,1.3968114093900867,-1.9534902726057763e-09,0.942
4320.308000000194,1.990928320897946e-05,0.027340913033867858,0.5383223932468599,-0.5812417312992354,1.3968114093900867,-1.9449877622170706e-09,0.942
4320.308000000194,1.9857920318816964e-05,0.027299116134808135,0.5545774383203037,-0.583256312421187,1.3968114093900867,-1.9341350001863003e-09,0.942
4320.30700000003,1.993101404606998e-05,0.02736097810976652,0.5242012779119363,-0.5755839758644655,1.3968114093900867,-1.929973859763925e-09,0.941
4320.30700000003,1.99112593460178e-05,0.027349945512185565,0.5325727710741015,-0.5789073813265204,1.3968114093900867,-1.9325065294293898e-09,0.941
4320.30700000003,1.9909283812706144e-05,0.02734099541037286,0.5408520908613506,-0.5843710905761819,1.3968114093900867,-1.965610234477855e-09,0.941
4320.308000000194,1.9881627361974306e-05,0.027282087755747555,0.49972854864453264,-0.5745946398565623,1.3968114093900867,-1.9554808112844238e-09,0.941
4320.307999998331,1.9753217682717662e-05,0.027112434123185685,0.5352786572241932,-0.5703743271455535,1.3968114093900867,-1.8767905991023766e-09,0.941
4320.30700000003,1.9897430991427496e-05,0.027323003981014695,0.5306909515058877,-0.5654556031480203,1.3968114093900867,-1.870821085732175e-09,0.941
4320.30700000003,1.9893479762016668e-05,0.02731671105207763,0.5339912137452782,-0.5617021848677399,1.3968114093900867,-1.8766097131011046e-09,0.941
4320.30700000003,1.9893479375988626e-05,0.027297576039964723,0.5100631060971215,-0.5523530962400988,1.3968114093900867,-1.836812794381145e-09,0.941
4320.308000000194,1.9952746504960706e-05,0.027381220411647637,0.528848446538686,-0.558160115317533,1.3968114093900867,-1.8541796520340698e-09,0.94
4320.308000000194,1.991916086977648e-05,0.02732091565874816,0.5156014020067934,-0.549777381251637,1.3968114093900867,-1.8225220571002833e-09,0.94
4320.30700000003,1.9857920659465734e-05,0.02725105722940154,0.5210894436321607,-0.5480986855244413,1.3968114093900867,-1.819446681763249e-09,0.94
4320.30700000003,1.9932990270711716e-05,0.027368001525641304,0.5266940445584507,-0.5570187685307028,1.3968114093900867,-1.8527311067130504e-09,0.94
4320.307999998331,1.9927063534985755e-05,0.027338826079614482,0.5246836024437265,-0.5626389021288228,1.3968114093900867,-1.880770205607051e-09,0.94
4320.30700000003,1.9946819467348662e-05,0.027372335390768943,0.5218594238392771,-0.553701994974696,1.3968114093900867,-1.8409732805627819e-09,0.94
4320.30700000003,1.991718647547533e-05,0.0273428900014909,0.5334486478608671,-0.5523042492267185,1.3968114093900867,-1.8111256835355607e-09,0.94
4320.308000000194,1.9848042711475463e-05,0.027247475569764673,0.5398900251133227,-0.5517752498783501,1.3968114093900867,-1.7943028151004662e-09,0.94
4320.308000000194,1.9891503760718497e-05,0.02729655842962808,0.5188913338871699,-0.5483883060449828,1.3968114093900867,-1.8080502316328994e-09,0.94
4320.30700000003,1.9927063151170505e-05,0.0273501102105371,0.5369172214218252,-0.5609746047136516,1.3968114093900867,-1.86412787751325e-09,0.94
4320.308000000194,1.9909283858412008e-05,0.02731036169397713,0.5072631132189125,-0.5423070566765256,1.3968114093900867,-1.7894180244136826e-09,0.94
4320.308000000194,1.9905333330841932e-05,0.027332729063854484,0.5387231452542527,-0.553502273531465,1.3968114093900867,-1.8219797325662499e-09,0.94
4320.307999998331,1.989150360863377e-05,0.02729994114987769,0.5238476686551041,-0.5471557914822337,1.3968114093900867,-1.7881517731916753e-09,0.94
4320.30700000003,1.993694082900117e-05,0.02735518792306688,0.4988795619333031,-0.5429932644931696,1.3968114093900867,-1.7937593006347435e-09,0.94
4320.30700000003,1.992311275022649e-05,0.027333113600523033,0.5128303059849384,-0.551256518919577,1.3968114093900867,-1.8312049730684321e-09,0.94
4320.30700000003,1.9958671748700174e-05,0.027383605713307,0.5250738179962324,-0.5549084876827935,1.3968114093900867,-1.835184936152559e-09,0.94
4320.30700000003,2.0008059117240548e-05,0.027440626596125433,0.5104711154716428,-0.5505798087446796,1.3968114093900867,-1.8190848348961363e-09,0.94
4320.30700000003,1.99408930422027e-05,0.027342862544586115,0.5082632605068964,-0.5495769158924813,1.3968114093900867,-1.8212559244576108e-09,0.94
4320.308000000194,1.9923112001559474e-05,0.02735990797799879,0.536201974124872,-0.5616578070401542,1.3968114093900867,-1.860510263910241e-09,0.939
4320.308000000194,1.9911259031304083e-05,0.027316573635710478,0.5296087062479451,-0.5507721369030913,1.3968114093900867,-1.8040710139823592e-09,0.939
4320.30700000003,1.9891503678339904e-05,0.027296558429628078,0.5359708558941794,-0.5507619157509298,1.3968114093900867,-1.8033470295771395e-09,0.939
4320.308000000194,1.9909284033449052e-05,0.02732333370151898,0.5326773468716124,-0.5514427623039116,1.3968114093900867,-1.8143818621572268e-09,0.939
4320.30700000003,1.9915210723909474e-05,0.027319624116408706,0.5143984879526085,-0.5427288926252462,1.3968114093900867,-1.7845338952567775e-09,0.939
4320.308000000194,1.989545517012269e-05,0.027296090866213353,0.5129452763827924,-0.5388551779249138,1.3968114093900867,-1.7606557259120693e-09,0.939
4320.308000000194,1.9899405684215476e-05,0.02732028363501917,0.5355379001116303,-0.5491944234037011,1.3968114093900867,-1.7838103929982573e-09,0.939
4320.30700000003,1.991916164007035e-05,0.02734022655334052,0.5280137964073135,-0.5513285152711993,1.3968114093900867,-1.8000915151650698e-09,0.939
4320.308000000194,1.9944843666240555e-05,0.027372719371041007,0.517892109108903,-0.5515971146720716,1.3968114093900867,-1.8299390419415137e-09,0.939
4320.308000000194,1.9875700213515624e-05,0.02726917872082155,0.522015045671949,-0.5457935340471514,1.3968114093900867,-1.7801926255898191e-09,0.939
4320.30700000003,1.9893480059806073e-05,0.027298236091251264,0.5169511988537492,-0.5426391401214049,1.3968114093900867,-1.7619220828355075e-09,0.939
4320.307999998331,1.989545525095654e-05,0.0273023060549089,0.5157803507587766,-0.5417202937235492,1.3968114093900867,-1.758123264549355e-09,0.939
4320.30700000003,1.989743103160259e-05,0.02730434080923812,0.5194900112852627,-0.5474501645595157,1.3968114093900867,-1.7854383844858584e-09,0.939
4320.308000000194,1.992113569419743e-05,0.027325147093175232,0.5117227776291138,-0.5481749345474324,1.3968114093900867,-1.7937591567938568e-09,0.939
4320.30700000003,1.989743093652009e-05,0.02730434080923812,0.5194913901481413,-0.5477617591014308,1.3968114093900867,-1.7948450164026939e-09,0.939
4320.308000000194,1.9853968777804385e-05,0.027248329700579266,0.5332381816336755,-0.5501843963949825,1.3968114093900867,-1.7796493850551394e-09,0.939
4320.30700000003,1.98934793768771e-05,0.02731583157538232,0.5217093970221485,-0.5548231156007326,1.3968114093900867,-1.8169143403965733e-09,0.939
4320.30700000003,1.9897430688042473e-05,0.027291799910272346,0.48426499699736336,-0.5283347758290687,1.374262712715408,-1.7246574116156696e-09,0.938
4320.30700000003,1.994681864396475e-05,0.027359688458616475,0.5180938701282312,-0.537393744268069,1.374262712715408,-1.7613795438649141e-09,0.938
4320.30700000003,1.9938916601635e-05,0.02736662990637377,0.5201307974668996,-0.541616117704432,1.374262712715408,-1.761741192565693e-09,0.938
4320.30700000003,1.9956695997196616e-05,0.027369043910311575,0.5161074948420854,-0.5468485299231954,1.374262712715408,-1.8028045080627439e-09,0.938
4320.308000000194,1.995669597204079e-05,0.027374118110769178,0.5184260821033022,-0.5442998717615648,1.374262712715408,-1.7876094981262734e-09,0.938
4320.308000000194,1.992311194798602e-05,0.027357493167913454,0.5250967147377081,-0.5423829227948384,1.374262712715408,-1.7675304610532098e-09,0.938
4320.30700000003,1.9931014387757244e-05,0.02734706313046908,0.5136008797949474,-0.556040025051763,1.3968114093900867,-1.8319285641803693e-09,0.938
4320.308000000194,1.9982378072500186e-05,0.027421742321594934,0.5197312945309269,-0.5419246449393352,1.3968114093900867,-1.7736800890965715e-09,0.938
4320.308000000194,1.9984353586580016e-05,0.02740251626945776,0.5070271870583927,-0.5396448474099738,1.374262712715408,-1.7622841742031586e-09,0.938
4320.30700000003,1.9968549604480222e-05,0.027404790138268197,0.5160041304148546,-0.5508974593120399,1.374262712715408,-1.8089553015406333e-09,0.938
4320.30700000003,1.9927064088084714e-05,0.027353431415641605,0.5262314067715437,-0.5436194845248329,1.374262712715408,-1.7769370362252106e-09,0.938
4320.308000000194,1.997052494852737e-05,0.027397803555023147,0.5119888336293656,-0.5429594926715091,1.374262712715408,-1.7740423746014953e-09,0.938
4320.30700000003,1.9952745355863528e-05,0.027381905864434775,0.5303140777181881,-0.5367144979375137,1.374262712715408,-1.7329786820140041e-09,0.938
4320.308000000194,1.9893479256014696e-05,0.027279555974652047,0.486490908854293,-0.5281700354583615,1.374262712715408,-1.7181453799029107e-09,0.938
4320.30700000003,1.9913235200418024e-05,0.027328388917769002,0.49149890896168236,-0.5265210361783534,1.374262712715408,-1.7145273707050928e-09,0.938
4320.308000000194,1.989545570307165e-05,0.027290479480402505,0.48819250934635594,-0.5358048785760309,1.374262712715408,-1.745098600915929e-09,0.938
4320.308000000194,1.9865822624104818e-05,0.02726705874296845,0.5001427762770403,-0.5376053110152463,1.374262712715408,-1.7474505763819644e-09,0.938
4320.308000000194,1.9986328607674432e-05,0.027440708673292163,0.5205978822279436,-0.5470742871667212,1.3968114093900867,-1.7971968404787456e-09,0.937
4320.30700000003,1.994879461483851e-05,0.027396680055767293,0.5204551708784537,-0.551404440730695,1.374262712715408,-1.8053370029044172e-09,0.937
4320.308000000194,1.9911259375426874e-05,0.027325861426544307,0.5370919456554368,-0.546395553442198,1.374262712715408,-1.7476316338487652e-09,0.937
4320.308000000194,1.997447648667295e-05,0.02741538990427827,0.5261343196745769,-0.5432691938923129,1.374262712715408,-1.7624646234433352e-09,0.937
4320.30700000003,1.9929039234440422e-05,0.027331712762330176,0.48751652500281617,-0.5220745150787521,1.374262712715408,-1.6917341846776982e-09,0.937
4320.30700000003,1.9988304590607086e-05,0.027443745355894084,0.5192890327836546,-0.5456728256676652,1.3968114093900867,-1.7738611465580172e-09,0.937
4320.308000000194,2.0017936815077737e-05,0.027452115011754884,0.5072104713043966,-0.5372449880521617,1.3968114093900867,-1.754143435912793e-09,0.937
4320.308000000194,1.9968549579714158e-05,0.027359798218527825,0.4799476050459486,-0.5285451080560668,1.3968114093900867,-1.7271902332273983e-09,0.937
4320.308000000194,1.997249997205641e-05,0.027357108973928717,0.4743184451309932,-0.5197792713657384,1.374262712715408,-1.6837753915507055e-09,0.937
4320.307999998331,2.0025840050996608e-05,0.027440243566101346,0.5080036209732062,-0.5356029158177243,1.3968114093900867,-1.7393109150980696e-09,0.937
4320.30700000003,1.9994231483641434e-05,0.02744530460287777,0.5137557875022076,-0.540192029538415,1.374262712715408,-1.7595702355937944e-09,0.937
4320.30700000003,1.994286723681176e-05,0.027359880538172364,0.5221806744824544,-0.5440673736950625,1.3968114093900867,-1.767891067800025e-09,0.937
4320.308000000194,1.991718585653514e-05,0.02732789442701017,0.49191881159581996,-0.5253690545250462,1.374262712715408,-1.70584438173796e-09,0.937
4320.30700000003,1.9875700823995914e-05,0.027276225774334913,0.5063664518914699,-0.5239939345303879,1.374262712715408,-1.6778060437479305e-09,0.937
4320.308000000194,1.993891658136435e-05,0.027330696423014302,0.4812208028711784,-0.519817716641193,1.374262712715408,-1.6843183697309467e-09,0.937
4320.30700000003,1.9927063728454033e-05,0.027334212246910627,0.49088543549474206,-0.5279211102663581,1.3968114093900867,-1.7212209664307408e-09,0.937
4320.308000000194,2.0002132605839177e-05,0.027449598912925473,0.5137915986978885,-0.542983613372054,1.374262712715408,-1.777298059030945e-09,0.937
4320.308000000194,1.994681870823599e-05,0.027348435731078598,0.48365269535628164,-0.5263843161710313,1.374262712715408,-1.7096430772353115e-09,0.937
4320.308000000194,1.997052435223756e-05,0.027380699456053016,0.47266185629507174,-0.5262153790181129,1.374262712715408,-1.7194116312956878e-09,0.937
4320.308000000194,1.998830464439325e-05,0.027445304602877776,0.5138399843839982,-0.5400045296797346,1.3968114093900867,-1.7514301531125428e-09,0.936
4320.30700000003,1.9921136933364974e-05,0.02733014703467467,0.4929932687741605,-0.5282155050644398,1.374262712715408,-1.7185069808764337e-09,0.936
4320.30700000003,1.9889528608937908e-05,0.02728742574160493,0.5005327591538986,-0.523654834909924,1.374262712715408,-1.6863079098191367e-09,0.936
4320.308000000194,1.993299007349301e-05,0.027328114201785412,0.48726174008390144,-0.5262218448039611,1.374262712715408,-1.7246579123200445e-09,0.936
4320.30700000003,1.9946819666594122e-05,0.027341681871596107,0.4850326094224138,-0.529973872683427,1.3968114093900867,-1.7244765908675296e-09,0.936
4320.30700000003,1.9925088203221135e-05,0.027308987179695633,0.4916687347073818,-0.5246560290624579,1.374262712715408,-1.6953530381091336e-09,0.936
4320.30700000003,1.996064692097011e-05,0.027376641146796662,0.5289715196554274,-0.535963142179678,1.3968114093900867,-1.7192309003502576e-09,0.936
4320.30700000003,1.996459932420627e-05,0.027370963988680944,0.48234194115396845,-0.5187439520261138,1.3968114093900867,-1.6729216722512887e-09,0.936
4320.30700000003,1.991718563842129e-05,0.027306952771586752,0.49277714250135407,-0.5247244234268862,1.374262712715408,-1.6895636603147946e-09,0.936
4320.30700000003,1.992508819146712e-05,0.027308987179695633,0.4916687347073818,-0.5246560290624579,1.374262712715408,-1.6953529091153242e-09,0.936
4320.30700000003,1.9905333169177593e-05,0.02729796107182144,0.49954096892338784,-0.5287903625733297,1.3968114093900867,-1.7101859593039234e-09,0.936
4320.30700000003,1.9944843391517158e-05,0.027346898413766276,0.4918231468396592,-0.5213788635806669,1.374262712715408,-1.6837751736676811e-09,0.936
4320.30700000003,1.9931014761475953e-05,0.027334404505488484,0.4929219767800128,-0.530380931318605,1.3968114093900867,-1.7237529762910537e-09,0.936
4320.30700000003,1.9940891792954697e-05,0.027343356764654162,0.48622286144792204,-0.5263546209777131,1.374262712715408,-1.7011411033120594e-09,0.936
4320.308000000194,1.9996206364616154e-05,0.02746881934186533,0.5186879738281718,-0.5354956168038643,1.374262712715408,-1.7420238234523888e-09,0.936
4320.308000000194,1.998632988999753e-05,0.027422673155675436,0.5250802328635311,-0.5313266823018044,1.3968114093900867,-1.6908307072182219e-09,0.936
4320.308000000194,1.9962622278013826e-05,0.027382289710500638,0.4971742438325917,-0.506663480762028,1.374262712715408,-1.6148540259841647e-09,0.936
4320.308000000194,1.9944843156832267e-05,0.027369949106896663,0.48981866408353536,-0.5217034111060741,1.374262712715408,-1.6870318146482222e-09,0.936
4320.308000002056,1.9984353233582172e-05,0.02739004773115071,0.47006690683603214,-0.528440589137007,1.3968114093900867,-1.7311700818771556e-09,0.935
4320.30700000003,2.0053496506677636e-05,0.027467370759802538,0.45588687120923055,-0.5190040975594714,1.3968114093900867,-1.7063870439040536e-09,0.935
4320.308000002056,2.0057447797401188e-05,0.02749681936288404,0.47241654765564967,-0.5003542673963631,1.374262712715408,-1.6130451041313962e-09,0.935
4320.307999998331,2.001793739806336e-05,0.02745791210083054,0.518411376074094,-0.5341657656693185,1.3968114093900867,-1.733521305660189e-09,0.935
4320.30700000003,2.002781497566901e-05,0.02744434718101694,0.48134838315603634,-0.5022724534351083,1.374262712715408,-1.6056285350704784e-09,0.935
4320.30700000003,1.9996206537099113e-05,0.027447520222533144,0.4904444160190753,-0.5038716840950053,1.374262712715408,-1.5897094953042118e-09,0.935
4320.30700000003,2.00712764114087e-05,0.027484694075219543,0.46711862465476495,-0.4922799606908478,1.374262712715408,-1.570896226910203e-09,0.935
4320.30700000003,1.9986329061604315e-05,0.027409994669970423,0.47888255327597795,-0.5144872097329398,1.374262712715408,-1.648138939377748e-09,0.935
4320.30700000003,2.0031766018115897e-05,0.027467698747337267,0.48063423962316953,-0.5134165116172393,1.374262712715408,-1.671474470156696e-09,0.935
4320.30700000003,2.0053497120169756e-05,0.02749807528071999,0.47955929529901686,-0.5048804646622291,1.374262712715408,-1.6101507271805073e-09,0.935
4320.30700000003,2.0041643626447786e-05,0.02747343789535246,0.4738677654832788,-0.5028321456952608,1.374262712715408,-1.6191953115067274e-09,0.935
4320.3069999963045,2.0106836286324706e-05,0.02755257055419954,0.4594209589015108,-0.500183789313582,1.374262712715408,-1.6077991601913229e-09,0.935
4320.30700000003,2.0019912884112733e-05,0.027456490286612723,0.48385603020173473,-0.49735753984684505,1.374262712715408,-1.5799413673868681e-09,0.935
4320.30700000003,2.005152120720011e-05,0.027491767809606146,0.4687598171866503,-0.4971968212800002,1.374262712715408,-1.581388162013977e-09,0.935
4320.30700000003,2.0061399286870267e-05,0.02747988617414825,0.4733239097657318,-0.5023880384850401,1.374262712715408,-1.6134069133502666e-09,0.935
4320.30700000003,2.0073252128972213e-05,0.027506182761155528,0.4707909208789762,-0.4983745709883643,1.374262712715408,-1.5812078404823762e-09,0.934
4320.30700000003,2.0100909052434738e-05,0.027543522753011192,0.45977026209363325,-0.5015613162343323,1.374262712715408,-1.6224515702974435e-09,0.934
4320.308000002056,2.005152121254185e-05,0.027496054863071405,0.47418238080721986,-0.4965639855417543,1.374262712715408,-1.5781327002200638e-09,0.934
4320.30700000003,2.0021889002069256e-05,0.02745203296869129,0.47851354176980365,-0.4983377453395791,1.374262712715408,-1.5992970187338574e-09,0.934
4320.307999998331,2.0085105714624332e-05,0.027513169109982118,0.4629333173400205,-0.4923436269568733,1.374262712715408,-1.5609469935801559e-09,0.934
4320.30700000003,2.0039668565563373e-05,0.0274890095428272,0.482122540174303,-0.502602812264512,1.374262712715408,-1.5983925614701577e-09,0.934
4320.30700000003,2.004757038048667e-05,0.027470732446389937,0.47593464569425237,-0.5001178890505418,1.374262712715408,-1.6016485429340775e-09,0.934
4320.30700000003,2.0128566814353575e-05,0.027590609666003033,0.49722608810810476,-0.5155462025465276,1.3968114093900867,-1.6568215851097627e-09,0.934
4320.30700000003,2.008510537932882e-05,0.027534444712861834,0.4643862203277078,-0.501564844477857,1.374262712715408,-1.6050854570354477e-09,0.934
4320.30700000003,2.0089056612185683e-05,0.02751527012569729,0.46615764510623947,-0.4983747020072816,1.374262712715408,-1.598573490194233e-09,0.934
4320.30700000003,2.005152144824261e-05,0.027492969344240777,0.47321916119174867,-0.49411937065552464,1.374262712715408,-1.5640229013363171e-09,0.934
4320.308000002056,2.006732587287788e-05,0.02748589591907956,0.4708771868721553,-0.4978353324212134,1.374262712715408,-1.5886245071933845e-09,0.934
4320.307999998331,2.0065349679255795e-05,0.027505172868653897,0.47157821260201693,-0.49884024177447583,1.374262712715408,-1.589890834940848e-09,0.934
4320.30700000003,2.0122640302283154e-05,0.027553524215546295,0.4613879794920357,-0.48249610830653944,1.374262712715408,-1.5292904533327268e-09,0.934
4320.30700000003,2.0049545663777178e-05,0.02748797170743212,0.4832380557500402,-0.504076661778209,1.374262712715408,-1.6021914803764036e-09,0.934
4320.30700000003,2.0128566905466836e-05,0.027581737658317527,0.45543762708841085,-0.48531708865460826,1.374262712715408,-1.5522645709566756e-09,0.934
4320.30700000003,2.007522812391513e-05,0.02753242696411876,0.47888727716946455,-0.4922264148496939,1.374262712715408,-1.5549775034868653e-09,0.934
4320.308000002056,2.0110786327798165e-05,0.027543495496108395,0.4573674510803021,-0.49819823837234883,1.374262712715408,-1.604181356566958e-09,0.933
4320.30700000003,2.0085105826388896e-05,0.027541505669344473,0.47253332419760374,-0.4886669495820359,1.374262712715408,-1.5464758385120895e-09,0.933
4320.30700000003,2.012659066514425e-05,0.027562677685616842,0.4612889600138992,-0.48729952383604297,1.374262712715408,-1.5470182918525557e-09,0.933
4320.308000002056,2.012066458026499e-05,0.027559654107672218,0.4650465520379252,-0.4905069259713574,1.374262712715408,-1.5642034110154237e-09,0.933
4320.30700000003,2.01265903565888e-05,0.027562677685616842,0.4612889600138992,-0.48729952383604297,1.374262712715408,-1.5470184408075065e-09,0.933
4320.30700000003,2.0071276601927487e-05,0.02750517286865389,0.47131911026453643,-0.4983830135275454,1.374262712715408,-1.5784943964260977e-09,0.933
4320.30700000003,2.003966810122228e-05,0.027474776857389787,0.46777190998680496,-0.4862338587676307,1.374262712715408,-1.5350792525425785e-09,0.933
4320.307999998331,2.0110787298889987e-05,0.027556630197973542,0.46665805509669145,-0.49057967039085143,1.374262712715408,-1.5560633387472057e-09,0.933
4320.30700000003,2.0148321648734866e-05,0.027603966725436024,0.4671538026592539,-0.4749799939396124,1.374262712715408,-1.497271758454103e-09,0.933
4320.30700000003,2.007917900980997e-05,0.027494061602888385,0.4513252015363287,-0.47655316078691323,1.374262712715408,-1.5036033602805066e-09,0.933
4320.30700000003,2.010288454037443e-05,0.027574605325532027,0.4892113556583255,-0.4860816888808906,1.374262712715408,-1.5151808833742448e-09,0.933
4320.308000002056,2.006732505602813e-05,0.027488927609878477,0.4602816197312736,-0.4852538565574325,1.374262712715408,-1.5350794137887876e-09,0.933
4320.30700000003,2.0110786507170595e-05,0.027556630197973542,0.46665805509669145,-0.49057967039085143,1.374262712715408,-1.5560630602126457e-09,0.933
4320.307999998331,2.0168076879666147e-05,0.02761400067054814,0.4598397785012103,-0.4711902622377705,1.374262712715408,-1.4795439964437786e-09,0.933
4320.308000002056,2.0170051801542932e-05,0.027626096380075158,0.45967845189642587,-0.474917025447449,1.374262712715408,-1.4960055734129927e-09,0.933
4320.308000002056,2.0110786702120344e-05,0.027576756108677426,0.4838443802477803,-0.47997234360322477,1.374262712715408,-1.4884079990024516e-09,0.933
4320.307999998331,2.013449256454371e-05,0.02759792828539211,0.4723581283855194,-0.4776184579782621,1.374262712715408,-1.4938351458754109e-09,0.933
4320.30700000003,2.0122639768122724e-05,0.027581792096512795,0.48127424258585316,-0.4805130847444296,1.374262712715408,-1.514095075560025e-09,0.933
4320.30700000003,2.013646827613078e-05,0.027598853177200983,0.47605634209385705,-0.48365139192904905,1.374262712715408,-1.5287473303529392e-09,0.932
4320.30700000003,2.007522713468825e-05,0.027538316195055562,0.4841509498551142,-0.4797091999333467,1.374262712715408,-1.491302369470795e-09,0.932
4320.30700000003,2.0100910323152302e-05,0.027569649718224308,0.48967482900136394,-0.4837063025119942,1.374262712715408,-1.5142765142955866e-09,0.932
4320.307999998331,2.007325142004865e-05,0.027522254167754407,0.4885900062447739,-0.47605366947761546,1.374262712715408,-1.4686900746892171e-09,0.932
4320.30700000003,2.0087080945255096e-05,0.02754829229568338,0.47520520902616736,-0.4688063955080409,1.374262712715408,-1.4460785085405184e-09,0.932
4320.30700000003,2.0083129256488776e-05,0.027540333512322806,0.4830656063101335,-0.47965599677315884,1.374262712715408,-1.497090643351857e-09,0.932
4320.308000002056,2.0108810916543985e-05,0.02755156236202564,0.45506488095448683,-0.46677893761807543,1.374262712715408,-1.4491539780182327e-09,0.932
4320.30700000003,2.0077202951492557e-05,0.027513250970740952,0.4692552427461698,-0.46589115668526093,1.374262712715408,-1.4332347246280393e-09,0.932
4320.30700000003,2.0039668069202774e-05,0.027473765810456473,0.46977462607055465,-0.46555184217964285,1.374262712715408,-1.4337776035726957e-09,0.932
4320.30700000003,2.0087080767081848e-05,0.02756469321999272,0.4881061006946972,-0.4777165896639265,1.374262712715408,-1.4667004833337848e-09,0.932
4320.30700000003,2.0114737510887424e-05,0.02757863450356238,0.48706612210169364,-0.48600624718234076,1.374262712715408,-1.5260341361844824e-09,0.932
4320.30700000003,2.0098933767274287e-05,0.02757248160289063,0.4925039191206726,-0.4892839182269404,1.374262712715408,-1.5350790543375113e-09,0.932
4320.30700000003,2.0150297038290783e-05,0.027615006583171203,0.46745157985045704,-0.4780855486282848,1.374262712715408,-1.4985381655895877e-09,0.932
4320.308000002056,2.0041643313803056e-05,0.027509812609136222,0.5016592105270989,-0.48580226304479573,1.374262712715408,-1.5117439169523724e-09,0.932
4320.30700000003,2.0156223460006756e-05,0.027624927812333507,0.46669521192651153,-0.48372875021492673,1.374262712715408,-1.5309183379746968e-09,0.932
4320.30700000003,2.013646858379431e-05,0.027579641706096145,0.46444340465221234,-0.4760642253303638,1.374262712715408,-1.4911214867111619e-09,0.932
4496.739999998361,2.1068132904459958e-05,0.029166811199132815,0.41511416649479527,-0.6434365775045386,4.9507742730491255,-2.52018078850834e-09,0.958
4496.739999998361,2.1068132904459958e-05,0.029166811199132815,0.41511416649479527,-0.6434365775045386,4.9507742730491255,-2.52018078850834e-09,0.958
4616.920000001788,2.1790003017166676e-05,0.030951487173083908,0.31412573345013506,-0.6633748832948412,4.9973055811304254,-2.8378305898987993e-09,0.959
4616.920000001788,2.1790003017166676e-05,0.030951487173083908,0.31412573345013506,-0.6633748832948412,4.9973055811304254,-2.8378305898987993e-09,0.959
4568.043999999762,2.3580553660936394e-05,0.0323322903772987,-0.09642295493856912,-0.2848730761282313,5.047606450002449,-1.1507871123805332e-09,0.971
4568.043999999762,2.3580553660936394e-05,0.0323322903772987,-0.09642295493856912,-0.2848730761282313,5.047606450002449,-1.1507871123805332e-09,0.971
4707.069000001997,2.2006702629119006e-05,0.03173413036527397,0.23814627519270593,-0.5944997488507099,5.067805152745739,-2.452745769406112e-09,0.974
4707.069000001997,2.2006702629119006e-05,0.03173413036527397,0.23814627519270593,-0.5944997488507099,5.067805152745739,-2.452745769406112e-09,0.974
4440.892999999225,2.0380151987707628e-05,0.028579317392929515,0.36749972044429846,-0.38231898993351554,1.3592200426681218,-1.0355375607924215e-09,0.947
4440.892999999225,2.0287161519627457e-05,0.02842750506282125,0.3470877921352571,-0.3768241499899511,1.3592200426681218,-1.0219297489239223e-09,0.947
4440.892999999225,2.0273488067645693e-05,0.02841482993887505,0.35666471471966377,-0.3890361658390648,1.3592200426681218,-1.0478817051487862e-09,0.947
4440.892999999225,2.0344596586738944e-05,0.028504298295820636,0.3545630917042759,-0.40074271881283147,1.3592200426681218,-1.120355974142082e-09,0.947
4440.892999999225,2.0276222927095326e-05,0.028444863188645596,0.3663283758405891,-0.3967795094435947,1.3592200426681218,-1.1054814399247783e-09,0.947
4440.892999999225,2.0316334992830398e-05,0.028470705665316377,0.3478622290042024,-0.3855387412723792,1.3592200426681218,-1.0725670196482209e-09,0.947
4440.892999999225,2.0253431106165425e-05,0.028376908449365437,0.3418175169114819,-0.3865058180469799,1.3592200426681218,-1.0576920116419911e-09,0.946
4320.8689999990165,2.001336106942261e-05,0.027457693364973775,0.48810639836718694,-0.503511794619771,1.374262712715408,-1.6131687516308566e-09,0.946
4320.8689999990165,1.9979780079199613e-05,0.02742617718886822,0.5096656811718971,-0.5145551727805338,1.374262712715408,-1.6632636100353564e-09,0.946
4320.8689999990165,1.99699042513954e-05,0.027374310089075347,0.47669167637016274,-0.4944056966513017,1.374262712715408,-1.5585524010518473e-09,0.946
4320.8689999990165,2.0064717923887202e-05,0.02752533640383247,0.4787110100002159,-0.5090727757227097,1.374262712715408,-1.6359550400968693e-09,0.946
4320.869000002742,2.0027185925957057e-05,0.02747882067312182,0.46950210704572193,-0.5121374383606863,1.3968114093900867,-1.6556678589387282e-09,0.946
4320.8689999990165,2.0039038712448126e-05,0.027496054863071426,0.4692917865362549,-0.5172444885886642,1.3968114093900867,-1.682794511062882e-09,0.945
4320.869000002742,2.0062741564439374e-05,0.027513987706610628,0.4548367604375305,-0.5090228941174053,1.3968114093900867,-1.6600082912457625e-09,0.945
4320.8689999990165,2.0086445804450725e-05,0.027522581501241733,0.44367115765043996,-0.49963889571183295,1.3968114093900867,-1.6245621070044859e-09,0.945
4320.8689999990165,2.0092370695624604e-05,0.027567934108144405,0.486271736825584,-0.5068396851469821,1.374262712715408,-1.6283594589737487e-09,0.945
4320.8689999990165,2.006669291533452e-05,0.02749586373479698,0.44430481117419474,-0.5014002800305922,1.3968114093900867,-1.6375830779629649e-09,0.945
4320.869000002742,2.0120024029323982e-05,0.027570902318470744,0.4700831008086044,-0.5025029551988434,1.374262712715408,-1.617508574194863e-09,0.945
4320.868000000715,2.0072618534874815e-05,0.02751715271778123,0.4782722576613141,-0.5034546288320504,1.374262712715408,-1.609551889112614e-09,0.945
4320.8689999990165,2.0122000206659866e-05,0.027571909803461404,0.4695115858849044,-0.5023983460452036,1.374262712715408,-1.611902983749699e-09,0.944
4320.8689999990165,2.0041013302507113e-05,0.027467644083020163,0.48430203839193053,-0.5080601916999106,1.374262712715408,-1.6370396505122145e-09,0.944
4320.869000002742,2.006076667633363e-05,0.027510549437085606,0.4898804881436041,-0.5055845391640572,1.374262712715408,-1.636317294267187e-09,0.944
4320.8689999990165,2.003508808295726e-05,0.027447301403860373,0.4840381613619722,-0.5077411146791659,1.374262712715408,-1.6444553066893034e-09,0.944
4320.8689999990165,2.0023236411462294e-05,0.02746868268644366,0.5092207034197118,-0.5146540675134371,1.374262712715408,-1.643008284600831e-09,0.944
4320.8689999990165,2.0056815863934668e-05,0.027503316753301473,0.4745454948270722,-0.4894576243193279,1.374262712715408,-1.5350423914605733e-09,0.944
4320.8689999990165,1.998175650932716e-05,0.027403146396580706,0.5012583721584409,-0.5096718475002094,1.374262712715408,-1.6363163091161785e-09,0.944
4320.8689999990165,2.0007435871658018e-05,0.027464282018410533,0.5158916180576134,-0.5171170726912081,1.374262712715408,-1.6629013302376306e-09,0.943
4320.8689999990165,2.0011385238268808e-05,0.02745238848686276,0.5093579382282472,-0.5088871568780584,1.374262712715408,-1.625646787436684e-09,0.943
4320.86799999699,2.0011386487935865e-05,0.027461931062065882,0.510632795026646,-0.5120591579835728,1.374262712715408,-1.627455740198445e-09,0.943
4320.869000002742,2.005681560398323e-05,0.027522854276173982,0.5048036200593415,-0.5208289628032212,1.374262712715408,-1.7010606358653692e-09,0.943
4320.8689999990165,2.004496342823554e-05,0.027494580410545512,0.49519514427950995,-0.5101462262312952,1.374262712715408,-1.6330624798041727e-09,0.943
4320.853000000119,2.008850513497002e-05,0.027554859285982045,0.4852024262705603,-0.507356005224515,1.374262712715408,-1.635943577803131e-09,0.943
4320.8689999990165,2.0098297107091218e-05,0.02755513174138868,0.4776467210767561,-0.5023864616910426,1.374262712715408,-1.6184128213077243e-09,0.943
4320.8689999990165,2.0064717102177738e-05,0.027517070868629714,0.4848661473519269,-0.506798923334242,1.374262712715408,-1.638124713141139e-09,0.943
4320.809000000358,2.0070749214848265e-05,0.027518325862200616,0.48002178642665516,-0.4990560793020382,1.374262712715408,-1.585496809216527e-09,0.942
4320.795000001788,1.9960297297305943e-05,0.02735620335247308,0.4489874197447299,-0.4823174468218658,1.374262712715408,-1.5132225293469541e-09,0.942
4320.8689999990165,1.9960027489979045e-05,0.027342533059577925,0.4416298874526645,-0.4726704021647721,1.374262712715408,-1.477350753625728e-09,0.942
4320.8689999990165,2.0060767350199964e-05,0.027485841290953283,0.4321881589811998,-0.4776869275125055,1.374262712715408,-1.5017661188137301e-09,0.942
4320.8689999990165,1.9989656014178724e-05,0.027399475017438436,0.4440989168129197,-0.47550599496538515,1.374262712715408,-1.488383131315894e-09,0.941
4320.8689999990165,1.9989656563682417e-05,0.027396488234216615,0.4831455715298816,-0.484627047591683,1.374262712715408,-1.5028505452739e-09,0.941
4320.8689999990165,2.004496488133661e-05,0.02747436697798222,0.4539068493547185,-0.4890763061447789,1.374262712715408,-1.5556588466574806e-09,0.941
4320.8689999990165,1.9960026795102895e-05,0.0273577127049109,0.4600959038899801,-0.48954686880904824,1.374262712715408,-1.529074072411481e-09,0.941
4320.326999999583,2.0006145497115564e-05,0.027424507353890643,0.4764007884272772,-0.4886599571775094,1.374262712715408,-1.5240315720540693e-09,0.941
4320.407999999821,2.006881448826947e-05,0.02749305126514455,0.4540754539849101,-0.47929497459803155,1.374262712715408,-1.5065874642686034e-09,0.941
4320.360999997705,2.0009673952581037e-05,0.02740139296343046,0.45996399866905824,-0.48744471133196254,1.374262712715408,-1.5304426333570441e-09,0.941
4320.389000002295,2.0082857778092068e-05,0.027497420026397157,0.42846992126657346,-0.4799648551159277,1.374262712715408,-1.5277837064686405e-09,0.941
4320.8689999990165,2.0042989133018445e-05,0.027482481452495988,0.4745984677328767,-0.49154741792687484,1.374262712715408,-1.5334142964534564e-09,0.941
4320.379000000656,1.9998017515898583e-05,0.027426806772384724,0.48384317428597257,-0.49288197648906695,1.374262712715408,-1.5309070235290234e-09,0.94
4320.8689999990165,1.9991632136181008e-05,0.02740728295835173,0.48361912056427236,-0.48773372948497656,1.374262712715408,-1.5041162802425492e-09,0.94
4320.8689999990165,2.0025212252353797e-05,0.027457666022869122,0.47072440427360274,-0.4792526236937803,1.374262712715408,-1.4825957499582815e-09,0.94
4320.850999999791,2.0084591691205793e-05,0.02754453123945293,0.4733499553611411,-0.4877346384539892,1.374262712715408,-1.5194772853784122e-09,0.94
4320.838000003248,2.0090540835968545e-05,0.027536053352545487,0.4643666224312155,-0.4748680369702544,1.374262712715408,-1.4910755285659063e-09,0.94
4320.8689999990165,2.0074593612101817e-05,0.027519335272019423,0.4548403335004374,-0.47996331167896183,1.374262712715408,-1.521477719721159e-09,0.94
4320.8689999990165,2.0100272156599175e-05,0.027534962759629286,0.44891865726718017,-0.4752792785267546,1.374262712715408,-1.4988723355693263e-09,0.94
4320.853000000119,2.0054857722030927e-05,0.027479804213997552,0.44562680735410387,-0.4922734203942866,1.374262712715408,-1.582610562254642e-09,0.94
4320.8689999990165,2.0121999294871714e-05,0.027549109848658465,0.4345726000814092,-0.47629030680986173,1.374262712715408,-1.5297970701764136e-09,0.94
4320.832000002265,2.238978416236619e-05,0.030113823110696877,0.09963473571944226,-0.438042296229273,1.3968114093900867,-1.7797339177060883e-09,0.941
4320.869000002742,2.0242491792148482e-05,0.02774971254889943,0.46995961000436903,-0.5244857525049043,1.374262712715408,-1.7538685565368064e-09,0.941
4320.8689999990165,2.0127925065642407e-05,0.027615360003232028,0.4912804670465416,-0.5214788898338794,1.374262712715408,-1.7166138794953219e-09,0.941
4320.8689999990165,2.01753338439149e-05,0.027708965819510215,0.5203348883194643,-0.5329482867590215,1.3968114093900867,-1.7603796209577426e-09,0.941
4320.857000000775,2.0206996854574377e-05,0.02773325861909548,0.49950845804860133,-0.5353455094633895,1.3968114093900867,-1.795456584869587e-09,0.941
4320.8689999990165,2.0234589937878235e-05,0.027759234050583507,0.4862299708912614,-0.5147338593672426,1.3968114093900867,-1.6927412301410785e-09,0.941
4320.8689999990165,2.0181256125280915e-05,0.027695361218677633,0.4953991742538255,-0.5183026410691909,1.3968114093900867,-1.7001567595117075e-09,0.941
4320.869000002742,2.0218787604241823e-05,0.027756475315175045,0.5033910133016466,-0.5205280015346795,1.3968114093900867,-1.69418809643718e-09,0.94
4320.8689999990165,2.02464407016496e-05,0.027805334679457394,0.5000483766693198,-0.5236682153585694,1.3968114093900867,-1.7328899689648137e-09,0.94
4320.868000000715,2.0199035389246954e-05,0.027702137253439646,0.47876955625536244,-0.5016202492905117,1.3968114093900867,-1.6341470871526262e-09,0.94
4320.869000002742,2.0270145016837992e-05,0.027784239488673496,0.4826356599520989,-0.5110858638503848,1.3968114093900867,-1.6753806222871444e-09,0.94
4320.8689999990165,2.0272120044185077e-05,0.027826683674565384,0.5211177649685332,-0.5092745840585943,1.374262712715408,-1.6321572921546177e-09,0.94
4320.850999999791,2.0224831650344963e-05,0.02773190506543967,0.4860214652244226,-0.5164231035959329,1.3968114093900867,-1.692905834629749e-09,0.94
4320.8689999990165,2.0313600466922336e-05,0.02783048752781804,0.47546381106156543,-0.5074449810926787,1.3968114093900867,-1.67429530408586e-09,0.94
4320.8689999990165,2.0240515693304424e-05,0.02777929425289974,0.4945984249330344,-0.5145721825891507,1.3968114093900867,-1.6755609824230912e-09,0.94
4320.857000000775,2.017739504582654e-05,0.027703248364947544,0.49769732008475964,-0.521555759156467,1.3968114093900867,-1.7019615802501109e-09,0.94
4320.8689999990165,2.0210885783793544e-05,0.027752417853165425,0.503320957046772,-0.5177354369027075,1.3968114093900867,-1.6764647224779578e-09,0.939
4320.8689999990165,2.0246441890764047e-05,0.027760937838438884,0.4706340844700354,-0.5020925679552777,1.374262712715408,-1.6399342903858928e-09,0.939
4320.8689999990165,2.0236565632004587e-05,0.02773298791364928,0.4764034265968604,-0.5042382894219509,1.374262712715408,-1.623838514374318e-09,0.939
4320.8689999990165,2.0240514536665827e-05,0.027740647857314747,0.4802736261751086,-0.5078877761396754,1.374262712715408,-1.652412995476108e-09,0.939
4320.869000002742,2.0287922128538726e-05,0.02779836774433432,0.45704328583565657,-0.4937557054549278,1.374262712715408,-1.5974349076683763e-09,0.939
4320.8689999990165,2.026026791825813e-05,0.027812812740759453,0.5094011654608086,-0.5098725129642984,1.374262712715408,-1.641199761322165e-09,0.939
4320.8689999990165,2.0248416855678583e-05,0.027798394751329614,0.5072672837611352,-0.49964836467133816,1.374262712715408,-1.5815203988044898e-09,0.939
4320.813999999315,2.03258436718312e-05,0.027878086155396078,0.49074275249799815,-0.5084994446211986,1.374262712715408,-1.6450670099217726e-09,0.938
4320.828000001609,2.0122267289126858e-05,0.02763272638679662,0.4929995238682392,-0.5092383129849329,1.374262712715408,-1.6307495966450301e-09,0.939
4320.869000002742,2.032150183417534e-05,0.027891144041001875,0.4945578189688291,-0.5104937576480227,1.374262712715408,-1.6663376822931805e-09,0.939
4320.8689999990165,2.026421830491268e-05,0.02779782759891892,0.5109919774267815,-0.5142723056307785,1.374262712715408,-1.663986985016649e-09,0.939
4320.8689999990165,2.033137855579169e-05,0.027894589226373397,0.49050503606948626,-0.5072811313982662,1.374262712715408,-1.650242760389018e-09,0.939
4320.8689999990165,2.025236692934999e-05,0.02780771059919834,0.5085419861518821,-0.5071718502494441,1.374262712715408,-1.6321578061370401e-09,0.938
4320.353000000119,2.028246568998896e-05,0.027836475519888798,0.4931034826640941,-0.5059367617868719,1.374262712715408,-1.6581111399504631e-09,0.938
4320.374000001699,2.0337588046453042e-05,0.02790605217059101,0.4844507764170327,-0.5249555579850056,1.3968114093900867,-1.7352631078762738e-09,0.938
4320.383000001311,2.0424346756893225e-05,0.0279906140424692,0.4468205615881171,-0.49948290103963194,1.3968114093900867,-1.6404862510434772e-09,0.938
4320.357999999076,2.0324003177773966e-05,0.027866961936450264,0.4760760780595392,-0.5073267914424524,1.3968114093900867,-1.6605574253994202e-09,0.938
4320.334000002593,2.0298392371752098e-05,0.027823257063716196,0.4771176052413013,-0.5047532844560366,1.3968114093900867,-1.6487729055374876e-09,0.938
4320.398000001907,2.0327918696477708e-05,0.027855914128815648,0.46251956057791377,-0.5025612251967467,1.374262712715408,-1.6530255880058746e-09,0.938
4320.363000001758,2.0266747220383447e-05,0.027813379587602865,0.47941586250263457,-0.49886315718793306,1.374262712715408,-1.6156533583236546e-09,0.938
4320.386999998242,2.029018441107249e-05,0.027831674439424258,0.472616939732855,-0.5018164381374087,1.374262712715408,-1.6506174613828786e-09,0.938
4320.366000000387,2.0345586117869922e-05,0.027911351517680788,0.4993103399115255,-0.5183037988808301,1.374262712715408,-1.7147230866670955e-09,0.937
4320.369999997318,2.0444291963395337e-05,0.028010294117994834,0.4696504429472852,-0.5109966450476521,1.374262712715408,-1.6980287722810507e-09,0.937
4320.331000000238,2.0377370547194174e-05,0.027967725929966013,0.4825631319966366,-0.5027270141815275,1.374262712715408,-1.6484789567399338e-09,0.937
4320.372999999672,2.035137439045662e-05,0.027884063925852364,0.45169657407335784,-0.49393483350473827,1.374262712715408,-1.6251384895914906e-09,0.937
4320.3260000012815,2.030633365866993e-05,0.027850739014677224,0.45738713268105524,-0.48222315349962735,1.374262712715408,-1.5565954640282598e-09,0.937
4320.379999997094,2.0367190688814755e-05,0.027941191996946193,0.4815953952915182,-0.4902423809485152,1.374262712715408,-1.5574123361744917e-09,0.937
4320.34299999848,2.0337774982867602e-05,0.027917698649743625,0.48990993208098876,-0.49956666353246015,1.374262712715408,-1.6244833133523902e-09,0.937
4320.408999998122,2.0341393218543288e-05,0.02791890874417309,0.49360952182735307,-0.505629910580754,1.374262712715408,-1.665027062921461e-09,0.937
4320.403000000864,2.0367097390194318e-05,0.027938800557228215,0.4840854004023938,-0.5033257316689326,1.374262712715408,-1.648564157051381e-09,0.937
4320.375999998301,2.0355446665664996e-05,0.02792700158300954,0.4731840465636159,-0.4980764312104161,1.374262712715408,-1.6055697630507309e-09,0.937
4320.331000000238,2.0393281670007796e-05,0.027986510049392423,0.4878670348107539,-0.5029165070485692,1.374262712715408,-1.6347876547978649e-09,0.937
4320.407999999821,2.040457880020148e-05,0.02796963175124584,0.45717106106523664,-0.4856866755634076,1.374262712715408,-1.571022296990416e-09,0.936
4320.338999997824,2.0318121721744752e-05,0.027889071341661752,0.4898432170620728,-0.4929105554474638,1.374262712715408,-1.574633222941709e-09,0.936
4320.40700000152,2.0311684306400566e-05,0.027886325450785832,0.4891887956725731,-0.49001338172665004,1.374262712715408,-1.555601207327257e-09,0.936
4320.3889999985695,2.0355333439449765e-05,0.027918586057453666,0.4700113146130085,-0.4845121307539216,1.374262712715408,-1.558574419553505e-09,0.936
4320.401999998838,2.0311828438232093e-05,0.027886325450785832,0.4891887956725731,-0.49001338172665004,1.374262712715408,-1.5556628624268012e-09,0.936
4320.382999997586,2.033939140900097e-05,0.027900455828452585,0.4883200949883806,-0.498946023900925,1.374262712715408,-1.6330135756632355e-09,0.936
4320.63599999994,2.036802513726356e-05,0.027920979228549275,0.477026889134192,-0.5032457562937447,1.374262712715408,-1.6322384332352202e-09,0.936
4320.868000000715,2.0408414780503626e-05,0.02796249096380543,0.4515900640658197,-0.475427263631531,1.374262712715408,-1.528169683624181e-09,0.936
4320.869000002742,2.043606626680164e-05,0.028031781619811107,0.47097727532426914,-0.4822819728886344,1.374262712715408,-1.5278072663882833e-09,0.936
4320.8689999990165,2.0374834110726766e-05,0.02796074575728089,0.48593606798024513,-0.48608405748569994,1.374262712715408,-1.5348609596465684e-09,0.935
4320.8689999990165,2.039063477237438e-05,0.027953683270875194,0.45410725244880323,-0.47264284729324224,1.374262712715408,-1.4986905404038137e-09,0.936
4320.8689999990165,2.043014045983983e-05,0.027970678555567046,0.44319543434186626,-0.46902830691672504,1.374262712715408,-1.4986918387864746e-09,0.936
4320.8689999990165,2.0323476171347278e-05,0.02787916332582,0.4721230736625168,-0.48357642556694175,1.374262712715408,-1.5428181822544773e-09,0.935
4320.869000002742,2.0438041963887677e-05,0.028021039928572918,0.4669384976179014,-0.48691011258159506,1.374262712715408,-1.5768178032007459e-09,0.935
4320.86799999699,2.042224047395398e-05,0.02797752208008674,0.4453062388160096,-0.4713304577401339,1.374262712715408,-1.512797290968204e-09,0.935
4320.8689999990165,2.042816642394741e-05,0.028035102406928462,0.47637594824958507,-0.48947195756413303,1.374262712715408,-1.5505953133926745e-09,0.935
4320.869000002742,2.037878412580749e-05,0.027927028465608683,0.45725919578106256,-0.4720760613188697,1.374262712715408,-1.4968829643499301e-09,0.935
4320.853000000119,2.0447958784855362e-05,0.028009141579348907,0.43749750276109545,-0.4687216680951119,1.374262712715408,-1.50287265089958e-09,0.935
4320.857000000775,2.0440057470929018e-05,0.027998230317305788,0.44240489272029837,-0.4683295571011613,1.374262712715408,-1.4898630336328595e-09,0.933
4320.8689999990165,2.035508060266205e-05,0.027906052170590986,0.4685201969817081,-0.47470524214379567,1.374262712715408,-1.5008622484781978e-09,0.935
4320.690999999642,2.0889174691882436e-05,0.02852534303378656,0.38569010109044966,-0.4507223068114156,1.374262712715408,-1.4477790161436219e-09,0.935
4320.8689999990165,2.0497298900500268e-05,0.028095290447784055,0.4456647502127735,-0.4631236297074385,1.374262712715408,-1.4693934851129543e-09,0.935
4320.869000002742,2.0487424346599457e-05,0.02808577595173063,0.46302621091777674,-0.46744062205706555,1.374262712715408,-1.4865748211047757e-09,0.935
4320.869000002742,2.038470934664417e-05,0.027940762090289967,0.4713976048845798,-0.4936063394075595,1.374262712715408,-1.6073816489826987e-09,0.934
4320.869000002742,2.0422240971987842e-05,0.02798830729689353,0.46504260808912834,-0.4797408657612634,1.374262712715408,-1.546073240830767e-09,0.934
4320.869000002742,2.03491535379799e-05,0.027881909922042623,0.4732320383729185,-0.48288367294285145,1.374262712715408,-1.539019624847215e-09,0.934
4320.8689999990165,2.0392610560558357e-05,0.027937591324396736,0.45592155446905513,-0.47273883476530315,1.374262712715408,-1.5220203058892298e-09,0.934
4320.869000002742,2.0459770010581388e-05,0.02801726194628885,0.4459967663245199,-0.4694845310643019,1.374262712715408,-1.51406383488617e-09,0.934
4320.868000000715,2.0404463185374536e-05,0.027954488967846504,0.44930016246513826,-0.4699810391933062,1.374262712715408,-1.504659521555593e-09,0.934
4320.872999999672,2.0380746159468723e-05,0.02794019782776517,0.4545578891603035,-0.4681292971097113,1.374262712715408,-1.4941632008131425e-09,0.934
4320.8689999990165,2.0380757949253434e-05,0.027931840034048715,0.4548884176737489,-0.46701107824913274,1.374262712715408,-1.4854891514516068e-09,0.934
4320.8689999990165,2.0343228821136838e-05,0.027887052330565286,0.46228358862943564,-0.47654684531064795,1.374262712715408,-1.5301586159330764e-09,0.934
4320.869000002742,2.0374833731785245e-05,0.02792995851379986,0.4518732565550114,-0.46099335317412676,1.374262712715408,-1.44588404985335e-09,0.933
4320.868000000715,2.0426190593844036e-05,0.028030228213371592,0.4843204788445101,-0.4772532791344215,1.374262712715408,-1.5146060165809352e-09,0.933
4320.8689999990165,2.0366932725032854e-05,0.027947371174326118,0.4991920316444274,-0.4849335547122145,1.374262712715408,-1.5406478574188557e-09,0.933
4320.8689999990165,2.0380760112210815e-05,0.027931840034048715,0.4548884176737489,-0.46701107824913274,1.374262712715408,-1.4854894338547675e-09,0.933
4320.868000000715,2.0406437852809817e-05,0.027982620088673353,0.48509869149326246,-0.48359191467792734,1.374262712715408,-1.5272653382441935e-09,0.933
4320.869000002742,2.041236300950269e-05,0.028000482621323253,0.489472543077055,-0.4774621916823516,1.374262712715408,-1.5035743747769044e-09,0.933
4320.869999997318,2.05051995084624e-05,0.028118288321626866,0.459445588248911,-0.4707750455404065,1.374262712715408,-1.4972441689350495e-09,0.933
4320.8689999990165,2.0440016901448063e-05,0.028017235150268927,0.4346379290919793,-0.4437966324324741,1.374262712715408,-1.3824057898122205e-09,0.933
4320.8689999990165,2.033532745266115e-05,0.027878651675058073,0.45629352746571916,-0.4622811128567978,1.374262712715408,-1.4491392784262235e-09,0.933
4320.8689999990165,2.038470997566032e-05,0.0279348233277813,0.440104167377779,-0.46278342013370716,1.374262712715408,-1.452575509027894e-09,0.933
4320.8689999990165,2.0384710762676952e-05,0.027956315128348997,0.448807068413843,-0.45088232369075765,1.374262712715408,-1.3968735633392513e-09,0.933
4320.8689999990165,2.034718022316e-05,0.027898572191607393,0.44813898507927963,-0.4591569198536498,1.374262712715408,-1.4209265341713858e-09,0.933
4320.8689999990165,2.0438042208594055e-05,0.028041019931500315,0.4747941389724031,-0.4700938231033589,1.374262712715408,-1.4636067533472631e-09,0.932
4320.8689999990165,2.0501249205143157e-05,0.02812509592909899,0.45390873431528966,-0.4628899236432743,1.374262712715408,-1.4480534511995337e-09,0.932
4320.8689999990165,2.045976982206921e-05,0.028066550041485866,0.46545812473277604,-0.4680294994340534,1.374262712715408,-1.4757230651287484e-09,0.932
4320.8689999990165,2.0465695053683094e-05,0.02809721433618382,0.47701801236703867,-0.45707672335581373,1.374262712715408,-1.428884358396591e-09,0.932
4320.8689999990165,2.0325450822856073e-05,0.02787609328038231,0.4556447854420993,-0.4592628366174284,1.374262712715408,-1.422192686844059e-09,0.932
4320.8689999990165,2.0402487872652185e-05,0.027976126673713495,0.46332055971573594,-0.4501920891937875,1.3463069593227073,-1.4118845699947176e-09,0.932
4320.752000000328,2.0438368417632546e-05,0.028041019931500315,0.4747941389724031,-0.4700938231033589,1.374262712715408,-1.4635787513290985e-09,0.932
4320.309000000358,2.0405118185798945e-05,0.027991445497169674,0.4845380582084733,-0.4804451311758681,1.374262712715408,-1.5237281983767889e-09,0.932
4320.399000000209,2.0509439384906913e-05,0.028094862899137277,0.45309536245549076,-0.4696109992320904,1.374262712715408,-1.500952569462565e-09,0.932
4320.370999999344,2.0402888466396972e-05,0.027991847805093933,0.48363125041226684,-0.4632088681897996,1.374262712715408,-1.4170181416816697e-09,0.932
4320.407999999821,2.0408608862311153e-05,0.027972718369385786,0.42455643256244,-0.45884763059914385,1.374262712715408,-1.4628083542336656e-09,0.931
4320.359999999404,2.0388956018182823e-05,0.027959671729890587,0.44318304289769905,-0.45476311989359447,1.374262712715408,-1.4168424343907085e-09,0.931
4320.380000002682,2.0458157931235773e-05,0.028041635710730796,0.4434822831058538,-0.4318130636299509,1.3463069593227073,-1.3082870788694677e-09,0.931
4320.385000001639,2.044822135465228e-05,0.028023745829748203,0.44683808511297496,-0.4286314988134925,1.3463069593227073,-1.2952239648178013e-09,0.931
4320.438999999315,2.042834980638548e-05,0.028015868519267583,0.4547147717516351,-0.4349847184673353,1.3463069593227073,-1.3271053756661827e-09,0.931
4320.396999999881,2.058252759297493e-05,0.028230151282652428,0.45193600117055155,-0.44092639172786796,1.374262712715408,-1.3567914653218744e-09,0.931
4320.375,2.052734710541436e-05,0.02811380240888604,0.4265041639101148,-0.4254807653004962,1.3463069593227073,-1.288492786076241e-09,0.931
4320.447999998927,2.050527037554114e-05,0.02811577843483968,0.4743070666291769,-0.44209024647534434,1.374262712715408,-1.3320572721587386e-09,0.931
4320.8689999990165,2.049532444743203e-05,0.028122239604276886,0.47894982306137734,-0.4513967115622897,1.374262712715408,-1.3986816173051258e-09,0.931
4320.869000002742,2.0568409140833904e-05,0.028207351074758066,0.4558676163682489,-0.43897739870010183,1.374262712715408,-1.3478635368720316e-09,0.931
4320.8689999990165,2.046174624513156e-05,0.028085562105800873,0.4860742612851059,-0.44246152897708113,1.374262712715408,-1.3294173008620476e-09,0.931
4320.8689999990165,2.052692953624783e-05,0.028163987825061455,0.46586503333359763,-0.4471185030553309,1.374262712715408,-1.3820441438131295e-09,0.931
4320.869000002742,2.0499274974992718e-05,0.028103359208443354,0.4769173560284341,-0.44215759683391087,1.374262712715408,-1.3509387202561336e-09,0.931
4320.870000001043,2.051902802849104e-05,0.028160628917355893,0.46956355106550296,-0.4502765653627726,1.374262712715408,-1.399767910365862e-09,0.931
4320.8689999990165,2.048544880568307e-05,0.028107419430232757,0.48064943754340117,-0.44552869331350337,1.374262712715408,-1.3522040531094443e-09,0.931
4320.8689999990165,2.0546680950824417e-05,0.028198193880781416,0.4663848348950208,-0.4483947699981604,1.374262712715408,-1.4001285397336422e-09,0.93
4320.869000002742,2.0438042459973488e-05,0.02802031652458868,0.45050309924945564,-0.4318000162643172,1.3463069593227073,-1.3127789295967382e-09,0.93
4320.8689999990165,2.0412363600986393e-05,0.02797754891414262,0.4479172165267866,-0.4364133801666833,1.3463069593227073,-1.3267043993415189e-09,0.93
4320.8689999990165,2.0465695167401635e-05,0.028035075627960503,0.4393163873522177,-0.4255787607979314,1.3463069593227073,-1.2925240583916665e-09,0.93
4320.86799999699,2.05387802381482e-05,0.028168305832148535,0.46168360976420564,-0.4439463358703026,1.374262712715408,-1.3679376753645631e-09,0.93
4320.8689999990165,2.0530879414301856e-05,0.028164974094888946,0.46535174925865697,-0.4471022249370096,1.374262712715408,-1.385661663079708e-09,0.93
4320.869000002742,2.0453843802794725e-05,0.02805004108383451,0.44343963086460736,-0.4350924901114436,1.3463069593227073,-1.3417147511520887e-09,0.93
4320.869000002742,2.053877975354089e-05,0.028168305832148535,0.46168360976420564,-0.4439463358703026,1.374262712715408,-1.3679375891258694e-09,0.93
4320.8689999990165,2.0568408599978166e-05,0.028161615304818297,0.4059287509405278,-0.4248740802230609,1.3463069593227073,-1.3127789421560137e-09,0.93
4320.8689999990165,2.061383854315422e-05,0.028256706132198817,0.4403570930143519,-0.43777536692844166,1.374262712715408,-1.3411728136212378e-09,0.93
4320.8689999990165,2.051310199961576e-05,0.028116766395738905,0.42386789606139885,-0.4338074920078551,1.3463069593227073,-1.3428005244382773e-09,0.929
4320.869000002742,2.0562483516007618e-05,0.02819569110692266,0.4597160460501386,-0.438944214722136,1.374262712715408,-1.331768456961741e-09,0.929
4320.8689999990165,2.0526929442909944e-05,0.02812619033183455,0.4251720231540297,-0.4256047569221443,1.3463069593227073,-1.2937898737707063e-09,0.929
4320.8689999990165,2.0627667896004542e-05,0.028249053240931972,0.43488498988784086,-0.4327871922989457,1.374262712715408,-1.3380979273633532e-09,0.929
4320.8689999990165,2.0505200002722996e-05,0.028103920195060535,0.4326465508258579,-0.42558175821293914,1.3463069593227073,-1.2950560565255473e-09,0.929
4320.8689999990165,2.0607914433137546e-05,0.02823703827121977,0.4410596326763576,-0.4303256978053166,1.374262712715408,-1.3098848309384211e-09,0.929
4320.869000002742,2.0517051491827102e-05,0.028096546334307995,0.42606905382676485,-0.42064450315215896,1.3463069593227073,-1.2711844152992947e-09,0.929
4320.869000002742,2.0499275782630695e-05,0.028090132708044585,0.4329227469036985,-0.42246588022305476,1.3463069593227073,-1.269557527306466e-09,0.929
4320.869000002742,2.05466814420314e-05,0.028160202360725264,0.4637081297966992,-0.4339462808598225,1.374262712715408,-1.2999389875705852e-09,0.929
4320.8689999990165,2.0582235529356293e-05,0.028185837604042255,0.40442654824786706,-0.4164566911725151,1.3463069593227073,-1.2644916141220223e-09,0.929
4320.8689999990165,2.057038351514086e-05,0.028170491237757608,0.40890120038039557,-0.42133008183016485,1.3463069593227073,-1.2927046804305476e-09,0.929
4320.8689999990165,2.0560508851273346e-05,0.028203784381771426,0.4558663238116063,-0.43615630124790755,1.374262712715408,-1.330140363338275e-09,0.929
4320.8689999990165,2.07185292923644e-05,0.02837246899719863,0.4189194000272596,-0.419977326291911,1.3463069593227073,-1.2961414670840185e-09,0.929
4320.8689999990165,2.0635567826372122e-05,0.028279838211157607,0.4514862727489808,-0.42446839219892685,1.3463069593227073,-1.2766085818820502e-09,0.928
4320.8689999990165,2.055063104373636e-05,0.02815905595776309,0.4110514987107585,-0.41974737696397046,1.3463069593227073,-1.2710033842852026e-09,0.928
4320.8689999990165,2.059803806211584e-05,0.02822424681206052,0.41558463168423954,-0.4098602048353959,1.3463069593227073,-1.2420675557185265e-09,0.928
4320.8689999990165,2.0694826398298526e-05,0.028351451546698714,0.42964943618031803,-0.4221570457379091,1.3463069593227073,-1.2907164185555622e-09,0.928
4320.8689999990165,2.060791321682496e-05,0.028248282522402395,0.4542075861133199,-0.4211541785099366,1.3463069593227073,-1.2682891802662502e-09,0.928
4320.8689999990165,2.0629642601267955e-05,0.028291091988219292,0.45254338048318,-0.4262456023376117,1.3463069593227073,-1.2999380159764233e-09,0.928
4320.8689999990165,2.065927217974476e-05,0.028294037402826645,0.44262180927142625,-0.4214752328185666,1.3463069593227073,-1.2798653740094736e-09,0.928
4320.869000002742,2.066124691222379e-05,0.028311756490114772,0.4435726168438787,-0.42195443237944713,1.3463069593227073,-1.266662537124197e-09,0.928
4320.8689999990165,2.061384011356049e-05,0.028239058844877343,0.41094724583574305,-0.4144479023502059,1.3463069593227073,-1.2652160547734e-09,0.928
4320.869000002742,2.0667171469695776e-05,0.02831811992198489,0.4035444587465782,-0.40013928636812324,1.3463069593227073,-1.201015309614092e-09,0.928
4320.8689999990165,2.0594087102874958e-05,0.02823118842698622,0.4150225259678413,-0.4147633015594601,1.3463069593227073,-1.261599450712246e-09,0.928
4320.8689999990165,2.0623715840485777e-05,0.028261620958805973,0.42096876918215553,-0.4039242261483811,1.3463069593227073,-1.2100571082152408e-09,0.928
4320.8689999990165,2.0673098311848906e-05,0.02832935849172291,0.43705732743754044,-0.4220864800863285,1.3463069593227073,-1.2919809713540848e-09,0.928
4320.8689999990165,2.063754301535121e-05,0.02826953601788801,0.402185601969685,-0.4091081359542307,1.3463069593227073,-1.2435139828882623e-09,0.927
4320.868000000715,2.0744207162517623e-05,0.02840724329236247,0.42525750555565134,-0.4100476711263162,1.3463069593227073,-1.2424294857811086e-09,0.927
4320.8689999990165,2.0609889670216413e-05,0.028230151282652407,0.41139729535005287,-0.4100323747731622,1.3463069593227073,-1.2351955698094086e-09,0.927
4320.8689999990165,2.068494944620958e-05,0.02831507095599875,0.4034998543680284,-0.4004910001490455,1.374262712715408,-1.2058973312937984e-09,0.927
4320.8689999990165,2.0643468783015592e-05,0.028278537368040736,0.41473097963478267,-0.3984278840600804,1.3463069593227073,-1.1738877913443952e-09,0.927
4320.869000002742,2.0643468872920408e-05,0.028278537368040736,0.41473097963478267,-0.3984278840600804,1.3463069593227073,-1.1738870954340607e-09,0.927
4320.869000002742,2.068099945503277e-05,0.028323050598323563,0.4099712586535973,-0.39235881380081566,1.3463069593227073,-1.1541749539281017e-09,0.927
4320.8689999990165,2.0700752050169045e-05,0.0283534374885554,0.4026660548185408,-0.39565943080339944,1.3463069593227073,-1.183472924758524e-09,0.927
4320.86799999699,2.066717300498011e-05,0.02831748364314671,0.4145074262159354,-0.3954924618888447,1.3463069593227073,-1.16592961138688e-09,0.927
4320.8689999990165,2.066322319079814e-05,0.028316502685259808,0.4150067800956987,-0.3955010577519424,1.3463069593227073,-1.1623132372813357e-09,0.927
4320.86799999699,2.0655321329499892e-05,0.02831287019393513,0.4185810988471368,-0.39862754978160386,1.3463069593227073,-1.180036556976508e-09,0.927
4320.8689999990165,2.0688900287362498e-05,0.028326628777493087,0.40645708355710086,-0.38923652269641495,1.3463069593227073,-1.1364514173843849e-09,0.926
4320.8689999990165,2.067507328627823e-05,0.028321089034217692,0.41096299666877245,-0.39236802373126417,1.3463069593227073,-1.1482065411911177e-09,0.927
4320.869000002742,2.0700750933839713e-05,0.028342552819044048,0.40576847122492365,-0.39920430144700436,1.374262712715408,-1.1809408104027726e-09,0.926
4320.8689999990165,2.0682974169293664e-05,0.028328563456474616,0.4107355890732274,-0.39755823405854485,1.374262712715408,-1.1749728892084704e-09,0.926
4320.8689999990165,2.06908758429538e-05,0.028332193935754688,0.4071728536808292,-0.39443390982405047,1.374262712715408,-1.1572499419351093e-09,0.926
4320.8689999990165,2.068297350423618e-05,0.028328563456474616,0.4107355890732274,-0.39755823405854485,1.374262712715408,-1.174972157931008e-09,0.926
4320.8689999990165,2.0708652554493347e-05,0.02834620799167869,0.4021904466428796,-0.3960805730434619,1.374262712715408,-1.1632175271179795e-09,0.926
4320.868000000715,2.0677050045113295e-05,0.02829743353636059,0.4040582548001148,-0.39155127884417285,1.374262712715408,-1.1375365345289334e-09,0.926
4320.8689999990165,2.0653345584580365e-05,0.02830037829095952,0.42273560513285835,-0.39875719036811913,1.374262712715408,-1.161409121110147e-09,0.926
4320.869000002742,2.0625692221028402e-05,0.02822469899987659,0.39733406650008174,-0.3813981584653263,1.374262712715408,-1.0999196274943761e-09,0.926
4320.869000002742,2.0677049514770985e-05,0.02829743353636059,0.4040582548001148,-0.39155127884417285,1.374262712715408,-1.1375372142539e-09,0.926
4320.869000002742,2.0603963232381317e-05,0.028230603375892786,0.4149792042386342,-0.3882418015233273,1.3463069593227073,-1.1207172801758782e-09,0.926
4320.869000002742,2.0629641914354996e-05,0.028231587318507674,0.3947219965923474,-0.38031020541442867,1.3463069593227073,-1.0934090903608825e-09,0.925
4320.8689999990165,2.0645444714703342e-05,0.028259362901374714,0.4025757643872492,-0.38886490613724095,1.374262712715408,-1.1194520173652513e-09,0.925
4320.869000002742,2.068692423562444e-05,0.02831098747857468,0.4090740857290798,-0.3662013396461681,1.3463069593227073,-1.0263145156271643e-09,0.925
4320.8689999990165,2.0657296774718697e-05,0.02828727045279679,0.4189861356161293,-0.36535115351183123,1.3463069593227073,-1.0311985750582286e-09,0.925
4320.869000002742,2.071062914755261e-05,0.02833985086670621,0.3961270279665148,-0.37760470476118435,1.3463069593227073,-1.0935903670357806e-09,0.925
4320.869000002742,2.0692850814170023e-05,0.02832588667378053,0.4011579911907299,-0.3759226208149062,1.3463069593227073,-1.0876223544268195e-09,0.925
4320.8689999990165,2.071457882452416e-05,0.028374347633092902,0.4105828468219612,-0.3623313916979803,1.3463069593227073,-1.0169107712784193e-09,0.925
4320.8689999990165,2.070272747170116e-05,0.028320929982524855,0.397136135348394,-0.3703041052352673,1.3463069593227073,-1.0404210213921038e-09,0.925
4320.869000002742,2.0696802037639475e-05,0.02832339518339417,0.3887914814984246,-0.3859447540323823,1.374262712715408,-1.1292184185299315e-09,0.925
4200.844999998808,2.036806030216707e-05,0.027264998784708578,0.514164632758972,-0.4966366985982402,1.3893152742980255,-1.6997250185145665e-09,0.925
4200.845000002533,2.0394868218920167e-05,0.027286778006357846,0.5127229611700912,-0.48197100229648965,1.3624920208405236,-1.6306463785338972e-09,0.925
4200.845000002533,2.034554315818243e-05,0.027224463788501515,0.51664971081795,-0.503466174760993,1.3893152742980255,-1.7334009233191344e-09,0.925
4200.844000000507,2.036377242466835e-05,0.027224799035799777,0.5115803539554231,-0.495457972954218,1.3893152742980255,-1.6670881433272923e-09,0.924
4200.845000002533,2.0372349410067114e-05,0.027286996147069007,0.5474500808379417,-0.48723603062613124,1.3624920208405236,-1.6354179176066312e-09,0.924
4200.844000000507,2.0398085461079074e-05,0.027295371431568814,0.5227583279115882,-0.4809582191828239,1.3624920208405236,-1.6125988654574205e-09,0.924
4200.844999998808,2.0362700232309473e-05,0.027253833282153705,0.534680548611703,-0.49575500098994263,1.3893152742980255,-1.6603801393032116e-09,0.924
4200.844999998808,2.0344470542054597e-05,0.027228297022218614,0.5314547541349111,-0.4751059857232438,1.3624920208405236,-1.5814829711329583e-09,0.924
4200.844000000507,2.034554376030429e-05,0.027238569759436396,0.533207920305026,-0.4831115014455514,1.3624920208405236,-1.6211049447617223e-09,0.924
4200.844000000507,2.0376640311162236e-05,0.0272736136219607,0.517355389600838,-0.48013964636140777,1.3624920208405236,-1.6232481252737891e-09,0.924
4200.844000000507,2.037449492514102e-05,0.027266279540854126,0.5223518346736005,-0.4746494763965512,1.3624920208405236,-1.5859082245954127e-09,0.924
4200.844999998808,2.0403446368014827e-05,0.027320264006718994,0.5383007778248357,-0.492290848313383,1.3624920208405236,-1.654710319717129e-09,0.924
4200.844000000507,2.0383074195720366e-05,0.027277920020319014,0.5252797847705084,-0.48423009429663955,1.3624920208405236,-1.616333417438006e-09,0.924
4200.844999998808,2.0422747969472006e-05,0.027312942452193345,0.5167840753488244,-0.46830793056782477,1.3624920208405236,-1.5505736104124745e-09,0.924
4200.844999998808,2.0364845264299218e-05,0.027250105577194643,0.5278756901380044,-0.4799272531854265,1.3624920208405236,-1.5841792354363541e-09,0.924
4200.844999998808,2.0512819633868778e-05,0.02741318185987427,0.4934662089120856,-0.4629534524931299,1.3624920208405236,-1.534116191630242e-09,0.923
4200.845000002533,2.0475289935339263e-05,0.027401120936403827,0.5077614673085966,-0.46324897718612196,1.3624920208405236,-1.5195263870646574e-09,0.923
4200.844999998808,2.0522470087025798e-05,0.027441756503547653,0.4896299260739827,-0.4595098456432247,1.3624920208405236,-1.5149632258163153e-09,0.923
4200.845000002533,2.0531048470734002e-05,0.02744464847941635,0.49225315223831023,-0.4657938695233942,1.3624920208405236,-1.5621210182924194e-09,0.923
4200.828999999911,2.0468867283652658e-05,0.02736158528313646,0.4970891560526196,-0.4715540520425177,1.3624920208405236,-1.5706944783603963e-09,0.923
4200.844000000507,2.045706116178024e-05,0.027367110372831294,0.5150537283534202,-0.4746592121641703,1.3624920208405236,-1.5816897311899301e-09,0.923
4200.845000002533,2.0422746738673014e-05,0.027312942452193345,0.5167840753488244,-0.46830793056782477,1.3624920208405236,-1.5505735554864663e-09,0.923
4200.844000000507,2.0471000948285973e-05,0.02739069184960468,0.5072082170552688,-0.46637664059925865,1.3624920208405236,-1.5298986156362872e-09,0.923
4200.844999998808,2.052246984855412e-05,0.027442566287511166,0.49339110895854077,-0.4658184184479659,1.3624920208405236,-1.5546529709254098e-09,0.923
4200.844999998808,2.0478505932957444e-05,0.02739111198679265,0.4971162321696929,-0.4743625085534799,1.3624920208405236,-1.591232349090597e-09,0.923
4200.844999998808,2.0492445375489062e-05,0.02742347216157767,0.5073978125098155,-0.47233071010101246,1.3624920208405236,-1.5789931087520828e-09,0.923
4200.845000002533,2.049995163518883e-05,0.027427306518452425,0.5031548697272736,-0.46887041498748283,1.3624920208405236,-1.554169419305404e-09,0.923
4200.845000002533,2.0492445632137382e-05,0.02742381944616528,0.5029443172026697,-0.4658810850105013,1.3624920208405236,-1.534323483173207e-09,0.923
4200.844999998808,2.0534265598486476e-05,0.027445472636738615,0.4855245088912272,-0.45616501998627523,1.3624920208405236,-1.4988511057641128e-09,0.922
4200.844999998808,2.0496734709189068e-05,0.02742555580313936,0.5062514113562484,-0.472200087534448,1.3624920208405236,-1.5777484703461073e-09,0.922
4200.845000002533,2.0533192689496586e-05,0.02744487982432112,0.4879274603372923,-0.4594078607136569,1.3624920208405236,-1.5211862657972108e-09,0.922
4200.844000000507,2.0465639086776827e-05,0.027364848266250602,0.47745425238554384,-0.45143637151549537,1.3624920208405236,-1.4924893052693244e-09,0.922
4200.844999998808,2.0541772292498438e-05,0.02744904369918923,0.48565429051826703,-0.4591490892603411,1.3624920208405236,-1.518696387401693e-09,0.922
4200.844000000507,2.048708460507733e-05,0.02741063401570378,0.5105391841352773,-0.46808131501601025,1.3624920208405236,-1.5330097509205352e-09,0.922
4200.822000000626,2.0537544055580796e-05,0.02744777147110779,0.4905454932516804,-0.4656034405632458,1.3624920208405236,-1.560495152522373e-09,0.922
4200.833000000566,2.050105392691287e-05,0.027416178169045107,0.5096186587727973,-0.4710222543444865,1.3624920208405236,-1.5565898500280367e-09,0.922
4200.844999998808,2.0496735327903116e-05,0.02742555580313936,0.5062514113562484,-0.472200087534448,1.3624920208405236,-1.5777486740721338e-09,0.922
4200.844999998808,2.0513891520836093e-05,0.027438401429672847,0.4956704896608852,-0.4660784087124363,1.3624920208405236,-1.5571424798580853e-09,0.922
4200.844000000507,2.0469928321061478e-05,0.027353244780098734,0.46469713583880745,-0.4511033365725682,1.3624920208405236,-1.4935955787830443e-09,0.922
4200.828999999911,2.047321046361613e-05,0.02740575481218127,0.5153541128080135,-0.4715162957076798,1.3624920208405236,-1.5503604985415647e-09,0.922
4200.844000000507,2.0523542285761587e-05,0.02746166158743598,0.5128971267086193,-0.45445262039213935,1.3624920208405236,-1.4745105917677158e-09,0.921
4200.844000000507,2.0551422851880176e-05,0.027454666819299228,0.4847199746649511,-0.4619255272835087,1.3624920208405236,-1.5360518413120212e-09,0.921
4200.844000000507,2.0465639040681423e-05,0.027352200224897007,0.4652610786895841,-0.45112693145727356,1.3624920208405236,-1.4898610871447565e-09,0.921
4200.844999998808,2.0469928152041386e-05,0.027392502739786405,0.5182601716783428,-0.47238762625974234,1.3624920208405236,-1.5610846424659612e-09,0.921
4200.844000000507,2.054391717937041e-05,0.02744846542100767,0.4938625310499343,-0.4706086342060185,1.3624920208405236,-1.5702809906585565e-09,0.921
4200.844999998808,2.052461505945491e-05,0.027439095616546262,0.49886690410666734,-0.4713127537968606,1.3624920208405236,-1.5715256411904513e-09,0.921
4200.844999998808,2.051818037563151e-05,0.027453206942515317,0.5115286459905022,-0.46770977086339166,1.3624920208405236,-1.5514722712723791e-09,0.921
4200.844000000507,2.059216886551939e-05,0.027538140938509367,0.4954811575444946,-0.4517741727788915,1.3624920208405236,-1.5083933213257144e-09,0.921
4200.845000002533,2.0548204709741526e-05,0.027482794040162073,0.5051431770459915,-0.45822667265791595,1.3624920208405236,-1.5192493128897178e-09,0.921
4200.844999998808,2.0467784101599573e-05,0.02738415716234593,0.48183855280686494,-0.4438381663723209,1.3624920208405236,-1.446990382685732e-09,0.921
4200.845000002533,2.060503662309903e-05,0.027570285361610495,0.5004480429435674,-0.44006115109875543,1.3624920208405236,-1.4341288564429773e-09,0.921
4200.703999999911,2.0520746378871485e-05,0.027419883296615218,0.46933653816308674,-0.43197989088817473,1.3624920208405236,-1.4008302511436265e-09,0.921
4200.2989999987185,2.061843816405812e-05,0.027558365192142484,0.5034906993882569,-0.4432909250085953,1.3624920208405236,-1.464242346373176e-09,0.921
4200.298000000417,2.0585193719704012e-05,0.027527461036410725,0.49855854250716636,-0.4482147327654115,1.3624920208405236,-1.469845217847754e-09,0.92
4200.2989999987185,2.059913479490059e-05,0.027539697177618346,0.49828694074625846,-0.4565591430236884,1.3893152742980255,-1.5140420965217956e-09,0.92
4200.298000000417,2.0551948086674564e-05,0.027504400802272774,0.5155546232229136,-0.4572073197614589,1.3624920208405236,-1.502836927718211e-09,0.92
4200.298000000417,2.054444160836836e-05,0.027455750835995215,0.4686680239703951,-0.4438059642696954,1.3624920208405236,-1.4878283280923613e-09,0.92
4200.2989999987185,2.0510123755705924e-05,0.02743076421459715,0.480462314256199,-0.44331965569232007,1.3624920208405236,-1.4620986224646057e-09,0.92
4200.299000002444,2.056910689439441e-05,0.027499206337753587,0.466488323653814,-0.4292346627450033,1.3624920208405236,-1.4119531900362241e-09,0.92
4200.2989999987185,2.0556238017199833e-05,0.027464551467329398,0.47822119574383537,-0.4367581433458175,1.3624920208405236,-1.4573262058382935e-09,0.92
4200.2989999987185,2.0604496662297096e-05,0.027510387648512453,0.4688684910238301,-0.44213685420211846,1.3624920208405236,-1.473441727401052e-09,0.92
4200.2989999987185,2.062272881242688e-05,0.02756216638570008,0.5069482541407986,-0.44665070175698834,1.3624920208405236,-1.4502709935388506e-09,0.92
4200.2989999987185,2.0609859981476448e-05,0.027547649915610137,0.5103339695020792,-0.4529449514618448,1.3624920208405236,-1.5038057340327468e-09,0.92
4200.299000002444,2.0514413457953184e-05,0.027437360116431178,0.48925602496006393,-0.43309274759630917,1.3624920208405236,-1.4067659279533314e-09,0.92
4200.299000002444,2.053264553792337e-05,0.02744703413011469,0.4900337136602335,-0.44198161206925396,1.3624920208405236,-1.4646573686358214e-09,0.92
4200.299000002444,2.0535861883893576e-05,0.027447771471107756,0.48368350199554255,-0.4324123513124928,1.3624920208405236,-1.406350795632947e-09,0.92
4200.2989999987185,2.057768769586655e-05,0.027512363743054803,0.4718245516010904,-0.4357130459959106,1.3624920208405236,-1.4390666309498231e-09,0.92
4200.2989999987185,2.0603425189658603e-05,0.027508209452844892,0.46110616448182196,-0.4303335126809595,1.3624920208405236,-1.4154118231816917e-09,0.919
4200.2989999987185,2.0607714252903365e-05,0.027528167392690667,0.4713897366872324,-0.4473286518163769,1.3624920208405236,-1.5130736891319992e-09,0.919
4200.2989999987185,2.0495110100061876e-05,0.027406449825971433,0.5056671997334639,-0.4426496188910236,1.3624920208405236,-1.4567035281339322e-09,0.919
4200.298000000417,2.0505834199836993e-05,0.027412704157130263,0.5022706922952245,-0.44218663447057205,1.3624920208405236,-1.4504784291258458e-09,0.919
4200.299000002444,2.061093160226867e-05,0.02756480099634774,0.5079275355773838,-0.4477640144090237,1.3893152742980255,-1.4637585259673694e-09,0.92
4200.2989999987185,2.0578759444001398e-05,0.027525961771181964,0.5034577913212668,-0.45461579344076164,1.3624920208405236,-1.5070564314655012e-09,0.92
4200.2989999987185,2.0561600558358396e-05,0.027510849230745767,0.514207909480465,-0.45980202086307137,1.3624920208405236,-1.5168779338942327e-09,0.92
4200.2989999987185,2.0525137727779814e-05,0.027448002789690448,0.49405715848072074,-0.4412260739069096,1.3624920208405236,-1.4555967168563767e-09,0.92
4200.2989999987185,2.050047222623154e-05,0.02740727513195589,0.49105446214032655,-0.4490736873740219,1.3624920208405236,-1.482225538690253e-09,0.919
4200.299000002444,2.0549802894953324e-05,0.027455418408758554,0.48952672302450306,-0.44782429752377667,1.3624920208405236,-1.5018687031716192e-09,0.919
4200.2989999987185,2.059055533567524e-05,0.02751876704510101,0.472362182120305,-0.44165828473918306,1.3624920208405236,-1.4775223630795724e-09,0.919
4200.298000000417,2.0581976980397456e-05,0.02751963224191334,0.4716936075798097,-0.43384136343846086,1.3624920208405236,-1.4307663513567134e-09,0.92
4200.299000002444,2.05433695982923e-05,0.02745952288051258,0.48991365286739397,-0.4434769622458645,1.3624920208405236,-1.4654880590543852e-09,0.92
4200.299000002444,2.0592699484372898e-05,0.02753283753733244,0.5059720838791621,-0.46370931926816794,1.3624920208405236,-1.5674375129451034e-09,0.92
4200.299000002444,2.0497254957322805e-05,0.027399151301883248,0.49497413426322767,-0.45684656381684197,1.3624920208405236,-1.5409473806700974e-09,0.92
4200.299000002444,2.0542296979291017e-05,0.02747898186695505,0.5189302529184108,-0.4763408878434211,1.3624920208405236,-1.6175833096732535e-09,0.92
4200.299000002444,2.0562673453498897e-05,0.027478303129144288,0.48330519214745404,-0.4430494441155897,1.3624920208405236,-1.478214938458091e-09,0.918
4200.298000000417,2.0592701309824103e-05,0.027488121532706147,0.4813826826179204,-0.4329899182722547,1.3624920208405236,-1.3986732068209043e-09,0.918
4200.2989999987185,2.056481717128731e-05,0.027470272532610068,0.48674817789767255,-0.4281921807831831,1.3624920208405236,-1.3730814609615076e-09,0.918
4200.299000002444,2.057339708000706e-05,0.027479804994571568,0.48589989372981,-0.43342203598479545,1.3624920208405236,-1.3986738500162567e-09,0.918
4200.2989999987185,2.0616294252662418e-05,0.02752759077667807,0.4780724303114625,-0.4233411620949605,1.3624920208405236,-1.3530236822989334e-09,0.918
4200.2989999987185,2.0634524955044664e-05,0.027537492479590253,0.4643205439794569,-0.4342361577606572,1.3624920208405236,-1.4218439482161525e-09,0.918
4200.299000002444,2.058197607431504e-05,0.0274837903164525,0.47982976842989267,-0.4268660689913232,1.3624920208405236,-1.3581420423736192e-09,0.918
4200.299000002444,2.0564817311328667e-05,0.027470272532610068,0.48674817789767255,-0.4281921807831831,1.3624920208405236,-1.3730823794316492e-09,0.918
4200.2989999987185,2.0564817051415828e-05,0.027470272532610068,0.48674817789767255,-0.4281921807831831,1.3624920208405236,-1.3730812477484865e-09,0.918
4200.2989999987185,2.057232314583991e-05,0.02747586242273414,0.4820254009055076,-0.42445315200640277,1.3624920208405236,-1.348666776373495e-09,0.918
4200.299000002444,2.0639887637567384e-05,0.027538832611192856,0.4577549207536067,-0.42472976387725253,1.3624920208405236,-1.3643671191821828e-09,0.917
4200.2989999987185,2.0607715136308093e-05,0.02750890187811357,0.47353076020639495,-0.4294710951502325,1.3624920208405236,-1.3754342478206977e-09,0.917
4200.299000002444,2.06752780027512e-05,0.027587134682674052,0.45727527394310696,-0.41630924298001454,1.3624920208405236,-1.33026852606694e-09,0.917
4200.299000002444,2.0712812521786155e-05,0.02763331322878234,0.45593617708525613,-0.41588900683573576,1.3624920208405236,-1.3420959752962948e-09,0.917
4200.2989999987185,2.0713884237995094e-05,0.027654486705065297,0.47368247673580033,-0.4038167714279221,1.3624920208405236,-1.2727229568000854e-09,0.917
4200.299000002444,2.0686001709611038e-05,0.027605885615841378,0.468314214112604,-0.4172962917743241,1.3624920208405236,-1.3320662886809186e-09,0.917
4200.2910000011325,2.0676381153944432e-05,0.02760124220807043,0.4689353184706051,-0.4143968314875167,1.3624920208405236,-1.3138715019987467e-09,0.917
4200.3689999990165,2.0713730344156947e-05,0.027654486705065297,0.47368247673580033,-0.4038167714279221,1.3624920208405236,-1.2727122220507547e-09,0.917
4200.794000003487,2.086471853689566e-05,0.0279765207680604,0.5762452482058813,-0.330449685457718,1.2907148496715317,-1.0036195347066991e-09,0.918
4200.801000002772,2.1338749591886837e-05,0.028336750494215638,0.3812746959293678,-0.3984109602470864,1.3624920208405236,-1.299796635513812e-09,0.917
4200.838999997824,2.0489239297083088e-05,0.027371518043396822,0.4761386145772386,-0.3935896108957052,1.3624920208405236,-1.2152093742277967e-09,0.917
4200.832000002265,2.0591147039014096e-05,0.02748937745777214,0.45678830796198255,-0.40579162267816654,1.3624920208405236,-1.2911928911049975e-09,0.917
4200.844999998808,2.0677952826922125e-05,0.027624810564602226,0.4558823909483771,-0.4228925510151596,1.3624920208405236,-1.3515657741671964e-09,0.917
4200.844999998808,2.0652217396277824e-05,0.027587206604764596,0.4748813403472343,-0.4160397037409741,1.3624920208405236,-1.3349716192255856e-09,0.917
4200.844000000507,2.072620471974513e-05,0.027703919268889425,0.4776225731386248,-0.4163661553795315,1.3624920208405236,-1.3232837980428497e-09,0.917
4200.844999998808,2.06779507101193e-05,0.027643133996398773,0.48907548270124623,-0.41990376491226555,1.3624920208405236,-1.3550231049276093e-09,0.917
4200.844999998808,2.068224125290521e-05,0.02763848248883637,0.4800675089112314,-0.4018913530722261,1.3624920208405236,-1.2546201569236057e-09,0.917
4200.840999998152,2.0641489200054114e-05,0.027572760885648424,0.47131404290795764,-0.3995554709860245,1.3624920208405236,-1.2463219554101718e-09,0.917
4200.826999999583,2.0718717794377624e-05,0.02769883385316783,0.49773996059854797,-0.42559572837507065,1.3624920208405236,-1.3584807733155545e-09,0.916
4200.832000002265,2.072197273968356e-05,0.02768099170165877,0.47314256607189975,-0.4111640733520847,1.3624920208405236,-1.3094444572403973e-09,0.916
4200.844000000507,2.077981972977959e-05,0.027714230485953808,0.45557833247714985,-0.41116008683737815,1.3624920208405236,-1.3054447500494886e-09,0.916
4200.844999998808,2.0814133287631818e-05,0.027758525074032914,0.4348745404690799,-0.40642782941450994,1.3624920208405236,-1.3224541471068452e-09,0.916
4200.844999998808,2.063398762254372e-05,0.027560193862059223,0.46898189727104267,-0.4077414634635171,1.3624920208405236,-1.2776463554608306e-09,0.916
4200.844000000507,2.0593241505175095e-05,0.02752400107035015,0.481120980953754,-0.40607152030898036,1.3624920208405236,-1.2719765507195259e-09,0.916
4200.844999998808,2.0680095979441986e-05,0.027665347071226653,0.4998914759983104,-0.42185153195579644,1.3624920208405236,-1.3438213118944997e-09,0.916
4200.844999998808,2.0651143407041887e-05,0.027627496655118274,0.502607963886402,-0.4291658970188523,1.3624920208405236,-1.3904957973246282e-09,0.916
4200.828999999911,2.064052828857584e-05,0.02761692315310387,0.5003220713373686,-0.41764637845570823,1.3624920208405236,-1.325202442018278e-09,0.916
4200.844999998808,2.0679024255528775e-05,0.027635768747869383,0.4867937303195653,-0.4100616894966232,1.3624920208405236,-1.2900927830605091e-09,0.915
4200.800999999046,2.0701875654797994e-05,0.02765082736498592,0.47748414756999935,-0.4071143887623631,1.3624920208405236,-1.2906747939021868e-09,0.916
4200.845000002533,2.071655363326971e-05,0.027657083825202648,0.47046695836899444,-0.4005404572064563,1.3624920208405236,-1.2513010923947844e-09,0.915
4200.844999998808,2.0695108569307666e-05,0.027643593362083992,0.47373713236802395,-0.39541644883969085,1.3624920208405236,-1.221982295777275e-09,0.915
4200.844999998808,2.0659722505883843e-05,0.02762347460415415,0.4893429086344856,-0.40483534094931894,1.3624920208405236,-1.2541366273890681e-09,0.915
4200.844000000507,2.07186987782134e-05,0.027654960231336907,0.46784193877983515,-0.3953958360899694,1.3624920208405236,-1.2402380866719466e-09,0.915
4200.844999998808,2.068760310498457e-05,0.027633471192717186,0.4731456501760287,-0.38756250840581385,1.3624920208405236,-1.1898287382477142e-09,0.915
4200.844999998808,2.073263734415489e-05,0.02765793034757142,0.4591739832672106,-0.3853195771777914,1.3624920208405236,-1.2235733074775832e-09,0.915
4200.845000002533,2.0702615659905234e-05,0.02764507189355819,0.4624259677491138,-0.3790333580522942,1.3624920208405236,-1.1618927347563172e-09,0.915
4200.845000002533,2.070475855137235e-05,0.027648172246487284,0.46091140385266804,-0.3791313056324513,1.3624920208405236,-1.1656269175328085e-09,0.915
4200.844000000507,2.074550598603135e-05,0.027676059793877574,0.4477458891682504,-0.3765414747363336,1.3624920208405236,-1.1577437978005993e-09,0.915
4200.844999998808,2.0729421243042727e-05,0.027670510346886338,0.44577992132263633,-0.3705920178129244,1.3624920208405236,-1.1372065982041257e-09,0.915
4200.844999998808,2.0759444955100223e-05,0.027716936544801847,0.4464815506847355,-0.3754246635227219,1.3624920208405236,-1.1492390735019442e-09,0.915
4200.845000002533,2.0766951303620375e-05,0.027695438281191767,0.43253583206227386,-0.3649542474960489,1.3624920208405236,-1.1045004911428217e-09,0.915
4200.844999998808,2.0745505145678578e-05,0.027676862722475087,0.4406129215353545,-0.3639729612620664,1.3624920208405236,-1.077532466132709e-09,0.915
4200.844999998808,2.075193919803426e-05,0.02771228310552264,0.4406189712795423,-0.3633948347212131,1.3624920208405236,-1.0968944846870295e-09,0.914
4200.848000001162,2.075941617109665e-05,0.027749331466278584,0.4653736362971137,-0.3777013181289442,1.3624920208405236,-1.147850567740722e-09,0.914
4200.845000002533,2.0765879537760225e-05,0.027725697208804075,0.4334235568777718,-0.3584494918905423,1.3624920208405236,-1.0658456773179146e-09,0.914
4200.845000002533,2.0713336719316217e-05,0.027676174499389087,0.455745528545521,-0.36236618454534547,1.3624920208405236,-1.0782243530713402e-09,0.914
4200.845000002533,2.0746577304004596e-05,0.027726498699957247,0.45547167610344585,-0.3768707075981247,1.3624920208405236,-1.170259602646447e-09,0.914
4200.844999998808,2.071012081265972e-05,0.02765553419170514,0.4436945437977875,-0.35301507477265626,1.3624920208405236,-1.0388789406908148e-09,0.914
4200.844999998808,2.068759915993491e-05,0.027645071893558193,0.46749939719128397,-0.36891961140369234,1.3624920208405236,-1.105467664428188e-09,0.914
4200.844999998808,2.0714409320649666e-05,0.027668731994052956,0.44181608181089427,-0.3648932333289287,1.3624920208405236,-1.1142498594300735e-09,0.914
4200.844000000507,2.0849517919879398e-05,0.027804418970475073,0.4036034812515532,-0.35054018608307985,1.3624920208405236,-1.0716543428733845e-09,0.914
4200.844999998808,2.0788397434519432e-05,0.027745141144763664,0.4246434163771764,-0.35463698320623577,1.3624920208405236,-1.0710329972231008e-09,0.914
4200.844999998808,2.0740143873232353e-05,0.027666838783170895,0.4345505404502532,-0.34646623230816437,1.3624920208405236,-1.0145376415463798e-09,0.914
4200.844000000507,2.0836651501873377e-05,0.027803848083565126,0.41136040618821745,-0.36053188317354945,1.3624920208405236,-1.1107924225050363e-09,0.914
4200.844999998808,2.08334338825977e-05,0.027791214210638356,0.41146685664573157,-0.3533661019775528,1.3624920208405236,-1.0786386696573228e-09,0.914
4200.844999998808,2.086881775021e-05,0.027850621947402614,0.42217079949543335,-0.36200702024707876,1.3624920208405236,-1.1127282906353715e-09,0.913
4200.6189999990165,2.081514600448514e-05,0.027761384051312083,0.41924475216081225,-0.3499891078204467,1.3624920208405236,-1.0448627232878655e-09,0.913
4200.383000001311,2.079927648705233e-05,0.02776104098958464,0.4430891134761694,-0.35473473337300104,1.3624920208405236,-1.0636318571309307e-09,0.913
4200.430000003427,2.0815227067663662e-05,0.02778385965165493,0.4398156337053116,-0.3605888400902819,1.3624920208405236,-1.096780254319435e-09,0.913
4200.405999999493,2.0804676641225024e-05,0.027750189474542622,0.42039463743087646,-0.3513668599811469,1.3624920208405236,-1.0576207008175646e-09,0.913
4200.426000002772,2.0786304491699714e-05,0.027750060774994256,0.451460044186895,-0.3605088877687075,1.3624920208405236,-1.0814365867092251e-09,0.913
4200.369999997318,2.084221157683143e-05,0.02782375084547575,0.4312224251874861,-0.36251806837976497,1.3624920208405236,-1.113423212855205e-09,0.913
4200.395000003278,2.0845452034746404e-05,0.027795169158892137,0.4078059090665933,-0.3501041587629323,1.3624920208405236,-1.0606585435505514e-09,0.913
4200.324000000954,2.0856397505458235e-05,0.027828670838452238,0.427011890308453,-0.35925276503440834,1.3624920208405236,-1.0998732681251082e-09,0.913
4200.39999999851,2.0883857754702383e-05,0.027895325887130396,0.46464193089463013,-0.37640180774385507,1.3624920208405236,-1.159210489146779e-09,0.913
4200.405999999493,2.0903047886492412e-05,0.027875232221966736,0.4109871778301897,-0.35940654087096213,1.3624920208405236,-1.0943565354330196e-09,0.913
4200.400000002235,2.083340315287719e-05,0.02778058874666106,0.41106203503086425,-0.3510301262647078,1.3624920208405236,-1.084359807862409e-09,0.913
4200.393999997526,2.0771275606829962e-05,0.0277054089040332,0.42108395258843156,-0.35158838570467693,1.3624920208405236,-1.0486565092789485e-09,0.913
4200.385000001639,2.092574868337297e-05,0.027890417652401654,0.40209809854719447,-0.35657693714479016,1.3624920208405236,-1.0948127011532719e-09,0.913
4200.401999998838,2.0871977618518962e-05,0.02782888473145891,0.41859764415781786,-0.3539924803226047,1.3624920208405236,-1.0739938810805018e-09,0.912
4200.40700000152,2.0873379719779252e-05,0.0278132662191584,0.3958648728435339,-0.3440390330767123,1.3624920208405236,-1.040116246552651e-09,0.912
4200.41099999845,2.0775421912915358e-05,0.02771606318960468,0.42888881662614864,-0.34500882952599854,1.3624920208405236,-1.0058256984748596e-09,0.912
4200.342000000179,2.0842426703560077e-05,0.027772359789077498,0.40471346657903684,-0.3420344605121525,1.3624920208405236,-1.0188582275433996e-09,0.912
4200.39999999851,2.081949690672614e-05,0.02775710977132063,0.4136056608112928,-0.3448467462604158,1.3624920208405236,-1.0184161838744218e-09,0.912
4200.351999998093,2.0845586163810342e-05,0.027795169158892137,0.4078059090665933,-0.3501041587629323,1.3624920208405236,-1.0606625350260547e-09,0.912
4200.342000000179,2.0819888605463285e-05,0.02775710977132063,0.4136056608112928,-0.3448467462604158,1.3624920208405236,-1.0183197293652105e-09,0.912
4200.359000001103,2.0857085144090123e-05,0.027845306805835565,0.4233517934992843,-0.35908249062724673,1.3624920208405236,-1.0902586479368195e-09,0.912
4200.333000000566,2.0871276839940024e-05,0.027850222990757578,0.41916739374256196,-0.3558215309593769,1.3624920208405236,-1.0766180702611192e-09,0.912
4200.3810000009835,2.090212853525165e-05,0.027870491307371795,0.40759198634534854,-0.3527235521266585,1.3624920208405236,-1.0728897208849058e-09,0.912
4200.390999998897,2.0779823980365894e-05,0.027723965336298027,0.42603373980445314,-0.34564000747864154,1.3624920208405236,-1.0262558811803303e-09,0.912
4200.335000000894,2.0856354402658155e-05,0.02782290936825779,0.42331990093512584,-0.35724954958198774,1.3624920208405236,-1.0848307327801309e-09,0.912
4200.423000000417,2.0836730505283673e-05,0.02782045610297896,0.43135706230818105,-0.35958608224082106,1.3624920208405236,-1.0998291074402113e-09,0.912
4200.386999998242,2.0871149052467682e-05,0.027850222990757578,0.41916739374256196,-0.3558215309593769,1.3624920208405236,-1.0766691914238753e-09,0.912
4200.429000001401,2.085590801334047e-05,0.027828670838452238,0.427011890308453,-0.35925276503440834,1.3624920208405236,-1.0998327254912774e-09,0.912
4200.396999999881,2.08161272297464e-05,0.027761384051312083,0.41924475216081225,-0.3499891078204467,1.3624920208405236,-1.0452883801123748e-09,0.911
4200.353000000119,2.080480207919948e-05,0.027749903474735608,0.4174169504949088,-0.34515511254891823,1.3624920208405236,-1.021256890223152e-09,0.911
4200.348999999464,2.0899084356866945e-05,0.027868170385493943,0.40723567009689576,-0.34975096061494265,1.3624920208405236,-1.055933436831973e-09,0.911
4200.319000001997,2.0863958464265966e-05,0.027808914295342678,0.39661102817566274,-0.3411032476309426,1.3624920208405236,-1.0219445932306886e-09,0.911
4200.353000000119,2.0810081125638023e-05,0.027752806235915216,0.4143356849678068,-0.34190192906872163,1.3624920208405236,-1.0000512156516725e-09,0.911
4200.348999999464,2.089379672989413e-05,0.027865365086942113,0.4102852339792622,-0.35299165726310433,1.3624920208405236,-1.0770600766524122e-09,0.911
4200.34299999848,2.0904718721234076e-05,0.027865365086942116,0.40968979919083237,-0.35228697739665565,1.3624920208405236,-1.0663454511165856e-09,0.911
4200.276999998838,2.089961697766341e-05,0.027868170385493943,0.40723567009689576,-0.34975096061494265,1.3624920208405236,-1.0560642624870216e-09,0.911
4200.327999997884,2.0833928871828756e-05,0.027796354106020868,0.43216101219906955,-0.3544615770806265,1.3624920208405236,-1.0394698981396531e-09,0.911
4200.409000001848,2.0836453489972836e-05,0.02776945907184469,0.40778805470926516,-0.3452853666059241,1.3624920208405236,-1.0400351714140318e-09,0.911
4200.344999998808,2.0810087389193703e-05,0.027752806235915216,0.4143356849678068,-0.34190192906872163,1.3624920208405236,-1.0000967160896963e-09,0.911
4200.300999999046,2.0850123292387996e-05,0.027814692931203516,0.4235083174228169,-0.33300639100850576,1.3297455265134746,-9.648643348778658e-10,0.911
4200.405999999493,2.090979013644466e-05,0.027883430819856357,0.4250912087580021,-0.3432371958091812,1.3297455265134746,-1.0328934812772117e-09,0.911
4200.37100000307,2.0925869945996612e-05,0.027873338800240913,0.4032307911721835,-0.3203528907749285,1.3297455265134746,-9.509353679217665e-10,0.911
4200.377999998629,2.08540420424423e-05,0.027823194617623594,0.4328407139382824,-0.32258164047289245,1.3297455265134746,-9.094986343385063e-10,0.91
4200.405999999493,2.0936599679889944e-05,0.027897929035045663,0.40237562394627036,-0.32052362296759945,1.3297455265134746,-9.207627473677374e-10,0.91
4200.355999998748,2.0785429072792736e-05,0.027724437675892454,0.43516047833175664,-0.32613198343450905,1.3297455265134746,-9.161590732068064e-10,0.91
4200.361999999732,2.0864671409751268e-05,0.027819828488739054,0.4152134066851323,-0.3315715097972178,1.3297455265134746,-9.80617927596511e-10,0.91
4200.419999998063,2.092447367699745e-05,0.027897203592008427,0.4134819300280541,-0.3188217311065379,1.3297455265134746,-9.093930658914187e-10,0.91
4200.304000001401,2.092835924260004e-05,0.027892807857200923,0.4050610422930516,-0.3207687426739113,1.3297455265134746,-9.248373540947388e-10,0.91
4200.346999999136,2.0932335045185144e-05,0.027894059787499037,0.4073031803419438,-0.32694546142365327,1.3297455265134746,-9.641578735531665e-10,0.91
4200.390000000596,2.0918166347654556e-05,0.027882690767650885,0.4112108728035011,-0.323582016506464,1.3297455265134746,-9.380932076823061e-10,0.91
4200.309999998659,2.0914277928289093e-05,0.027882690767650885,0.4111218317494165,-0.32328894689578247,1.3297455265134746,-9.20422262886422e-10,0.91
4200.332000002265,2.0905610828466127e-05,0.027877566790498944,0.41381690617495925,-0.32353473371508573,1.3297455265134746,-9.243623174320247e-10,0.91
4200.351999998093,2.091431712173181e-05,0.027898057052446978,0.4156240807827789,-0.3177880481975827,1.3297455265134746,-9.037299973390922e-10,0.91
4200.39300000295,2.0884030711314716e-05,0.02783979109573145,0.4182574115310884,-0.32361728512079574,1.3297455265134746,-9.209528572084138e-10,0.91
4200.377000000328,2.0905476622679347e-05,0.027877566790498944,0.41381690617495925,-0.32353473371508573,1.3297455265134746,-9.243832272141745e-10,0.91
4200.390000000596,2.1092025846463164e-05,0.02811145617455575,0.38763555567220864,-0.3125297600637212,1.3297455265134746,-8.80694606865048e-10,0.91
4200.427999999374,2.0974921839696912e-05,0.027956584822195898,0.42278908116460645,-0.3057181859355781,1.3297455265134746,-8.511716683212116e-10,0.909
4200.372000001371,2.085399125454635e-05,0.027823194617623594,0.4328407139382824,-0.32258164047289245,1.3297455265134746,-9.095880815892986e-10,0.909
4200.342000000179,2.0938763272346574e-05,0.02792181544559338,0.4098400986715016,-0.3092209532435173,1.3297455265134746,-8.540975582476966e-10,0.909
4200.405000001192,2.0907361782030374e-05,0.02788086901699545,0.418559306824569,-0.30705897292625295,1.3297455265134746,-8.327513961066917e-10,0.909
4200.350999999791,2.0977420972176276e-05,0.02799641416948262,0.4140475686996612,-0.32761279222701756,1.3297455265134746,-9.466420963757077e-10,0.909
4200.341000001878,2.100854994120638e-05,0.02800459146027918,0.396347455229102,-0.31160648845188293,1.3297455265134746,-8.784943778207428e-10,0.909
4200.436000000685,2.108224078556626e-05,0.02810336645936222,0.39063398067994815,-0.2917611893893005,1.3297455265134746,-7.852128592253113e-10,0.909
4200.437000002712,2.0959779754816163e-05,0.027946363025431527,0.3973219511774717,-0.30228047487120097,1.3297455265134746,-8.163360160493916e-10,0.909
4200.381999999285,2.099770407378689e-05,0.02800663186767427,0.4121496722946332,-0.30751443278782015,1.3297455265134746,-8.669583125417253e-10,0.909
4200.296999998391,2.104631040005804e-05,0.028061652645671967,0.40482431379110606,-0.3043517324807561,1.3297455265134746,-8.485210498419761e-10,0.909
4200.35000000149,2.1036471163583853e-05,0.028055557127141216,0.40421174203286503,-0.29799297648797723,1.3297455265134746,-8.192328503520719e-10,0.909
4200.370000001043,2.0976277878208084e-05,0.027968633224461366,0.41918718206698724,-0.3006088876399669,1.3297455265134746,-8.210328476387086e-10,0.909
4200.365000002086,2.103504654774289e-05,0.028036186933635916,0.38773694583672746,-0.3097433240547067,1.3297455265134746,-8.683658289088746e-10,0.909
4200.337000001222,2.1005209034814617e-05,0.02800525744292389,0.4114116825707619,-0.29725934036779683,1.3297455265134746,-8.055873470394914e-10,0.909
4200.413999997079,2.1059628693389533e-05,0.028091121570900476,0.40085875623592315,-0.3012647600489325,1.3297455265134746,-8.360134000317956e-10,0.908
4200.31799999997,2.101081088659925e-05,0.02800844543834976,0.4084254806681096,-0.29404857716941313,1.3297455265134746,-7.844710609337143e-10,0.908
4200.414999999106,2.10296092926234e-05,0.028038182582679677,0.39816278946691197,-0.29139711651422256,1.3297455265134746,-7.817123889595172e-10,0.908
4200.39999999851,2.1034201698884725e-05,0.028053463696963064,0.4065640799884722,-0.2959225609942945,1.3297455265134746,-7.937423294011006e-10,0.908
4200.372999999672,2.100524282453137e-05,0.02800525744292389,0.4114116825707619,-0.29725934036779683,1.3297455265134746,-8.055601350136061e-10,0.908
4200.357999999076,2.1043806330020004e-05,0.02805746653872063,0.4057970910439854,-0.29887646000441476,1.3297455265134746,-8.11954523584739e-10,0.908
4200.359000001103,2.099560149484712e-05,0.028001303824518875,0.41216508442825717,-0.29429612794492155,1.3297455265134746,-7.873847130615683e-10,0.908
4200.368000000715,2.1000922816928188e-05,0.028004463929880884,0.40920579968950044,-0.2910860934678046,1.3297455265134746,-7.661526220933068e-10,0.908
4200.349000003189,2.099680965121924e-05,0.02800344366578612,0.40973827442662936,-0.2910965577964894,1.3297455265134746,-7.650588026886502e-10,0.908
4200.33900000155,2.100523280681508e-05,0.02800525744292389,0.4114116825707619,-0.29725934036779683,1.3297455265134746,-8.055588516150916e-10,0.908
4200.346999999136,2.1049207700910142e-05,0.028061440526894615,0.39239909927876937,-0.2941582452454206,1.3297455265134746,-7.977333766669496e-10,0.908
4200.385000001639,2.1000881568461387e-05,0.028004463929880884,0.40920579968950044,-0.2910860934678046,1.3297455265134746,-7.662748975259253e-10,0.908
4200.357999999076,2.1056695338619938e-05,0.028062557667774015,0.40323584506737076,-0.29894311421721803,1.3297455265134746,-8.256199129633129e-10,0.908
4200.390999998897,2.1208779274415953e-05,0.02824028137366004,0.3606121487946852,-0.28545907698597045,1.3297455265134746,-7.792867255287294e-10,0.907
4200.33199999854,2.1086938512442994e-05,0.02811522493269213,0.41536147639806,-0.27207607788218147,1.3297455265134746,-7.047369302017921e-10,0.907
4200.366000000387,2.100515792398839e-05,0.02800525744292389,0.4114116825707619,-0.29725934036779683,1.3297455265134746,-8.054580827674881e-10,0.907
4200.441999997944,2.1064998180256082e-05,0.028081330294541074,0.40338588749702087,-0.2886078051299114,1.3297455265134746,-7.664731800435991e-10,0.907
4200.365000002086,2.1035312152350363e-05,0.02803482811257431,0.3996883663989763,-0.29360556173054103,1.3297455265134746,-7.793668800978383e-10,0.907
4200.39999999851,2.1010389692281218e-05,0.02800844543834976,0.4084254806681096,-0.29404857716941313,1.3297455265134746,-7.845377107591864e-10,0.907
4200.350999999791,2.105567513043534e-05,0.028050974009063253,0.39341363546920416,-0.29520962776987386,1.3297455265134746,-7.830724195356585e-10,0.907
4200.320000000298,2.1124438256014693e-05,0.02814616047005964,0.39115363198152986,-0.2806062469884973,1.3297455265134746,-7.215327199184337e-10,0.907
4200.375,2.1035019232332833e-05,0.02803482811257431,0.3996883663989763,-0.29360556173054103,1.3297455265134746,-7.794040395358389e-10,0.907
4200.379999998957,2.1058789317395516e-05,0.02806538567374181,0.3916621657476038,-0.2971157020748324,1.3297455265134746,-8.159666463205358e-10,0.907
4200.46799999848,2.1004752751451996e-05,0.028011038073735388,0.413012286463474,-0.298938165876275,1.3297455265134746,-7.953595501992592e-10,0.907
4200.31799999997,2.103014503870702e-05,0.028031614804920318,0.40267892682740714,-0.2968133107188671,1.3297455265134746,-8.005660604605838e-10,0.907
4200.367000002414,2.1118892243896754e-05,0.028146371950364273,0.394555711105387,-0.2950486003784493,1.3297455265134746,-7.975414935250472e-10,0.907
4200.372000001371,2.1106955662993853e-05,0.028110609193084883,0.39043044777862246,-0.28947364489238936,1.3297455265134746,-7.596855906003001e-10,0.907
4200.4589999988675,2.1088412099404198e-05,0.028128658492210905,0.4158666218350495,-0.2785554335054452,1.3297455265134746,-7.056297028377843e-10,0.906
4200.3810000009835,2.108563503580292e-05,0.028097392976279684,0.3971210402035754,-0.29023100127965923,1.3297455265134746,-7.700252490910737e-10,0.906
4200.337000001222,2.1104023488281612e-05,0.028135767780023857,0.4121564563504654,-0.27833007080750805,1.3297455265134746,-7.028314264023844e-10,0.906
4200.394000001252,2.1114589342958358e-05,0.028159114231198993,0.4163270195883211,-0.26937295984577464,1.3297455265134746,-6.667066571071844e-10,0.906
4200.427000001073,2.1107829071554413e-05,0.028150432064123362,0.4175942180042118,-0.2746043316747615,1.3297455265134746,-6.714123955160999e-10,0.906
4200.394999999553,2.1078257735707607e-05,0.028116466959518836,0.42143563404524276,-0.2798733978459938,1.3297455265134746,-7.201634325356772e-10,0.906
4200.37899999693,2.109957742270827e-05,0.028154040562590653,0.4163433876449263,-0.2720583450547037,1.3297455265134746,-6.80745472729847e-10,0.906
4200.370999999344,2.1102777695275276e-05,0.028137023003368063,0.4112059628953899,-0.27779554598015943,1.3297455265134746,-7.252538198944815e-10,0.906
4200.440000001341,2.1127165118273715e-05,0.0281773718737977,0.40970438076621285,-0.2690322276753844,1.3297455265134746,-6.57140932903104e-10,0.906
4200.633999999613,2.106069399079164e-05,0.028101968523942138,0.4272062346931387,-0.2796714542208275,1.3297455265134746,-6.958164358740333e-10,0.906
4200.793999999762,2.1064045492741336e-05,0.02810654332673759,0.4232901989629627,-0.2759480495758944,1.3297455265134746,-6.968652951337456e-10,0.906
4200.844000000507,2.1162626497721853e-05,0.02822944539486361,0.4095360632036993,-0.26814578005210415,1.3297455265134746,-6.495757777202241e-10,0.906
4200.844999998808,2.1194792844536752e-05,0.028264847201100982,0.397834118739127,-0.2631694299979031,1.3297455265134746,-6.184594398462648e-10,0.906
4200.844999998808,2.1210875961057404e-05,0.028274546857553685,0.3941488248331475,-0.26564812504990104,1.3297455265134746,-6.291771902057647e-10,0.905
4200.844000000507,2.1189430810226448e-05,0.028261407304965222,0.40078154673688626,-0.26634114152290284,1.3297455265134746,-6.395485166177469e-10,0.905
4200.38599999994,2.115847640016983e-05,0.02821729740807706,0.4280453774053288,-0.26770319766476997,1.3297455265134746,-6.560295140032892e-10,0.905
4200.414000000805,2.1139009298379092e-05,0.028191690771775777,0.412524098985497,-0.2696924643852536,1.3297455265134746,-6.498863704888298e-10,0.905
4200.302000001073,2.125096363848736e-05,0.028319380317854765,0.38866612166916914,-0.25713656100016213,1.3297455265134746,-6.044640514325942e-10,0.905
4200.437000002712,2.122993593774519e-05,0.028291832351012132,0.3893755858401158,-0.26965362830682044,1.3297455265134746,-6.498248146698397e-10,0.905
4200.335999999195,2.1252166829720312e-05,0.028338248873322206,0.4012640148378024,-0.25639637978879704,1.3297455265134746,-5.980871876781083e-10,0.905
4200.844000000507,2.1322395413885012e-05,0.02838861553622314,0.37998612350904537,-0.26170478554104426,1.3297455265134746,-6.34708433287289e-10,0.905
4200.824000000954,2.1301079147924737e-05,0.028397672048563697,0.3982906318755357,-0.25092269702817127,1.3297455265134746,-5.745699125635983e-10,0.905
4200.796000000089,2.121229498518301e-05,0.028282194746563398,0.39300580978160227,-0.26717408782141194,1.3297455265134746,-6.390824717416028e-10,0.905
4200.845000002533,2.2235982654872697e-05,0.02951818110712473,0.3174036943114138,-0.33818965517221916,1.3297455265134746,-1.2335296391827247e-09,0.905
4200.833000000566,2.1250587747568627e-05,0.028337366659701275,0.37525841776338753,-0.25784157723707546,1.3297455265134746,-6.261966227902814e-10,0.905
4200.844999998808,2.1233395580662124e-05,0.02830749522148304,0.3862425310678437,-0.27507122945670437,1.3297455265134746,-6.95352176059927e-10,0.905
4200.844000000507,2.115940751399261e-05,0.028229487566266007,0.40108356986342875,-0.26855049205026116,1.3297455265134746,-6.72601807790683e-10,0.905
4200.845000002533,2.1243045631391403e-05,0.028301817205664655,0.3775353409110753,-0.2646316396151517,1.3297455265134746,-6.648572994803101e-10,0.905
4200.844999998808,2.123768505878752e-05,0.02826349937331533,0.366426021042884,-0.25864633679784366,1.3297455265134746,-6.598093400769085e-10,0.905
4080.8209999985993,2.0782467572201123e-05,0.027053262124864683,0.49614687954417613,-0.3906239760278236,1.347064977922921,-1.3307712373447313e-09,0.905
4080.820000000298,2.0866485732909975e-05,0.027166093547940653,0.517546759776391,-0.40284570147370197,1.347064977922921,-1.3537026712788199e-09,0.904
4080.779000002891,2.0791865357384374e-05,0.027056802993615,0.4904973958335712,-0.3837987529526009,1.347064977922921,-1.2858670986019826e-09,0.905
4200.843999996781,2.118085461858404e-05,0.028239157211220008,0.39377099285938977,-0.2622305092282928,1.3297455265134746,-6.40793096187823e-10,0.905
4080.5590000003576,2.0907502232073233e-05,0.027196978329441308,0.4932769745852692,-0.40221735283487814,1.347064977922921,-1.4045630796197281e-09,0.905
4080.800000000745,2.0882991811541645e-05,0.02715981336800519,0.4833739162660642,-0.39325122178654764,1.347064977922921,-1.3448655480239379e-09,0.905
4080.8209999985993,2.0871150468139597e-05,0.027146753369185685,0.48385651917163575,-0.3857015034009678,1.347064977922921,-1.318827263900484e-09,0.905
4080.474999997765,2.0896522185432357e-05,0.02719330120180522,0.5045388079304871,-0.40124037849222993,1.347064977922921,-1.364040583123076e-09,0.904
4080.3869999982417,2.087819215017151e-05,0.02716646474465697,0.5101454744489109,-0.39941026069762775,1.347064977922921,-1.3536119406914355e-09,0.904
4080.3330000005662,2.078490609953722e-05,0.02705341743584316,0.4942116569816699,-0.3872574025983088,1.347064977922921,-1.3067347886840536e-09,0.904
4080.349000003189,2.079190746826699e-05,0.02708514430489169,0.537377818139344,-0.40716461563573086,1.347064977922921,-1.3738019565102313e-09,0.904
4080.4059999994934,2.0861529550496866e-05,0.02715678103720177,0.5134891258810996,-0.3968630069183418,1.347064977922921,-1.340941832292552e-09,0.904
4080.392000000924,2.0859326827368305e-05,0.027144710241917253,0.5102635714612966,-0.3819876660343628,1.347064977922921,-1.2674923888740434e-09,0.904
4080.702999997884,2.0897178605977532e-05,0.02718897453260152,0.49283354820567915,-0.3807153129255923,1.347064977922921,-1.2699236000691688e-09,0.904
4080.8160000033677,2.089215673566584e-05,0.027174908100159267,0.494055497410983,-0.3782306522609045,1.347064977922921,-1.2583910659281977e-09,0.904
4080.8209999985993,2.081047231715113e-05,0.027083686056742114,0.48482264197740754,-0.38565742362506056,1.347064977922921,-1.2963735821741164e-09,0.904
4080.8210000023246,2.079413606869073e-05,0.027057983180228198,0.4880238107047741,-0.3803948550415514,1.347064977922921,-1.2617363959818342e-09,0.904
4080.8209999985993,2.0859482992151724e-05,0.027153562683127887,0.511489012897623,-0.3906116267878794,1.347064977922921,-1.3090342838184934e-09,0.904
4080.8209999985993,2.089215602039589e-05,0.027167609235938285,0.5019300003991223,-0.3865511448320906,1.347064977922921,-1.2880121952916332e-09,0.904
4080.8209999985993,2.088048724343095e-05,0.027161050956758484,0.5036748406924247,-0.3837298431096265,1.347064977922921,-1.2729634831815524e-09,0.904
4080.8210000023246,2.0864151037911567e-05,0.02715678103720177,0.5079068171985881,-0.3870177219018781,1.347064977922921,-1.282279513681843e-09,0.903
4080.8210000023246,2.0861815676287258e-05,0.027146753369185702,0.507322409880739,-0.3785698985604279,1.347064977922921,-1.2438213117294595e-09,0.903
4080.820000000298,2.0861816459608705e-05,0.027146753369185702,0.507322409880739,-0.3785698985604279,1.347064977922921,-1.243820448834557e-09,0.903
4080.8210000023246,2.0868819333319412e-05,0.027148579670974702,0.5027948840510037,-0.37214095806836744,1.347064977922921,-1.2163501346297992e-09,0.903
4080.8209999985993,2.087581807514296e-05,0.027175990391916035,0.4993369157116563,-0.3819750654144681,1.347064977922921,-1.272486277593046e-09,0.903
4080.7939999997616,2.0894688747317727e-05,0.027171506331127863,0.4931270038740707,-0.37427997032257804,1.347064977922921,-1.2300452956634497e-09,0.903
4080.820000000298,2.088748881143513e-05,0.02719221959904504,0.5088723892666258,-0.36645868224841877,1.347064977922921,-1.188640215520444e-09,0.903
4080.8210000023246,2.082681044933268e-05,0.027127771128247064,0.512219178742332,-0.3700226600381338,1.347064977922921,-1.1929399457838364e-09,0.903
4080.8199999965727,2.0952835050304134e-05,0.027247018185482263,0.4762550068800091,-0.3704885938850604,1.347064977922921,-1.237849785063493e-09,0.903
4080.824999999255,2.089912698581566e-05,0.02718300878097483,0.4901588155888277,-0.37210049771232395,1.347064977922921,-1.2323563937164341e-09,0.903
4080.8209999985993,2.091549406868631e-05,0.027226254012680962,0.4923213742588546,-0.38026654771553786,1.347064977922921,-1.2708136589178898e-09,0.903
4080.8209999985993,2.0964503305145104e-05,0.02724809761303371,0.46549943209783207,-0.36805949700785656,1.347064977922921,-1.2371317335819358e-09,0.903
4080.8209999985993,2.0983174927691302e-05,0.02726859861797516,0.46602737476357126,-0.3712158273865913,1.347064977922921,-1.2657972925841772e-09,0.903
4080.414999999106,2.0945749391336786e-05,0.02723588216509473,0.4694807796792482,-0.364465665441061,1.347064977922921,-1.2088750698045534e-09,0.902
4080.4539999999106,2.0910496990810527e-05,0.027193363006377848,0.4771166726030205,-0.3572355378179655,1.347064977922921,-1.1580439527573734e-09,0.902
4080.369000002742,2.095289633161932e-05,0.027243748801137797,0.46300951370539734,-0.35968441937470447,1.347064977922921,-1.204508828531029e-09,0.902
4080.3559999987483,2.0854809026969844e-05,0.027138858617466285,0.5009215731466568,-0.35977594453245765,1.347064977922921,-1.1376030332420948e-09,0.902
4080.412000000477,2.0931604418942322e-05,0.027226871304070262,0.4829151982336688,-0.3644535925999698,1.347064977922921,-1.1888863517953756e-09,0.902
4080.4069999977946,2.099249622078299e-05,0.027260276760804013,0.45883562319097226,-0.36345548740992045,1.347064977922921,-1.2146049158299523e-09,0.902
4080.367000002414,2.0985472132686323e-05,0.027275808840420492,0.46402139302127354,-0.36191140201342564,1.347064977922921,-1.1781987620262686e-09,0.902
4080.4180000014603,2.0978157021025524e-05,0.027261201537050764,0.4611686955561298,-0.35554109210882984,1.347064977922921,-1.16881530298901e-09,0.902
4080.404000002891,2.102736208714998e-05,0.027311369873548087,0.44338137956038404,-0.35087748646880795,1.347064977922921,-1.1638322548547962e-09,0.902
4080.3660000003874,2.1008694810284627e-05,0.027272573719964995,0.4428122174477753,-0.3484670786975234,1.347064977922921,-1.1437366454523705e-09,0.902
4080.4210000000894,2.0880191936132898e-05,0.027158359129156463,0.491750665158075,-0.3606329099377071,1.347064977922921,-1.1664440156653625e-09,0.902
4080.364999998361,2.0945771448165613e-05,0.027230482178321164,0.4720962833043245,-0.36527711425523485,1.347064977922921,-1.2232523835662839e-09,0.902
4080.327999997884,2.1001995627542444e-05,0.02729939821419412,0.45643703198392505,-0.3641596557907338,1.347064977922921,-1.233876108930013e-09,0.902
4080.4160000011325,2.1036681002385102e-05,0.027324289683772048,0.43709974030406507,-0.3493676685492147,1.347064977922921,-1.1389159224497988e-09,0.901
4080.367000002414,2.0971532544514027e-05,0.02729699709528816,0.4794080588017464,-0.35513038357129567,1.347064977922921,-1.1570032007803595e-09,0.901
4080.342000000179,2.1006533217451663e-05,0.027300598694454163,0.45238831957405656,-0.35753845533969747,1.347064977922921,-1.1932757755146727e-09,0.901
4080.3740000016987,2.0957228918181224e-05,0.027219154155505586,0.4555219589125823,-0.3409065254071908,1.347064977922921,-1.0879389750190152e-09,0.901
4080.3760000020266,2.0990268030258562e-05,0.027260184281453874,0.4475669410919507,-0.34621585220719414,1.347064977922921,-1.1347264090162926e-09,0.901
4080.324999999255,2.08759776020388e-05,0.027163061918221036,0.4863320076372082,-0.35444472781133207,1.347064977922921,-1.1286043185111289e-09,0.901
4080.357000000775,2.1044099809225738e-05,0.027325243046732953,0.44328294363155996,-0.3625958035819494,1.347064977922921,-1.2337402996033785e-09,0.901
4080.34299999848,2.0943401000001595e-05,0.027226037957388205,0.47559500222102,-0.3351820330785016,1.347064977922921,-1.0400124971877435e-09,0.901
4080.400000002235,2.0954890684803743e-05,0.027241836337861383,0.4572544182332785,-0.3468325521918129,1.347064977922921,-1.1266956803139782e-09,0.901
4080.4090000018477,2.100608752026202e-05,0.027300598694454163,0.45238831957405656,-0.35753845533969747,1.347064977922921,-1.1931496454667364e-09,0.901
4080.3660000003874,2.1090471084989376e-05,0.027392018711216447,0.4354056036833116,-0.3404330180879148,1.347064977922921,-1.1171607842082506e-09,0.901
4080.3289999999106,2.0969485288866565e-05,0.027244519917704914,0.45699577334468877,-0.3490009609324991,1.347064977922921,-1.1253905913206463e-09,0.901
4080.40700000152,2.096194219775801e-05,0.027270971422979108,0.4652042378305863,-0.3541199274968576,1.347064977922921,-1.1518297346917508e-09,0.901
4080.8210000023246,2.1034518314275938e-05,0.027314477338380622,0.4498033333854652,-0.34374810355580904,1.347064977922921,-1.143971016217099e-09,0.901
4080.8139999993145,2.1095240703535222e-05,0.02739941114499429,0.4453007042186483,-0.32441726610662003,1.347064977922921,-1.0426801096834155e-09,0.9
4080.480000000447,2.0959475310457497e-05,0.027248251813478896,0.4683682765621877,-0.33442122812343433,1.347064977922921,-1.0405395495094774e-09,0.9
4080.820000000298,2.100184540263274e-05,0.02729832081516613,0.4562571511900644,-0.33566156169642697,1.347064977922921,-1.0522427454525598e-09,0.9
4080.820000000298,2.1113867243007872e-05,0.027407537453111308,0.428967894403379,-0.3425469641958116,1.347064977922921,-1.1239050291337462e-09,0.9
4080.7089999988675,2.096244796182199e-05,0.027248714409578854,0.4683251133639268,-0.32986658000291336,1.347064977922921,-9.903417655937467e-10,0.9
4080.3130000010133,2.0969381016210978e-05,0.02724991712268642,0.4546165373903732,-0.3495256824278849,1.347064977922921,-1.1396030288797085e-09,0.9
4080.3810000009835,2.112789679337133e-05,0.02745088815510717,0.44255122439105277,-0.33140948582016394,1.347064977922921,-1.062302375579092e-09,0.9
4080.361999999732,2.1102290254131194e-05,0.027400913926977213,0.4460157980317465,-0.327653959318991,1.347064977922921,-1.065386566290195e-09,0.9
4080.3790000006557,2.104151636867e-05,0.02736976802387395,0.4621553045224003,-0.32758419986002635,1.347064977922921,-1.0281373410344978e-09,0.9
4080.4640000015497,2.111112667442851e-05,0.027406525629105657,0.42632995340652835,-0.33598968445983735,1.347064977922921,-1.07775143856288e-09,0.9
4080.7840000018477,2.107658526304523e-05,0.027404900500249442,0.46955646297379783,-0.32332498871693355,1.347064977922921,-1.0049053750231598e-09,0.9
4080.8159999996424,2.0941177606642977e-05,0.0272377333426821,0.45772329076678986,-0.31639704988419287,1.347064977922921,-9.839290969778506e-10,0.9
4080.8090000003576,2.1050877782731043e-05,0.02738161684737535,0.4713209089414221,-0.34011698626796416,1.347064977922921,-1.099785794764498e-09,0.9
4080.800000000745,2.1130358623061375e-05,0.027460070323742296,0.44767860143576277,-0.34017298426344594,1.347064977922921,-1.097365275998629e-09,0.9
4080.8210000023246,2.108119279269087e-05,0.027394166096715786,0.440430789106689,-0.3314979277392161,1.347064977922921,-1.0641871219741931e-09,0.9
4080.8209999985993,2.1116201269924507e-05,0.02743386240985195,0.44986268236409677,-0.33179206714402293,1.347064977922921,-1.050571114998372e-09,0.9
4080.8210000023246,2.103685089184481e-05,0.02737385122872621,0.4719494580506489,-0.32501223183980776,1.347064977922921,-1.0262057954633048e-09,0.9
4080.820000000298,2.101818130551111e-05,0.027324935513928207,0.4571942978803327,-0.3297088577540938,1.347064977922921,-1.0348054226682228e-09,0.899
4080.7890000008047,2.1039237362672133e-05,0.027345901325934206,0.4519003391882066,-0.3371251362987976,1.347064977922921,-1.0637096019841171e-09,0.899
4080.8210000023246,2.1095197494137442e-05,0.027423629631849872,0.48183216666990436,-0.3482603638463901,1.347064977922921,-1.0957181723950472e-09,0.899
4080.820000000298,2.1134871584438277e-05,0.027454071654677538,0.4626709654896848,-0.33721002165190533,1.347064977922921,-1.0586937832365525e-09,0.899
4080.704999998212,2.1312705515443882e-05,0.02778815417772547,0.558546969746895,-0.3846147359172124,1.347064977922921,-1.2952614090241163e-09,0.899
4080.820000000298,2.1055522372552e-05,0.027399104444666544,0.4929536470896556,-0.3469425270967241,1.347064977922921,-1.0983462341118335e-09,0.899
4080.8130000010133,2.1018223296616817e-05,0.02732954814263622,0.451525987522575,-0.32063482101975127,1.347064977922921,-1.012340361064161e-09,0.899
4080.8209999985993,2.1032184485823412e-05,0.027373175853424813,0.4803544969389355,-0.3283724457528133,1.347064977922921,-1.0180840000575921e-09,0.899
4080.8209999985993,2.101351434497008e-05,0.027340738219487654,0.4866769894816718,-0.33159111763971133,1.347064977922921,-1.0352829480943712e-09,0.899
4080.8210000023246,2.117921443382875e-05,0.0275280452867784,0.44002303645954166,-0.32368619496328127,1.347064977922921,-1.0488991638580169e-09,0.899
4080.8209999985993,2.1139537854431608e-05,0.027457438416023924,0.44196304178550694,-0.31050757860754435,1.347064977922921,-9.631424925768818e-10,0.899
4080.379999998957,2.1092928814945177e-05,0.027426846934584147,0.44710725177995014,-0.3163247754468314,1.347064977922921,-9.70826547250191e-10,0.899
4080.322999998927,2.1144328340487333e-05,0.027503032682282314,0.4868589097484213,-0.3420290778449675,1.347064977922921,-1.0772517657080433e-09,0.899
4080.3310000002384,2.118170225313992e-05,0.027494904035096353,0.4238544487354732,-0.2998376187922457,1.347064977922921,-9.325456133587904e-10,0.899
4080.320000000298,2.112112250896819e-05,0.027439559248732554,0.4335305379134464,-0.30065271733145843,1.347064977922921,-9.077329131154818e-10,0.899
4080.8209999985993,2.115354048425557e-05,0.027521725566382285,0.49428734338327107,-0.32853359952831773,1.347064977922921,-1.0219059180631006e-09,0.899
4080.820000000298,2.114887385796957e-05,0.027463436349707812,0.4364667686883732,-0.32088030954886926,1.347064977922921,-9.91808273548404e-10,0.898
4080.820000000298,2.1202550597412306e-05,0.02754791090006611,0.43600532377495593,-0.3059132880547339,1.347064977922921,-9.533486890300678e-10,0.898
4080.8199999965727,2.122589076672577e-05,0.02756925580327148,0.4678296894844287,-0.3198801196454842,1.347064977922921,-9.930018237353926e-10,0.898
4080.820000000298,2.1137204970092512e-05,0.02745881560850444,0.4354661289023154,-0.3165376437753804,1.347064977922921,-9.906132108941893e-10,0.898
4080.8210000023246,2.119788355016135e-05,0.027553248676064346,0.45841570028488254,-0.3247110813023935,1.347064977922921,-9.901353415547703e-10,0.898
4080.8210000023246,2.1125536728574615e-05,0.027453643128160635,0.4367662330199291,-0.31351042438924004,1.347064977922921,-9.722200795378924e-10,0.898
4080.820000000298,2.1228224140074675e-05,0.027587507829365338,0.46217279191804383,-0.3125516178471947,1.347064977922921,-9.488110904440234e-10,0.898
4080.8210000023246,2.1120868296619244e-05,0.027437997329961782,0.43513946869864606,-0.3039231905610636,1.347064977922921,-9.225349153783711e-10,0.898
4080.820000000298,2.117454643440201e-05,0.027509753808819315,0.467317795712177,-0.3194399891448629,1.347064977922921,-9.77236672241945e-10,0.898
4080.820000000298,2.1144206538490594e-05,0.02750865410048568,0.4738492569401962,-0.3201705954951661,1.347064977922921,-9.70786431047077e-10,0.898
4080.8209999985993,2.1141872535466757e-05,0.02749469009087531,0.4703164313499082,-0.3122965727868933,1.347064977922921,-9.47138662593452e-10,0.898
4080.8209999985993,2.1139539229345748e-05,0.027504102062276107,0.47503997727597636,-0.3128404035379916,1.347064977922921,-9.617106452957963e-10,0.898
4080.820000000298,2.1197883379705672e-05,0.02753967344478467,0.456986389075833,-0.3146400022213623,1.347064977922921,-9.437930095773966e-10,0.898
4080.8209999985993,2.1228223386089466e-05,0.027570535971966775,0.44595787427122335,-0.3158566580723647,1.347064977922921,-9.808194635871825e-10,0.897
4080.820000000298,2.1209553008338442e-05,0.027562518697949047,0.45409318750047234,-0.30888489177431183,1.347064977922921,-9.535881226698782e-10,0.897
4080.8209999985993,2.1207218237677172e-05,0.0275296020965912,0.44870485554934625,-0.3030088097007252,1.347064977922921,-9.175168014231491e-10,0.897
4080.8209999985993,2.1209551794080168e-05,0.027541504203320355,0.44510056098768835,-0.3043555349672306,1.347064977922921,-9.115455705427538e-10,0.897
4080.8209999985993,2.1207219087882475e-05,0.027569377726660668,0.4587277116611048,-0.2954998453404451,1.347064977922921,-8.649649075590758e-10,0.897
4080.820000000298,2.1137205773002368e-05,0.027488056994100618,0.4704126224934613,-0.3051469403522822,1.347064977922921,-8.826407222572871e-10,0.897
4080.8209999985993,2.1144206499667646e-05,0.027491113919552525,0.4676347952459392,-0.3031631149594379,1.347064977922921,-8.972140343876234e-10,0.897
4080.820000000298,2.1218888856365165e-05,0.027567853645538848,0.4511273167587109,-0.3077458955516346,1.347064977922921,-9.35911086099897e-10,0.897
4080.820000000298,2.1372919904168974e-05,0.02774969149650608,0.40985218503860565,-0.2978356866084263,1.347064977922921,-9.082018397628228e-10,0.897
4080.8209999985993,2.1256228030298e-05,0.02761296127278097,0.4314608250023717,-0.3007254695882463,1.347064977922921,-9.03424506690647e-10,0.897
4080.820000000298,2.1253894524685953e-05,0.027608365557191084,0.4396858467557445,-0.29124590157736874,1.347064977922921,-8.6591986789595e-10,0.897
4080.8209999985993,2.1251560191169667e-05,0.027587233681267746,0.44488403807337074,-0.2911072430101138,1.347064977922921,-8.671155125667263e-10,0.897
4080.8209999985993,2.113487122398862e-05,0.02746692434134385,0.4396573492486304,-0.28512043199108783,1.347064977922921,-8.255506390391996e-10,0.897
4080.820000000298,2.136358355827965e-05,0.027753416021101547,0.4398264198321087,-0.2848419420173513,1.347064977922921,-8.202948628825791e-10,0.897
4080.8210000023246,2.131924001972008e-05,0.027679224985507057,0.4324577607073219,-0.2897584394345448,1.347064977922921,-8.243569675434332e-10,0.896
4080.8210000023246,2.1351913685686398e-05,0.027731849238463592,0.4161244828601789,-0.28438831803017717,1.347064977922921,-8.444225396075022e-10,0.896
4080.8209999985993,2.131223849973953e-05,0.02768347503323897,0.4329282946165467,-0.28810639206145017,1.347064977922921,-8.07874295397964e-10,0.896
4080.8209999985993,2.130757201740663e-05,0.02766750361529786,0.43948033044467305,-0.2926376214545053,1.347064977922921,-8.331953730399597e-10,0.896
4080.8209999985993,2.1186213796607483e-05,0.027518305595678322,0.4206694244260363,-0.28158365499260923,1.347064977922921,-7.916307952488307e-10,0.896
4080.820000000298,2.123522527594841e-05,0.027591954740223718,0.45547615925279805,-0.30260118801930913,1.347064977922921,-8.826413449187638e-10,0.896
4080.820000000298,2.135891562303645e-05,0.027734243009213674,0.4442818888821032,-0.28506702424750596,1.347064977922921,-8.279402086662423e-10,0.896
4080.8210000023246,2.1412593327567668e-05,0.027805083871041098,0.4319645622196746,-0.27318287102390726,1.347064977922921,-7.498277084631638e-10,0.896
4080.8209999985993,2.130757154448677e-05,0.027706838642526967,0.4541682484620231,-0.2757407390326851,1.347064977922921,-7.486336717872991e-10,0.896
4080.820000000298,2.133091081042757e-05,0.027692853187186384,0.43743914780261495,-0.27501749294238054,1.347064977922921,-7.749092328482038e-10,0.895
4080.820000000298,2.1267897978217614e-05,0.027600481057797638,0.40182314438277444,-0.27183328381199157,1.347064977922921,-7.526944635126141e-10,0.895
4080.8210000023246,2.1300570854433998e-05,0.027641826789040057,0.39993298319985593,-0.25908365067231953,1.3087934145318991,-7.130407409091442e-10,0.896
4080.789999999106,2.1312504454229106e-05,0.02768241258247834,0.4462771180704448,-0.2816327542039324,1.347064977922921,-7.820759073479231e-10,0.896
4080.820000000298,2.1407924135595326e-05,0.027789424262484035,0.41642192039155557,-0.2698704686790096,1.347064977922921,-7.536488581368802e-10,0.895
4080.8210000023246,2.1384586962997592e-05,0.02776697754558113,0.4244194501581844,-0.2663562350127592,1.347064977922921,-7.632052101250293e-10,0.895
4080.8209999985993,2.136358341474372e-05,0.02768223044396784,0.36995115324766115,-0.2655846486813562,1.347064977922921,-7.634437598007065e-10,0.895
4080.8210000023246,2.1361248996522796e-05,0.02773442480614536,0.4386346319599128,-0.2716620848413686,1.347064977922921,-7.369293597822495e-10,0.895
4080.820000000298,2.1316907553977113e-05,0.027664253548031016,0.40851056638157646,-0.26405428470379705,1.347064977922921,-7.347793539556992e-10,0.895
4080.8209999985993,2.1328576341772182e-05,0.027716208891082467,0.43824932741813694,-0.2800350457126896,1.347064977922921,-7.894807535498421e-10,0.895
4080.8210000023246,2.139859070630917e-05,0.02778525090884061,0.42552723369054357,-0.2746708295403326,1.347064977922921,-7.689375784242937e-10,0.895
4080.8209999985993,2.1431263383853947e-05,0.02780191033881298,0.413149953275187,-0.26488539158780333,1.347064977922921,-7.192520264124211e-10,0.895
4080.8210000023246,2.1354247443103397e-05,0.02773433390782848,0.4364874751639256,-0.2664082507787878,1.347064977922921,-7.190126025613974e-10,0.895
4080.820000000298,2.1419594793467367e-05,0.027788002973292245,0.4170240520857753,-0.2651190137825162,1.347064977922921,-7.438562880582151e-10,0.895
4080.820000000298,2.1407925516306748e-05,0.027759682995308132,0.3738018833904535,-0.25414759813799165,1.347064977922921,-7.063526898479077e-10,0.895
4080.8210000023246,2.1309905333237955e-05,0.027668597010043722,0.40999093072149684,-0.24986887386383524,1.347064977922921,-6.37556947604458e-10,0.895
4080.8199999965727,2.1326243228041456e-05,0.02771848274553075,0.44948914914019156,-0.27814241692668273,1.347064977922921,-7.577102174856167e-10,0.894
4080.820000000298,2.1344913829352288e-05,0.027677099716904848,0.39950936871560483,-0.2576908462781041,1.347064977922921,-7.161456925037767e-10,0.894
4080.8209999985993,2.138692102914872e-05,0.02774396747209085,0.38681218689648933,-0.2528820078320351,1.347064977922921,-6.903469905507521e-10,0.894
4080.8209999985993,2.144526558665036e-05,0.027837070984721126,0.4210672233460371,-0.25056637607659316,1.347064977922921,-6.389900813177077e-10,0.894
4080.8209999985993,2.1386920968460414e-05,0.027730152263155967,0.3806650843932369,-0.24549564935081358,1.347064977922921,-6.377952008137039e-10,0.894
4080.8209999985993,2.1389255647537822e-05,0.02774923725198992,0.38752971827622806,-0.24618191492484812,1.347064977922921,-6.342131304832583e-10,0.894
4080.820000000298,2.1361249471106937e-05,0.02776301269584372,0.4406707675361008,-0.2698423580500056,1.347064977922921,-7.111293609494811e-10,0.894
4080.8199999965727,2.1363583968775817e-05,0.027712145806669006,0.39107748291961464,-0.25124392710946736,1.347064977922921,-6.674155490355924e-10,0.894
4080.820000000298,2.137758536753645e-05,0.02774917668549262,0.40092207574693406,-0.2454211556753582,1.347064977922921,-6.311069383933919e-10,0.894
4080.820000000298,2.1466272020826482e-05,0.027871915927667957,0.42070684061542396,-0.25201302440486456,1.347064977922921,-6.420949309187875e-10,0.894
4080.8210000023246,2.151294581675821e-05,0.027889849362787697,0.3816220232345473,-0.2211083960943103,1.3087934145318991,-5.522786254143071e-10,0.894
4080.820000000298,2.1475606378214178e-05,0.02788451574776572,0.4167620829708034,-0.25636882664590693,1.347064977922921,-6.865263292187406e-10,0.893
4130.833000000566,2.200843281679565e-05,0.029106972927734544,0.19550277316276254,-0.20626574125501854,1.3472230399326601,-6.329035573424168e-10,0.894
4080.8209999985993,2.137758596863903e-05,0.02772275708698902,0.3893418780628406,-0.24612307704656264,1.347064977922921,-6.411395645463642e-10,0.893
4080.8209999985993,2.142426267128299e-05,0.027811701787242734,0.4247631512903225,-0.2633810903347263,1.347064977922921,-6.908265236869465e-10,0.894
4080.8209999985993,2.147793812167558e-05,0.027913943384876967,0.4383835035044581,-0.24350653420700819,1.347064977922921,-5.931263017341096e-10,0.893
4080.8210000023246,2.1449934797755378e-05,0.02786235676266003,0.42652341744241395,-0.25500807297004263,1.347064977922921,-6.533219939056657e-10,0.893
4080.8209999985993,2.1487273997280698e-05,0.02786974504862984,0.39162543773153846,-0.22328111541405446,1.3087934145318991,-5.477400760374745e-10,0.893
4080.820000000298,2.1442933559023732e-05,0.02784419436191076,0.40633101659603543,-0.22912739990243683,1.3087934145318991,-5.532338319009011e-10,0.893
4080.8209999985993,2.144059939075942e-05,0.027836648354222476,0.4093216093126202,-0.231421633209617,1.3087934145318991,-5.72105268740585e-10,0.893
4080.820000000298,2.1363582729712285e-05,0.02775265904438008,0.4126783076373348,-0.22455564694692176,1.3087934145318991,-5.221796728265399e-10,0.893
4080.8210000023246,2.1470939265930027e-05,0.027856867053148746,0.3998646300977411,-0.22924379106024886,1.3087934145318991,-5.70432720154514e-10,0.893
4080.820000000298,2.142659648305723e-05,0.027836467224901636,0.4125434928606837,-0.2357154305708733,1.3087934145318991,-5.931247092615856e-10,0.893
4080.8209999985993,2.139858943983089e-05,0.027781258418720506,0.4012598319699934,-0.22662375264381887,1.3087934145318991,-5.544279561601807e-10,0.893
4080.5089999996126,2.140505550087022e-05,0.027782528818720287,0.39957381342519094,-0.2234320304920036,1.3087934145318991,-5.403869021350216e-10,0.893
4080.289999999106,2.1431715760249937e-05,0.027837523795992247,0.411984412541782,-0.23570321767138053,1.3087934145318991,-5.935194998413247e-10,0.892
4080.289999999106,2.1436384008750074e-05,0.027800519915336528,0.39015610731695993,-0.2187184448983854,1.3087934145318991,-5.051123236235022e-10,0.892
4080.289999999106,2.1438717555123484e-05,0.02785686705314875,0.4221502016006857,-0.23354675967394442,1.3087934145318991,-5.779883740661164e-10,0.892
4080.2910000011325,2.139203575638888e-05,0.027781802882976662,0.40548276106634296,-0.22650012060163077,1.3087934145318991,-5.364137928211456e-10,0.892
4080.289999999106,2.1420045103190363e-05,0.027805083871041067,0.40802357439601256,-0.2211775468150761,1.3087934145318991,-5.235104028935942e-10,0.892
4080.289999999106,2.1385033680032765e-05,0.027756383170771497,0.41283735196196547,-0.2310921730815762,1.3087934145318991,-5.772719078309807e-10,0.892
4080.289999999106,2.1438717338295613e-05,0.027809586642805303,0.39049823614427925,-0.2268357429020666,1.3087934145318991,-5.583951742086025e-10,0.892
4080.289999999106,2.1410708133240173e-05,0.02778286153293035,0.40191377255059946,-0.2279821119018424,1.3087934145318991,-5.483598840132146e-10,0.892
4080.289999999106,2.1448053328723753e-05,0.027818197296739677,0.3915009834727621,-0.22973853646425565,1.3087934145318991,-5.588734099988887e-10,0.892
4080.2910000011325,2.1471394931172297e-05,0.027876588774107047,0.40587351679311556,-0.21928746590038353,1.3087934145318991,-5.220772096903367e-10,0.892
4080.289999999106,2.149940333239015e-05,0.027906295786754184,0.39820814960375284,-0.22131770695717015,1.3087934145318991,-5.364138015552481e-10,0.892
4080.289999999106,2.1529747454969623e-05,0.027943730975664924,0.3898641675091148,-0.2182598914976065,1.3087934145318991,-5.204044627991093e-10,0.892
4080.289999999106,2.146439239813659e-05,0.027874870463579615,0.40577820981608115,-0.21607831202210587,1.3087934145318991,-4.998555398503303e-10,0.891
4080.289999999106,2.1492402278072223e-05,0.027912829495057762,0.39622063683752495,-0.20973175746871447,1.3087934145318991,-4.5971433734099696e-10,0.891
4080.290000002831,2.1436383239357732e-05,0.027830519490768563,0.40372951298879345,-0.22641232896378932,1.3087934145318991,-5.533776149951026e-10,0.891
4080.2910000011325,2.148773327155461e-05,0.027868538931649648,0.3868280423808992,-0.2230039193423396,1.3087934145318991,-5.247061563277254e-10,0.891
4080.289999999106,2.1501738057470106e-05,0.027908855255647295,0.39584915254075526,-0.21802551386744443,1.3087934145318991,-5.122804667515155e-10,0.891
4080.289999999106,2.1527413168401645e-05,0.027944212130540335,0.3886145019612717,-0.21499669170914562,1.3087934145318991,-4.962715704073284e-10,0.891
4080.2910000011325,2.1539084231928424e-05,0.02795689960088773,0.40014037838634486,-0.19877405859080072,1.3087934145318991,-4.2148462967518124e-10,0.891
4080.289999999106,2.1569425633068693e-05,0.028002100761528984,0.3993636714351587,-0.2070021327169348,1.3087934145318991,-4.757228282198706e-10,0.891
4080.289999999106,2.157409537044044e-05,0.028002610922687077,0.4000531358934878,-0.21023585027411001,1.3087934145318991,-4.991387194851371e-10,0.891
4080.290000002831,2.1583431026335636e-05,0.028009452186087195,0.3955201309344134,-0.2067625271601789,1.3087934145318991,-4.690328024261596e-10,0.891
4080.289999999106,2.15694272477415e-05,0.028002100761528984,0.3993636714351587,-0.2070021327169348,1.3087934145318991,-4.757227130102594e-10,0.891
4080.2910000011325,2.158109793443444e-05,0.028009842207770475,0.3925492616697266,-0.19723420906151426,1.3087934145318991,-4.114498737587375e-10,0.891
4080.289999999106,2.1494735206031927e-05,0.027896326676048338,0.39163609990084813,-0.21007426240247348,1.3087934145318991,-4.666434259639208e-10,0.891
4080.289999999106,2.1590434098886562e-05,0.028023609494061054,0.3885777955198253,-0.20183747775549266,1.3087934145318991,-4.276967871585199e-10,0.891
4080.2910000011325,2.156709308419074e-05,0.028004141350398654,0.39642044741573557,-0.20047569254856928,1.3087934145318991,-4.2721935848165e-10,0.891
4080.2910000011325,2.1602104139838226e-05,0.0280445923426222,0.39308799338047473,-0.20234468574128547,1.3087934145318991,-4.532633265818286e-10,0.891
4080.290000002831,2.156709299871174e-05,0.028002610922687077,0.3981523770391755,-0.2037457881573652,1.3087934145318991,-4.515912055446674e-10,0.89
4080.2910000011325,2.1581097248338657e-05,0.028009842207770475,0.3925492616697266,-0.19723420906151426,1.3087934145318991,-4.1145004761742166e-10,0.89
4080.290000002831,2.1581097804370067e-05,0.028009842207770475,0.3925492616697266,-0.19723420906151426,1.3087934145318991,-4.1144911614262635e-10,0.89
4080.289999999106,2.1564759295216303e-05,0.02800459146027918,0.3952732342168046,-0.1972550825803273,1.3087934145318991,-4.049975744915438e-10,0.89
4080.289999999106,2.157409580009459e-05,0.02800816207567254,0.3925323797771658,-0.19403496256856154,1.3087934145318991,-3.8922788216259e-10,0.89
4080.289999999106,2.1574095366057652e-05,0.02800816207567254,0.3925323797771658,-0.19403496256856154,1.3087934145318991,-3.89228514941781e-10,0.89
4080.289999999106,2.1567093594126365e-05,0.028004141350398654,0.39642044741573557,-0.20047569254856928,1.3087934145318991,-4.272190264067043e-10,0.89
4080.290000002831,2.157642930624609e-05,0.028010652235452512,0.3903453077232828,-0.19076228908937048,1.3087934145318991,-3.6509523524811167e-10,0.89
4080.290999997407,2.1630113452119923e-05,0.02807591748914256,0.3768426495063646,-0.1915114919727813,1.3087934145318991,-3.9066163403483146e-10,0.89
4080.290999997407,2.1576429690369235e-05,0.028010652235452512,0.3903453077232828,-0.19076228908937048,1.3087934145318991,-3.650960259696502e-10,0.89
4080.290000002831,2.1581097667730635e-05,0.028009842207770475,0.3925492616697266,-0.19723420906151426,1.3087934145318991,-4.11448880633307e-10,0.89
4080.2910000011325,2.1576430216906728e-05,0.028010652235452512,0.3903453077232828,-0.19076228908937048,1.3087934145318991,-3.6509625405483533e-10,0.89
4080.2910000011325,2.1574096195583075e-05,0.02800816207567254,0.3925323797771658,-0.19403496256856154,1.3087934145318991,-3.892284625102854e-10,0.89
4080.290999997407,2.16091064186971e-05,0.02805328063920238,0.38412631046304346,-0.18613235697056346,1.3087934145318991,-3.4263508327802937e-10,0.89
4080.289999999106,2.158576598003119e-05,0.028015211954228274,0.38710483218475344,-0.18750532411216037,1.3087934145318991,-3.445471606560518e-10,0.889
4080.289999999106,2.1602105143331003e-05,0.028049266381454854,0.3879275617398661,-0.19255963217270705,1.3087934145318991,-3.8062679368647906e-10,0.889
4080.289999999106,2.1623110413981482e-05,0.028057054715841603,0.3830304299076728,-0.18934339466761446,1.3087934145318991,-3.6844065358804736e-10,0.889
4080.2910000011325,2.1609106413765314e-05,0.02805328063920238,0.38412631046304346,-0.18613235697056346,1.3087934145318991,-3.4263517507496e-10,0.889
4080.289999999106,2.1637116415666545e-05,0.028104187911257256,0.3875770206744118,-0.1774829855375575,1.3087934145318991,-2.9819283702437364e-10,0.889
4080.290000002831,2.1585766616491006e-05,0.028015211954228274,0.38710483218475344,-0.18750532411216037,1.3087934145318991,-3.44547019571955e-10,0.889
4080.289999999106,2.1632447665347848e-05,0.028072774573755722,0.3762581843037962,-0.187517196620905,1.3087934145318991,-3.43112961363126e-10,0.889
4080.304999999702,2.16696654085761e-05,0.028122630619150376,0.38189703413333564,-0.18542644192617896,1.3087934145318991,-3.545819287482296e-10,0.889
4080.289999999106,2.1672128235757156e-05,0.028159718533734626,0.4006601389947666,-0.16942304993112442,1.3087934145318991,-2.7692801137330166e-10,0.889
4080.290000002831,2.1714141292609234e-05,0.028183373130418618,0.3928104354375854,-0.1690067974973449,1.3087934145318991,-2.807512518594699e-10,0.889
4080.2910000011325,2.16978023291546e-05,0.028169117126098653,0.37953704258909315,-0.17896039218146664,1.3087934145318991,-3.1491906925677153e-10,0.889
4080.2910000011325,2.1618442944426982e-05,0.028062894548142526,0.3842571499083087,-0.18583981513217543,1.3087934145318991,-3.4836983070358217e-10,0.888
4080.2910000011325,2.1665126319439457e-05,0.028127859331776976,0.39070496663825427,-0.18251398196101004,1.3087934145318991,-3.364232989774602e-10,0.888
4080.2910000011325,2.156942791402158e-05,0.027968409550296353,0.36124553888440314,-0.16052332239218198,1.3087934145318991,-2.3200841931463645e-10,0.888
4080.2910000011325,2.1728145573293053e-05,0.02822383520979348,0.3918036275792942,-0.1678504792167688,1.3087934145318991,-2.7214868551460433e-10,0.888
4080.289999999106,2.170713941751674e-05,0.028182180435829384,0.39114897657932346,-0.17090796696593719,1.3087934145318991,-2.8576834390010265e-10,0.888
4080.2969999983907,2.166508356960584e-05,0.02813413250421459,0.3937656871759345,-0.16264911612211813,1.3087934145318991,-2.2460644439817931e-10,0.888
4080.290000002831,2.1700137159734558e-05,0.028190468619879346,0.39168605123440114,-0.15696956798804493,1.3087934145318991,-2.0811365210030995e-10,0.888
4080.289999999106,2.1742150405527737e-05,0.028229610772551334,0.3880772943777995,-0.16465594288454966,1.3087934145318991,-2.5637888664624105e-10,0.888
4080.289999999106,2.1758489151560227e-05,0.028223656565299345,0.3773556575492556,-0.1613891024012592,1.3087934145318991,-2.3081311972006799e-10,0.888
4080.289999999106,2.17421512517236e-05,0.028229610772551334,0.3880772943777995,-0.16465594288454966,1.3087934145318991,-2.563788436496765e-10,0.888
4080.290999997407,2.1735148392227167e-05,0.028212816683381377,0.38219359295532884,-0.1585027367965746,1.3087934145318991,-2.1695468403530696e-10,0.888
4080.290999997407,2.1770159469836177e-05,0.0282613255352328,0.3785852964607499,-0.16346912119340568,1.3087934145318991,-2.4634421006852797e-10,0.888
4080.290000002831,2.1758488610501022e-05,0.028258203241185845,0.3801700803363359,-0.16342235655712964,1.3087934145318991,-2.379808708266905e-10,0.888
4080.290000002831,2.1749153094622054e-05,0.028235117296365072,0.3745207674801896,-0.15876684085024134,1.3087934145318991,-2.0405193070048195e-10,0.888
4080.289999999106,2.1772494604942802e-05,0.02826397178105608,0.37648140585496037,-0.16023422702052253,1.3087934145318991,-2.2221098122602477e-10,0.888
4080.289999999106,2.1697803149943574e-05,0.02814601782362347,0.35108939984380516,-0.14105365808570555,1.3087934145318991,-1.481407825292315e-10,0.887
4080.402000002563,2.1805017036661028e-05,0.02829148994594209,0.36621177370767644,-0.16056356355733342,1.3087934145318991,-2.2130188653386166e-10,0.888
4080.3009999990463,2.1784111155618828e-05,0.028283617611792204,0.3709593085430125,-0.16372494355465672,1.3087934145318991,-2.3342099841154456e-10,0.887
3937.1840000003576,2.252014875614523e-05,0.02955766334108419,0.4399487890054594,0.11401834367143414,1.3216043006949463,5.329147063922644e-10,0.888
4080.2910000011325,2.1730479913216995e-05,0.028228568876943364,0.38713200035040884,-0.15824410173712125,1.3087934145318991,-2.069199525191991e-10,0.888
4080.289999999106,2.172814709405006e-05,0.02822383520979348,0.3918036275792991,-0.16785047921675167,1.3087934145318991,-2.7214898452643916e-10,0.888
4080.289999999106,2.173281467619964e-05,0.028197592125581792,0.38488395275904796,-0.16272656033356175,1.3087934145318991,-2.429986888139269e-10,0.887
4080.289999999106,2.1735148326196138e-05,0.02818447632797797,0.3892789198601876,-0.17976706353838123,1.3087934145318991,-2.972377909717324e-10,0.888
4080.289999999106,2.1749152838185316e-05,0.028231128894457277,0.38804531608940884,-0.1678402027186631,1.3087934145318991,-2.786005755959072e-10,0.888
4080.289999999106,2.1765492396790295e-05,0.028282696554072527,0.4001789195269154,-0.1768222163368135,1.3087934145318991,-3.089454852242414e-10,0.887
4080.289999999106,2.187052599120774e-05,0.02839789316365658,0.4054308265226725,-0.17520550353549438,1.3087934145318991,-3.015381812011203e-10,0.887
4080.290999997407,2.194288156945691e-05,0.02845967219024968,0.38077260612734687,-0.1584245634216409,1.3087934145318991,-2.401315696701484e-10,0.887
4080.6110000014305,2.1877979378090614e-05,0.02837385469498464,0.360253906211331,-0.18671850048391223,1.3087934145318991,-3.8362130387763134e-10,0.888
4080.734999999404,2.408309532368498e-05,0.030783385238187987,0.1300734439175053,-0.2576399523857335,1.4013498193719665,-1.117171014053796e-09,0.888
4080.777000002563,2.1874837615871148e-05,0.02841617482344585,0.4110514007020942,-0.20398335389927308,1.3087934145318991,-4.4025486846018477e-10,0.887
4080.782999999821,2.1863119000725636e-05,0.028400260384650794,0.40826300863566667,-0.1767290437305164,1.3087934145318991,-2.9092669920869683e-10,0.887
4080.8210000023246,2.1921360871881713e-05,0.028436070122884648,0.3708598346147953,-0.18146511903852786,1.3087934145318991,-3.700166591084091e-10,0.887
4080.8209999985993,2.1937696695272813e-05,0.02844632273793792,0.3632398368533831,-0.17185444704046957,1.3087934145318991,-3.0528262133198355e-10,0.887
4080.8209999985993,2.17790005618171e-05,0.02828091377649618,0.37310508148128685,-0.16695840554987187,1.3087934145318991,-2.575076261696961e-10,0.887
4080.8210000023246,2.18886865804038e-05,0.028384070571094506,0.37823641207056413,-0.16284449302866427,1.3087934145318991,-2.2525920606352602e-10,0.887
4080.820000000298,2.1870016910830628e-05,0.02836935261981185,0.3952266436585319,-0.16857878814892183,1.3087934145318991,-2.8593318480572437e-10,0.887
4080.8209999985993,2.193069567626252e-05,0.028445377406501722,0.3722428731396037,-0.16183255778667552,1.3087934145318991,-2.620450129532572e-10,0.887
4080.820000000298,2.1888688067393434e-05,0.028388007883552512,0.3506481128974426,-0.17662057938004075,1.3087934145318991,-3.002648949748817e-10,0.887
4080.820000000298,2.186068326903057e-05,0.028345704993819432,0.35169920659293785,-0.162941752912731,1.3087934145318991,-2.3242496330247153e-10,0.887
4080.820000000298,2.191902729532443e-05,0.02843479936848599,0.3912260434159682,-0.17201229501084506,1.3087934145318991,-2.6992739686716046e-10,0.886
4080.820000000298,2.1881687388076502e-05,0.028400289973664623,0.4013388605046009,-0.170103391849467,1.3087934145318991,-2.594177842128012e-10,0.886
4080.8209999985993,2.1989041649421612e-05,0.028508969545352116,0.3650980166483446,-0.1654171751606467,1.3087934145318991,-2.661065445746267e-10,0.886
4080.8209999985993,2.195403342242697e-05,0.028458786358669674,0.3663780554137781,-0.16432445197336898,1.3087934145318991,-2.701667941611675e-10,0.886
4080.8209999985993,2.1972704461498073e-05,0.02850115728153076,0.3646321019042098,-0.1520139901261006,1.3087934145318991,-2.0089430531571984e-10,0.886
4080.8210000023246,2.192369587113804e-05,0.028413513177578648,0.36140886888449986,-0.16390170767984824,1.3087934145318991,-2.6276174652148396e-10,0.886
4080.820000000298,2.199137470522004e-05,0.028512476997585006,0.3538417690132132,-0.1416642135156196,1.3087934145318991,-1.3735254537726093e-10,0.886
4080.8209999985993,2.1926029372319996e-05,0.028446529525001898,0.3566908748385793,-0.1440899714267925,1.3087934145318991,-1.4308694044639356e-10,0.886
4080.8209999985993,2.1900357260641688e-05,0.02843769542365206,0.3807968285896228,-0.1406226245350513,1.3087934145318991,-1.1465967794502435e-10,0.886
4080.8209999985993,2.1944699582872178e-05,0.028474431992770676,0.3623949337926664,-0.1438943518974005,1.3087934145318991,-1.4451968561509003e-10,0.886
4080.820000000298,2.1895689221296368e-05,0.02839857375990275,0.35447370825884184,-0.14840008418256495,1.3087934145318991,-1.519239369372855e-10,0.886
4080.8209999985993,2.195870172335008e-05,0.02847201190967847,0.35416440019265405,-0.1393715427952599,1.365041848868369,-1.2875312915009925e-10,0.886
4080.8050000034273,2.19611570786702e-05,0.028471421614304656,0.372138484419418,-0.15826049931214475,1.3087934145318991,-1.9537250982962993e-10,0.885
4080.8209999985993,2.1986708189459724e-05,0.028525088470833983,0.38557363646220555,-0.1440404449281709,1.3087934145318991,-1.349638594343035e-10,0.885
4080.8210000023246,2.1958700911266353e-05,0.028482487616785415,0.3689334018534076,-0.14917620094719447,1.3087934145318991,-1.856057642104714e-10,0.885
4080.8210000023246,2.2040384819404372e-05,0.028557858121788474,0.34335247636880917,-0.14645164079886716,1.3087934145318991,-1.6768922327701686e-10,0.885
4080.8209999985993,2.1944699068433233e-05,0.028455685730977683,0.3627232618476941,-0.15352066955286942,1.3087934145318991,-1.9133924901187961e-10,0.885
4080.820000000298,2.1977372987434907e-05,0.02849599706519311,0.35409315002309283,-0.15584508908744435,1.3087934145318991,-2.137919165672847e-10,0.885
4080.8209999985993,2.1989041032092758e-05,0.028500125313007687,0.3520816115531007,-0.15597188107075735,1.3087934145318991,-2.2693050987957295e-10,0.885
4080.820000000298,2.1986706262112347e-05,0.028507259874393696,0.35885056992303577,-0.13529003449786792,1.3087934145318991,-9.531020128211649e-11,0.885
4080.8209999985993,2.194469804472247e-05,0.02846678737043005,0.35933866525565694,-0.14458321904551305,1.3087934145318991,-1.5073033602990828e-10,0.885
4080.820000000298,2.1937699305467778e-05,0.028455419947169058,0.3604889951554351,-0.13081764433575482,1.3087934145318991,-7.500633401560172e-11,0.885
4080.820000000298,2.1968037480936246e-05,0.028504459329737702,0.3577421915448755,-0.1274676767011567,1.3087934145318991,-5.1834739631541256e-11,0.885
4080.820000000298,2.1979707488862916e-05,0.028524587654168366,0.3555264313728168,-0.13290632676413766,1.3087934145318991,-9.22060070729553e-11,0.885
4080.8210000023246,2.200304432921809e-05,0.028526355203153258,0.34697138433052777,-0.13412229847720925,1.3087934145318991,-9.411641133246054e-11,0.885
4080.8209999985993,2.205438626191735e-05,0.028582535656197703,0.34065383038561725,-0.13082614730088107,1.3087934145318991,-7.739602234368339e-11,0.884
4080.8209999985993,2.2000710069194824e-05,0.028550059235541693,0.35432058240606645,-0.12651462881946318,1.3087934145318991,-5.279118005432436e-11,0.884
4080.8209999985993,2.1993709185956347e-05,0.02853460231739288,0.3476869098390303,-0.13140883577945425,1.3087934145318991,-7.214095114756474e-11,0.884
4080.820000000298,2.2019381414371926e-05,0.028533571558470406,0.3428680138752269,-0.11961837789135689,1.3087934145318991,-3.368191125060977e-11,0.884
4080.8209999985993,2.2049720005730444e-05,0.02859297087036035,0.33850130174165516,-0.11907930101009782,1.3087934145318991,-6.688659736532736e-12,0.884
4080.8209999985993,2.1993710421690846e-05,0.02853460231739288,0.3476869098390303,-0.13140883577945425,1.3087934145318991,-7.214178777950872e-11,0.884
4080.8209999985993,2.203338380134825e-05,0.02856918478584451,0.3427468634367288,-0.11424952427895757,1.3087934145318991,8.837625149779952e-12,0.884
4080.8209999985993,2.2033384010425167e-05,0.028578213480102005,0.34250258441872683,-0.12259982642252831,1.365041848868369,-5.3747150705336764e-11,0.884
4080.8209999985993,2.2045052856170626e-05,0.02858917935986597,0.3409554550689795,-0.12225221075601049,1.3087934145318991,-3.009832983392584e-11,0.884
4080.769999999553,2.1909832458331875e-05,0.028410644235609146,0.35013566452918576,-0.11594383616098962,1.3087934145318991,-3.3572467189385814e-12,0.885
4080.820000000298,2.199604386267004e-05,0.028542169892719668,0.3566686293223933,-0.12125375407684803,1.3087934145318991,-3.511473465871876e-11,0.884
4080.7689999975264,2.33567069107357e-05,0.03046962945832668,0.41389220691885775,0.11233348030359935,1.3216043006949463,1.04533617143931e-09,0.884
4080.820000000298,2.2089395490259145e-05,0.02861559191839888,0.32234731305086806,-0.1068141629222012,1.365041848868369,-2.386937147206866e-13,0.883
4080.8240000009537,2.204269499457957e-05,0.02857577277898127,0.3229655184011011,-0.08775206773134465,1.365041848868369,1.1108657402831288e-10,0.883
4080.8209999985993,2.206372218697795e-05,0.028620172705878067,0.3576383633014095,-0.09779659890646278,1.3087934145318991,7.691740447547561e-11,0.883
4080.8210000023246,2.196336872715734e-05,0.028496852251350402,0.3443435611605592,-0.10933934773610107,1.365041848868369,2.5559920680264572e-11,0.883
3960.797000002116,2.1477726301048642e-05,0.0271425890917299,0.4598502343673827,-0.2644585838284395,1.327218536756493,-7.937957302512747e-10,0.883
3960.7969999983907,2.1435717654045288e-05,0.027102778567161808,0.47005583705023657,-0.2526188182187796,1.327218536756493,-7.335842543345719e-10,0.883
3960.7969999983907,2.1452267076677628e-05,0.027132539285091614,0.4692958208489837,-0.24663725607558643,1.327218536756493,-7.02097257252539e-10,0.883
3960.797000002116,2.150191470470546e-05,0.027175881227645735,0.44926892179387856,-0.24624270677464535,1.327218536756493,-7.407656750611213e-10,0.883
4080.7180000022054,2.249372417113965e-05,0.029021058711554526,0.2709793628577075,-0.13635961398831273,1.3087934145318991,-1.9173407082918162e-10,0.883
3960.7410000003874,2.1564595775921157e-05,0.027237517378446558,0.4525246952636768,-0.24710051843546949,1.327218536756493,-7.375857536156096e-10,0.883
3960.7960000000894,2.1478999954950236e-05,0.02715068206402725,0.45214211348134103,-0.22619695918426796,1.327218536756493,-6.286288210360508e-10,0.883
3960.795999996364,2.1472636234457446e-05,0.027151584781550657,0.4552591106573045,-0.2340007926912834,1.327218536756493,-6.667434873804242e-10,0.883
3960.7960000000894,2.144335634485699e-05,0.02716918997937686,0.4979118011232133,-0.2425365145679041,1.327218536756493,-7.015442396119254e-10,0.883
3960.7960000000894,2.157447490732081e-05,0.02725642412297474,0.46092596551664977,-0.24444030487142984,1.327218536756493,-6.904967023779219e-10,0.882
3960.765000000596,2.155550865342323e-05,0.027246367237289317,0.4584860026889186,-0.23721744148609453,1.327218536756493,-6.563032747342907e-10,0.882
3960.795999996364,2.1461179052744264e-05,0.027157509146280383,0.48187203575742954,-0.23706611901104674,1.327218536756493,-6.579062586156464e-10,0.882
3960.7809999994934,2.1451015751444408e-05,0.027139584392510813,0.48709246650247096,-0.23287992828353277,1.327218536756493,-6.468593728919135e-10,0.882
3960.7010000012815,2.149958641523816e-05,0.02717286380986062,0.4522520392347844,-0.2483329131218545,1.327218536756493,-7.269321345323014e-10,0.882
3960.369999997318,2.1511854498671844e-05,0.027199615311319713,0.47581121830560225,-0.23452720015705805,1.327218536756493,-6.718623613342391e-10,0.882
3960.724999997765,2.1631894174608292e-05,0.02732991478991917,0.4399211834561876,-0.2329154634876893,1.327218536756493,-6.79466614913811e-10,0.882
3960.7960000000894,2.1603753885435066e-05,0.02728859758089931,0.44467574225088313,-0.23110284983772106,1.327218536756493,-6.247625767285622e-10,0.882
3960.7969999983907,2.1543922983423418e-05,0.027243275838844574,0.4608311438453314,-0.22592636929214754,1.327218536756493,-6.026660692116456e-10,0.882
3960.7960000000894,2.1512099281803953e-05,0.027206561151622396,0.4704983323453522,-0.2286107632234385,1.327218536756493,-6.192378617888701e-10,0.882
3960.4539999999106,2.154591737621259e-05,0.027243275838844574,0.4608311438453314,-0.22592636929214754,1.327218536756493,-6.02756333430313e-10,0.882
3960.3730000033975,2.155773054301434e-05,0.02724767566008164,0.45953251374294046,-0.22918193026582998,1.327218536756493,-6.2372900228384e-10,0.882
3960.375,2.155526835701512e-05,0.02725323575614528,0.4603475364874967,-0.23232632006924742,1.327218536756493,-6.331618734108263e-10,0.882
3960.2809999994934,2.153913879424181e-05,0.027223115898362654,0.4664470112705268,-0.23522864008757216,1.327218536756493,-6.68064738609328e-10,0.882
3960.372999999672,2.156277937662267e-05,0.02723380318006691,0.456730919090091,-0.229083816880447,1.327218536756493,-6.740753203871717e-10,0.881
3960.300000000745,2.149826276841655e-05,0.027208641282280288,0.48028359682106947,-0.23334707943364102,1.327218536756493,-6.602950985391629e-10,0.881
3960.3759999983013,2.1450614040859025e-05,0.027131241734849983,0.4691938659600492,-0.24598076304026031,1.327218536756493,-7.292567983948797e-10,0.881
3960.5030000023544,2.1609472336788073e-05,0.02731326161866345,0.4456353730216125,-0.22848288885069776,1.327218536756493,-6.382905014410121e-10,0.881
3960.797000002116,2.1543921868270736e-05,0.027243275838844574,0.4608311438453314,-0.22592636929214754,1.327218536756493,-6.026661943157559e-10,0.881
3960.797000002116,2.1578292418404475e-05,0.02727768671484752,0.4483266461423412,-0.22531478929952564,1.327218536756493,-6.010099302215465e-10,0.881
3960.7960000000894,2.166485641260732e-05,0.02735644755476117,0.4263237119668952,-0.22095031628377323,1.327218536756493,-5.965902893656318e-10,0.881
3960.7969999983907,2.161648234983979e-05,0.027326588229093358,0.4430839100835069,-0.22663401185938595,1.327218536756493,-5.993517727045972e-10,0.881
3960.7960000000894,2.1610117395438888e-05,0.027319917580644157,0.4447203020921342,-0.22695002215331186,1.327218536756493,-6.319434426163426e-10,0.881
3960.797000002116,2.170813736664647e-05,0.027436086805155645,0.4380369961535653,-0.2108170916022917,1.327218536756493,-5.463218918795535e-10,0.881
3960.7969999983907,2.1631758175212306e-05,0.027333240945889677,0.439630820726431,-0.22680913015664458,1.327218536756493,-6.175805296391305e-10,0.881
3960.7960000000894,2.1701771597227722e-05,0.02740174474323235,0.4212362485262444,-0.21345051640256374,1.327218536756493,-5.849892388417809e-10,0.881
3960.7960000000894,2.17616017406812e-05,0.027473613982158255,0.4157984563453585,-0.19866334500732788,1.327218536756493,-4.97710261655849e-10,0.881
3960.7960000000894,2.159865926197537e-05,0.02727657578312869,0.441031926652645,-0.21676890571410337,1.327218536756493,-5.75045386640314e-10,0.881
3960.7969999983907,2.1689041485308324e-05,0.027366333715605165,0.4175704540035783,-0.2055596886565669,1.327218536756493,-5.51845446771719e-10,0.88
3960.7010000012815,2.169225370262308e-05,0.02737532099617271,0.4246890588609249,-0.20386545608922726,1.327218536756493,-5.236859599165194e-10,0.881
3960.7969999983907,2.169922639054688e-05,0.027405062181193467,0.43300825497942874,-0.20542166372908713,1.327218536756493,-5.059959816166492e-10,0.88
3960.7969999983907,2.1655943304558683e-05,0.027353042761393012,0.4319854448109903,-0.21857795939608168,1.327218536756493,-5.761503400275925e-10,0.88
3960.7960000000894,2.1649581237487826e-05,0.02737618375011651,0.44892096062175746,-0.2091077051597774,1.327218536756493,-5.214630950671709e-10,0.88
3960.7960000000894,2.1668673871412586e-05,0.02738710419040007,0.4442248202999757,-0.2118211993777418,1.327218536756493,-5.325109804042805e-10,0.88
3960.7969999983907,2.1649580126941405e-05,0.02737618375011651,0.44892096062175746,-0.2091077051597774,1.327218536756493,-5.214637218424577e-10,0.88
3960.797000002116,2.166867316978755e-05,0.02738710419040007,0.4442248202999757,-0.2118211993777418,1.327218536756493,-5.325107954995654e-10,0.88
3960.7960000000894,2.1649580117986352e-05,0.02737618375011651,0.44892096062175746,-0.2091077051597774,1.327218536756493,-5.21463113008714e-10,0.88
3960.7960000000894,2.1666128516290104e-05,0.02739706061754224,0.45524128869732117,-0.21728150383249234,1.327218536756493,-5.573691675947635e-10,0.88
3960.7969999983907,2.166103848296247e-05,0.02738046456092725,0.44761845447999304,-0.21236229891879566,1.327218536756493,-5.424543989833774e-10,0.88
3960.7960000000894,2.1649580531839433e-05,0.02737618375011651,0.44892096062175746,-0.2091077051597774,1.327218536756493,-5.214643144074716e-10,0.88
3960.7969999983907,2.1655945570155163e-05,0.027379618217958066,0.44604566807108936,-0.2056510765117654,1.327218536756493,-4.966062801077954e-10,0.88
3960.797000002116,2.1649578934332686e-05,0.02737618375011651,0.44892096062175746,-0.2091077051597774,1.327218536756493,-5.21463391151802e-10,0.88
3960.7969999983907,2.164957927766742e-05,0.02737618375011651,0.44892096062175746,-0.2091077051597774,1.327218536756493,-5.214635094368399e-10,0.88
3960.797000002116,2.1669947309802683e-05,0.027389138068502135,0.4441370846733461,-0.21504874153188386,1.327218536756493,-5.435600393205509e-10,0.879
3960.7969999983907,2.1722140223429083e-05,0.02743866925362785,0.428720910768563,-0.21133100184336473,1.327218536756493,-5.2256822139785e-10,0.879
3960.7969999983907,2.1661037209644154e-05,0.027396214787270015,0.4536224061362035,-0.21057464886393593,1.327218536756493,-5.115207925458017e-10,0.879
3960.7960000000894,2.164957956833884e-05,0.02737618375011651,0.44892096062175746,-0.2091077051597774,1.327218536756493,-5.21463834625637e-10,0.879
3960.797000002116,2.172341325097229e-05,0.027474197910078085,0.4497692686595416,-0.19432555065654336,1.327218536756493,-4.5627988437370646e-10,0.879
3960.7960000000894,2.166867465828707e-05,0.02738710419040007,0.4442248202999757,-0.2118211993777418,1.327218536756493,-5.3251102943608e-10,0.879
3960.7960000000894,2.1668675817229164e-05,0.02738710419040007,0.4442248202999757,-0.2118211993777418,1.327218536756493,-5.325116136055278e-10,0.879
3960.797000002116,2.174505393212103e-05,0.027484301142091317,0.44353415636788496,-0.1910924474553199,1.327218536756493,-4.49652362625239e-10,0.879
3960.7969999983907,2.1617755205594715e-05,0.027342809539467355,0.4611237774776984,-0.20901667003643223,1.327218536756493,-5.048921303272625e-10,0.879
3960.7960000000894,2.1710681763458273e-05,0.027447714027721754,0.4545650301152415,-0.1997816971760217,1.327218536756493,-4.839007084380046e-10,0.879
3960.7960000000894,2.1742507525218662e-05,0.027485014552578218,0.4450666339379379,-0.19705784059267492,1.327218536756493,-4.673280866360963e-10,0.879
3960.7960000000894,2.1668674986952318e-05,0.027391139257137917,0.44696015554206747,-0.20891405387859857,1.327218536756493,-4.993671824227449e-10,0.879
3960.7969999983907,2.1699225982365704e-05,0.02742138333152828,0.4353266908455664,-0.20609083869252662,1.327218536756493,-5.010253966669832e-10,0.879
3960.7960000000894,2.178578859815527e-05,0.027538273479629376,0.4376498598367107,-0.19860814587448158,1.327218536756493,-4.739573796306267e-10,0.879
3960.7969999983907,2.1697951380095058e-05,0.027444401745452124,0.45901450271875976,-0.1907511990112819,1.327218536756493,-4.148499765012537e-10,0.879
3960.7969999983907,2.1659762329218242e-05,0.02740351734583266,0.4714699104364053,-0.19692864552733091,1.327218536756493,-4.562813600190378e-10,0.878
3960.7960000000894,2.1723412673388007e-05,0.027474197910078085,0.4497692686595416,-0.19432555065654336,1.327218536756493,-4.562805903292684e-10,0.878
3960.7969999983907,2.1668674864967596e-05,0.027379553113569124,0.4258577971316999,-0.1818880953166027,1.327218536756493,-4.0214616837243415e-10,0.879
3960.7969999983907,2.1724685030224715e-05,0.027458021760530794,0.45468945046905507,-0.20005369004149287,1.327218536756493,-4.689867181175983e-10,0.878
3960.7960000000894,2.174505274291884e-05,0.027488711019463718,0.44119366199296417,-0.19020612786163651,1.327218536756493,-4.1650836079498496e-10,0.878
3960.7930000014603,2.172470746649769e-05,0.027459125351372515,0.45434438376405595,-0.19980344229585736,1.327218536756493,-4.673385042708113e-10,0.878
3960.7960000000894,2.1723412844288837e-05,0.027474197910078085,0.4497692686595416,-0.19432555065654336,1.327218536756493,-4.5627945546217233e-10,0.878
3960.7960000000894,2.176796692233197e-05,0.027499927078172635,0.4378089481747365,-0.19501674239798383,1.327218536756493,-4.225839898203878e-10,0.878
3960.7960000000894,2.179215374354656e-05,0.027518345849428708,0.4299604463448641,-0.19673366457423036,1.327218536756493,-4.242410297113265e-10,0.878
3960.7960000000894,2.182906991080296e-05,0.027552122052394035,0.4197302910794902,-0.20353800490177182,1.327218536756493,-4.866613076686294e-10,0.878
3960.7969999983907,2.187107908112875e-05,0.027612176006512345,0.42051047755889437,-0.193405552926303,1.327218536756493,-4.4136496650406003e-10,0.878
3960.795999996364,2.18507114677335e-05,0.02759202718810953,0.42697925283233307,-0.18924125050070914,1.327218536756493,-4.2037461811940164e-10,0.878
3960.7969999983907,2.177433145483503e-05,0.027533240322165968,0.45086077691337545,-0.18833192295193224,1.327218536756493,-4.3749990020058495e-10,0.878
3960.7969999983907,2.1905449633620058e-05,0.027655636398371507,0.41886335842223854,-0.18765634843972936,1.327218536756493,-4.1540371058497057e-10,0.878
3960.7809999994934,2.189409987068544e-05,0.02765165604437527,0.42009529533420853,-0.18440717267035128,1.327218536756493,-3.944579002690609e-10,0.878
3960.7960000000894,2.1803610234906512e-05,0.02755328656826645,0.4326568405841531,-0.20373067996060815,1.327218536756493,-5.004731394806345e-10,0.878
3960.797000002116,2.1930910174249447e-05,0.02770129697022221,0.41567079143828245,-0.18938008412578106,1.327218536756493,-4.2589953995951356e-10,0.877
3960.7960000000894,2.1822705643253663e-05,0.027589830594408594,0.44308192320938744,-0.17667903616994587,1.327218536756493,-3.446966185518764e-10,0.877
3960.797000002116,2.1767966121842802e-05,0.027513147076117725,0.43714215717799076,-0.1996627816503914,1.327218536756493,-4.833488924359182e-10,0.877
3960.7960000000894,2.1905450092099416e-05,0.027655636398371507,0.41886335842223854,-0.18765634843972936,1.327218536756493,-4.1540268014539093e-10,0.877
3960.7960000000894,2.1750145651670944e-05,0.02750653787135795,0.4595196968697519,-0.1876692336327031,1.327218536756493,-4.109843502496338e-10,0.877
3960.797000002116,2.174250777647856e-05,0.027485014552578218,0.4450666339379379,-0.19705784059267492,1.327218536756493,-4.67328720997832e-10,0.877
3960.7960000000894,2.196655342394389e-05,0.027722588073321473,0.40265991556532654,-0.1838284924237702,1.327218536756493,-3.87782746188485e-10,0.877
3960.7969999983907,2.190671873534715e-05,0.02767820239286747,0.42455452528222626,-0.15718876337240645,1.327218536756493,-2.806159754634051e-10,0.877
3960.797000002116,2.1797245762300133e-05,0.027575548470343898,0.45058899689404264,-0.1773376578327437,1.327218536756493,-3.585070073887441e-10,0.877
3960.7969999983907,2.1850710594464996e-05,0.027629729654564374,0.4388120439237455,-0.17543080973224812,1.327218536756493,-3.4580143187019663e-10,0.877
3960.812000002712,2.191676380004062e-05,0.02770884078047121,0.4415716895655981,-0.16538095178379816,1.327218536756493,-2.988509364665518e-10,0.877
3960.797000002116,2.1873622299029034e-05,0.027680134385009627,0.45416312180439355,-0.16079490031198207,1.327218536756493,-2.861428210989031e-10,0.877
3960.797000002116,2.1928362331314648e-05,0.02769144993110667,0.4130673613771565,-0.17420341349267643,1.327218536756493,-3.574010757967124e-10,0.877
3960.7969999983907,2.19767351360739e-05,0.02774996587494489,0.4248459715797015,-0.1718997395981627,1.327218536756493,-3.22600380880033e-10,0.877
3960.7890000008047,2.190676845937263e-05,0.02769790238973781,0.44663326486105115,-0.16646684180099994,1.327218536756493,-3.137829277980634e-10,0.876
3960.7969999983907,2.198182831951575e-05,0.027759727944338213,0.42246174765345446,-0.17125241775069383,1.327218536756493,-3.4303904556014797e-10,0.876
3960.7960000000894,2.19678256640329e-05,0.027750367343524204,0.4222337249465187,-0.16187024066609496,1.327218536756493,-2.507889545847864e-10,0.876
3960.797000002116,2.1843072640034085e-05,0.027601586794655266,0.4194844940762201,-0.14714902117365877,1.327218536756493,-2.2095968966217356e-10,0.876
3960.7960000000894,2.2014925168788554e-05,0.027791430988051622,0.4127271159941426,-0.165830567965103,1.327218536756493,-2.8116986097176053e-10,0.876
3960.797000002116,2.1983099943828312e-05,0.027726461809830308,0.37794200184153226,-0.1446408977636562,1.327218536756493,-2.0493980276202773e-10,0.876
3960.7969999983907,2.1934726762780216e-05,0.027688054143366402,0.39101767108335217,-0.1498240195574776,1.327218536756493,-2.4857890378968604e-10,0.876
3960.7969999983907,2.1947455777626142e-05,0.027685993936457376,0.36756853837032244,-0.14230598709440176,1.327218536756493,-2.1322573974519605e-10,0.876
3960.7960000000894,2.1888899215368156e-05,0.027633406763199937,0.40545458018058156,-0.15145649521302249,1.327218536756493,-2.2924393165521594e-10,0.876
3960.7960000000894,2.1934729079246378e-05,0.02767833119653915,0.39460787279909315,-0.15708127695554952,1.327218536756493,-2.7398983657991015e-10,0.876
3960.763000000268,2.1895477314333755e-05,0.02761855017421246,0.3868218488800097,-0.14786446231416964,1.327218536756493,-2.3431081691915596e-10,0.876
3960.7969999983907,2.192327026195903e-05,0.027674515133580716,0.39588547793945317,-0.15381394251808223,1.327218536756493,-2.529981943210789e-10,0.875
3960.7960000000894,2.1888899947098967e-05,0.027633406763199937,0.40545458018058156,-0.15145649521302249,1.327218536756493,-2.29244855679401e-10,0.875
3960.7969999983907,2.1947456860100385e-05,0.027705688393188568,0.3899627723340289,-0.15162710280771663,1.327218536756493,-2.463700005542183e-10,0.876
3960.797000002116,2.1893993172954216e-05,0.027672534437783922,0.4367031040895939,-0.1904276952428252,1.327218536756493,-4.601472648606042e-10,0.875
3960.7960000000894,2.1955096261047218e-05,0.02770787580204725,0.3844045469479167,-0.15409991398057107,1.327218536756493,-2.695706390817446e-10,0.875
3960.7969999983907,2.198437279252104e-05,0.02777718834787583,0.41855283167241764,-0.15979833345017172,1.327218536756493,-2.491314257727553e-10,0.875
3960.7960000000894,2.1971644472525805e-05,0.0277499016394332,0.42326603620692316,-0.16525563900137463,1.327218536756493,-2.767503542717507e-10,0.875
3960.797000002116,2.1997103955600384e-05,0.027783797327568336,0.4167804520450331,-0.16596729248239622,1.327218536756493,-2.8503693304199114e-10,0.875
3960.7960000000894,2.192199812041956e-05,0.027656425955158978,0.37618654786747463,-0.13856394325164836,1.327218536756493,-1.7179525479588923e-10,0.875
3960.7960000000894,2.201110706443449e-05,0.027791960134692584,0.4116604748314958,-0.16244931698599988,1.327218536756493,-2.552074978172384e-10,0.875
3960.7960000000894,2.1961460762680887e-05,0.027716093126229358,0.3839290731439653,-0.14777851902189723,1.327218536756493,-2.1156870532682818e-10,0.875
3960.7960000000894,2.1964006595181878e-05,0.02770599399745134,0.3751169767101019,-0.13847019513940753,1.327218536756493,-1.8615830659499497e-10,0.875
3960.797000002116,2.1927090246140807e-05,0.027670537495254634,0.38867229895299227,-0.12709268479616043,1.327218536756493,-1.0826979288544304e-10,0.875
3960.797000002116,2.1892717834615774e-05,0.027615064735692852,0.3869883835070116,-0.14279852131658907,1.327218536756493,-1.93891178383978e-10,0.875
3960.797000002116,2.1921997461618577e-05,0.027656425955158978,0.37618654786747463,-0.13856394325164836,1.327218536756493,-1.7179599379643232e-10,0.875
3960.7960000000894,2.1932182174883024e-05,0.02767491769669274,0.3949051719526153,-0.15208073372247488,1.327218536756493,-2.336642981906131e-10,0.874
3960.7960000000894,2.1915632351771975e-05,0.02765254240760293,0.3789109709625338,-0.14195533416393497,1.327218536756493,-1.966534324934999e-10,0.874
3960.7969999983907,2.1957641257075523e-05,0.027712957644220798,0.3931977088421097,-0.13657142663641153,1.327218536756493,-1.900258217472787e-10,0.874
3960.7969999983907,2.1966551767141244e-05,0.027716028812213158,0.3854110020536705,-0.15443269057582454,1.327218536756493,-2.574174472023329e-10,0.874
3960.7969999983907,2.1918178111652488e-05,0.027661114491320863,0.3857494059529989,-0.13273930945852322,1.327218536756493,-1.414131279811945e-10,0.874
3960.7969999983907,2.196018573233014e-05,0.027722797043874026,0.3978119656814689,-0.12082499398730359,1.327218536756493,-9.280255357268293e-11,0.874
3960.7960000000894,2.1997103088905887e-05,0.027773915358327714,0.3987669395305695,-0.13916041051016428,1.327218536756493,-1.8781467456232975e-10,0.874
3960.7960000000894,2.2084940239614425e-05,0.02788192892868631,0.3970987787772322,-0.12704296862483835,1.327218536756493,-1.3754719369732133e-10,0.874
3960.7969999983907,2.209385042312105e-05,0.02787206576324897,0.3804685421862066,-0.11655389186215626,1.327218536756493,-9.225052846357921e-11,0.874
3960.7960000000894,2.208621272784516e-05,0.027875774850744744,0.3935767409878137,-0.12064450826617491,1.327218536756493,-7.89931532376241e-11,0.874
3960.795999996364,2.2070936108026158e-05,0.027850760925609792,0.40138388417484805,-0.12443005827568096,1.327218536756493,-1.0716370090194802e-10,0.874
3960.797000002116,2.2102760674184346e-05,0.0278745118979192,0.37974521736214095,-0.11986325335089561,1.327218536756493,-1.1545132534275805e-10,0.874
3960.7960000000894,2.2112945162140513e-05,0.027893498114733677,0.36814051914388823,-0.10742144366589547,1.327218536756493,-3.2038489679162193e-11,0.874
3960.7969999983907,2.2054388100115985e-05,0.02781792404899625,0.3862898357437863,-0.11790610213022495,1.327218536756493,-8.230761142300005e-11,0.873
3960.797000002116,2.2162589642567322e-05,0.027962159303980418,0.3777279382419989,-0.1251374853331391,1.327218536756493,-1.2207887384117144e-10,0.873
3960.797000002116,2.2123127826590755e-05,0.027902762786559274,0.37029069623159705,-0.11597706340614028,1.327218536756493,-8.230811174566592e-11,0.873
3960.7960000000894,2.205184130971962e-05,0.027829327686828755,0.3895159358523248,-0.10752855565780484,1.327218536756493,-2.5410576203631474e-11,0.873
3960.7969999983907,2.2109125676275845e-05,0.027897060585388118,0.3727071374600994,-0.11280993508938249,1.327218536756493,-6.407764974828515e-11,0.873
3960.7960000000894,2.2097668600864725e-05,0.02789349811473368,0.3740421843311861,-0.10953997191324119,1.327218536756493,-4.30868520548282e-11,0.873
3960.7969999983907,2.2081120708677348e-05,0.02786010379098056,0.37924006300010227,-0.10696139691226944,1.327218536756493,-1.546662326245979e-11,0.873
3960.7960000000894,2.2074755965759137e-05,0.027856024671818067,0.3818968955921571,-0.110311192481956,1.327218536756493,-4.03248836558713e-11,0.873
3960.797000002116,2.2112943307314653e-05,0.027898418358046264,0.37012388416059494,-0.10434940119642246,1.327218536756493,1.103686152157376e-12,0.873
3960.797000002116,2.2126946247285495e-05,0.027904088341452055,0.3676857467369876,-0.10752331068343866,1.327218536756493,-1.712387650033249e-11,0.873
3960.797000002116,2.2216055387098366e-05,0.028025453162356505,0.36408445271277445,-0.09599538588010986,1.327218536756493,2.982909886010923e-11,0.873
3960.7969999983907,2.214094948486663e-05,0.02793532446457672,0.36365138818001297,-0.11019255895462303,1.327218536756493,-4.750501837092111e-11,0.873
3960.7960000000894,2.2129494629770503e-05,0.02790683507405076,0.3676216479802634,-0.11263026547039354,1.327218536756493,-5.7448505923030414e-11,0.873
3960.7960000000894,2.2120582271389292e-05,0.027899951763003084,0.37036392456473033,-0.11086697033690349,1.327218536756493,-4.198105956801136e-11,0.873
3960.7960000000894,2.2120582140475133e-05,0.027899951763003084,0.37036392456473033,-0.11086697033690349,1.327218536756493,-4.1981309860954287e-11,0.872
3960.7960000000894,2.2042931467940726e-05,0.02782905546341346,0.39342773161694566,-0.11149405919807044,1.327218536756493,-3.25916389598502e-11,0.872
3960.7969999983907,2.2091303893131023e-05,0.027874048267966432,0.38126917765301416,-0.11200799117112664,1.327218536756493,-3.2039471145879865e-11,0.872
3960.7969999983907,2.216004498442437e-05,0.027960055541474786,0.3841844066295881,-0.10108387624548537,1.327218536756493,2.043862176853142e-11,0.872
3960.7960000000894,2.218932303657837e-05,0.027985943122891536,0.3733559048270294,-0.09997373829659341,1.327218536756493,1.0496378070394935e-11,0.872
3960.7960000000894,2.2152407154741207e-05,0.02795693148085665,0.3867998253283256,-0.10642476979378257,1.327218536756493,7.182649866683729e-12,0.872
3960.7960000000894,2.2175321920179265e-05,0.027980385286559505,0.3757705189491767,-0.09679861161945692,1.327218536756493,2.872424590240481e-11,0.872
3960.7960000000894,2.2146042608994845e-05,0.027954524440958473,0.3865909870861657,-0.09790507178024317,1.327218536756493,3.866791450372519e-11,0.872
3960.7960000000894,2.2168956290241515e-05,0.02796230273656933,0.3834925831296858,-0.10439260329393985,1.327218536756493,-2.761922117721108e-12,0.872
3960.797000002116,2.215749830464178e-05,0.027947876108322327,0.382554898528213,-0.10248555060183272,1.327218536756493,-6.076994871473429e-12,0.872
3960.7960000000894,2.2205872218694153e-05,0.027993633093279315,0.36989519099495105,-0.10301691648388608,1.327218536756493,-4.418651844289518e-12,0.872
3960.7969999983907,2.224533515338708e-05,0.028048865559591487,0.3728925768704716,-0.09432719676879987,1.327218536756493,3.535357646328877e-11,0.872
3960.797000002116,2.216386348491244e-05,0.02797511308058753,0.37897714067635535,-0.10010027296868992,1.327218536756493,7.733438621587462e-12,0.872
3960.797000002116,2.222878650802528e-05,0.028041222520207798,0.37636792826050547,-0.09127969817390877,1.327218536756493,5.0267777589315716e-11,0.872
3960.797000002116,2.2273339516321373e-05,0.028099596865943145,0.36968652567995797,-0.08416761682454692,1.327218536756493,9.335426549717209e-11,0.872
3960.7960000000894,2.2226239207750352e-05,0.028053234345067107,0.37564919550765863,-0.09004489405088974,1.327218536756493,7.954515164317029e-11,0.871
3960.7960000000894,2.219059715497896e-05,0.028014192990565654,0.38736812434871615,-0.08896704354856606,1.327218536756493,8.451757168901836e-11,0.871
3960.7960000000894,2.2265702769059165e-05,0.02809096822011789,0.3736990026614566,-0.08487678077365934,1.327218536756493,8.175496578164586e-11,0.871
3960.7969999983907,2.222624041281052e-05,0.02803581869902819,0.370855859194144,-0.09346223523820811,1.327218536756493,4.1982068462187986e-11,0.871
3960.785000000149,2.2199599426590255e-05,0.028015354206242862,0.38714195937783025,-0.09236707916722647,1.327218536756493,6.017852019562806e-11,0.871
3960.7960000000894,2.2177867467753335e-05,0.027998090080009818,0.3962790938948455,-0.10083895412850391,1.327218536756493,2.8172496322510743e-11,0.871
3960.7969999983907,2.226188400058006e-05,0.02807482998045356,0.38024867133931295,-0.0923021156319104,1.327218536756493,5.3581976311122436e-11,0.871
3960.7960000000894,2.2232603987406564e-05,0.028061890473909598,0.38651009782107204,-0.08927863529545782,1.327218536756493,6.573581277121181e-11,0.871
3960.7960000000894,2.227079314557889e-05,0.02810936434066706,0.3777742220115541,-0.08155562742046807,1.327218536756493,1.1545179427667961e-10,0.871
3960.7960000000894,2.228097774978193e-05,0.028091031675715684,0.37188008403646133,-0.08816008525909819,1.327218536756493,9.501253869760419e-11,0.871
3960.797000002116,2.2292434894404166e-05,0.028124310250999495,0.3717265893019315,-0.09032199838919303,1.327218536756493,7.899226516392252e-11,0.871
3960.795999996364,2.233316935532746e-05,0.028158768102206976,0.3594371716498097,-0.08662360027745789,1.327218536756493,9.887909590693839e-11,0.871
3960.7960000000894,2.2391727376100513e-05,0.028206078913959938,0.33934131000651213,-0.0873668232783396,1.327218536756493,9.225112187880329e-11,0.87
3960.7960000000894,2.2317893487050287e-05,0.028161046913775387,0.3600917943276216,-0.08318187255397844,1.327218536756493,9.445993795112533e-11,0.871
3960.7960000000894,2.2391727559683605e-05,0.028206078913959938,0.33934131000651213,-0.0873668232783396,1.327218536756493,9.225033407263312e-11,0.871
3960.7960000000894,2.2391727559683605e-05,0.028206078913959938,0.33934131000651213,-0.0873668232783396,1.327218536756493,9.225033407263312e-11,0.871
4376.560000002384,2.472497025903497e-05,0.033180897282218756,0.18103529679575958,-0.47815812023358967,4.915028283303817,-2.5147972901780343e-09,0.91
4376.560000002384,2.472497025903497e-05,0.033180897282218756,0.18103529679575958,-0.47815812023358967,4.915028283303817,-2.5147972901780343e-09,0.91
4376.560000002384,2.472497025903497e-05,0.033180897282218756,0.18103529679575958,-0.47815812023358967,4.915028283303817,-2.5147972901780343e-09,0.91
4346.517000000924,2.507448773435495e-05,0.03310249185324924,0.04573829627025683,-0.1048248327399407,4.932109787633665,-1.870543648751153e-10,0.921
4346.517000000924,2.507448773435495e-05,0.03310249185324924,0.04573829627025683,-0.1048248327399407,4.932109787633665,-1.870543648751153e-10,0.921
4466.695000000298,2.5163399143663884e-05,0.03431983734578382,0.10778157470221306,-0.3949646163539631,4.943645945308579,-1.9844355499945684e-09,0.923
4466.695000000298,2.5163399143663884e-05,0.03431983734578382,0.10778157470221306,-0.3949646163539631,4.943645945308579,-1.9844355499945684e-09,0.923
4080.820000000298,2.2840877998172337e-05,0.029496132776001247,0.2073717839885938,0.04870013330246992,1.365041848868369,8.573225122885413e-10,0.882
3960.7969999983907,2.2129493710964995e-05,0.02786355857770484,0.3144712107306047,-0.09242005408098446,1.383099991189334,6.186777903788921e-11,0.882
3960.797000002116,2.2128220497382128e-05,0.02787566294584275,0.33533189572944977,-0.1066721138669882,1.327218536756493,5.521919518545324e-13,0.881
3960.7960000000894,2.2119309068882486e-05,0.027836612677328246,0.3104282542531882,-0.1049534869202279,1.327218536756493,1.7676990464596432e-11,0.881
3960.7960000000894,2.2107852584541646e-05,0.027832530115322225,0.3101032288116259,-0.08905687109249248,1.327218536756493,1.0219511728595737e-10,0.881
3960.797000002116,2.204038474365461e-05,0.02776768919589554,0.3326014650168281,-0.09146404387153906,1.327218536756493,8.39641682178278e-11,0.88
3960.7969999983907,2.2216057264392642e-05,0.02796113931768442,0.3012047148278665,-0.08700736090888395,1.383099991189334,8.893497920447241e-11,0.88
3960.7969999983907,2.211294522256204e-05,0.0278557047156411,0.3167610301855519,-0.08324911692710664,1.383099991189334,1.1986992626305728e-10,0.879
3960.7809999994934,2.212832470359682e-05,0.02791904837260905,0.36193174723319643,-0.1019702897135657,1.327218536756493,2.599992968239904e-11,0.879
3960.7960000000894,2.2244061976692823e-05,0.028021700274510626,0.3289848042373462,-0.10671999544446285,1.327218536756493,-1.8781688388463038e-11,0.879
3960.7960000000894,2.2168955483079886e-05,0.027961155255256435,0.3450552584167337,-0.09244534253032066,1.327218536756493,8.009790976296174e-11,0.878
3960.797000002116,2.2202054102776036e-05,0.027976705996799748,0.33658854386537884,-0.0851017654722795,1.327218536756493,9.169815564652643e-11,0.878
3960.797000002116,2.2289889491631775e-05,0.0280656856222579,0.3281511341790422,-0.0877667114363511,1.327218536756493,8.838333007053282e-11,0.878
3960.7969999983907,2.2195689788179755e-05,0.02797611662837208,0.3364982408763333,-0.08175767413511287,1.327218536756493,1.1655444636991258e-10,0.878
3960.797000002116,2.2121855358587898e-05,0.027877181616905965,0.3401834675360895,-0.0946371786893488,1.327218536756493,5.303017418655716e-11,0.877
3960.7960000000894,2.2268248648544836e-05,0.028053822093368028,0.3324068534745104,-0.07772806875333499,1.327218536756493,1.6516729025135595e-10,0.877
3960.797000002116,2.2235149192313515e-05,0.028017835546922647,0.3259095374409764,-0.07921052642195374,1.327218536756493,1.3478537800612412e-10,0.877
3960.7969999983907,2.227715921628233e-05,0.028090190877411478,0.3356914061150458,-0.08940925004926506,1.327218536756493,9.777389690633191e-11,0.877
3960.797000002116,2.2352265183037596e-05,0.02813313459307521,0.31442360671428693,-0.08147938087086543,1.327218536756493,1.0550822633148684e-10,0.876
3960.7969999983907,2.2265701479039255e-05,0.028056554167057893,0.33030735340734907,-0.07111652533119721,1.327218536756493,2.1322484995224617e-10,0.876
3960.7960000000894,2.2279705675894748e-05,0.028094061513692092,0.33291136484313366,-0.08283470109100244,1.327218536756493,1.4196485674539748e-10,0.876
3960.797000002116,2.229243403886055e-05,0.028068162513434487,0.3251909246353044,-0.07504126495708602,1.327218536756493,1.6682406492787834e-10,0.876
3960.797000002116,2.2296253639453317e-05,0.028100802127588868,0.32910676754328705,-0.07961010065816197,1.327218536756493,1.568815974921647e-10,0.876
3960.7439999990165,2.2253388886990835e-05,0.028012681747396607,0.32098929357545813,-0.0949541204840871,1.327218536756493,6.403109233133947e-11,0.875
3960.752000000328,2.2724383510014112e-05,0.02855736635100524,0.2908599794408131,-0.07178439927808819,1.327218536756493,2.165568898000824e-10,0.875
3960.7960000000894,2.2219874581084323e-05,0.028026741113957625,0.3457012113100095,-0.09093150198220781,1.327218536756493,1.0053730029415305e-10,0.875
3960.797000002116,2.2157498534883485e-05,0.02793703130900041,0.35525086855663535,-0.11041462899341126,1.327218536756493,-2.1544227498469805e-11,0.875
3960.797000002116,2.236754064604751e-05,0.02821708879069109,0.32978279589125936,-0.05151171420661706,1.327218536756493,2.9056062130331777e-10,0.875
3960.7960000000894,2.2249153875220857e-05,0.028032385142113595,0.31448634431744926,-0.07721192716756367,1.327218536756493,1.938927947772582e-10,0.874
3960.797000002116,2.226824626730102e-05,0.028057062430485537,0.3312392870272727,-0.07831674803340825,1.327218536756493,1.4307191858868215e-10,0.874
3960.7960000000894,2.2368815605566774e-05,0.02815984423065002,0.30226194481267843,-0.0673785273667826,1.383099991189334,1.878153562702694e-10,0.874
3960.797000002116,2.238918061063699e-05,0.02821587270262547,0.33577709787243926,-0.07926662627619005,1.327218536756493,1.4583256569100327e-10,0.874
3960.7969999983907,2.225806515582201e-05,0.02803138360879054,0.3292373282856964,-0.10148856456586339,1.327218536756493,4.032455280070041e-11,0.874
3960.7969999983907,2.2468106344395135e-05,0.028298321662470642,0.31142098770136917,-0.07576635999599589,1.327218536756493,1.5025054264330864e-10,0.873
3960.7960000000894,2.2350990773792478e-05,0.028187935624926615,0.3466469999010613,-0.0751650996601037,1.327218536756493,1.629567243836118e-10,0.873
3960.797000002116,2.2362448271221077e-05,0.02819117635435638,0.34534179139839694,-0.07842476613274456,1.327218536756493,1.4196637739167754e-10,0.873
3960.7960000000894,2.2421006423882494e-05,0.028254461891103,0.3269651634521038,-0.07671922218222477,1.327218536756493,1.6240452051198468e-10,0.873
3960.7960000000894,2.2389181095024707e-05,0.02821587270262547,0.33577709787243926,-0.07926662627619005,1.327218536756493,1.4583326325290107e-10,0.873
3960.7969999983907,2.235226574034082e-05,0.02816644253093535,0.33846237425842896,-0.08549143977027934,1.327218536756493,1.1434554390268198e-10,0.873
3960.7960000000894,2.2424824446484512e-05,0.02823627077930583,0.3258520151943385,-0.07852911258857602,1.327218536756493,1.5743353251545327e-10,0.873
3960.7969999983907,2.2403184127320204e-05,0.028222331583340147,0.3321408898817131,-0.07604694536835634,1.327218536756493,1.6406123229588508e-10,0.872
3960.7960000000894,2.2376452111040805e-05,0.028202982105506008,0.34111938489156657,-0.07813226390004605,1.327218536756493,1.679284551683467e-10,0.872
3960.7960000000894,2.2403184391531e-05,0.028222331583340147,0.3321408898817131,-0.07604694536835634,1.327218536756493,1.6406196089453206e-10,0.872
3960.797000002116,2.2387907744160673e-05,0.028217973185457275,0.3336212598676007,-0.0696875306482147,1.327218536756493,2.0549223529283885e-10,0.872
3960.797000002116,2.2405730776609507e-05,0.02822776284733557,0.3206130094368942,-0.07178398247865299,1.327218536756493,1.6240391849908547e-10,0.872
3960.7960000000894,2.2464289196865034e-05,0.028301738701840145,0.3081347332911162,-0.05980572019195601,1.327218536756493,2.4636952619865554e-10,0.872
3960.7969999983907,2.2445193012203543e-05,0.02829340796097821,0.3125592238430994,-0.06291458522456589,1.327218536756493,2.3532194781182844e-10,0.872
3960.7960000000894,2.2435009888616027e-05,0.028273051106925653,0.3202993997252457,-0.06566114210599135,1.327218536756493,1.8892028751822588e-10,0.871
3960.7960000000894,2.2445192884916565e-05,0.02829340796097821,0.3125592238430994,-0.06291458522456589,1.327218536756493,2.3532045825809624e-10,0.871
3992.1940000019968,2.428907709997112e-05,0.030608726168317692,0.34253329555407763,-0.2838632923242381,1.347064977922921,-1.267135419456179e-09,0.871
3960.7969999983907,2.2168956915208607e-05,0.027937493893733317,0.33976081978667505,-0.05595087633585619,1.327218536756493,2.679123709224699e-10,0.871
3960.7969999983907,2.2431188425584122e-05,0.028271553700904062,0.3080217560016254,-0.06327470978590259,1.327218536756493,2.4692175133197466e-10,0.871
3960.7960000000894,2.2393000053433864e-05,0.02825395717871542,0.32631663528361177,-0.06229165957369529,1.327218536756493,2.5852241218363076e-10,0.871
3960.7960000000894,2.238536257550741e-05,0.028192504155406015,0.3185912559833719,-0.048204707656460385,1.327218536756493,3.1265646726736167e-10,0.87
3960.7969999983907,2.2459194538132317e-05,0.028273319055427192,0.2998149235250418,-0.04701580860887134,1.327218536756493,3.170772047829919e-10,0.87
3960.7960000000894,2.2366269241491138e-05,0.028198683930301963,0.3310953654688902,-0.05579519249544073,1.327218536756493,3.2591505495039294e-10,0.87
3960.7969999983907,2.2387907776130955e-05,0.028216457063172586,0.32970866568416035,-0.046268195001133126,1.327218536756493,3.40828519282536e-10,0.87
3960.7960000000894,2.244264758356729e-05,0.02826794383823053,0.315007643137148,-0.04239801799820784,1.327218536756493,3.579539430305883e-10,0.87
3960.7609999999404,2.2405902523585448e-05,0.02821601484549405,0.31953940375101286,-0.044619942839706446,1.327218536756493,3.413329026545927e-10,0.87
3960.7960000000894,2.2410822299352803e-05,0.02822353160370583,0.32553804156923727,-0.06069735810934676,1.282503413636793,2.3145524541098108e-10,0.869
3960.7390000000596,2.2509173748966675e-05,0.028334329436196817,0.3073192708200989,-0.04323633068429895,1.282503413636793,3.2141272998965377e-10,0.87
3960.797000002116,2.2440101393726242e-05,0.028261195784428067,0.3196217359347884,-0.04536278618100928,1.282503413636793,3.231525030810969e-10,0.87
3960.797000002116,2.25037488720652e-05,0.02834087138899123,0.32849319806626465,-0.07056716010612087,1.383099991189334,1.933387474160079e-10,0.869
3960.7960000000894,2.2562307564743024e-05,0.028407776796701156,0.32103584377953,-0.061642484892030044,1.327218536756493,2.5134128726100656e-10,0.869
3960.7960000000894,2.241209627774636e-05,0.028251606992925338,0.3506270816472381,-0.06698773553793029,1.327218536756493,2.2095881634277296e-10,0.869
3960.7960000000894,2.2412094706864877e-05,0.028251606992925338,0.3506270816472381,-0.06698773553793029,1.327218536756493,2.2095909590620294e-10,0.869
3960.7969999983907,2.2549576981262746e-05,0.02837958895965047,0.31420537609638677,-0.06091150646422048,1.383099991189334,2.3918777605666336e-10,0.869
3960.7960000000894,2.2477015445254852e-05,0.028313954786476272,0.32755046539266663,-0.06202661234040082,1.383099991189334,2.4581745950443945e-10,0.869
3960.7969999983907,2.248338054103218e-05,0.02833256788312785,0.33189160221051317,-0.06444396938077936,1.383099991189334,2.3090162067947837e-10,0.869
3960.797000002116,2.2608133316798405e-05,0.02845955944957983,0.3218483827092342,-0.043798233959355774,1.383099991189334,3.2039027077605287e-10,0.868
3960.7969999983907,2.2465558290063115e-05,0.028265106067974825,0.28930459616789905,-0.034861232816606136,1.3404062136890413,3.7176360018287544e-10,0.869
3960.797000002116,2.252920910858216e-05,0.02835300774394738,0.32118163018766044,-0.0583719443147521,1.383099991189334,2.524459210269988e-10,0.868
3960.7969999983907,2.2550851197691524e-05,0.028403211512827587,0.32677185420070165,-0.043599392149986,1.383099991189334,3.336478258378339e-10,0.868
3960.797000002116,2.2473196803223393e-05,0.028334832716958774,0.32960419614224756,-0.05155355071307632,1.383099991189334,3.214955389805049e-10,0.868
3960.7960000000894,2.252539118126851e-05,0.02835409221707765,0.32036328309503936,-0.055063687890711525,1.383099991189334,2.784085846034716e-10,0.868
3960.7960000000894,2.2483383017583505e-05,0.028304871937549332,0.3251254262985186,-0.0499824988069325,1.383099991189334,3.1376256649704524e-10,0.868
3960.797000002116,2.251011509855041e-05,0.02834975407564818,0.32201680365702723,-0.04872172855754376,1.383099991189334,3.198382650860058e-10,0.868
3960.7960000000894,2.2519026463132052e-05,0.02834980123292793,0.32279027129932114,-0.05830198130517138,1.383099991189334,2.5576085458006066e-10,0.868
3960.7960000000894,2.2525391118105366e-05,0.028359372537049985,0.3171957187835135,-0.04847711551962315,1.383099991189334,3.314393402162347e-10,0.868
3960.797000002116,2.254830480992623e-05,0.028387140896380232,0.3096964425015991,-0.0522743523445282,1.383099991189334,2.9166619410822624e-10,0.868
3960.7969999983907,2.2524118665692744e-05,0.02836784099736969,0.31871465720799064,-0.050092657476319476,1.383099991189334,2.839317896298209e-10,0.868
3960.797000002116,2.2643776225007258e-05,0.02851074788738517,0.29686797341669235,-0.04585921226780884,1.383099991189334,3.126564260665421e-10,0.868
3960.7960000000894,2.2589038141489282e-05,0.02845857294966752,0.3214835777997411,-0.02774738589940566,1.383099991189334,4.2700359966654936e-10,0.868
3960.7960000000894,2.253048307784415e-05,0.028379479041369577,0.313066776898439,-0.04604786906407397,1.383099991189334,3.2425779938754834e-10,0.868
3960.7969999983907,2.2549578173756627e-05,0.0283718622378743,0.3104064060689926,-0.0390112093689961,1.383099991189334,3.783926845580148e-10,0.868
3960.7969999983907,2.247574263415828e-05,0.028334455257225357,0.3286959221659007,-0.03965547251161188,1.383099991189334,3.739731387215022e-10,0.867
3960.7969999983907,2.2507568338143122e-05,0.028367416848929433,0.3182908982609858,-0.04024072288472283,1.383099991189334,3.5740192934081216e-10,0.867
3960.7660000026226,2.265170410130053e-05,0.028526561410067486,0.29950005935064183,-0.024523347513307696,1.383099991189334,4.469037929015314e-10,0.867
3960.7969999983907,2.249865568207442e-05,0.028346468592047345,0.32346580429884986,-0.045471411474982806,1.383099991189334,3.4082994764846623e-10,0.867
3960.7960000000894,2.250247626640149e-05,0.02834881091357981,0.32105327746263423,-0.030141374663322694,1.383099991189334,4.2313767647313e-10,0.867
3960.7960000000894,2.2667964123053784e-05,0.02853407444853573,0.2959168039330109,-0.027580290135940006,1.383099991189334,4.3197601535271444e-10,0.867
3960.7960000000894,2.262213722114657e-05,0.028494565889042582,0.30953015189061084,-0.025095875239969014,1.383099991189334,4.369476642054888e-10,0.867
3960.797000002116,2.2541939665993728e-05,0.02838492733515,0.3100772085147083,-0.04164468315714339,1.383099991189334,3.656878013532411e-10,0.867
3960.7960000000894,2.2622137011553908e-05,0.028471410434349916,0.3153459534056813,-0.03407954142592866,1.383099991189334,3.9164988486818364e-10,0.867
3960.7960000000894,2.254957664837499e-05,0.02840947094219961,0.3230939557265007,-0.03381495992513558,1.383099991189334,4.0269826987105414e-10,0.866
3960.797000002116,2.2591585641293684e-05,0.02842855447340604,0.29446717144233014,-0.04199743998544233,1.383099991189334,3.6071518543742125e-10,0.866
3960.7969999983907,2.2639957694694115e-05,0.02848198918026764,0.29107407656794093,-0.03902234677001705,1.383099991189334,3.7121093674354766e-10,0.866
3960.7969999983907,2.252411844062637e-05,0.028374689331381323,0.3144798747258646,-0.03710300131503882,1.383099991189334,3.723151370933111e-10,0.866
3960.7969999983907,2.268451268421437e-05,0.02853268445128207,0.2853131310088606,-0.03318487942146362,1.383099991189334,3.877828662250054e-10,0.866
4080.8210000023246,2.3816404731702153e-05,0.030953258337058337,0.41516921223651426,-0.26317021011744524,1.3087934145318991,-8.816862815371922e-10,0.866
4080.8209999985993,2.385141170392639e-05,0.030988395767914585,0.4054141203844215,-0.2663053609674928,1.3087934145318991,-9.211011922570505e-10,0.866
4080.820000000298,2.38957530367895e-05,0.031010217887744326,0.39299817694488315,-0.263071233111505,1.3087934145318991,-8.979303023914584e-10,0.866
4080.8209999985993,2.3837408639910656e-05,0.030959909017737014,0.41202215042739354,-0.2631028215893271,1.3087934145318991,-8.924361451739798e-10,0.866
4080.8210000023246,2.3811736422881337e-05,0.030935226446465795,0.4097191268341893,-0.26104666786247266,1.3087934145318991,-8.888514103205657e-10,0.865
4080.8210000023246,2.3811737136244652e-05,0.030935226446465795,0.4097191268341893,-0.26104666786247266,1.3087934145318991,-8.888521671855293e-10,0.866
4080.8210000023246,2.3874750928120716e-05,0.031014553374317726,0.3944135926953596,-0.2623791479833163,1.3087934145318991,-9.077238004954399e-10,0.866
4080.820000000298,2.385841305821145e-05,0.030990293953554737,0.40189976441030195,-0.2641977435153086,1.3087934145318991,-9.05573891225947e-10,0.866
4080.8209999985993,2.384207627033384e-05,0.0309796626159537,0.4051250635736179,-0.26218752907238535,1.3087934145318991,-8.929134373189463e-10,0.865
4080.820000000298,2.3888753099966875e-05,0.031033920179066515,0.41280026590769703,-0.24824691814956715,1.3087934145318991,-8.026187605851039e-10,0.865
4080.8209999985993,2.3802401914723887e-05,0.03094866989172921,0.4184458323254079,-0.2661512629110158,1.3087934145318991,-8.974524111472836e-10,0.865
4080.820000000298,2.3888753541408432e-05,0.03104109501663774,0.409793617014627,-0.2466706602823812,1.365041848868369,-8.293725182948412e-10,0.865
4080.820000000298,2.386074682546999e-05,0.031027827033489917,0.415867539606781,-0.24656993802287877,1.365041848868369,-8.121738426825571e-10,0.865
4080.8209999985993,2.3914424931059976e-05,0.031049242538021334,0.40895063745796145,-0.2545777207068203,1.365041848868369,-8.769093830032433e-10,0.865
4080.8210000023246,2.384441076062393e-05,0.0309889381185333,0.4007718457550675,-0.2580054905849999,1.3087934145318991,-8.573215013912189e-10,0.865
4080.820000000298,2.3909756029392825e-05,0.03105930894705977,0.4032861380059658,-0.2472450089650054,1.365041848868369,-8.047681788307609e-10,0.865
4080.820000000298,2.385141189922903e-05,0.030974155667713214,0.40638443223627974,-0.2616422283949927,1.3087934145318991,-8.752366224316649e-10,0.865
4080.7619999982417,2.4232180499349975e-05,0.03142024717873981,0.36279265136723726,-0.23406446491028837,1.365041848868369,-7.723807211440843e-10,0.865
4080.820000000298,2.3891086299024905e-05,0.03104775394791197,0.39374414180583805,-0.25383159306618147,1.3087934145318991,-8.64009837487486e-10,0.865
3960.7960000000894,2.2739249478484624e-05,0.028631735754842295,0.2874326662570832,-0.02836291861707266,1.383099991189334,4.3749879417209684e-10,0.862
3960.7999999970198,2.323443921710605e-05,0.029538397621508575,0.5820872490628655,-0.41084230009898803,1.327218536756493,-1.8317517184453248e-09,0.862
3960.7840000018477,2.351962263110461e-05,0.029918189103214223,0.5772157349444331,-0.4256720970442511,1.327218536756493,-1.975382621755194e-09,0.862
3960.797000002116,2.3466120424205108e-05,0.029818763308968606,0.581184147589004,-0.4273837773089881,1.327218536756493,-1.964878323330108e-09,0.862
3960.7969999983907,2.3501765257835217e-05,0.02988742991665849,0.5629407485092037,-0.41857328471027816,1.327218536756493,-1.9610122417081558e-09,0.862
3960.797000002116,2.3546320188977394e-05,0.029920884985053027,0.577270697512307,-0.43851902626395856,1.3645943887454903,-2.0234319690020866e-09,0.862
3960.7960000000894,2.3505585624796675e-05,0.029889412930795334,0.5845405215541315,-0.429051759045437,1.327218536756493,-1.962668025857057e-09,0.862
3960.7969999983907,2.349158184347013e-05,0.029881823089608284,0.5814145126114352,-0.41887791277290715,1.327218536756493,-1.916267369080165e-09,0.862
3960.7969999983907,2.3399927324409302e-05,0.02978700382965616,0.5924574250450978,-0.4254787863084596,1.327218536756493,-1.9748218964489974e-09,0.862
3960.7960000000894,2.3454665187788846e-05,0.029814294505534515,0.578126242787794,-0.4196040142434613,1.327218536756493,-1.93504987700371e-09,0.862
3960.797000002116,2.3422840612821962e-05,0.029822768222556542,0.5912702641908902,-0.4205007659878006,1.327218536756493,-1.919029612198008e-09,0.862
3960.7969999983907,2.3483943128763904e-05,0.029820437069620117,0.5621684344536835,-0.4010164902959904,1.327218536756493,-1.8439035920020071e-09,0.862
3960.7960000000894,2.3491581473221243e-05,0.029823485463724587,0.5606074387436641,-0.40083055996880546,1.327218536756493,-1.8405894606507703e-09,0.862
3960.7969999983907,2.3482673189394687e-05,0.029819017367972482,0.5611225981423544,-0.3979370680562486,1.327218536756493,-1.8173880780156359e-09,0.862
3960.7960000000894,2.3482671696912548e-05,0.029819017367972482,0.5611225981423544,-0.3979370680562486,1.327218536756493,-1.8173882317564263e-09,0.862
3960.7969999983907,2.3478850624584134e-05,0.02984786140847509,0.5716054390385441,-0.40802825710059215,1.327218536756493,-1.8632375633993287e-09,0.862
3960.797000002116,2.3522133766174945e-05,0.029882538913340494,0.571350715429503,-0.4064475518179394,1.327218536756493,-1.8571621698497862e-09,0.861
3960.7960000000894,2.3455939862557198e-05,0.029798072650590004,0.5721383374241835,-0.40037522111909873,1.327218536756493,-1.813522114567516e-09,0.861
3960.797000002116,2.348521789204166e-05,0.029825891084192813,0.5632838142037264,-0.3996693322079302,1.327218536756493,-1.8035795280914386e-09,0.861
3960.7960000000894,2.352340661357174e-05,0.029877900667660624,0.5580468356898738,-0.4009713118454592,1.327218536756493,-1.8085507212679153e-09,0.861
3960.7960000000894,2.3515770307867763e-05,0.02985331041279168,0.5519541661148533,-0.3976830522570534,1.327218536756493,-1.7787203039487153e-09,0.861
3960.7960000000894,2.351704182108619e-05,0.029860758264576476,0.5544778232262981,-0.39712904319498255,1.327218536756493,-1.787006787851578e-09,0.861
3960.7960000000894,2.351449699262298e-05,0.02985466877678994,0.5556587974062044,-0.3984316167490124,1.327218536756493,-1.7930844251929222e-09,0.861
3960.7960000000894,2.353995674597964e-05,0.029868159499233597,0.5431254288035228,-0.39472942382102333,1.327218536756493,-1.7770628544249786e-09,0.861
3960.7960000000894,2.35132243596163e-05,0.029847219405479956,0.5540568150315335,-0.39715730195297927,1.327218536756493,-1.7731964186104028e-09,0.861
3960.7960000000894,2.354377590377393e-05,0.029882374871916383,0.5468860940755582,-0.3977589078973867,1.327218536756493,-1.7831395566595122e-09,0.861
3960.7969999983907,2.3545049056658677e-05,0.02988206169942428,0.5452859208544041,-0.3946346939464095,1.327218536756493,-1.756625912817264e-09,0.861
3960.7960000000894,2.359978545619606e-05,0.02995059806449078,0.536033746610939,-0.38059808087106384,1.327218536756493,-1.6997279124223733e-09,0.861
3960.7969999983907,2.351577082961967e-05,0.029848234659682393,0.5535334847595044,-0.3971178450718395,1.327218536756493,-1.7737488743213062e-09,0.861
3960.797000002116,2.3553958531531376e-05,0.02988374682700744,0.5426742455482287,-0.39144125417360875,1.327218536756493,-1.7334241465900142e-09,0.86
3960.7960000000894,2.3514496452643496e-05,0.029840455139346505,0.5534628103472112,-0.3899754185977066,1.327218536756493,-1.7069073573031477e-09,0.86
3960.7960000000894,2.3537409366213496e-05,0.029877289141036746,0.5442279164298691,-0.3886530611584366,1.327218536756493,-1.7096704498184031e-09,0.86
3960.7809999994934,2.3620227465375926e-05,0.029957679597140383,0.5324430174431258,-0.3802350452599488,1.327218536756493,-1.6975610596877706e-09,0.86
3960.7960000000894,2.353359204781927e-05,0.02987664777039812,0.5462923605021155,-0.39181431141221984,1.327218536756493,-1.7356333516286814e-09,0.86
3960.7960000000894,2.358451056152698e-05,0.029905272310128846,0.5297872485921316,-0.3858685106398633,1.327218536756493,-1.7113293485023373e-09,0.86
3960.7960000000894,2.356414235158142e-05,0.029898178364554533,0.5333871136070671,-0.38623997181247083,1.327218536756493,-1.713537424396444e-09,0.86
3960.7969999983907,2.3580690558725675e-05,0.029904661343233368,0.5318205983278146,-0.38902557465804916,1.327218536756493,-1.7372908362492768e-09,0.86
3960.7969999983907,2.354632140708061e-05,0.02987891487934596,0.5416730549860054,-0.38546173595907063,1.327218536756493,-1.6864707850004214e-09,0.86
3960.7960000000894,2.353359174683087e-05,0.02987664777039812,0.5462923605021155,-0.39181431141221984,1.327218536756493,-1.7356334320619397e-09,0.86
3960.7839999981225,2.3580710868227165e-05,0.029921048815346345,0.5374801736644939,-0.3959827119569646,1.327218536756493,-1.7825922091119243e-09,0.86
3960.797000002116,2.3575597853028758e-05,0.029903648004764735,0.532338342829858,-0.38905705029566345,1.327218536756493,-1.7345290443107067e-09,0.86
3960.797000002116,2.3597240620028552e-05,0.02993744220257969,0.5412041309001063,-0.37947353122912075,1.327218536756493,-1.667688773567959e-09,0.86
3960.797000002116,2.3510676521955444e-05,0.02985354925050036,0.5486983228039124,-0.391939968503888,1.327218536756493,-1.7367392613581728e-09,0.859
3960.7969999983907,2.355777749967496e-05,0.02988438804528804,0.5406123369527798,-0.3882807840033109,1.327218536756493,-1.7074617647609518e-09,0.859
3960.7960000000894,2.3573053309233604e-05,0.02989977315863135,0.5308628961461732,-0.38305211121754645,1.327218536756493,-1.6903377490397265e-09,0.859
3960.7960000000894,2.3603605292392086e-05,0.02995123785157061,0.5340258081836167,-0.3774454076060017,1.327218536756493,-1.6737658097928536e-09,0.859
3960.7809999994934,2.3537536558780705e-05,0.029877289141036746,0.5442279164298691,-0.3886530611584366,1.327218536756493,-1.7096475485361453e-09,0.859
3960.7969999983907,2.358578160306749e-05,0.02993200851412816,0.5422828806565656,-0.37665163986173844,1.327218536756493,-1.646697544514177e-09,0.859
3960.787000000477,2.3585781422217303e-05,0.02993200851412816,0.5422828806565656,-0.37665163986173844,1.327218536756493,-1.6467028167763366e-09,0.861
3960.782999999821,2.348269666235281e-05,0.029751510993848877,0.5077802666269933,-0.4883391081516282,1.3951233065815583,-2.2626225243166295e-09,0.859
3960.7960000000894,2.3665981642517298e-05,0.030031074221459845,0.5207730544587892,-0.3767305943206638,1.327218536756493,-1.6571943560446894e-09,0.859
3960.6590000018477,2.3772560140410613e-05,0.0301579324766403,0.5387601258840373,-0.4038784851486995,1.3645943887454903,-1.8260363270611729e-09,0.859
3960.797000002116,2.3682530322389113e-05,0.03006001127868826,0.5148376995133943,-0.3829084013710908,1.327218536756493,-1.712985716694485e-09,0.859
3960.7960000000894,2.3590877364106415e-05,0.02994427385230588,0.543272774509969,-0.3735882979892175,1.327218536756493,-1.6599548226965565e-09,0.859
3960.7960000000894,2.359851293446418e-05,0.02995980670540636,0.5322146795075229,-0.3592321695782677,1.327218536756493,-1.5770952086221998e-09,0.859
3960.7960000000894,2.353868360557951e-05,0.029892931338838632,0.5279158772436454,-0.3571341441989327,1.327218536756493,-1.5804110378663277e-09,0.859
3960.7809999994934,2.3652117898422673e-05,0.03004553881780204,0.5553668797589015,-0.3696549381139957,1.327218536756493,-1.6157439999407555e-09,0.859
3960.797000002116,2.3693987323933668e-05,0.03005480733344113,0.5370049508561556,-0.3682493624637984,1.327218536756493,-1.6229445502095281e-09,0.859
3960.7969999983907,2.3550140015297516e-05,0.029895241932389127,0.5614333759514736,-0.37564874609124693,1.327218536756493,-1.6400698968728276e-09,0.859
3960.797000002116,2.3608695985889233e-05,0.029952249579989133,0.5335094770778648,-0.37741519573386995,1.327218536756493,-1.6765272047877726e-09,0.858
3960.800000000745,2.3573028452747295e-05,0.029899773158631324,0.5308628961462314,-0.3830521112176454,1.327218536756493,-1.6903432931504559e-09,0.858
3960.7960000000894,2.3552685643844435e-05,0.029890650384228102,0.5354237039636573,-0.3836595298657628,1.327218536756493,-1.7013846888441493e-09,0.859
3960.7960000000894,2.3598512773944755e-05,0.02992712479631103,0.5206968814049793,-0.384738607161465,1.327218536756493,-1.7262432554253536e-09,0.858
3960.7960000000894,2.3699079152485955e-05,0.030013618418187834,0.5120716969362031,-0.36518843512206445,1.327218536756493,-1.6212876757660776e-09,0.858
3960.7890000008047,2.352219193393605e-05,0.02984905579590931,0.5420945756863143,-0.37782537895556595,1.327218536756493,-1.674305332050198e-09,0.858
3960.797000002116,2.360233247349661e-05,0.02992767574338289,0.5187155537811661,-0.3815862318263359,1.327218536756493,-1.7002795989536191e-09,0.858
3960.7969999983907,2.3567959853986386e-05,0.02988641599393553,0.5271989960475771,-0.36585345278970227,1.327218536756493,-1.5859344998007559e-09,0.858
3960.7960000000894,2.361760689135309e-05,0.029933750379207497,0.5156727364503979,-0.3815064895906574,1.327218536756493,-1.7151958047827878e-09,0.858
3960.7960000000894,2.3706715163213788e-05,0.03003178648771154,0.5047580761121391,-0.3618552669352718,1.327218536756493,-1.6047155408076711e-09,0.858
3960.7969999983907,2.368634906765861e-05,0.03003784006893852,0.5245514781081062,-0.35581431796312674,1.327218536756493,-1.5859348217104485e-09,0.858
3960.739999998361,2.3630574449950826e-05,0.029931606530868262,0.5099967427096299,-0.3693884159159176,1.327218536756493,-1.6350880672760023e-09,0.858
3960.7660000026226,2.3649598488297102e-05,0.029963614298314883,0.5211866328542749,-0.36466447422954895,1.327218536756493,-1.5937667919369538e-09,0.858
3960.7960000000894,2.356923461735566e-05,0.029899191888399283,0.5328690023437037,-0.38620856003300974,1.327218536756493,-1.716298560861021e-09,0.858
3960.7960000000894,2.3743634351190418e-05,0.03008318828629713,0.5193921672070667,-0.359554056116525,1.327218536756493,-1.5897998854449947e-09,0.858
3960.7789999991655,2.3761615951131227e-05,0.030121441661577802,0.5187067657134268,-0.3502386372419717,1.327218536756493,-1.5273579660862705e-09,0.858
3960.7969999983907,2.363033975696545e-05,0.02996499740561836,0.5353672785138994,-0.3715767148516416,1.327218536756493,-1.6566412758654745e-09,0.857
3960.7960000000894,2.376909317119752e-05,0.03012546550701348,0.5167198077252411,-0.3502304854375978,1.327218536756493,-1.5373229681019197e-09,0.857
3960.797000002116,2.3653251178652312e-05,0.030037484009696903,0.545578718152889,-0.3457960404155228,1.327218536756493,-1.5014173463230624e-09,0.857
3960.7960000000894,2.3700353395863496e-05,0.03005829155600158,0.5279170297648967,-0.3553837088836859,1.327218536756493,-1.567152855836276e-09,0.857
3960.797000002116,2.3780548647336695e-05,0.030128142841657914,0.5138322459976812,-0.3470510102627629,1.327218536756493,-1.51633211612879e-09,0.857
3960.7960000000894,2.379073239740922e-05,0.030149907695486308,0.5098631494605064,-0.34952940235355795,1.327218536756493,-1.5174357650687798e-09,0.857
3960.7960000000894,2.3770364821450794e-05,0.03011429505215774,0.5168758651723042,-0.3424163778500495,1.327218536756493,-1.4964445827718626e-09,0.857
3960.7969999983907,2.3674891329439527e-05,0.030014138082718328,0.5313302608327137,-0.3508585174971985,1.327218536756493,-1.5301417220389153e-09,0.857
3960.7969999983907,2.373472045063287e-05,0.03010061854973495,0.5292484870410026,-0.35256613920114643,1.327218536756493,-1.5235131823452822e-09,0.857
3960.6830000020564,2.3750934169485478e-05,0.030118734139527793,0.5216259446752329,-0.3534201617214982,1.327218536756493,-1.5483688835765737e-09,0.857
3960.797000002116,2.3741087357617076e-05,0.030107353967483586,0.5249752220521842,-0.3519234688142605,1.327218536756493,-1.5616291564167184e-09,0.857
3960.7969999983907,2.3784366645662745e-05,0.030138835015874128,0.5100156022161579,-0.3417980360733102,1.327218536756493,-1.4782164085603242e-09,0.857
3960.7960000000894,2.365707055897126e-05,0.03001003991239715,0.5365508139984358,-0.3572192207325721,1.327218536756493,-1.5759915630663653e-09,0.856
3960.7960000000894,2.379837144567788e-05,0.030167993687636122,0.5075618502286576,-0.3455710346941613,1.327218536756493,-1.4992076133250102e-09,0.857
3960.7960000000894,2.3723263971214316e-05,0.030103327701118447,0.5293248853020645,-0.3478249840940186,1.327218536756493,-1.4969974198629773e-09,0.857
3960.797000002116,2.3744906963628577e-05,0.030108020025820716,0.5230918228918147,-0.3487882384154858,1.327218536756493,-1.5356659453539365e-09,0.856
3960.7960000000894,2.375763543983151e-05,0.0301281428416579,0.5168263600870251,-0.3454969357252664,1.327218536756493,-1.5108082572452894e-09,0.856
3960.7969999983907,2.374108888879729e-05,0.030111675683656615,0.520484048182881,-0.3446045815232876,1.327218536756493,-1.4865022532117664e-09,0.856
3960.7960000000894,2.3730902932897235e-05,0.03010161045312454,0.5247594077622901,-0.34578488401988866,1.327218536756493,-1.5008642292055176e-09,0.856
3960.797000002116,2.3748724285339075e-05,0.030093852008321424,0.5254209115833102,-0.347076617040279,1.327218536756493,-1.4787694072564106e-09,0.856
3960.7960000000894,2.3724537515610064e-05,0.030108197638888768,0.5316104926806666,-0.35672452610655137,1.327218536756493,-1.5588665332736695e-09,0.856
3960.7960000000894,2.3811099668897423e-05,0.030182584606809858,0.5041758577233315,-0.3502053368169511,1.327218536756493,-1.5218557216530662e-09,0.856
3960.7960000000894,2.3685074323672817e-05,0.030076136305126733,0.5396289724423573,-0.35115672792563735,1.327218536756493,-1.522961107153432e-09,0.856
3960.797000002116,2.3749996562895495e-05,0.030118734139527793,0.5216259446752329,-0.3534201617214982,1.327218536756493,-1.548371234220075e-09,0.856
3960.7960000000894,2.3825102248958215e-05,0.030183750985081526,0.49898209808442306,-0.34127346604956194,1.327218536756493,-1.4749014558355789e-09,0.856
3960.7969999983907,2.364688623253713e-05,0.030029753516415736,0.549912853285119,-0.3470287079813545,1.327218536756493,-1.4776637362839237e-09,0.856
3960.7960000000894,2.3863293008301387e-05,0.030231961224850928,0.4866106359298086,-0.35255736341298777,1.327218536756493,-1.5538953042920608e-09,0.856
3960.797000002116,2.3855655812965668e-05,0.03022718494083454,0.4999570274772749,-0.32449388537141943,1.327218536756493,-1.3721569065185426e-09,0.855
3960.797000002116,2.3734722375843164e-05,0.030101210734794923,0.5233885218085716,-0.3430532921184122,1.327218536756493,-1.4958933874899716e-09,0.855
3960.7969999983907,2.3826376861289952e-05,0.03018240743148349,0.49811991389099575,-0.33811398520310265,1.327218536756493,-1.4428629594617377e-09,0.855
3960.7960000000894,2.3784366871069265e-05,0.03014055014301082,0.5080127284008524,-0.33660080332818554,1.327218536756493,-1.4207674463982224e-09,0.855
3960.7960000000894,2.374872436643595e-05,0.03012250684944447,0.5223272796175022,-0.350300361090939,1.327218536756493,-1.5224093291346258e-09,0.855
3960.7960000000894,2.3923123256567002e-05,0.03030482392196291,0.5051781918758018,-0.3241567300830397,1.327218536756493,-1.4014320856311153e-09,0.855
3960.7969999983907,2.3835287895762546e-05,0.030217925055377414,0.5126864970281426,-0.3406769386716007,1.327218536756493,-1.4572252403430285e-09,0.855
3960.7969999983907,2.3851835257548198e-05,0.03019445298539688,0.4922260104750764,-0.3376166132865285,1.327218536756493,-1.4456241451398076e-09,0.854
3960.7969999983907,2.372708485950258e-05,0.0301018621249053,0.530828073988725,-0.33107620251552816,1.327218536756493,-1.3809945288487634e-09,0.855
3960.7960000000894,2.379200770239582e-05,0.03016372436188339,0.5136580786286862,-0.3524777328493602,1.327218536756493,-1.5229609186900274e-09,0.855
3960.7969999983907,2.379964441889806e-05,0.030162069651016938,0.508243361354106,-0.35236171658045484,1.327218536756493,-1.5201989905849702e-09,0.855
3960.797000002116,2.3806008863604158e-05,0.030189021271773506,0.517795942286027,-0.3371184688722452,1.327218536756493,-1.410825033682191e-09,0.854
3960.797000002116,2.3868382647918924e-05,0.03024050947896276,0.4999225462524959,-0.3352360067475876,1.327218536756493,-1.436234211233885e-09,0.854
3960.7969999983907,2.3835287243253188e-05,0.030200872365249702,0.5101518207553779,-0.33678001175210825,1.327218536756493,-1.447281820313827e-09,0.854
3960.7960000000894,2.3710535765829723e-05,0.03005360629503384,0.49528591016583245,-0.34121301810671956,1.327218536756493,-1.4434169117353464e-09,0.854
3960.789999999106,2.3818744412944255e-05,0.030220417246264553,0.5386201729599853,-0.33075157054172716,1.327218536756493,-1.3865210409786826e-09,0.854
3960.7960000000894,2.3953675045694835e-05,0.030359477284079936,0.49823165026050686,-0.32671166054123,1.327218536756493,-1.4058529453660306e-09,0.854
3960.785000000149,2.3850677987653643e-05,0.03023597036219137,0.5051698651413332,-0.34155099190090593,1.327218536756493,-1.4820728310700582e-09,0.854
3960.797000002116,2.3937124976684984e-05,0.030308573468054354,0.5018946700671787,-0.32099271246720223,1.327218536756493,-1.3832035207479126e-09,0.854
3960.797000002116,2.3883660630727004e-05,0.030281036581837607,0.5170003228383235,-0.32649062120089806,1.327218536756493,-1.3920421699650217e-09,0.854
3960.7960000000894,2.3789461364734216e-05,0.03017311903498651,0.5255173184262736,-0.34224103892766844,1.327218536756493,-1.4544634349222782e-09,0.854
3960.7960000000894,2.3906573510775018e-05,0.030286039800106225,0.4857183702623318,-0.34083133959728373,1.327218536756493,-1.4881602776866785e-09,0.854
3960.797000002116,2.3962585944768625e-05,0.030330561468620745,0.49279851720725,-0.31857930882013347,1.327218536756493,-1.3528230985814345e-09,0.854
3960.7960000000894,2.3907848051576324e-05,0.030267803499737993,0.48969104439133204,-0.3358477743470414,1.327218536756493,-1.4461775738029453e-09,0.854
3960.7960000000894,2.3926943174516882e-05,0.03032503657272739,0.5078662338549007,-0.31893355083470276,1.327218536756493,-1.3478492824556455e-09,0.853
3960.7969999983907,2.3897663437932258e-05,0.03029123344351317,0.5146346196412552,-0.32680855291289856,1.327218536756493,-1.3688406019087091e-09,0.854
3960.7960000000894,2.3845471981844066e-05,0.030242572488643177,0.5307340188539618,-0.33141656164724415,1.327218536756493,-1.3826535840740757e-09,0.854
3960.797000002116,2.4009685530088306e-05,0.030378142648985928,0.48618879588348074,-0.32009168916974373,1.327218536756493,-1.376575201051051e-09,0.853
3960.7960000000894,2.400968693127722e-05,0.03041432547823309,0.4899442034148107,-0.31716096102843844,1.327218536756493,-1.3633174411109536e-09,0.853
3960.800000000745,2.3842895661437134e-05,0.030235321861310498,0.5301965080365232,-0.32793627862912383,1.327218536756493,-1.3848493260797985e-09,0.853
3960.7960000000894,2.390402799211043e-05,0.0302996326080925,0.5154459794476183,-0.32416883660998197,1.327218536756493,-1.3572427954477412e-09,0.853
3960.7960000000894,2.3879841279381238e-05,0.030284700784460085,0.5238166996879667,-0.32697064142817134,1.327218536756493,-1.3588991708094698e-09,0.853
3960.7960000000894,2.391039209775813e-05,0.03032775506483667,0.5178184516882505,-0.33773144431503077,1.327218536756493,-1.450596000021495e-09,0.853
3960.797000002116,2.4065696667267234e-05,0.03048615301816056,0.4901330899199774,-0.30518495714827165,1.327218536756493,-1.2821151487209447e-09,0.853
3960.797000002116,2.3892572494519826e-05,0.03029670566796908,0.5183419553111976,-0.3273274576863119,1.327218536756493,-1.3782319472441315e-09,0.853
3960.7960000000894,2.3904027222200677e-05,0.0302996326080925,0.5154459794476183,-0.32416883660998197,1.327218536756493,-1.3572417457474784e-09,0.852
3960.7960000000894,2.397277105795569e-05,0.030383643221329925,0.5032198858217241,-0.31520963201818597,1.327218536756493,-1.3091822399473387e-09,0.853
3960.7659999988973,2.3915675012623722e-05,0.030338685351824397,0.521864143398779,-0.3299075132698211,1.327218536756493,-1.4004302077429254e-09,0.853
3960.7969999983907,2.3972769497577183e-05,0.030385637849521606,0.5050216215927961,-0.3212002025447209,1.327218536756493,-1.3511635318160605e-09,0.853
3960.7969999983907,2.4012228309355877e-05,0.030437466943544957,0.5044903248914601,-0.30662085986591436,1.327218536756493,-1.2694104420666404e-09,0.853
3960.799000002444,2.391420978920806e-05,0.03032662361394268,0.5139916734183196,-0.32861726443179295,1.327218536756493,-1.3826527578510533e-09,0.852
3960.795999996364,2.3966404435309e-05,0.030394568071794404,0.5054967657154856,-0.3204221790321314,1.327218536756493,-1.3218878471704716e-09,0.852
3960.7969999983907,2.3893842858399485e-05,0.03030263279596676,0.5077856237427518,-0.3159754870272959,1.327218536756493,-1.318021084525903e-09,0.853
3960.7960000000894,2.397276855169072e-05,0.030385637849521606,0.5050216215927961,-0.3212002025447209,1.327218536756493,-1.3511648606877108e-09,0.852
3960.7960000000894,2.4089883326590542e-05,0.03049216023844701,0.48049895997523295,-0.28149061591309116,1.327218536756493,-1.1639022670633796e-09,0.852
3960.7960000000894,2.3961313335322532e-05,0.03038066570180527,0.5060890099817548,-0.31835748060729335,1.327218536756493,-1.3301754181615821e-09,0.852
3960.797000002116,2.4024961953760055e-05,0.030451401918267697,0.4875644557055825,-0.3193013735141343,1.327218536756493,-1.343984223025301e-09,0.852
3960.7960000000894,2.3979135273234307e-05,0.030364643690528652,0.4730384084794408,-0.27095230378434804,1.327218536756493,-1.1075579052122538e-09,0.852
3960.7969999983907,2.3961311287010918e-05,0.03038066570180527,0.5060890099817548,-0.31835748060729335,1.327218536756493,-1.3301744628417494e-09,0.852
3960.797000002116,2.4065696632492957e-05,0.03048615301816057,0.49734574947032817,-0.30543705880570726,1.327218536756493,-1.2572571534543933e-09,0.852
3960.7960000000894,2.4098794381205576e-05,0.03051502362225311,0.45508307298446216,-0.2785762449245423,1.327218536756493,-1.163902360461509e-09,0.852
3960.7740000002086,2.4101417101919676e-05,0.03053861411183644,0.5001902972387366,-0.3001330750154296,1.327218536756493,-1.2434909991030464e-09,0.852
3960.795000001788,2.4003322838077937e-05,0.03041108719856838,0.4756837533188589,-0.2866926229471183,1.327218536756493,-1.1611415414535654e-09,0.852
3960.765000000596,2.3910633193330352e-05,0.030309882023963657,0.49860148246169445,-0.2826821712712163,1.327218536756493,-1.1236851933859924e-09,0.852
3960.7969999983907,2.400968556228021e-05,0.03043272291277792,0.48716072966849966,-0.29074846864264503,1.327218536756493,-1.1926265286897276e-09,0.852
3960.7960000000894,2.4103886707410042e-05,0.030549877396033123,0.49765513120576577,-0.2971895105162795,1.327218536756493,-1.195941332935903e-09,0.851
3960.7969999983907,2.3976588849367323e-05,0.03038852689494703,0.4836580216043247,-0.2860076230044466,1.327218536756493,-1.165007233802544e-09,0.851
3960.7969999983907,2.3937125018315258e-05,0.03033244205464204,0.49054769710795876,-0.28337640933950314,1.327218536756493,-1.119709843043713e-09,0.851
3960.7969999983907,2.3993136791578823e-05,0.0303913863394937,0.48341161174511305,-0.27940234808211534,1.327218536756493,-1.099271523896209e-09,0.851
3960.797000002116,2.3971496518576537e-05,0.03035795067754843,0.4827245526799846,-0.2904564138414868,1.327218536756493,-1.1556161842477614e-09,0.851
3960.7969999983907,2.4030052528333803e-05,0.030414677125858696,0.4765117295880885,-0.286810016409858,1.327218536756493,-1.1456735128532912e-09,0.851
3960.7960000000894,2.4059331476449267e-05,0.03046900181005688,0.4856697504324483,-0.2698811139933926,1.327218536756493,-1.0523176891957414e-09,0.851
3960.7969999983907,2.4083518529763814e-05,0.030487322399556083,0.46246359998173503,-0.2810221057836696,1.327218536756493,-1.140700791196441e-09,0.85
3960.797000002116,2.4012232265893676e-05,0.0303968551943141,0.4716964717949459,-0.284790172723961,1.327218536756493,-1.1158439338295636e-09,0.851
3960.797000002116,2.3942219100542226e-05,0.030335438997648193,0.49364204636671083,-0.29286649141029153,1.327218536756493,-1.1556165531039544e-09,0.851
3960.7960000000894,2.417135469329268e-05,0.030585959054206524,0.4612127206215888,-0.2812356439567201,1.327218536756493,-1.1451217365533367e-09,0.85
3960.7960000000894,2.4093704322334983e-05,0.030513913719503193,0.4778641074297343,-0.26900903734177606,1.327218536756493,-1.0219358582618028e-09,0.85
3960.7960000000894,2.3998229707819277e-05,0.030373374680516894,0.47843959017434345,-0.2942195911878119,1.327218536756493,-1.1865502226947319e-09,0.85
3960.7960000000894,2.4105159182870658e-05,0.03050659611325252,0.4738033465326206,-0.27183889333323663,1.327218536756493,-1.0572898152370514e-09,0.85
3960.7960000000894,2.4008413385179116e-05,0.030431185336726844,0.5021148414915944,-0.2704824390248711,1.327218536756493,-1.0467931343326318e-09,0.85
3960.797000002116,2.4128073385568394e-05,0.030539650157280083,0.4703111827377251,-0.27872146163726896,1.327218536756493,-1.1169491030636812e-09,0.85
3960.7960000000894,2.4161169519319143e-05,0.030552546710821606,0.464011345340158,-0.27822680815225986,1.327218536756493,-1.108661440705041e-09,0.85
3960.7969999983907,2.4106432215396712e-05,0.03053709646069114,0.47471134725787234,-0.27083331919303344,1.327218536756493,-1.0826999873893249e-09,0.85
3960.7960000000894,2.410006723361195e-05,0.030508582702877672,0.4765553504866724,-0.2704199925119287,1.327218536756493,-1.0589459514860156e-09,0.849
3960.7960000000894,2.41115235025349e-05,0.03053178408760606,0.47051310139140234,-0.2699599367045292,1.327218536756493,-1.0490018755103774e-09,0.85
3960.797000002116,2.40135044397071e-05,0.030389333432189036,0.46694163121975185,-0.28294185482378165,1.327218536756493,-1.1163965179794984e-09,0.85
3960.797000002116,2.4040236443247834e-05,0.030458601108088946,0.4894682847376055,-0.26745266651986926,1.327218536756493,-1.041270047269936e-09,0.85
3960.7969999983907,2.415480735451548e-05,0.03056685201435925,0.4524822698338875,-0.26095967811952625,1.327218536756493,-1.0445839891585502e-09,0.85
3960.7969999983907,2.4218456031504308e-05,0.030647047704090984,0.4424703529088103,-0.2702577043873191,1.327218536756493,-1.0838041557278215e-09,0.849
3960.797000002116,2.4114069914232674e-05,0.030510291650739624,0.46858425900094147,-0.2631540122502378,1.327218536756493,-1.0097831620995844e-09,0.85
3960.7960000000894,2.415735202626401e-05,0.030583700644265403,0.4619859243828217,-0.27387266383643644,1.327218536756493,-1.0904336121792184e-09,0.849
3960.797000002116,2.4191721006333555e-05,0.030634641885004327,0.4859735474242166,-0.27888393703928305,1.327218536756493,-1.0843570669111237e-09,0.849
3960.797000002116,2.4082244622798682e-05,0.030521725992737676,0.48341271133057084,-0.2698320597770497,1.327218536756493,-1.061156288684275e-09,0.849
3960.797000002116,2.4088609239994513e-05,0.03049825394610554,0.47664815710055164,-0.26922760357409786,1.327218536756493,-1.0423742962975831e-09,0.849
3960.7960000000894,2.4166261392007688e-05,0.030570102948729208,0.45412480881387296,-0.2682516988296614,1.327218536756493,-1.0506603130029207e-09,0.849
3960.797000002116,2.41509855716447e-05,0.0305812380588511,0.45063831761849604,-0.2604109470435341,1.327218536756493,-1.0202794934420194e-09,0.849
3960.7960000000894,2.4120435537388177e-05,0.03053439660635337,0.46806086382580236,-0.2668443968865469,1.327218536756493,-1.0258020747629569e-09,0.849
3960.7969999983907,2.4120435560898563e-05,0.03053439660635337,0.46806086382580236,-0.2668443968865469,1.327218536756493,-1.0258031071930016e-09,0.849
3960.7960000000894,2.4135710822500963e-05,0.030582228945463214,0.49101541819634287,-0.2829573883455351,1.327218536756493,-1.1235772657239808e-09,0.849
3960.7960000000894,2.415608028696664e-05,0.03057027787709932,0.45502206566569114,-0.26383354524957225,1.327218536756493,-1.016412415014461e-09,0.849
3960.7960000000894,2.415098683149361e-05,0.030559197103805516,0.4579985621642191,-0.26435361287166026,1.327218536756493,-9.959728494413986e-10,0.849
3960.7960000000894,2.4238822505942902e-05,0.030698420938679295,0.45495182687335056,-0.2762163416771461,1.327218536756493,-1.1125288077783974e-09,0.848
3960.7960000000894,2.424773227000428e-05,0.030664302784192615,0.4395184058390229,-0.254222298841449,1.327218536756493,-9.998397007864248e-10,0.848
3960.7960000000894,2.410134016211343e-05,0.030524076584507853,0.4718051192850816,-0.2644101807421979,1.327218536756493,-1.0147543125116473e-09,0.848
3960.7960000000894,2.4208269677976486e-05,0.03063087405923638,0.4555406686339132,-0.2612430592935938,1.327218536756493,-1.017515572244118e-09,0.848
3960.7960000000894,2.4185356921840495e-05,0.0306004234938598,0.461472425582067,-0.25247682214271133,1.327218536756493,-9.534388332413043e-10,0.848
3960.7969999983907,2.4100066542228734e-05,0.030518688935331956,0.47262174973074433,-0.2621490387255084,1.327218536756493,-9.981823837115594e-10,0.848
3960.7960000000894,2.4223546384502002e-05,0.030660189775613755,0.458324518651386,-0.25282972821370936,1.327218536756493,-9.506760160232088e-10,0.848
3960.7969999983907,2.4159896476021218e-05,0.030588304709917153,0.46944669775338355,-0.25851938281206305,1.327218536756493,-9.860299875689777e-10,0.848
3960.7960000000894,2.4159898268819943e-05,0.030588304709917153,0.46944669775338355,-0.25851938281206305,1.327218536756493,-9.860301421454997e-10,0.848
3960.7960000000894,2.425791742484665e-05,0.03070293522986127,0.45182442461615757,-0.2485729960498218,1.327218536756493,-9.269230228483513e-10,0.848
3960.7969999983907,2.417644519428141e-05,0.030596564065599303,0.4666094295473475,-0.2611385850656524,1.327218536756493,-1.0009449607939811e-09,0.848
3960.7960000000894,2.4224819306506635e-05,0.030655930849620042,0.4529530378063056,-0.25174953129579936,1.327218536756493,-9.324468977464919e-10,0.848
3960.7960000000894,2.4215907442958894e-05,0.03065327053761813,0.455348153884207,-0.2548491824365805,1.327218536756493,-9.55648464833972e-10,0.848
3960.797000002116,2.42451877773688e-05,0.030664884083663663,0.45313928500624545,-0.2634769797006332,1.327218536756493,-1.0230408197727333e-09,0.848
3960.7960000000894,2.4240095129285032e-05,0.030668371649108538,0.45551645282763786,-0.25545368691023923,1.327218536756493,-9.65591742623615e-10,0.847
3960.7960000000894,2.4176447183411733e-05,0.030599127362809224,0.4682528043301435,-0.26392471714452564,1.327218536756493,-9.93211110680666e-10,0.848
3960.7960000000894,2.42375506542332e-05,0.03066244255182891,0.45207016270402267,-0.257462050453089,1.327218536756493,-9.733237482974932e-10,0.847
3960.7960000000894,2.4348299337192e-05,0.03080802786783292,0.449565412681487,-0.2379550349514372,1.327218536756493,-8.766548521298082e-10,0.847
3960.7960000000894,2.430374547908611e-05,0.03075699708806474,0.4657405703245261,-0.24521126321547512,1.327218536756493,-9.07588669923584e-10,0.847
3960.7969999983907,2.4333022655218907e-05,0.030786670379951434,0.45675335194269895,-0.24453937377837245,1.327218536756493,-8.976463535899156e-10,0.847
3960.7960000000894,2.4325385050698823e-05,0.030778968790167355,0.45890765931279986,-0.24053135339024587,1.327218536756493,-8.622924544151856e-10,0.847
3960.797000002116,2.4348296792672864e-05,0.03080802786783292,0.449565412681487,-0.2379550349514372,1.327218536756493,-8.766545978212946e-10,0.847
3960.7960000000894,2.436357298754938e-05,0.030802646482129263,0.45045738895450516,-0.24486453692513527,1.327218536756493,-8.821784977996349e-10,0.847
3960.2809999994934,2.4430399822869018e-05,0.03089105980308178,0.44568375350855893,-0.23908504734469763,1.327218536756493,-8.746735883049543e-10,0.846
3960.2809999994934,2.4366742502386808e-05,0.03079570136912617,0.44414708309851303,-0.22840076566632425,1.327218536756493,-8.028431414096903e-10,0.846
3960.2819999977946,2.4404935139091687e-05,0.030855667105304473,0.45351974816240803,-0.23973108056232803,1.327218536756493,-8.69147132654721e-10,0.846
3960.2809999994934,2.4324726165428058e-05,0.030740475388231627,0.4498617870667596,-0.22445514822931056,1.327218536756493,-7.779778667192887e-10,0.846
3960.2819999977946,2.4382019453408483e-05,0.030837984425420212,0.4609709441336314,-0.21590200760396236,1.327218536756493,-7.542185782634711e-10,0.846
3960.28200000152,2.4303083729827234e-05,0.030726744028191068,0.45514987984502175,-0.2223497823849932,1.327218536756493,-7.713478199728665e-10,0.846
3960.2809999994934,2.443421763798977e-05,0.030872285940883704,0.4469276452086053,-0.24173387085336903,1.327218536756493,-8.741207961918965e-10,0.846
3960.2809999994934,2.4454588515396836e-05,0.030919364969623424,0.46152818533837436,-0.22873837573222278,1.327218536756493,-8.188663424574435e-10,0.846
3960.2809999994934,2.4399843633982634e-05,0.030853529542095998,0.45620880948777476,-0.22054698807230672,1.327218536756493,-7.774248801367264e-10,0.846
3960.28200000152,2.4417666459447786e-05,0.030858151114350287,0.4558931431151789,-0.22653719805981457,1.327218536756493,-8.315747718584077e-10,0.846
3960.2819999977946,2.4348917450950048e-05,0.03078342784015478,0.4215137200098127,-0.20572498289398755,1.327218536756493,-7.100159651397626e-10,0.846
3960.28200000152,2.4393478434914897e-05,0.030808186980520885,0.4183173513079179,-0.20505335502703362,1.327218536756493,-7.017276057199636e-10,0.846
3960.28200000152,2.4399842082355094e-05,0.030831683243412157,0.4232243377128393,-0.21447534851902314,1.327218536756493,-7.741106961107392e-10,0.846
3960.2809999994934,2.452970530834442e-05,0.030996305340177777,0.44316696705564373,-0.22738374841938302,1.327218536756493,-7.995277885786495e-10,0.846
3960.2819999977946,2.4471138023397494e-05,0.03095648432184487,0.45790791872622894,-0.22466294527505387,1.327218536756493,-7.951067420348177e-10,0.845
3960.28200000152,2.436037548972958e-05,0.030774900067316174,0.4276059752223249,-0.20469824575017337,1.327218536756493,-7.249341077239662e-10,0.845
3960.2819999977946,2.4380745343632734e-05,0.030813104603881886,0.41784784340863235,-0.19770634368686502,1.327218536756493,-6.741004801899386e-10,0.845
3960.28200000152,2.444058321053846e-05,0.030896714256885907,0.44721366333087653,-0.2254212428812947,1.327218536756493,-8.260490203873417e-10,0.845
3960.28200000152,2.440493448949163e-05,0.030842723915671322,0.4143897322856471,-0.19513447062990455,1.327218536756493,-6.365264081881289e-10,0.845
3960.2819999977946,2.4459681198499132e-05,0.030886948134485375,0.43929555708164125,-0.21764384180010804,1.327218536756493,-7.531144327725593e-10,0.845
3960.2809999994934,2.4434216967832254e-05,0.030872228201950357,0.44599900387865565,-0.21854310708794863,1.327218536756493,-7.691378915748634e-10,0.845
3960.28200000152,2.453479630716913e-05,0.030990496501996954,0.4243177300291068,-0.21858536018828068,1.327218536756493,-7.332224556955034e-10,0.845
3960.2809999994934,2.4441858223774435e-05,0.03085149294208941,0.40740360357414396,-0.213698106168506,1.327218536756493,-7.597435366226473e-10,0.845
3960.2809999994934,2.4462226820250872e-05,0.030890756856704477,0.4078746835321261,-0.2052011299018516,1.327218536756493,-7.166460642044362e-10,0.845
3960.2809999994934,2.4434219141159734e-05,0.03085495941496453,0.40568465307840684,-0.19881838847179548,1.327218536756493,-6.464726912489884e-10,0.845
3960.2819999977946,2.447241243474255e-05,0.030931469302740572,0.43224047538430144,-0.21427471958407782,1.327218536756493,-7.033851277551546e-10,0.844
3960.28200000152,2.4505513602102508e-05,0.030925071888376378,0.397969538893328,-0.21717055051562625,1.327218536756493,-7.713470030345292e-10,0.844
3960.2819999977946,2.4500420423828017e-05,0.030930777754167752,0.399519649487178,-0.1932838611092945,1.327218536756493,-6.227141868578224e-10,0.844
3960.28200000152,2.4471139273221374e-05,0.030880151861124826,0.39546826082490893,-0.20148829194165105,1.327218536756493,-6.746529618021234e-10,0.844
3960.2809999994934,2.4509334890784427e-05,0.030936381734052373,0.3995697995221792,-0.20185795748415192,1.327218536756493,-6.834942054793056e-10,0.844
3960.2809999994934,2.455771432529733e-05,0.03101820809640019,0.3973991157007961,-0.18995632335573912,1.327218536756493,-6.298964472768355e-10,0.844
3960.2809999994934,2.44825978916987e-05,0.030904314404971905,0.3998939369220986,-0.19867761966477554,1.327218536756493,-6.624968587166836e-10,0.844
3960.28200000152,2.4527156586893545e-05,0.03097444464447859,0.3984988483840448,-0.18652721310953305,1.327218536756493,-5.680117203864866e-10,0.844
3960.28200000152,2.45042406316348e-05,0.030960860232076254,0.4063629076879032,-0.1929844159534952,1.327218536756493,-6.160837602460183e-10,0.844
3960.28200000152,2.460736568204503e-05,0.03105322898352167,0.4023726872618125,-0.1822615878595113,1.383099991189334,-5.9232393925011e-10,0.844
3960.2809999994934,2.457426425345027e-05,0.031035658865442527,0.41010558186504076,-0.18166013626270427,1.383099991189334,-5.553040367402253e-10,0.844
3960.2809999994934,2.4569171675779158e-05,0.031027789280979778,0.4153278302411705,-0.18833072088215932,1.383099991189334,-6.354225490566506e-10,0.844
3960.2819999977946,2.45831751889551e-05,0.031038085396783724,0.409790806148314,-0.18477261562325328,1.383099991189334,-5.939817333762894e-10,0.844
3960.2809999994934,2.4621370090832112e-05,0.031089787170551036,0.4048985038214421,-0.18636425480384886,1.383099991189334,-5.989546767552246e-10,0.843
3960.2809999994934,2.4550073580154682e-05,0.031022460381606453,0.4170097720522077,-0.18523007726420798,1.383099991189334,-5.934283166900075e-10,0.843
3960.28200000152,2.456025944454976e-05,0.031029182400247147,0.41557503425372566,-0.19076362013645423,1.383099991189334,-6.26582212414126e-10,0.843
3960.2819999977946,2.458317643226082e-05,0.031038085396783724,0.409790806148314,-0.18477261562325328,1.383099991189334,-5.939820496727498e-10,0.843
3960.28200000152,2.4544982579746473e-05,0.031023437175608827,0.4150332688906526,-0.17929403664297452,1.383099991189334,-5.497789780586577e-10,0.843
3960.28200000152,2.4570444150802247e-05,0.031060417807350898,0.4141929879699231,-0.18419201960066442,1.383099991189334,-5.961931309699002e-10,0.843
3960.2819999977946,2.4599727910596612e-05,0.03107348543897518,0.4089312836997401,-0.1866421015470785,1.383099991189334,-6.077960587401477e-10,0.843
3960.2809999994934,2.4585722715761585e-05,0.03103906169906953,0.4093254906922157,-0.18476183078672456,1.383099991189334,-5.939819471709988e-10,0.843
3960.28200000152,2.460863857784669e-05,0.03105467836137322,0.40091034064000963,-0.1792247253170982,1.383099991189334,-5.658035445992021e-10,0.843
3960.28200000152,2.458444926904302e-05,0.03103755416058012,0.4108415449027265,-0.1878014641209282,1.383099991189334,-6.205039101805215e-10,0.843
3960.2819999977946,2.4593360843625254e-05,0.03107091824816758,0.4109565585560051,-0.18968332740533464,1.383099991189334,-6.326601420223158e-10,0.843
3960.2809999994934,2.455262092711124e-05,0.031034007566997354,0.4253541491237329,-0.19835228740057956,1.383099991189334,-6.713374773882134e-10,0.843
3960.28200000152,2.4593361307647043e-05,0.031067647999617923,0.4139885718924541,-0.19537390595940088,1.383099991189334,-6.613919109843106e-10,0.843
3960.2809999994934,2.460482084342903e-05,0.031066428739918047,0.4148114183704097,-0.2006766310710044,1.327218536756493,-6.680230464611144e-10,0.842
3960.2809999994934,2.4613731756091898e-05,0.031087149651267236,0.4058110345614052,-0.19428702520141883,1.383099991189334,-6.536564027602699e-10,0.842
3960.2809999994934,2.4643012993658278e-05,0.031135607027251547,0.41266011050997253,-0.1918465885869022,1.383099991189334,-6.415005197238937e-10,0.842
3960.2809999994934,2.4673569305092542e-05,0.03119297649361463,0.42424370754701357,-0.17813235118499887,1.383099991189334,-5.718802036532348e-10,0.842
3960.28200000152,2.4732135247893932e-05,0.0312502406407847,0.416394297657225,-0.16919394408205501,1.383099991189334,-5.171796719777654e-10,0.842
3960.2819999977946,2.4602272247334478e-05,0.03110444712603077,0.43261900468769676,-0.1859117520863643,1.383099991189334,-5.950871865214771e-10,0.842
3960.2809999994934,2.470794423543438e-05,0.03120875888298096,0.41472061708130337,-0.1692963935144476,1.383099991189334,-5.204938293091916e-10,0.842
3960.28200000152,2.472449598599437e-05,0.03124636164203006,0.41822528542422344,-0.1693128383977679,1.383099991189334,-5.221513840405454e-10,0.842
3960.28200000152,2.467102270497004e-05,0.031191376384897062,0.436295034137399,-0.1702059969163965,1.327218536756493,-5.072329934922228e-10,0.842
3960.28200000152,2.4687573056405666e-05,0.031233252196669316,0.4266278870108353,-0.17832614068599428,1.383099991189334,-5.801685697134387e-10,0.842
3960.28200000152,2.47461389855549e-05,0.03125681387389376,0.41274121992500223,-0.16651249101066307,1.383099991189334,-5.155214336879679e-10,0.842
3960.2819999977946,2.47359537182855e-05,0.031250426022051525,0.4170317868788955,-0.17219049517703727,1.383099991189334,-5.431478277878934e-10,0.842
3960.28200000152,2.4718129140746632e-05,0.031236847499567403,0.41918458719744756,-0.16677714551663297,1.383099991189334,-4.751857715109792e-10,0.842
3960.2819999977946,2.4762689875307004e-05,0.03127384651647169,0.4088068264695317,-0.17295561032002768,1.383099991189334,-5.392805592518064e-10,0.841
3960.2810000032187,2.4702852129410306e-05,0.031230341410220453,0.423692833348575,-0.17277496211772744,1.383099991189334,-5.166261611678487e-10,0.841
3960.2819999977946,2.4733408392246197e-05,0.031246832281516694,0.41906225064905644,-0.17394844110605975,1.327218536756493,-5.293350432263328e-10,0.841
3960.28200000152,2.4765236499136925e-05,0.031286782274597046,0.4107141394645355,-0.17187404316796226,1.383099991189334,-4.923153635047784e-10,0.841
3840.272999998182,2.4026253792104865e-05,0.029603727498715128,0.5472355680162178,-0.33456216559103663,1.345963744443785,-1.5332488292981538e-09,0.841
3840.272999998182,2.4107020209637198e-05,0.029676507135402166,0.5239340264263892,-0.3253761646151723,1.345963744443785,-1.4967814123874688e-09,0.841
3840.272999998182,2.407081537664463e-05,0.029620452598183078,0.5152483621300865,-0.3227781136925136,1.345963744443785,-1.4881182725741048e-09,0.841
3840.2730000019073,2.409030976172671e-05,0.02967829402717811,0.529322967903425,-0.3378784849886562,1.345963744443785,-1.5765614766545784e-09,0.841
3840.2730000019073,2.4003973814372467e-05,0.029578093859537923,0.534959478548561,-0.32512243227351306,1.345963744443785,-1.482558396104021e-09,0.841
3840.272999998182,2.406245880682016e-05,0.029642791294977197,0.5378935123417166,-0.3240318200051957,1.345963744443785,-1.46598152680101e-09,0.841
3840.2740000002086,2.4095879813429944e-05,0.02969408419809636,0.5375066118436465,-0.3268008765190329,1.345963744443785,-1.5021281027774052e-09,0.841
3840.272999998182,2.405131893286056e-05,0.029595217416660293,0.5233133029172774,-0.31775124198797966,1.345963744443785,-1.4285519538674157e-09,0.841
3840.272999998182,2.4001190480843768e-05,0.029571978187794484,0.5402339435374808,-0.3182360651728198,1.345963744443785,-1.4150774153393184e-09,0.84
3840.272999998182,2.4012328573391775e-05,0.029572650653376772,0.5381179878092741,-0.3268515934711757,1.345963744443785,-1.4753922718079802e-09,0.84
3840.2730000019073,2.4051319130473337e-05,0.029621315779094767,0.5117600783620873,-0.3233063845409246,1.345963744443785,-1.4800980381396973e-09,0.84
3840.2730000019073,2.40067590439364e-05,0.029571401776552663,0.540292732372206,-0.3301599934675729,1.345963744443785,-1.5031978499297065e-09,0.84
3840.2730000019073,2.4076384218985757e-05,0.029652660977226027,0.5390393713101185,-0.32508510421193043,1.345963744443785,-1.4817024847093823e-09,0.84
3840.2730000019073,2.4006758968402296e-05,0.02957620486031622,0.5381824925631502,-0.3178607235038002,1.345963744443785,-1.4073758839333363e-09,0.84
3840.2740000002086,2.3967767822584467e-05,0.02949974319354065,0.5073872661332786,-0.30418480049800284,1.345963744443785,-1.3722992906580452e-09,0.84
3840.272999998182,2.4084739703851474e-05,0.029664825870707446,0.5365233429114813,-0.3301871516706126,1.345963744443785,-1.5023419073874026e-09,0.84
3840.2730000019073,2.4087523938204852e-05,0.02965454510618134,0.5209880189996392,-0.32266350140224903,1.345963744443785,-1.4652325851371324e-09,0.84
3840.272999998182,2.4031823772113376e-05,0.029593873495790412,0.5412258793331741,-0.3235714038376973,1.345963744443785,-1.443843917070422e-09,0.84
3840.2739999964833,2.403182467933637e-05,0.02958542459531124,0.5349306651858687,-0.3207710214955489,1.345963744443785,-1.4387106547300538e-09,0.84
3840.272999998182,2.397055440566212e-05,0.02950542451410545,0.5074773407460875,-0.31013032828518844,1.345963744443785,-1.4032052160159768e-09,0.84
3840.272999998182,2.406803011827706e-05,0.029617830931567373,0.5007251980664704,-0.3021240635693498,1.345963744443785,-1.3763634888746152e-09,0.84
3840.272999998182,2.407081523693808e-05,0.029657163527297196,0.5572492254666632,-0.29814446199330286,1.345963744443785,-1.3071715464892424e-09,0.839
3840.2730000019073,2.411815944815738e-05,0.029694307433233622,0.5291297774398838,-0.3126716887744459,1.345963744443785,-1.4016015426340105e-09,0.839
3840.2730000019073,2.40095448202851e-05,0.029557628610747986,0.502904073773335,-0.314627803559693,1.345963744443785,-1.4369998582832132e-09,0.839
3840.272999998182,2.4056889512814627e-05,0.029636465304714994,0.5400660099169525,-0.31492334715646203,1.345963744443785,-1.4131513054940836e-09,0.839
3840.2730000019073,2.4221204703924747e-05,0.029812037430500715,0.5250266761478937,-0.29885834068466466,1.345963744443785,-1.3319813110451156e-09,0.839
3840.2730000019073,2.418500028125566e-05,0.029751846135741708,0.4907422902095937,-0.28255229246481506,1.345963744443785,-1.2606505686558764e-09,0.839
3840.2730000019073,2.415436394749298e-05,0.029715825800914628,0.4937984921366789,-0.2817940299701181,1.345963744443785,-1.2455707138750764e-09,0.839
3840.2740000002086,2.4154364957969308e-05,0.029723855331325648,0.5000928895905941,-0.28278898876565534,1.345963744443785,-1.2703828945233873e-09,0.839
3840.272999998182,2.422398881311825e-05,0.029802474729458298,0.47914766774441286,-0.2881578113215724,1.345963744443785,-1.285888179141855e-09,0.839
3840.272999998182,2.4184999114093983e-05,0.029750509290267683,0.48359515431119826,-0.2836365053504495,1.345963744443785,-1.2520944341389232e-09,0.839
3840.2740000002086,2.4154364134626277e-05,0.0297095153617541,0.48904634491462096,-0.2845400703034861,1.345963744443785,-1.2494210303115456e-09,0.839
3840.2730000019073,2.411815985119487e-05,0.029680048905456727,0.5031365745706635,-0.28206545483368767,1.345963744443785,-1.2366949364697752e-09,0.838
3840.2730000019073,2.42295593561682e-05,0.02982553436235469,0.5140107615063538,-0.29750302096139597,1.345963744443785,-1.3051381137624537e-09,0.839
3840.2730000019073,2.419892502231884e-05,0.029754201384006272,0.4804228065837366,-0.28032600936290347,1.345963744443785,-1.231026987151712e-09,0.838
3840.2730000019073,2.4157150026263625e-05,0.02972898417369824,0.49160416568710374,-0.2825896480713348,1.345963744443785,-1.2550890682745991e-09,0.838
3840.435000002384,2.4125783897723104e-05,0.029701099357267967,0.5009521322885817,-0.282803207504217,1.345963744443785,-1.2649488112309382e-09,0.839
3840.7540000006557,2.4207013111668e-05,0.029782545223670874,0.48579489188098,-0.2911771297853338,1.345963744443785,-1.3128070467863016e-09,0.838
3840.772000003606,2.4120593705907973e-05,0.029693605831436626,0.5019130331590502,-0.28482827291559465,1.345963744443785,-1.2297440860094677e-09,0.838
3840.7730000019073,2.422084062828956e-05,0.02977138268997139,0.4760740647154975,-0.28874175885511755,1.345963744443785,-1.2778567823387342e-09,0.838
3840.759999997914,2.419033332768031e-05,0.029730417542858815,0.4840365533904416,-0.28368940502179946,1.345963744443785,-1.2249532019849642e-09,0.838
3840.771999999881,2.4162364217051162e-05,0.029715698330557996,0.49117495316357207,-0.28468721122864665,1.345963744443785,-1.2441786453173185e-09,0.838
3840.771999999881,2.4181855429911332e-05,0.029750509290267683,0.48359515431119826,-0.2836365053504495,1.345963744443785,-1.25176918308418e-09,0.838
3840.771999999881,2.4145654758588764e-05,0.029707889728508352,0.493775884473338,-0.28186349588673104,1.345963744443785,-1.2266436084697533e-09,0.838
3840.771999999881,2.4165147320800968e-05,0.029716112607217796,0.49216583524145374,-0.2866531057336698,1.345963744443785,-1.228033368488954e-09,0.838
3840.771999999881,2.4220841050842166e-05,0.02977138268997139,0.4760740647154975,-0.28874175885511755,1.345963744443785,-1.2778568932410026e-09,0.838
3840.771999999881,2.4237550090527005e-05,0.02980809835049408,0.4774795691907978,-0.27978711290356045,1.345963744443785,-1.235518545541374e-09,0.838
3840.771999999881,2.4209700676288774e-05,0.029765211288185135,0.4764928464302103,-0.28263683522356764,1.345963744443785,-1.232523360460728e-09,0.838
3840.7730000019073,2.418742411049137e-05,0.02975210076616441,0.4814837843695656,-0.28034749596837677,1.345963744443785,-1.2239715722728589e-09,0.837
3840.7730000019073,2.4167931760720433e-05,0.029720956028915477,0.4887816584545317,-0.28415947577253864,1.345963744443785,-1.2351965779221621e-09,0.838
3840.771999999881,2.4190210860629203e-05,0.029767597291095703,0.49905171580977914,-0.2841041802850545,1.345963744443785,-1.2366937959351418e-09,0.837
3840.771999999881,2.4382350438146907e-05,0.029982033761652125,0.47628605987304695,-0.2573044162887539,1.3019762161101502,-1.1228279864480872e-09,0.837
3840.771999999881,2.421248830593108e-05,0.02978334011632758,0.49854867535169145,-0.27229414928261464,1.3019762161101502,-1.182166606248705e-09,0.837
3840.771999999881,2.4198565676353572e-05,0.029758338530926305,0.48100692475766316,-0.2864530812726289,1.345963744443785,-1.2693039134779063e-09,0.837
3840.771999999881,2.4270966134443826e-05,0.02987591129585129,0.5013776701270158,-0.2545188428229803,1.3019762161101502,-1.0967412691475864e-09,0.837
3840.772999998182,2.4187424781244458e-05,0.02976902880104716,0.5066413515813384,-0.2752356939874713,1.3019762161101502,-1.1852668989758605e-09,0.837
3840.7730000019073,2.438791925685504e-05,0.029960864625222506,0.47343423926579,-0.26004410237330805,1.345963744443785,-1.1335202289538765e-09,0.837
3840.771999999881,2.427096508143713e-05,0.02987591129585129,0.5013776701270158,-0.2545188428229803,1.3019762161101502,-1.0967409285197093e-09,0.837
3840.771999999881,2.415957846597015e-05,0.029714391727874486,0.49437718205234615,-0.28994941092337423,1.345963744443785,-1.2558322823155151e-09,0.836
3840.771999999881,2.4309949661458694e-05,0.02989644374310843,0.49372479715047435,-0.25969697311671913,1.3019762161101502,-1.1228279927714261e-09,0.837
3840.771999999881,2.4151224897560813e-05,0.029712957585619922,0.49389563532589476,-0.28799711309707615,1.345963744443785,-1.2681264256120493e-09,0.837
3840.772999998182,2.437956689172689e-05,0.0299763164090344,0.4759708518989276,-0.2657724595662513,1.3019762161101502,-1.1787452903756242e-09,0.837
3840.772999998182,2.4379565342554842e-05,0.029975273901243066,0.4769146408860063,-0.25343698488584604,1.3019762161101502,-1.0805970293190227e-09,0.837
3840.771999999881,2.4229195408795527e-05,0.029791065367951772,0.4959452390291479,-0.2751249803675827,1.3019762161101502,-1.1997007543546571e-09,0.836
3840.771999999881,2.4309949247364063e-05,0.02989644374310843,0.49372479715047435,-0.25969697311671913,1.3019762161101502,-1.1228288456776502e-09,0.836
3840.772999998182,2.4268180355897547e-05,0.02987448490743978,0.5043382938731886,-0.25976508684027416,1.3019762161101502,-1.1083963007728895e-09,0.836
3840.7730000019073,2.4368429176294094e-05,0.029974800022079133,0.48098764114103165,-0.2614265083430296,1.345963744443785,-1.110748288283508e-09,0.836
3840.771999999881,2.4415767049216698e-05,0.030007985048427784,0.4668262570460495,-0.25465895509715797,1.345963744443785,-1.0492706264265303e-09,0.836
3840.772999998182,2.4354505064943286e-05,0.029936675591229967,0.4833031682841571,-0.2606744720915704,1.3019762161101502,-1.1296709868626834e-09,0.836
3840.771999999881,2.4357289169563532e-05,0.029943444165373617,0.47824449305911365,-0.25332798771317233,1.345963744443785,-1.0634899686484445e-09,0.836
3840.771999999881,2.43545044569499e-05,0.029960896232093952,0.48485423219654766,-0.25632784681349835,1.3019762161101502,-1.0836971757209607e-09,0.836
3840.771999999881,2.4354504245341128e-05,0.029960896232093952,0.48485423219654766,-0.25632784681349835,1.3019762161101502,-1.0836983375609564e-09,0.836
3840.771999999881,2.4463105618723355e-05,0.030029846264452726,0.4563851828807701,-0.25481813170261464,1.345963744443785,-1.0803826721539664e-09,0.836
3840.7730000019073,2.441576562868081e-05,0.030017734657022226,0.4669876493092504,-0.2552732300155515,1.3019762161101502,-1.1057228623442389e-09,0.835
3840.771999999881,2.4385133981415133e-05,0.029977106163527396,0.474837798291325,-0.25017419580278755,1.3019762161101502,-1.0527983099312076e-09,0.835
3840.771999999881,2.4385136287934613e-05,0.029989234179396192,0.4754742596518926,-0.25609158935104204,1.3019762161101502,-1.073967765478836e-09,0.835
3840.771999999881,2.4465889872832252e-05,0.03007285975658773,0.47792460439915496,-0.24930800443622095,1.345963744443785,-1.0479879677860594e-09,0.835
3840.771999999881,2.4415767517081665e-05,0.029996527576815712,0.4693598782849273,-0.25831068860928985,1.345963744443785,-1.10764587031706e-09,0.835
3840.771999999881,2.439905917486457e-05,0.030003061712452126,0.47165813391003475,-0.26119260462865496,1.345963744443785,-1.101017822097916e-09,0.835
3840.771999999881,2.4471457855029935e-05,0.03007125376552003,0.47400175703499725,-0.238286412339808,1.3019762161101502,-1.0003036232738696e-09,0.835
3840.771999999881,2.4382351427983798e-05,0.03001612571652615,0.49750932821476823,-0.24173428190700255,1.3019762161101502,-1.013133288404527e-09,0.835
3840.771999999881,2.442412147985837e-05,0.030041669293489566,0.4904122856299207,-0.2476726878202627,1.345963744443785,-1.014308495148776e-09,0.835
3840.771999999881,2.445475166187561e-05,0.030068608416772665,0.47891839728829266,-0.24625660740889502,1.345963744443785,-1.024037442721941e-09,0.835
3840.772999998182,2.4493736284762208e-05,0.030118547341121796,0.4753874338872297,-0.2397933069893483,1.345963744443785,-9.902530843655632e-10,0.835
3840.771999999881,2.4454752174944285e-05,0.030068608416772665,0.47891839728829266,-0.24625660740889502,1.345963744443785,-1.0240387975097402e-09,0.835
3840.771999999881,2.4438043059327492e-05,0.030058780797469188,0.4801852563761768,-0.23868872919858097,1.3019762161101502,-1.0003031360882334e-09,0.834
3840.7730000019073,2.450487367318946e-05,0.030122760195874856,0.4743867726395621,-0.24284441488428,1.345963744443785,-1.0142022228474551e-09,0.835
3840.771999999881,2.441019649042938e-05,0.03002927864197831,0.4954510847108642,-0.2525512014185861,1.345963744443785,-1.039433739914004e-09,0.835
3840.772999998182,2.4518795180547623e-05,0.03010920779328798,0.46191390307312163,-0.2474910464704515,1.345963744443785,-1.0418929385905614e-09,0.834
3840.771999999881,2.456335208222583e-05,0.03015992725656368,0.45583802462315415,-0.23477692963990765,1.345963744443785,-9.666247032151457e-10,0.834
3840.771999999881,2.4518797703189624e-05,0.030132975493986865,0.4675625084221906,-0.2369449503002413,1.345963744443785,-9.871525580936575e-10,0.834
3840.771999999881,2.4568922153763407e-05,0.0301900545534352,0.4615314911495214,-0.23763369147474386,1.345963744443785,-9.518701926110357e-10,0.834
3840.772999998182,2.446310400590632e-05,0.030091621455451398,0.48681804547028573,-0.24119176787861513,1.345963744443785,-9.80523806174682e-10,0.834
3840.7730000019073,2.4557783773762663e-05,0.030184941308841105,0.46179996638360876,-0.24291018776766582,1.345963744443785,-1.0100316986807706e-09,0.834
3840.771999999881,2.465803002754225e-05,0.030290387514153323,0.4449102072503073,-0.22314437712503604,1.345963744443785,-8.988401019620153e-10,0.834
3840.7730000019073,2.4482597990254957e-05,0.030090520001146436,0.4707661248084851,-0.24730310139322872,1.345963744443785,-1.0210447856776166e-09,0.834
3840.7509999983013,2.452438478203516e-05,0.030149752499109762,0.47172861383043774,-0.23666649354814692,1.345963744443785,-9.450323530932515e-10,0.834
4016.0190000012517,2.5192429735410182e-05,0.031125391007745497,0.30274956977314194,-0.3438365055890163,4.779725757856792,-1.7574501700198533e-09,0.878
4016.0190000012517,2.5192429735410182e-05,0.031125391007745497,0.30274956977314194,-0.3438365055890163,4.779725757856792,-1.7574501700198533e-09,0.878
4236.35000000149,2.642344624545692e-05,0.034272082989230665,0.12455343414854347,-0.4060191460175857,4.8626344455576564,-2.423856945596613e-09,0.88
4236.35000000149,2.642344624545692e-05,0.034272082989230665,0.12455343414854347,-0.4060191460175857,4.8626344455576564,-2.423856945596613e-09,0.88
4176.247999999672,2.6466661527089198e-05,0.033459102627772484,-0.051460815828098916,0.09195185538086345,4.891912367381819,1.0918401770202551e-09,0.9
4176.247999999672,2.6466661527089198e-05,0.033459102627772484,-0.051460815828098916,0.09195185538086345,4.891912367381819,1.0918401770202551e-09,0.9
4346.515000000596,2.6696550253881817e-05,0.03528127081530239,0.022518871316202116,-0.3298060889570325,4.938061684009846,-1.7821899794399838e-09,0.901
4346.515000000596,2.6696550253881817e-05,0.03528127081530239,0.022518871316202116,-0.3298060889570325,4.938061684009846,-1.7821899794399838e-09,0.901
3960.797000002116,2.496823823736568e-05,0.03141119389014492,0.31430027506755653,-0.2497509841097966,1.327218536756493,-9.539911280037948e-10,0.859
3960.7960000000894,2.4921138832903087e-05,0.03137049319244527,0.33377928969575477,-0.2514706535011082,1.327218536756493,-9.501231890431596e-10,0.858
3960.7960000000894,2.4884222459874707e-05,0.03132185855803278,0.34223716503382384,-0.2421871147653722,1.327218536756493,-8.435110882956493e-10,0.858
3960.797000002116,2.4919867270670227e-05,0.0313630344306598,0.33697750661484704,-0.25278743003198234,1.327218536756493,-9.324470387366564e-10,0.857
3960.7960000000894,2.4982243195182304e-05,0.03144047654000155,0.3381107809279631,-0.2436855126151256,1.327218536756493,-9.12561481468307e-10,0.857
3960.7969999983907,2.4945326215275186e-05,0.031386101128182846,0.32164354606777756,-0.23592399664786307,1.327218536756493,-8.18101405430121e-10,0.856
3960.7960000000894,2.4996245981472884e-05,0.03146913718813115,0.3471910730439909,-0.2296023828773629,1.327218536756493,-8.147870397669938e-10,0.855
3960.7969999983907,2.4969511204359403e-05,0.03142113745216556,0.33909672384166356,-0.23324392603904034,1.327218536756493,-8.247307169644022e-10,0.854
3960.7960000000894,2.4851127439912833e-05,0.03130643211262031,0.3292486678107345,-0.2233018434667867,1.327218536756493,-7.650716437200367e-10,0.854
3960.7960000000894,2.4806569503006883e-05,0.03125265051148255,0.33717052934081204,-0.2225558843833453,1.327218536756493,-7.612027559428047e-10,0.854
3960.795999996364,2.496823967362314e-05,0.03146284909921997,0.34473318428770217,-0.2421581463343631,1.327218536756493,-8.584254720606617e-10,0.853
3960.797000002116,2.499751931114323e-05,0.03148670601970745,0.3344319036283996,-0.22650023893211219,1.327218536756493,-7.473943434802298e-10,0.852
3960.7960000000894,2.494278078586181e-05,0.03145100595213245,0.3628325210772658,-0.24703902135949313,1.327218536756493,-8.838367596795861e-10,0.852
3960.7960000000894,2.4935142546684262e-05,0.0314441473545086,0.3643151590835396,-0.24649325601212171,1.327218536756493,-8.965409095627371e-10,0.851
3960.7969999983907,2.488804285295816e-05,0.031310944138054984,0.31213747657292235,-0.2135971549583427,1.327218536756493,-7.04307599864961e-10,0.851
3960.797000002116,2.484476034011459e-05,0.03132915643263876,0.3637506784704838,-0.2375448621865947,1.327218536756493,-8.1920722142472e-10,0.851
3960.7969999983907,2.500897541634205e-05,0.031535962551448256,0.35876677923741696,-0.22441769534987918,1.327218536756493,-7.650709713075751e-10,0.85
3960.7960000000894,2.511590485948122e-05,0.03165680491904876,0.3474854826182723,-0.228774557702478,1.327218536756493,-7.700416728937414e-10,0.85
3960.7969999983907,2.4946599127226863e-05,0.031449999929152206,0.364190163662351,-0.24960539007850854,1.327218536756493,-8.877035769377826e-10,0.85
3960.7960000000894,2.489567958024911e-05,0.031382991521885666,0.3593185680613584,-0.23441458048413408,1.327218536756493,-8.059471092407756e-10,0.849
3960.797000002116,2.4986061429183742e-05,0.03145179941234698,0.32062689319544724,-0.20499256068030736,1.383099991189334,-6.794491985660964e-10,0.849
3960.7969999983907,2.4983517892552683e-05,0.03148980538423914,0.35919525195630087,-0.21702997316678893,1.327218536756493,-7.125939892091874e-10,0.849
3960.7960000000894,2.5059896076645283e-05,0.0316006159826242,0.3638490610197893,-0.2293925447331098,1.327218536756493,-7.838526332108861e-10,0.848
3960.7960000000894,2.5100631216188944e-05,0.031607891791915046,0.3196097263013016,-0.205801171132915,1.383099991189334,-6.51829663292261e-10,0.848
3960.7960000000894,2.5071352550243926e-05,0.031586073444646846,0.3535299674123089,-0.22267450250321355,1.327218536756493,-7.418696537328512e-10,0.848
3960.7969999983907,2.5143909471275304e-05,0.03162480580566448,0.3222494538627183,-0.20608193756202525,1.327218536756493,-6.424391429913561e-10,0.847
3960.797000002116,2.5118449548182428e-05,0.031624918535401274,0.3491251556745105,-0.21761334082812933,1.327218536756493,-7.192220262568774e-10,0.848
3960.7969999983907,2.5138820863569994e-05,0.03165871933297243,0.3352353914617683,-0.20724435196321486,1.327218536756493,-6.507255227809789e-10,0.847
3960.7960000000894,2.5208834996491136e-05,0.0317224623375266,0.3245450160867609,-0.21883946542597296,1.327218536756493,-7.291648631238697e-10,0.847
3960.7960000000894,2.8670066455038526e-05,0.03606969881916852,0.021029624184405016,0.12375651437810489,1.383099991189334,1.5610782001241232e-09,0.847
3960.7960000000894,2.5066260459764972e-05,0.03159995318031684,0.36103412924046596,-0.22159337853856037,1.327218536756493,-7.457371075825463e-10,0.846
3960.7969999983907,2.4958054608886417e-05,0.03140846985463674,0.31368821421144233,-0.2044120354079304,1.327218536756493,-6.55143701697607e-10,0.846
3960.797000002116,2.499242726564334e-05,0.03148013832139881,0.33701881233238895,-0.21029732470172596,1.327218536756493,-6.822120284089927e-10,0.846
3960.797000002116,2.5022978828372846e-05,0.031509003325281226,0.32539693313572693,-0.20629009848755767,1.383099991189334,-6.656397957689374e-10,0.846
3960.7960000000894,2.502425058818603e-05,0.03149846500518254,0.31719304044950025,-0.20743250793688336,1.383099991189334,-6.904959842270644e-10,0.846
3960.7969999983907,2.5076442376185537e-05,0.031599107029509396,0.3505068605863748,-0.20476529421184678,1.327218536756493,-6.496198047280692e-10,0.846
3960.7960000000894,2.4992427145723662e-05,0.03148013832139881,0.33701881233240183,-0.21029732470179066,1.327218536756493,-6.822106694188842e-10,0.846
3960.797000002116,2.5028069210424252e-05,0.03152054192554208,0.32750252513831946,-0.2047043051594027,1.327218536756493,-6.396774121152915e-10,0.845
3960.7960000000894,2.499115592857948e-05,0.03147678317090041,0.3314401146603272,-0.20903428543449043,1.327218536756493,-6.639818827264081e-10,0.845
3960.797000002116,2.5109542274390623e-05,0.03164403450551301,0.3522963552690923,-0.2262940118861404,1.327218536756493,-7.926914127651683e-10,0.845
3960.785000000149,2.513380185039495e-05,0.031640471386975566,0.33105104567717314,-0.19716527503093545,1.327218536756493,-6.186637570557811e-10,0.845
3960.787000000477,2.5483853957725527e-05,0.032164142854450455,0.37675700392319067,-0.26987674602259143,1.327218536756493,-1.024726907464704e-09,0.845
3960.767000000924,2.5105997561459796e-05,0.03165443989494027,0.3672458426754015,-0.22609721525371795,1.327218536756493,-7.534172410199303e-10,0.845
3960.7960000000894,2.5156640365216536e-05,0.03168646533713558,0.351944208396306,-0.21880513137642008,1.327218536756493,-7.070698363834101e-10,0.845
3960.7969999983907,2.511845254302654e-05,0.031649484033269656,0.34512541474599656,-0.2255773521311618,1.327218536756493,-7.567860041008773e-10,0.844
3960.765000000596,2.5108578182060437e-05,0.03161420741560562,0.3382901212487406,-0.20367276712227103,1.327218536756493,-6.501387600474883e-10,0.844
3960.7960000000894,2.5087900971520032e-05,0.03158227802431277,0.3362179611618279,-0.19845031319866094,1.327218536756493,-5.916172254660735e-10,0.844
3960.7969999983907,2.5022977485728954e-05,0.031509003325281226,0.32539693313572693,-0.20629009848755767,1.383099991189334,-6.656406454498075e-10,0.843
3960.7809999994934,2.5033318128943147e-05,0.03150832445249859,0.31981579186514386,-0.19017386821239005,1.383099991189334,-5.623779242367477e-10,0.843
3960.7969999983907,2.5006431484005512e-05,0.031532684002916825,0.3610610526337341,-0.1961159621163851,1.327218536756493,-5.976942405526702e-10,0.843
3960.797000002116,2.51591884641037e-05,0.03167498717970105,0.33162011824811133,-0.20109511989865259,1.327218536756493,-6.402287702917664e-10,0.843
3960.7969999983907,2.515536805594349e-05,0.03166312486056659,0.3232358109720055,-0.19640035315274404,1.383099991189334,-6.352575463242052e-10,0.843
3960.797000002116,2.5098083304069862e-05,0.03160625629080646,0.3207791519430736,-0.18745650854880147,1.383099991189334,-5.595786346677008e-10,0.842
3960.7960000000894,2.5115905217961318e-05,0.03158972734039159,0.2985785224688704,-0.18948647258656215,1.383099991189334,-5.877504128947995e-10,0.842
3960.7969999983907,2.517955381827811e-05,0.03168607154768127,0.3355291277617578,-0.20065424236067472,1.327218536756493,-6.258670477557447e-10,0.842
3960.797000002116,2.512736357800097e-05,0.031613375742661536,0.3065850513610022,-0.19668835467599222,1.383099991189334,-6.214478223500461e-10,0.842
3960.7960000000894,2.5113361089239575e-05,0.03163624582517454,0.3357658010723821,-0.1997112641161151,1.327218536756493,-6.159231263199573e-10,0.842
3960.7969999983907,2.518210141324386e-05,0.031692709058814,0.3159276064835468,-0.1944698499505362,1.327218536756493,-5.590270128931074e-10,0.842
3960.797000002116,2.5108268291809942e-05,0.031630385445366616,0.33233708346014446,-0.18586317652620016,1.327218536756493,-5.330650778496227e-10,0.841
3960.7969999983907,2.5108267644797236e-05,0.031630385445366616,0.33233708346014446,-0.18586317652620016,1.327218536756493,-5.330646174683583e-10,0.841
3960.7960000000894,2.5124816210907878e-05,0.03164814638079872,0.32850078754553413,-0.18508838634560992,1.327218536756493,-5.247778084993418e-10,0.841
3840.771999999881,2.446310577072792e-05,0.030045735339998145,0.44204732294503657,-0.33118906030260203,1.345963744443785,-1.4960699168909247e-09,0.841
3960.7969999983907,2.5230473829361473e-05,0.03180124326317728,0.351707079217944,-0.197940933564641,1.327218536756493,-5.689698488464654e-10,0.841
3840.771999999881,2.4566138174565165e-05,0.030127601107370765,0.4525302841901979,-0.3376221752678407,1.345963744443785,-1.5265434937470968e-09,0.841
3840.771999999881,2.4521583433314594e-05,0.030121754194561357,0.47205877313499656,-0.343076591160277,1.345963744443785,-1.5507059948624963e-09,0.841
3840.771999999881,2.458841448584684e-05,0.030194288793703592,0.46172760012678715,-0.31993292700491327,1.345963744443785,-1.3980301533810669e-09,0.841
3840.771999999881,2.458841420056473e-05,0.030202473308313545,0.45967315566778666,-0.32484868377814635,1.345963744443785,-1.479072088688143e-09,0.84
3840.771999999881,2.4577276860088402e-05,0.030182431424036486,0.46142371106696123,-0.31841854232468564,1.345963744443785,-1.4206954495035558e-09,0.84
3840.772999998182,2.461904437810648e-05,0.030214510862608138,0.4495101759796203,-0.3145640119555509,1.345963744443785,-1.3870166810221714e-09,0.84
3840.771999999881,2.457170808804822e-05,0.030182023548041705,0.45955366877245796,-0.31441518993654666,1.345963744443785,-1.427965969445705e-09,0.84
3840.772999998182,2.453829086213865e-05,0.030157352488089994,0.4662314538474277,-0.3042719102078804,1.345963744443785,-1.3221200340934388e-09,0.84
3840.771999999881,2.452158465522778e-05,0.030117226772809706,0.4485163761824249,-0.31290367997687357,1.345963744443785,-1.3781440652215107e-09,0.84
3840.771999999881,2.4566137456879637e-05,0.0301777248273884,0.45606887323688117,-0.3018562736261587,1.345963744443785,-1.3251120475603623e-09,0.84
3840.771999999881,2.4616260076956898e-05,0.030263927422433147,0.4926082575898292,-0.329059159614249,1.345963744443785,-1.4365195084830058e-09,0.839
3840.7730000019073,2.4532720062736625e-05,0.03014494655875674,0.4806843583587801,-0.32981238561563236,1.345963744443785,-1.43716024128722e-09,0.839
3840.7730000019073,2.4557783655232773e-05,0.03012109398793978,0.43707421885078634,-0.3068365819287409,1.345963744443785,-1.3568674347270409e-09,0.839
3840.771999999881,2.4613476257025597e-05,0.030162187847660768,0.41469537312695337,-0.3136149990583512,1.345963744443785,-1.4304255286734922e-09,0.839
3840.771999999881,2.4660815955800574e-05,0.03023271482110967,0.43575505344809384,-0.3193895364096018,1.345963744443785,-1.415137447805939e-09,0.839
3840.771999999881,2.465246272310753e-05,0.030242423293556774,0.44957260899026963,-0.3343209749829158,1.345963744443785,-1.4791785222576804e-09,0.839
3840.772000003606,2.4699801324650476e-05,0.030297295858931608,0.44740711588888793,-0.3195556995827478,1.345963744443785,-1.4016654625104665e-09,0.839
3840.772000003606,2.4655247151134716e-05,0.03025112695120928,0.4490134101360601,-0.3302238432149333,1.345963744443785,-1.4908334381899412e-09,0.839
3840.771999999881,2.463296830134395e-05,0.030223159893356485,0.4496637594523092,-0.32359275252912884,1.345963744443785,-1.454694051917588e-09,0.838
3840.771999999881,2.458284579392757e-05,0.030192030606125377,0.45862434553536957,-0.3117461331246696,1.345963744443785,-1.3601817885309325e-09,0.838
3840.771999999881,2.4641322152480375e-05,0.030244959509934447,0.44906288699506813,-0.3241550356351886,1.345963744443785,-1.4406891017322128e-09,0.838
3840.771999999881,2.4694231178617117e-05,0.030285134867445978,0.4364103555515295,-0.3296706454509033,1.345963744443785,-1.4698765791352689e-09,0.838
3840.771999999881,2.4749923585839653e-05,0.030345859884360008,0.4344134700360498,-0.3207558219071473,1.345963744443785,-1.418771157364899e-09,0.838
3840.7730000019073,2.4660812968118183e-05,0.030243613149946797,0.447476424824667,-0.3313394393935647,1.345963744443785,-1.473512443965961e-09,0.838
3840.772999998182,2.4580059730706985e-05,0.030155782399420697,0.4472680611633395,-0.3186819816076072,1.345963744443785,-1.4088289020478798e-09,0.838
3840.771999999881,2.463296965582315e-05,0.030229457086715494,0.45238074768313474,-0.33063482820542867,1.345963744443785,-1.487412208587417e-09,0.837
3840.771999999881,2.483903263865739e-05,0.030451837283477542,0.4383012394730663,-0.3148305525665668,1.345963744443785,-1.426254461968412e-09,0.837
3840.771999999881,2.468866180618136e-05,0.030278161196719697,0.4508501843930648,-0.31530737893200345,1.345963744443785,-1.3894753161827448e-09,0.837
3840.771999999881,2.4783338759125968e-05,0.03040711763765685,0.45154364014047665,-0.30203856231557824,1.345963744443785,-1.314848828930183e-09,0.837
3840.7730000019073,2.4777771132882176e-05,0.030400483449106414,0.4512093953292027,-0.3104834146883551,1.345963744443785,-1.37750210856986e-09,0.837
3840.7730000019073,2.460512071162081e-05,0.030202567370301064,0.4591552777471879,-0.3226410767346181,1.345963744443785,-1.415563975520838e-09,0.837
3840.771999999881,2.485574014784279e-05,0.03049229907747695,0.43470673228244205,-0.2993372861474411,1.345963744443785,-1.3148495686018617e-09,0.837
3840.771999999881,2.4800046868807578e-05,0.030432395269156535,0.4377588664003498,-0.29523051877273354,1.345963744443785,-1.2958193176251478e-09,0.837
3840.771999999881,2.4708153080714054e-05,0.030351102021827704,0.4571723523843545,-0.2934937245697692,1.345963744443785,-1.2895090617684892e-09,0.837
3840.771999999881,2.459955205612798e-05,0.030223817870458816,0.452143639859953,-0.31077444835558243,1.345963744443785,-1.3719421549859639e-09,0.836
3840.772999998182,2.4669168330101296e-05,0.03026840161560625,0.4334825486400029,-0.3130198680742583,1.345963744443785,-1.396853069386891e-09,0.837
3840.771999999881,2.4705371000206652e-05,0.03031894847061215,0.4357592259079732,-0.29857901414666493,1.345963744443785,-1.2817051494336983e-09,0.836
3840.771999999881,2.4699801239826093e-05,0.030288699262766335,0.4223890022478991,-0.30521341202648455,1.345963744443785,-1.3479942496393874e-09,0.836
3840.771999999881,2.4610691475514315e-05,0.03021874167606665,0.44642512154535696,-0.3024457819782178,1.345963744443785,-1.331955203646546e-09,0.836
3840.771999999881,2.4694231035830913e-05,0.03028557262280025,0.41972297154907157,-0.29728040634992847,1.345963744443785,-1.3234036861750801e-09,0.836
3840.771999999881,2.4632968387898266e-05,0.030228047381278995,0.437917151055669,-0.2930344985035149,1.345963744443785,-1.2780699025484197e-09,0.836
3840.771999999881,2.466081635195359e-05,0.03025356853481764,0.4319270385261178,-0.29538025201011253,1.345963744443785,-1.273365312198335e-09,0.836
3840.771999999881,2.4663599938011712e-05,0.030258012963260618,0.4312356001887627,-0.2987267757156892,1.345963744443785,-1.313673292311203e-09,0.835
3840.771999999881,2.467195538867262e-05,0.030299671215337883,0.46049701584697633,-0.275436693290073,1.345963744443785,-1.1801351947639738e-09,0.835
3840.771999999881,2.461904527546138e-05,0.030213570601384514,0.441056287330313,-0.29476074061872387,1.345963744443785,-1.2700519786165062e-09,0.835
3840.772999998182,2.4624613249014046e-05,0.0302148556177255,0.4344709011889156,-0.2878002836245381,1.345963744443785,-1.2563662399419858e-09,0.835
3840.771999999881,2.4685877493405112e-05,0.030284853449948343,0.4206832565576262,-0.29224853742995494,1.345963744443785,-1.2700521578524438e-09,0.835
3840.771999999881,2.4652462123197145e-05,0.030250125218874296,0.4322877970322043,-0.29237967742225474,1.345963744443785,-1.2529458774329115e-09,0.835
3840.772000003606,2.46886609618762e-05,0.03026186218708793,0.4202275967153848,-0.28821026864207666,1.345963744443785,-1.2575425475046231e-09,0.835
3840.771999999881,2.4713722300852666e-05,0.030327130567939446,0.44863173143699964,-0.2947549712705989,1.345963744443785,-1.281170590228947e-09,0.835
3840.735999997705,2.471945504647052e-05,0.03030314015131605,0.41016318218400194,-0.2868410899462249,1.345963744443785,-1.2548498618437695e-09,0.834
3840.771999999881,2.4805617925260257e-05,0.030389641377125593,0.4063860132360362,-0.2700660961443297,1.345963744443785,-1.170941057671175e-09,0.834
3840.772999998182,2.463853890431376e-05,0.030227264183184017,0.4330737428167928,-0.28043582237990533,1.345963744443785,-1.1841988258154575e-09,0.834
3840.772999998182,2.4752709934049983e-05,0.030325819082595323,0.40020516419519137,-0.2844073251651973,1.345963744443785,-1.250166083278505e-09,0.834
3840.771999999881,2.480004719676821e-05,0.030388114452858057,0.40591714310808724,-0.26693017900489086,1.345963744443785,-1.1431430290309719e-09,0.834
3840.771999999881,2.4819539275691462e-05,0.030408020772038524,0.4223544956970482,-0.28823214114371426,1.345963744443785,-1.235838639072066e-09,0.834
3840.771999999881,2.4772199312252073e-05,0.03035943141360814,0.40991544843366867,-0.25490798554258765,1.345963744443785,-1.0606037472130651e-09,0.834
3840.771999999881,2.476384667929804e-05,0.030369723010880017,0.4343884670989029,-0.28595583273082115,1.345963744443785,-1.2219379298957332e-09,0.834
3840.771999999881,2.48529553425163e-05,0.03050720232894838,0.4249590324398129,-0.27747757594341405,1.345963744443785,-1.1783167584216248e-09,0.834
3840.7569999992847,2.4758424628880153e-05,0.030386338138290787,0.4507668206509483,-0.26486634808769716,1.345963744443785,-1.0869823749686466e-09,0.833
3840.771999999881,2.481954147869165e-05,0.03044838528833123,0.41893176278130984,-0.2815264178757703,1.345963744443785,-1.189223276695165e-09,0.833
3840.771999999881,2.476106180204393e-05,0.03038982834217174,0.4345223469604784,-0.27814324684960146,1.345963744443785,-1.1613172887064481e-09,0.833
3840.772999998182,2.4749923935262262e-05,0.030367197214538354,0.4322530318343336,-0.27778434439889604,1.345963744443785,-1.1651677022427415e-09,0.833
3840.772999998182,2.666297472586749e-05,0.032343972788721795,0.19692061398647942,-0.19596497458516388,1.345963744443785,-6.702545805674567e-10,0.833
3840.772999998182,2.4736000851762103e-05,0.030365232561020312,0.44241463630731026,-0.2727115131629059,1.345963744443785,-1.1532993968639819e-09,0.833
3840.771999999881,2.4722076779693936e-05,0.03036139644251222,0.4455401477965433,-0.27595287313762795,1.345963744443785,-1.1743613495717534e-09,0.833
3840.772999998182,2.4802832797808197e-05,0.030428318648219377,0.41907558103044673,-0.27124191767448813,1.345963744443785,-1.183663893692242e-09,0.833
3840.771999999881,2.4816754571917676e-05,0.030432052978477276,0.41604057474260436,-0.26800957714672713,1.345963744443785,-1.1626003408782716e-09,0.833
3840.771999999881,2.4766632483395342e-05,0.030357747001882436,0.4178986461379335,-0.27378657742427787,1.345963744443785,-1.206863809043785e-09,0.833
3840.771999999881,2.4839033653816744e-05,0.03044191563079969,0.41017725761568125,-0.2648979521700076,1.345963744443785,-1.1540492893063624e-09,0.833
3840.772999998182,2.488358824170081e-05,0.030517164817276985,0.4265467502677911,-0.2722069341358236,1.345963744443785,-1.171154623922248e-09,0.832
3840.771999999881,2.495598809205685e-05,0.030616054661407682,0.4232778579021055,-0.27606910838400234,1.345963744443785,-1.1544752224110463e-09,0.833
3840.771999999881,2.4724862527253626e-05,0.030382629357359196,0.450759555423073,-0.27717756148122713,1.345963744443785,-1.1740404428931086e-09,0.832
3840.7609999999404,2.490319851753805e-05,0.030523680573573925,0.4259621771381217,-0.3007708888906936,1.345963744443785,-1.3117862129716792e-09,0.832
3840.771999999881,2.4825109521924265e-05,0.03047241673740665,0.4334533392804114,-0.27684834928359514,1.345963744443785,-1.1697641821663276e-09,0.832
3840.771999999881,2.4878016624621633e-05,0.030500683052460738,0.4160798990634018,-0.2655256074008265,1.345963744443785,-1.1275326546452637e-09,0.832
3840.771999999881,2.48501720061779e-05,0.030453609777575597,0.41236235968466284,-0.25745191122914823,1.345963744443785,-1.0856228015008562e-09,0.832
3840.771999999881,2.488358575757178e-05,0.030507636897847547,0.4114298091751296,-0.2556618817555766,1.345963744443785,-1.0854080126630053e-09,0.832
3840.772999998182,2.4794477323312725e-05,0.030386338138290777,0.4216814537495823,-0.2735312910317267,1.345963744443785,-1.1373708162355448e-09,0.832
3840.7730000019073,2.4839033390296195e-05,0.030486770603299098,0.4275936277440633,-0.2780731309319233,1.345963744443785,-1.201520033480872e-09,0.832
3840.7730000019073,2.4813970608679273e-05,0.03044353317407839,0.4270133836433474,-0.28085318430060235,1.345963744443785,-1.2065443187762234e-09,0.832
3840.771999999881,2.484460114356665e-05,0.030493945002544064,0.4247710883984728,-0.27720948006199675,1.345963744443785,-1.1912546053449766e-09,0.832
3840.772999998182,2.4791694125959473e-05,0.03043006139270238,0.4319618194831021,-0.2786547969077044,1.345963744443785,-1.1979905903353972e-09,0.832
3840.772000003606,2.4903080392454136e-05,0.03057111059530391,0.4392835007777549,-0.2847787912625774,1.345963744443785,-1.2555114051932876e-09,0.831
3840.771999999881,2.486130893656111e-05,0.030492858080858755,0.4064563771358527,-0.27096324968874747,1.345963744443785,-1.1833432166923637e-09,0.831
3840.759999997914,2.4886404078004803e-05,0.030523308282112027,0.4081149931267496,-0.2605980057377009,1.345963744443785,-1.1314990116477494e-09,0.831
3840.772999998182,2.4880802208313438e-05,0.0305115477394141,0.411425734251198,-0.2615040046994579,1.345963744443785,-1.1113879836401248e-09,0.831
3840.771999999881,2.4880802321998724e-05,0.03049841650136787,0.4013513940866589,-0.26452947717408837,1.345963744443785,-1.134482202955424e-09,0.831
3840.771999999881,2.4839033451956497e-05,0.030471764128302586,0.41237500321653187,-0.2669332942154243,1.345963744443785,-1.158538694561824e-09,0.831
3840.772999998182,2.4936494344668343e-05,0.030599347636143772,0.43503505283745625,-0.27076183570967466,1.345963744443785,-1.1567216928990945e-09,0.831
3840.772999998182,2.4869663229774193e-05,0.030453205533617092,0.4047393599679423,-0.26468825267882656,1.345963744443785,-1.1646327737600335e-09,0.83
3840.7730000019073,2.491978648684522e-05,0.030559740301133582,0.4325728701150835,-0.2739829465261122,1.345963744443785,-1.1819533479071165e-09,0.83
3840.7730000019073,2.5064590399196186e-05,0.030725538435008942,0.41978817572191307,-0.2818058977770148,1.345963744443785,-1.2443928705980421e-09,0.83
3840.771999999881,2.4964340871230632e-05,0.030589009464185014,0.41668855806792937,-0.26215171822611183,1.345963744443785,-1.0844458081102447e-09,0.83
3840.771999999881,2.5022818499817764e-05,0.03066803562491261,0.4039405391193287,-0.25864181369396605,1.345963744443785,-1.0950305688809799e-09,0.83
3840.771999999881,2.4967126370214074e-05,0.030607145382816225,0.4134805648877271,-0.256805048243886,1.345963744443785,-1.0556863567280125e-09,0.83
3840.7569999992847,2.5036834115912414e-05,0.03071478027387998,0.42367537258916954,-0.2791291308978303,1.345963744443785,-1.224271625374655e-09,0.83
3840.771999999881,2.5014464072107777e-05,0.030679149715608596,0.42900346667804623,-0.27402812825294237,1.345963744443785,-1.1652740794493118e-09,0.83
3840.771999999881,2.5072942781739094e-05,0.030735522583565225,0.40932622583164635,-0.2665388976154016,1.345963744443785,-1.129457837782454e-09,0.83
3840.771999999881,2.5025603959416704e-05,0.030696923890898828,0.4180275175511201,-0.25498912510321625,1.345963744443785,-1.047880282936891e-09,0.829
3840.771999999881,2.5036742432453703e-05,0.030701674270799985,0.4180670339948085,-0.2610513575966286,1.345963744443785,-1.0977040300628988e-09,0.83
3840.771999999881,2.5081296216994776e-05,0.03077136483712405,0.41025026084144756,-0.25465190583407304,1.345963744443785,-1.0570764995005847e-09,0.829
3840.771999999881,2.512306675817618e-05,0.030788347608873865,0.40331994263530957,-0.2570922107889122,1.345963744443785,-1.0717232484687124e-09,0.829
3840.771999999881,2.49782661472687e-05,0.030656114373560917,0.4256166977980165,-0.25946751668589746,1.345963744443785,-1.0601755233283567e-09,0.829
3840.771999999881,2.50450963716671e-05,0.03072942154491114,0.4198112526037088,-0.2529908176328339,1.345963744443785,-1.0319491527382986e-09,0.829
3840.771999999881,2.503395645186455e-05,0.03072063761964547,0.42589393641601125,-0.25869258940131395,1.345963744443785,-1.056114244081769e-09,0.829
3840.771999999881,2.514534491441467e-05,0.030836199702966218,0.4227831693466717,-0.2582753105257357,1.345963744443785,-1.0997337753721161e-09,0.829
3840.771999999881,2.5020033494535505e-05,0.03066859142510463,0.41769306348169444,-0.26253804595059865,1.345963744443785,-1.114595946376969e-09,0.829
3840.771999999881,2.5061805354116447e-05,0.03074282374996176,0.425389705566078,-0.27784985083322994,1.345963744443785,-1.1884758886461455e-09,0.828
3840.772999998182,2.50812964847932e-05,0.030750492728252428,0.416387853378855,-0.24302217284590538,1.345963744443785,-9.745360612108533e-10,0.828
3840.771999999881,2.5033957332474957e-05,0.030710710302315213,0.42183544596634936,-0.2367594473772423,1.345963744443785,-9.513351561113045e-10,0.828
3840.771999999881,2.5114712138371656e-05,0.030824220602597197,0.42510527977254053,-0.24938414673884948,1.345963744443785,-1.0282085561080353e-09,0.828
3840.771999999881,2.503674202072112e-05,0.030712745355515353,0.4208928407216881,-0.23662156862942682,1.345963744443785,-9.478080504901914e-10,0.828
3840.7730000019073,2.5103572358864148e-05,0.030796835482847545,0.42702676220607527,-0.24491193296956987,1.345963744443785,-9.999833885105458e-10,0.828
3840.771999999881,2.5136990705443746e-05,0.030836291831856103,0.41646259205639513,-0.24052484604779398,1.345963744443785,-9.800966429988214e-10,0.828
3840.772000003606,2.5072943148135247e-05,0.03076093055297337,0.41486887193836264,-0.23188510661657882,1.345963744443785,-9.113496556994519e-10,0.828
3840.771999999881,2.510078938324198e-05,0.030818475125984266,0.4267501871079511,-0.2464926959059741,1.345963744443785,-1.0071454156860735e-09,0.828
3840.772999998182,2.5181543074695574e-05,0.030866403232071758,0.40502234414845395,-0.24109479644472817,1.345963744443785,-9.694058913775677e-10,0.828
3840.772999998182,2.5206604802226633e-05,0.030876893881308355,0.40223412216686816,-0.24689039734412133,1.345963744443785,-1.0131332061017532e-09,0.827
3840.772999998182,2.516762133924963e-05,0.030858026557612283,0.40525618218466963,-0.2351444525167406,1.345963744443785,-9.543292372381147e-10,0.827
3840.772999998182,2.506458717471408e-05,0.03072664794505571,0.4094714122251628,-0.22153348695066846,1.345963744443785,-8.466654964299873e-10,0.827
3840.771999999881,2.5181543554380157e-05,0.03089299101640039,0.4163941344368225,-0.2290647024373022,1.345963744443785,-9.082492596408638e-10,0.827
3840.7730000019073,2.518989690231533e-05,0.030891887480715943,0.4115626005417803,-0.23220714679208154,1.345963744443785,-9.072866718614643e-10,0.827
3840.771999999881,2.5047879833945204e-05,0.030721993898360694,0.4228721569358629,-0.23010811176907803,1.345963744443785,-8.939220536183144e-10,0.826
3840.771999999881,2.5145343135105494e-05,0.030825480162890082,0.39818222006196047,-0.23652155312233988,1.345963744443785,-9.410712798108687e-10,0.826
3840.772999998182,2.514812802101621e-05,0.03082142480925777,0.40427656142863455,-0.22756799200195094,1.345963744443785,-8.708290928115219e-10,0.826
3840.771999999881,2.5142559834286406e-05,0.030816477784300817,0.40263210010179895,-0.2155201397838173,1.345963744443785,-7.872197081868363e-10,0.826
3840.771999999881,2.523723706325543e-05,0.030919739698618182,0.38644090959424027,-0.22741877886000467,1.345963744443785,-8.770289092877741e-10,0.826
3840.772999998182,2.5159266625755373e-05,0.030825050074918207,0.4015336143481907,-0.22439246319341719,1.345963744443785,-8.468794721868344e-10,0.826
3840.771999999881,2.517876062733704e-05,0.030814972010371852,0.36141198205847314,-0.1930296074935914,1.345963744443785,-6.896059550435933e-10,0.826
3840.771999999881,2.5131419992815293e-05,0.03076154624320319,0.3638318306403088,-0.19312580980376753,1.345963744443785,-6.745314364384356e-10,0.826
3840.771999999881,2.5212174731683663e-05,0.03091771827011665,0.4045370984060792,-0.20637250505769,1.345963744443785,-7.516177804679762e-10,0.826
3840.7540000006557,2.51733664834197e-05,0.030844305991887946,0.3963954949059487,-0.2211546677551919,1.345963744443785,-8.610988913569517e-10,0.826
3840.771999999881,2.5203820087489534e-05,0.03090099047152396,0.4078845968226501,-0.2072266685999405,1.345963744443785,-7.870061924965428e-10,0.826
3840.7340000011027,2.379514512182959e-05,0.029911074010888473,1.1191580530788618,-0.4702824481922198,1.2795860624386364,-1.7517706343416278e-09,0.826
3840.771999999881,2.5198251722484093e-05,0.03089004816696751,0.42892746608341303,-0.24203954227927843,1.345963744443785,-9.50801622592524e-10,0.826
3840.771999999881,2.5203820819811096e-05,0.030909906963380657,0.4107567307476918,-0.2291436006542183,1.345963744443785,-8.917852121345567e-10,0.826
3840.771999999881,2.5240019462761737e-05,0.03095169746165103,0.4013509042437593,-0.2308530495061758,1.345963744443785,-9.169093147936719e-10,0.826
3840.771999999881,2.5195465795042282e-05,0.030870514028173132,0.39737202930876236,-0.22895918142861307,1.345963744443785,-9.179769839915518e-10,0.826
3840.772999998182,2.5201034719906473e-05,0.03089308297592803,0.387991246864857,-0.21715627443472288,1.345963744443785,-8.437789593097362e-10,0.826
3840.7730000019073,2.5111926945186594e-05,0.03075960677724778,0.37344380026296164,-0.2191301575237953,1.345963744443785,-8.345837554690059e-10,0.826
3840.771999999881,2.523166502162654e-05,0.030916584987231783,0.39209548266130856,-0.23993770862364036,1.345963744443785,-9.850139807846555e-10,0.825
3840.771999999881,2.529014529639311e-05,0.0310001221893975,0.3838867616852415,-0.2281832193020229,1.345963744443785,-9.05360543484228e-10,0.825
3840.772999998182,2.5351406365694246e-05,0.031026137563693153,0.366222308690491,-0.21015576490662513,1.345963744443785,-8.093520071010333e-10,0.825
3840.7730000019073,2.5301282158173467e-05,0.030994775952789815,0.40217470189156934,-0.22366635353702008,1.345963744443785,-9.0001569596257e-10,0.825
3840.772999998182,2.5226096420249726e-05,0.03090889594412668,0.38890006285001366,-0.22824307251986997,1.345963744443785,-8.986258072759293e-10,0.825
3840.7730000019073,2.5242807438253672e-05,0.030953043615950127,0.39968943978685134,-0.22770284610063138,1.345963744443785,-8.881482483723762e-10,0.825
3840.771999999881,2.5148128657311408e-05,0.030850721960021407,0.4102571448790475,-0.23562096843136546,1.345963744443785,-9.349773336786925e-10,0.825
3840.771999999881,2.522331564029453e-05,0.030920290974364956,0.4052296390483452,-0.22677361113094097,1.345963744443785,-8.841928640966728e-10,0.825
3840.772999998182,2.5334698422623167e-05,0.031025313467515147,0.3923284560649316,-0.19480998112679457,1.345963744443785,-7.496926648967267e-10,0.824
3840.771999999881,2.5340270124737534e-05,0.031040113343279486,0.4050278001897465,-0.20958916146605008,1.345963744443785,-7.71717055332382e-10,0.824
3840.771999999881,2.5220530395389195e-05,0.03091992345829252,0.42068111132325825,-0.22587945120819353,1.345963744443785,-8.738226541370715e-10,0.824
3840.771999999881,2.535419291659349e-05,0.031066491497100127,0.4026873132270832,-0.22202519349245992,1.345963744443785,-8.500868044536099e-10,0.824
3840.7410000003874,2.539052524366426e-05,0.031117202686461117,0.39293178918928673,-0.20915675033800257,1.345963744443785,-7.707014452575977e-10,0.824
3840.772999998182,2.522609749330514e-05,0.03095900882251765,0.42613596382890506,-0.21772074521444335,1.3019762161101502,-8.130947515609238e-10,0.824
3840.771999999881,2.5345838465651017e-05,0.031065577022768694,0.39086188012706424,-0.21412884549317263,1.3019762161101502,-8.283828882017163e-10,0.824
3840.7730000019073,2.5370899463941984e-05,0.031073775848044983,0.38331994479397746,-0.2017238322446703,1.3019762161101502,-7.3803889420602e-10,0.824
3840.771999999881,2.532077723711843e-05,0.031026686948984757,0.3992156406260632,-0.20115442297020897,1.3019762161101502,-7.185816166308424e-10,0.824
3840.7730000019073,2.5309638353208168e-05,0.0310342857810421,0.39870787867035373,-0.20842161441533796,1.3019762161101502,-7.863664470367935e-10,0.824
3840.771999999881,2.5393175779608956e-05,0.03109765897844067,0.41844413713684947,-0.21144483495284208,1.345963744443785,-7.959872549590484e-10,0.823
3840.7730000019073,2.5351406010675995e-05,0.03102629017169439,0.3884437942016392,-0.1919794497621151,1.3019762161101502,-6.889651571864788e-10,0.823
3840.771999999881,2.5368115158278867e-05,0.03105734554209696,0.38350420762417237,-0.19291762225313955,1.3019762161101502,-6.842601173656651e-10,0.823
3840.771999999881,2.5432162050680488e-05,0.03113788980997555,0.4064271346853561,-0.2030430481906255,1.345963744443785,-7.239261296847688e-10,0.823
3840.771999999881,2.5532408923936564e-05,0.03126093747988391,0.38734584166865993,-0.18945403403502956,1.345963744443785,-6.274884305346293e-10,0.823
3840.771999999881,2.5404315408385505e-05,0.031127882609608595,0.4101480356814817,-0.19980302291113322,1.345963744443785,-6.755993722339814e-10,0.823
3840.7730000019073,2.5359762554223344e-05,0.031096745420663766,0.4221408702327647,-0.1995423882004018,1.345963744443785,-6.991215317502428e-10,0.823
3840.7730000019073,2.5423807945885542e-05,0.03109866386099878,0.369546540307669,-0.19306541938835803,1.3019762161101502,-7.167633659680464e-10,0.823
3840.7730000019073,2.543216344161216e-05,0.031147924197579828,0.40333804845219534,-0.19909786162965132,1.345963744443785,-7.162278952470569e-10,0.823
3840.7730000019073,2.5490640032504468e-05,0.031201082926039177,0.38613808986621123,-0.19957371206373872,1.345963744443785,-7.035053502048559e-10,0.823
3840.7730000019073,2.5421023402214946e-05,0.031098724761928414,0.36867181435253427,-0.18995274168266982,1.3019762161101502,-6.880033930119541e-10,0.822
3840.771999999881,2.5398746978911637e-05,0.031113824511904243,0.4141850188618452,-0.19904328221459933,1.345963744443785,-6.991217364977849e-10,0.822
3840.771999999881,2.5331913652885663e-05,0.031031356331259096,0.39128102408105025,-0.18563256844908865,1.3019762161101502,-6.25564720330858e-10,0.822
3840.771999999881,2.5331914089256838e-05,0.031038374342387515,0.3862489836998062,-0.18627765728105752,1.3019762161101502,-6.463056892400111e-10,0.822
3840.771999999881,2.5393177944907245e-05,0.03110073442570415,0.41335167334366485,-0.19897468377296817,1.345963744443785,-6.84154208219201e-10,0.822
3840.7730000019073,2.5457223767152598e-05,0.031166980633647846,0.396893034089274,-0.19952025691402595,1.345963744443785,-6.863998107457913e-10,0.822
3840.771999999881,2.5529625165883263e-05,0.031248121155640296,0.3817290220310956,-0.1927329227644615,1.345963744443785,-6.891784984126423e-10,0.822
3840.771999999881,2.5404315846559992e-05,0.031120002336994492,0.4048057276194421,-0.18475722094752628,1.345963744443785,-5.98833971332843e-10,0.821
3840.771999999881,2.5493424259655407e-05,0.031222745690999813,0.38497307046829254,-0.18421084267811386,1.345963744443785,-6.105961931143478e-10,0.821
3840.771999999881,2.5529624350512573e-05,0.03126702566505794,0.3786175571224635,-0.1801203977802209,1.345963744443785,-5.854698310953205e-10,0.821
3840.772999998182,2.5479501086392077e-05,0.03125993781377708,0.4030075036131522,-0.19156328278195048,1.345963744443785,-6.765626655022465e-10,0.821
3840.771999999881,2.5518485518463245e-05,0.0312754744653107,0.394910579221857,-0.18812566850523343,1.345963744443785,-6.487637623224553e-10,0.821
3720.747999999672,2.4892658088539366e-05,0.029687060692844665,0.5000137820677781,-0.33544814362428654,1.3649917740667208,-1.6783086857345107e-09,0.821
3720.7489999979734,2.4820888534326613e-05,0.029627730580569896,0.5130654080001258,-0.3340002880522178,1.3649917740667208,-1.6644633670300872e-09,0.821
3720.747999999672,2.4886550032411455e-05,0.02966300984771782,0.49472303413207586,-0.33094275966637554,1.3649917740667208,-1.6798073638493413e-09,0.821
3720.747999999672,2.486364707554356e-05,0.02965384977455053,0.5009059323685716,-0.3343417170388587,1.3649917740667208,-1.690657240017113e-09,0.821
3720.7490000016987,2.484990173596205e-05,0.02963880343999799,0.502482012751436,-0.3265557841508476,1.3649917740667208,-1.6521144912991136e-09,0.821
3720.747999999672,2.482088766389568e-05,0.029622830667817547,0.5087982917372496,-0.32434743749691275,1.3649917740667208,-1.6465011577742649e-09,0.821
3720.747999999672,2.4750642761073782e-05,0.02955087193735682,0.5066182196390558,-0.33975816966301636,1.3649917740667208,-1.7153565056253366e-09,0.82
3720.747999999672,2.4907930298397884e-05,0.0296905919442506,0.48113490261411007,-0.3208497859257466,1.3649917740667208,-1.6139453477912257e-09,0.82
3720.747999999672,2.493083622643741e-05,0.029702218337921277,0.47234402068620085,-0.3145332384295868,1.3649917740667208,-1.6090823219623414e-09,0.82
3720.747999999672,2.4863643724917584e-05,0.0296391605601386,0.49465359635571904,-0.30992527879054926,1.3649917740667208,-1.5185232675321159e-09,0.82
3720.747999999672,2.482699666358332e-05,0.029598114586857953,0.4797265177974541,-0.32244553196098624,1.3649917740667208,-1.6150689434082398e-09,0.82
3720.747999999672,2.4846849500946247e-05,0.02960913043030323,0.4728881162395471,-0.31816204974076884,1.3649917740667208,-1.5630547222751864e-09,0.82
3720.747999999672,2.490182213515418e-05,0.02968638155787934,0.47563123427966714,-0.30549831758076573,1.3649917740667208,-1.5353636606412686e-09,0.82
3720.7490000016987,2.482394176258648e-05,0.029596139133557648,0.4776703271340548,-0.3157671790122172,1.3649917740667208,-1.5522022439974193e-09,0.82
3720.747999999672,2.4888077774573717e-05,0.029686466450599663,0.500294581511973,-0.3227209494806522,1.3649917740667208,-1.5873766289735715e-09,0.819
3720.747999999672,2.4914038621200895e-05,0.029688690553377257,0.47155990676573056,-0.29870844671785707,1.3649917740667208,-1.4762388614184195e-09,0.819
3720.7489999979734,2.482088754251378e-05,0.029586396176446966,0.4761444219545119,-0.30780496442792016,1.3649917740667208,-1.4893355202358135e-09,0.819
3720.747999999672,2.4903349879568858e-05,0.02968436103948642,0.4723317765428434,-0.29553287774317605,1.3649917740667208,-1.4489224633005745e-09,0.819
3720.7480000033975,2.4772019971868132e-05,0.02956430934584424,0.4841378481297247,-0.30290824355323265,1.3218847866691472,-1.5020582670977928e-09,0.819
3720.747999999672,2.4903350310466014e-05,0.02968436103948642,0.4723317765428434,-0.29553287774317605,1.3649917740667208,-1.448921708505911e-09,0.819
3720.747999999672,2.4871280661290937e-05,0.029657164042306148,0.48449206343314577,-0.29724489872535587,1.3649917740667208,-1.4395666366646357e-09,0.819
3720.747999999672,2.490334910710884e-05,0.02968436103948642,0.4723317765428434,-0.29553287774317605,1.3649917740667208,-1.4489209846054608e-09,0.819
3720.7490000016987,2.4903348045643462e-05,0.02968436103948642,0.4723317765428434,-0.29553287774317605,1.3649917740667208,-1.4489226193997368e-09,0.819
3720.747999999672,2.4903349435668723e-05,0.02968436103948642,0.4723317765428434,-0.29553287774317605,1.3649917740667208,-1.4489215025295186e-09,0.819
3720.747999999672,2.4907930027511713e-05,0.029685430742825602,0.47037845305812187,-0.2921365483537022,1.3649917740667208,-1.4178631202261422e-09,0.819
3720.747999999672,2.486822647735788e-05,0.029649549172441562,0.4849134486539719,-0.29589206717469985,1.3649917740667208,-1.4313344837106391e-09,0.819
3720.747999999672,2.488654971168226e-05,0.029676736164120834,0.47474431426558716,-0.2925849405556679,1.3649917740667208,-1.428339933497867e-09,0.818
3720.747999999672,2.4891130764657416e-05,0.029677772175322074,0.4728214473456367,-0.289188809132893,1.3649917740667208,-1.397280816495899e-09,0.818
3720.747999999672,2.492014713222752e-05,0.02968869055337726,0.46872929246513184,-0.29209876039348576,1.3649917740667208,-1.4283409413293929e-09,0.818
3720.747999999672,2.49170927222391e-05,0.02968420822157691,0.4681788536973208,-0.28572405110417326,1.3649917740667208,-1.3834356561871575e-09,0.818
3720.747999999672,2.4895712293807133e-05,0.02966871859220119,0.4726670969974487,-0.28033509576000265,1.3218847866691472,-1.3475126719762397e-09,0.818
3720.7480000033975,2.48758624367448e-05,0.029654937575058965,0.4813685425323442,-0.28745720773198385,1.3649917740667208,-1.367345204344049e-09,0.818
3720.7489999979734,2.4969011061923822e-05,0.02976207738045176,0.4970526404700255,-0.2964575740260114,1.3649917740667208,-1.410378117977208e-09,0.818
3720.747999999672,2.4888078158656277e-05,0.029669618978385607,0.47139482910314356,-0.27646798646538673,1.3649917740667208,-1.3119611599582992e-09,0.818
3720.747999999672,2.498122865985406e-05,0.029788755591286766,0.4924497268711332,-0.2960449546478373,1.3218847866691472,-1.432082426135477e-09,0.817
3720.747999999672,2.4900294238220698e-05,0.029679945982908826,0.47171726848266093,-0.2891558703458938,1.3649917740667208,-1.4040173089774582e-09,0.817
3720.747999999672,2.496901276537242e-05,0.02973849397991678,0.4539667367733813,-0.27844995373409653,1.3649917740667208,-1.341525299944825e-09,0.817
3720.747999999672,2.503314870894016e-05,0.02981946687717115,0.48104899455271477,-0.28911379461111436,1.3649917740667208,-1.3789443936916478e-09,0.817
3720.747999999672,2.4955268818551512e-05,0.0297277295336493,0.46034609436437,-0.2815183183786108,1.3649917740667208,-1.3568666977679618e-09,0.817
3720.714999999851,2.4921996823358602e-05,0.02968517605505067,0.4663249492454127,-0.2823309891124038,1.3649917740667208,-1.3523102428866567e-09,0.817
3720.739999998361,2.4883535017905276e-05,0.029671164860745645,0.4746758891541818,-0.28639444132858044,1.3649917740667208,-1.3916880576038832e-09,0.817
3720.747999999672,2.4947634719787827e-05,0.029699146696767695,0.45830214708043693,-0.2792191803757027,1.3649917740667208,-1.3475122818506727e-09,0.817
3720.747999999672,2.495984905741862e-05,0.02972872985904807,0.45849955683113075,-0.2781299310462339,1.3649917740667208,-1.3258082462636817e-09,0.817
3720.7490000016987,2.4959849553917828e-05,0.02972872985904807,0.45849955683113075,-0.2781299310462339,1.3649917740667208,-1.3258087537767166e-09,0.817
3720.747999999672,2.5072853507029463e-05,0.029900894770299336,0.49239299928271807,-0.2816830942810246,1.3218847866691472,-1.3288026866156507e-09,0.817
3720.7480000033975,2.506216245274391e-05,0.029828474704982892,0.4524081545472294,-0.26419627592441747,1.3218847866691472,-1.2610697699490623e-09,0.816
3720.7489999979734,2.4976646363993517e-05,0.029742985076994556,0.48091154136849834,-0.2772174410545792,1.3218847866691472,-1.3164522847847112e-09,0.816
3720.747999999672,2.5007189425007628e-05,0.029792765413229765,0.4684597462716784,-0.2660652174885619,1.3218847866691472,-1.2678064753081485e-09,0.816
3720.747999999672,2.5054528540755224e-05,0.029869457239903925,0.4986619323232677,-0.2801655482990218,1.3218847866691472,-1.3258098280920757e-09,0.816
3720.747999999672,2.4959850729774962e-05,0.02972872985904807,0.45849955683113075,-0.2781299310462339,1.3649917740667208,-1.3258082117830977e-09,0.816
3720.747999999672,2.492167312357019e-05,0.02968517605505067,0.4663249492454127,-0.2823309891124038,1.3649917740667208,-1.352377033134705e-09,0.816
3720.7489999979734,2.5059108141545332e-05,0.029827460826473924,0.4553794418827666,-0.2697107247468834,1.3218847866691472,-1.276788760176333e-09,0.816
3720.747999999672,2.5150734828427837e-05,0.02996126531631862,0.4870022277591577,-0.27467979464525927,1.3218847866691472,-1.288013400551287e-09,0.816
3720.747999999672,2.506216367682615e-05,0.029828474704982892,0.4524081545472294,-0.26419627592441747,1.3218847866691472,-1.2610715910652255e-09,0.816
3720.747999999672,2.5098813966852222e-05,0.02992672502910635,0.5000702330073339,-0.2710447330421281,1.3218847866691472,-1.2790318319441288e-09,0.816
3720.732999999076,2.5031670925629295e-05,0.029840368306124514,0.4737493822749368,-0.25417465088408225,1.3218847866691472,-1.2049569934679977e-09,0.815
3720.747999999672,2.508048944585764e-05,0.029871768957414627,0.46201210923980796,-0.2581917902975984,1.3218847866691472,-1.2191597906087423e-09,0.815
3720.747999999672,2.5007190875070625e-05,0.029792765413229765,0.4684597462716784,-0.2660652174885619,1.3218847866691472,-1.267806766710359e-09,0.815
3720.747999999672,2.5092705280494952e-05,0.029912506824339002,0.48784854244586473,-0.2817569229660672,1.3218847866691472,-1.3523773694855399e-09,0.815
3720.747999999672,2.5135461969135813e-05,0.02993857959868996,0.473939365477297,-0.27639925968639084,1.3218847866691472,-1.2925041919144042e-09,0.815
3720.7489999979734,2.5140043775691114e-05,0.029966496749192325,0.4859025218388471,-0.2633940826707271,1.3218847866691472,-1.2404900469253e-09,0.815
3720.747999999672,2.5126299237705733e-05,0.02992834183781802,0.47757938533663635,-0.2752797840131057,1.3218847866691472,-1.3179497050004914e-09,0.815
3720.747999999672,2.5220976870204237e-05,0.030057941358477582,0.4730721312726547,-0.2610134633117615,1.3218847866691472,-1.2221535108534185e-09,0.815
3720.747999999672,2.5115609385957022e-05,0.029928931277600847,0.45766911334264204,-0.24254290136990428,1.3218847866691472,-1.1214930451012953e-09,0.815
3720.747999999672,2.5031620727971578e-05,0.029840368306124514,0.4737493822749368,-0.25417465088408225,1.3218847866691472,-1.204940854814126e-09,0.815
3720.7480000033975,2.511102994853239e-05,0.029935144950806652,0.493629568867719,-0.2648783162547155,1.3218847866691472,-1.2498452431202017e-09,0.815
3720.7489999979734,2.523472248602764e-05,0.030042828970998137,0.46135985028605564,-0.26561591437777277,1.3218847866691472,-1.2517156669064982e-09,0.814
3720.747999999672,2.5243883943054978e-05,0.030064430140573396,0.4661632076660682,-0.2606540671771504,1.3218847866691472,-1.1843584349504868e-09,0.814
3720.7480000033975,2.5239302858432008e-05,0.030069744197931448,0.4675439866239377,-0.26132745321987416,1.3218847866691472,-1.2468515182486738e-09,0.814
3720.7489999979734,2.5185855782116904e-05,0.029999983198920027,0.4378262732218947,-0.2443405165516689,1.3218847866691472,-1.1387063646007856e-09,0.814
3720.747999999672,2.5078960333728998e-05,0.0299169381034201,0.5036338184682023,-0.2682851740110677,1.3218847866691472,-1.2629416683692153e-09,0.814
3720.747999999672,2.5202653519875823e-05,0.030040563973916443,0.47087089550592864,-0.24720186824150184,1.3218847866691472,-1.1098912543933698e-09,0.814
3720.747999999672,2.5211815427062187e-05,0.0300450602455926,0.47100095206153725,-0.2536288417343818,1.3218847866691472,-1.1630281121748608e-09,0.814
3720.747999999672,2.5227086090156635e-05,0.030058813317636407,0.4702072740291152,-0.2545691523539684,1.3218847866691472,-1.181738810651014e-09,0.814
3720.747999999672,2.517058246170591e-05,0.030014361481818845,0.4800744450675847,-0.25462811522305584,1.3218847866691472,-1.1663957501951957e-09,0.814
3720.7490000016987,2.5149207323548204e-05,0.029960979327419618,0.45565724656091033,-0.2679285619582718,1.3218847866691472,-1.2704260075951849e-09,0.813
3720.710000000894,2.6526967760781434e-05,0.03162263315126296,0.3762655957713523,-0.05132175524119931,1.3218847866691472,3.5671662345754434e-11,0.814
3720.7239999994636,2.5347900540752296e-05,0.03018008783308793,0.4424170314890432,-0.2537641398304494,1.3649917740667208,-1.1483879213097984e-09,0.814
3720.7489999979734,2.5204180681371826e-05,0.03003719132847185,0.4649297833128663,-0.26380022441041967,1.3218847866691472,-1.2240235002029967e-09,0.814
3720.747999999672,2.5179748603015244e-05,0.02998398430022482,0.453443843044826,-0.2631228498977497,1.3218847866691472,-1.206061959754369e-09,0.814
3720.747999999672,2.5216397737008975e-05,0.030044171110914918,0.4641507558207283,-0.24804931213597067,1.3218847866691472,-1.1207431272820203e-09,0.814
3720.747999999672,2.5297329278042267e-05,0.03010947766337519,0.4375268053080008,-0.24290331711846957,1.3218847866691472,-1.1233624275617075e-09,0.813
3720.7490000016987,2.524235872440166e-05,0.030067062141261015,0.453036619633858,-0.23562628088201168,1.3218847866691472,-1.061993991769237e-09,0.813
3720.7489999979734,2.527442537202606e-05,0.03009405618626268,0.44147779153941036,-0.23407297809870936,1.3218847866691472,-1.0713487446878844e-09,0.813
3720.747999999672,2.5246937681185802e-05,0.030059064839616297,0.44188209471072826,-0.2286728885137273,1.3218847866691472,-1.036921175016438e-09,0.813
3720.7489999979734,2.534925157943151e-05,0.030185448320715392,0.4588726270177137,-0.23506325138727338,1.3218847866691472,-1.0320574319920347e-09,0.813
3720.7490000016987,2.5352305781261078e-05,0.0301805721530237,0.4535335392503623,-0.22818551887927338,1.3218847866691472,-1.0006237258343435e-09,0.812
3720.7490000016987,2.524846284441352e-05,0.030069744197931444,0.45421335346792846,-0.2243174791369764,1.3218847866691472,-9.819131567049957e-10,0.812
3720.747999999672,2.531413008046704e-05,0.030139979209916398,0.4406711796682421,-0.2277012626117404,1.3218847866691472,-1.0092310415995852e-09,0.812
3720.747999999672,2.5327874130817938e-05,0.030143741660423006,0.4377391038838705,-0.22434588017163987,1.3218847866691472,-9.849070971670906e-10,0.812
3720.7490000016987,2.5399645789388052e-05,0.030250016662218816,0.43278936073655583,-0.23405671807369768,1.3218847866691472,-1.0593752466488023e-09,0.812
3720.7490000016987,2.5350779333439914e-05,0.03019090802575097,0.4471522809859425,-0.22909749054380268,1.3218847866691472,-1.0309350113486517e-09,0.812
3720.747999999672,2.5318710203592964e-05,0.03015444117506814,0.4443123089408654,-0.2314615652473569,1.3218847866691472,-1.0657345918117195e-09,0.812
3720.7480000033975,2.536910221224476e-05,0.030175411240750086,0.4311269270343976,-0.22178482978442088,1.3218847866691472,-1.010727415337386e-09,0.812
3720.747999999672,2.5317185124846186e-05,0.030153354678826304,0.43780253859372475,-0.20956678931808068,1.3218847866691472,-9.179246002965187e-10,0.812
3720.747999999672,2.5279006235931564e-05,0.030094206922970726,0.4402344753587597,-0.2308833149039112,1.3218847866691472,-1.046277088332321e-09,0.812
3720.747999999672,2.5425604529376422e-05,0.03022389569476015,0.4142094816460844,-0.21095660757825882,1.3218847866691472,-9.63203057357951e-10,0.811
3720.747999999672,2.53187105167709e-05,0.030157048606340133,0.46374253974185464,-0.23025646793379934,1.3218847866691472,-1.0350525145370487e-09,0.811
3720.7480000033975,2.5254571939566175e-05,0.030059081607673493,0.45717859561002383,-0.23390137126486427,1.3218847866691472,-1.0238243636441908e-09,0.811
3720.747999999672,2.5407281333788316e-05,0.030231832721113995,0.4412776542198209,-0.22098208288551274,1.3218847866691472,-9.639513444929665e-10,0.811
3720.747999999672,2.538437315209623e-05,0.030223612190983514,0.4501420688606914,-0.22735118373325555,1.3218847866691472,-1.0219533943226016e-09,0.811
3720.7490000016987,2.5503484111448923e-05,0.030303288839928392,0.41292688124524934,-0.2103350728806186,1.3218847866691472,-9.089439821368748e-10,0.811
3720.747999999672,2.5317181887840742e-05,0.03012459007886009,0.43527256767135825,-0.22906362396620278,1.3218847866691472,-1.0159664916614579e-09,0.811
3720.747999999672,2.5407279348274587e-05,0.030241767741470277,0.43918729353181973,-0.21835189404362776,1.3218847866691472,-9.62456238874668e-10,0.811
3720.7490000016987,2.5431712211999494e-05,0.030260162249314503,0.43090864670201334,-0.21030706400454988,1.3218847866691472,-9.265310914036963e-10,0.811
3720.7180000022054,2.5465432072840852e-05,0.030319734337928825,0.43854388830079216,-0.2156307869163439,1.3218847866691472,-9.459792772863804e-10,0.811
3720.7489999979734,2.5428657417918357e-05,0.03028546974077427,0.4497564271084662,-0.2128539515431806,1.3218847866691472,-9.422487633320605e-10,0.81
3720.7489999979734,2.5457673852711105e-05,0.030298631263666217,0.44253205864994083,-0.2088947779409647,1.3218847866691472,-9.052015939030693e-10,0.81
3720.747999999672,2.5479053727027053e-05,0.030312069750854098,0.4343833601303082,-0.20268116980523865,1.3218847866691472,-8.692786316848362e-10,0.81
3720.747999999672,2.5404224176740538e-05,0.03027401739168849,0.45150051563139115,-0.2002470786658892,1.3218847866691472,-8.49446179738009e-10,0.81
3720.747999999672,2.5436294212028833e-05,0.030248150436658256,0.42428232869333815,-0.21771795645575664,1.3218847866691472,-9.583382624630324e-10,0.81
3720.747999999672,2.5430186194474073e-05,0.03028811581590077,0.44399389271680345,-0.1973184946690779,1.3218847866691472,-8.445812222580277e-10,0.81
3720.7480000033975,2.550501221177485e-05,0.030386687980950004,0.45981639759338266,-0.20037997712729486,1.3218847866691472,-8.486967274894216e-10,0.81
3720.747999999672,2.539659144825054e-05,0.03023975099637198,0.42474737727114675,-0.2007115405913436,1.3218847866691472,-8.400904979821702e-10,0.81
3720.747999999672,2.5361468094400724e-05,0.03021402152600996,0.4357231860787656,-0.20296039311123634,1.3218847866691472,-8.546849264875479e-10,0.81
3720.747999999672,2.543782036427012e-05,0.030291859866861053,0.4394690740203395,-0.18750025390255778,1.3218847866691472,-7.678678023717589e-10,0.81
3720.7489999979734,2.54591992505505e-05,0.03032292595891228,0.44582003632528977,-0.20225329711046666,1.3218847866691472,-8.180130941369586e-10,0.81
3720.747999999672,2.549585028662447e-05,0.030384631089608632,0.45899109508487523,-0.1938528308326095,1.3218847866691472,-7.873272585089458e-10,0.809
3720.747999999672,2.548363169553837e-05,0.03033336287367105,0.43891427691636187,-0.19575048882402635,1.3218847866691472,-7.753532729869758e-10,0.81
3720.7489999979734,2.5456145069257227e-05,0.030335689084938607,0.4538584739453233,-0.21511186518318595,1.3218847866691472,-9.310218732338383e-10,0.81
3720.7490000016987,2.5611904762369604e-05,0.030478376787698214,0.4343357483612236,-0.19282068988018514,1.3218847866691472,-8.292383020866046e-10,0.809
3720.747999999672,2.5465307815727047e-05,0.030302174413621666,0.4451724841135727,-0.194164413254334,1.3218847866691472,-7.723590774417716e-10,0.809
3720.752999998629,2.550955572207155e-05,0.03035513919925999,0.4395144603197303,-0.19862930073281587,1.3218847866691472,-8.056735117892213e-10,0.809
3720.747999999672,2.546683290865381e-05,0.030303022711998057,0.44383883629457577,-0.19082860574488222,1.3218847866691472,-7.375577132109472e-10,0.809
3720.747999999672,2.5535551613038597e-05,0.030405260050025487,0.44187334208171425,-0.21520465498177774,1.3218847866691472,-9.078221350613237e-10,0.809
3720.6909999996424,2.907713322415534e-05,0.03512040062873113,0.4971882131773677,0.31822427732006786,1.2700599575900715,2.4104282716913224e-09,0.808
3720.7390000000596,2.4294095659056517e-05,0.028811102670615926,0.3421051500471406,-0.011578370063179065,1.3790036808075534,2.9972547622184483e-10,0.809
3720.747999999672,2.555540309224901e-05,0.030437518629523357,0.44748328600766296,-0.2080220704714169,1.3218847866691472,-8.999632228338865e-10,0.809
3720.747999999672,2.5569148233088082e-05,0.030440581996047072,0.4395474303608391,-0.18583498280358254,1.3218847866691472,-7.439208141812791e-10,0.809
3720.7489999979734,2.5520283318286058e-05,0.03037553928898671,0.4287425975321413,-0.21153427626287452,1.3218847866691472,-9.063244432101235e-10,0.809
3720.747999999672,2.5679097126823127e-05,0.030560094156247462,0.4206007265441709,-0.19274502793204365,1.3218847866691472,-7.948109140077015e-10,0.809
3720.7480000033975,2.5559985250520675e-05,0.03043634287725671,0.43091231385599604,-0.21192746064561055,1.3218847866691472,-8.980918230816356e-10,0.808
3720.747999999672,2.553555365646203e-05,0.030385427322129045,0.4190538976554401,-0.19999574368166034,1.3218847866691472,-8.157655091266016e-10,0.808
3720.747999999672,2.552333546396853e-05,0.030370560873021996,0.4248059417512944,-0.2016953851490219,1.3218847866691472,-8.382171169183713e-10,0.808
3720.747999999672,2.5642446782964452e-05,0.030471297970385183,0.40730281126133505,-0.1880637648042383,1.3218847866691472,-7.686164987016325e-10,0.808
3720.747999999672,2.5595107966508395e-05,0.03046903173980573,0.4389984571665835,-0.1992471222110982,1.3218847866691472,-8.288631424545469e-10,0.808
3720.747999999672,2.5532498092255733e-05,0.030371623003569735,0.41666163747045903,-0.1818403004983769,1.3218847866691472,-7.47661360182315e-10,0.808
3720.747999999672,2.5506538427744392e-05,0.03036085061390737,0.4233027246856045,-0.18070009001656068,1.3218847866691472,-7.180993162533279e-10,0.808
3720.747999999672,2.552791632969857e-05,0.030413265754781527,0.4493061997324119,-0.19391851456251097,1.3218847866691472,-7.779718911974522e-10,0.808
3720.747999999672,2.5659244309878005e-05,0.030522317984735182,0.421002458049724,-0.1913080779314573,1.3218847866691472,-7.877013716814567e-10,0.808
3720.747999999672,2.5573730167011127e-05,0.030442552322948912,0.4377165816967361,-0.18252719304844395,1.3218847866691472,-7.128610443630382e-10,0.808
3720.7159999981523,2.5603056295647403e-05,0.03046249677353151,0.42827027586301813,-0.18018315346137384,1.3218847866691472,-7.148413674414568e-10,0.807
3720.747999999672,2.558289288539073e-05,0.03044467152382411,0.4366814478334775,-0.18253069027158714,1.3218847866691472,-7.195973589792049e-10,0.808
3720.747999999672,2.5657716964088913e-05,0.030518106735341152,0.42036029970785016,-0.18135307526173042,1.3218847866691472,-7.26706113068629e-10,0.808
3720.717000000179,2.5644044014070658e-05,0.03052667725438761,0.44352978815552113,-0.1874295885112432,1.3218847866691472,-7.413029376656399e-10,0.807
3720.747999999672,2.5650081834500663e-05,0.030515711844144096,0.42069798455186325,-0.17818832430356452,1.3218847866691472,-7.031299576496956e-10,0.807
3720.7480000033975,2.5718802258333716e-05,0.030586142234256854,0.4236756641778934,-0.18656787684402726,1.3218847866691472,-7.529005251410298e-10,0.807
3720.7289999984205,2.567451494250024e-05,0.03052311062552541,0.41709431808976705,-0.17806989427700418,1.3218847866691472,-7.061352852114601e-10,0.807
3720.747999999672,2.5672988752595628e-05,0.03054636877210265,0.43415020858849074,-0.18505448003024744,1.3218847866691472,-7.431708390098248e-10,0.807
3720.747999999672,2.570811124417861e-05,0.030582631983402855,0.42452462198891183,-0.18340219457708143,1.3218847866691472,-7.25582903438831e-10,0.807
3720.747999999672,2.5708109776528937e-05,0.030582631983402855,0.42452462198891183,-0.18340219457708143,1.3218847866691472,-7.255832523775819e-10,0.807
3720.747999999672,2.5752393255993806e-05,0.030621453053321476,0.40928084778456375,-0.17677850723983402,1.3218847866691472,-6.817998924785595e-10,0.807
3720.747999999672,2.571574523015154e-05,0.030585417145029773,0.4223213906444623,-0.18010831942253358,1.3218847866691472,-6.960207623950707e-10,0.807
3720.747999999672,2.5715744959069655e-05,0.030585417145029773,0.4223213906444623,-0.18010831942253358,1.3218847866691472,-6.960208568880945e-10,0.807
3720.7480000033975,2.5750868045816687e-05,0.030619790537830954,0.410917633659317,-0.18006408827600734,1.3218847866691472,-7.136099828293394e-10,0.806
3720.747999999672,2.569894955086162e-05,0.030578676288361212,0.4247387534821696,-0.1771042246111677,1.3218847866691472,-6.754388846770955e-10,0.806
3720.747999999672,2.567146140350144e-05,0.030522450092962995,0.41578463155001844,-0.17159541479344123,1.3218847866691472,-6.492458082201567e-10,0.806
3720.747999999672,2.578751888584214e-05,0.030677021320473268,0.4267601034006856,-0.17166259495019798,1.3218847866691472,-6.582268848265641e-10,0.806
3720.747999999672,2.57539242900707e-05,0.03063006047722901,0.41493847836651643,-0.17613634541701179,1.3218847866691472,-6.694529953640726e-10,0.806
3720.7489999979734,2.5691314552938596e-05,0.03057717628685514,0.42465542277856283,-0.1738673170243425,1.3218847866691472,-6.45877512608668e-10,0.806
3720.7489999979734,2.5750868276206528e-05,0.03062202915149216,0.4081872169608194,-0.17350434306304285,1.3218847866691472,-6.499938065147388e-10,0.806
3720.747999999672,2.5799735897577997e-05,0.030696337256548023,0.4255865124659728,-0.1611282370710813,1.3218847866691472,-5.796435445971287e-10,0.806
3720.747999999672,2.567756954298399e-05,0.030543580049792164,0.43245902749613174,-0.17843505668351248,1.3218847866691472,-6.694518830955164e-10,0.805
3720.747999999672,2.5807371250271057e-05,0.030709289862694087,0.43649586658778006,-0.15965246575573863,1.3218847866691472,-5.912431636937717e-10,0.805
3720.747999999672,2.5692840104684404e-05,0.03057880815310684,0.4230571431364947,-0.17057835764327772,1.3218847866691472,-6.140696061553211e-10,0.805
3720.747999999672,2.5772248776799677e-05,0.030658745397599614,0.4293689582739528,-0.16243194526112603,1.3218847866691472,-6.125726741230789e-10,0.805
3720.747999999672,2.592342664702971e-05,0.030820434674877398,0.4054516146236522,-0.15280390444332193,1.3218847866691472,-5.455901377645511e-10,0.805
3720.747999999672,2.5837912621224756e-05,0.030728519903891693,0.4128233553673768,-0.1547707206059291,1.3218847866691472,-5.134092538016416e-10,0.805
3720.747999999672,2.5778354712401998e-05,0.030649274448077,0.40579562272524194,-0.15035058650260893,1.3218847866691472,-5.197716328572113e-10,0.805
3720.747999999672,2.5880667544818538e-05,0.0307851556184407,0.4150841175184361,-0.14331631892129046,1.3218847866691472,-4.550335603256414e-10,0.805
3720.7489999979734,2.5851655479788293e-05,0.030747131389930914,0.42061938792830844,-0.1469466922262671,1.3218847866691472,-5.137835891377647e-10,0.805
3720.747999999672,2.5822642144683928e-05,0.030721433098293123,0.41272624110618006,-0.14700421609835315,1.3218847866691472,-4.782347279040058e-10,0.805
3720.747999999672,2.580584243274737e-05,0.030732439911325352,0.42769247132397537,-0.14703350861635084,1.3218847866691472,-5.010615916761859e-10,0.805
3720.747999999672,2.5947859713441612e-05,0.030836718791182202,0.3940756711911586,-0.13407542013609278,1.3218847866691472,-4.093802046467858e-10,0.805
3720.747999999672,2.5905103796992916e-05,0.030793733652450514,0.4002761726183226,-0.13470633226030143,1.3218847866691472,-4.1162651198664047e-10,0.804
3720.747999999672,2.592342633158061e-05,0.030780636456141677,0.38646814813288,-0.13106077779637787,1.3218847866691472,-3.9441194057838164e-10,0.804
3720.747999999672,2.5837910999959124e-05,0.03074452482071581,0.42120589982684464,-0.14370367339449902,1.3218847866691472,-4.789823377467784e-10,0.804
3720.747999999672,2.5949386666358967e-05,0.030837879278366325,0.3898914991007483,-0.12319544471258959,1.3218847866691472,-3.63352189904732e-10,0.804
3720.747999999672,2.597840099694951e-05,0.03089048031665331,0.42377774485854847,-0.13497181560052415,1.3218847866691472,-3.8767551471112286e-10,0.804
3720.7490000016987,2.592495542197094e-05,0.030800198339327848,0.39540265925300755,-0.1251717002345898,1.3218847866691472,-3.46888272354687e-10,0.804
3720.7490000016987,2.580278765763489e-05,0.030685826690467648,0.4132637886961974,-0.13818745311815595,1.3218847866691472,-4.1948459561178633e-10,0.804
3720.747999999672,2.5889829635204857e-05,0.03076628863104926,0.40643752058692506,-0.12512802104449133,1.3218847866691472,-3.2930089872041215e-10,0.804
3720.7480000033975,2.5970764907940407e-05,0.030845854403322437,0.38498510012475773,-0.11673639405266246,1.3218847866691472,-3.117120581140445e-10,0.804
3720.7489999979734,2.5947860615157464e-05,0.030830899351765716,0.38993918794535043,-0.10813759333872053,1.3218847866691472,-2.552093363935973e-10,0.804
3720.7489999979734,2.5949388266237932e-05,0.03086258239252642,0.42588652760022105,-0.14044237104413754,1.3218847866691472,-4.3445174012617403e-10,0.803
3720.747999999672,2.5970766233499044e-05,0.030845854403322437,0.38498510012475773,-0.11673639405266246,1.3218847866691472,-3.117116355145023e-10,0.804
3720.7490000016987,2.6010470752078025e-05,0.03091688584972877,0.41318431003007206,-0.13363014869088632,1.3218847866691472,-3.970320602497166e-10,0.803
3720.7490000016987,2.6030322505958516e-05,0.03088421404891751,0.3708731073034155,-0.11683345438153715,1.3218847866691472,-3.023575441927548e-10,0.803
3720.747999999672,2.5941750625545398e-05,0.030830899351765716,0.3922921289222665,-0.11949456708361239,1.3218847866691472,-3.128344802826126e-10,0.803
3720.747999999672,2.5995197604025127e-05,0.030871334835347302,0.3775257680841211,-0.1201780099189976,1.3218847866691472,-3.2967474125337444e-10,0.803
3720.747999999672,2.597382120917367e-05,0.030850037250983914,0.3838783117408484,-0.11183099327486858,1.3218847866691472,-2.413628814339415e-10,0.803
3720.747999999672,2.597534830146406e-05,0.0308482236640265,0.38331251893135043,-0.11347234696906948,1.3218847866691472,-2.7840956446001334e-10,0.803
3720.732999999076,2.5943290905477213e-05,0.030836048630803664,0.39261965644045294,-0.12454184784304462,1.3218847866691472,-3.3491565226800023e-10,0.803
3720.747999999672,2.6147905951728677e-05,0.031069235250199796,0.40937609911934647,-0.11307963757377379,1.3218847866691472,-2.7279476494462034e-10,0.803
3720.747999999672,2.6001307145857312e-05,0.03087407762759622,0.3751590414973709,-0.11379354198944053,1.3218847866691472,-2.8177706667378233e-10,0.803
3720.747999999672,2.6001308601696013e-05,0.03087407762759622,0.3751590414973709,-0.11379354198944053,1.3218847866691472,-2.817767634630308e-10,0.803
3720.747999999672,2.600894222182571e-05,0.030876183534844753,0.37578570598485417,-0.12328382193922928,1.3218847866691472,-3.539982747588161e-10,0.803
3720.747999999672,2.6176920282982074e-05,0.031105893539701217,0.3989520731697116,-0.1051483618747235,1.3218847866691472,-1.9683043743249352e-10,0.802
3720.747999999672,2.6053229508061857e-05,0.030950777128187074,0.3993755161777246,-0.12419632647420915,1.3218847866691472,-3.087181166498153e-10,0.802
3720.747999999672,2.599672816153676e-05,0.03089883336350749,0.41740144451023387,-0.12209913860548822,1.3218847866691472,-2.7915589915457983e-10,0.802
3720.747999999672,2.59371716938561e-05,0.030830817610243928,0.3948495662990519,-0.12424927307868892,1.3218847866691472,-3.251846670276092e-10,0.802
3720.747999999672,2.6135689561545928e-05,0.031054306620457973,0.40250768564913475,-0.11096312120658695,1.3218847866691472,-2.331283502503826e-10,0.802
3720.747999999672,2.6111255497825822e-05,0.031020008501277924,0.41126468980033115,-0.11571823275085637,1.3218847866691472,-2.78033739561381e-10,0.802
3720.7489999979734,2.6176921558920627e-05,0.031105893539701217,0.3989520731697116,-0.1051483618747235,1.3218847866691472,-1.9683210428894133e-10,0.802
3720.747999999672,2.60852976357076e-05,0.030961995434569796,0.3946024207388481,-0.12722048037974573,1.3218847866691472,-3.307978617514097e-10,0.802
3720.747999999672,2.6146379124075605e-05,0.03105711439974278,0.4016827755955603,-0.11412714567415438,1.3218847866691472,-2.6044559865974847e-10,0.802
3720.747999999672,2.618455445981607e-05,0.031109312343993226,0.3968530510000363,-0.10193713327882811,1.3218847866691472,-1.6726889003001337e-10,0.802
3720.747999999672,2.6140268910497365e-05,0.031034580088835154,0.37280582398844064,-0.09473147139648158,1.3218847866691472,-1.661457896038544e-10,0.801
3720.747999999672,2.6140269187225536e-05,0.031034580088835154,0.37280582398844064,-0.09473147139648158,1.3218847866691472,-1.6614685134968485e-10,0.801
3720.72500000149,2.613745170959579e-05,0.031035294684101728,0.3716304268591957,-0.08834434724858846,1.3218847866691472,-1.0920675199433283e-10,0.801
3720.7509999983013,2.6212015564099674e-05,0.0311262873810712,0.3909277033708194,-0.1093879086279303,1.3218847866691472,-2.5706781812125174e-10,0.801
3720.747999999672,2.6129582036126896e-05,0.03103183524039623,0.3736801261632974,-0.09155820358685254,1.3218847866691472,-1.388300942862891e-10,0.801
3720.747999999672,2.6099039193115098e-05,0.03101545855464399,0.38193439144725705,-0.09751609656994797,1.3218847866691472,-1.7475322504102341e-10,0.801
3720.7489999979734,2.615248688671109e-05,0.031065941832422936,0.3723300071461799,-0.09371381865050823,1.3218847866691472,-1.4444385611459535e-10,0.801
3720.7490000016987,2.6135689278001473e-05,0.03103209511810886,0.37442607507748216,-0.09795693000880988,1.3218847866691472,-1.9720647277166073e-10,0.801
3720.7489999979734,2.6178447813745943e-05,0.0310798756328728,0.36570820184191755,-0.09099145354410472,1.3218847866691472,-1.395787304326039e-10,0.801
3720.7489999979734,2.61387423834196e-05,0.031049891563885244,0.3705975908000574,-0.10386914560940196,1.3218847866691472,-1.9046961211563936e-10,0.801
3720.747999999672,2.620898703118931e-05,0.031144159474207015,0.37025272775518037,-0.09144158758341817,1.3218847866691472,-9.766740845319755e-11,0.801
3720.747999999672,2.625327232513881e-05,0.031136535950033736,0.34583527008463477,-0.09566719080693725,1.3218847866691472,-1.52674922171664e-10,0.8
3720.747999999672,2.6085294960994026e-05,0.03100572267678466,0.3933150401172085,-0.09482609705062062,1.3218847866691472,-1.1750021942864451e-10,0.8
3720.747999999672,2.6179974877237304e-05,0.031101032033493455,0.37750597735098124,-0.10141285509187827,1.3218847866691472,-1.796180350643666e-10,0.8
3720.7340000011027,2.6308388312764565e-05,0.031232478959177794,0.3735486988570722,-0.08045829225163689,1.3218847866691472,-6.956434137991053e-11,0.8
3720.747999999672,2.6239528765758566e-05,0.03117870900408306,0.3636391743019223,-0.09929119523181426,1.3218847866691472,-1.5978481114262931e-10,0.8
3720.7489999979734,2.615706622470166e-05,0.031104256917455796,0.3975338182013477,-0.07658606949134346,1.3218847866691472,-2.2826122232481946e-11,0.8
3720.7490000016987,2.614332431053764e-05,0.031096558776525993,0.3900639578472438,-0.10995591817622848,1.3218847866691472,-2.073093140588925e-10,0.8
3720.747999999672,2.6270069024876246e-05,0.031207794079209157,0.37580687218424247,-0.07973626128889941,1.3218847866691472,-5.276251996388131e-11,0.8
3720.747999999672,2.620440789122315e-05,0.031156149395605515,0.3927073667304479,-0.08736133132288411,1.3218847866691472,-1.0477703263085499e-10,0.8
3720.7489999979734,2.6189136392408943e-05,0.03111969607613429,0.39003158173396457,-0.07347205622752852,1.3218847866691472,-2.99381912040434e-12,0.8
3720.747999999672,2.6192189400751236e-05,0.031153043138258472,0.39416695187027795,-0.08731704868375649,1.3218847866691472,-9.729288950271345e-11,0.8
3720.747999999672,2.6273124673773008e-05,0.031214124568545002,0.3740866528341744,-0.08488235041190767,1.3218847866691472,-6.847907031971758e-11,0.8
3720.747999999672,2.629450261840976e-05,0.03126046598934454,0.38610516355507096,-0.09112507095486629,1.3218847866691472,-1.0889325415153683e-10,0.799
3720.7490000016987,2.6251746046576465e-05,0.03119745582575604,0.38052114880881627,-0.07968594625377651,1.3218847866691472,-4.827320299206286e-11,0.799
3720.7490000016987,2.6173867435334816e-05,0.031099994813815562,0.3860912193187742,-0.07750244633647596,1.3218847866691472,-8.232772942347878e-12,0.799
3720.747999999672,2.627312381736811e-05,0.031214124568545002,0.3740866528341744,-0.08488235041190767,1.3218847866691472,-6.847927977732322e-11,0.799
3720.747999999672,2.625632760854985e-05,0.031202512305799155,0.3778091740725169,-0.07632053956371519,1.3218847866691472,-8.233207194029194e-12,0.799
3600.6840000003576,2.540840722000822e-05,0.029365732351827004,0.4967143975606483,-0.2465295509948125,1.342204449604031,-1.2280750169953368e-09,0.799
3600.724000003189,2.5408196425069354e-05,0.029365732351827004,0.4967143975606483,-0.2465295509948125,1.342204449604031,-1.22798567801131e-09,0.799
3600.7239999994636,2.544515192413444e-05,0.029429631764710387,0.5110446984375541,-0.23722145166838807,1.342204449604031,-1.1924486536096718e-09,0.799
3600.7239999994636,2.5455228888340284e-05,0.029433175634935964,0.5104010839815607,-0.2406086392856651,1.342204449604031,-1.2235990697454788e-09,0.799
3600.7239999994636,2.5472029224763667e-05,0.0294218849129004,0.48672962159556965,-0.2297249688179133,1.342204449604031,-1.1319056275217405e-09,0.799
3600.7239999994636,2.5414914517301403e-05,0.02938718175689704,0.486924262929223,-0.23626503615965483,1.342204449604031,-1.16393301735631e-09,0.799
3600.7239999994636,2.5424994512311342e-05,0.029383156611792367,0.49146371974043035,-0.251701821099746,1.342204449604031,-1.25562576860853e-09,0.799
3600.7239999994636,2.5414914159860306e-05,0.029367453274466215,0.4934255851753213,-0.23986069100948898,1.342204449604031,-1.1902552333484832e-09,0.798
3600.7239999994636,2.5438431366449846e-05,0.02938637677198306,0.48854234060611157,-0.24813348638293906,1.342204449604031,-1.2275464690123397e-09,0.798
3600.7239999994636,2.5482104038240782e-05,0.029441686487458655,0.5025352828964804,-0.23019610953568526,1.342204449604031,-1.1507711147856325e-09,0.798
3600.7239999994636,2.5498903892070176e-05,0.029443695128086384,0.5002472017968174,-0.22691736415902375,1.342204449604031,-1.1371714427323557e-09,0.798
3600.7239999994636,2.5472026597994274e-05,0.02944508283611722,0.5018559284333017,-0.22875872415758314,1.342204449604031,-1.1099683861975826e-09,0.798
3600.7239999994636,2.549890203951429e-05,0.029480155526938313,0.5036677142902564,-0.22047483153380834,1.342204449604031,-1.0818911133584485e-09,0.798
3600.7239999994636,2.5572813403484235e-05,0.029540422460414866,0.4825752251600304,-0.22090921411184117,1.342204449604031,-1.0739932898421918e-09,0.798
3600.7239999994636,2.5472026978745348e-05,0.029445301941933143,0.5029035627592635,-0.23229144406825156,1.342204449604031,-1.1485789111628403e-09,0.798
3600.7239999994636,2.5596329666951165e-05,0.02954846574624455,0.47956566194129246,-0.22374448898152882,1.342204449604031,-1.0814525339784152e-09,0.798
3600.7239999994636,2.5592969333793664e-05,0.029549593814867478,0.4790748728688463,-0.22392922001197793,1.342204449604031,-1.0932972532294631e-09,0.797
3600.7239999994636,2.5559375473154484e-05,0.029544171413599146,0.49594598896478814,-0.21695828430355,1.342204449604031,-1.0450388574543027e-09,0.797
3600.7239999994636,2.565008323789902e-05,0.029614040552573374,0.46600247053758714,-0.22747779773601703,1.342204449604031,-1.1033883912303355e-09,0.797
3600.7239999994636,2.550562253905369e-05,0.029478550612887292,0.49451230760563014,-0.2199022761182177,1.342204449604031,-1.0485478737661261e-09,0.797
3845.7639999985695,2.7030490567218795e-05,0.03192606087658228,0.2632158675357599,-0.3441125043917666,4.7021025326096675,-2.098557190629831e-09,0.843
3845.7639999985695,2.7030490567218795e-05,0.03192606087658228,0.2632158675357599,-0.3441125043917666,4.7021025326096675,-2.098557190629831e-09,0.843
4066.095000002533,2.8182749882505103e-05,0.034980333786724334,0.061069814496637065,-0.3851806908897133,4.827618530186081,-2.6705872266914263e-09,0.846
